"ID","Description","GeneRatio","BgRatio","RichFactor","FoldEnrichment","zScore","pvalue","p.adjust","qvalue","geneID","Count","contributing_genes"
"GO:0032506","cytokinetic process","3/38","13/1871",0.230769230769231,11.3623481781377,5.39682543979772,0.00192227970162684,0.64558230648142,0.63525670536497,"ALKBH4/ARF1/RAB11A",3,"ALKBH4;ARF1;RAB11A"
"GO:0007268","chemical synaptic transmission","5/38","57/1871",0.087719298245614,4.31902123730379,3.6631962580782,0.00511011334859532,0.64558230648142,0.63525670536497,"FCHSD2/ARF1/ZMYND8/GIT1/RAB11A",5,"FCHSD2;ARF1;ZMYND8;GIT1;RAB11A"
"GO:0098916","anterograde trans-synaptic signaling","5/38","57/1871",0.087719298245614,4.31902123730379,3.6631962580782,0.00511011334859532,0.64558230648142,0.63525670536497,"FCHSD2/ARF1/ZMYND8/GIT1/RAB11A",5,"FCHSD2;ARF1;ZMYND8;GIT1;RAB11A"
"GO:0099537","trans-synaptic signaling","5/38","57/1871",0.087719298245614,4.31902123730379,3.6631962580782,0.00511011334859532,0.64558230648142,0.63525670536497,"FCHSD2/ARF1/ZMYND8/GIT1/RAB11A",5,"FCHSD2;ARF1;ZMYND8;GIT1;RAB11A"
"GO:0000910","cytokinesis","4/38","36/1871",0.111111111111111,5.47076023391813,3.89893472628542,0.00534921745323185,0.64558230648142,0.63525670536497,"ALKBH4/ARF1/GIT1/RAB11A",4,"ALKBH4;ARF1;GIT1;RAB11A"
"GO:0050804","modulation of chemical synaptic transmission","4/38","37/1871",0.108108108108108,5.32290184921764,3.82303206429843,0.00591084206208333,0.64558230648142,0.63525670536497,"ARF1/ZMYND8/GIT1/RAB11A",4,"ARF1;ZMYND8;GIT1;RAB11A"
"GO:0099177","regulation of trans-synaptic signaling","4/38","37/1871",0.108108108108108,5.32290184921764,3.82303206429843,0.00591084206208333,0.64558230648142,0.63525670536497,"ARF1/ZMYND8/GIT1/RAB11A",4,"ARF1;ZMYND8;GIT1;RAB11A"
"GO:0099536","synaptic signaling","5/38","61/1871",0.0819672131147541,4.0358067299396,3.47001313374049,0.00684245655900631,0.64558230648142,0.63525670536497,"FCHSD2/ARF1/ZMYND8/GIT1/RAB11A",5,"FCHSD2;ARF1;ZMYND8;GIT1;RAB11A"
"GO:0042552","myelination","3/38","20/1871",0.15,7.38552631578947,4.13275687083383,0.00694453810668534,0.64558230648142,0.63525670536497,"SOS1/PRX/RARG",3,"SOS1;PRX;RARG"
"GO:0007272","ensheathment of neurons","3/38","21/1871",0.142857142857143,7.03383458646617,4.00265862856977,0.00798919549104109,0.64558230648142,0.63525670536497,"SOS1/PRX/RARG",3,"SOS1;PRX;RARG"
"GO:0008366","axon ensheathment","3/38","21/1871",0.142857142857143,7.03383458646617,4.00265862856977,0.00798919549104109,0.64558230648142,0.63525670536497,"SOS1/PRX/RARG",3,"SOS1;PRX;RARG"
"GO:0031175","neuron projection development","6/38","94/1871",0.0638297872340425,3.1427771556551,3.06851739558317,0.0102554893329254,0.64558230648142,0.63525670536497,"SOS1/BMPR2/KREMEN1/ZMYND8/GIT1/RAB11A",6,"SOS1;BMPR2;KREMEN1;ZMYND8;GIT1;RAB11A"
"GO:0032535","regulation of cellular component size","4/38","44/1871",0.0909090909090909,4.47607655502392,3.3587506708625,0.0109724077725621,0.64558230648142,0.63525670536497,"LAMTOR4/BMPR2/FCHSD2/RARG",4,"LAMTOR4;BMPR2;FCHSD2;RARG"
"GO:0048705","skeletal system morphogenesis","3/38","25/1871",0.12,5.90842105263158,3.5565370332899,0.0130637707577013,0.64558230648142,0.63525670536497,"BMPR2/RARG/ANKRD11",3,"BMPR2;RARG;ANKRD11"
"GO:0048736","appendage development","3/38","25/1871",0.12,5.90842105263158,3.5565370332899,0.0130637707577013,0.64558230648142,0.63525670536497,"BMPR2/KREMEN1/RARG",3,"BMPR2;KREMEN1;RARG"
"GO:0060173","limb development","3/38","25/1871",0.12,5.90842105263158,3.5565370332899,0.0130637707577013,0.64558230648142,0.63525670536497,"BMPR2/KREMEN1/RARG",3,"BMPR2;KREMEN1;RARG"
"GO:0061640","cytoskeleton-dependent cytokinesis","3/38","26/1871",0.115384615384615,5.68117408906883,3.45998846012382,0.0145628365485538,0.64558230648142,0.63525670536497,"ALKBH4/ARF1/RAB11A",3,"ALKBH4;ARF1;RAB11A"
"GO:0099173","postsynapse organization","3/38","26/1871",0.115384615384615,5.68117408906883,3.45998846012382,0.0145628365485538,0.64558230648142,0.63525670536497,"ARF1/ZMYND8/GIT1",3,"ARF1;ZMYND8;GIT1"
"GO:0008361","regulation of cell size","3/38","27/1871",0.111111111111111,5.47076023391813,3.3683264231727,0.016156017129347,0.64558230648142,0.63525670536497,"LAMTOR4/BMPR2/RARG",3,"LAMTOR4;BMPR2;RARG"
"GO:0030278","regulation of ossification","2/38","10/1871",0.2,9.84736842105263,4.03805560526224,0.0163145574754597,0.64558230648142,0.63525670536497,"BMPR2/KREMEN1",2,"BMPR2;KREMEN1"
"GO:0060996","dendritic spine development","2/38","10/1871",0.2,9.84736842105263,4.03805560526224,0.0163145574754597,0.64558230648142,0.63525670536497,"ZMYND8/GIT1",2,"ZMYND8;GIT1"
"GO:1903035","negative regulation of response to wounding","2/38","10/1871",0.2,9.84736842105263,4.03805560526224,0.0163145574754597,0.64558230648142,0.63525670536497,"KREMEN1/GIT1",2,"KREMEN1;GIT1"
"GO:0061024","membrane organization","6/38","104/1871",0.0576923076923077,2.84058704453441,2.78026456643755,0.0164595979905817,0.64558230648142,0.63525670536497,"ALKBH4/FCHSD2/PRX/ARF1/TOMM40/ZMYND8",6,"ALKBH4;FCHSD2;PRX;ARF1;TOMM40;ZMYND8"
"GO:0010631","epithelial cell migration","2/38","11/1871",0.181818181818182,8.95215311004785,3.80764080995666,0.0196865266960685,0.64558230648142,0.63525670536497,"BMPR2/RAB11A",2,"BMPR2;RAB11A"
"GO:0060135","maternal process involved in female pregnancy","2/38","11/1871",0.181818181818182,8.95215311004785,3.80764080995666,0.0196865266960685,0.64558230648142,0.63525670536497,"BMPR2/DEDD",2,"BMPR2;DEDD"
"GO:0060350","endochondral bone morphogenesis","2/38","11/1871",0.181818181818182,8.95215311004785,3.80764080995666,0.0196865266960685,0.64558230648142,0.63525670536497,"BMPR2/RARG",2,"BMPR2;RARG"
"GO:0090130","tissue migration","2/38","11/1871",0.181818181818182,8.95215311004785,3.80764080995666,0.0196865266960685,0.64558230648142,0.63525670536497,"BMPR2/RAB11A",2,"BMPR2;RAB11A"
"GO:0090132","epithelium migration","2/38","11/1871",0.181818181818182,8.95215311004785,3.80764080995666,0.0196865266960685,0.64558230648142,0.63525670536497,"BMPR2/RAB11A",2,"BMPR2;RAB11A"
"GO:1902414","protein localization to cell junction","2/38","11/1871",0.181818181818182,8.95215311004785,3.80764080995666,0.0196865266960685,0.64558230648142,0.63525670536497,"GIT1/RAB11A",2,"GIT1;RAB11A"
"GO:0120036","plasma membrane bounded cell projection organization","7/38","143/1871",0.048951048951049,2.4101950680898,2.52584508105698,0.0222048899526444,0.67215246371245,0.661401893010535,"SOS1/BMPR2/KREMEN1/ARF1/ZMYND8/GIT1/RAB11A",7,"SOS1;BMPR2;KREMEN1;ARF1;ZMYND8;GIT1;RAB11A"
"GO:0048666","neuron development","6/38","112/1871",0.0535714285714286,2.63768796992481,2.57299308785039,0.0230273986207482,0.67215246371245,0.661401893010535,"SOS1/BMPR2/KREMEN1/ZMYND8/GIT1/RAB11A",6,"SOS1;BMPR2;KREMEN1;ZMYND8;GIT1;RAB11A"
"GO:0032273","positive regulation of protein polymerization","2/38","12/1871",0.166666666666667,8.20614035087719,3.60483186761075,0.0233239025262995,0.67215246371245,0.661401893010535,"FCHSD2/GIT1",2,"FCHSD2;GIT1"
"GO:0120034","positive regulation of plasma membrane bounded cell projection assembly","2/38","12/1871",0.166666666666667,8.20614035087719,3.60483186761075,0.0233239025262995,0.67215246371245,0.661401893010535,"ZMYND8/RAB11A",2,"ZMYND8;RAB11A"
"GO:0090066","regulation of anatomical structure size","4/38","57/1871",0.0701754385964912,3.45521698984303,2.70981745729028,0.0264387697249968,0.681294137547345,0.670397352680934,"LAMTOR4/BMPR2/FCHSD2/RARG",4,"LAMTOR4;BMPR2;FCHSD2;RARG"
"GO:0003206","cardiac chamber morphogenesis","2/38","13/1871",0.153846153846154,7.5748987854251,3.42427994304806,0.02721510667624,0.681294137547345,0.670397352680934,"SOS1/BMPR2",2,"SOS1;BMPR2"
"GO:0021782","glial cell development","2/38","13/1871",0.153846153846154,7.5748987854251,3.42427994304806,0.02721510667624,0.681294137547345,0.670397352680934,"SOS1/PRX",2,"SOS1;PRX"
"GO:0099072","regulation of postsynaptic membrane neurotransmitter receptor levels","2/38","13/1871",0.153846153846154,7.5748987854251,3.42427994304806,0.02721510667624,0.681294137547345,0.670397352680934,"GIT1/RAB11A",2,"GIT1;RAB11A"
"GO:0030030","cell projection organization","7/38","149/1871",0.0469798657718121,2.31314023313317,2.40502191208184,0.0272231095970548,0.681294137547345,0.670397352680934,"SOS1/BMPR2/KREMEN1/ARF1/ZMYND8/GIT1/RAB11A",7,"SOS1;BMPR2;KREMEN1;ARF1;ZMYND8;GIT1;RAB11A"
"GO:0071806","protein transmembrane transport","2/38","14/1871",0.142857142857143,7.03383458646617,3.26199157616508,0.0313489002488759,0.682580091447175,0.67166273871995,"TOMM40/RAB11A",2,"TOMM40;RAB11A"
"GO:0043010","camera-type eye development","3/38","35/1871",0.0857142857142857,4.2203007518797,2.7683786181684,0.0323406287143443,0.682580091447175,0.67166273871995,"SOS1/BMPR2/RARG",3,"SOS1;BMPR2;RARG"
"GO:0002062","chondrocyte differentiation","2/38","15/1871",0.133333333333333,6.56491228070175,3.11491597224033,0.0357143753054511,0.682580091447175,0.67166273871995,"BMPR2/RARG",2,"BMPR2;RARG"
"GO:0007411","axon guidance","2/38","15/1871",0.133333333333333,6.56491228070175,3.11491597224033,0.0357143753054511,0.682580091447175,0.67166273871995,"SOS1/BMPR2",2,"SOS1;BMPR2"
"GO:0051310","metaphase chromosome alignment","2/38","15/1871",0.133333333333333,6.56491228070175,3.11491597224033,0.0357143753054511,0.682580091447175,0.67166273871995,"KIF22/RAB11A",2,"KIF22;RAB11A"
"GO:0060349","bone morphogenesis","2/38","15/1871",0.133333333333333,6.56491228070175,3.11491597224033,0.0357143753054511,0.682580091447175,0.67166273871995,"BMPR2/RARG",2,"BMPR2;RARG"
"GO:0097485","neuron projection guidance","2/38","15/1871",0.133333333333333,6.56491228070175,3.11491597224033,0.0357143753054511,0.682580091447175,0.67166273871995,"SOS1/BMPR2",2,"SOS1;BMPR2"
"GO:0031503","protein-containing complex localization","2/38","16/1871",0.125,6.15460526315789,2.98067631293303,0.0403009466202795,0.682580091447175,0.67166273871995,"GIT1/RAB11A",2,"GIT1;RAB11A"
"GO:0044089","positive regulation of cellular component biogenesis","4/38","65/1871",0.0615384615384615,3.02995951417004,2.3978198481877,0.0403658099623747,0.682580091447175,0.67166273871995,"FCHSD2/ZMYND8/GIT1/RAB11A",4,"FCHSD2;ZMYND8;GIT1;RAB11A"
"GO:0120035","regulation of plasma membrane bounded cell projection organization","4/38","66/1871",0.0606060606060606,2.98405103668262,2.36220493928971,0.0423542722661276,0.682580091447175,0.67166273871995,"BMPR2/KREMEN1/ZMYND8/RAB11A",4,"BMPR2;KREMEN1;ZMYND8;RAB11A"
"GO:0009144","purine nucleoside triphosphate metabolic process","3/38","39/1871",0.0769230769230769,3.78744939271255,2.53225786840024,0.0427220255659326,0.682580091447175,0.67166273871995,"GTPBP1/IMPDH2/GIT1",3,"GTPBP1;IMPDH2;GIT1"
"GO:0009205","purine ribonucleoside triphosphate metabolic process","3/38","39/1871",0.0769230769230769,3.78744939271255,2.53225786840024,0.0427220255659326,0.682580091447175,0.67166273871995,"GTPBP1/IMPDH2/GIT1",3,"GTPBP1;IMPDH2;GIT1"
"GO:1902903","regulation of supramolecular fiber organization","3/38","39/1871",0.0769230769230769,3.78744939271255,2.53225786840024,0.0427220255659326,0.682580091447175,0.67166273871995,"FCHSD2/ARF1/GIT1",3,"FCHSD2;ARF1;GIT1"
"GO:0048167","regulation of synaptic plasticity","2/38","17/1871",0.117647058823529,5.79256965944272,2.85738919993695,0.0450983436210617,0.682580091447175,0.67166273871995,"ARF1/RAB11A",2,"ARF1;RAB11A"
"GO:0050000","chromosome localization","2/38","17/1871",0.117647058823529,5.79256965944272,2.85738919993695,0.0450983436210617,0.682580091447175,0.67166273871995,"KIF22/RAB11A",2,"KIF22;RAB11A"
"GO:1903034","regulation of response to wounding","2/38","17/1871",0.117647058823529,5.79256965944272,2.85738919993695,0.0450983436210617,0.682580091447175,0.67166273871995,"KREMEN1/GIT1",2,"KREMEN1;GIT1"
"GO:0001654","eye development","3/38","40/1871",0.075,3.69276315789474,2.47808015228679,0.0455511512947562,0.682580091447175,0.67166273871995,"SOS1/BMPR2/RARG",3,"SOS1;BMPR2;RARG"
"GO:0048880","sensory system development","3/38","40/1871",0.075,3.69276315789474,2.47808015228679,0.0455511512947562,0.682580091447175,0.67166273871995,"SOS1/BMPR2/RARG",3,"SOS1;BMPR2;RARG"
"GO:0150063","visual system development","3/38","40/1871",0.075,3.69276315789474,2.47808015228679,0.0455511512947562,0.682580091447175,0.67166273871995,"SOS1/BMPR2/RARG",3,"SOS1;BMPR2;RARG"
"GO:0006935","chemotaxis","3/38","41/1871",0.0731707317073171,3.60269576379974,2.42561102426786,0.0484722526825322,0.682580091447175,0.67166273871995,"BMPR2/C5/S100A4",3,"BMPR2;C5;S100A4"
"GO:0042330","taxis","3/38","41/1871",0.0731707317073171,3.60269576379974,2.42561102426786,0.0484722526825322,0.682580091447175,0.67166273871995,"BMPR2/C5/S100A4",3,"BMPR2;C5;S100A4"
"GO:0008380","RNA splicing","5/38","100/1871",0.05,2.46184210526316,2.1628308478121,0.0486385728112399,0.682580091447175,0.67166273871995,"ACIN1/DDX46/PRX/METTL16/GEMIN8",5,"ACIN1;DDX46;PRX;METTL16;GEMIN8"
"GO:0031344","regulation of cell projection organization","4/38","69/1871",0.0579710144927536,2.85430968726163,2.25923177884864,0.048652447709626,0.682580091447175,0.67166273871995,"BMPR2/KREMEN1/ZMYND8/RAB11A",4,"BMPR2;KREMEN1;ZMYND8;RAB11A"
"GO:0033043","regulation of organelle organization","7/38","169/1871",0.0414201183431953,2.03939582684522,2.03927555029644,0.0495243369989118,0.682580091447175,0.67166273871995,"TOM1L2/FCHSD2/ARF1/TMEM39A/ZMYND8/GIT1/RAB11A",7,"TOM1L2;FCHSD2;ARF1;TMEM39A;ZMYND8;GIT1;RAB11A"
"GO:0003205","cardiac chamber development","2/38","18/1871",0.111111111111111,5.47076023391813,2.74353996766119,0.050096602510833,0.682580091447175,0.67166273871995,"SOS1/BMPR2",2,"SOS1;BMPR2"
"GO:0007626","locomotory behavior","2/38","18/1871",0.111111111111111,5.47076023391813,2.74353996766119,0.050096602510833,0.682580091447175,0.67166273871995,"ASL/GIT1",2,"ASL;GIT1"
"GO:0050920","regulation of chemotaxis","2/38","18/1871",0.111111111111111,5.47076023391813,2.74353996766119,0.050096602510833,0.682580091447175,0.67166273871995,"BMPR2/C5",2,"BMPR2;C5"
"GO:0031346","positive regulation of cell projection organization","3/38","43/1871",0.0697674418604651,3.43512851897185,2.32540920967657,0.0545866745036133,0.682580091447175,0.67166273871995,"BMPR2/ZMYND8/RAB11A",3,"BMPR2;ZMYND8;RAB11A"
"GO:0007267","cell-cell signaling","5/38","104/1871",0.0480769230769231,2.36715587044534,2.06513190163075,0.0560102338946585,0.682580091447175,0.67166273871995,"FCHSD2/ARF1/ZMYND8/GIT1/RAB11A",5,"FCHSD2;ARF1;ZMYND8;GIT1;RAB11A"
"GO:0009141","nucleoside triphosphate metabolic process","3/38","44/1871",0.0681818181818182,3.35705741626794,2.27750110011513,0.0577779623132024,0.682580091447175,0.67166273871995,"GTPBP1/IMPDH2/GIT1",3,"GTPBP1;IMPDH2;GIT1"
"GO:0000377","RNA splicing, via transesterification reactions with bulged adenosine as nucleophile","4/38","73/1871",0.0547945205479452,2.69790915645278,2.1301608857009,0.057825508705754,0.682580091447175,0.67166273871995,"ACIN1/DDX46/METTL16/GEMIN8",4,"ACIN1;DDX46;METTL16;GEMIN8"
"GO:0000398","mRNA splicing, via spliceosome","4/38","73/1871",0.0547945205479452,2.69790915645278,2.1301608857009,0.057825508705754,0.682580091447175,0.67166273871995,"ACIN1/DDX46/METTL16/GEMIN8",4,"ACIN1;DDX46;METTL16;GEMIN8"
"GO:0000375","RNA splicing, via transesterification reactions","4/38","74/1871",0.0540540540540541,2.66145092460882,2.09923330593596,0.0602565835328575,0.682580091447175,0.67166273871995,"ACIN1/DDX46/METTL16/GEMIN8",4,"ACIN1;DDX46;METTL16;GEMIN8"
"GO:0000281","mitotic cytokinesis","2/38","20/1871",0.1,4.92368421052632,2.53943560453874,0.0606573386189764,0.682580091447175,0.67166273871995,"ARF1/RAB11A",2,"ARF1;RAB11A"
"GO:0032465","regulation of cytokinesis","2/38","20/1871",0.1,4.92368421052632,2.53943560453874,0.0606573386189764,0.682580091447175,0.67166273871995,"GIT1/RAB11A",2,"GIT1;RAB11A"
"GO:0009895","negative regulation of catabolic process","4/38","75/1871",0.0533333333333333,2.6259649122807,2.06880712888795,0.0627424393339468,0.682580091447175,0.67166273871995,"DEDD/TMEM39A/GIT1/METTL16",4,"DEDD;TMEM39A;GIT1;METTL16"
"GO:0032271","regulation of protein polymerization","2/38","21/1871",0.0952380952380952,4.68922305764411,2.44731609605595,0.0662013536850749,0.682580091447175,0.67166273871995,"FCHSD2/GIT1",2,"FCHSD2;GIT1"
"GO:1902905","positive regulation of supramolecular fiber organization","2/38","21/1871",0.0952380952380952,4.68922305764411,2.44731609605595,0.0662013536850749,0.682580091447175,0.67166273871995,"FCHSD2/GIT1",2,"FCHSD2;GIT1"
"GO:1905475","regulation of protein localization to membrane","2/38","21/1871",0.0952380952380952,4.68922305764411,2.44731609605595,0.0662013536850749,0.682580091447175,0.67166273871995,"ZMYND8/RAB11A",2,"ZMYND8;RAB11A"
"GO:0030182","neuron differentiation","6/38","144/1871",0.0416666666666667,2.0515350877193,1.8905589127594,0.0665130073174302,0.682580091447175,0.67166273871995,"SOS1/BMPR2/KREMEN1/ZMYND8/GIT1/RAB11A",6,"SOS1;BMPR2;KREMEN1;ZMYND8;GIT1;RAB11A"
"GO:0140014","mitotic nuclear division","3/38","47/1871",0.0638297872340425,3.1427771556551,2.14163220384711,0.0678745806938955,0.682580091447175,0.67166273871995,"TOM1L2/KIF22/RAB11A",3,"TOM1L2;KIF22;RAB11A"
"GO:0032102","negative regulation of response to external stimulus","3/38","48/1871",0.0625,3.07730263157895,2.09873896051375,0.0714102680567142,0.682580091447175,0.67166273871995,"KREMEN1/C5/GIT1",3,"KREMEN1;C5;GIT1"
"GO:0035264","multicellular organism growth","2/38","22/1871",0.0909090909090909,4.47607655502392,2.36082386368237,0.0719092917912358,0.682580091447175,0.67166273871995,"SOS1/RARG",2,"SOS1;RARG"
"GO:0051495","positive regulation of cytoskeleton organization","2/38","22/1871",0.0909090909090909,4.47607655502392,2.36082386368237,0.0719092917912358,0.682580091447175,0.67166273871995,"FCHSD2/GIT1",2,"FCHSD2;GIT1"
"GO:1905039","carboxylic acid transmembrane transport","2/38","22/1871",0.0909090909090909,4.47607655502392,2.36082386368237,0.0719092917912358,0.682580091447175,0.67166273871995,"SLC16A11/SLC43A1",2,"SLC16A11;SLC43A1"
"GO:0050808","synapse organization","3/38","49/1871",0.0612244897959184,3.01450053705693,2.05694467276569,0.0750288474674629,0.682580091447175,0.67166273871995,"ARF1/ZMYND8/GIT1",3,"ARF1;ZMYND8;GIT1"
"GO:0061564","axon development","3/38","49/1871",0.0612244897959184,3.01450053705693,2.05694467276569,0.0750288474674629,0.682580091447175,0.67166273871995,"SOS1/BMPR2/KREMEN1",3,"SOS1;BMPR2;KREMEN1"
"GO:0007565","female pregnancy","2/38","23/1871",0.0869565217391304,4.28146453089245,2.27935525206966,0.0777726109419308,0.682580091447175,0.67166273871995,"BMPR2/DEDD",2,"BMPR2;DEDD"
"GO:0009952","anterior/posterior pattern specification","2/38","23/1871",0.0869565217391304,4.28146453089245,2.27935525206966,0.0777726109419308,0.682580091447175,0.67166273871995,"BMPR2/RARG",2,"BMPR2;RARG"
"GO:0044703","multi-organism reproductive process","2/38","23/1871",0.0869565217391304,4.28146453089245,2.27935525206966,0.0777726109419308,0.682580091447175,0.67166273871995,"BMPR2/DEDD",2,"BMPR2;DEDD"
"GO:0044706","multi-multicellular organism process","2/38","23/1871",0.0869565217391304,4.28146453089245,2.27935525206966,0.0777726109419308,0.682580091447175,0.67166273871995,"BMPR2/DEDD",2,"BMPR2;DEDD"
"GO:1903825","organic acid transmembrane transport","2/38","23/1871",0.0869565217391304,4.28146453089245,2.27935525206966,0.0777726109419308,0.682580091447175,0.67166273871995,"SLC16A11/SLC43A1",2,"SLC16A11;SLC43A1"
"GO:0015711","organic anion transport","3/38","50/1871",0.06,2.95421052631579,2.01619598998939,0.078728939357873,0.682580091447175,0.67166273871995,"SLC16A11/SLC43A1/SLC2A3",3,"SLC16A11;SLC43A1;SLC2A3"
"GO:0043484","regulation of RNA splicing","3/38","50/1871",0.06,2.95421052631579,2.01619598998939,0.078728939357873,0.682580091447175,0.67166273871995,"ACIN1/PRX/METTL16",3,"ACIN1;PRX;METTL16"
"GO:0022008","neurogenesis","7/38","188/1871",0.0372340425531915,1.83328667413214,1.7340542185642,0.0794838387010422,0.682580091447175,0.67166273871995,"SOS1/BMPR2/KREMEN1/PRX/ZMYND8/GIT1/RAB11A",7,"SOS1;BMPR2;KREMEN1;PRX;ZMYND8;GIT1;RAB11A"
"GO:0009150","purine ribonucleotide metabolic process","3/38","51/1871",0.0588235294117647,2.89628482972136,1.97644318165179,0.0825091220163669,0.682580091447175,0.67166273871995,"GTPBP1/IMPDH2/GIT1",3,"GTPBP1;IMPDH2;GIT1"
"GO:0051216","cartilage development","2/38","24/1871",0.0833333333333333,4.1030701754386,2.20239462980367,0.0837830322554974,0.682580091447175,0.67166273871995,"BMPR2/RARG",2,"BMPR2;RARG"
"GO:0060348","bone development","2/38","24/1871",0.0833333333333333,4.1030701754386,2.20239462980367,0.0837830322554974,0.682580091447175,0.67166273871995,"BMPR2/RARG",2,"BMPR2;RARG"
"GO:0048699","generation of neurons","6/38","153/1871",0.0392156862745098,1.93085655314757,1.72961030941673,0.0842034775087845,0.682580091447175,0.67166273871995,"SOS1/BMPR2/KREMEN1/ZMYND8/GIT1/RAB11A",6,"SOS1;BMPR2;KREMEN1;ZMYND8;GIT1;RAB11A"
"GO:0001501","skeletal system development","3/38","52/1871",0.0576923076923077,2.84058704453441,1.93763982537813,0.0863679348478984,0.682580091447175,0.67166273871995,"BMPR2/RARG/ANKRD11",3,"BMPR2;RARG;ANKRD11"
"GO:0048588","developmental cell growth","2/38","25/1871",0.08,3.93894736842105,2.12949847672001,0.0899325332553058,0.682580091447175,0.67166273871995,"BMPR2/RARG",2,"BMPR2;RARG"
"GO:0060491","regulation of cell projection assembly","2/38","25/1871",0.08,3.93894736842105,2.12949847672001,0.0899325332553058,0.682580091447175,0.67166273871995,"ZMYND8/RAB11A",2,"ZMYND8;RAB11A"
"GO:0098739","import across plasma membrane","2/38","25/1871",0.08,3.93894736842105,2.12949847672001,0.0899325332553058,0.682580091447175,0.67166273871995,"SLC43A1/SLC2A3",2,"SLC43A1;SLC2A3"
"GO:0120032","regulation of plasma membrane bounded cell projection assembly","2/38","25/1871",0.08,3.93894736842105,2.12949847672001,0.0899325332553058,0.682580091447175,0.67166273871995,"ZMYND8/RAB11A",2,"ZMYND8;RAB11A"
"GO:0051668","localization within membrane","4/38","85/1871",0.0470588235294118,2.31702786377709,1.78893708807936,0.0905508572072912,0.682580091447175,0.67166273871995,"TOMM40/ZMYND8/GIT1/RAB11A",4,"TOMM40;ZMYND8;GIT1;RAB11A"
"GO:0001667","ameboidal-type cell migration","2/38","26/1871",0.0769230769230769,3.78744939271255,2.0602828582013,0.0962133413142018,0.682580091447175,0.67166273871995,"BMPR2/RAB11A",2,"BMPR2;RAB11A"
"GO:0061014","positive regulation of mRNA catabolic process","2/38","26/1871",0.0769230769230769,3.78744939271255,2.0602828582013,0.0962133413142018,0.682580091447175,0.67166273871995,"GTPBP1/METTL16",2,"GTPBP1;METTL16"
"GO:0001503","ossification","3/38","55/1871",0.0545454545454545,2.68564593301435,1.82650619190477,0.0984010301485626,0.682580091447175,0.67166273871995,"BMPR2/KREMEN1/GIT1",3,"BMPR2;KREMEN1;GIT1"
"GO:0060627","regulation of vesicle-mediated transport","3/38","55/1871",0.0545454545454545,2.68564593301435,1.82650619190477,0.0984010301485626,0.682580091447175,0.67166273871995,"ARF1/GIT1/RAB11A",3,"ARF1;GIT1;RAB11A"
"GO:1901135","carbohydrate derivative metabolic process","5/38","124/1871",0.0403225806451613,1.98535653650255,1.63451594316976,0.102205004364112,0.682580091447175,0.67166273871995,"ALG8/BMPR2/GTPBP1/IMPDH2/GIT1",5,"ALG8;BMPR2;GTPBP1;IMPDH2;GIT1"
"GO:0007423","sensory organ development","3/38","56/1871",0.0535714285714286,2.63768796992481,1.79109337181346,0.10255908721872,0.682580091447175,0.67166273871995,"SOS1/BMPR2/RARG",3,"SOS1;BMPR2;RARG"
"GO:0072657","protein localization to membrane","3/38","56/1871",0.0535714285714286,2.63768796992481,1.79109337181346,0.10255908721872,0.682580091447175,0.67166273871995,"ZMYND8/GIT1/RAB11A",3,"ZMYND8;GIT1;RAB11A"
"GO:0016358","dendrite development","2/38","27/1871",0.0740740740740741,3.64717348927875,1.9944134653013,0.10261792724899,0.682580091447175,0.67166273871995,"ZMYND8/GIT1",2,"ZMYND8;GIT1"
"GO:0060541","respiratory system development","2/38","27/1871",0.0740740740740741,3.64717348927875,1.9944134653013,0.10261792724899,0.682580091447175,0.67166273871995,"BMPR2/RARG",2,"BMPR2;RARG"
"GO:0099003","vesicle-mediated transport in synapse","2/38","27/1871",0.0740740740740741,3.64717348927875,1.9944134653013,0.10261792724899,0.682580091447175,0.67166273871995,"GIT1/RAB11A",2,"GIT1;RAB11A"
"GO:0051128","regulation of cellular component organization","10/38","325/1871",0.0307692307692308,1.51497975708502,1.47013921698286,0.108228747660305,0.682580091447175,0.67166273871995,"BMPR2/TOM1L2/ZNF469/FCHSD2/KREMEN1/ARF1/TMEM39A/ZMYND8/GIT1/RAB11A",10,"BMPR2;TOM1L2;ZNF469;FCHSD2;KREMEN1;ARF1;TMEM39A;ZMYND8;GIT1;RAB11A"
"GO:0006520","amino acid metabolic process","2/38","28/1871",0.0714285714285714,3.51691729323308,1.93159762114456,0.109138999061785,0.682580091447175,0.67166273871995,"FARSA/ASL",2,"FARSA;ASL"
"GO:0110053","regulation of actin filament organization","2/38","28/1871",0.0714285714285714,3.51691729323308,1.93159762114456,0.109138999061785,0.682580091447175,0.67166273871995,"FCHSD2/ARF1",2,"FCHSD2;ARF1"
"GO:0097435","supramolecular fiber organization","4/38","91/1871",0.043956043956044,2.16425679583574,1.63904488082343,0.109700864168426,0.682580091447175,0.67166273871995,"FCHSD2/ARF1/GIT1/RAB11A",4,"FCHSD2;ARF1;GIT1;RAB11A"
"GO:0006163","purine nucleotide metabolic process","3/38","58/1871",0.0517241379310345,2.5467332123412,1.72251048785706,0.111086117516831,0.682580091447175,0.67166273871995,"GTPBP1/IMPDH2/GIT1",3,"GTPBP1;IMPDH2;GIT1"
"GO:0009259","ribonucleotide metabolic process","3/38","58/1871",0.0517241379310345,2.5467332123412,1.72251048785706,0.111086117516831,0.682580091447175,0.67166273871995,"GTPBP1/IMPDH2/GIT1",3,"GTPBP1;IMPDH2;GIT1"
"GO:0019693","ribose phosphate metabolic process","3/38","58/1871",0.0517241379310345,2.5467332123412,1.72251048785706,0.111086117516831,0.682580091447175,0.67166273871995,"GTPBP1/IMPDH2/GIT1",3,"GTPBP1;IMPDH2;GIT1"
"GO:0040011","locomotion","5/38","128/1871",0.0390625,1.92331414473684,1.5578912897633,0.113261620152088,0.682580091447175,0.67166273871995,"BMPR2/C5/ZMYND8/S100A4/RAB11A",5,"BMPR2;C5;ZMYND8;S100A4;RAB11A"
"GO:0010001","glial cell differentiation","2/38","29/1871",0.0689655172413793,3.3956442831216,1.87157781020022,0.115769495825117,0.682580091447175,0.67166273871995,"SOS1/PRX",2,"SOS1;PRX"
"GO:0060560","developmental growth involved in morphogenesis","2/38","29/1871",0.0689655172413793,3.3956442831216,1.87157781020022,0.115769495825117,0.682580091447175,0.67166273871995,"BMPR2/RARG",2,"BMPR2;RARG"
"GO:0060322","head development","4/38","93/1871",0.043010752688172,2.11771363893605,1.59161313847707,0.116470511065814,0.682580091447175,0.67166273871995,"SOS1/RARG/GIT1/ANKRD11",4,"SOS1;RARG;GIT1;ANKRD11"
"GO:0001890","placenta development","2/38","30/1871",0.0666666666666667,3.28245614035088,1.8141263986142,0.122502581707751,0.682580091447175,0.67166273871995,"BMPR2/DEDD",2,"BMPR2;DEDD"
"GO:0003007","heart morphogenesis","2/38","30/1871",0.0666666666666667,3.28245614035088,1.8141263986142,0.122502581707751,0.682580091447175,0.67166273871995,"SOS1/BMPR2",2,"SOS1;BMPR2"
"GO:1903312","negative regulation of mRNA metabolic process","2/38","30/1871",0.0666666666666667,3.28245614035088,1.8141263986142,0.122502581707751,0.682580091447175,0.67166273871995,"ACIN1/METTL16",2,"ACIN1;METTL16"
"GO:0048729","tissue morphogenesis","3/38","61/1871",0.0491803278688525,2.42148403796376,1.62479654336719,0.12437919352586,0.682580091447175,0.67166273871995,"SOS1/BMPR2/RARG",3,"SOS1;BMPR2;RARG"
"GO:0051493","regulation of cytoskeleton organization","3/38","61/1871",0.0491803278688525,2.42148403796376,1.62479654336719,0.12437919352586,0.682580091447175,0.67166273871995,"FCHSD2/ARF1/GIT1",3,"FCHSD2;ARF1;GIT1"
"GO:0033365","protein localization to organelle","5/38","133/1871",0.037593984962406,1.85100910170162,1.46577229428461,0.127886106385641,0.682580091447175,0.67166273871995,"LAMTOR4/TOMM40/ZMYND8/GIT1/RAB11A",5,"LAMTOR4;TOMM40;ZMYND8;GIT1;RAB11A"
"GO:0006887","exocytosis","2/38","31/1871",0.0645161290322581,3.17657045840407,1.75904129456171,0.129331640138226,0.682580091447175,0.67166273871995,"GIT1/RAB11A",2,"GIT1;RAB11A"
"GO:0048024","regulation of mRNA splicing, via spliceosome","2/38","31/1871",0.0645161290322581,3.17657045840407,1.75904129456171,0.129331640138226,0.682580091447175,0.67166273871995,"ACIN1/METTL16",2,"ACIN1;METTL16"
"GO:1902115","regulation of organelle assembly","2/38","31/1871",0.0645161290322581,3.17657045840407,1.75904129456171,0.129331640138226,0.682580091447175,0.67166273871995,"TMEM39A/RAB11A",2,"TMEM39A;RAB11A"
"GO:0009887","animal organ morphogenesis","4/38","97/1871",0.0412371134020619,2.03038524145415,1.50016855504788,0.130559621668183,0.682580091447175,0.67166273871995,"SOS1/BMPR2/RARG/ANKRD11",4,"SOS1;BMPR2;RARG;ANKRD11"
"GO:0051258","protein polymerization","2/38","32/1871",0.0625,3.07730263157895,1.70614235676315,0.136250268103189,0.682580091447175,0.67166273871995,"FCHSD2/GIT1",2,"FCHSD2;GIT1"
"GO:1903313","positive regulation of mRNA metabolic process","2/38","32/1871",0.0625,3.07730263157895,1.70614235676315,0.136250268103189,0.682580091447175,0.67166273871995,"GTPBP1/METTL16",2,"GTPBP1;METTL16"
"GO:0003018","vascular process in circulatory system","2/38","33/1871",0.0606060606060606,2.98405103668262,1.6552684031494,0.143252270577648,0.682580091447175,0.67166273871995,"BMPR2/SLC2A3",2,"BMPR2;SLC2A3"
"GO:0006898","receptor-mediated endocytosis","2/38","33/1871",0.0606060606060606,2.98405103668262,1.6552684031494,0.143252270577648,0.682580091447175,0.67166273871995,"FCHSD2/ARF1",2,"FCHSD2;ARF1"
"GO:0009101","glycoprotein biosynthetic process","2/38","33/1871",0.0606060606060606,2.98405103668262,1.6552684031494,0.143252270577648,0.682580091447175,0.67166273871995,"ALG8/BMPR2",2,"ALG8;BMPR2"
"GO:0030336","negative regulation of cell migration","2/38","33/1871",0.0606060606060606,2.98405103668262,1.6552684031494,0.143252270577648,0.682580091447175,0.67166273871995,"C5/ZMYND8",2,"C5;ZMYND8"
"GO:0031334","positive regulation of protein-containing complex assembly","2/38","33/1871",0.0606060606060606,2.98405103668262,1.6552684031494,0.143252270577648,0.682580091447175,0.67166273871995,"FCHSD2/GIT1",2,"FCHSD2;GIT1"
"GO:0061448","connective tissue development","2/38","33/1871",0.0606060606060606,2.98405103668262,1.6552684031494,0.143252270577648,0.682580091447175,0.67166273871995,"BMPR2/RARG",2,"BMPR2;RARG"
"GO:0000280","nuclear division","3/38","66/1871",0.0454545454545455,2.23803827751196,1.47400448884537,0.147761712101257,0.682580091447175,0.67166273871995,"TOM1L2/KIF22/RAB11A",3,"TOM1L2;KIF22;RAB11A"
"GO:1903706","regulation of hemopoiesis","3/38","66/1871",0.0454545454545455,2.23803827751196,1.47400448884537,0.147761712101257,0.682580091447175,0.67166273871995,"SOS1/ACIN1/RARG",3,"SOS1;ACIN1;RARG"
"GO:0000070","mitotic sister chromatid segregation","2/38","34/1871",0.0588235294117647,2.89628482972136,1.60627470448043,0.15033165508435,0.682580091447175,0.67166273871995,"KIF22/RAB11A",2,"KIF22;RAB11A"
"GO:0045637","regulation of myeloid cell differentiation","2/38","34/1871",0.0588235294117647,2.89628482972136,1.60627470448043,0.15033165508435,0.682580091447175,0.67166273871995,"ACIN1/RARG",2,"ACIN1;RARG"
"GO:2000146","negative regulation of cell motility","2/38","34/1871",0.0588235294117647,2.89628482972136,1.60627470448043,0.15033165508435,0.682580091447175,0.67166273871995,"C5/ZMYND8",2,"C5;ZMYND8"
"GO:0048468","cell development","9/38","305/1871",0.0295081967213115,1.45289042277826,1.24445313673216,0.152823356833943,0.682580091447175,0.67166273871995,"SOS1/ACIN1/BMPR2/KREMEN1/PRX/ZMYND8/RARG/GIT1/RAB11A",9,"SOS1;ACIN1;BMPR2;KREMEN1;PRX;ZMYND8;RARG;GIT1;RAB11A"
"GO:0098657","import into cell","4/38","103/1871",0.0388349514563107,1.91211037301993,1.37074366015791,0.152985350774847,0.682580091447175,0.67166273871995,"FCHSD2/ARF1/SLC43A1/SLC2A3",4,"FCHSD2;ARF1;SLC43A1;SLC2A3"
"GO:0007010","cytoskeleton organization","6/38","181/1871",0.0331491712707182,1.63216051177668,1.28811509065777,0.154566234475515,0.682580091447175,0.67166273871995,"ALKBH4/FCHSD2/ARF1/ZMYM4/GIT1/RAB11A",6,"ALKBH4;FCHSD2;ARF1;ZMYM4;GIT1;RAB11A"
"GO:0030334","regulation of cell migration","4/38","104/1871",0.0384615384615385,1.89372469635628,1.34999923682395,0.156864355450054,0.682580091447175,0.67166273871995,"BMPR2/C5/ZMYND8/RAB11A",4,"BMPR2;C5;ZMYND8;RAB11A"
"GO:0051302","regulation of cell division","2/38","35/1871",0.0571428571428571,2.81353383458647,1.55903087252444,0.157482626379502,0.682580091447175,0.67166273871995,"GIT1/RAB11A",2,"GIT1;RAB11A"
"GO:0060485","mesenchyme development","2/38","35/1871",0.0571428571428571,2.81353383458647,1.55903087252444,0.157482626379502,0.682580091447175,0.67166273871995,"BMPR2/S100A4",2,"BMPR2;S100A4"
"GO:0090150","establishment of protein localization to membrane","2/38","35/1871",0.0571428571428571,2.81353383458647,1.55903087252444,0.157482626379502,0.682580091447175,0.67166273871995,"TOMM40/RAB11A",2,"TOMM40;RAB11A"
"GO:0044087","regulation of cellular component biogenesis","5/38","143/1871",0.034965034965035,1.72156790577843,1.29242314535096,0.159654921988438,0.682580091447175,0.67166273871995,"FCHSD2/TMEM39A/ZMYND8/GIT1/RAB11A",5,"FCHSD2;TMEM39A;ZMYND8;GIT1;RAB11A"
"GO:0065008","regulation of biological quality","9/38","309/1871",0.029126213592233,1.43408277976495,1.20210568655297,0.161960302859105,0.682580091447175,0.67166273871995,"LAMTOR4/BMPR2/FCHSD2/ARF1/ZMYND8/RARG/GIT1/RAB11A/METTL16",9,"LAMTOR4;BMPR2;FCHSD2;ARF1;ZMYND8;RARG;GIT1;RAB11A;METTL16"
"GO:0009117","nucleotide metabolic process","3/38","69/1871",0.0434782608695652,2.14073226544622,1.38983180800828,0.162452038122535,0.682580091447175,0.67166273871995,"GTPBP1/IMPDH2/GIT1",3,"GTPBP1;IMPDH2;GIT1"
"GO:0040013","negative regulation of locomotion","2/38","36/1871",0.0555555555555556,2.73538011695906,1.51341907132139,0.164699581262152,0.682580091447175,0.67166273871995,"C5/ZMYND8",2,"C5;ZMYND8"
"GO:0046651","lymphocyte proliferation","2/38","36/1871",0.0555555555555556,2.73538011695906,1.51341907132139,0.164699581262152,0.682580091447175,0.67166273871995,"SOS1/IMPDH2",2,"SOS1;IMPDH2"
"GO:0007399","nervous system development","8/38","268/1871",0.0298507462686567,1.46975648075412,1.19592731492973,0.166090637062017,0.682580091447175,0.67166273871995,"SOS1/BMPR2/KREMEN1/PRX/ZMYND8/RARG/GIT1/RAB11A",8,"SOS1;BMPR2;KREMEN1;PRX;ZMYND8;RARG;GIT1;RAB11A"
"GO:0048598","embryonic morphogenesis","3/38","70/1871",0.0428571428571429,2.11015037593985,1.36271596207843,0.167448572891356,0.682580091447175,0.67166273871995,"SOS1/BMPR2/RARG",3,"SOS1;BMPR2;RARG"
"GO:0006397","mRNA processing","4/38","107/1871",0.0373831775700935,1.84062961141171,1.28907638240328,0.168728403028514,0.682580091447175,0.67166273871995,"ACIN1/DDX46/METTL16/GEMIN8",4,"ACIN1;DDX46;METTL16;GEMIN8"
"GO:0051301","cell division","4/38","107/1871",0.0373831775700935,1.84062961141171,1.28907638240328,0.168728403028514,0.682580091447175,0.67166273871995,"ALKBH4/ARF1/GIT1/RAB11A",4,"ALKBH4;ARF1;GIT1;RAB11A"
"GO:2000145","regulation of cell motility","4/38","107/1871",0.0373831775700935,1.84062961141171,1.28907638240328,0.168728403028514,0.682580091447175,0.67166273871995,"BMPR2/C5/ZMYND8/RAB11A",4,"BMPR2;C5;ZMYND8;RAB11A"
"GO:0009100","glycoprotein metabolic process","2/38","37/1871",0.0540540540540541,2.66145092460882,1.46933249460368,0.171977103504581,0.682580091447175,0.67166273871995,"ALG8/BMPR2",2,"ALG8;BMPR2"
"GO:0032943","mononuclear cell proliferation","2/38","37/1871",0.0540540540540541,2.66145092460882,1.46933249460368,0.171977103504581,0.682580091447175,0.67166273871995,"SOS1/IMPDH2",2,"SOS1;IMPDH2"
"GO:0050684","regulation of mRNA processing","2/38","37/1871",0.0540540540540541,2.66145092460882,1.46933249460368,0.171977103504581,0.682580091447175,0.67166273871995,"ACIN1/METTL16",2,"ACIN1;METTL16"
"GO:0048285","organelle fission","3/38","72/1871",0.0416666666666667,2.0515350877193,1.30980246819954,0.17758092073677,0.682580091447175,0.67166273871995,"TOM1L2/KIF22/RAB11A",3,"TOM1L2;KIF22;RAB11A"
"GO:0050900","leukocyte migration","2/38","38/1871",0.0526315789473684,2.59141274238227,1.42667406372614,0.1793099589011,0.682580091447175,0.67166273871995,"SOS1/C5",2,"SOS1;C5"
"GO:0051241","negative regulation of multicellular organismal process","4/38","111/1871",0.036036036036036,1.77430061640588,1.2107267268218,0.185047133781199,0.682580091447175,0.67166273871995,"BMPR2/KREMEN1/RARG/GIT1",4,"BMPR2;KREMEN1;RARG;GIT1"
"GO:0003281","ventricular septum development","1/38","10/1871",0.1,4.92368421052632,1.79082120982927,0.18591549584176,0.682580091447175,0.67166273871995,"BMPR2",1,"BMPR2"
"GO:0006029","proteoglycan metabolic process","1/38","10/1871",0.1,4.92368421052632,1.79082120982927,0.18591549584176,0.682580091447175,0.67166273871995,"BMPR2",1,"BMPR2"
"GO:0006809","nitric oxide biosynthetic process","1/38","10/1871",0.1,4.92368421052632,1.79082120982927,0.18591549584176,0.682580091447175,0.67166273871995,"ASL",1,"ASL"
"GO:0006893","Golgi to plasma membrane transport","1/38","10/1871",0.1,4.92368421052632,1.79082120982927,0.18591549584176,0.682580091447175,0.67166273871995,"RAB11A",1,"RAB11A"
"GO:0007032","endosome organization","1/38","10/1871",0.1,4.92368421052632,1.79082120982927,0.18591549584176,0.682580091447175,0.67166273871995,"RAB11A",1,"RAB11A"
"GO:0007265","Ras protein signal transduction","1/38","10/1871",0.1,4.92368421052632,1.79082120982927,0.18591549584176,0.682580091447175,0.67166273871995,"SOS1",1,"SOS1"
"GO:0009303","rRNA transcription","1/38","10/1871",0.1,4.92368421052632,1.79082120982927,0.18591549584176,0.682580091447175,0.67166273871995,"DEDD",1,"DEDD"
"GO:0032456","endocytic recycling","1/38","10/1871",0.1,4.92368421052632,1.79082120982927,0.18591549584176,0.682580091447175,0.67166273871995,"RAB11A",1,"RAB11A"
"GO:0043470","regulation of carbohydrate catabolic process","1/38","10/1871",0.1,4.92368421052632,1.79082120982927,0.18591549584176,0.682580091447175,0.67166273871995,"GIT1",1,"GIT1"
"GO:0043648","dicarboxylic acid metabolic process","1/38","10/1871",0.1,4.92368421052632,1.79082120982927,0.18591549584176,0.682580091447175,0.67166273871995,"ASL",1,"ASL"
"GO:0044380","protein localization to cytoskeleton","1/38","10/1871",0.1,4.92368421052632,1.79082120982927,0.18591549584176,0.682580091447175,0.67166273871995,"RAB11A",1,"RAB11A"
"GO:0045912","negative regulation of carbohydrate metabolic process","1/38","10/1871",0.1,4.92368421052632,1.79082120982927,0.18591549584176,0.682580091447175,0.67166273871995,"GIT1",1,"GIT1"
"GO:0046209","nitric oxide metabolic process","1/38","10/1871",0.1,4.92368421052632,1.79082120982927,0.18591549584176,0.682580091447175,0.67166273871995,"ASL",1,"ASL"
"GO:0048025","negative regulation of mRNA splicing, via spliceosome","1/38","10/1871",0.1,4.92368421052632,1.79082120982927,0.18591549584176,0.682580091447175,0.67166273871995,"ACIN1",1,"ACIN1"
"GO:0048678","response to axon injury","1/38","10/1871",0.1,4.92368421052632,1.79082120982927,0.18591549584176,0.682580091447175,0.67166273871995,"KREMEN1",1,"KREMEN1"
"GO:0050686","negative regulation of mRNA processing","1/38","10/1871",0.1,4.92368421052632,1.79082120982927,0.18591549584176,0.682580091447175,0.67166273871995,"ACIN1",1,"ACIN1"
"GO:0051058","negative regulation of small GTPase mediated signal transduction","1/38","10/1871",0.1,4.92368421052632,1.79082120982927,0.18591549584176,0.682580091447175,0.67166273871995,"GIT1",1,"GIT1"
"GO:0070167","regulation of biomineral tissue development","1/38","10/1871",0.1,4.92368421052632,1.79082120982927,0.18591549584176,0.682580091447175,0.67166273871995,"BMPR2",1,"BMPR2"
"GO:1901184","regulation of ERBB signaling pathway","1/38","10/1871",0.1,4.92368421052632,1.79082120982927,0.18591549584176,0.682580091447175,0.67166273871995,"SOS1",1,"SOS1"
"GO:1904377","positive regulation of protein localization to cell periphery","1/38","10/1871",0.1,4.92368421052632,1.79082120982927,0.18591549584176,0.682580091447175,0.67166273871995,"RAB11A",1,"RAB11A"
"GO:2001057","reactive nitrogen species metabolic process","1/38","10/1871",0.1,4.92368421052632,1.79082120982927,0.18591549584176,0.682580091447175,0.67166273871995,"ASL",1,"ASL"
"GO:0032956","regulation of actin cytoskeleton organization","2/38","39/1871",0.0512820512820513,2.52496626180837,1.38535530926762,0.186693090432731,0.682580091447175,0.67166273871995,"FCHSD2/ARF1",2,"FCHSD2;ARF1"
"GO:0051130","positive regulation of cellular component organization","5/38","151/1871",0.033112582781457,1.63035901010805,1.16290324968823,0.187269567539749,0.682580091447175,0.67166273871995,"BMPR2/FCHSD2/ZMYND8/GIT1/RAB11A",5,"BMPR2;FCHSD2;ZMYND8;GIT1;RAB11A"
"GO:0072521","purine-containing compound metabolic process","3/38","75/1871",0.04,1.96947368421053,1.2335162056792,0.193101901283925,0.682580091447175,0.67166273871995,"GTPBP1/IMPDH2/GIT1",3,"GTPBP1;IMPDH2;GIT1"
"GO:1903311","regulation of mRNA metabolic process","3/38","75/1871",0.04,1.96947368421053,1.2335162056792,0.193101901283925,0.682580091447175,0.67166273871995,"ACIN1/GTPBP1/METTL16",3,"ACIN1;GTPBP1;METTL16"
"GO:0040012","regulation of locomotion","4/38","113/1871",0.0353982300884956,1.74289706567303,1.17270775855791,0.193406145759195,0.682580091447175,0.67166273871995,"BMPR2/C5/ZMYND8/RAB11A",4,"BMPR2;C5;ZMYND8;RAB11A"
"GO:0003002","regionalization","2/38","40/1871",0.05,2.46184210526316,1.34529540639659,0.194121613545256,0.682580091447175,0.67166273871995,"BMPR2/RARG",2,"BMPR2;RARG"
"GO:0007018","microtubule-based movement","2/38","40/1871",0.05,2.46184210526316,1.34529540639659,0.194121613545256,0.682580091447175,0.67166273871995,"KIF22/RAB11A",2,"KIF22;RAB11A"
"GO:0007409","axonogenesis","2/38","40/1871",0.05,2.46184210526316,1.34529540639659,0.194121613545256,0.682580091447175,0.67166273871995,"SOS1/BMPR2",2,"SOS1;BMPR2"
"GO:0060070","canonical Wnt signaling pathway","2/38","40/1871",0.05,2.46184210526316,1.34529540639659,0.194121613545256,0.682580091447175,0.67166273871995,"KREMEN1/RARG",2,"KREMEN1;RARG"
"GO:0051239","regulation of multicellular organismal process","9/38","323/1871",0.0278637770897833,1.37192439302591,1.05779574324623,0.196083021773656,0.682580091447175,0.67166273871995,"SOS1/ACIN1/BMPR2/KREMEN1/C5/ZMYND8/RARG/GIT1/RAB11A",9,"SOS1;ACIN1;BMPR2;KREMEN1;C5;ZMYND8;RARG;GIT1;RAB11A"
"GO:0010638","positive regulation of organelle organization","3/38","76/1871",0.0394736842105263,1.9435595567867,1.20885790974632,0.198354738925272,0.682580091447175,0.67166273871995,"FCHSD2/GIT1/RAB11A",3,"FCHSD2;GIT1;RAB11A"
"GO:0051056","regulation of small GTPase mediated signal transduction","2/38","41/1871",0.0487804878048781,2.4017971758665,1.30642033958101,0.201590811538216,0.682580091447175,0.67166273871995,"SOS1/GIT1",2,"SOS1;GIT1"
"GO:0055085","transmembrane transport","5/38","155/1871",0.032258064516129,1.58828522920204,1.1008458779901,0.20173107643262,0.682580091447175,0.67166273871995,"SLC16A11/SLC43A1/TOMM40/SLC2A3/RAB11A",5,"SLC16A11;SLC43A1;TOMM40;SLC2A3;RAB11A"
"GO:0060284","regulation of cell development","4/38","115/1871",0.0347826086956522,1.71258581235698,1.13541650940551,0.201889425306607,0.682580091447175,0.67166273871995,"SOS1/ACIN1/BMPR2/RARG",4,"SOS1;ACIN1;BMPR2;RARG"
"GO:0002260","lymphocyte homeostasis","1/38","11/1871",0.0909090909090909,4.47607655502392,1.66441097980356,0.202538392756329,0.682580091447175,0.67166273871995,"SOS1",1,"SOS1"
"GO:0006414","translational elongation","1/38","11/1871",0.0909090909090909,4.47607655502392,1.66441097980356,0.202538392756329,0.682580091447175,0.67166273871995,"GTPBP1",1,"GTPBP1"
"GO:0010977","negative regulation of neuron projection development","1/38","11/1871",0.0909090909090909,4.47607655502392,1.66441097980356,0.202538392756329,0.682580091447175,0.67166273871995,"KREMEN1",1,"KREMEN1"
"GO:0016242","negative regulation of macroautophagy","1/38","11/1871",0.0909090909090909,4.47607655502392,1.66441097980356,0.202538392756329,0.682580091447175,0.67166273871995,"TMEM39A",1,"TMEM39A"
"GO:0030282","bone mineralization","1/38","11/1871",0.0909090909090909,4.47607655502392,1.66441097980356,0.202538392756329,0.682580091447175,0.67166273871995,"BMPR2",1,"BMPR2"
"GO:0030833","regulation of actin filament polymerization","1/38","11/1871",0.0909090909090909,4.47607655502392,1.66441097980356,0.202538392756329,0.682580091447175,0.67166273871995,"FCHSD2",1,"FCHSD2"
"GO:0031122","cytoplasmic microtubule organization","1/38","11/1871",0.0909090909090909,4.47607655502392,1.66441097980356,0.202538392756329,0.682580091447175,0.67166273871995,"RAB11A",1,"RAB11A"
"GO:0033119","negative regulation of RNA splicing","1/38","11/1871",0.0909090909090909,4.47607655502392,1.66441097980356,0.202538392756329,0.682580091447175,0.67166273871995,"ACIN1",1,"ACIN1"
"GO:0036465","synaptic vesicle recycling","1/38","11/1871",0.0909090909090909,4.47607655502392,1.66441097980356,0.202538392756329,0.682580091447175,0.67166273871995,"GIT1",1,"GIT1"
"GO:0045454","cell redox homeostasis","1/38","11/1871",0.0909090909090909,4.47607655502392,1.66441097980356,0.202538392756329,0.682580091447175,0.67166273871995,"GIT1",1,"GIT1"
"GO:0048524","positive regulation of viral process","1/38","11/1871",0.0909090909090909,4.47607655502392,1.66441097980356,0.202538392756329,0.682580091447175,0.67166273871995,"TMEM39A",1,"TMEM39A"
"GO:0048662","negative regulation of smooth muscle cell proliferation","1/38","11/1871",0.0909090909090909,4.47607655502392,1.66441097980356,0.202538392756329,0.682580091447175,0.67166273871995,"BMPR2",1,"BMPR2"
"GO:0050772","positive regulation of axonogenesis","1/38","11/1871",0.0909090909090909,4.47607655502392,1.66441097980356,0.202538392756329,0.682580091447175,0.67166273871995,"BMPR2",1,"BMPR2"
"GO:0060021","roof of mouth development","1/38","11/1871",0.0909090909090909,4.47607655502392,1.66441097980356,0.202538392756329,0.682580091447175,0.67166273871995,"SOS1",1,"SOS1"
"GO:0061951","establishment of protein localization to plasma membrane","1/38","11/1871",0.0909090909090909,4.47607655502392,1.66441097980356,0.202538392756329,0.682580091447175,0.67166273871995,"RAB11A",1,"RAB11A"
"GO:0089718","amino acid import across plasma membrane","1/38","11/1871",0.0909090909090909,4.47607655502392,1.66441097980356,0.202538392756329,0.682580091447175,0.67166273871995,"SLC43A1",1,"SLC43A1"
"GO:0090100","positive regulation of transmembrane receptor protein serine/threonine kinase signaling pathway","1/38","11/1871",0.0909090909090909,4.47607655502392,1.66441097980356,0.202538392756329,0.682580091447175,0.67166273871995,"BMPR2",1,"BMPR2"
"GO:1902117","positive regulation of organelle assembly","1/38","11/1871",0.0909090909090909,4.47607655502392,1.66441097980356,0.202538392756329,0.682580091447175,0.67166273871995,"RAB11A",1,"RAB11A"
"GO:1904659","D-glucose transmembrane transport","1/38","11/1871",0.0909090909090909,4.47607655502392,1.66441097980356,0.202538392756329,0.682580091447175,0.67166273871995,"SLC2A3",1,"SLC2A3"
"GO:1905477","positive regulation of protein localization to membrane","1/38","11/1871",0.0909090909090909,4.47607655502392,1.66441097980356,0.202538392756329,0.682580091447175,0.67166273871995,"RAB11A",1,"RAB11A"
"GO:0016071","mRNA metabolic process","5/38","156/1871",0.032051282051282,1.57810391363023,1.08559420296855,0.205409352441542,0.682580091447175,0.67166273871995,"ACIN1/DDX46/GTPBP1/METTL16/GEMIN8",5,"ACIN1;DDX46;GTPBP1;METTL16;GEMIN8"
"GO:0007389","pattern specification process","2/38","42/1871",0.0476190476190476,2.34461152882206,1.26866217659553,0.209096131062454,0.682580091447175,0.67166273871995,"BMPR2/RARG",2,"BMPR2;RARG"
"GO:0010975","regulation of neuron projection development","2/38","42/1871",0.0476190476190476,2.34461152882206,1.26866217659553,0.209096131062454,0.682580091447175,0.67166273871995,"BMPR2/KREMEN1",2,"BMPR2;KREMEN1"
"GO:0048589","developmental growth","3/38","79/1871",0.0379746835443038,1.86975349766822,1.13703045162256,0.214327246186588,0.682580091447175,0.67166273871995,"SOS1/BMPR2/RARG",3,"SOS1;BMPR2;RARG"
"GO:0048609","multicellular organismal reproductive process","3/38","79/1871",0.0379746835443038,1.86975349766822,1.13703045162256,0.214327246186588,0.682580091447175,0.67166273871995,"SOS1/BMPR2/DEDD",3,"SOS1;BMPR2;DEDD"
"GO:0032101","regulation of response to external stimulus","4/38","118/1871",0.0338983050847458,1.66904549509367,1.08077941791008,0.214832677139206,0.682580091447175,0.67166273871995,"BMPR2/KREMEN1/C5/GIT1",4,"BMPR2;KREMEN1;C5;GIT1"
"GO:0045934","negative regulation of nucleobase-containing compound metabolic process","7/38","243/1871",0.0288065843621399,1.41834524583063,1.00633399429272,0.215294871572062,0.682580091447175,0.67166273871995,"ACIN1/DEDD/ZNF469/ZMYND8/RARG/GIT1/METTL16",7,"ACIN1;DEDD;ZNF469;ZMYND8;RARG;GIT1;METTL16"
"GO:0000819","sister chromatid segregation","2/38","43/1871",0.0465116279069767,2.29008567931457,1.2319584352848,0.21663317772386,0.682580091447175,0.67166273871995,"KIF22/RAB11A",2,"KIF22;RAB11A"
"GO:0015849","organic acid transport","2/38","43/1871",0.0465116279069767,2.29008567931457,1.2319584352848,0.21663317772386,0.682580091447175,0.67166273871995,"SLC16A11/SLC43A1",2,"SLC16A11;SLC43A1"
"GO:0032970","regulation of actin filament-based process","2/38","43/1871",0.0465116279069767,2.29008567931457,1.2319584352848,0.21663317772386,0.682580091447175,0.67166273871995,"FCHSD2/ARF1",2,"FCHSD2;ARF1"
"GO:0044057","regulation of system process","2/38","43/1871",0.0465116279069767,2.29008567931457,1.2319584352848,0.21663317772386,0.682580091447175,0.67166273871995,"BMPR2/ZMYND8",2,"BMPR2;ZMYND8"
"GO:0046942","carboxylic acid transport","2/38","43/1871",0.0465116279069767,2.29008567931457,1.2319584352848,0.21663317772386,0.682580091447175,0.67166273871995,"SLC16A11/SLC43A1",2,"SLC16A11;SLC43A1"
"GO:0070661","leukocyte proliferation","2/38","43/1871",0.0465116279069767,2.29008567931457,1.2319584352848,0.21663317772386,0.682580091447175,0.67166273871995,"SOS1/IMPDH2",2,"SOS1;IMPDH2"
"GO:0000387","spliceosomal snRNP assembly","1/38","12/1871",0.0833333333333333,4.1030701754386,1.55229369831686,0.218830619140877,0.682580091447175,0.67166273871995,"GEMIN8",1,"GEMIN8"
"GO:0002011","morphogenesis of an epithelial sheet","1/38","12/1871",0.0833333333333333,4.1030701754386,1.55229369831686,0.218830619140877,0.682580091447175,0.67166273871995,"SOS1",1,"SOS1"
"GO:0002065","columnar/cuboidal epithelial cell differentiation","1/38","12/1871",0.0833333333333333,4.1030701754386,1.55229369831686,0.218830619140877,0.682580091447175,0.67166273871995,"RARG",1,"RARG"
"GO:0002763","positive regulation of myeloid leukocyte differentiation","1/38","12/1871",0.0833333333333333,4.1030701754386,1.55229369831686,0.218830619140877,0.682580091447175,0.67166273871995,"ACIN1",1,"ACIN1"
"GO:0003279","cardiac septum development","1/38","12/1871",0.0833333333333333,4.1030701754386,1.55229369831686,0.218830619140877,0.682580091447175,0.67166273871995,"BMPR2",1,"BMPR2"
"GO:0006626","protein targeting to mitochondrion","1/38","12/1871",0.0833333333333333,4.1030701754386,1.55229369831686,0.218830619140877,0.682580091447175,0.67166273871995,"TOMM40",1,"TOMM40"
"GO:0007062","sister chromatid cohesion","1/38","12/1871",0.0833333333333333,4.1030701754386,1.55229369831686,0.218830619140877,0.682580091447175,0.67166273871995,"KIF22",1,"KIF22"
"GO:0007269","neurotransmitter secretion","1/38","12/1871",0.0833333333333333,4.1030701754386,1.55229369831686,0.218830619140877,0.682580091447175,0.67166273871995,"GIT1",1,"GIT1"
"GO:0008643","carbohydrate transport","1/38","12/1871",0.0833333333333333,4.1030701754386,1.55229369831686,0.218830619140877,0.682580091447175,0.67166273871995,"SLC2A3",1,"SLC2A3"
"GO:0008645","hexose transmembrane transport","1/38","12/1871",0.0833333333333333,4.1030701754386,1.55229369831686,0.218830619140877,0.682580091447175,0.67166273871995,"SLC2A3",1,"SLC2A3"
"GO:0015749","monosaccharide transmembrane transport","1/38","12/1871",0.0833333333333333,4.1030701754386,1.55229369831686,0.218830619140877,0.682580091447175,0.67166273871995,"SLC2A3",1,"SLC2A3"
"GO:0018279","protein N-linked glycosylation via asparagine","1/38","12/1871",0.0833333333333333,4.1030701754386,1.55229369831686,0.218830619140877,0.682580091447175,0.67166273871995,"ALG8",1,"ALG8"
"GO:0030516","regulation of axon extension","1/38","12/1871",0.0833333333333333,4.1030701754386,1.55229369831686,0.218830619140877,0.682580091447175,0.67166273871995,"BMPR2",1,"BMPR2"
"GO:0031110","regulation of microtubule polymerization or depolymerization","1/38","12/1871",0.0833333333333333,4.1030701754386,1.55229369831686,0.218830619140877,0.682580091447175,0.67166273871995,"GIT1",1,"GIT1"
"GO:0032526","response to retinoic acid","1/38","12/1871",0.0833333333333333,4.1030701754386,1.55229369831686,0.218830619140877,0.682580091447175,0.67166273871995,"RARG",1,"RARG"
"GO:0034219","carbohydrate transmembrane transport","1/38","12/1871",0.0833333333333333,4.1030701754386,1.55229369831686,0.218830619140877,0.682580091447175,0.67166273871995,"SLC2A3",1,"SLC2A3"
"GO:0034243","regulation of transcription elongation by RNA polymerase II","1/38","12/1871",0.0833333333333333,4.1030701754386,1.55229369831686,0.218830619140877,0.682580091447175,0.67166273871995,"ZMYND8",1,"ZMYND8"
"GO:0045446","endothelial cell differentiation","1/38","12/1871",0.0833333333333333,4.1030701754386,1.55229369831686,0.218830619140877,0.682580091447175,0.67166273871995,"BMPR2",1,"BMPR2"
"GO:0070585","protein localization to mitochondrion","1/38","12/1871",0.0833333333333333,4.1030701754386,1.55229369831686,0.218830619140877,0.682580091447175,0.67166273871995,"TOMM40",1,"TOMM40"
"GO:0070849","response to epidermal growth factor","1/38","12/1871",0.0833333333333333,4.1030701754386,1.55229369831686,0.218830619140877,0.682580091447175,0.67166273871995,"GIT1",1,"GIT1"
"GO:0071364","cellular response to epidermal growth factor stimulus","1/38","12/1871",0.0833333333333333,4.1030701754386,1.55229369831686,0.218830619140877,0.682580091447175,0.67166273871995,"GIT1",1,"GIT1"
"GO:0072665","protein localization to vacuole","1/38","12/1871",0.0833333333333333,4.1030701754386,1.55229369831686,0.218830619140877,0.682580091447175,0.67166273871995,"LAMTOR4",1,"LAMTOR4"
"GO:0099643","signal release from synapse","1/38","12/1871",0.0833333333333333,4.1030701754386,1.55229369831686,0.218830619140877,0.682580091447175,0.67166273871995,"GIT1",1,"GIT1"
"GO:1902475","L-alpha-amino acid transmembrane transport","1/38","12/1871",0.0833333333333333,4.1030701754386,1.55229369831686,0.218830619140877,0.682580091447175,0.67166273871995,"SLC43A1",1,"SLC43A1"
"GO:0003006","developmental process involved in reproduction","3/38","80/1871",0.0375,1.84638157894737,1.11376809329731,0.219717219828012,0.682580091447175,0.67166273871995,"BMPR2/DEDD/RARG",3,"BMPR2;DEDD;RARG"
"GO:0030036","actin cytoskeleton organization","3/38","80/1871",0.0375,1.84638157894737,1.11376809329731,0.219717219828012,0.682580091447175,0.67166273871995,"ALKBH4/FCHSD2/ARF1",3,"ALKBH4;FCHSD2;ARF1"
"GO:1901137","carbohydrate derivative biosynthetic process","3/38","80/1871",0.0375,1.84638157894737,1.11376809329731,0.219717219828012,0.682580091447175,0.67166273871995,"ALG8/BMPR2/IMPDH2",3,"ALG8;BMPR2;IMPDH2"
"GO:0016477","cell migration","5/38","161/1871",0.031055900621118,1.52909447531873,1.01083315609279,0.224152859455459,0.682580091447175,0.67166273871995,"SOS1/BMPR2/C5/ZMYND8/RAB11A",5,"SOS1;BMPR2;C5;ZMYND8;RAB11A"
"GO:0034330","cell junction organization","3/38","81/1871",0.037037037037037,1.82358674463938,1.0908290903044,0.225137365407384,0.682580091447175,0.67166273871995,"ARF1/ZMYND8/GIT1",3,"ARF1;ZMYND8;GIT1"
"GO:0042063","gliogenesis","2/38","45/1871",0.0444444444444444,2.18830409356725,1.16148828185833,0.231785644004596,0.682580091447175,0.67166273871995,"SOS1/PRX",2,"SOS1;PRX"
"GO:0010628","positive regulation of gene expression","5/38","163/1871",0.0306748466257669,1.51033257991605,0.981599962075576,0.2318049489832,0.682580091447175,0.67166273871995,"ALKBH4/BMPR2/C5/RARG/METTL16",5,"ALKBH4;BMPR2;C5;RARG;METTL16"
"GO:0001843","neural tube closure","1/38","13/1871",0.0769230769230769,3.78744939271255,1.45173444629839,0.23479857851293,0.682580091447175,0.67166273871995,"RARG",1,"RARG"
"GO:0001906","cell killing","1/38","13/1871",0.0769230769230769,3.78744939271255,1.45173444629839,0.23479857851293,0.682580091447175,0.67166273871995,"C5",1,"C5"
"GO:0009156","ribonucleoside monophosphate biosynthetic process","1/38","13/1871",0.0769230769230769,3.78744939271255,1.45173444629839,0.23479857851293,0.682580091447175,0.67166273871995,"IMPDH2",1,"IMPDH2"
"GO:0015804","neutral amino acid transport","1/38","13/1871",0.0769230769230769,3.78744939271255,1.45173444629839,0.23479857851293,0.682580091447175,0.67166273871995,"SLC43A1",1,"SLC43A1"
"GO:0015807","L-amino acid transport","1/38","13/1871",0.0769230769230769,3.78744939271255,1.45173444629839,0.23479857851293,0.682580091447175,0.67166273871995,"SLC43A1",1,"SLC43A1"
"GO:0016064","immunoglobulin mediated immune response","1/38","13/1871",0.0769230769230769,3.78744939271255,1.45173444629839,0.23479857851293,0.682580091447175,0.67166273871995,"C5",1,"C5"
"GO:0016073","snRNA metabolic process","1/38","13/1871",0.0769230769230769,3.78744939271255,1.45173444629839,0.23479857851293,0.682580091447175,0.67166273871995,"METTL16",1,"METTL16"
"GO:0043112","receptor metabolic process","1/38","13/1871",0.0769230769230769,3.78744939271255,1.45173444629839,0.23479857851293,0.682580091447175,0.67166273871995,"GIT1",1,"GIT1"
"GO:0045839","negative regulation of mitotic nuclear division","1/38","13/1871",0.0769230769230769,3.78744939271255,1.45173444629839,0.23479857851293,0.682580091447175,0.67166273871995,"TOM1L2",1,"TOM1L2"
"GO:0048259","regulation of receptor-mediated endocytosis","1/38","13/1871",0.0769230769230769,3.78744939271255,1.45173444629839,0.23479857851293,0.682580091447175,0.67166273871995,"ARF1",1,"ARF1"
"GO:0050921","positive regulation of chemotaxis","1/38","13/1871",0.0769230769230769,3.78744939271255,1.45173444629839,0.23479857851293,0.682580091447175,0.67166273871995,"BMPR2",1,"BMPR2"
"GO:0051148","negative regulation of muscle cell differentiation","1/38","13/1871",0.0769230769230769,3.78744939271255,1.45173444629839,0.23479857851293,0.682580091447175,0.67166273871995,"BMPR2",1,"BMPR2"
"GO:0051205","protein insertion into membrane","1/38","13/1871",0.0769230769230769,3.78744939271255,1.45173444629839,0.23479857851293,0.682580091447175,0.67166273871995,"TOMM40",1,"TOMM40"
"GO:0060606","tube closure","1/38","13/1871",0.0769230769230769,3.78744939271255,1.45173444629839,0.23479857851293,0.682580091447175,0.67166273871995,"RARG",1,"RARG"
"GO:0071675","regulation of mononuclear cell migration","1/38","13/1871",0.0769230769230769,3.78744939271255,1.45173444629839,0.23479857851293,0.682580091447175,0.67166273871995,"C5",1,"C5"
"GO:0072091","regulation of stem cell proliferation","1/38","13/1871",0.0769230769230769,3.78744939271255,1.45173444629839,0.23479857851293,0.682580091447175,0.67166273871995,"RARG",1,"RARG"
"GO:0090307","mitotic spindle assembly","1/38","13/1871",0.0769230769230769,3.78744939271255,1.45173444629839,0.23479857851293,0.682580091447175,0.67166273871995,"RAB11A",1,"RAB11A"
"GO:0141137","positive regulation of gene expression, epigenetic","1/38","13/1871",0.0769230769230769,3.78744939271255,1.45173444629839,0.23479857851293,0.682580091447175,0.67166273871995,"ALKBH4",1,"ALKBH4"
"GO:1902017","regulation of cilium assembly","1/38","13/1871",0.0769230769230769,3.78744939271255,1.45173444629839,0.23479857851293,0.682580091447175,0.67166273871995,"RAB11A",1,"RAB11A"
"GO:1903578","regulation of ATP metabolic process","1/38","13/1871",0.0769230769230769,3.78744939271255,1.45173444629839,0.23479857851293,0.682580091447175,0.67166273871995,"GIT1",1,"GIT1"
"GO:1990830","cellular response to leukemia inhibitory factor","1/38","13/1871",0.0769230769230769,3.78744939271255,1.45173444629839,0.23479857851293,0.682580091447175,0.67166273871995,"RARG",1,"RARG"
"GO:0061013","regulation of mRNA catabolic process","2/38","46/1871",0.0434782608695652,2.14073226544622,1.12761949654438,0.239393031485956,0.682580091447175,0.67166273871995,"GTPBP1/METTL16",2,"GTPBP1;METTL16"
"GO:1902105","regulation of leukocyte differentiation","2/38","46/1871",0.0434782608695652,2.14073226544622,1.12761949654438,0.239393031485956,0.682580091447175,0.67166273871995,"SOS1/ACIN1",2,"SOS1;ACIN1"
"GO:0008104","intracellular protein localization","8/38","296/1871",0.027027027027027,1.33072546230441,0.892698032860398,0.24331986941078,0.682580091447175,0.67166273871995,"LAMTOR4/TOM1L2/FCHSD2/ARF1/TOMM40/ZMYND8/GIT1/RAB11A",8,"LAMTOR4;TOM1L2;FCHSD2;ARF1;TOMM40;ZMYND8;GIT1;RAB11A"
"GO:1990778","protein localization to cell periphery","2/38","47/1871",0.0425531914893617,2.09518477043673,1.09459957949437,0.247016073743381,0.682580091447175,0.67166273871995,"GIT1/RAB11A",2,"GIT1;RAB11A"
"GO:0022402","cell cycle process","6/38","210/1871",0.0285714285714286,1.40676691729323,0.900537545704304,0.248383212794519,0.682580091447175,0.67166273871995,"ALKBH4/TOM1L2/KIF22/ARF1/GIT1/RAB11A",6,"ALKBH4;TOM1L2;KIF22;ARF1;GIT1;RAB11A"
"GO:0007166","cell surface receptor signaling pathway","8/38","298/1871",0.0268456375838926,1.32179441893324,0.872074620069011,0.249308143146073,0.682580091447175,0.67166273871995,"SOS1/BMPR2/DEDD/KREMEN1/C5/ZMYND8/RARG/GIT1",8,"SOS1;BMPR2;DEDD;KREMEN1;C5;ZMYND8;RARG;GIT1"
"GO:0001841","neural tube formation","1/38","14/1871",0.0714285714285714,3.51691729323308,1.3606874518645,0.250448553764011,0.682580091447175,0.67166273871995,"RARG",1,"RARG"
"GO:0003231","cardiac ventricle development","1/38","14/1871",0.0714285714285714,3.51691729323308,1.3606874518645,0.250448553764011,0.682580091447175,0.67166273871995,"BMPR2",1,"BMPR2"
"GO:0006140","regulation of nucleotide metabolic process","1/38","14/1871",0.0714285714285714,3.51691729323308,1.3606874518645,0.250448553764011,0.682580091447175,0.67166273871995,"GIT1",1,"GIT1"
"GO:0006356","regulation of transcription by RNA polymerase I","1/38","14/1871",0.0714285714285714,3.51691729323308,1.3606874518645,0.250448553764011,0.682580091447175,0.67166273871995,"DEDD",1,"DEDD"
"GO:0006892","post-Golgi vesicle-mediated transport","1/38","14/1871",0.0714285714285714,3.51691729323308,1.3606874518645,0.250448553764011,0.682580091447175,0.67166273871995,"RAB11A",1,"RAB11A"
"GO:0007498","mesoderm development","1/38","14/1871",0.0714285714285714,3.51691729323308,1.3606874518645,0.250448553764011,0.682580091447175,0.67166273871995,"BMPR2",1,"BMPR2"
"GO:0008217","regulation of blood pressure","1/38","14/1871",0.0714285714285714,3.51691729323308,1.3606874518645,0.250448553764011,0.682580091447175,0.67166273871995,"BMPR2",1,"BMPR2"
"GO:0008625","extrinsic apoptotic signaling pathway via death domain receptors","1/38","14/1871",0.0714285714285714,3.51691729323308,1.3606874518645,0.250448553764011,0.682580091447175,0.67166273871995,"DEDD",1,"DEDD"
"GO:0009124","nucleoside monophosphate biosynthetic process","1/38","14/1871",0.0714285714285714,3.51691729323308,1.3606874518645,0.250448553764011,0.682580091447175,0.67166273871995,"IMPDH2",1,"IMPDH2"
"GO:0014020","primary neural tube formation","1/38","14/1871",0.0714285714285714,3.51691729323308,1.3606874518645,0.250448553764011,0.682580091447175,0.67166273871995,"RARG",1,"RARG"
"GO:0019724","B cell mediated immunity","1/38","14/1871",0.0714285714285714,3.51691729323308,1.3606874518645,0.250448553764011,0.682580091447175,0.67166273871995,"C5",1,"C5"
"GO:0022612","gland morphogenesis","1/38","14/1871",0.0714285714285714,3.51691729323308,1.3606874518645,0.250448553764011,0.682580091447175,0.67166273871995,"RARG",1,"RARG"
"GO:0030041","actin filament polymerization","1/38","14/1871",0.0714285714285714,3.51691729323308,1.3606874518645,0.250448553764011,0.682580091447175,0.67166273871995,"FCHSD2",1,"FCHSD2"
"GO:0032467","positive regulation of cytokinesis","1/38","14/1871",0.0714285714285714,3.51691729323308,1.3606874518645,0.250448553764011,0.682580091447175,0.67166273871995,"RAB11A",1,"RAB11A"
"GO:0032784","regulation of DNA-templated transcription elongation","1/38","14/1871",0.0714285714285714,3.51691729323308,1.3606874518645,0.250448553764011,0.682580091447175,0.67166273871995,"ZMYND8",1,"ZMYND8"
"GO:0033077","T cell differentiation in thymus","1/38","14/1871",0.0714285714285714,3.51691729323308,1.3606874518645,0.250448553764011,0.682580091447175,0.67166273871995,"SOS1",1,"SOS1"
"GO:0035265","organ growth","1/38","14/1871",0.0714285714285714,3.51691729323308,1.3606874518645,0.250448553764011,0.682580091447175,0.67166273871995,"RARG",1,"RARG"
"GO:0046785","microtubule polymerization","1/38","14/1871",0.0714285714285714,3.51691729323308,1.3606874518645,0.250448553764011,0.682580091447175,0.67166273871995,"GIT1",1,"GIT1"
"GO:0051262","protein tetramerization","1/38","14/1871",0.0714285714285714,3.51691729323308,1.3606874518645,0.250448553764011,0.682580091447175,0.67166273871995,"FARSA",1,"FARSA"
"GO:0051784","negative regulation of nuclear division","1/38","14/1871",0.0714285714285714,3.51691729323308,1.3606874518645,0.250448553764011,0.682580091447175,0.67166273871995,"TOM1L2",1,"TOM1L2"
"GO:0071229","cellular response to acid chemical","1/38","14/1871",0.0714285714285714,3.51691729323308,1.3606874518645,0.250448553764011,0.682580091447175,0.67166273871995,"LAMTOR4",1,"LAMTOR4"
"GO:0071230","cellular response to amino acid stimulus","1/38","14/1871",0.0714285714285714,3.51691729323308,1.3606874518645,0.250448553764011,0.682580091447175,0.67166273871995,"LAMTOR4",1,"LAMTOR4"
"GO:1900542","regulation of purine nucleotide metabolic process","1/38","14/1871",0.0714285714285714,3.51691729323308,1.3606874518645,0.250448553764011,0.682580091447175,0.67166273871995,"GIT1",1,"GIT1"
"GO:1990823","response to leukemia inhibitory factor","1/38","14/1871",0.0714285714285714,3.51691729323308,1.3606874518645,0.250448553764011,0.682580091447175,0.67166273871995,"RARG",1,"RARG"
"GO:0071363","cellular response to growth factor stimulus","3/38","87/1871",0.0344827586206897,1.6978221415608,0.959485278458513,0.258202438874221,0.682580091447175,0.67166273871995,"SOS1/BMPR2/GIT1",3,"SOS1;BMPR2;GIT1"
"GO:0006996","organelle organization","12/38","484/1871",0.0247933884297521,1.22074815137016,0.811919355386839,0.260397403465305,0.682580091447175,0.67166273871995,"ALKBH4/ACIN1/TOM1L2/KIF22/FCHSD2/ARF1/ZMYM4/TOMM40/TMEM39A/ZMYND8/GIT1/RAB11A",12,"ALKBH4;ACIN1;TOM1L2;KIF22;FCHSD2;ARF1;ZMYM4;TOMM40;TMEM39A;ZMYND8;GIT1;RAB11A"
"GO:0015031","protein transport","5/38","171/1871",0.0292397660818713,1.43967374576793,0.868231417440476,0.26319176809668,0.682580091447175,0.67166273871995,"TOM1L2/FCHSD2/ARF1/TOMM40/RAB11A",5,"TOM1L2;FCHSD2;ARF1;TOMM40;RAB11A"
"GO:0001776","leukocyte homeostasis","1/38","15/1871",0.0666666666666667,3.28245614035088,1.27758691043022,0.265786709368194,0.682580091447175,0.67166273871995,"SOS1",1,"SOS1"
"GO:0001838","embryonic epithelial tube formation","1/38","15/1871",0.0666666666666667,3.28245614035088,1.27758691043022,0.265786709368194,0.682580091447175,0.67166273871995,"RARG",1,"RARG"
"GO:0003158","endothelium development","1/38","15/1871",0.0666666666666667,3.28245614035088,1.27758691043022,0.265786709368194,0.682580091447175,0.67166273871995,"BMPR2",1,"BMPR2"
"GO:0006970","response to osmotic stress","1/38","15/1871",0.0666666666666667,3.28245614035088,1.27758691043022,0.265786709368194,0.682580091447175,0.67166273871995,"TSC22D2",1,"TSC22D2"
"GO:0008037","cell recognition","1/38","15/1871",0.0666666666666667,3.28245614035088,1.27758691043022,0.265786709368194,0.682580091447175,0.67166273871995,"GIT1",1,"GIT1"
"GO:0008064","regulation of actin polymerization or depolymerization","1/38","15/1871",0.0666666666666667,3.28245614035088,1.27758691043022,0.265786709368194,0.682580091447175,0.67166273871995,"FCHSD2",1,"FCHSD2"
"GO:0009123","nucleoside monophosphate metabolic process","1/38","15/1871",0.0666666666666667,3.28245614035088,1.27758691043022,0.265786709368194,0.682580091447175,0.67166273871995,"IMPDH2",1,"IMPDH2"
"GO:0009145","purine nucleoside triphosphate biosynthetic process","1/38","15/1871",0.0666666666666667,3.28245614035088,1.27758691043022,0.265786709368194,0.682580091447175,0.67166273871995,"IMPDH2",1,"IMPDH2"
"GO:0009206","purine ribonucleoside triphosphate biosynthetic process","1/38","15/1871",0.0666666666666667,3.28245614035088,1.27758691043022,0.265786709368194,0.682580091447175,0.67166273871995,"IMPDH2",1,"IMPDH2"
"GO:0017157","regulation of exocytosis","1/38","15/1871",0.0666666666666667,3.28245614035088,1.27758691043022,0.265786709368194,0.682580091447175,0.67166273871995,"GIT1",1,"GIT1"
"GO:0030832","regulation of actin filament length","1/38","15/1871",0.0666666666666667,3.28245614035088,1.27758691043022,0.265786709368194,0.682580091447175,0.67166273871995,"FCHSD2",1,"FCHSD2"
"GO:0035150","regulation of tube size","1/38","15/1871",0.0666666666666667,3.28245614035088,1.27758691043022,0.265786709368194,0.682580091447175,0.67166273871995,"BMPR2",1,"BMPR2"
"GO:0035296","regulation of tube diameter","1/38","15/1871",0.0666666666666667,3.28245614035088,1.27758691043022,0.265786709368194,0.682580091447175,0.67166273871995,"BMPR2",1,"BMPR2"
"GO:0042129","regulation of T cell proliferation","1/38","15/1871",0.0666666666666667,3.28245614035088,1.27758691043022,0.265786709368194,0.682580091447175,0.67166273871995,"SOS1",1,"SOS1"
"GO:0045055","regulated exocytosis","1/38","15/1871",0.0666666666666667,3.28245614035088,1.27758691043022,0.265786709368194,0.682580091447175,0.67166273871995,"GIT1",1,"GIT1"
"GO:0045069","regulation of viral genome replication","1/38","15/1871",0.0666666666666667,3.28245614035088,1.27758691043022,0.265786709368194,0.682580091447175,0.67166273871995,"TMEM39A",1,"TMEM39A"
"GO:0048592","eye morphogenesis","1/38","15/1871",0.0666666666666667,3.28245614035088,1.27758691043022,0.265786709368194,0.682580091447175,0.67166273871995,"RARG",1,"RARG"
"GO:0050770","regulation of axonogenesis","1/38","15/1871",0.0666666666666667,3.28245614035088,1.27758691043022,0.265786709368194,0.682580091447175,0.67166273871995,"BMPR2",1,"BMPR2"
"GO:0060041","retina development in camera-type eye","1/38","15/1871",0.0666666666666667,3.28245614035088,1.27758691043022,0.265786709368194,0.682580091447175,0.67166273871995,"BMPR2",1,"BMPR2"
"GO:0061387","regulation of extent of cell growth","1/38","15/1871",0.0666666666666667,3.28245614035088,1.27758691043022,0.265786709368194,0.682580091447175,0.67166273871995,"BMPR2",1,"BMPR2"
"GO:0097746","blood vessel diameter maintenance","1/38","15/1871",0.0666666666666667,3.28245614035088,1.27758691043022,0.265786709368194,0.682580091447175,0.67166273871995,"BMPR2",1,"BMPR2"
"GO:0099175","regulation of postsynapse organization","1/38","15/1871",0.0666666666666667,3.28245614035088,1.27758691043022,0.265786709368194,0.682580091447175,0.67166273871995,"ZMYND8",1,"ZMYND8"
"GO:1903047","mitotic cell cycle process","4/38","130/1871",0.0307692307692308,1.51497975708502,0.876180972727778,0.268794430768828,0.682580091447175,0.67166273871995,"TOM1L2/KIF22/ARF1/RAB11A",4,"TOM1L2;KIF22;ARF1;RAB11A"
"GO:0030029","actin filament-based process","3/38","89/1871",0.0337078651685393,1.65966883500887,0.917906593711931,0.26939413829666,0.682580091447175,0.67166273871995,"ALKBH4/FCHSD2/ARF1",3,"ALKBH4;FCHSD2;ARF1"
"GO:0007015","actin filament organization","2/38","50/1871",0.04,1.96947368421053,1.00022435054146,0.269943178833352,0.682580091447175,0.67166273871995,"FCHSD2/ARF1",2,"FCHSD2;ARF1"
"GO:0006753","nucleoside phosphate metabolic process","3/38","90/1871",0.0333333333333333,1.64122807017544,0.897497380532409,0.27501507391243,0.682580091447175,0.67166273871995,"GTPBP1/IMPDH2/GIT1",3,"GTPBP1;IMPDH2;GIT1"
"GO:0051960","regulation of nervous system development","2/38","51/1871",0.0392156862745098,1.93085655314757,0.970205033931926,0.277593548499351,0.682580091447175,0.67166273871995,"BMPR2/RARG",2,"BMPR2;RARG"
"GO:0001704","formation of primary germ layer","1/38","16/1871",0.0625,3.07730263157895,1.20121065195738,0.280819093551388,0.682580091447175,0.67166273871995,"BMPR2",1,"BMPR2"
"GO:0001942","hair follicle development","1/38","16/1871",0.0625,3.07730263157895,1.20121065195738,0.280819093551388,0.682580091447175,0.67166273871995,"SOS1",1,"SOS1"
"GO:0002761","regulation of myeloid leukocyte differentiation","1/38","16/1871",0.0625,3.07730263157895,1.20121065195738,0.280819093551388,0.682580091447175,0.67166273871995,"ACIN1",1,"ACIN1"
"GO:0007006","mitochondrial membrane organization","1/38","16/1871",0.0625,3.07730263157895,1.20121065195738,0.280819093551388,0.682580091447175,0.67166273871995,"TOMM40",1,"TOMM40"
"GO:0007612","learning","1/38","16/1871",0.0625,3.07730263157895,1.20121065195738,0.280819093551388,0.682580091447175,0.67166273871995,"GIT1",1,"GIT1"
"GO:0010232","vascular transport","1/38","16/1871",0.0625,3.07730263157895,1.20121065195738,0.280819093551388,0.682580091447175,0.67166273871995,"SLC2A3",1,"SLC2A3"
"GO:0044272","sulfur compound biosynthetic process","1/38","16/1871",0.0625,3.07730263157895,1.20121065195738,0.280819093551388,0.682580091447175,0.67166273871995,"METTL16",1,"METTL16"
"GO:0048675","axon extension","1/38","16/1871",0.0625,3.07730263157895,1.20121065195738,0.280819093551388,0.682580091447175,0.67166273871995,"BMPR2",1,"BMPR2"
"GO:0090090","negative regulation of canonical Wnt signaling pathway","1/38","16/1871",0.0625,3.07730263157895,1.20121065195738,0.280819093551388,0.682580091447175,0.67166273871995,"KREMEN1",1,"KREMEN1"
"GO:0150104","transport across blood-brain barrier","1/38","16/1871",0.0625,3.07730263157895,1.20121065195738,0.280819093551388,0.682580091447175,0.67166273871995,"SLC2A3",1,"SLC2A3"
"GO:0170039","proteinogenic amino acid metabolic process","1/38","16/1871",0.0625,3.07730263157895,1.20121065195738,0.280819093551388,0.682580091447175,0.67166273871995,"ASL",1,"ASL"
"GO:1903076","regulation of protein localization to plasma membrane","1/38","16/1871",0.0625,3.07730263157895,1.20121065195738,0.280819093551388,0.682580091447175,0.67166273871995,"RAB11A",1,"RAB11A"
"GO:0010639","negative regulation of organelle organization","2/38","52/1871",0.0384615384615385,1.89372469635628,0.940850132421716,0.285242573045409,0.682580091447175,0.67166273871995,"TOM1L2/TMEM39A",2,"TOM1L2;TMEM39A"
"GO:0009896","positive regulation of catabolic process","3/38","92/1871",0.0326086956521739,1.60554919908467,0.857406443159678,0.286299837740161,0.682580091447175,0.67166273871995,"GTPBP1/GIT1/METTL16",3,"GTPBP1;GIT1;METTL16"
"GO:0051129","negative regulation of cellular component organization","3/38","92/1871",0.0326086956521739,1.60554919908467,0.857406443159678,0.286299837740161,0.682580091447175,0.67166273871995,"TOM1L2/KREMEN1/TMEM39A",3,"TOM1L2;KREMEN1;TMEM39A"
"GO:0070848","response to growth factor","3/38","92/1871",0.0326086956521739,1.60554919908467,0.857406443159678,0.286299837740161,0.682580091447175,0.67166273871995,"SOS1/BMPR2/GIT1",3,"SOS1;BMPR2;GIT1"
"GO:0048667","cell morphogenesis involved in neuron differentiation","2/38","53/1871",0.0377358490566038,1.85799404170804,0.912129782518194,0.292887227615495,0.682580091447175,0.67166273871995,"SOS1/BMPR2",2,"SOS1;BMPR2"
"GO:0098813","nuclear chromosome segregation","2/38","53/1871",0.0377358490566038,1.85799404170804,0.912129782518194,0.292887227615495,0.682580091447175,0.67166273871995,"KIF22/RAB11A",2,"KIF22;RAB11A"
"GO:0001101","response to acid chemical","1/38","17/1871",0.0588235294117647,2.89628482972136,1.13058842697764,0.295551640422033,0.682580091447175,0.67166273871995,"LAMTOR4",1,"LAMTOR4"
"GO:0001935","endothelial cell proliferation","1/38","17/1871",0.0588235294117647,2.89628482972136,1.13058842697764,0.295551640422033,0.682580091447175,0.67166273871995,"BMPR2",1,"BMPR2"
"GO:0003333","amino acid transmembrane transport","1/38","17/1871",0.0588235294117647,2.89628482972136,1.13058842697764,0.295551640422033,0.682580091447175,0.67166273871995,"SLC43A1",1,"SLC43A1"
"GO:0006487","protein N-linked glycosylation","1/38","17/1871",0.0588235294117647,2.89628482972136,1.13058842697764,0.295551640422033,0.682580091447175,0.67166273871995,"ALG8",1,"ALG8"
"GO:0007173","epidermal growth factor receptor signaling pathway","1/38","17/1871",0.0588235294117647,2.89628482972136,1.13058842697764,0.295551640422033,0.682580091447175,0.67166273871995,"SOS1",1,"SOS1"
"GO:0008277","regulation of G protein-coupled receptor signaling pathway","1/38","17/1871",0.0588235294117647,2.89628482972136,1.13058842697764,0.295551640422033,0.682580091447175,0.67166273871995,"GIT1",1,"GIT1"
"GO:0022404","molting cycle process","1/38","17/1871",0.0588235294117647,2.89628482972136,1.13058842697764,0.295551640422033,0.682580091447175,0.67166273871995,"SOS1",1,"SOS1"
"GO:0022405","hair cycle process","1/38","17/1871",0.0588235294117647,2.89628482972136,1.13058842697764,0.295551640422033,0.682580091447175,0.67166273871995,"SOS1",1,"SOS1"
"GO:0030509","BMP signaling pathway","1/38","17/1871",0.0588235294117647,2.89628482972136,1.13058842697764,0.295551640422033,0.682580091447175,0.67166273871995,"BMPR2",1,"BMPR2"
"GO:0031109","microtubule polymerization or depolymerization","1/38","17/1871",0.0588235294117647,2.89628482972136,1.13058842697764,0.295551640422033,0.682580091447175,0.67166273871995,"GIT1",1,"GIT1"
"GO:0031214","biomineral tissue development","1/38","17/1871",0.0588235294117647,2.89628482972136,1.13058842697764,0.295551640422033,0.682580091447175,0.67166273871995,"BMPR2",1,"BMPR2"
"GO:0031623","receptor internalization","1/38","17/1871",0.0588235294117647,2.89628482972136,1.13058842697764,0.295551640422033,0.682580091447175,0.67166273871995,"ARF1",1,"ARF1"
"GO:0034502","protein localization to chromosome","1/38","17/1871",0.0588235294117647,2.89628482972136,1.13058842697764,0.295551640422033,0.682580091447175,0.67166273871995,"ZMYND8",1,"ZMYND8"
"GO:0042475","odontogenesis of dentin-containing tooth","1/38","17/1871",0.0588235294117647,2.89628482972136,1.13058842697764,0.295551640422033,0.682580091447175,0.67166273871995,"ANKRD11",1,"ANKRD11"
"GO:0043200","response to amino acid","1/38","17/1871",0.0588235294117647,2.89628482972136,1.13058842697764,0.295551640422033,0.682580091447175,0.67166273871995,"LAMTOR4",1,"LAMTOR4"
"GO:0043473","pigmentation","1/38","17/1871",0.0588235294117647,2.89628482972136,1.13058842697764,0.295551640422033,0.682580091447175,0.67166273871995,"RAB11A",1,"RAB11A"
"GO:0045667","regulation of osteoblast differentiation","1/38","17/1871",0.0588235294117647,2.89628482972136,1.13058842697764,0.295551640422033,0.682580091447175,0.67166273871995,"BMPR2",1,"BMPR2"
"GO:0072175","epithelial tube formation","1/38","17/1871",0.0588235294117647,2.89628482972136,1.13058842697764,0.295551640422033,0.682580091447175,0.67166273871995,"RARG",1,"RARG"
"GO:0097194","execution phase of apoptosis","1/38","17/1871",0.0588235294117647,2.89628482972136,1.13058842697764,0.295551640422033,0.682580091447175,0.67166273871995,"ACIN1",1,"ACIN1"
"GO:0170033","L-amino acid metabolic process","1/38","17/1871",0.0588235294117647,2.89628482972136,1.13058842697764,0.295551640422033,0.682580091447175,0.67166273871995,"ASL",1,"ASL"
"GO:1903900","regulation of viral life cycle","1/38","17/1871",0.0588235294117647,2.89628482972136,1.13058842697764,0.295551640422033,0.682580091447175,0.67166273871995,"TMEM39A",1,"TMEM39A"
"GO:0009894","regulation of catabolic process","5/38","179/1871",0.0279329608938547,1.37533078506322,0.760102030069761,0.295618005093715,0.682580091447175,0.67166273871995,"DEDD/GTPBP1/TMEM39A/GIT1/METTL16",5,"DEDD;GTPBP1;TMEM39A;GIT1;METTL16"
"GO:0051253","negative regulation of RNA metabolic process","6/38","224/1871",0.0267857142857143,1.31884398496241,0.732127646703968,0.299118536760831,0.682580091447175,0.67166273871995,"ACIN1/DEDD/ZNF469/ZMYND8/RARG/METTL16",6,"ACIN1;DEDD;ZNF469;ZMYND8;RARG;METTL16"
"GO:0022411","cellular component disassembly","2/38","54/1871",0.037037037037037,1.82358674463938,0.884016016388723,0.300524604334696,0.682580091447175,0.67166273871995,"ACIN1/TMEM39A",2,"ACIN1;TMEM39A"
"GO:0048872","homeostasis of number of cells","2/38","54/1871",0.037037037037037,1.82358674463938,0.884016016388723,0.300524604334696,0.682580091447175,0.67166273871995,"SOS1/ACIN1",2,"SOS1;ACIN1"
"GO:0055086","nucleobase-containing small molecule metabolic process","3/38","95/1871",0.0315789473684211,1.55484764542936,0.798997533048661,0.303312991705194,0.682580091447175,0.67166273871995,"GTPBP1/IMPDH2/GIT1",3,"GTPBP1;IMPDH2;GIT1"
"GO:0048870","cell motility","5/38","181/1871",0.0276243093922652,1.3601337598139,0.733822695390824,0.3038545943479,0.682580091447175,0.67166273871995,"SOS1/BMPR2/C5/ZMYND8/RAB11A",5,"SOS1;BMPR2;C5;ZMYND8;RAB11A"
"GO:0000902","cell morphogenesis","3/38","96/1871",0.03125,1.53865131578947,0.779965749434485,0.309001466462929,0.682580091447175,0.67166273871995,"SOS1/BMPR2/ZMYM4",3,"SOS1;BMPR2;ZMYM4"
"GO:0006360","transcription by RNA polymerase I","1/38","18/1871",0.0555555555555556,2.73538011695906,1.06493850281682,0.309990172063869,0.682580091447175,0.67166273871995,"DEDD",1,"DEDD"
"GO:0006368","transcription elongation by RNA polymerase II","1/38","18/1871",0.0555555555555556,2.73538011695906,1.06493850281682,0.309990172063869,0.682580091447175,0.67166273871995,"ZMYND8",1,"ZMYND8"
"GO:0010389","regulation of G2/M transition of mitotic cell cycle","1/38","18/1871",0.0555555555555556,2.73538011695906,1.06493850281682,0.309990172063869,0.682580091447175,0.67166273871995,"RAB11A",1,"RAB11A"
"GO:0030326","embryonic limb morphogenesis","1/38","18/1871",0.0555555555555556,2.73538011695906,1.06493850281682,0.309990172063869,0.682580091447175,0.67166273871995,"RARG",1,"RARG"
"GO:0031345","negative regulation of cell projection organization","1/38","18/1871",0.0555555555555556,2.73538011695906,1.06493850281682,0.309990172063869,0.682580091447175,0.67166273871995,"KREMEN1",1,"KREMEN1"
"GO:0035113","embryonic appendage morphogenesis","1/38","18/1871",0.0555555555555556,2.73538011695906,1.06493850281682,0.309990172063869,0.682580091447175,0.67166273871995,"RARG",1,"RARG"
"GO:0048255","mRNA stabilization","1/38","18/1871",0.0555555555555556,2.73538011695906,1.06493850281682,0.309990172063869,0.682580091447175,0.67166273871995,"METTL16",1,"METTL16"
"GO:0062014","negative regulation of small molecule metabolic process","1/38","18/1871",0.0555555555555556,2.73538011695906,1.06493850281682,0.309990172063869,0.682580091447175,0.67166273871995,"GIT1",1,"GIT1"
"GO:0071772","response to BMP","1/38","18/1871",0.0555555555555556,2.73538011695906,1.06493850281682,0.309990172063869,0.682580091447175,0.67166273871995,"BMPR2",1,"BMPR2"
"GO:0071773","cellular response to BMP stimulus","1/38","18/1871",0.0555555555555556,2.73538011695906,1.06493850281682,0.309990172063869,0.682580091447175,0.67166273871995,"BMPR2",1,"BMPR2"
"GO:0098773","skin epidermis development","1/38","18/1871",0.0555555555555556,2.73538011695906,1.06493850281682,0.309990172063869,0.682580091447175,0.67166273871995,"SOS1",1,"SOS1"
"GO:0098876","vesicle-mediated transport to the plasma membrane","1/38","18/1871",0.0555555555555556,2.73538011695906,1.06493850281682,0.309990172063869,0.682580091447175,0.67166273871995,"RAB11A",1,"RAB11A"
"GO:0009605","response to external stimulus","6/38","228/1871",0.0263157894736842,1.29570637119114,0.685868239847046,0.314055818807755,0.682580091447175,0.67166273871995,"BMPR2/KREMEN1/ARF1/C5/S100A4/GIT1",6,"BMPR2;KREMEN1;ARF1;C5;S100A4;GIT1"
"GO:0071705","nitrogen compound transport","6/38","228/1871",0.0263157894736842,1.29570637119114,0.685868239847046,0.314055818807755,0.682580091447175,0.67166273871995,"TOM1L2/FCHSD2/ARF1/SLC43A1/TOMM40/RAB11A",6,"TOM1L2;FCHSD2;ARF1;SLC43A1;TOMM40;RAB11A"
"GO:0002009","morphogenesis of an epithelium","2/38","56/1871",0.0357142857142857,1.75845864661654,0.829504936042158,0.315766457976604,0.682580091447175,0.67166273871995,"SOS1/RARG",2,"SOS1;RARG"
"GO:0007186","G protein-coupled receptor signaling pathway","2/38","56/1871",0.0357142857142857,1.75845864661654,0.829504936042158,0.315766457976604,0.682580091447175,0.67166273871995,"C5/GIT1",2,"C5;GIT1"
"GO:0120031","plasma membrane bounded cell projection assembly","2/38","56/1871",0.0357142857142857,1.75845864661654,0.829504936042158,0.315766457976604,0.682580091447175,0.67166273871995,"ZMYND8/RAB11A",2,"ZMYND8;RAB11A"
"GO:0030031","cell projection assembly","2/38","57/1871",0.0350877192982456,1.72760849492151,0.803059855714458,0.323365674857711,0.682580091447175,0.67166273871995,"ZMYND8/RAB11A",2,"ZMYND8;RAB11A"
"GO:0045786","negative regulation of cell cycle","2/38","57/1871",0.0350877192982456,1.72760849492151,0.803059855714458,0.323365674857711,0.682580091447175,0.67166273871995,"TOM1L2/TSC22D2",2,"TOM1L2;TSC22D2"
"GO:0007049","cell cycle","7/38","276/1871",0.0253623188405797,1.24876048817696,0.644298272406895,0.324115109379436,0.682580091447175,0.67166273871995,"ALKBH4/TOM1L2/KIF22/ARF1/GIT1/RAB11A/TSC22D2",7,"ALKBH4;TOM1L2;KIF22;ARF1;GIT1;RAB11A;TSC22D2"
"GO:0000045","autophagosome assembly","1/38","19/1871",0.0526315789473684,2.59141274238227,1.00362277825876,0.324140400591431,0.682580091447175,0.67166273871995,"TMEM39A",1,"TMEM39A"
"GO:0001510","RNA methylation","1/38","19/1871",0.0526315789473684,2.59141274238227,1.00362277825876,0.324140400591431,0.682580091447175,0.67166273871995,"METTL16",1,"METTL16"
"GO:0002064","epithelial cell development","1/38","19/1871",0.0526315789473684,2.59141274238227,1.00362277825876,0.324140400591431,0.682580091447175,0.67166273871995,"RARG",1,"RARG"
"GO:0002244","hematopoietic progenitor cell differentiation","1/38","19/1871",0.0526315789473684,2.59141274238227,1.00362277825876,0.324140400591431,0.682580091447175,0.67166273871995,"SOS1",1,"SOS1"
"GO:0006836","neurotransmitter transport","1/38","19/1871",0.0526315789473684,2.59141274238227,1.00362277825876,0.324140400591431,0.682580091447175,0.67166273871995,"GIT1",1,"GIT1"
"GO:0008286","insulin receptor signaling pathway","1/38","19/1871",0.0526315789473684,2.59141274238227,1.00362277825876,0.324140400591431,0.682580091447175,0.67166273871995,"SOS1",1,"SOS1"
"GO:0009201","ribonucleoside triphosphate biosynthetic process","1/38","19/1871",0.0526315789473684,2.59141274238227,1.00362277825876,0.324140400591431,0.682580091447175,0.67166273871995,"IMPDH2",1,"IMPDH2"
"GO:0015695","organic cation transport","1/38","19/1871",0.0526315789473684,2.59141274238227,1.00362277825876,0.324140400591431,0.682580091447175,0.67166273871995,"SLC43A1",1,"SLC43A1"
"GO:0016331","morphogenesis of embryonic epithelium","1/38","19/1871",0.0526315789473684,2.59141274238227,1.00362277825876,0.324140400591431,0.682580091447175,0.67166273871995,"RARG",1,"RARG"
"GO:0035148","tube formation","1/38","19/1871",0.0526315789473684,2.59141274238227,1.00362277825876,0.324140400591431,0.682580091447175,0.67166273871995,"RARG",1,"RARG"
"GO:0038127","ERBB signaling pathway","1/38","19/1871",0.0526315789473684,2.59141274238227,1.00362277825876,0.324140400591431,0.682580091447175,0.67166273871995,"SOS1",1,"SOS1"
"GO:0048639","positive regulation of developmental growth","1/38","19/1871",0.0526315789473684,2.59141274238227,1.00362277825876,0.324140400591431,0.682580091447175,0.67166273871995,"BMPR2",1,"BMPR2"
"GO:0048660","regulation of smooth muscle cell proliferation","1/38","19/1871",0.0526315789473684,2.59141274238227,1.00362277825876,0.324140400591431,0.682580091447175,0.67166273871995,"BMPR2",1,"BMPR2"
"GO:0071887","leukocyte apoptotic process","1/38","19/1871",0.0526315789473684,2.59141274238227,1.00362277825876,0.324140400591431,0.682580091447175,0.67166273871995,"PLEKHO2",1,"PLEKHO2"
"GO:0097529","myeloid leukocyte migration","1/38","19/1871",0.0526315789473684,2.59141274238227,1.00362277825876,0.324140400591431,0.682580091447175,0.67166273871995,"C5",1,"C5"
"GO:1901605","alpha-amino acid metabolic process","1/38","19/1871",0.0526315789473684,2.59141274238227,1.00362277825876,0.324140400591431,0.682580091447175,0.67166273871995,"ASL",1,"ASL"
"GO:1903522","regulation of blood circulation","1/38","19/1871",0.0526315789473684,2.59141274238227,1.00362277825876,0.324140400591431,0.682580091447175,0.67166273871995,"BMPR2",1,"BMPR2"
"GO:0006402","mRNA catabolic process","2/38","58/1871",0.0344827586206897,1.6978221415608,0.777125588244106,0.330947087619885,0.682580091447175,0.67166273871995,"GTPBP1/METTL16",2,"GTPBP1;METTL16"
"GO:0016055","Wnt signaling pathway","2/38","58/1871",0.0344827586206897,1.6978221415608,0.777125588244106,0.330947087619885,0.682580091447175,0.67166273871995,"KREMEN1/RARG",2,"KREMEN1;RARG"
"GO:0048812","neuron projection morphogenesis","2/38","58/1871",0.0344827586206897,1.6978221415608,0.777125588244106,0.330947087619885,0.682580091447175,0.67166273871995,"SOS1/BMPR2",2,"SOS1;BMPR2"
"GO:0046649","lymphocyte activation","3/38","100/1871",0.03,1.47710526315789,0.705888807755777,0.331807178045262,0.682580091447175,0.67166273871995,"SOS1/IMPDH2/GIT1",3,"SOS1;IMPDH2;GIT1"
"GO:0051276","chromosome organization","3/38","100/1871",0.03,1.47710526315789,0.705888807755777,0.331807178045262,0.682580091447175,0.67166273871995,"ACIN1/KIF22/RAB11A",3,"ACIN1;KIF22;RAB11A"
"GO:0006096","glycolytic process","1/38","20/1871",0.05,2.46184210526316,0.946114338243641,0.338007930168929,0.682580091447175,0.67166273871995,"GIT1",1,"GIT1"
"GO:0006354","DNA-templated transcription elongation","1/38","20/1871",0.05,2.46184210526316,0.946114338243641,0.338007930168929,0.682580091447175,0.67166273871995,"ZMYND8",1,"ZMYND8"
"GO:0008154","actin polymerization or depolymerization","1/38","20/1871",0.05,2.46184210526316,0.946114338243641,0.338007930168929,0.682580091447175,0.67166273871995,"FCHSD2",1,"FCHSD2"
"GO:0009135","purine nucleoside diphosphate metabolic process","1/38","20/1871",0.05,2.46184210526316,0.946114338243641,0.338007930168929,0.682580091447175,0.67166273871995,"GIT1",1,"GIT1"
"GO:0009137","purine nucleoside diphosphate catabolic process","1/38","20/1871",0.05,2.46184210526316,0.946114338243641,0.338007930168929,0.682580091447175,0.67166273871995,"GIT1",1,"GIT1"
"GO:0009142","nucleoside triphosphate biosynthetic process","1/38","20/1871",0.05,2.46184210526316,0.946114338243641,0.338007930168929,0.682580091447175,0.67166273871995,"IMPDH2",1,"IMPDH2"
"GO:0009179","purine ribonucleoside diphosphate metabolic process","1/38","20/1871",0.05,2.46184210526316,0.946114338243641,0.338007930168929,0.682580091447175,0.67166273871995,"GIT1",1,"GIT1"
"GO:0009181","purine ribonucleoside diphosphate catabolic process","1/38","20/1871",0.05,2.46184210526316,0.946114338243641,0.338007930168929,0.682580091447175,0.67166273871995,"GIT1",1,"GIT1"
"GO:0019364","pyridine nucleotide catabolic process","1/38","20/1871",0.05,2.46184210526316,0.946114338243641,0.338007930168929,0.682580091447175,0.67166273871995,"GIT1",1,"GIT1"
"GO:0030308","negative regulation of cell growth","1/38","20/1871",0.05,2.46184210526316,0.946114338243641,0.338007930168929,0.682580091447175,0.67166273871995,"BMPR2",1,"BMPR2"
"GO:0035107","appendage morphogenesis","1/38","20/1871",0.05,2.46184210526316,0.946114338243641,0.338007930168929,0.682580091447175,0.67166273871995,"RARG",1,"RARG"
"GO:0035108","limb morphogenesis","1/38","20/1871",0.05,2.46184210526316,0.946114338243641,0.338007930168929,0.682580091447175,0.67166273871995,"RARG",1,"RARG"
"GO:0042177","negative regulation of protein catabolic process","1/38","20/1871",0.05,2.46184210526316,0.946114338243641,0.338007930168929,0.682580091447175,0.67166273871995,"DEDD",1,"DEDD"
"GO:0042476","odontogenesis","1/38","20/1871",0.05,2.46184210526316,0.946114338243641,0.338007930168929,0.682580091447175,0.67166273871995,"ANKRD11",1,"ANKRD11"
"GO:0043604","amide biosynthetic process","1/38","20/1871",0.05,2.46184210526316,0.946114338243641,0.338007930168929,0.682580091447175,0.67166273871995,"ASL",1,"ASL"
"GO:0046031","ADP metabolic process","1/38","20/1871",0.05,2.46184210526316,0.946114338243641,0.338007930168929,0.682580091447175,0.67166273871995,"GIT1",1,"GIT1"
"GO:0046032","ADP catabolic process","1/38","20/1871",0.05,2.46184210526316,0.946114338243641,0.338007930168929,0.682580091447175,0.67166273871995,"GIT1",1,"GIT1"
"GO:0048659","smooth muscle cell proliferation","1/38","20/1871",0.05,2.46184210526316,0.946114338243641,0.338007930168929,0.682580091447175,0.67166273871995,"BMPR2",1,"BMPR2"
"GO:0048771","tissue remodeling","1/38","20/1871",0.05,2.46184210526316,0.946114338243641,0.338007930168929,0.682580091447175,0.67166273871995,"BMPR2",1,"BMPR2"
"GO:0050792","regulation of viral process","1/38","20/1871",0.05,2.46184210526316,0.946114338243641,0.338007930168929,0.682580091447175,0.67166273871995,"TMEM39A",1,"TMEM39A"
"GO:0070507","regulation of microtubule cytoskeleton organization","1/38","20/1871",0.05,2.46184210526316,0.946114338243641,0.338007930168929,0.682580091447175,0.67166273871995,"GIT1",1,"GIT1"
"GO:0072089","stem cell proliferation","1/38","20/1871",0.05,2.46184210526316,0.946114338243641,0.338007930168929,0.682580091447175,0.67166273871995,"RARG",1,"RARG"
"GO:0072526","pyridine-containing compound catabolic process","1/38","20/1871",0.05,2.46184210526316,0.946114338243641,0.338007930168929,0.682580091447175,0.67166273871995,"GIT1",1,"GIT1"
"GO:0099504","synaptic vesicle cycle","1/38","20/1871",0.05,2.46184210526316,0.946114338243641,0.338007930168929,0.682580091447175,0.67166273871995,"GIT1",1,"GIT1"
"GO:1902373","negative regulation of mRNA catabolic process","1/38","20/1871",0.05,2.46184210526316,0.946114338243641,0.338007930168929,0.682580091447175,0.67166273871995,"METTL16",1,"METTL16"
"GO:1904263","positive regulation of TORC1 signaling","1/38","20/1871",0.05,2.46184210526316,0.946114338243641,0.338007930168929,0.682580091447175,0.67166273871995,"LAMTOR4",1,"LAMTOR4"
"GO:1904375","regulation of protein localization to cell periphery","1/38","20/1871",0.05,2.46184210526316,0.946114338243641,0.338007930168929,0.682580091447175,0.67166273871995,"RAB11A",1,"RAB11A"
"GO:1905037","autophagosome organization","1/38","20/1871",0.05,2.46184210526316,0.946114338243641,0.338007930168929,0.682580091447175,0.67166273871995,"TMEM39A",1,"TMEM39A"
"GO:1990138","neuron projection extension","1/38","20/1871",0.05,2.46184210526316,0.946114338243641,0.338007930168929,0.682580091447175,0.67166273871995,"BMPR2",1,"BMPR2"
"GO:0019725","cellular homeostasis","3/38","102/1871",0.0294117647058824,1.44814241486068,0.670013554409611,0.343223360920946,0.682580091447175,0.67166273871995,"ARF1/ASL/GIT1",3,"ARF1;ASL;GIT1"
"GO:0007610","behavior","2/38","60/1871",0.0333333333333333,1.64122807017544,0.72670859164887,0.346047116301816,0.682580091447175,0.67166273871995,"ASL/GIT1",2,"ASL;GIT1"
"GO:0120039","plasma membrane bounded cell projection morphogenesis","2/38","60/1871",0.0333333333333333,1.64122807017544,0.72670859164887,0.346047116301816,0.682580091447175,0.67166273871995,"SOS1/BMPR2",2,"SOS1;BMPR2"
"GO:0000245","spliceosomal complex assembly","1/38","21/1871",0.0476190476190476,2.34461152882206,0.891973563542131,0.351598258993122,0.682580091447175,0.67166273871995,"DDX46",1,"DDX46"
"GO:0009191","ribonucleoside diphosphate catabolic process","1/38","21/1871",0.0476190476190476,2.34461152882206,0.891973563542131,0.351598258993122,0.682580091447175,0.67166273871995,"GIT1",1,"GIT1"
"GO:0019079","viral genome replication","1/38","21/1871",0.0476190476190476,2.34461152882206,0.891973563542131,0.351598258993122,0.682580091447175,0.67166273871995,"TMEM39A",1,"TMEM39A"
"GO:0021915","neural tube development","1/38","21/1871",0.0476190476190476,2.34461152882206,0.891973563542131,0.351598258993122,0.682580091447175,0.67166273871995,"RARG",1,"RARG"
"GO:0030595","leukocyte chemotaxis","1/38","21/1871",0.0476190476190476,2.34461152882206,0.891973563542131,0.351598258993122,0.682580091447175,0.67166273871995,"C5",1,"C5"
"GO:0042303","molting cycle","1/38","21/1871",0.0476190476190476,2.34461152882206,0.891973563542131,0.351598258993122,0.682580091447175,0.67166273871995,"SOS1",1,"SOS1"
"GO:0042633","hair cycle","1/38","21/1871",0.0476190476190476,2.34461152882206,0.891973563542131,0.351598258993122,0.682580091447175,0.67166273871995,"SOS1",1,"SOS1"
"GO:0043489","RNA stabilization","1/38","21/1871",0.0476190476190476,2.34461152882206,0.891973563542131,0.351598258993122,0.682580091447175,0.67166273871995,"METTL16",1,"METTL16"
"GO:0045639","positive regulation of myeloid cell differentiation","1/38","21/1871",0.0476190476190476,2.34461152882206,0.891973563542131,0.351598258993122,0.682580091447175,0.67166273871995,"ACIN1",1,"ACIN1"
"GO:0048562","embryonic organ morphogenesis","1/38","21/1871",0.0476190476190476,2.34461152882206,0.891973563542131,0.351598258993122,0.682580091447175,0.67166273871995,"RARG",1,"RARG"
"GO:0051147","regulation of muscle cell differentiation","1/38","21/1871",0.0476190476190476,2.34461152882206,0.891973563542131,0.351598258993122,0.682580091447175,0.67166273871995,"BMPR2",1,"BMPR2"
"GO:0051781","positive regulation of cell division","1/38","21/1871",0.0476190476190476,2.34461152882206,0.891973563542131,0.351598258993122,0.682580091447175,0.67166273871995,"RAB11A",1,"RAB11A"
"GO:0071674","mononuclear cell migration","1/38","21/1871",0.0476190476190476,2.34461152882206,0.891973563542131,0.351598258993122,0.682580091447175,0.67166273871995,"C5",1,"C5"
"GO:0072655","establishment of protein localization to mitochondrion","1/38","21/1871",0.0476190476190476,2.34461152882206,0.891973563542131,0.351598258993122,0.682580091447175,0.67166273871995,"TOMM40",1,"TOMM40"
"GO:1902749","regulation of cell cycle G2/M phase transition","1/38","21/1871",0.0476190476190476,2.34461152882206,0.891973563542131,0.351598258993122,0.682580091447175,0.67166273871995,"RAB11A",1,"RAB11A"
"GO:0007264","small GTPase-mediated signal transduction","2/38","61/1871",0.0327868852459016,1.61432269197584,0.70218824818054,0.353561283175577,0.682580091447175,0.67166273871995,"SOS1/GIT1",2,"SOS1;GIT1"
"GO:0010720","positive regulation of cell development","2/38","61/1871",0.0327868852459016,1.61432269197584,0.70218824818054,0.353561283175577,0.682580091447175,0.67166273871995,"ACIN1/BMPR2",2,"ACIN1;BMPR2"
"GO:0030335","positive regulation of cell migration","2/38","61/1871",0.0327868852459016,1.61432269197584,0.70218824818054,0.353561283175577,0.682580091447175,0.67166273871995,"BMPR2/RAB11A",2,"BMPR2;RAB11A"
"GO:0048858","cell projection morphogenesis","2/38","61/1871",0.0327868852459016,1.61432269197584,0.70218824818054,0.353561283175577,0.682580091447175,0.67166273871995,"SOS1/BMPR2",2,"SOS1;BMPR2"
"GO:0022414","reproductive process","4/38","148/1871",0.027027027027027,1.33072546230441,0.6035138210005,0.353831049596263,0.682580091447175,0.67166273871995,"SOS1/BMPR2/DEDD/RARG",4,"SOS1;BMPR2;DEDD;RARG"
"GO:0006082","organic acid metabolic process","3/38","105/1871",0.0285714285714286,1.40676691729323,0.617555925478271,0.360337016060313,0.682580091447175,0.67166273871995,"ASL/SLC2A3/GIT1",3,"ASL;SLC2A3;GIT1"
"GO:0019752","carboxylic acid metabolic process","3/38","105/1871",0.0285714285714286,1.40676691729323,0.617555925478271,0.360337016060313,0.682580091447175,0.67166273871995,"ASL/SLC2A3/GIT1",3,"ASL;SLC2A3;GIT1"
"GO:0043436","oxoacid metabolic process","3/38","105/1871",0.0285714285714286,1.40676691729323,0.617555925478271,0.360337016060313,0.682580091447175,0.67166273871995,"ASL/SLC2A3/GIT1",3,"ASL;SLC2A3;GIT1"
"GO:0002685","regulation of leukocyte migration","1/38","22/1871",0.0454545454545455,2.23803827751196,0.840830247388594,0.36491678124083,0.682580091447175,0.67166273871995,"C5",1,"C5"
"GO:0006486","protein glycosylation","1/38","22/1871",0.0454545454545455,2.23803827751196,0.840830247388594,0.36491678124083,0.682580091447175,0.67166273871995,"ALG8",1,"ALG8"
"GO:0006865","amino acid transport","1/38","22/1871",0.0454545454545455,2.23803827751196,0.840830247388594,0.36491678124083,0.682580091447175,0.67166273871995,"SLC43A1",1,"SLC43A1"
"GO:0007009","plasma membrane organization","1/38","22/1871",0.0454545454545455,2.23803827751196,0.840830247388594,0.36491678124083,0.682580091447175,0.67166273871995,"PRX",1,"PRX"
"GO:0007292","female gamete generation","1/38","22/1871",0.0454545454545455,2.23803827751196,0.840830247388594,0.36491678124083,0.682580091447175,0.67166273871995,"SOS1",1,"SOS1"
"GO:0007611","learning or memory","1/38","22/1871",0.0454545454545455,2.23803827751196,0.840830247388594,0.36491678124083,0.682580091447175,0.67166273871995,"GIT1",1,"GIT1"
"GO:0009134","nucleoside diphosphate catabolic process","1/38","22/1871",0.0454545454545455,2.23803827751196,0.840830247388594,0.36491678124083,0.682580091447175,0.67166273871995,"GIT1",1,"GIT1"
"GO:0015718","monocarboxylic acid transport","1/38","22/1871",0.0454545454545455,2.23803827751196,0.840830247388594,0.36491678124083,0.682580091447175,0.67166273871995,"SLC16A11",1,"SLC16A11"
"GO:0016241","regulation of macroautophagy","1/38","22/1871",0.0454545454545455,2.23803827751196,0.840830247388594,0.36491678124083,0.682580091447175,0.67166273871995,"TMEM39A",1,"TMEM39A"
"GO:0030307","positive regulation of cell growth","1/38","22/1871",0.0454545454545455,2.23803827751196,0.840830247388594,0.36491678124083,0.682580091447175,0.67166273871995,"BMPR2",1,"BMPR2"
"GO:0043413","macromolecule glycosylation","1/38","22/1871",0.0454545454545455,2.23803827751196,0.840830247388594,0.36491678124083,0.682580091447175,0.67166273871995,"ALG8",1,"ALG8"
"GO:0050670","regulation of lymphocyte proliferation","1/38","22/1871",0.0454545454545455,2.23803827751196,0.840830247388594,0.36491678124083,0.682580091447175,0.67166273871995,"SOS1",1,"SOS1"
"GO:0050728","negative regulation of inflammatory response","1/38","22/1871",0.0454545454545455,2.23803827751196,0.840830247388594,0.36491678124083,0.682580091447175,0.67166273871995,"GIT1",1,"GIT1"
"GO:0051049","regulation of transport","4/38","151/1871",0.0264900662251656,1.30428720808644,0.561357222547873,0.368205795839433,0.682580091447175,0.67166273871995,"ARF1/SLC43A1/GIT1/RAB11A",4,"ARF1;SLC43A1;GIT1;RAB11A"
"GO:0007276","gamete generation","2/38","63/1871",0.0317460317460317,1.56307435254804,0.654437499918949,0.36850749967748,0.682580091447175,0.67166273871995,"SOS1/DEDD",2,"SOS1;DEDD"
"GO:2000147","positive regulation of cell motility","2/38","63/1871",0.0317460317460317,1.56307435254804,0.654437499918949,0.36850749967748,0.682580091447175,0.67166273871995,"BMPR2/RAB11A",2,"BMPR2;RAB11A"
"GO:1902533","positive regulation of intracellular signal transduction","4/38","152/1871",0.0263157894736842,1.29570637119114,0.547489641215517,0.372999298053658,0.682580091447175,0.67166273871995,"LAMTOR4/SOS1/BMPR2/S100A4",4,"LAMTOR4;SOS1;BMPR2;S100A4"
"GO:0016049","cell growth","2/38","64/1871",0.03125,1.53865131578947,0.631175314131435,0.375935649170937,0.682580091447175,0.67166273871995,"BMPR2/RARG",2,"BMPR2;RARG"
"GO:0022618","protein-RNA complex assembly","2/38","64/1871",0.03125,1.53865131578947,0.631175314131435,0.375935649170937,0.682580091447175,0.67166273871995,"DDX46/GEMIN8",2,"DDX46;GEMIN8"
"GO:0043254","regulation of protein-containing complex assembly","2/38","64/1871",0.03125,1.53865131578947,0.631175314131435,0.375935649170937,0.682580091447175,0.67166273871995,"FCHSD2/GIT1",2,"FCHSD2;GIT1"
"GO:0034655","nucleobase-containing compound catabolic process","3/38","108/1871",0.0277777777777778,1.36769005847953,0.566629235463589,0.377410467249342,0.682580091447175,0.67166273871995,"GTPBP1/GIT1/METTL16",3,"GTPBP1;GIT1;METTL16"
"GO:0071495","cellular response to endogenous stimulus","4/38","153/1871",0.0261437908496732,1.28723770209838,0.533711976482989,0.37779259440243,0.682580091447175,0.67166273871995,"SOS1/BMPR2/RARG/GIT1",4,"SOS1;BMPR2;RARG;GIT1"
"GO:0000086","G2/M transition of mitotic cell cycle","1/38","23/1871",0.0434782608695652,2.14073226544622,0.792370009174845,0.377968788981689,0.682580091447175,0.67166273871995,"RAB11A",1,"RAB11A"
"GO:0006090","pyruvate metabolic process","1/38","23/1871",0.0434782608695652,2.14073226544622,0.792370009174845,0.377968788981689,0.682580091447175,0.67166273871995,"GIT1",1,"GIT1"
"GO:0007052","mitotic spindle organization","1/38","23/1871",0.0434782608695652,2.14073226544622,0.792370009174845,0.377968788981689,0.682580091447175,0.67166273871995,"RAB11A",1,"RAB11A"
"GO:0032008","positive regulation of TOR signaling","1/38","23/1871",0.0434782608695652,2.14073226544622,0.792370009174845,0.377968788981689,0.682580091447175,0.67166273871995,"LAMTOR4",1,"LAMTOR4"
"GO:0032944","regulation of mononuclear cell proliferation","1/38","23/1871",0.0434782608695652,2.14073226544622,0.792370009174845,0.377968788981689,0.682580091447175,0.67166273871995,"SOS1",1,"SOS1"
"GO:0042098","T cell proliferation","1/38","23/1871",0.0434782608695652,2.14073226544622,0.792370009174845,0.377968788981689,0.682580091447175,0.67166273871995,"SOS1",1,"SOS1"
"GO:1902369","negative regulation of RNA catabolic process","1/38","23/1871",0.0434782608695652,2.14073226544622,0.792370009174845,0.377968788981689,0.682580091447175,0.67166273871995,"METTL16",1,"METTL16"
"GO:0003013","circulatory system process","2/38","65/1871",0.0307692307692308,1.51497975708502,0.608302123433337,0.383331369308553,0.682580091447175,0.67166273871995,"BMPR2/SLC2A3",2,"BMPR2;SLC2A3"
"GO:0009611","response to wounding","2/38","65/1871",0.0307692307692308,1.51497975708502,0.608302123433337,0.383331369308553,0.682580091447175,0.67166273871995,"KREMEN1/GIT1",2,"KREMEN1;GIT1"
"GO:0042592","homeostatic process","5/38","201/1871",0.0248756218905473,1.2247970672951,0.485581132155505,0.387913419339614,0.682580091447175,0.67166273871995,"SOS1/ACIN1/ARF1/ASL/GIT1",5,"SOS1;ACIN1;ARF1;ASL;GIT1"
"GO:0044281","small molecule metabolic process","5/38","201/1871",0.0248756218905473,1.2247970672951,0.485581132155505,0.387913419339614,0.682580091447175,0.67166273871995,"GTPBP1/ASL/SLC2A3/IMPDH2/GIT1",5,"GTPBP1;ASL;SLC2A3;IMPDH2;GIT1"
"GO:0007167","enzyme-linked receptor protein signaling pathway","3/38","110/1871",0.0272727272727273,1.34282296650718,0.533479754094091,0.388755936932504,0.682580091447175,0.67166273871995,"SOS1/BMPR2/GIT1",3,"SOS1;BMPR2;GIT1"
"GO:0071826","protein-RNA complex organization","2/38","66/1871",0.0303030303030303,1.49202551834131,0.585804038401025,0.390692921096281,0.682580091447175,0.67166273871995,"DDX46/GEMIN8",2,"DDX46;GEMIN8"
"GO:0072594","establishment of protein localization to organelle","2/38","66/1871",0.0303030303030303,1.49202551834131,0.585804038401025,0.390692921096281,0.682580091447175,0.67166273871995,"TOMM40/RAB11A",2,"TOMM40;RAB11A"
"GO:0001837","epithelial to mesenchymal transition","1/38","24/1871",0.0416666666666667,2.0515350877193,0.746323833915802,0.390759474056741,0.682580091447175,0.67166273871995,"S100A4",1,"S100A4"
"GO:0006195","purine nucleotide catabolic process","1/38","24/1871",0.0416666666666667,2.0515350877193,0.746323833915802,0.390759474056741,0.682580091447175,0.67166273871995,"GIT1",1,"GIT1"
"GO:0007088","regulation of mitotic nuclear division","1/38","24/1871",0.0416666666666667,2.0515350877193,0.746323833915802,0.390759474056741,0.682580091447175,0.67166273871995,"TOM1L2",1,"TOM1L2"
"GO:0009152","purine ribonucleotide biosynthetic process","1/38","24/1871",0.0416666666666667,2.0515350877193,0.746323833915802,0.390759474056741,0.682580091447175,0.67166273871995,"IMPDH2",1,"IMPDH2"
"GO:0009154","purine ribonucleotide catabolic process","1/38","24/1871",0.0416666666666667,2.0515350877193,0.746323833915802,0.390759474056741,0.682580091447175,0.67166273871995,"GIT1",1,"GIT1"
"GO:0010507","negative regulation of autophagy","1/38","24/1871",0.0416666666666667,2.0515350877193,0.746323833915802,0.390759474056741,0.682580091447175,0.67166273871995,"TMEM39A",1,"TMEM39A"
"GO:0030178","negative regulation of Wnt signaling pathway","1/38","24/1871",0.0416666666666667,2.0515350877193,0.746323833915802,0.390759474056741,0.682580091447175,0.67166273871995,"KREMEN1",1,"KREMEN1"
"GO:0043467","regulation of generation of precursor metabolites and energy","1/38","24/1871",0.0416666666666667,2.0515350877193,0.746323833915802,0.390759474056741,0.682580091447175,0.67166273871995,"GIT1",1,"GIT1"
"GO:0050851","antigen receptor-mediated signaling pathway","1/38","24/1871",0.0416666666666667,2.0515350877193,0.746323833915802,0.390759474056741,0.682580091447175,0.67166273871995,"SOS1",1,"SOS1"
"GO:0070085","glycosylation","1/38","24/1871",0.0416666666666667,2.0515350877193,0.746323833915802,0.390759474056741,0.682580091447175,0.67166273871995,"ALG8",1,"ALG8"
"GO:0090596","sensory organ morphogenesis","1/38","24/1871",0.0416666666666667,2.0515350877193,0.746323833915802,0.390759474056741,0.682580091447175,0.67166273871995,"RARG",1,"RARG"
"GO:1903432","regulation of TORC1 signaling","1/38","24/1871",0.0416666666666667,2.0515350877193,0.746323833915802,0.390759474056741,0.682580091447175,0.67166273871995,"LAMTOR4",1,"LAMTOR4"
"GO:0002376","immune system process","7/38","295/1871",0.023728813559322,1.16833184656557,0.453451202650554,0.391501709245734,0.682580091447175,0.67166273871995,"SOS1/ACIN1/GTPBP1/C5/IMPDH2/RARG/GIT1",7,"SOS1;ACIN1;GTPBP1;C5;IMPDH2;RARG;GIT1"
"GO:0050793","regulation of developmental process","7/38","295/1871",0.023728813559322,1.16833184656557,0.453451202650554,0.391501709245734,0.682580091447175,0.67166273871995,"SOS1/ACIN1/BMPR2/KREMEN1/ZMYM4/ZMYND8/RARG",7,"SOS1;ACIN1;BMPR2;KREMEN1;ZMYM4;ZMYND8;RARG"
"GO:0030855","epithelial cell differentiation","2/38","67/1871",0.0298507462686567,1.46975648075412,0.563667875392929,0.398018645514985,0.682580091447175,0.67166273871995,"BMPR2/RARG",2,"BMPR2;RARG"
"GO:0040017","positive regulation of locomotion","2/38","67/1871",0.0298507462686567,1.46975648075412,0.563667875392929,0.398018645514985,0.682580091447175,0.67166273871995,"BMPR2/RAB11A",2,"BMPR2;RAB11A"
"GO:0002449","lymphocyte mediated immunity","1/38","25/1871",0.04,1.96947368421053,0.702459920150118,0.403293929923468,0.682580091447175,0.67166273871995,"C5",1,"C5"
"GO:0006109","regulation of carbohydrate metabolic process","1/38","25/1871",0.04,1.96947368421053,0.702459920150118,0.403293929923468,0.682580091447175,0.67166273871995,"GIT1",1,"GIT1"
"GO:0009261","ribonucleotide catabolic process","1/38","25/1871",0.04,1.96947368421053,0.702459920150118,0.403293929923468,0.682580091447175,0.67166273871995,"GIT1",1,"GIT1"
"GO:0050779","RNA destabilization","1/38","25/1871",0.04,1.96947368421053,0.702459920150118,0.403293929923468,0.682580091447175,0.67166273871995,"METTL16",1,"METTL16"
"GO:0050890","cognition","1/38","25/1871",0.04,1.96947368421053,0.702459920150118,0.403293929923468,0.682580091447175,0.67166273871995,"GIT1",1,"GIT1"
"GO:0051225","spindle assembly","1/38","25/1871",0.04,1.96947368421053,0.702459920150118,0.403293929923468,0.682580091447175,0.67166273871995,"RAB11A",1,"RAB11A"
"GO:0051650","establishment of vesicle localization","1/38","25/1871",0.04,1.96947368421053,0.702459920150118,0.403293929923468,0.682580091447175,0.67166273871995,"RAB11A",1,"RAB11A"
"GO:0061157","mRNA destabilization","1/38","25/1871",0.04,1.96947368421053,0.702459920150118,0.403293929923468,0.682580091447175,0.67166273871995,"METTL16",1,"METTL16"
"GO:0141193","nuclear receptor-mediated signaling pathway","1/38","25/1871",0.04,1.96947368421053,0.702459920150118,0.403293929923468,0.682580091447175,0.67166273871995,"RARG",1,"RARG"
"GO:1901992","positive regulation of mitotic cell cycle phase transition","1/38","25/1871",0.04,1.96947368421053,0.702459920150118,0.403293929923468,0.682580091447175,0.67166273871995,"RAB11A",1,"RAB11A"
"GO:1902850","microtubule cytoskeleton organization involved in mitosis","1/38","25/1871",0.04,1.96947368421053,0.702459920150118,0.403293929923468,0.682580091447175,0.67166273871995,"RAB11A",1,"RAB11A"
"GO:0007169","cell surface receptor protein tyrosine kinase signaling pathway","2/38","68/1871",0.0294117647058824,1.44814241486068,0.541881110505138,0.405306961141387,0.682580091447175,0.67166273871995,"SOS1/GIT1",2,"SOS1;GIT1"
"GO:0016072","rRNA metabolic process","2/38","68/1871",0.0294117647058824,1.44814241486068,0.541881110505138,0.405306961141387,0.682580091447175,0.67166273871995,"DEDD/METTL16",2,"DEDD;METTL16"
"GO:0045321","leukocyte activation","3/38","113/1871",0.0265486725663717,1.30717279925477,0.48489076286454,0.405698404155573,0.682580091447175,0.67166273871995,"SOS1/IMPDH2/GIT1",3,"SOS1;IMPDH2;GIT1"
"GO:0003008","system process","4/38","159/1871",0.0251572327044025,1.23866269447203,0.452858569672464,0.406510187623537,0.682580091447175,0.67166273871995,"BMPR2/SLC2A3/ZMYND8/GIT1",4,"BMPR2;SLC2A3;ZMYND8;GIT1"
"GO:0000278","mitotic cell cycle","4/38","160/1871",0.025,1.23092105263158,0.439673088527524,0.41128329702548,0.682580091447175,0.67166273871995,"TOM1L2/KIF22/ARF1/RAB11A",4,"TOM1L2;KIF22;ARF1;RAB11A"
"GO:0002253","activation of immune response","2/38","69/1871",0.0289855072463768,1.42715484363082,0.52043183716793,0.412556361828517,0.682580091447175,0.67166273871995,"SOS1/C5",2,"SOS1;C5"
"GO:0030099","myeloid cell differentiation","2/38","69/1871",0.0289855072463768,1.42715484363082,0.52043183716793,0.412556361828517,0.682580091447175,0.67166273871995,"ACIN1/RARG",2,"ACIN1;RARG"
"GO:0060341","regulation of cellular localization","2/38","69/1871",0.0289855072463768,1.42715484363082,0.52043183716793,0.412556361828517,0.682580091447175,0.67166273871995,"ZMYND8/RAB11A",2,"ZMYND8;RAB11A"
"GO:0006164","purine nucleotide biosynthetic process","1/38","26/1871",0.0384615384615385,1.89372469635628,0.660577256278775,0.415577153467839,0.682580091447175,0.67166273871995,"IMPDH2",1,"IMPDH2"
"GO:0009185","ribonucleoside diphosphate metabolic process","1/38","26/1871",0.0384615384615385,1.89372469635628,0.660577256278775,0.415577153467839,0.682580091447175,0.67166273871995,"GIT1",1,"GIT1"
"GO:0010563","negative regulation of phosphorus metabolic process","1/38","26/1871",0.0384615384615385,1.89372469635628,0.660577256278775,0.415577153467839,0.682580091447175,0.67166273871995,"GIT1",1,"GIT1"
"GO:0022604","regulation of cell morphogenesis","1/38","26/1871",0.0384615384615385,1.89372469635628,0.660577256278775,0.415577153467839,0.682580091447175,0.67166273871995,"ZMYM4",1,"ZMYM4"
"GO:0030324","lung development","1/38","26/1871",0.0384615384615385,1.89372469635628,0.660577256278775,0.415577153467839,0.682580091447175,0.67166273871995,"BMPR2",1,"BMPR2"
"GO:0031032","actomyosin structure organization","1/38","26/1871",0.0384615384615385,1.89372469635628,0.660577256278775,0.415577153467839,0.682580091447175,0.67166273871995,"ALKBH4",1,"ALKBH4"
"GO:0031099","regeneration","1/38","26/1871",0.0384615384615385,1.89372469635628,0.660577256278775,0.415577153467839,0.682580091447175,0.67166273871995,"KREMEN1",1,"KREMEN1"
"GO:0033002","muscle cell proliferation","1/38","26/1871",0.0384615384615385,1.89372469635628,0.660577256278775,0.415577153467839,0.682580091447175,0.67166273871995,"BMPR2",1,"BMPR2"
"GO:0043414","macromolecule methylation","1/38","26/1871",0.0384615384615385,1.89372469635628,0.660577256278775,0.415577153467839,0.682580091447175,0.67166273871995,"METTL16",1,"METTL16"
"GO:0045926","negative regulation of growth","1/38","26/1871",0.0384615384615385,1.89372469635628,0.660577256278775,0.415577153467839,0.682580091447175,0.67166273871995,"BMPR2",1,"BMPR2"
"GO:0045936","negative regulation of phosphate metabolic process","1/38","26/1871",0.0384615384615385,1.89372469635628,0.660577256278775,0.415577153467839,0.682580091447175,0.67166273871995,"GIT1",1,"GIT1"
"GO:0051648","vesicle localization","1/38","26/1871",0.0384615384615385,1.89372469635628,0.660577256278775,0.415577153467839,0.682580091447175,0.67166273871995,"RAB11A",1,"RAB11A"
"GO:0051783","regulation of nuclear division","1/38","26/1871",0.0384615384615385,1.89372469635628,0.660577256278775,0.415577153467839,0.682580091447175,0.67166273871995,"TOM1L2",1,"TOM1L2"
"GO:0070663","regulation of leukocyte proliferation","1/38","26/1871",0.0384615384615385,1.89372469635628,0.660577256278775,0.415577153467839,0.682580091447175,0.67166273871995,"SOS1",1,"SOS1"
"GO:0071222","cellular response to lipopolysaccharide","1/38","26/1871",0.0384615384615385,1.89372469635628,0.660577256278775,0.415577153467839,0.682580091447175,0.67166273871995,"GIT1",1,"GIT1"
"GO:0051093","negative regulation of developmental process","3/38","115/1871",0.0260869565217391,1.28443935926773,0.453218600254029,0.416931598199373,0.683624051530352,0.672690001450532,"BMPR2/KREMEN1/RARG",3,"BMPR2;KREMEN1;RARG"
"GO:0007059","chromosome segregation","2/38","70/1871",0.0285714285714286,1.40676691729323,0.499308727046686,0.419765414444316,0.685768901334797,0.674800546003248,"KIF22/RAB11A",2,"KIF22;RAB11A"
"GO:0071396","cellular response to lipid","2/38","70/1871",0.0285714285714286,1.40676691729323,0.499308727046686,0.419765414444316,0.685768901334797,0.674800546003248,"RARG/GIT1",2,"RARG;GIT1"
"GO:0010558","negative regulation of macromolecule biosynthetic process","8/38","351/1871",0.0227920227920228,1.12220722747039,0.36564532466597,0.421940228814244,0.685768901334797,0.674800546003248,"ACIN1/DEDD/ZNF469/GTPBP1/ZMYND8/RARG/GIT1/METTL16",8,"ACIN1;DEDD;ZNF469;GTPBP1;ZMYND8;RARG;GIT1;METTL16"
"GO:0016192","vesicle-mediated transport","4/38","163/1871",0.0245398773006135,1.20826606393284,0.400589671331064,0.425567443488797,0.685768901334797,0.674800546003248,"FCHSD2/ARF1/GIT1/RAB11A",4,"FCHSD2;ARF1;GIT1;RAB11A"
"GO:0045184","establishment of protein localization","5/38","210/1871",0.0238095238095238,1.17230576441103,0.381466150752747,0.426060373843505,0.685768901334797,0.674800546003248,"TOM1L2/FCHSD2/ARF1/TOMM40/RAB11A",5,"TOM1L2;FCHSD2;ARF1;TOMM40;RAB11A"
"GO:0001818","negative regulation of cytokine production","1/38","27/1871",0.037037037037037,1.82358674463938,0.620500507429896,0.427614046783948,0.685768901334797,0.674800546003248,"GIT1",1,"GIT1"
"GO:0007369","gastrulation","1/38","27/1871",0.037037037037037,1.82358674463938,0.620500507429896,0.427614046783948,0.685768901334797,0.674800546003248,"BMPR2",1,"BMPR2"
"GO:0009267","cellular response to starvation","1/38","27/1871",0.037037037037037,1.82358674463938,0.620500507429896,0.427614046783948,0.685768901334797,0.674800546003248,"BMPR2",1,"BMPR2"
"GO:0016052","carbohydrate catabolic process","1/38","27/1871",0.037037037037037,1.82358674463938,0.620500507429896,0.427614046783948,0.685768901334797,0.674800546003248,"GIT1",1,"GIT1"
"GO:0030323","respiratory tube development","1/38","27/1871",0.037037037037037,1.82358674463938,0.620500507429896,0.427614046783948,0.685768901334797,0.674800546003248,"BMPR2",1,"BMPR2"
"GO:0038202","TORC1 signaling","1/38","27/1871",0.037037037037037,1.82358674463938,0.620500507429896,0.427614046783948,0.685768901334797,0.674800546003248,"LAMTOR4",1,"LAMTOR4"
"GO:0046496","nicotinamide nucleotide metabolic process","1/38","27/1871",0.037037037037037,1.82358674463938,0.620500507429896,0.427614046783948,0.685768901334797,0.674800546003248,"GIT1",1,"GIT1"
"GO:0071219","cellular response to molecule of bacterial origin","1/38","27/1871",0.037037037037037,1.82358674463938,0.620500507429896,0.427614046783948,0.685768901334797,0.674800546003248,"GIT1",1,"GIT1"
"GO:0040007","growth","3/38","118/1871",0.0254237288135593,1.25178412132025,0.40673332094016,0.433670474735906,0.690708028751467,0.679660675809457,"SOS1/BMPR2/RARG",3,"SOS1;BMPR2;RARG"
"GO:0006401","RNA catabolic process","2/38","72/1871",0.0277777777777778,1.36769005847953,0.457998360447945,0.434057094836528,0.690708028751467,0.679660675809457,"GTPBP1/METTL16",2,"GTPBP1;METTL16"
"GO:0007017","microtubule-based process","3/38","119/1871",0.0252100840336134,1.24126492702344,0.391500202883843,0.43921707469663,0.690708028751467,0.679660675809457,"KIF22/GIT1/RAB11A",3,"KIF22;GIT1;RAB11A"
"GO:0002460","adaptive immune response based on somatic recombination of immune receptors built from immunoglobulin superfamily domains","1/38","28/1871",0.0357142857142857,1.75845864661654,0.58207590749203,0.439409418921806,0.690708028751467,0.679660675809457,"C5",1,"C5"
"GO:0009132","nucleoside diphosphate metabolic process","1/38","28/1871",0.0357142857142857,1.75845864661654,0.58207590749203,0.439409418921806,0.690708028751467,0.679660675809457,"GIT1",1,"GIT1"
"GO:0009166","nucleotide catabolic process","1/38","28/1871",0.0357142857142857,1.75845864661654,0.58207590749203,0.439409418921806,0.690708028751467,0.679660675809457,"GIT1",1,"GIT1"
"GO:0009755","hormone-mediated signaling pathway","1/38","28/1871",0.0357142857142857,1.75845864661654,0.58207590749203,0.439409418921806,0.690708028751467,0.679660675809457,"RARG",1,"RARG"
"GO:0032543","mitochondrial translation","1/38","28/1871",0.0357142857142857,1.75845864661654,0.58207590749203,0.439409418921806,0.690708028751467,0.679660675809457,"MRPS10",1,"MRPS10"
"GO:0044839","cell cycle G2/M phase transition","1/38","28/1871",0.0357142857142857,1.75845864661654,0.58207590749203,0.439409418921806,0.690708028751467,0.679660675809457,"RAB11A",1,"RAB11A"
"GO:0060326","cell chemotaxis","1/38","28/1871",0.0357142857142857,1.75845864661654,0.58207590749203,0.439409418921806,0.690708028751467,0.679660675809457,"C5",1,"C5"
"GO:0072523","purine-containing compound catabolic process","1/38","28/1871",0.0357142857142857,1.75845864661654,0.58207590749203,0.439409418921806,0.690708028751467,0.679660675809457,"GIT1",1,"GIT1"
"GO:0072524","pyridine-containing compound metabolic process","1/38","28/1871",0.0357142857142857,1.75845864661654,0.58207590749203,0.439409418921806,0.690708028751467,0.679660675809457,"GIT1",1,"GIT1"
"GO:0032879","regulation of localization","5/38","215/1871",0.0232558139534884,1.14504283965728,0.325399384139194,0.44715070577264,0.694537055680842,0.683428460346747,"ARF1/SLC43A1/ZMYND8/GIT1/RAB11A",5,"ARF1;SLC43A1;ZMYND8;GIT1;RAB11A"
"GO:0005975","carbohydrate metabolic process","2/38","74/1871",0.027027027027027,1.33072546230441,0.41786964351893,0.448171915166049,0.694537055680842,0.683428460346747,"SLC2A3/GIT1",2,"SLC2A3;GIT1"
"GO:0007507","heart development","2/38","74/1871",0.027027027027027,1.33072546230441,0.41786964351893,0.448171915166049,0.694537055680842,0.683428460346747,"SOS1/BMPR2",2,"SOS1;BMPR2"
"GO:0031667","response to nutrient levels","2/38","74/1871",0.027027027027027,1.33072546230441,0.41786964351893,0.448171915166049,0.694537055680842,0.683428460346747,"BMPR2/ASL",2,"BMPR2;ASL"
"GO:0043065","positive regulation of apoptotic process","2/38","74/1871",0.027027027027027,1.33072546230441,0.41786964351893,0.448171915166049,0.694537055680842,0.683428460346747,"ACIN1/RARG",2,"ACIN1;RARG"
"GO:0141188","nucleic acid catabolic process","2/38","74/1871",0.027027027027027,1.33072546230441,0.41786964351893,0.448171915166049,0.694537055680842,0.683428460346747,"GTPBP1/METTL16",2,"GTPBP1;METTL16"
"GO:0009890","negative regulation of biosynthetic process","8/38","359/1871",0.0222841225626741,1.09719982407272,0.294895521220829,0.449076441183553,0.694537055680842,0.683428460346747,"ACIN1/DEDD/ZNF469/GTPBP1/ZMYND8/RARG/GIT1/METTL16",8,"ACIN1;DEDD;ZNF469;GTPBP1;ZMYND8;RARG;GIT1;METTL16"
"GO:0071345","cellular response to cytokine stimulus","3/38","121/1871",0.0247933884297521,1.22074815137016,0.361411614564932,0.450255825836155,0.694537055680842,0.683428460346747,"SOS1/IMPDH2/RARG",3,"SOS1;IMPDH2;RARG"
"GO:0032869","cellular response to insulin stimulus","1/38","29/1871",0.0344827586206897,1.6978221415608,0.545167930319684,0.450967987603831,0.694537055680842,0.683428460346747,"SOS1",1,"SOS1"
"GO:0045580","regulation of T cell differentiation","1/38","29/1871",0.0344827586206897,1.6978221415608,0.545167930319684,0.450967987603831,0.694537055680842,0.683428460346747,"SOS1",1,"SOS1"
"GO:1901989","positive regulation of cell cycle phase transition","1/38","29/1871",0.0344827586206897,1.6978221415608,0.545167930319684,0.450967987603831,0.694537055680842,0.683428460346747,"RAB11A",1,"RAB11A"
"GO:0010256","endomembrane system organization","2/38","75/1871",0.0266666666666667,1.31298245614035,0.398225282470446,0.455160134724463,0.694537055680842,0.683428460346747,"PRX/RAB11A",2,"PRX;RAB11A"
"GO:0032940","secretion by cell","2/38","75/1871",0.0266666666666667,1.31298245614035,0.398225282470446,0.455160134724463,0.694537055680842,0.683428460346747,"GIT1/RAB11A",2,"GIT1;RAB11A"
"GO:0043068","positive regulation of programmed cell death","2/38","75/1871",0.0266666666666667,1.31298245614035,0.398225282470446,0.455160134724463,0.694537055680842,0.683428460346747,"ACIN1/RARG",2,"ACIN1;RARG"
"GO:0022613","ribonucleoprotein complex biogenesis","3/38","122/1871",0.0245901639344262,1.21074201898188,0.346551287063538,0.455746415624388,0.694537055680842,0.683428460346747,"DDX46/METTL16/GEMIN8",3,"DDX46;METTL16;GEMIN8"
"GO:0035295","tube development","3/38","122/1871",0.0245901639344262,1.21074201898188,0.346551287063538,0.455746415624388,0.694537055680842,0.683428460346747,"SOS1/BMPR2/RARG",3,"SOS1;BMPR2;RARG"
"GO:0033036","macromolecule localization","8/38","362/1871",0.0220994475138122,1.08810700785112,0.268689989992165,0.459239449256907,0.694537055680842,0.683428460346747,"LAMTOR4/TOM1L2/FCHSD2/ARF1/TOMM40/ZMYND8/GIT1/RAB11A",8,"LAMTOR4;TOM1L2;FCHSD2;ARF1;TOMM40;ZMYND8;GIT1;RAB11A"
"GO:0009260","ribonucleotide biosynthetic process","1/38","30/1871",0.0333333333333333,1.64122807017544,0.50965657086356,0.462294380910592,0.694537055680842,0.683428460346747,"IMPDH2",1,"IMPDH2"
"GO:0030198","extracellular matrix organization","1/38","30/1871",0.0333333333333333,1.64122807017544,0.50965657086356,0.462294380910592,0.694537055680842,0.683428460346747,"ZNF469",1,"ZNF469"
"GO:0030218","erythrocyte differentiation","1/38","30/1871",0.0333333333333333,1.64122807017544,0.50965657086356,0.462294380910592,0.694537055680842,0.683428460346747,"ACIN1",1,"ACIN1"
"GO:0043062","extracellular structure organization","1/38","30/1871",0.0333333333333333,1.64122807017544,0.50965657086356,0.462294380910592,0.694537055680842,0.683428460346747,"ZNF469",1,"ZNF469"
"GO:0043123","positive regulation of canonical NF-kappaB signal transduction","1/38","30/1871",0.0333333333333333,1.64122807017544,0.50965657086356,0.462294380910592,0.694537055680842,0.683428460346747,"S100A4",1,"S100A4"
"GO:0045229","external encapsulating structure organization","1/38","30/1871",0.0333333333333333,1.64122807017544,0.50965657086356,0.462294380910592,0.694537055680842,0.683428460346747,"ZNF469",1,"ZNF469"
"GO:0046390","ribose phosphate biosynthetic process","1/38","30/1871",0.0333333333333333,1.64122807017544,0.50965657086356,0.462294380910592,0.694537055680842,0.683428460346747,"IMPDH2",1,"IMPDH2"
"GO:0050803","regulation of synapse structure or activity","1/38","30/1871",0.0333333333333333,1.64122807017544,0.50965657086356,0.462294380910592,0.694537055680842,0.683428460346747,"ZMYND8",1,"ZMYND8"
"GO:0050807","regulation of synapse organization","1/38","30/1871",0.0333333333333333,1.64122807017544,0.50965657086356,0.462294380910592,0.694537055680842,0.683428460346747,"ZMYND8",1,"ZMYND8"
"GO:1902107","positive regulation of leukocyte differentiation","1/38","30/1871",0.0333333333333333,1.64122807017544,0.50965657086356,0.462294380910592,0.694537055680842,0.683428460346747,"ACIN1",1,"ACIN1"
"GO:1903708","positive regulation of hemopoiesis","1/38","30/1871",0.0333333333333333,1.64122807017544,0.50965657086356,0.462294380910592,0.694537055680842,0.683428460346747,"ACIN1",1,"ACIN1"
"GO:2000026","regulation of multicellular organismal development","4/38","171/1871",0.0233918128654971,1.15173899661434,0.29964164424092,0.46329676035025,0.694945140525374,0.683830018182587,"SOS1/ACIN1/BMPR2/RARG",4,"SOS1;ACIN1;BMPR2;RARG"
"GO:0006396","RNA processing","5/38","221/1871",0.0226244343891403,1.11395570373899,0.259669894386897,0.472267763404893,0.696329384750303,0.685192122467231,"ACIN1/DDX46/PRX/METTL16/GEMIN8",5,"ACIN1;DDX46;PRX;METTL16;GEMIN8"
"GO:0007033","vacuole organization","1/38","31/1871",0.032258064516129,1.58828522920204,0.475435108085518,0.473393138936338,0.696329384750303,0.685192122467231,"TMEM39A",1,"TMEM39A"
"GO:0007623","circadian rhythm","1/38","31/1871",0.032258064516129,1.58828522920204,0.475435108085518,0.473393138936338,0.696329384750303,0.685192122467231,"IMPDH2",1,"IMPDH2"
"GO:0009451","RNA modification","1/38","31/1871",0.032258064516129,1.58828522920204,0.475435108085518,0.473393138936338,0.696329384750303,0.685192122467231,"METTL16",1,"METTL16"
"GO:0016197","endosomal transport","1/38","31/1871",0.032258064516129,1.58828522920204,0.475435108085518,0.473393138936338,0.696329384750303,0.685192122467231,"RAB11A",1,"RAB11A"
"GO:0032006","regulation of TOR signaling","1/38","31/1871",0.032258064516129,1.58828522920204,0.475435108085518,0.473393138936338,0.696329384750303,0.685192122467231,"LAMTOR4",1,"LAMTOR4"
"GO:0045927","positive regulation of growth","1/38","31/1871",0.032258064516129,1.58828522920204,0.475435108085518,0.473393138936338,0.696329384750303,0.685192122467231,"BMPR2",1,"BMPR2"
"GO:0048608","reproductive structure development","1/38","31/1871",0.032258064516129,1.58828522920204,0.475435108085518,0.473393138936338,0.696329384750303,0.685192122467231,"RARG",1,"RARG"
"GO:0048762","mesenchymal cell differentiation","1/38","31/1871",0.032258064516129,1.58828522920204,0.475435108085518,0.473393138936338,0.696329384750303,0.685192122467231,"S100A4",1,"S100A4"
"GO:0060828","regulation of canonical Wnt signaling pathway","1/38","31/1871",0.032258064516129,1.58828522920204,0.475435108085518,0.473393138936338,0.696329384750303,0.685192122467231,"KREMEN1",1,"KREMEN1"
"GO:0071216","cellular response to biotic stimulus","1/38","31/1871",0.032258064516129,1.58828522920204,0.475435108085518,0.473393138936338,0.696329384750303,0.685192122467231,"GIT1",1,"GIT1"
"GO:0051640","organelle localization","2/38","78/1871",0.0256410256410256,1.26248313090418,0.340870896908462,0.475835728232371,0.696329384750303,0.685192122467231,"KIF22/RAB11A",2,"KIF22;RAB11A"
"GO:0001775","cell activation","3/38","126/1871",0.0238095238095238,1.17230576441103,0.288282800829036,0.477499640774364,0.696329384750303,0.685192122467231,"SOS1/IMPDH2/GIT1",3,"SOS1;IMPDH2;GIT1"
"GO:0010564","regulation of cell cycle process","3/38","126/1871",0.0238095238095238,1.17230576441103,0.288282800829036,0.477499640774364,0.696329384750303,0.685192122467231,"TOM1L2/GIT1/RAB11A",3,"TOM1L2;GIT1;RAB11A"
"GO:0006897","endocytosis","2/38","79/1871",0.0253164556962025,1.24650233177881,0.32225298131011,0.482628156337456,0.696329384750303,0.685192122467231,"FCHSD2/ARF1",2,"FCHSD2;ARF1"
"GO:0055082","intracellular chemical homeostasis","2/38","79/1871",0.0253164556962025,1.24650233177881,0.32225298131011,0.482628156337456,0.696329384750303,0.685192122467231,"ARF1/ASL",2,"ARF1;ASL"
"GO:0010646","regulation of cell communication","9/38","418/1871",0.0215311004784689,1.06012339461093,0.200784505813414,0.484251657767392,0.696329384750303,0.685192122467231,"LAMTOR4/SOS1/BMPR2/KREMEN1/ARF1/ZMYND8/S100A4/GIT1/RAB11A",9,"LAMTOR4;SOS1;BMPR2;KREMEN1;ARF1;ZMYND8;S100A4;GIT1;RAB11A"
"GO:0006790","sulfur compound metabolic process","1/38","32/1871",0.03125,1.53865131578947,0.442408251654735,0.484268715414826,0.696329384750303,0.685192122467231,"METTL16",1,"METTL16"
"GO:0032984","protein-containing complex disassembly","1/38","32/1871",0.03125,1.53865131578947,0.442408251654735,0.484268715414826,0.696329384750303,0.685192122467231,"TMEM39A",1,"TMEM39A"
"GO:0042391","regulation of membrane potential","1/38","32/1871",0.03125,1.53865131578947,0.442408251654735,0.484268715414826,0.696329384750303,0.685192122467231,"ZMYND8",1,"ZMYND8"
"GO:0061458","reproductive system development","1/38","32/1871",0.03125,1.53865131578947,0.442408251654735,0.484268715414826,0.696329384750303,0.685192122467231,"RARG",1,"RARG"
"GO:0090092","regulation of transmembrane receptor protein serine/threonine kinase signaling pathway","1/38","32/1871",0.03125,1.53865131578947,0.442408251654735,0.484268715414826,0.696329384750303,0.685192122467231,"BMPR2",1,"BMPR2"
"GO:0006915","apoptotic process","6/38","273/1871",0.021978021978022,1.08212839791787,0.211357496545057,0.48675634720186,0.696329384750303,0.685192122467231,"ACIN1/BMPR2/DEDD/KREMEN1/RARG/PLEKHO2",6,"ACIN1;BMPR2;DEDD;KREMEN1;RARG;PLEKHO2"
"GO:0009892","negative regulation of metabolic process","9/38","419/1871",0.0214797136038186,1.05759326717749,0.192631270255022,0.487464399035554,0.696329384750303,0.685192122467231,"ACIN1/DEDD/ZNF469/GTPBP1/TMEM39A/ZMYND8/RARG/GIT1/METTL16",9,"ACIN1;DEDD;ZNF469;GTPBP1;TMEM39A;ZMYND8;RARG;GIT1;METTL16"
"GO:0023051","regulation of signaling","9/38","419/1871",0.0214797136038186,1.05759326717749,0.192631270255022,0.487464399035554,0.696329384750303,0.685192122467231,"LAMTOR4/SOS1/BMPR2/KREMEN1/ARF1/ZMYND8/S100A4/GIT1/RAB11A",9,"LAMTOR4;SOS1;BMPR2;KREMEN1;ARF1;ZMYND8;S100A4;GIT1;RAB11A"
"GO:0034097","response to cytokine","3/38","128/1871",0.0234375,1.15398848684211,0.259821994217927,0.48824108996935,0.696329384750303,0.685192122467231,"SOS1/IMPDH2/RARG",3,"SOS1;IMPDH2;RARG"
"GO:0050877","nervous system process","2/38","80/1871",0.025,1.23092105263158,0.303872989310032,0.489369462401801,0.696329384750303,0.685192122467231,"ZMYND8/GIT1",2,"ZMYND8;GIT1"
"GO:1903131","mononuclear cell differentiation","2/38","80/1871",0.025,1.23092105263158,0.303872989310032,0.489369462401801,0.696329384750303,0.685192122467231,"SOS1/ACIN1",2,"SOS1;ACIN1"
"GO:0009057","macromolecule catabolic process","5/38","226/1871",0.0221238938053097,1.08931066604565,0.206113275814619,0.492980666766206,0.696329384750303,0.685192122467231,"DEDD/KLHDC2/GTPBP1/GIT1/METTL16",5,"DEDD;KLHDC2;GTPBP1;GIT1;METTL16"
"GO:0009888","tissue development","5/38","226/1871",0.0221238938053097,1.08931066604565,0.206113275814619,0.492980666766206,0.696329384750303,0.685192122467231,"SOS1/BMPR2/DEDD/RARG/S100A4",5,"SOS1;BMPR2;DEDD;RARG;S100A4"
"GO:0002684","positive regulation of immune system process","3/38","129/1871",0.0232558139534884,1.14504283965728,0.245752781908771,0.493575745495206,0.696329384750303,0.685192122467231,"SOS1/ACIN1/C5",3,"SOS1;ACIN1;C5"
"GO:0006605","protein targeting","1/38","33/1871",0.0303030303030303,1.49202551834131,0.410490596761728,0.494925479315988,0.696329384750303,0.685192122467231,"TOMM40",1,"TOMM40"
"GO:0016053","organic acid biosynthetic process","1/38","33/1871",0.0303030303030303,1.49202551834131,0.410490596761728,0.494925479315988,0.696329384750303,0.685192122467231,"ASL",1,"ASL"
"GO:0030100","regulation of endocytosis","1/38","33/1871",0.0303030303030303,1.49202551834131,0.410490596761728,0.494925479315988,0.696329384750303,0.685192122467231,"ARF1",1,"ARF1"
"GO:0031348","negative regulation of defense response","1/38","33/1871",0.0303030303030303,1.49202551834131,0.410490596761728,0.494925479315988,0.696329384750303,0.685192122467231,"GIT1",1,"GIT1"
"GO:0034101","erythrocyte homeostasis","1/38","33/1871",0.0303030303030303,1.49202551834131,0.410490596761728,0.494925479315988,0.696329384750303,0.685192122467231,"ACIN1",1,"ACIN1"
"GO:0046394","carboxylic acid biosynthetic process","1/38","33/1871",0.0303030303030303,1.49202551834131,0.410490596761728,0.494925479315988,0.696329384750303,0.685192122467231,"ASL",1,"ASL"
"GO:0048863","stem cell differentiation","1/38","33/1871",0.0303030303030303,1.49202551834131,0.410490596761728,0.494925479315988,0.696329384750303,0.685192122467231,"BMPR2",1,"BMPR2"
"GO:1901292","nucleoside phosphate catabolic process","1/38","33/1871",0.0303030303030303,1.49202551834131,0.410490596761728,0.494925479315988,0.696329384750303,0.685192122467231,"GIT1",1,"GIT1"
"GO:1901652","response to peptide","3/38","130/1871",0.0230769230769231,1.13623481781377,0.231788441291586,0.498885540331262,0.696329384750303,0.685192122467231,"SOS1/IMPDH2/RARG",3,"SOS1;IMPDH2;RARG"
"GO:0019637","organophosphate metabolic process","3/38","131/1871",0.0229007633587786,1.12756126958618,0.217927093051884,0.504169887952692,0.696329384750303,0.685192122467231,"GTPBP1/IMPDH2/GIT1",3,"GTPBP1;IMPDH2;GIT1"
"GO:0002429","immune response-activating cell surface receptor signaling pathway","1/38","34/1871",0.0294117647058824,1.44814241486068,0.37960532812007,0.505367716413916,0.696329384750303,0.685192122467231,"SOS1",1,"SOS1"
"GO:0002443","leukocyte mediated immunity","1/38","34/1871",0.0294117647058824,1.44814241486068,0.37960532812007,0.505367716413916,0.696329384750303,0.685192122467231,"C5",1,"C5"
"GO:0002573","myeloid leukocyte differentiation","1/38","34/1871",0.0294117647058824,1.44814241486068,0.37960532812007,0.505367716413916,0.696329384750303,0.685192122467231,"ACIN1",1,"ACIN1"
"GO:0006399","tRNA metabolic process","1/38","34/1871",0.0294117647058824,1.44814241486068,0.37960532812007,0.505367716413916,0.696329384750303,0.685192122467231,"FARSA",1,"FARSA"
"GO:0042594","response to starvation","1/38","34/1871",0.0294117647058824,1.44814241486068,0.37960532812007,0.505367716413916,0.696329384750303,0.685192122467231,"BMPR2",1,"BMPR2"
"GO:0045619","regulation of lymphocyte differentiation","1/38","34/1871",0.0294117647058824,1.44814241486068,0.37960532812007,0.505367716413916,0.696329384750303,0.685192122467231,"SOS1",1,"SOS1"
"GO:0045931","positive regulation of mitotic cell cycle","1/38","34/1871",0.0294117647058824,1.44814241486068,0.37960532812007,0.505367716413916,0.696329384750303,0.685192122467231,"RAB11A",1,"RAB11A"
"GO:0048638","regulation of developmental growth","1/38","34/1871",0.0294117647058824,1.44814241486068,0.37960532812007,0.505367716413916,0.696329384750303,0.685192122467231,"BMPR2",1,"BMPR2"
"GO:0050769","positive regulation of neurogenesis","1/38","34/1871",0.0294117647058824,1.44814241486068,0.37960532812007,0.505367716413916,0.696329384750303,0.685192122467231,"BMPR2",1,"BMPR2"
"GO:0001568","blood vessel development","2/38","83/1871",0.0240963855421687,1.18642993024731,0.250093437055307,0.509279258086899,0.696329384750303,0.685192122467231,"SOS1/BMPR2",2,"SOS1;BMPR2"
"GO:0060429","epithelium development","3/38","132/1871",0.0227272727272727,1.11901913875598,0.204166905806184,0.509428221121117,0.696329384750303,0.685192122467231,"SOS1/BMPR2/RARG",3,"SOS1;BMPR2;RARG"
"GO:0008219","cell death","6/38","279/1871",0.021505376344086,1.05885681946803,0.153411787010369,0.50942866139948,0.696329384750303,0.685192122467231,"ACIN1/BMPR2/DEDD/KREMEN1/RARG/PLEKHO2",6,"ACIN1;BMPR2;DEDD;KREMEN1;RARG;PLEKHO2"
"GO:0012501","programmed cell death","6/38","279/1871",0.021505376344086,1.05885681946803,0.153411787010369,0.50942866139948,0.696329384750303,0.685192122467231,"ACIN1/BMPR2/DEDD/KREMEN1/RARG/PLEKHO2",6,"ACIN1;BMPR2;DEDD;KREMEN1;RARG;PLEKHO2"
"GO:0043933","protein-containing complex organization","6/38","280/1871",0.0214285714285714,1.05507518796992,0.143857093986528,0.513179819068383,0.696329384750303,0.685192122467231,"FARSA/FCHSD2/DDX46/TMEM39A/GIT1/GEMIN8",6,"FARSA;FCHSD2;DDX46;TMEM39A;GIT1;GEMIN8"
"GO:0002768","immune response-regulating cell surface receptor signaling pathway","1/38","35/1871",0.0285714285714286,1.40676691729323,0.349683126880482,0.515599630826693,0.696329384750303,0.685192122467231,"SOS1",1,"SOS1"
"GO:0009165","nucleotide biosynthetic process","1/38","35/1871",0.0285714285714286,1.40676691729323,0.349683126880482,0.515599630826693,0.696329384750303,0.685192122467231,"IMPDH2",1,"IMPDH2"
"GO:0032886","regulation of microtubule-based process","1/38","35/1871",0.0285714285714286,1.40676691729323,0.349683126880482,0.515599630826693,0.696329384750303,0.685192122467231,"GIT1",1,"GIT1"
"GO:0045930","negative regulation of mitotic cell cycle","1/38","35/1871",0.0285714285714286,1.40676691729323,0.349683126880482,0.515599630826693,0.696329384750303,0.685192122467231,"TOM1L2",1,"TOM1L2"
"GO:0046034","ATP metabolic process","1/38","35/1871",0.0285714285714286,1.40676691729323,0.349683126880482,0.515599630826693,0.696329384750303,0.685192122467231,"GIT1",1,"GIT1"
"GO:0051259","protein complex oligomerization","1/38","35/1871",0.0285714285714286,1.40676691729323,0.349683126880482,0.515599630826693,0.696329384750303,0.685192122467231,"FARSA",1,"FARSA"
"GO:0051962","positive regulation of nervous system development","1/38","35/1871",0.0285714285714286,1.40676691729323,0.349683126880482,0.515599630826693,0.696329384750303,0.685192122467231,"BMPR2",1,"BMPR2"
"GO:0072522","purine-containing compound biosynthetic process","1/38","35/1871",0.0285714285714286,1.40676691729323,0.349683126880482,0.515599630826693,0.696329384750303,0.685192122467231,"IMPDH2",1,"IMPDH2"
"GO:0140053","mitochondrial gene expression","1/38","35/1871",0.0285714285714286,1.40676691729323,0.349683126880482,0.515599630826693,0.696329384750303,0.685192122467231,"MRPS10",1,"MRPS10"
"GO:1901136","carbohydrate derivative catabolic process","1/38","35/1871",0.0285714285714286,1.40676691729323,0.349683126880482,0.515599630826693,0.696329384750303,0.685192122467231,"GIT1",1,"GIT1"
"GO:0008285","negative regulation of cell population proliferation","2/38","84/1871",0.0238095238095238,1.17230576441103,0.232599374600845,0.515808929122911,0.696329384750303,0.685192122467231,"BMPR2/RARG",2,"BMPR2;RARG"
"GO:0022603","regulation of anatomical structure morphogenesis","2/38","84/1871",0.0238095238095238,1.17230576441103,0.232599374600845,0.515808929122911,0.696329384750303,0.685192122467231,"BMPR2/ZMYM4",2,"BMPR2;ZMYM4"
"GO:0032870","cellular response to hormone stimulus","2/38","84/1871",0.0238095238095238,1.17230576441103,0.232599374600845,0.515808929122911,0.696329384750303,0.685192122467231,"SOS1/RARG",2,"SOS1;RARG"
"GO:0046903","secretion","2/38","84/1871",0.0238095238095238,1.17230576441103,0.232599374600845,0.515808929122911,0.696329384750303,0.685192122467231,"GIT1/RAB11A",2,"GIT1;RAB11A"
"GO:0140352","export from cell","2/38","84/1871",0.0238095238095238,1.17230576441103,0.232599374600845,0.515808929122911,0.696329384750303,0.685192122467231,"GIT1/RAB11A",2,"GIT1;RAB11A"
"GO:0030154","cell differentiation","10/38","477/1871",0.0209643605870021,1.03221891206002,0.1173464736327,0.516206326234452,0.696329384750303,0.685192122467231,"SOS1/ACIN1/BMPR2/KREMEN1/PRX/ZMYND8/RARG/S100A4/GIT1/RAB11A",10,"SOS1;ACIN1;BMPR2;KREMEN1;PRX;ZMYND8;RARG;S100A4;GIT1;RAB11A"
"GO:0048869","cellular developmental process","10/38","478/1871",0.0209205020920502,1.0300594582691,0.109635426056933,0.519266772901736,0.699465582194832,0.688278158803703,"SOS1/ACIN1/BMPR2/KREMEN1/PRX/ZMYND8/RARG/S100A4/GIT1/RAB11A",10,"SOS1;ACIN1;BMPR2;KREMEN1;PRX;ZMYND8;RARG;S100A4;GIT1;RAB11A"
"GO:0006954","inflammatory response","2/38","85/1871",0.0235294117647059,1.15851393188854,0.215311657051395,0.522284142576575,0.702064191781796,0.69083520559413,"C5/GIT1",2,"C5;GIT1"
"GO:0009719","response to endogenous stimulus","4/38","184/1871",0.0217391304347826,1.07036613272311,0.14469263393024,0.522906532084978,0.702064191781796,0.69083520559413,"SOS1/BMPR2/RARG/GIT1",4,"SOS1;BMPR2;RARG;GIT1"
"GO:0002262","myeloid cell homeostasis","1/38","36/1871",0.0277777777777778,1.36769005847953,0.320661243839367,0.525625346528537,0.702064191781796,0.69083520559413,"ACIN1",1,"ACIN1"
"GO:0031929","TOR signaling","1/38","36/1871",0.0277777777777778,1.36769005847953,0.320661243839367,0.525625346528537,0.702064191781796,0.69083520559413,"LAMTOR4",1,"LAMTOR4"
"GO:0034762","regulation of transmembrane transport","1/38","36/1871",0.0277777777777778,1.36769005847953,0.320661243839367,0.525625346528537,0.702064191781796,0.69083520559413,"SLC43A1",1,"SLC43A1"
"GO:0060271","cilium assembly","1/38","36/1871",0.0277777777777778,1.36769005847953,0.320661243839367,0.525625346528537,0.702064191781796,0.69083520559413,"RAB11A",1,"RAB11A"
"GO:0007420","brain development","2/38","86/1871",0.0232558139534884,1.14504283965728,0.198224704134819,0.528704368681948,0.704198675933519,0.692935550284906,"SOS1/GIT1",2,"SOS1;GIT1"
"GO:0045596","negative regulation of cell differentiation","2/38","86/1871",0.0232558139534884,1.14504283965728,0.198224704134819,0.528704368681948,0.704198675933519,0.692935550284906,"BMPR2/RARG",2,"BMPR2;RARG"
"GO:0001649","osteoblast differentiation","1/38","37/1871",0.027027027027027,1.33072546230441,0.292482709756297,0.535448908834758,0.709208791506762,0.697865532845771,"BMPR2",1,"BMPR2"
"GO:0007051","spindle organization","1/38","37/1871",0.027027027027027,1.33072546230441,0.292482709756297,0.535448908834758,0.709208791506762,0.697865532845771,"RAB11A",1,"RAB11A"
"GO:0044782","cilium organization","1/38","37/1871",0.027027027027027,1.33072546230441,0.292482709756297,0.535448908834758,0.709208791506762,0.697865532845771,"RAB11A",1,"RAB11A"
"GO:0048511","rhythmic process","1/38","37/1871",0.027027027027027,1.33072546230441,0.292482709756297,0.535448908834758,0.709208791506762,0.697865532845771,"IMPDH2",1,"IMPDH2"
"GO:0002682","regulation of immune system process","4/38","187/1871",0.0213903743315508,1.05319448353504,0.110369157011482,0.536274553676813,0.709314465294366,0.697969516461001,"SOS1/ACIN1/C5/RARG",4,"SOS1;ACIN1;C5;RARG"
"GO:0007346","regulation of mitotic cell cycle","2/38","88/1871",0.0227272727272727,1.11901913875598,0.164631841821144,0.541377949862017,0.714027658924413,0.702607326120763,"TOM1L2/RAB11A",2,"TOM1L2;RAB11A"
"GO:0050778","positive regulation of immune response","2/38","88/1871",0.0227272727272727,1.11901913875598,0.164631841821144,0.541377949862017,0.714027658924413,0.702607326120763,"SOS1/C5",2,"SOS1;C5"
"GO:0016050","vesicle organization","1/38","38/1871",0.0263157894736842,1.29570637119114,0.265095659360776,0.545074285859992,0.714027658924413,0.702607326120763,"RAB11A",1,"RAB11A"
"GO:0032386","regulation of intracellular transport","1/38","38/1871",0.0263157894736842,1.29570637119114,0.265095659360776,0.545074285859992,0.714027658924413,0.702607326120763,"RAB11A",1,"RAB11A"
"GO:0032496","response to lipopolysaccharide","1/38","38/1871",0.0263157894736842,1.29570637119114,0.265095659360776,0.545074285859992,0.714027658924413,0.702607326120763,"GIT1",1,"GIT1"
"GO:0010629","negative regulation of gene expression","4/38","189/1871",0.0211640211640212,1.04204956836536,0.0877628701267184,0.545093670219899,0.714027658924413,0.702607326120763,"ACIN1/GTPBP1/GIT1/METTL16",4,"ACIN1;GTPBP1;GIT1;METTL16"
"GO:0051726","regulation of cell cycle","4/38","189/1871",0.0211640211640212,1.04204956836536,0.0877628701267184,0.545093670219899,0.714027658924413,0.702607326120763,"TOM1L2/GIT1/RAB11A/TSC22D2",4,"TOM1L2;GIT1;RAB11A;TSC22D2"
"GO:0001816","cytokine production","2/38","89/1871",0.0224719101123595,1.10644589000591,0.148115810728953,0.547630451277312,0.714551435087588,0.703122724880033,"C5/GIT1",2,"C5;GIT1"
"GO:0001817","regulation of cytokine production","2/38","89/1871",0.0224719101123595,1.10644589000591,0.148115810728953,0.547630451277312,0.714551435087588,0.703122724880033,"C5/GIT1",2,"C5;GIT1"
"GO:0048731","system development","9/38","438/1871",0.0205479452054795,1.01171593366979,0.0403294438813476,0.547747630051369,0.714551435087588,0.703122724880033,"SOS1/BMPR2/KREMEN1/PRX/ZMYND8/RARG/GIT1/RAB11A/ANKRD11",9,"SOS1;BMPR2;KREMEN1;PRX;ZMYND8;RARG;GIT1;RAB11A;ANKRD11"
"GO:0010605","negative regulation of macromolecule metabolic process","8/38","390/1871",0.0205128205128205,1.00998650472335,0.03190800526938,0.552490944273473,0.715515070315637,0.704070947490842,"ACIN1/DEDD/ZNF469/GTPBP1/ZMYND8/RARG/GIT1/METTL16",8,"ACIN1;DEDD;ZNF469;GTPBP1;ZMYND8;RARG;GIT1;METTL16"
"GO:0000226","microtubule cytoskeleton organization","2/38","90/1871",0.0222222222222222,1.09415204678363,0.131780281136086,0.553826255308332,0.715515070315637,0.704070947490842,"GIT1/RAB11A",2,"GIT1;RAB11A"
"GO:0002521","leukocyte differentiation","2/38","90/1871",0.0222222222222222,1.09415204678363,0.131780281136086,0.553826255308332,0.715515070315637,0.704070947490842,"SOS1/ACIN1",2,"SOS1;ACIN1"
"GO:0006886","intracellular protein transport","2/38","90/1871",0.0222222222222222,1.09415204678363,0.131780281136086,0.553826255308332,0.715515070315637,0.704070947490842,"ARF1/RAB11A",2,"ARF1;RAB11A"
"GO:0032868","response to insulin","1/38","39/1871",0.0256410256410256,1.26248313090418,0.238452750135002,0.554505369950184,0.715515070315637,0.704070947490842,"SOS1",1,"SOS1"
"GO:0043588","skin development","1/38","39/1871",0.0256410256410256,1.26248313090418,0.238452750135002,0.554505369950184,0.715515070315637,0.704070947490842,"SOS1",1,"SOS1"
"GO:0051051","negative regulation of transport","1/38","39/1871",0.0256410256410256,1.26248313090418,0.238452750135002,0.554505369950184,0.715515070315637,0.704070947490842,"SLC43A1",1,"SLC43A1"
"GO:0097191","extrinsic apoptotic signaling pathway","1/38","39/1871",0.0256410256410256,1.26248313090418,0.238452750135002,0.554505369950184,0.715515070315637,0.704070947490842,"DEDD",1,"DEDD"
"GO:0030097","hemopoiesis","3/38","141/1871",0.0212765957446809,1.04759238521836,0.0845970745601338,0.555498210961925,0.715824930385895,0.704375851583442,"SOS1/ACIN1/RARG",3,"SOS1;ACIN1;RARG"
"GO:0048513","animal organ development","7/38","342/1871",0.0204678362573099,1.00777162203755,0.0228850755518222,0.558027972373889,0.718111775003475,0.706626119849565,"SOS1/BMPR2/DEDD/RARG/S100A4/GIT1/ANKRD11",7,"SOS1;BMPR2;DEDD;RARG;S100A4;GIT1;ANKRD11"
"GO:0001944","vasculature development","2/38","91/1871",0.021978021978022,1.08212839791787,0.115620652298523,0.559965029908334,0.718662769589037,0.707168301693125,"SOS1/BMPR2",2,"SOS1;BMPR2"
"GO:0002237","response to molecule of bacterial origin","1/38","40/1871",0.025,1.23092105263158,0.212510660506392,0.563745979088772,0.718662769589037,0.707168301693125,"GIT1",1,"GIT1"
"GO:0019058","viral life cycle","1/38","40/1871",0.025,1.23092105263158,0.212510660506392,0.563745979088772,0.718662769589037,0.707168301693125,"TMEM39A",1,"TMEM39A"
"GO:0030111","regulation of Wnt signaling pathway","1/38","40/1871",0.025,1.23092105263158,0.212510660506392,0.563745979088772,0.718662769589037,0.707168301693125,"KREMEN1",1,"KREMEN1"
"GO:0031669","cellular response to nutrient levels","1/38","40/1871",0.025,1.23092105263158,0.212510660506392,0.563745979088772,0.718662769589037,0.707168301693125,"BMPR2",1,"BMPR2"
"GO:0050727","regulation of inflammatory response","1/38","40/1871",0.025,1.23092105263158,0.212510660506392,0.563745979088772,0.718662769589037,0.707168301693125,"GIT1",1,"GIT1"
"GO:0060562","epithelial tube morphogenesis","1/38","40/1871",0.025,1.23092105263158,0.212510660506392,0.563745979088772,0.718662769589037,0.707168301693125,"RARG",1,"RARG"
"GO:0000122","negative regulation of transcription by RNA polymerase II","3/38","143/1871",0.020979020979021,1.03294074346706,0.0590012096449432,0.565409279681301,0.71965693846717,0.70814656959136,"ZNF469/ZMYND8/RARG",3,"ZNF469;ZMYND8;RARG"
"GO:0045892","negative regulation of DNA-templated transcription","4/38","194/1871",0.0206185567010309,1.01519262072708,0.0321735067122426,0.566796053535132,0.71965693846717,0.70814656959136,"DEDD/ZNF469/ZMYND8/RARG",4,"DEDD;ZNF469;ZMYND8;RARG"
"GO:1902679","negative regulation of RNA biosynthetic process","4/38","194/1871",0.0206185567010309,1.01519262072708,0.0321735067122426,0.566796053535132,0.71965693846717,0.70814656959136,"DEDD/ZNF469/ZMYND8/RARG",4,"DEDD;ZNF469;ZMYND8;RARG"
"GO:0000724","double-strand break repair via homologous recombination","1/38","41/1871",0.024390243902439,1.20089858793325,0.187229654894165,0.572799858277535,0.722412084337256,0.710857648985357,"ZMYND8",1,"ZMYND8"
"GO:0002250","adaptive immune response","1/38","41/1871",0.024390243902439,1.20089858793325,0.187229654894165,0.572799858277535,0.722412084337256,0.710857648985357,"C5",1,"C5"
"GO:0043488","regulation of mRNA stability","1/38","41/1871",0.024390243902439,1.20089858793325,0.187229654894165,0.572799858277535,0.722412084337256,0.710857648985357,"METTL16",1,"METTL16"
"GO:0046434","organophosphate catabolic process","1/38","41/1871",0.024390243902439,1.20089858793325,0.187229654894165,0.572799858277535,0.722412084337256,0.710857648985357,"GIT1",1,"GIT1"
"GO:0048193","Golgi vesicle transport","1/38","41/1871",0.024390243902439,1.20089858793325,0.187229654894165,0.572799858277535,0.722412084337256,0.710857648985357,"RAB11A",1,"RAB11A"
"GO:0051252","regulation of RNA metabolic process","10/38","496/1871",0.0201612903225806,0.992678268251273,-0.0273800774035751,0.573523789352922,0.722412084337256,0.710857648985357,"SOS1/ACIN1/BMPR2/DEDD/ZNF469/GTPBP1/ZMYND8/RARG/METTL16/TSC22D2",10,"SOS1;ACIN1;BMPR2;DEDD;ZNF469;GTPBP1;ZMYND8;RARG;METTL16;TSC22D2"
"GO:0070887","cellular response to chemical stimulus","5/38","247/1871",0.0202429149797571,0.996697208608566,-0.00801988197899198,0.576795916787097,0.725572641355198,0.713967655282275,"LAMTOR4/SOS1/C5/RARG/GIT1",5,"LAMTOR4;SOS1;C5;RARG;GIT1"
"GO:0000725","recombinational repair","1/38","42/1871",0.0238095238095238,1.17230576441103,0.162573205295326,0.581670680892537,0.726897263506968,0.715271091103763,"ZMYND8",1,"ZMYND8"
"GO:0023061","signal release","1/38","42/1871",0.0238095238095238,1.17230576441103,0.162573205295326,0.581670680892537,0.726897263506968,0.715271091103763,"GIT1",1,"GIT1"
"GO:0032259","methylation","1/38","42/1871",0.0238095238095238,1.17230576441103,0.162573205295326,0.581670680892537,0.726897263506968,0.715271091103763,"METTL16",1,"METTL16"
"GO:0050863","regulation of T cell activation","1/38","42/1871",0.0238095238095238,1.17230576441103,0.162573205295326,0.581670680892537,0.726897263506968,0.715271091103763,"SOS1",1,"SOS1"
"GO:0072659","protein localization to plasma membrane","1/38","42/1871",0.0238095238095238,1.17230576441103,0.162573205295326,0.581670680892537,0.726897263506968,0.715271091103763,"RAB11A",1,"RAB11A"
"GO:1901701","cellular response to oxygen-containing compound","3/38","148/1871",0.0202702702702703,0.998044096728307,-0.00356916775860509,0.589631682137687,0.734861661734079,0.72310810480004,"SOS1/RARG/GIT1",3,"SOS1;RARG;GIT1"
"GO:0005996","monosaccharide metabolic process","1/38","43/1871",0.0232558139534884,1.14504283965728,0.138507660893025,0.590362050015601,0.734861661734079,0.72310810480004,"SLC2A3",1,"SLC2A3"
"GO:0043122","regulation of canonical NF-kappaB signal transduction","1/38","43/1871",0.0232558139534884,1.14504283965728,0.138507660893025,0.590362050015601,0.734861661734079,0.72310810480004,"S100A4",1,"S100A4"
"GO:0065003","protein-containing complex assembly","5/38","252/1871",0.0198412698412698,0.976921470342523,-0.0566912915665662,0.595795847670029,0.740302482716819,0.728461903962867,"FARSA/FCHSD2/DDX46/GIT1/GEMIN8",5,"FARSA;FCHSD2;DDX46;GIT1;GEMIN8"
"GO:0009967","positive regulation of signal transduction","4/38","201/1871",0.0199004975124378,0.979837653836083,-0.0435524137169175,0.596289907214599,0.740302482716819,0.728461903962867,"LAMTOR4/SOS1/BMPR2/S100A4",4,"LAMTOR4;SOS1;BMPR2;S100A4"
"GO:0010948","negative regulation of cell cycle process","1/38","44/1871",0.0227272727272727,1.11901913875598,0.115001958620378,0.598877499741754,0.740614437261909,0.728768869030757,"TOM1L2",1,"TOM1L2"
"GO:0043487","regulation of RNA stability","1/38","44/1871",0.0227272727272727,1.11901913875598,0.115001958620378,0.598877499741754,0.740614437261909,0.728768869030757,"METTL16",1,"METTL16"
"GO:0141091","transforming growth factor beta receptor superfamily signaling pathway","1/38","44/1871",0.0227272727272727,1.11901913875598,0.115001958620378,0.598877499741754,0.740614437261909,0.728768869030757,"BMPR2",1,"BMPR2"
"GO:0006810","transport","9/38","457/1871",0.0196936542669584,0.969653345617874,-0.107417634155563,0.6057803643147,0.7460809975922,0.734147995859722,"SLC16A11/TOM1L2/FCHSD2/ARF1/SLC43A1/TOMM40/SLC2A3/GIT1/RAB11A",9,"SLC16A11;TOM1L2;FCHSD2;ARF1;SLC43A1;TOMM40;SLC2A3;GIT1;RAB11A"
"GO:0048871","multicellular organismal-level homeostasis","2/38","99/1871",0.0202020202020202,0.994683678894205,-0.00782399045703456,0.606993511352182,0.7460809975922,0.734147995859722,"SOS1/ACIN1",2,"SOS1;ACIN1"
"GO:0007283","spermatogenesis","1/38","45/1871",0.0222222222222222,1.09415204678363,0.0920273687889717,0.607220496463053,0.7460809975922,0.734147995859722,"DEDD",1,"DEDD"
"GO:0009060","aerobic respiration","1/38","45/1871",0.0222222222222222,1.09415204678363,0.0920273687889717,0.607220496463053,0.7460809975922,0.734147995859722,"GIT1",1,"GIT1"
"GO:0048568","embryonic organ development","1/38","45/1871",0.0222222222222222,1.09415204678363,0.0920273687889717,0.607220496463053,0.7460809975922,0.734147995859722,"RARG",1,"RARG"
"GO:0042221","response to chemical","8/38","408/1871",0.0196078431372549,0.965428276573787,-0.11367378411267,0.609563473598205,0.747993372118571,0.736029783400752,"LAMTOR4/SOS1/BMPR2/C5/IMPDH2/RARG/S100A4/GIT1",8,"LAMTOR4;SOS1;BMPR2;C5;IMPDH2;RARG;S100A4;GIT1"
"GO:0019953","sexual reproduction","2/38","100/1871",0.02,0.984736842105263,-0.0225822122723856,0.612609558970691,0.749796255574166,0.737803831097939,"SOS1/DEDD",2,"SOS1;DEDD"
"GO:0035239","tube morphogenesis","2/38","100/1871",0.02,0.984736842105263,-0.0225822122723856,0.612609558970691,0.749796255574166,0.737803831097939,"SOS1/RARG",2,"SOS1;RARG"
"GO:0008544","epidermis development","1/38","46/1871",0.0217391304347826,1.07036613272311,0.0695572708500297,0.615394440129211,0.750307836619076,0.738307229790645,"SOS1",1,"SOS1"
"GO:0048232","male gamete generation","1/38","46/1871",0.0217391304347826,1.07036613272311,0.0695572708500297,0.615394440129211,0.750307836619076,0.738307229790645,"DEDD",1,"DEDD"
"GO:0071375","cellular response to peptide hormone stimulus","1/38","46/1871",0.0217391304347826,1.07036613272311,0.0695572708500297,0.615394440129211,0.750307836619076,0.738307229790645,"SOS1",1,"SOS1"
"GO:0007178","cell surface receptor protein serine/threonine kinase signaling pathway","1/38","47/1871",0.0212765957446809,1.04759238521836,0.0475669551416265,0.623402665485424,0.757159559229423,0.745049364275784,"BMPR2",1,"BMPR2"
"GO:0050767","regulation of neurogenesis","1/38","47/1871",0.0212765957446809,1.04759238521836,0.0475669551416265,0.623402665485424,0.757159559229423,0.745049364275784,"BMPR2",1,"BMPR2"
"GO:0062012","regulation of small molecule metabolic process","1/38","47/1871",0.0212765957446809,1.04759238521836,0.0475669551416265,0.623402665485424,0.757159559229423,0.745049364275784,"GIT1",1,"GIT1"
"GO:0045595","regulation of cell differentiation","4/38","208/1871",0.0192307692307692,0.946862348178138,-0.117009000823445,0.624664543474086,0.757724465362061,0.745605235161738,"SOS1/ACIN1/BMPR2/RARG",4,"SOS1;ACIN1;BMPR2;RARG"
"GO:0010647","positive regulation of cell communication","4/38","209/1871",0.0191387559808612,0.942331906320826,-0.127328199434381,0.62862229134193,0.759895277932542,0.747741327225668,"LAMTOR4/SOS1/BMPR2/S100A4",4,"LAMTOR4;SOS1;BMPR2;S100A4"
"GO:0033993","response to lipid","2/38","103/1871",0.0194174757281553,0.956055186509964,-0.066041431245703,0.629106199022926,0.759895277932542,0.747741327225668,"RARG/GIT1",2,"RARG;GIT1"
"GO:0009790","embryo development","3/38","157/1871",0.0191082802547771,0.940831377807576,-0.111498042512425,0.631138154910751,0.759895277932542,0.747741327225668,"SOS1/BMPR2/RARG",3,"SOS1;BMPR2;RARG"
"GO:0008015","blood circulation","1/38","48/1871",0.0208333333333333,1.02576754385965,0.0260334471217065,0.631248443287811,0.759895277932542,0.747741327225668,"BMPR2",1,"BMPR2"
"GO:0042692","muscle cell differentiation","1/38","48/1871",0.0208333333333333,1.02576754385965,0.0260334471217065,0.631248443287811,0.759895277932542,0.747741327225668,"BMPR2",1,"BMPR2"
"GO:0098771","inorganic ion homeostasis","1/38","48/1871",0.0208333333333333,1.02576754385965,0.0260334471217065,0.631248443287811,0.759895277932542,0.747741327225668,"ARF1",1,"ARF1"
"GO:0023056","positive regulation of signaling","4/38","210/1871",0.019047619047619,0.937844611528822,-0.137605244198809,0.632555532458404,0.760506082639623,0.748342362573053,"LAMTOR4/SOS1/BMPR2/S100A4",4,"LAMTOR4;SOS1;BMPR2;S100A4"
"GO:0007249","canonical NF-kappaB signal transduction","1/38","49/1871",0.0204081632653061,1.00483351235231,0.00493535112100542,0.638934981496842,0.765273510583749,0.753033539110026,"S100A4",1,"S100A4"
"GO:0009615","response to virus","1/38","49/1871",0.0204081632653061,1.00483351235231,0.00493535112100542,0.638934981496842,0.765273510583749,0.753033539110026,"ARF1",1,"ARF1"
"GO:0040029","epigenetic regulation of gene expression","1/38","49/1871",0.0204081632653061,1.00483351235231,0.00493535112100542,0.638934981496842,0.765273510583749,0.753033539110026,"ALKBH4",1,"ALKBH4"
"GO:1902531","regulation of intracellular signal transduction","5/38","265/1871",0.0188679245283019,0.928997020854022,-0.17958005773108,0.643117642082394,0.767526367731772,0.755250363510482,"LAMTOR4/SOS1/BMPR2/S100A4/GIT1",5,"LAMTOR4;SOS1;BMPR2;S100A4;GIT1"
"GO:0043207","response to external biotic stimulus","3/38","160/1871",0.01875,0.923190789473684,-0.14624453870538,0.64435349078876,0.767526367731772,0.755250363510482,"ARF1/C5/GIT1",3,"ARF1;C5;GIT1"
"GO:0051707","response to other organism","3/38","160/1871",0.01875,0.923190789473684,-0.14624453870538,0.64435349078876,0.767526367731772,0.755250363510482,"ARF1/C5/GIT1",3,"ARF1;C5;GIT1"
"GO:0030217","T cell differentiation","1/38","50/1871",0.02,0.984736842105263,-0.0157472889064617,0.646465426449158,0.767526367731772,0.755250363510482,"SOS1",1,"SOS1"
"GO:0051223","regulation of protein transport","1/38","50/1871",0.02,0.984736842105263,-0.0157472889064617,0.646465426449158,0.767526367731772,0.755250363510482,"RAB11A",1,"RAB11A"
"GO:1901293","nucleoside phosphate biosynthetic process","1/38","50/1871",0.02,0.984736842105263,-0.0157472889064617,0.646465426449158,0.767526367731772,0.755250363510482,"IMPDH2",1,"IMPDH2"
"GO:1903530","regulation of secretion by cell","1/38","50/1871",0.02,0.984736842105263,-0.0157472889064617,0.646465426449158,0.767526367731772,0.755250363510482,"GIT1",1,"GIT1"
"GO:0022607","cellular component assembly","8/38","421/1871",0.0190023752969121,0.935616952119015,-0.216003082150705,0.648718268917625,0.769240740325014,0.756937316009671,"FARSA/FCHSD2/DDX46/TMEM39A/ZMYND8/GIT1/RAB11A/GEMIN8",8,"FARSA;FCHSD2;DDX46;TMEM39A;ZMYND8;GIT1;RAB11A;GEMIN8"
"GO:0050776","regulation of immune response","2/38","107/1871",0.0186915887850467,0.920314805705853,-0.122194484464208,0.650282922681364,0.770135815031105,0.757818074672259,"SOS1/C5",2,"SOS1;C5"
"GO:0030003","intracellular monoatomic cation homeostasis","1/38","51/1871",0.0196078431372549,0.965428276573787,-0.0360331137879373,0.653842864008154,0.771469681974882,0.759130607422292,"ARF1",1,"ARF1"
"GO:0050673","epithelial cell proliferation","1/38","51/1871",0.0196078431372549,0.965428276573787,-0.0360331137879373,0.653842864008154,0.771469681974882,0.759130607422292,"BMPR2",1,"BMPR2"
"GO:0051046","regulation of secretion","1/38","51/1871",0.0196078431372549,0.965428276573787,-0.0360331137879373,0.653842864008154,0.771469681974882,0.759130607422292,"GIT1",1,"GIT1"
"GO:0141124","intracellular signaling cassette","4/38","217/1871",0.0184331797235023,0.907591559544021,-0.208403555619588,0.659388826868107,0.773006541747664,0.760642886284435,"SOS1/BMPR2/S100A4/GIT1",4,"SOS1;BMPR2;S100A4;GIT1"
"GO:0001819","positive regulation of cytokine production","1/38","52/1871",0.0192307692307692,0.946862348178138,-0.0559395605346999,0.661070320693698,0.773006541747664,0.760642886284435,"C5",1,"C5"
"GO:0006873","intracellular monoatomic ion homeostasis","1/38","52/1871",0.0192307692307692,0.946862348178138,-0.0559395605346999,0.661070320693698,0.773006541747664,0.760642886284435,"ARF1",1,"ARF1"
"GO:0010506","regulation of autophagy","1/38","52/1871",0.0192307692307692,0.946862348178138,-0.0559395605346999,0.661070320693698,0.773006541747664,0.760642886284435,"TMEM39A",1,"TMEM39A"
"GO:0016236","macroautophagy","1/38","52/1871",0.0192307692307692,0.946862348178138,-0.0559395605346999,0.661070320693698,0.773006541747664,0.760642886284435,"TMEM39A",1,"TMEM39A"
"GO:0045333","cellular respiration","1/38","52/1871",0.0192307692307692,0.946862348178138,-0.0559395605346999,0.661070320693698,0.773006541747664,0.760642886284435,"GIT1",1,"GIT1"
"GO:0051656","establishment of organelle localization","1/38","52/1871",0.0192307692307692,0.946862348178138,-0.0559395605346999,0.661070320693698,0.773006541747664,0.760642886284435,"RAB11A",1,"RAB11A"
"GO:0009891","positive regulation of biosynthetic process","7/38","375/1871",0.0186666666666667,0.919087719298246,-0.252229366518054,0.664168423566936,0.773006541747664,0.760642886284435,"ALKBH4/BMPR2/ASL/C5/ZMYND8/RARG/METTL16",7,"ALKBH4;BMPR2;ASL;C5;ZMYND8;RARG;METTL16"
"GO:0048878","chemical homeostasis","2/38","110/1871",0.0181818181818182,0.895215311004785,-0.163059408439087,0.665554704177448,0.773006541747664,0.760642886284435,"ARF1/ASL",2,"ARF1;ASL"
"GO:0009607","response to biotic stimulus","3/38","165/1871",0.0181818181818182,0.895215311004785,-0.202899817552432,0.665673735573633,0.773006541747664,0.760642886284435,"ARF1/C5/GIT1",3,"ARF1;C5;GIT1"
"GO:0051094","positive regulation of developmental process","3/38","165/1871",0.0181818181818182,0.895215311004785,-0.202899817552432,0.665673735573633,0.773006541747664,0.760642886284435,"ACIN1/BMPR2/ZMYND8",3,"ACIN1;BMPR2;ZMYND8"
"GO:0044085","cellular component biogenesis","9/38","478/1871",0.0188284518828452,0.927053512442193,-0.266056665797504,0.666083156770774,0.773006541747664,0.760642886284435,"FARSA/FCHSD2/DDX46/TMEM39A/ZMYND8/GIT1/RAB11A/METTL16/GEMIN8",9,"FARSA;FCHSD2;DDX46;TMEM39A;ZMYND8;GIT1;RAB11A;METTL16;GEMIN8"
"GO:0002252","immune effector process","1/38","53/1871",0.0188679245283019,0.928997020854022,-0.0754829623264478,0.668150764791356,0.773006541747664,0.760642886284435,"C5",1,"C5"
"GO:0043603","amide metabolic process","1/38","53/1871",0.0188679245283019,0.928997020854022,-0.0754829623264478,0.668150764791356,0.773006541747664,0.760642886284435,"ASL",1,"ASL"
"GO:0048732","gland development","1/38","53/1871",0.0188679245283019,0.928997020854022,-0.0754829623264478,0.668150764791356,0.773006541747664,0.760642886284435,"RARG",1,"RARG"
"GO:0090068","positive regulation of cell cycle process","1/38","53/1871",0.0188679245283019,0.928997020854022,-0.0754829623264478,0.668150764791356,0.773006541747664,0.760642886284435,"RAB11A",1,"RAB11A"
"GO:0006281","DNA repair","2/38","111/1871",0.018018018018018,0.88715030820294,-0.176456191661719,0.670529753523864,0.774816276550661,0.762423675746901,"KIF22/ZMYND8",2,"KIF22;ZMYND8"
"GO:0030522","intracellular receptor signaling pathway","1/38","54/1871",0.0185185185185185,0.911793372319688,-0.0946786384416325,0.675087107441482,0.77913572715637,0.766674040004442,"RARG",1,"RARG"
"GO:0009893","positive regulation of metabolic process","9/38","483/1871",0.0186335403726708,0.917456685191239,-0.303174106897595,0.679730838976948,0.783544276202519,0.771012077640201,"ALKBH4/BMPR2/GTPBP1/ASL/C5/ZMYND8/RARG/GIT1/METTL16",9,"ALKBH4;BMPR2;GTPBP1;ASL;C5;ZMYND8;RARG;GIT1;METTL16"
"GO:0001558","regulation of cell growth","1/38","55/1871",0.0181818181818182,0.895215311004785,-0.113540975312843,0.681882203708528,0.784157523457165,0.771615516468449,"BMPR2",1,"BMPR2"
"GO:0009966","regulation of signal transduction","7/38","381/1871",0.0183727034120735,0.904613896947092,-0.300321088259963,0.681911957832887,0.784157523457165,0.771615516468449,"LAMTOR4/SOS1/BMPR2/KREMEN1/ZMYND8/S100A4/GIT1",7,"LAMTOR4;SOS1;BMPR2;KREMEN1;ZMYND8;S100A4;GIT1"
"GO:0051254","positive regulation of RNA metabolic process","5/38","277/1871",0.0180505415162455,0.888751662549876,-0.288749090183786,0.683886448892733,0.785478276445639,0.772915145010984,"BMPR2/GTPBP1/ZMYND8/RARG/METTL16",5,"BMPR2;GTPBP1;ZMYND8;RARG;METTL16"
"GO:0009725","response to hormone","2/38","114/1871",0.0175438596491228,0.863804247460757,-0.216003842900598,0.685111003669266,0.785935542206842,0.773365097151898,"SOS1/RARG",2,"SOS1;RARG"
"GO:0016032","viral process","1/38","56/1871",0.0178571428571429,0.879229323308271,-0.132083499729142,0.688538853630927,0.788916204581942,0.776298086084837,"TMEM39A",1,"TMEM39A"
"GO:0007417","central nervous system development","2/38","115/1871",0.0173913043478261,0.85629290617849,-0.22897930889745,0.689857541819176,0.789475959410392,0.776848888057821,"SOS1/GIT1",2,"SOS1;GIT1"
"GO:0002683","negative regulation of immune system process","1/38","57/1871",0.0175438596491228,0.863804247460757,-0.150318945073455,0.695059803251877,0.792568192916709,0.779891663626049,"C5",1,"C5"
"GO:0051249","regulation of lymphocyte activation","1/38","57/1871",0.0175438596491228,0.863804247460757,-0.150318945073455,0.695059803251877,0.792568192916709,0.779891663626049,"SOS1",1,"SOS1"
"GO:1903829","positive regulation of protein localization","1/38","57/1871",0.0175438596491228,0.863804247460757,-0.150318945073455,0.695059803251877,0.792568192916709,0.779891663626049,"RAB11A",1,"RAB11A"
"GO:0006955","immune response","3/38","173/1871",0.0173410404624277,0.853818071189534,-0.290522160800272,0.69793241896907,0.792654820903888,0.779976906064039,"SOS1/GTPBP1/C5",3,"SOS1;GTPBP1;C5"
"GO:0032880","regulation of protein localization","2/38","117/1871",0.0170940170940171,0.841655420602789,-0.254631838776868,0.699181305435857,0.792654820903888,0.779976906064039,"ZMYND8/RAB11A",2,"ZMYND8;RAB11A"
"GO:0051234","establishment of localization","9/38","491/1871",0.0183299389002037,0.902508307428449,-0.362076369725699,0.700943616199054,0.792654820903888,0.779976906064039,"SLC16A11/TOM1L2/FCHSD2/ARF1/SLC43A1/TOMM40/SLC2A3/GIT1/RAB11A",9,"SLC16A11;TOM1L2;FCHSD2;ARF1;SLC43A1;TOMM40;SLC2A3;GIT1;RAB11A"
"GO:0006364","rRNA processing","1/38","58/1871",0.0172413793103448,0.848911070780399,-0.168259311368847,0.701447745631386,0.792654820903888,0.779976906064039,"METTL16",1,"METTL16"
"GO:0050801","monoatomic ion homeostasis","1/38","58/1871",0.0172413793103448,0.848911070780399,-0.168259311368847,0.701447745631386,0.792654820903888,0.779976906064039,"ARF1",1,"ARF1"
"GO:0055080","monoatomic cation homeostasis","1/38","58/1871",0.0172413793103448,0.848911070780399,-0.168259311368847,0.701447745631386,0.792654820903888,0.779976906064039,"ARF1",1,"ARF1"
"GO:1901990","regulation of mitotic cell cycle phase transition","1/38","58/1871",0.0172413793103448,0.848911070780399,-0.168259311368847,0.701447745631386,0.792654820903888,0.779976906064039,"RAB11A",1,"RAB11A"
"GO:0006412","translation","3/38","174/1871",0.0172413793103448,0.848911070780399,-0.301229648762449,0.701803742587879,0.792654820903888,0.779976906064039,"FARSA/GTPBP1/MRPS10",3,"FARSA;GTPBP1;MRPS10"
"GO:0009653","anatomical structure morphogenesis","5/38","283/1871",0.0176678445229682,0.869908871117724,-0.341937726786595,0.703154989761584,0.792979719832216,0.78029660847954,"SOS1/BMPR2/ZMYM4/RARG/ANKRD11",5,"SOS1;BMPR2;ZMYM4;RARG;ANKRD11"
"GO:0045597","positive regulation of cell differentiation","2/38","118/1871",0.0169491525423729,0.834522747546833,-0.26731277602976,0.70375907837896,0.792979719832216,0.78029660847954,"ACIN1/BMPR2",2,"ACIN1;BMPR2"
"GO:0051240","positive regulation of multicellular organismal process","3/38","175/1871",0.0171428571428571,0.84406015037594,-0.311885066461222,0.705639308547906,0.79366033709671,0.78096633978524,"ACIN1/BMPR2/C5",3,"ACIN1;BMPR2;C5"
"GO:0006357","regulation of transcription by RNA polymerase II","6/38","337/1871",0.0178041543026706,0.876620334218335,-0.360061950009285,0.706032224168051,0.79366033709671,0.78096633978524,"SOS1/BMPR2/ZNF469/ZMYND8/RARG/TSC22D2",6,"SOS1;BMPR2;ZNF469;ZMYND8;RARG;TSC22D2"
"GO:0045944","positive regulation of transcription by RNA polymerase II","3/38","176/1871",0.0170454545454545,0.839264354066986,-0.322489108398837,0.709439147459697,0.79654855871803,0.783808366484397,"BMPR2/ZMYND8/RARG",3,"BMPR2;ZMYND8;RARG"
"GO:0048584","positive regulation of response to stimulus","5/38","288/1871",0.0173611111111111,0.854806286549708,-0.385598173770047,0.718627322450749,0.805373578003898,0.79249223625598,"LAMTOR4/SOS1/BMPR2/C5/S100A4",5,"LAMTOR4;SOS1;BMPR2;C5;S100A4"
"GO:0009617","response to bacterium","1/38","61/1871",0.0163934426229508,0.807161345987921,-0.220420047006111,0.719839685913053,0.805373578003898,0.79249223625598,"GIT1",1,"GIT1"
"GO:0015980","energy derivation by oxidation of organic compounds","1/38","61/1871",0.0163934426229508,0.807161345987921,-0.220420047006111,0.719839685913053,0.805373578003898,0.79249223625598,"GIT1",1,"GIT1"
"GO:0002757","immune response-activating signaling pathway","1/38","62/1871",0.0161290322580645,0.794142614601019,-0.237287238918411,0.725721504661839,0.810048299217616,0.797092188836638,"SOS1",1,"SOS1"
"GO:0043434","response to peptide hormone","1/38","62/1871",0.0161290322580645,0.794142614601019,-0.237287238918411,0.725721504661839,0.810048299217616,0.797092188836638,"SOS1",1,"SOS1"
"GO:0051649","establishment of localization in cell","4/38","237/1871",0.0168776371308017,0.831001554519209,-0.400739568123496,0.729043074182328,0.812801832998117,0.799801681925205,"ARF1/TOMM40/GIT1/RAB11A",4,"ARF1;TOMM40;GIT1;RAB11A"
"GO:0002764","immune response-regulating signaling pathway","1/38","63/1871",0.0158730158730159,0.781537176274018,-0.253910098262322,0.731483020871265,0.81456715790231,0.801538771791636,"SOS1",1,"SOS1"
"GO:0010604","positive regulation of macromolecule metabolic process","8/38","452/1871",0.0176991150442478,0.871448532836516,-0.451737793677491,0.733439371728146,0.814973209357479,0.801938328760639,"ALKBH4/BMPR2/GTPBP1/C5/ZMYND8/RARG/GIT1/METTL16",8,"ALKBH4;BMPR2;GTPBP1;C5;ZMYND8;RARG;GIT1;METTL16"
"GO:0051641","cellular localization","5/38","293/1871",0.0170648464163823,0.840219148553979,-0.42868314769434,0.733561584868562,0.814973209357479,0.801938328760639,"ARF1/TOMM40/ZMYND8/GIT1/RAB11A",5,"ARF1;TOMM40;ZMYND8;GIT1;RAB11A"
"GO:0006310","DNA recombination","1/38","64/1871",0.015625,0.769325657894737,-0.27029721467766,0.737126629945873,0.817024970953992,0.803957273980961,"ZMYND8",1,"ZMYND8"
"GO:0070201","regulation of establishment of protein localization","1/38","64/1871",0.015625,0.769325657894737,-0.27029721467766,0.737126629945873,0.817024970953992,0.803957273980961,"RAB11A",1,"RAB11A"
"GO:0002694","regulation of leukocyte activation","1/38","65/1871",0.0153846153846154,0.75748987854251,-0.286456738943844,0.742654680893331,0.822193948229986,0.809043577371695,"SOS1",1,"SOS1"
"GO:0044419","biological process involved in interspecies interaction between organisms","3/38","186/1871",0.0161290322580645,0.794142614601019,-0.425847734438068,0.745484824042973,0.824367520540544,0.811182385035745,"ARF1/C5/GIT1",3,"ARF1;C5;GIT1"
"GO:0030098","lymphocyte differentiation","1/38","66/1871",0.0151515151515152,0.746012759170654,-0.302396412043317,0.748069477197901,0.825260676556063,0.812061255695766,"SOS1",1,"SOS1"
"GO:0010648","negative regulation of cell communication","3/38","187/1871",0.0160427807486631,0.789895862651281,-0.43592897200567,0.748895861059813,0.825260676556063,0.812061255695766,"KREMEN1/ARF1/GIT1",3,"KREMEN1;ARF1;GIT1"
"GO:0023057","negative regulation of signaling","3/38","187/1871",0.0160427807486631,0.789895862651281,-0.43592897200567,0.748895861059813,0.825260676556063,0.812061255695766,"KREMEN1/ARF1/GIT1",3,"KREMEN1;ARF1;GIT1"
"GO:0006302","double-strand break repair","1/38","67/1871",0.0149253731343284,0.734878240377062,-0.318123591881461,0.753373277677945,0.828275129562689,0.815027494804616,"ZMYND8",1,"ZMYND8"
"GO:0045787","positive regulation of cell cycle","1/38","67/1871",0.0149253731343284,0.734878240377062,-0.318123591881461,0.753373277677945,0.828275129562689,0.815027494804616,"RAB11A",1,"RAB11A"
"GO:0006366","transcription by RNA polymerase II","6/38","355/1871",0.0169014084507042,0.832171979243884,-0.505662116155992,0.755835294348835,0.830022361346122,0.816746780936081,"SOS1/BMPR2/ZNF469/ZMYND8/RARG/TSC22D2",6,"SOS1;BMPR2;ZNF469;ZMYND8;RARG;TSC22D2"
"GO:0019221","cytokine-mediated signaling pathway","1/38","68/1871",0.0147058823529412,0.724071207430341,-0.333645277884424,0.758568297327745,0.831104205943186,0.81781132224638,"SOS1",1,"SOS1"
"GO:0042110","T cell activation","1/38","68/1871",0.0147058823529412,0.724071207430341,-0.333645277884424,0.758568297327745,0.831104205943186,0.81781132224638,"SOS1",1,"SOS1"
"GO:0042176","regulation of protein catabolic process","1/38","69/1871",0.0144927536231884,0.713577421815408,-0.348968133672425,0.76365670814391,0.834755780971101,0.821404493091271,"DEDD",1,"DEDD"
"GO:0050865","regulation of cell activation","1/38","69/1871",0.0144927536231884,0.713577421815408,-0.348968133672425,0.76365670814391,0.834755780971101,0.821404493091271,"SOS1",1,"SOS1"
"GO:0009056","catabolic process","6/38","360/1871",0.0166666666666667,0.820614035087719,-0.54517866058656,0.76860594353352,0.835402569805441,0.822040937026994,"DEDD/KLHDC2/GTPBP1/TMEM39A/GIT1/METTL16",6,"DEDD;KLHDC2;GTPBP1;TMEM39A;GIT1;METTL16"
"GO:0010557","positive regulation of macromolecule biosynthetic process","6/38","360/1871",0.0166666666666667,0.820614035087719,-0.54517866058656,0.76860594353352,0.835402569805441,0.822040937026994,"ALKBH4/BMPR2/C5/ZMYND8/RARG/METTL16",6,"ALKBH4;BMPR2;C5;ZMYND8;RARG;METTL16"
"GO:0008283","cell population proliferation","4/38","250/1871",0.016,0.78778947368421,-0.518891777130543,0.768624323956497,0.835402569805441,0.822040937026994,"SOS1/BMPR2/IMPDH2/RARG",4,"SOS1;BMPR2;IMPDH2;RARG"
"GO:0006091","generation of precursor metabolites and energy","1/38","70/1871",0.0142857142857143,0.703383458646617,-0.364098507985061,0.768640639936657,0.835402569805441,0.822040937026994,"GIT1",1,"GIT1"
"GO:0044283","small molecule biosynthetic process","1/38","70/1871",0.0142857142857143,0.703383458646617,-0.364098507985061,0.768640639936657,0.835402569805441,0.822040937026994,"ASL",1,"ASL"
"GO:0048646","anatomical structure formation involved in morphogenesis","2/38","134/1871",0.0149253731343284,0.734878240377062,-0.458489329345169,0.76965857105231,0.835553996656104,0.822189941919615,"BMPR2/RARG",2,"BMPR2;RARG"
"GO:0048514","blood vessel morphogenesis","1/38","71/1871",0.0140845070422535,0.693476649369904,-0.3790424540167,0.773522181126223,0.837835528759724,0.824434982641424,"SOS1",1,"SOS1"
"GO:1901987","regulation of cell cycle phase transition","1/38","71/1871",0.0140845070422535,0.693476649369904,-0.3790424540167,0.773522181126223,0.837835528759724,0.824434982641424,"RAB11A",1,"RAB11A"
"GO:0045935","positive regulation of nucleobase-containing compound metabolic process","5/38","309/1871",0.0161812297734628,0.79671265542497,-0.562963757857945,0.777709572526422,0.841098311281773,0.827645579422764,"BMPR2/GTPBP1/ZMYND8/RARG/METTL16",5,"BMPR2;GTPBP1;ZMYND8;RARG;METTL16"
"GO:0043161","proteasome-mediated ubiquitin-dependent protein catabolic process","1/38","72/1871",0.0138888888888889,0.683845029239766,-0.393805747303651,0.778303379524669,0.841098311281773,0.827645579422764,"KLHDC2",1,"KLHDC2"
"GO:0035556","intracellular signal transduction","6/38","365/1871",0.0164383561643836,0.809372746935833,-0.584319399411245,0.780911601816196,0.842959061665383,0.829476568510184,"LAMTOR4/SOS1/BMPR2/RARG/S100A4/GIT1",6,"LAMTOR4;SOS1;BMPR2;RARG;S100A4;GIT1"
"GO:1901700","response to oxygen-containing compound","3/38","198/1871",0.0151515151515152,0.746012759170654,-0.544036319559244,0.78415058403057,0.845351779288674,0.831831016423301,"SOS1/RARG/GIT1",3,"SOS1;RARG;GIT1"
"GO:0006325","chromatin organization","2/38","139/1871",0.0143884892086331,0.70844377129875,-0.514265214759478,0.787561070368603,0.845351779288674,0.831831016423301,"ALKBH4/ZMYND8",2,"ALKBH4;ZMYND8"
"GO:0007005","mitochondrion organization","1/38","74/1871",0.0135135135135135,0.665362731152205,-0.422812187689584,0.787572740746336,0.845351779288674,0.831831016423301,"TOMM40",1,"TOMM40"
"GO:0032103","positive regulation of response to external stimulus","1/38","74/1871",0.0135135135135135,0.665362731152205,-0.422812187689584,0.787572740746336,0.845351779288674,0.831831016423301,"BMPR2",1,"BMPR2"
"GO:0044772","mitotic cell cycle phase transition","1/38","74/1871",0.0135135135135135,0.665362731152205,-0.422812187689584,0.787572740746336,0.845351779288674,0.831831016423301,"RAB11A",1,"RAB11A"
"GO:0070925","organelle assembly","2/38","140/1871",0.0142857142857143,0.703383458646617,-0.525221166095648,0.79099678919645,0.848069838247828,0.834505602083479,"TMEM39A/RAB11A",2,"TMEM39A;RAB11A"
"GO:0072359","circulatory system development","2/38","141/1871",0.0141843971631206,0.69839492347891,-0.53611322544775,0.794385257948026,0.850743671518662,0.8371366694118,"SOS1/BMPR2",2,"SOS1;BMPR2"
"GO:0040008","regulation of growth","1/38","76/1871",0.0131578947368421,0.647853185595568,-0.451159080444774,0.79646432274844,0.852010765954743,0.838383497629937,"BMPR2",1,"BMPR2"
"GO:0042127","regulation of cell population proliferation","3/38","203/1871",0.0147783251231527,0.727638060668914,-0.591599478890271,0.798835807600302,0.852629464677763,0.838992300734442,"SOS1/BMPR2/RARG",3,"SOS1;BMPR2;RARG"
"GO:0042981","regulation of apoptotic process","3/38","203/1871",0.0147783251231527,0.727638060668914,-0.591599478890271,0.798835807600302,0.852629464677763,0.838992300734442,"ACIN1/DEDD/RARG",3,"ACIN1;DEDD;RARG"
"GO:0140694","membraneless organelle assembly","1/38","77/1871",0.012987012987013,0.63943950786056,-0.465097119908474,0.800773156027304,0.852783058658416,0.839143438095448,"RAB11A",1,"RAB11A"
"GO:1901699","cellular response to nitrogen compound","1/38","77/1871",0.012987012987013,0.63943950786056,-0.465097119908474,0.800773156027304,0.852783058658416,0.839143438095448,"SOS1",1,"SOS1"
"GO:0019220","regulation of phosphate metabolic process","1/38","78/1871",0.0128205128205128,0.631241565452092,-0.478884177790423,0.804993122622043,0.855361407389456,0.841680548087029,"GIT1",1,"GIT1"
"GO:0051174","regulation of phosphorus metabolic process","1/38","78/1871",0.0128205128205128,0.631241565452092,-0.478884177790423,0.804993122622043,0.855361407389456,0.841680548087029,"GIT1",1,"GIT1"
"GO:0043067","regulation of programmed cell death","3/38","206/1871",0.0145631067961165,0.717041389882473,-0.619698969459909,0.807258093891294,0.856810767065425,0.843106726350283,"ACIN1/DEDD/RARG",3,"ACIN1;DEDD;RARG"
"GO:0032787","monocarboxylic acid metabolic process","1/38","79/1871",0.0126582278481013,0.623251165889407,-0.492524489002343,0.809126006805179,0.85783593363626,0.84411549615655,"GIT1",1,"GIT1"
"GO:0006914","autophagy","1/38","80/1871",0.0125,0.61546052631579,-0.506022114677247,0.813173558000158,0.859621409692722,0.845872414872799,"TMEM39A",1,"TMEM39A"
"GO:0061919","process utilizing autophagic mechanism","1/38","80/1871",0.0125,0.61546052631579,-0.506022114677247,0.813173558000158,0.859621409692722,0.845872414872799,"TMEM39A",1,"TMEM39A"
"GO:0006355","regulation of DNA-templated transcription","7/38","435/1871",0.0160919540229885,0.792316999395039,-0.711704525663054,0.8159517348356,0.859621409692722,0.845872414872799,"SOS1/BMPR2/DEDD/ZNF469/ZMYND8/RARG/TSC22D2",7,"SOS1;BMPR2;DEDD;ZNF469;ZMYND8;RARG;TSC22D2"
"GO:2001141","regulation of RNA biosynthetic process","7/38","435/1871",0.0160919540229885,0.792316999395039,-0.711704525663054,0.8159517348356,0.859621409692722,0.845872414872799,"SOS1/BMPR2/DEDD/ZNF469/ZMYND8/RARG/TSC22D2",7,"SOS1;BMPR2;DEDD;ZNF469;ZMYND8;RARG;TSC22D2"
"GO:0002181","cytoplasmic translation","1/38","81/1871",0.0123456790123457,0.607862248213125,-0.519380951478268,0.817137491442924,0.859621409692722,0.845872414872799,"GTPBP1",1,"GTPBP1"
"GO:0042254","ribosome biogenesis","1/38","81/1871",0.0123456790123457,0.607862248213125,-0.519380951478268,0.817137491442924,0.859621409692722,0.845872414872799,"METTL16",1,"METTL16"
"GO:0090407","organophosphate biosynthetic process","1/38","81/1871",0.0123456790123457,0.607862248213125,-0.519380951478268,0.817137491442924,0.859621409692722,0.845872414872799,"IMPDH2",1,"IMPDH2"
"GO:0048583","regulation of response to stimulus","8/38","491/1871",0.0162932790224033,0.802229606603066,-0.734503465798696,0.820360230866527,0.86205809895477,0.848270131131541,"LAMTOR4/SOS1/BMPR2/KREMEN1/C5/ZMYND8/S100A4/GIT1",8,"LAMTOR4;SOS1;BMPR2;KREMEN1;C5;ZMYND8;S100A4;GIT1"
"GO:0030163","protein catabolic process","2/38","150/1871",0.0133333333333333,0.656491228070175,-0.631428812661821,0.822828136713103,0.86369708390084,0.849882901752003,"DEDD/KLHDC2",2,"DEDD;KLHDC2"
"GO:0061061","muscle structure development","1/38","84/1871",0.0119047619047619,0.586152882205514,-0.558661406995847,0.828544238357971,0.868738225665304,0.854843414263606,"BMPR2",1,"BMPR2"
"GO:0048585","negative regulation of response to stimulus","3/38","219/1871",0.0136986301369863,0.674477289113194,-0.737954692367407,0.840528768956121,0.880333545459549,0.866253275680491,"KREMEN1/C5/GIT1",3,"KREMEN1;C5;GIT1"
"GO:0044770","cell cycle phase transition","1/38","88/1871",0.0113636363636364,0.55950956937799,-0.609303273875742,0.842680923469368,0.881616675708876,0.86751588323116,"RAB11A",1,"RAB11A"
"GO:0006974","DNA damage response","2/38","160/1871",0.0125,0.61546052631579,-0.732162165938285,0.850379674727186,0.888693484247862,0.874479503565609,"KIF22/ZMYND8",2,"KIF22;ZMYND8"
"GO:0006351","DNA-templated transcription","7/38","454/1871",0.0154185022026432,0.759158358451194,-0.848801129963349,0.851859103238284,0.889262356947978,0.875039277576792,"SOS1/BMPR2/DEDD/ZNF469/ZMYND8/RARG/TSC22D2",7,"SOS1;BMPR2;DEDD;ZNF469;ZMYND8;RARG;TSC22D2"
"GO:0006511","ubiquitin-dependent protein catabolic process","1/38","92/1871",0.0108695652173913,0.535183066361556,-0.658141459676181,0.855680214922028,0.891294506452189,0.877038924385407,"KLHDC2",1,"KLHDC2"
"GO:0010498","proteasomal protein catabolic process","1/38","92/1871",0.0108695652173913,0.535183066361556,-0.658141459676181,0.855680214922028,0.891294506452189,0.877038924385407,"KLHDC2",1,"KLHDC2"
"GO:0031347","regulation of defense response","1/38","94/1871",0.0106382978723404,0.523796192609182,-0.681937299436499,0.861781495990877,0.895687653210191,0.881361806080978,"GIT1",1,"GIT1"
"GO:0051248","negative regulation of protein metabolic process","1/38","94/1871",0.0106382978723404,0.523796192609182,-0.681937299436499,0.861781495990877,0.895687653210191,0.881361806080978,"DEDD",1,"DEDD"
"GO:0019941","modification-dependent protein catabolic process","1/38","95/1871",0.0105263157894737,0.518282548476454,-0.693687823250934,0.864737209638793,0.89777847856604,0.883419190265327,"KLHDC2",1,"KLHDC2"
"GO:0043632","modification-dependent macromolecule catabolic process","1/38","96/1871",0.0104166666666667,0.512883771929824,-0.705343072134901,0.867631345919044,0.899800883281365,0.88540924814559,"KLHDC2",1,"KLHDC2"
"GO:0006793","phosphorus metabolic process","3/38","233/1871",0.0128755364806867,0.633950756720126,-0.859591068378828,0.870905644903176,0.901230977478695,0.886816469066976,"GTPBP1/IMPDH2/GIT1",3,"GTPBP1;IMPDH2;GIT1"
"GO:0006796","phosphate-containing compound metabolic process","3/38","233/1871",0.0128755364806867,0.633950756720126,-0.859591068378828,0.870905644903176,0.901230977478695,0.886816469066976,"GTPBP1/IMPDH2/GIT1",3,"GTPBP1;IMPDH2;GIT1"
"GO:0097190","apoptotic signaling pathway","1/38","98/1871",0.0102040816326531,0.502416756176155,-0.728376266334311,0.873239857308972,0.902664243805252,0.88822681138178,"DEDD",1,"DEDD"
"GO:0080135","regulation of cellular response to stress","1/38","99/1871",0.0101010101010101,0.497341839447103,-0.73975829771261,0.875956656757511,0.904489446879905,0.890022821712586,"KREMEN1",1,"KREMEN1"
"GO:0033554","cellular response to stress","4/38","298/1871",0.0134228187919463,0.66089720946662,-0.918980938821351,0.878116528458719,0.905736245731282,0.891249678958559,"BMPR2/KIF22/KREMEN1/ZMYND8",4,"BMPR2;KIF22;KREMEN1;ZMYND8"
"GO:0006259","DNA metabolic process","2/38","174/1871",0.0114942528735632,0.565940713853599,-0.865394486434663,0.882608060203577,0.909382735919395,0.894837846291817,"KIF22/ZMYND8",2,"KIF22;ZMYND8"
"GO:0045087","innate immune response","1/38","103/1871",0.00970873786407767,0.478027593254982,-0.784433976947508,0.886267994775675,0.912165436181458,0.897576039366114,"C5",1,"C5"
"GO:0006952","defense response","2/38","178/1871",0.0112359550561798,0.553222945002957,-0.901994215204684,0.890601704692553,0.914985495050909,0.900350993525107,"C5/GIT1",2,"C5;GIT1"
"GO:0046907","intracellular transport","2/38","179/1871",0.0111731843575419,0.550132314025287,-0.911050611834496,0.892522348489914,0.914985495050909,0.900350993525107,"ARF1/RAB11A",2,"ARF1;RAB11A"
"GO:0045893","positive regulation of DNA-templated transcription","3/38","245/1871",0.0122448979591837,0.602900107411386,-0.959740695127668,0.892906116509582,0.914985495050909,0.900350993525107,"BMPR2/ZMYND8/RARG",3,"BMPR2;ZMYND8;RARG"
"GO:1902680","positive regulation of RNA biosynthetic process","3/38","245/1871",0.0122448979591837,0.602900107411386,-0.959740695127668,0.892906116509582,0.914985495050909,0.900350993525107,"BMPR2/ZMYND8/RARG",3,"BMPR2;ZMYND8;RARG"
"GO:0009968","negative regulation of signal transduction","2/38","180/1871",0.0111111111111111,0.547076023391813,-0.920070549374591,0.894412688082009,0.914985495050909,0.900350993525107,"KREMEN1/GIT1",2,"KREMEN1;GIT1"
"GO:0016567","protein ubiquitination","1/38","107/1871",0.00934579439252336,0.460157402852927,-0.82782991789795,0.895742897888955,0.914985495050909,0.900350993525107,"KLHDC2",1,"KLHDC2"
"GO:0140546","defense response to symbiont","1/38","107/1871",0.00934579439252336,0.460157402852927,-0.82782991789795,0.895742897888955,0.914985495050909,0.900350993525107,"C5",1,"C5"
"GO:0043009","chordate embryonic development","1/38","108/1871",0.00925925925925926,0.455896686159844,-0.83849110854221,0.897988799181596,0.915313341931081,0.900673596742189,"RARG",1,"RARG"
"GO:0098542","defense response to other organism","1/38","108/1871",0.00925925925925926,0.455896686159844,-0.83849110854221,0.897988799181596,0.915313341931081,0.900673596742189,"C5",1,"C5"
"GO:0009792","embryo development ending in birth or egg hatching","1/38","110/1871",0.00909090909090909,0.447607655502392,-0.859598570972265,0.902340160908184,0.918763911160261,0.904068976724193,"RARG",1,"RARG"
"GO:1902532","negative regulation of intracellular signal transduction","1/38","111/1871",0.00900900900900901,0.44357515410147,-0.870047650903476,0.904447528248042,0.919924705202019,0.905211204742482,"GIT1",1,"GIT1"
"GO:0051603","proteolysis involved in protein catabolic process","1/38","114/1871",0.0087719298245614,0.431902123730379,-0.900992300641309,0.910507423382541,0.925098888500851,0.910302630889652,"KLHDC2",1,"KLHDC2"
"GO:0006811","monoatomic ion transport","1/38","115/1871",0.00869565217391304,0.428146453089245,-0.91117721804893,0.912442948659413,0.926076034338422,0.911264148017995,"TOMM40",1,"TOMM40"
"GO:0006338","chromatin remodeling","1/38","116/1871",0.00862068965517241,0.4244555353902,-0.921299180139768,0.914337691228286,0.927009748782623,0.912182928405282,"ALKBH4",1,"ALKBH4"
"GO:0008284","positive regulation of cell population proliferation","1/38","119/1871",0.00840336134453781,0.41375497567448,-0.951298843121053,0.919785505228325,0.931539952579486,0.916640675015953,"RARG",1,"RARG"
"GO:0080134","regulation of response to stress","2/38","196/1871",0.0102040816326531,0.502416756176155,-1.05978494582301,0.920850376265018,0.931626284923438,0.916725626539307,"KREMEN1/GIT1",2,"KREMEN1;GIT1"
"GO:0032446","protein modification by small protein conjugation","1/38","121/1871",0.00826446280991736,0.40691605045672,-0.971004406816326,0.923228365839804,0.933039506815785,0.918116245015477,"KLHDC2",1,"KLHDC2"
"GO:0010608","post-transcriptional regulation of gene expression","1/38","130/1871",0.00769230769230769,0.378744939271255,-1.0569966215808,0.9370213661368,0.945973799571228,0.930843663532925,"METTL16",1,"METTL16"
"GO:0006629","lipid metabolic process","1/38","132/1871",0.00757575757575758,0.373006379585327,-1.07555262773945,0.939741346919035,0.947713701930013,0.932555737468351,"SLC16A11",1,"SLC16A11"
"GO:0070647","protein modification by small protein conjugation or removal","1/38","135/1871",0.00740740740740741,0.364717348927875,-1.10303778157161,0.943608082621024,0.950605176454019,0.935400965042474,"KLHDC2",1,"KLHDC2"
"GO:1901698","response to nitrogen compound","1/38","138/1871",0.0072463768115942,0.356788710907704,-1.13012189520182,0.94723281280619,0.953246989395436,0.938000524182348,"SOS1",1,"SOS1"
"GO:0043687","post-translational protein modification","1/38","143/1871",0.00699300699300699,0.344313581155686,-1.17442072606107,0.952775935588155,0.9578117492012,0.942492274104673,"KLHDC2",1,"KLHDC2"
"GO:0009628","response to abiotic stimulus","1/38","145/1871",0.00689655172413793,0.33956442831216,-1.19186051207141,0.954830670794391,0.958863746489404,0.943527445491261,"TSC22D2",1,"TSC22D2"
"GO:0043412","macromolecule modification","3/38","314/1871",0.00955414012738853,0.470415688903788,-1.48076792143122,0.966667431644383,0.969726505795156,0.95421646317106,"ALG8/KLHDC2/METTL16",3,"ALG8;KLHDC2;METTL16"
"GO:0006508","proteolysis","1/38","171/1871",0.00584795321637427,0.287934749153586,-1.40612767535775,0.974788012245742,0.976842360006007,0.96121850467136,"KLHDC2",1,"KLHDC2"
"GO:0036211","protein modification process","2/38","284/1871",0.00704225352112676,0.346738324684952,-1.72063699398364,0.985726210333621,0.986763816870814,0.970981275331401,"ALG8/KLHDC2",2,"ALG8;KLHDC2"
"GO:0051246","regulation of protein metabolic process","1/38","255/1871",0.00392156862745098,0.193085655314757,-1.99575955488012,0.996403823282924,0.996403823282924,0.980467097126039,"DEDD",1,"DEDD"
