gene_id,Gene,chr,tss
ENSG00000136997.22,MYC,chr8,127735433
ENSG00000241685.12,ARPC1A,chr7,99325878
ENSG00000284292.1,ENSG00000284292,chr7,99325878
ENSG00000221978.15,CCNL2,chr1,1400908
ENSG00000153037.17,SRP19,chr5,112861187
ENSG00000221838.14,AP4M1,chr7,100100840
ENSG00000166508.21,MCM7,chr7,100101939
ENSG00000170144.25,HNRNPA3,chr2,177212586
ENSG00000203852.4,H3C15,chr1,149852607
ENSG00000091127.16,PUS7,chr7,105522271
ENSG00000143368.12,SF3B4,chr1,149928267
ENSG00000159069.16,FBXW5,chr9,136950121
ENSG00000164967.12,RPP25L,chr9,34612604
ENSG00000258728.2,ENSG00000258728,chr9,34646630
ENSG00000055044.13,NOP58,chr2,202265275
ENSG00000075426.14,FOSL2,chr2,28392447
ENSG00000148356.17,LRSAM1,chr9,127451468
ENSG00000115137.13,DNAJC27,chr2,24972093
ENSG00000132305.24,IMMT,chr2,86195630
ENSG00000166997.10,CNPY4,chr7,100119613
ENSG00000055332.21,EIF2AK2,chr2,37157687
ENSG00000196787.5,H2AC11,chr6,27133042
ENSG00000082701.19,GSK3B,chr3,120095711
ENSG00000138435.16,CHRNA1,chr2,174787934
ENSG00000091106.21,NLRC4,chr2,32265819
ENSG00000106336.15,FBXO24,chr7,100583981
ENSG00000288608.1,ENSG00000288608,chr7,151061927
ENSG00000162994.18,CLHC1,chr2,55232562
ENSG00000085514.17,PILRA,chr7,100367529
ENSG00000144354.17,CDCA7,chr2,173354817
ENSG00000049541.13,RFC2,chr7,74254457
ENSG00000095002.18,MSH2,chr2,47403066
ENSG00000228672.4,PROB1,chr5,139395103
ENSG00000197153.5,H3C12,chr6,27893105
ENSG00000235387.7,SPAAR,chr9,35909487
ENSG00000142330.22,CAPN10,chr2,240586365
ENSG00000117308.17,GALE,chr1,23800803
ENSG00000278677.2,H2AC17,chr6,27893184
ENSG00000138413.16,IDH1,chr2,208266094
ENSG00000112242.18,E2F3,chr6,20401839
ENSG00000270757.1,HSPE1-MOB4,chr2,197500412
ENSG00000184924.8,PTRHD1,chr2,24793394
ENSG00000122705.20,CLTA,chr9,36190855
ENSG00000115904.17,SOS1,chr2,39124344
ENSG00000177239.18,MAN1B1,chr9,137085916
ENSG00000153187.23,HNRNPU,chr1,244864573
ENSG00000213585.13,VDAC1,chr5,134005359
ENSG00000180198.19,RCC1,chr1,28505931
ENSG00000151360.10,ALLC,chr2,3658199
ENSG00000048140.20,TSPAN17,chr5,176647386
ENSG00000087087.22,SRRT,chr7,100875064
ENSG00000163703.22,CRELD1,chr3,9933790
ENSG00000163795.16,ZNF513,chr2,27380789
ENSG00000115020.19,PIKFYVE,chr2,208266228
ENSG00000170584.14,NUDCD2,chr5,163460403
ENSG00000068784.15,SRBD1,chr2,45612164
ENSG00000115541.13,HSPE1,chr2,197500109
ENSG00000115128.9,SF3B6,chr2,24076475
ENSG00000274641.2,H2BC17,chr6,27893424
ENSG00000196420.10,S100A5,chr1,153543073
ENSG00000062582.16,MRPS24,chr7,43869892
ENSG00000052749.16,RRP12,chr10,97426075
ENSG00000128563.15,PRKRIP1,chr7,102363807
ENSG00000176092.18,CRYBG2,chr1,26360079
ENSG00000203811.2,H3C14,chr1,149841207
ENSG00000183718.8,TRIM52,chr5,181262067
ENSG00000072571.22,HMMR,chr5,163460202
ENSG00000105968.21,H2AZ2,chr7,44848145
ENSG00000155115.9,GTF3C6,chr6,110958476
ENSG00000163608.17,RMP64,chr3,113019860
ENSG00000171314.11,PGAM1,chr10,97426104
ENSG00000138069.20,RAB1A,chr2,65130985
ENSG00000165283.18,STOML2,chr9,35103194
ENSG00000143450.19,OAZ3,chr1,151762898
ENSG00000136709.14,WDR33,chr2,127811194
ENSG00000137154.15,RPS6,chr9,19380298
ENSG00000138092.13,CENPO,chr2,24793099
ENSG00000035141.12,FAM136A,chr2,70302085
ENSG00000153574.11,RPIA,chr2,88691641
ENSG00000105819.17,PMPCB,chr7,103295716
ENSG00000136193.19,SCRN1,chr7,29990288
ENSG00000288859.2,H2AC19,chr1,149851060
ENSG00000196196.3,HRCT1,chr9,35906201
ENSG00000119335.20,SET,chr9,128683423
ENSG00000172071.15,EIF2AK3,chr2,88691517
ENSG00000197958.15,RPL12,chr9,127452093
ENSG00000181472.7,ZBTB2,chr6,151391699
ENSG00000219626.11,FAM228B,chr2,24076525
ENSG00000106009.18,BRAT1,chr7,2555781
ENSG00000165732.16,DDX21,chr10,68956134
ENSG00000188177.17,ZC3H6,chr2,112275564
ENSG00000169919.19,GUSB,chr7,65982703
ENSG00000113013.18,HSPA9,chr5,138575674
ENSG00000161016.20,RPL8,chr8,144793501
ENSG00000131504.19,DIAPH1,chr5,141619193
ENSG00000106266.13,SNX8,chr7,2354317
ENSG00000221944.9,TIGD1,chr2,232550556
ENSG00000114019.17,AMOTL2,chr3,134375478
ENSG00000069011.17,PITX1,chr5,135034812
ENSG00000115484.17,CCT4,chr2,61888695
ENSG00000215375.9,MYL5,chr4,673518
ENSG00000106263.21,EIF3B,chr7,2354079
ENSG00000145808.12,ADAMTS19,chr5,129459681
ENSG00000145912.12,NHP2,chr5,178153967
ENSG00000165689.19,ENTR1,chr9,136410620
ENSG00000173163.13,COMMD1,chr2,61888723
ENSG00000165272.18,AQP3,chr9,33447595
ENSG00000055917.19,PUM2,chr2,20352233
ENSG00000184925.14,LCN12,chr9,136949390
ENSG00000135317.16,SNX14,chr6,85594155
ENSG00000132912.16,DCTN4,chr5,150759094
ENSG00000068654.19,POLR1A,chr2,86106154
ENSG00000135930.17,EIF4E2,chr2,232550632
ENSG00000144028.17,SNRNP200,chr2,96321270
ENSG00000165688.16,PMPCA,chr9,136410629
ENSG00000136950.15,ARPC5L,chr9,124862108
ENSG00000136942.17,RPL35,chr9,124862016
ENSG00000171865.12,RNASEH1,chr2,3558370
ENSG00000145907.18,G3BP1,chr5,151770950
ENSG00000162959.16,MEMO1,chr2,32011229
ENSG00000074054.23,CLASP1,chr2,121649598
ENSG00000175309.18,PHYKPL,chr5,178233207
ENSG00000135164.21,DMTF1,chr7,87152339
ENSG00000288825.1,H2AC18,chr1,149842749
ENSG00000286905.1,ENSG00000286905,chr2,3558332
ENSG00000122674.14,CCZ1,chr7,5898691
ENSG00000078399.20,HOXA9,chr7,27175179
ENSG00000198556.16,ZNF789,chr7,99472793
ENSG00000115677.20,HDLBP,chr2,241317060
ENSG00000006837.13,CDKL3,chr5,134371046
ENSG00000215156.6,ENSG00000215156,chr5,34190155
ENSG00000273345.6,ENSG00000273345,chr5,134371043
ENSG00000005075.18,POLR2J,chr7,102478935
ENSG00000146007.13,ZMAT2,chr5,140698679
ENSG00000119048.11,UBE2B,chr5,134371173
ENSG00000178764.10,ZHX2,chr8,122781297
ENSG00000168906.15,MAT2A,chr2,85539162
ENSG00000164169.15,PRMT9,chr4,147684226
ENSG00000114993.18,RTKN,chr2,74442421
ENSG00000153317.17,ASAP1,chr8,130444081
ENSG00000169714.19,CNBP,chr3,129184007
ENSG00000013441.19,CLK1,chr2,200864727
ENSG00000157426.16,AASDH,chr4,56387522
ENSG00000143436.12,MRPL9,chr1,151763521
ENSG00000241852.13,C8orf58,chr8,22599587
ENSG00000143761.19,ARF1,chr1,228081840
ENSG00000132300.21,PTCD3,chr2,86106222
ENSG00000106211.12,HSPB1,chr7,76302665
ENSG00000129625.15,REEP5,chr5,112922362
ENSG00000172113.12,NME6,chr3,48301684
ENSG00000173349.6,SFT2D3,chr2,127701496
ENSG00000114268.14,PFKFB4,chr3,48562014
ENSG00000122642.13,FKBP9,chr7,32957403
ENSG00000136854.28,STXBP1,chr9,127579369
ENSG00000151461.22,UPF2,chr10,12043169
ENSG00000186063.15,AIDA,chr1,222713209
ENSG00000137076.24,TLN1,chr9,35732211
ENSG00000198055.13,GRK6,chr5,177403203
ENSG00000138496.19,PARP9,chr3,122565477
ENSG00000127184.15,COX7C,chr5,86617883
ENSG00000288699.1,ENSG00000288699,chr9,35074174
ENSG00000138071.17,ACTR2,chr2,65227713
ENSG00000107175.14,CREB3,chr9,35732295
ENSG00000214300.8,SPDYE3,chr7,100307701
ENSG00000169020.12,ATP5ME,chr4,674399
ENSG00000197238.5,H4C11,chr6,27824091
ENSG00000113555.6,PCDH12,chr5,141969740
ENSG00000198399.18,ITSN2,chr2,24360806
ENSG00000240857.4,RDH14,chr2,18560696
ENSG00000176919.15,C8G,chr9,136942531
ENSG00000284952.1,ENSG00000284952,chr3,155854441
ENSG00000204822.9,MRPL53,chr2,74472698
ENSG00000065802.14,ASB1,chr2,238426741
ENSG00000066422.8,ZBTB11,chr3,101677134
ENSG00000163611.13,SPICE1,chr3,113515605
ENSG00000096063.18,SRPK1,chr6,35921341
ENSG00000177917.13,ARL6IP6,chr2,152717620
ENSG00000006576.19,PHTF2,chr7,77798651
ENSG00000120318.18,ARAP3,chr5,141682254
ENSG00000182899.19,RPL35A,chr3,197949956
ENSG00000177646.22,ACAD9,chr3,128879493
ENSG00000065526.14,SPEN,chr1,15836094
ENSG00000175182.17,FAM131A,chr3,184335915
ENSG00000157856.14,DRC1,chr2,26401907
ENSG00000078114.21,NEBL,chr10,21293010
ENSG00000178381.15,ZFAND2A,chr7,1175913
ENSG00000197948.13,FCHSD1,chr5,141651429
ENSG00000084774.16,CAD,chr2,27217344
ENSG00000136830.14,NIBAN2,chr9,127579048
ENSG00000066923.21,STAG3,chr7,100177562
ENSG00000145088.11,EAF2,chr3,121835163
ENSG00000106261.19,ZKSCAN1,chr7,100015569
ENSG00000086102.21,NFX1,chr9,33290427
ENSG00000188732.13,FAM221A,chr7,23680113
ENSG00000116898.14,MRPS15,chr1,36464417
ENSG00000283189.2,ENSG00000283189,chr3,49429313
ENSG00000164850.18,GPER1,chr7,1082207
ENSG00000173226.19,IQCB1,chr3,121835092
ENSG00000160973.10,FOXH1,chr8,144475872
ENSG00000160051.14,IQCC,chr1,32205637
ENSG00000070756.19,PABPC1,chr8,100722808
ENSG00000130429.18,ARPC1B,chr7,99374225
ENSG00000115827.16,DCAF17,chr2,171434216
ENSG00000197756.12,RPL37A,chr2,216498796
ENSG00000115520.11,COQ10B,chr2,197453437
ENSG00000160972.12,PPP1R16A,chr8,144475988
ENSG00000145029.17,NICN1,chr3,49429330
ENSG00000159788.22,RGS12,chr4,3292981
ENSG00000137103.22,TMEM8B,chr9,35814450
ENSG00000106384.14,MOGAT3,chr7,101201087
ENSG00000213523.14,SRA1,chr5,140557919
ENSG00000115828.19,QPCT,chr2,37342826
ENSG00000001631.19,KRIT1,chr7,92246165
ENSG00000164211.15,STARD4,chr5,111513043
ENSG00000165802.25,NSMF,chr9,137459575
ENSG00000285437.4,POLR2J3,chr7,102572619
ENSG00000144136.13,SLC20A1,chr2,112645852
ENSG00000146963.20,LUC7L2,chr7,139340358
ENSG00000134330.20,IAH1,chr2,9473657
ENSG00000198758.13,EPS8L3,chr1,109764061
ENSG00000163820.18,FYCO1,chr3,45995844
ENSG00000165244.8,ZNF367,chr9,96418469
ENSG00000163170.14,BOLA3,chr2,74147976
ENSG00000269955.2,FMC1-LUC7L2,chr7,139341359
ENSG00000186792.19,HYAL3,chr3,50299436
ENSG00000243477.8,NAA80,chr3,50299436
ENSG00000120738.9,EGR1,chr5,138465189
ENSG00000152455.18,SUV39H2,chr10,14878322
ENSG00000178028.16,DMAP1,chr1,44213426
ENSG00000168385.20,SEPTIN2,chr2,241314922
ENSG00000235007.3,ENSG00000235007,chr9,129139412
ENSG00000178074.7,C2orf69,chr2,199911248
ENSG00000203666.15,DRC8,chr1,244969670
ENSG00000143994.16,ABHD1,chr2,27123788
ENSG00000075303.15,SLC25A40,chr7,87876403
ENSG00000164849.12,GPR146,chr7,1044536
ENSG00000163840.11,DTX3L,chr3,122564227
ENSG00000138002.18,IFT172,chr2,27489838
ENSG00000120306.13,CYSTM1,chr5,140174923
ENSG00000124635.12,H2BC11,chr6,27133882
ENSG00000113194.15,FAF2,chr5,176447627
ENSG00000168495.15,POLR3D,chr8,22245077
ENSG00000180245.7,RRH,chr4,109827971
ENSG00000187796.18,CARD9,chr9,136373682
ENSG00000136527.21,TRA2B,chr3,185938102
ENSG00000163832.18,ELP6,chr3,47513737
ENSG00000285943.1,SPICE1-CFAP44,chr3,113515150
ENSG00000185055.13,EFCAB10,chr7,105600874
ENSG00000145833.18,DDX46,chr5,134758770
ENSG00000145040.4,UCN2,chr3,48563780
ENSG00000157778.11,PSMG3,chr7,1571077
ENSG00000289701.1,ENSG00000289701,chr9,136373643
ENSG00000165644.13,COMTD1,chr10,75236087
ENSG00000173334.5,TRIB1,chr8,125430151
ENSG00000028137.21,TNFRSF1B,chr1,12166969
ENSG00000006634.10,DBF4,chr7,87876215
ENSG00000232434.4,AJM1,chr9,136842477
ENSG00000170027.8,YWHAG,chr7,76359021
ENSG00000032389.15,EIPR1,chr2,3377878
ENSG00000196378.16,ZNF34,chr8,144788683
ENSG00000091137.16,SLC26A4,chr7,107660593
ENSG00000189171.18,S100A13,chr1,153634441
ENSG00000105808.21,RASA4,chr7,102616778
ENSG00000168255.20,POLR2J3,chr7,102572652
ENSG00000077454.19,LRCH4,chr7,100586235
ENSG00000145781.11,COMMD10,chr5,116084974
ENSG00000179833.6,SERTAD2,chr2,64751004
ENSG00000186468.15,RPS23,chr5,82278598
ENSG00000113643.11,RARS1,chr5,168486446
ENSG00000145819.19,ARHGAP26,chr5,142770342
ENSG00000119402.20,FBXW2,chr9,120793437
ENSG00000178966.18,RMI1,chr9,83980354
ENSG00000163811.14,WDR43,chr2,28894610
ENSG00000213699.11,SLC35F6,chr2,26764239
ENSG00000168090.12,COPS6,chr7,100088947
ENSG00000115163.17,CENPA,chr2,26764288
ENSG00000160908.17,ZNF394,chr7,99504917
ENSG00000134375.13,TIMM17A,chr1,201955475
ENSG00000146054.20,TRIM7,chr5,181205308
ENSG00000197785.16,ATAD3A,chr1,1512117
ENSG00000136231.16,IGF2BP3,chr7,23470832
ENSG00000285953.2,ENSG00000285953,chr7,92245942
ENSG00000144840.12,RABL3,chr3,120742992
ENSG00000289027.1,ENSG00000289027,chr7,92245923
ENSG00000164403.17,SHROOM1,chr5,132830923
ENSG00000108021.24,TASOR2,chr10,5684730
ENSG00000169599.15,NFU1,chr2,69437664
ENSG00000237190.5,CDKN2AIPNL,chr5,134411901
ENSG00000185278.18,ZBTB37,chr1,173868081
ENSG00000115649.18,CNPPD1,chr2,219182663
ENSG00000005486.19,RHBDD2,chr7,75842601
ENSG00000113272.16,THG1L,chr5,157731401
ENSG00000182004.15,SNRPE,chr1,203861495
ENSG00000143774.20,GUK1,chr1,228139961
ENSG00000197858.14,GPAA1,chr8,144082336
ENSG00000163798.16,SLC4A1AP,chr2,27663425
ENSG00000158411.12,MITD1,chr2,99181351
ENSG00000132432.16,SEC61G,chr7,54759973
ENSG00000203814.8,H2BC18,chr1,149812373
ENSG00000170469.13,SPATA24,chr5,139404093
ENSG00000178252.21,WDR6,chr3,49007061
ENSG00000143079.17,CTTNBP2NL,chr1,112396197
ENSG00000115524.19,SF3B1,chr2,197435078
ENSG00000119777.22,TMEM214,chr2,27032909
ENSG00000169359.18,SLC33A1,chr3,155854562
ENSG00000072682.22,P4HA2,chr5,132295314
ENSG00000116752.8,BCAS2,chr1,114581724
ENSG00000143924.21,EML4,chr2,42169311
ENSG00000136938.11,ANP32B,chr9,97983125
ENSG00000143977.16,SNRPG,chr2,70293765
ENSG00000293600.3,ENSG00000293600,chr5,140564439
ENSG00000176087.18,SLC35A4,chr5,140564439
ENSG00000082516.10,GEMIN5,chr5,154938241
ENSG00000167103.13,PIP5KL1,chr9,127930822
ENSG00000151353.18,TMEM18,chr2,677469
ENSG00000124733.6,MEA1,chr6,43016867
ENSG00000164307.15,ERAP1,chr5,96808176
ENSG00000021574.17,SPAST,chr2,32063524
ENSG00000114383.12,TUSC2,chr3,50328250
ENSG00000163870.18,TPRA1,chr3,127598317
ENSG00000163482.14,STK36,chr2,218672026
ENSG00000286075.4,SMIM10L3,chr7,6348966
ENSG00000142224.18,IL19,chr1,206770763
ENSG00000276903.2,H2AC16,chr6,27865316
ENSG00000173559.17,NABP1,chr2,191678067
ENSG00000173272.18,MZT2A,chr2,131493041
ENSG00000014641.23,MDH1,chr2,63588556
ENSG00000146282.21,RARS2,chr6,87590027
ENSG00000213420.10,GPC2,chr7,100177388
ENSG00000135336.19,ORC3,chr6,87590066
ENSG00000159592.13,GPBP1L1,chr1,45688407
ENSG00000178397.14,FAM220A,chr7,6348980
ENSG00000168899.7,VAMP5,chr2,85584396
ENSG00000156172.8,CFAP418,chr8,95269429
ENSG00000122406.16,RPL5,chr1,92831989
ENSG00000115806.15,GORASP2,chr2,170928463
ENSG00000187186.17,ENSG00000187186,chr9,34666121
ENSG00000239857.9,GET4,chr7,876485
ENSG00000001629.12,ANKIB1,chr7,92245959
ENSG00000204217.17,BMPR2,chr2,202375834
ENSG00000124688.16,MAD2L1BP,chr6,43629493
ENSG00000184678.11,H2BC21,chr1,149886681
ENSG00000144283.25,PKP4,chr2,158456894
ENSG00000176386.11,CDC26,chr9,113275601
ENSG00000176020.9,AMIGO3,chr3,49719683
ENSG00000273703.2,H2BC14,chr6,27815021
ENSG00000196981.5,WDR5B,chr3,122416463
ENSG00000197375.16,SLC22A5,chr5,132369492
ENSG00000076201.18,PTPN23,chr3,47381010
ENSG00000136270.16,TBRG4,chr7,45112047
ENSG00000162526.7,TSSK3,chr1,32351520
ENSG00000172432.21,GTPBP2,chr6,43629290
ENSG00000184260.6,H2AC20,chr1,149886917
ENSG00000293560.3,MYH16,chr7,99272838
ENSG00000153237.21,CCDC148,chr2,158456775
ENSG00000073111.17,MCM2,chr3,127598222
ENSG00000145725.23,PPIP5K2,chr5,103120148
ENSG00000163481.10,RNF25,chr2,218672008
ENSG00000064012.26,CASP8,chr2,201233442
ENSG00000144567.13,RETREG2,chr2,219176224
ENSG00000071967.14,CYBRD1,chr2,171522246
ENSG00000153922.14,CHD1,chr5,98929626
ENSG00000135597.21,REPS1,chr6,138988355
ENSG00000169228.16,RAB24,chr5,177303765
ENSG00000123473.19,STIL,chr1,47314891
ENSG00000146826.19,TRAPPC14,chr7,100158736
ENSG00000087077.16,TRIP6,chr7,100867125
ENSG00000152133.19,GPATCH11,chr2,37084417
ENSG00000113108.22,APBB3,chr5,140564780
ENSG00000143224.20,PPOX,chr1,161165836
ENSG00000106404.15,CLDN15,chr7,101238819
ENSG00000175756.16,AURKAIP1,chr1,1375520
ENSG00000107719.12,PALD1,chr10,70477657
ENSG00000144021.5,CIAO1,chr2,96266158
ENSG00000106976.24,DNM1,chr9,128191654
ENSG00000135966.16,TGFBRAP1,chr2,105330048
ENSG00000122735.18,DNAI1,chr9,34457413
ENSG00000115091.14,ACTR3,chr2,113889599
ENSG00000124587.16,PEX6,chr6,42979248
ENSG00000015479.22,MATR3,chr5,139273751
ENSG00000214113.13,LYRM4,chr6,5261430
ENSG00000119820.13,YIPF4,chr2,32277867
ENSG00000127948.19,POR,chr7,75899199
ENSG00000213930.14,GALT,chr9,34637366
ENSG00000162496.12,DHRS3,chr1,12620182
ENSG00000135074.18,ADAM19,chr5,157575857
ENSG00000115307.19,AUP1,chr2,74529965
ENSG00000008869.14,HEATR5B,chr2,37084408
ENSG00000145982.15,FARS2,chr6,5261006
ENSG00000153560.14,UBP1,chr3,33441406
ENSG00000162892.16,IL24,chr1,206897442
ENSG00000153201.19,RANBP2,chr2,108719366
ENSG00000106290.18,TAF6,chr7,100127186
ENSG00000187583.13,PLEKHN1,chr1,966436
ENSG00000135249.10,RINT1,chr7,105532115
ENSG00000153094.27,BCL2L11,chr2,111119377
ENSG00000198522.16,GPN1,chr2,27628246
ENSG00000198876.15,DCAF12,chr9,34127398
ENSG00000171848.18,RRM2,chr2,10120697
ENSG00000145901.20,TNIP1,chr5,151093576
ENSG00000251503.8,CENPS-CORT,chr1,10430101
ENSG00000143850.19,PLEKHA6,chr1,204378390
ENSG00000148225.19,WDR31,chr9,113340336
ENSG00000163162.11,RNF149,chr2,101308769
ENSG00000154479.14,CFAP210,chr2,169694425
ENSG00000113282.16,CLINT1,chr5,157859205
ENSG00000176714.12,CCDC121,chr2,27629017
ENSG00000142733.20,MAP3K6,chr1,27366985
ENSG00000142655.15,PEX14,chr1,10472287
ENSG00000169230.12,PRELID1,chr5,177303786
ENSG00000123600.23,METTL8,chr2,171434801
ENSG00000213160.12,KLHL23,chr2,169694434
ENSG00000144362.14,PHOSPHO2,chr2,169694434
ENSG00000130675.16,MNX1,chr7,157010667
ENSG00000165119.25,HNRNPK,chr9,83981585
ENSG00000183598.4,H3C13,chr1,149813692
ENSG00000205143.7,ARID3C,chr9,34630502
ENSG00000113558.21,SKP1,chr5,134177910
ENSG00000135211.8,TMEM60,chr7,77799722
ENSG00000127377.11,CRYGN,chr7,151440812
ENSG00000114346.16,ECT2,chr3,172750681
ENSG00000171853.18,TRAPPC12,chr2,3379668
ENSG00000136875.15,PRPF4,chr9,113275636
ENSG00000138463.11,SLC49A4,chr3,122794818
ENSG00000198755.13,RPL10A,chr6,35468365
ENSG00000164587.15,RPS14,chr5,150449951
ENSG00000176095.14,IP6K1,chr3,49786556
ENSG00000283988.1,TAF11L9,chr5,17594393
ENSG00000286192.1,ENSG00000286192,chr7,2242214
ENSG00000146409.14,SLC18B1,chr6,132813338
ENSG00000118816.14,CCNI,chr4,77076318
ENSG00000198841.4,KTI12,chr1,52033809
ENSG00000183891.8,TTC32,chr2,19902281
ENSG00000276368.2,H2AC14,chr6,27814776
ENSG00000127920.7,GNG11,chr7,93921442
ENSG00000137563.15,GGH,chr8,63039406
ENSG00000132313.16,MRPL35,chr2,86199354
ENSG00000081479.16,LRP2,chr2,169362779
ENSG00000186854.13,TRABD2A,chr2,84907007
ENSG00000135926.17,TMBIM1,chr2,218292588
ENSG00000119004.19,CYP20A1,chr2,203238951
ENSG00000169223.18,LMAN2,chr5,177351839
ENSG00000127054.24,INTS11,chr1,1324687
ENSG00000146733.16,PSPH,chr7,56051608
ENSG00000215883.13,CYB5RL,chr1,54200072
ENSG00000256407.2,ENSG00000256407,chr1,54200072
ENSG00000146731.13,CCT6A,chr7,56051684
ENSG00000134262.17,AP4B1,chr1,113905721
ENSG00000115241.13,PPM1G,chr2,27409673
ENSG00000159899.18,NPR2,chr9,35791002
ENSG00000136628.20,EPRS1,chr1,220046668
ENSG00000196460.15,RFX8,chr2,101475111
ENSG00000214309.7,MBLAC1,chr7,100126693
ENSG00000170476.17,MZB1,chr5,139390080
ENSG00000154252.13,GAL3ST2,chr2,241776816
ENSG00000185728.19,YTHDF3,chr8,63168259
ENSG00000065060.19,BLTP3A,chr6,34792023
ENSG00000224051.9,CPTP,chr1,1324755
ENSG00000170835.17,CEL,chr9,133061980
ENSG00000106635.10,BCL7B,chr7,73558016
ENSG00000115866.13,DARS1,chr2,135986099
ENSG00000116747.15,RO60,chr1,193059421
ENSG00000189410.14,SH2D5,chr1,20732836
ENSG00000143337.20,TOR1AIP1,chr1,179882041
ENSG00000131187.13,F12,chr5,177416582
ENSG00000106268.18,NUDT1,chr7,2242202
ENSG00000213390.13,ARHGAP19,chr10,97292672
ENSG00000182180.16,MRPS16,chr10,73252692
ENSG00000267645.5,POLR2J3-UPK3BL2,chr7,102671640
ENSG00000185414.22,MRPL30,chr2,99181110
ENSG00000164010.17,ERMAP,chr1,42817077
ENSG00000164818.18,DNAAF5,chr7,726686
ENSG00000106246.20,PTCD1,chr7,99466200
ENSG00000241468.10,ATP5MF,chr7,99466200
ENSG00000197498.15,RPF2,chr6,110982014
ENSG00000164976.11,MYORG,chr9,34377149
ENSG00000132155.16,RAF1,chr3,12664200
ENSG00000163930.11,BAP1,chr3,52410037
ENSG00000196290.19,NIF3L1,chr2,200888991
ENSG00000119787.16,ATL2,chr2,38377437
ENSG00000285779.1,ENSG00000285779,chr1,153975886
ENSG00000136271.13,DDX56,chr7,44575387
ENSG00000118260.17,CREB1,chr2,207529696
ENSG00000196652.14,ZKSCAN5,chr7,99504633
ENSG00000269891.2,ARHGAP19-SLIT1,chr10,97292636
ENSG00000248919.7,ATP5MF-PTCD1,chr7,99466196
ENSG00000185129.8,PURA,chr5,140107776
ENSG00000144554.15,FANCD2,chr3,10026369
ENSG00000137135.20,ARHGEF39,chr9,35675865
ENSG00000180104.18,EXOC3,chr5,442521
ENSG00000131389.20,SLC6A6,chr3,14402563
ENSG00000170606.18,HSPA4,chr5,133051941
ENSG00000169564.7,PCBP1,chr2,70087476
ENSG00000145723.19,GIN1,chr5,103120225
ENSG00000147955.20,SIGMAR1,chr9,34637843
ENSG00000115875.21,SRSF7,chr2,38751497
ENSG00000145741.18,BTF3,chr5,73498407
ENSG00000196154.14,S100A4,chr1,153552134
ENSG00000168374.13,ARF4,chr3,57598219
ENSG00000106330.14,MOSPD3,chr7,100612101
ENSG00000148719.18,DNAJB12,chr10,72355166
ENSG00000122756.17,CNTFR,chr9,34593477
ENSG00000132570.17,PCBD2,chr5,134905038
ENSG00000143217.11,NECTIN4,chr1,161090044
ENSG00000136710.12,VMA22,chr2,130342698
ENSG00000122687.21,MRM2,chr7,2242228
ENSG00000128059.10,PPAT,chr4,56436037
ENSG00000138095.22,LRPPRC,chr2,43996225
ENSG00000169871.15,TRIM56,chr7,101085233
ENSG00000173193.17,PARP14,chr3,122680211
ENSG00000138100.16,TRIM54,chr2,27282365
ENSG00000086062.16,B4GALT1,chr9,33167398
ENSG00000163933.13,RFT1,chr3,53130660
ENSG00000285839.1,ENSG00000285839,chr1,52033349
ENSG00000197191.7,CYSRT1,chr9,137225173
ENSG00000158106.17,RHPN1,chr8,143368809
ENSG00000171757.19,LRRC34,chr3,169813007
ENSG00000173473.13,SMARCC1,chr3,47782105
ENSG00000243910.9,TUBA4B,chr2,219253242
ENSG00000084090.16,STARD7,chr2,96208853
ENSG00000135956.13,TMEM127,chr2,96266081
ENSG00000213639.13,PPP1CB,chr2,28751078
ENSG00000285292.1,ABCF2-H2BK1,chr7,151227165
ENSG00000169629.13,RGPD8,chr2,112434487
ENSG00000158604.18,TMED4,chr7,44582308
ENSG00000159352.18,PSMD4,chr1,151254708
ENSG00000164815.13,ORC5,chr7,104208046
ENSG00000266412.8,NCOA4,chr10,46030669
ENSG00000136827.13,TOR1A,chr9,129824246
ENSG00000115289.16,PCGF1,chr2,74508360
ENSG00000175416.18,CLTB,chr5,176416584
ENSG00000152291.17,TGOLN2,chr2,85328300
ENSG00000188306.7,LRRIQ4,chr3,169812869
ENSG00000003402.23,CFLAR,chr2,201116004
ENSG00000039600.13,SOX30,chr5,157671479
ENSG00000164877.21,MICALL2,chr7,1459538
ENSG00000196182.13,STK40,chr1,36385931
ENSG00000120705.15,ETF1,chr5,138543238
ENSG00000117394.26,SLC2A1,chr1,42958903
ENSG00000162441.14,LZIC,chr1,9943406
ENSG00000119760.18,SUPT7L,chr2,27663846
ENSG00000164308.20,ERAP2,chr5,96875978
ENSG00000187658.8,C5orf52,chr5,157671514
ENSG00000168679.20,SLC16A4,chr1,110391081
ENSG00000162409.14,PRKAA2,chr1,56645205
ENSG00000173614.16,NMNAT1,chr1,9943427
ENSG00000228049.9,POLR2J2,chr7,102671751
ENSG00000126524.14,SBDS,chr7,66995692
ENSG00000106006.7,HOXA6,chr7,27150602
ENSG00000006453.16,BAIAP2L1,chr7,98401212
ENSG00000196411.12,EPHB4,chr7,100827583
ENSG00000242802.11,AP5Z1,chr7,4775609
ENSG00000008300.17,CELSR3,chr3,48662885
ENSG00000215183.6,MSMP,chr9,35756612
ENSG00000106460.22,TMEM106B,chr7,12210930
ENSG00000162972.12,MAIP1,chr2,199955316
ENSG00000275052.7,PPP4R3B,chr2,55618879
ENSG00000165684.8,SNAPC4,chr9,136400225
ENSG00000151694.17,ADAM17,chr2,9556731
ENSG00000160813.9,PPP1R35,chr7,100436545
ENSG00000060642.14,PIGV,chr1,26787053
ENSG00000138326.23,RPS24,chr10,78033722
ENSG00000152683.16,SLC30A6,chr2,32165840
ENSG00000153767.12,GTF2E1,chr3,120742369
ENSG00000260238.6,PMF1-BGLAP,chr1,156212981
ENSG00000067082.17,KLF6,chr10,3785280
ENSG00000217128.15,FNIP1,chr5,131797040
ENSG00000156976.19,EIF4A2,chr3,186783204
ENSG00000173540.16,GMPPB,chr3,49723987
ENSG00000176986.18,SEC24C,chr10,73744347
ENSG00000156508.22,EEF1A1,chr6,73525586
ENSG00000137309.23,HMGA1,chr6,34235617
ENSG00000143258.18,USP21,chr1,161159449
ENSG00000160783.21,PMF1,chr1,156212988
ENSG00000162407.11,PLPP3,chr1,56645300
ENSG00000130193.10,THEM6,chr8,142727175
ENSG00000106524.11,ANKMY2,chr7,16645840
ENSG00000170632.16,ARMC10,chr7,103074624
ENSG00000143321.19,HDGF,chr1,156766924
ENSG00000293615.1,ENSG00000293615,chr2,70087319
ENSG00000160679.14,CHTOP,chr1,153633981
ENSG00000164404.10,GDF9,chr5,132866883
ENSG00000074800.18,ENO1,chr1,8879307
ENSG00000273217.1,ENSG00000273217,chr5,131796982
ENSG00000005469.14,CROT,chr7,87317126
ENSG00000146063.22,TRIM41,chr5,181222498
ENSG00000181789.16,COPG1,chr3,129249574
ENSG00000175105.10,ZNF654,chr3,88058722
ENSG00000106443.19,PHF14,chr7,10973326
ENSG00000278463.2,H2AC4,chr6,26033617
ENSG00000163902.14,RPN1,chr3,128681074
ENSG00000153107.15,ANAPC1,chr2,111884689
ENSG00000116793.18,PHTF1,chr1,113759907
ENSG00000115145.12,STAM2,chr2,152175780
ENSG00000284981.3,UPK3BL2,chr7,102543758
ENSG00000071462.15,BUD23,chr7,73683160
ENSG00000221821.4,PEX39,chr6,42890820
ENSG00000144589.24,STK11IP,chr2,219595804
ENSG00000106993.14,CDC37L1,chr9,4679555
ENSG00000160055.21,TMEM234,chr1,32222360
ENSG00000159596.9,TMEM69,chr1,45688148
ENSG00000188290.13,HES4,chr1,1000824
ENSG00000047188.18,YTHDC2,chr5,113513676
ENSG00000090686.18,USP48,chr1,21783617
ENSG00000197037.13,ZSCAN25,chr7,99616622
ENSG00000197579.10,TOPORS,chr9,32552610
ENSG00000120725.15,SIL1,chr5,139293556
ENSG00000176125.7,UFSP1,chr7,100889714
ENSG00000152147.13,GEMIN6,chr2,38751533
ENSG00000116717.14,GADD45A,chr1,67685047
ENSG00000004864.16,SLC25A13,chr7,96322180
ENSG00000288684.1,ENSG00000288684,chr9,32552602
ENSG00000138668.22,HNRNPD,chr4,82374542
ENSG00000124006.17,OBSL1,chr2,219572075
ENSG00000115084.17,SLC35F5,chr2,113756699
ENSG00000078487.20,ZCWPW1,chr7,100428991
ENSG00000084652.18,TXLNA,chr1,32178096
ENSG00000165280.20,VCP,chr9,35072724
ENSG00000071205.14,ARHGAP10,chr4,147731921
ENSG00000138068.13,SULT6B1,chr2,37196597
ENSG00000164715.8,LMTK2,chr7,98106857
ENSG00000164898.14,FMC1,chr7,139339456
ENSG00000120314.20,WDR55,chr5,140664475
ENSG00000293564.1,ENSG00000293564,chr1,179882315
ENSG00000243147.10,MRPL33,chr2,27771682
ENSG00000113761.14,ZNF346,chr5,177022058
ENSG00000115282.23,TTC31,chr2,74482616
ENSG00000266472.8,MRPS21,chr1,150293847
ENSG00000169087.13,HSPBAP1,chr3,122795034
ENSG00000126522.19,ASL,chr7,66075799
ENSG00000143748.20,NVL,chr1,224330286
ENSG00000243056.3,EIF4EBP3,chr5,140547615
ENSG00000107537.16,PHYH,chr10,13302411
ENSG00000136731.15,UGGT1,chr2,128091150
ENSG00000138032.23,PPM1B,chr2,44167968
ENSG00000144579.11,CTDSP1,chr2,218397135
ENSG00000168672.6,LRATD2,chr8,126558483
ENSG00000143179.18,UCK2,chr1,165827490
ENSG00000172115.11,CYCS,chr7,25125366
ENSG00000187840.7,EIF4EBP1,chr8,38030493
ENSG00000198363.20,ASPH,chr8,61714821
ENSG00000278637.3,H4C1,chr6,26021648
ENSG00000182578.16,CSF1R,chr5,150113371
ENSG00000196923.16,PDLIM7,chr5,177497663
ENSG00000116489.15,CAPZA1,chr1,112619172
ENSG00000225921.9,NOL7,chr6,13615307
ENSG00000158458.23,NRG2,chr5,140043327
ENSG00000106144.22,CASP2,chr7,143288214
ENSG00000107185.12,RGP1,chr9,35748612
ENSG00000125630.17,POLR1B,chr2,112541914
ENSG00000146676.10,PURB,chr7,44885529
ENSG00000158417.14,EIF5B,chr2,99337360
ENSG00000146828.20,SLC12A9,chr7,100826819
ENSG00000280778.1,ENSG00000280778,chr1,145927257
ENSG00000082153.20,BZW1,chr2,200810593
ENSG00000164284.17,GRPEL2,chr5,149344994
ENSG00000143294.17,PRCC,chr1,156750609
ENSG00000147912.15,FBXO10,chr9,37576391
ENSG00000176410.8,DNAJC30,chr7,73683452
ENSG00000183814.18,LIN9,chr1,226309868
ENSG00000122643.26,NT5C3A,chr7,33062836
ENSG00000109133.16,TMEM33,chr4,41934379
ENSG00000120137.9,PANK3,chr5,168579625
ENSG00000137070.21,IL11RA,chr9,34651581
ENSG00000112110.12,MRPL18,chr6,159789811
ENSG00000135968.24,GCC2,chr2,108449106
ENSG00000131508.19,UBE2D2,chr5,139526430
ENSG00000138363.17,ATIC,chr2,215311955
ENSG00000152292.19,SH2D6,chr2,85418713
ENSG00000162576.19,MXRA8,chr1,1361799
ENSG00000288914.1,ENSG00000288914,chr7,105040857
ENSG00000179152.22,TCAIM,chr3,44338096
ENSG00000310603.1,ENSG00000310603,chr2,27771738
ENSG00000114923.19,SLC4A3,chr2,219627010
ENSG00000065485.22,PDIA5,chr3,123067016
ENSG00000105982.19,RNF32,chr7,156640280
ENSG00000116750.16,UCHL5,chr1,193060079
ENSG00000121892.17,PDS5A,chr4,39977992
ENSG00000178537.12,SLC25A20,chr3,48898992
ENSG00000084676.18,NCOA1,chr2,24490982
ENSG00000289360.1,ENSG00000289360,chr7,105040847
ENSG00000168795.7,ZBTB5,chr9,37468849
ENSG00000031698.15,SARS1,chr1,109213843
ENSG00000146006.9,LRRTM2,chr5,138875382
ENSG00000244617.3,ASPRV1,chr2,69961630
ENSG00000264324.1,ENSG00000264324,chr2,74363376
ENSG00000169139.14,UBE2V2,chr8,48008409
ENSG00000144063.6,MALL,chr2,110116074
ENSG00000180592.17,SKIDA1,chr10,21526367
ENSG00000164296.9,TIGD6,chr5,150001159
ENSG00000132182.15,NUP210,chr3,13420394
ENSG00000198218.14,QRICH1,chr3,49094544
ENSG00000284234.1,TAF11L5,chr5,17525234
ENSG00000196504.23,PRPF40A,chr2,152719049
ENSG00000162366.10,PDZK1IP1,chr1,47191397
ENSG00000115415.23,STAT1,chr2,191020959
ENSG00000143578.18,CREB3L4,chr1,153963718
ENSG00000187608.11,ISG15,chr1,1001137
ENSG00000178096.11,BOLA1,chr1,149886405
ENSG00000029363.19,BCLAF1,chr6,136289851
ENSG00000288654.2,ENSG00000288654,chr3,88059046
ENSG00000096060.17,FKBP5,chr6,35728621
ENSG00000284283.1,TAF11L4,chr5,17521800
ENSG00000137074.22,APTX,chr9,33025175
ENSG00000187514.19,PTMA,chr2,231706894
ENSG00000184357.5,H1-5,chr6,27867587
ENSG00000198874.16,TYW1,chr7,66995172
ENSG00000188994.16,ZNF292,chr6,87151802
ENSG00000066827.18,ZFAT,chr8,134713174
ENSG00000131188.14,PRR7,chr5,177446444
ENSG00000137133.13,HINT2,chr9,35815353
ENSG00000078808.22,SDF4,chr1,1240963
ENSG00000175449.17,RFESD,chr5,95646717
ENSG00000169607.14,CKAP2L,chr2,112764663
ENSG00000033050.11,ABCF2,chr7,151227263
ENSG00000132563.19,REEP2,chr5,138438975
ENSG00000112992.20,NNT,chr5,43602583
ENSG00000138074.17,SLC5A6,chr2,27212957
ENSG00000204928.3,GRXCR2,chr5,145937125
ENSG00000119383.23,PTPA,chr9,129110549
ENSG00000137185.15,ZSCAN9,chr6,28224885
ENSG00000155506.21,LARP1,chr5,154682985
ENSG00000114650.23,SCAP,chr3,47477125
ENSG00000162976.14,SLC66A3,chr2,11155197
ENSG00000135960.12,EDAR,chr2,108989371
ENSG00000091409.19,ITGA6,chr2,172234215
ENSG00000188643.13,S100A16,chr1,153614011
ENSG00000196262.17,PPIA,chr7,44796619
ENSG00000087206.19,UIMC1,chr5,177022645
ENSG00000168887.13,C2orf68,chr2,85612065
ENSG00000114331.18,ACAP2,chr3,195443138
ENSG00000130714.21,POMT1,chr9,131502788
ENSG00000270882.3,H4C14,chr1,149832656
ENSG00000212993.6,POU5F1B,chr8,127322182
ENSG00000165282.18,PIGO,chr9,35096631
ENSG00000113578.20,FGF1,chr5,142698069
ENSG00000106785.17,TRIM14,chr9,98119403
ENSG00000164708.8,PGAM2,chr7,44065735
ENSG00000237693.7,IRGM,chr5,150846520
ENSG00000148303.19,RPL7A,chr9,133347949
ENSG00000155034.23,FBXL18,chr7,5513813
ENSG00000157916.22,RER1,chr1,2390669
ENSG00000148297.18,MED22,chr9,133348139
ENSG00000166924.11,NYAP1,chr7,100483604
ENSG00000213213.15,CCDC183,chr9,136796337
ENSG00000148672.12,GLUD1,chr10,87095404
ENSG00000138772.15,ANXA3,chr4,78551614
ENSG00000106049.11,HIBADH,chr7,27663012
ENSG00000104218.18,CSPP1,chr8,67062380
ENSG00000213413.4,PVRIG,chr7,100218240
ENSG00000150873.14,CIMIP5,chr2,11133008
ENSG00000152689.21,RASGRP3,chr2,33436266
ENSG00000270276.3,H4C15,chr1,149861158
ENSG00000113658.20,SMAD5,chr5,136132827
ENSG00000116586.14,LAMTOR2,chr1,156053915
ENSG00000168944.18,CEP120,chr5,123423591
ENSG00000213689.14,TREX1,chr3,48465810
ENSG00000285542.1,ENSG00000285542,chr2,44168850
ENSG00000146535.17,GNA12,chr7,2870785
ENSG00000160087.23,UBE2J2,chr1,1274476
ENSG00000145919.13,BOD1,chr5,173616693
ENSG00000178896.11,EXOSC4,chr8,144078559
ENSG00000099810.23,MTAP,chr9,21802613
ENSG00000113648.19,MACROH2A1,chr5,135400022
ENSG00000106628.15,POLD2,chr7,44124406
ENSG00000215717.9,TMEM167B,chr1,109090361
ENSG00000134222.18,PSRC1,chr1,109284106
ENSG00000127914.21,AKAP9,chr7,91940836
ENSG00000106003.14,LFNG,chr7,2512528
ENSG00000156471.15,PTDSS1,chr8,96261884
ENSG00000170092.15,SPDYE5,chr7,75492319
ENSG00000164405.13,UQCRQ,chr5,132866622
ENSG00000131503.23,ANKHD1,chr5,140401659
ENSG00000125611.17,CHCHD5,chr2,112584239
ENSG00000047849.24,MAP4,chr3,48089298
ENSG00000222046.5,DCDC2B,chr1,32209078
ENSG00000184203.10,PPP1R2,chr3,195543385
ENSG00000113615.15,SEC24A,chr5,134648586
ENSG00000221886.6,FAM200C,chr5,160400090
ENSG00000186283.16,TOR3A,chr1,179081853
ENSG00000113522.16,RAD50,chr5,132556018
ENSG00000121644.21,DESI2,chr1,244652934
ENSG00000159884.13,CCDC107,chr9,35658276
ENSG00000153214.13,TMEM87B,chr2,112055201
ENSG00000115155.19,OTOF,chr2,26558755
ENSG00000137098.16,SPAG8,chr9,35812271
ENSG00000138081.24,FBXO11,chr2,47906553
ENSG00000163584.20,RPL22L1,chr3,170870474
ENSG00000166507.21,NDST2,chr10,73811962
ENSG00000115486.15,GGCX,chr2,85561837
ENSG00000131507.13,NDFIP1,chr5,142108514
ENSG00000136634.7,IL10,chr1,206774540
ENSG00000086061.18,DNAJA1,chr9,33025202
ENSG00000160803.10,UBQLN4,chr1,156053813
ENSG00000270800.4,RPS10-NUDT3,chr6,34426070
ENSG00000183072.11,NKX2-5,chr5,173235311
ENSG00000127129.12,EDN2,chr1,41500501
ENSG00000147853.19,AK3,chr9,4742042
ENSG00000078403.19,MLLT10,chr10,21524583
ENSG00000077232.21,DNAJC10,chr2,182715606
ENSG00000146066.4,HIGD2A,chr5,176388731
ENSG00000160917.17,CPSF4,chr7,99438907
ENSG00000120438.14,TCP1,chr6,159789706
ENSG00000214654.10,B3GALT9,chr9,120792402
ENSG00000162521.20,RBBP4,chr1,32651042
ENSG00000175054.18,ATR,chr3,142578867
ENSG00000161040.21,FBXL13,chr7,103075399
ENSG00000176261.18,ZBTB8OS,chr1,32651010
ENSG00000124574.18,ABCC10,chr6,43427365
ENSG00000264668.2,ENSG00000264668,chr8,143247109
ENSG00000290230.1,ENSG00000290230,chr8,144078641
ENSG00000214706.14,IFRD2,chr3,50292917
ENSG00000145868.19,FBXO38,chr5,148383825
ENSG00000075073.17,TACR2,chr10,69416922
ENSG00000138029.16,HADHB,chr2,26243169
ENSG00000163864.20,NMNAT3,chr3,139678016
ENSG00000240344.12,PPIL3,chr2,200889357
ENSG00000143183.20,TMCO1,chr1,165827754
ENSG00000156463.20,SH3RF2,chr5,145936424
ENSG00000068001.16,HYAL2,chr3,50324686
ENSG00000015520.17,NPC1L1,chr7,44541329
ENSG00000163125.18,RPRD2,chr1,150363090
ENSG00000160058.21,BSDC1,chr1,32394730
ENSG00000078674.22,PCM1,chr8,17922745
ENSG00000274523.7,RCC1L,chr7,75074227
ENSG00000233822.8,H2BC15,chr6,27838544
ENSG00000113742.15,CPEB4,chr5,173888312
ENSG00000180644.10,PRF1,chr10,70602787
ENSG00000145882.13,PCYOX1L,chr5,149357997
ENSG00000204120.18,GIGYF2,chr2,232697258
ENSG00000162572.22,SCNN1D,chr1,1280435
ENSG00000188760.13,TMEM198,chr2,219543129
ENSG00000160991.19,ORAI2,chr7,102433105
ENSG00000196636.9,SDHAF3,chr7,97117676
ENSG00000106400.14,ZNHIT1,chr7,101218116
ENSG00000160049.14,DFFA,chr1,10472581
ENSG00000169894.20,MUC3A,chr7,100949413
ENSG00000143303.14,METTL25B,chr1,156728441
ENSG00000164713.11,BRI3,chr7,98252378
ENSG00000127824.17,TUBA4A,chr2,219277901
ENSG00000178440.9,TIMM23B-AGAP6,chr10,49942055
ENSG00000053371.15,AKR7A2,chr1,19312148
ENSG00000066651.22,TRMT11,chr6,125986422
ENSG00000112667.15,DNPH1,chr6,43229489
ENSG00000132405.21,TBC1D14,chr4,6909239
ENSG00000067560.16,RHOA,chr3,49412997
ENSG00000271793.2,ENSG00000271793,chr6,85678732
ENSG00000136243.20,NUP42,chr7,23181803
ENSG00000120727.15,PAIP2,chr5,139341586
ENSG00000188191.18,PRKAR1B,chr7,728267
ENSG00000213672.10,NCKIPSD,chr3,48686363
ENSG00000205356.12,TECPR1,chr7,98252239
ENSG00000123975.7,CKS2,chr9,89311154
ENSG00000255835.1,ENSG00000255835,chr1,225924277
ENSG00000005981.15,ASB4,chr7,95478443
ENSG00000169764.18,UGP2,chr2,63840944
ENSG00000133612.22,AGAP3,chr7,151085830
ENSG00000173230.19,GOLGB1,chr3,121749965
ENSG00000115239.26,ASB3,chr2,53860159
ENSG00000119737.7,GPR75,chr2,53860159
ENSG00000134987.15,WDR36,chr5,111092302
ENSG00000117751.20,PPP1R8,chr1,27830762
ENSG00000086232.15,EIF2AK1,chr7,6059239
ENSG00000116001.19,TIA1,chr2,70248760
ENSG00000138495.9,COX17,chr3,119677620
ENSG00000128536.18,CDHR3,chr7,105876795
ENSG00000073734.12,ABCB11,chr2,169031331
ENSG00000113048.21,MRPS27,chr5,72321716
ENSG00000137106.20,GRHPR,chr9,37422659
ENSG00000189308.13,LIN54,chr4,83012990
ENSG00000159445.15,THEM4,chr1,151909878
ENSG00000196743.11,GM2A,chr5,151212149
ENSG00000119487.19,MAPKAP1,chr9,125707265
ENSG00000131368.11,MRPS25,chr3,15065338
ENSG00000079246.18,XRCC5,chr2,216107463
ENSG00000143633.15,FSAF1,chr1,231241186
ENSG00000136261.18,BZW2,chr7,16644652
ENSG00000043143.24,JADE2,chr5,134523978
ENSG00000156469.11,MTERF3,chr8,96261625
ENSG00000143314.14,MRPL24,chr1,156741589
ENSG00000106305.12,AIMP2,chr7,6009225
ENSG00000124614.19,RPS10,chr6,34426236
ENSG00000115761.19,NOL10,chr2,10690414
ENSG00000288701.2,PRRC2B,chr9,131373635
ENSG00000152104.13,PTPN14,chr1,214552448
ENSG00000135870.15,RC3H1,chr1,174022417
ENSG00000161048.14,NAPEPLD,chr7,103151171
ENSG00000158882.17,TOMM40L,chr1,161225938
ENSG00000116906.15,GNPAT,chr1,231241183
ENSG00000095261.16,PSMD5,chr9,120843387
ENSG00000136718.12,IMP4,chr2,130342402
ENSG00000143811.22,PYCR2,chr1,225924339
ENSG00000115661.16,STK16,chr2,219245211
ENSG00000179270.8,PCARE,chr2,29074565
ENSG00000197780.12,TAF13,chr1,109076013
ENSG00000173567.17,ADGRF3,chr2,26346816
ENSG00000122565.21,CBX3,chr7,26200567
ENSG00000293562.1,ENSG00000293562,chr1,174022297
ENSG00000040275.19,SPDL1,chr5,169583631
ENSG00000048544.9,MRPS10,chr6,42217880
ENSG00000157911.13,PEX10,chr1,2413796
ENSG00000106682.17,EIF4H,chr7,74174126
ENSG00000170485.19,NPAS2,chr2,100820090
ENSG00000113716.15,HMGXB3,chr5,150000045
ENSG00000186522.17,SEPTIN10,chr2,109614220
ENSG00000293584.1,ENSG00000293584,chr2,111121152
ENSG00000170445.18,HARS1,chr5,140691536
ENSG00000116771.8,AGMAT,chr1,15585083
ENSG00000292277.1,ENSG00000292277,chr7,100205356
ENSG00000120756.15,PLS1,chr3,142595643
ENSG00000163328.16,GPR155,chr2,174487149
ENSG00000115317.15,HTRA2,chr2,74529273
ENSG00000106608.19,URGCP,chr7,43926410
ENSG00000204152.16,TIMM23B,chr10,49942030
ENSG00000070814.24,TCOF1,chr5,150357628
ENSG00000196428.15,TSC22D2,chr3,150408240
ENSG00000166925.11,TSC22D4,chr7,100479256
ENSG00000135900.6,MRPL44,chr2,223957385
ENSG00000048162.24,NOP16,chr5,176389006
ENSG00000112983.19,BRD8,chr5,138178987
ENSG00000163792.8,TCF23,chr2,27148998
ENSG00000157992.14,KRTCAP3,chr2,27442336
ENSG00000135316.21,SYNCRIP,chr6,85644062
ENSG00000196683.13,TOMM7,chr7,22822890
ENSG00000163348.5,PYGO2,chr1,154963852
ENSG00000171992.15,SYNPO,chr5,150601079
ENSG00000158234.15,FAIM,chr3,138608549
ENSG00000122085.19,MTERF4,chr2,241102331
ENSG00000112855.19,HARS2,chr5,140691421
ENSG00000114388.16,NPRL2,chr3,50350825
ENSG00000157851.19,DPYSL5,chr2,26847746
ENSG00000109534.19,GAR1,chr4,109815475
ENSG00000118518.19,RNF146,chr6,127266581
ENSG00000165233.20,CARD19,chr9,93096152
ENSG00000122958.17,VPS26A,chr10,69123511
ENSG00000091073.22,DTX2,chr7,76461655
ENSG00000244219.9,TMEM225B,chr7,99597867
ENSG00000113739.12,STC2,chr5,173328446
ENSG00000196092.14,PAX5,chr9,37034267
ENSG00000164332.10,UBLCP1,chr5,159263071
ENSG00000145703.18,IQGAP2,chr5,76402932
ENSG00000163918.14,RFC4,chr3,186807057
ENSG00000082898.21,XPO1,chr2,61538752
ENSG00000041880.17,PARP3,chr3,51942251
ENSG00000085832.20,EPS15,chr1,51519386
ENSG00000136280.19,CCM2,chr7,44999474
ENSG00000118960.15,HS1BP3,chr2,20651157
ENSG00000036549.15,ZZZ3,chr1,77683549
ENSG00000159479.19,MED8,chr1,43389822
ENSG00000148396.21,SEC16A,chr9,136483842
ENSG00000115942.11,ORC2,chr2,200963703
ENSG00000178409.16,BEND3,chr6,107116233
ENSG00000162971.13,TYW5,chr2,199955817
ENSG00000158006.16,PAFAH2,chr1,25999205
ENSG00000071994.12,PDCD2,chr6,170584691
ENSG00000122678.19,POLM,chr7,44082984
ENSG00000120729.12,MYOT,chr5,137867776
ENSG00000106605.13,BLVRA,chr7,43758008
ENSG00000063660.11,GPC1,chr2,240435433
ENSG00000143418.22,CERS2,chr1,150977395
ENSG00000145592.16,RPL37,chr5,40835335
ENSG00000137101.15,CD72,chr9,35646809
ENSG00000116096.9,SPR,chr2,72887373
ENSG00000250151.9,ARPC4-TTLL3,chr3,9793081
ENSG00000135924.19,DNAJB2,chr2,219279307
ENSG00000171148.16,TADA3,chr3,9793010
ENSG00000005448.19,WDR54,chr2,74421476
ENSG00000242485.8,MRPL20,chr1,1407305
ENSG00000275221.3,H2AC15,chr6,27838374
ENSG00000189334.11,S100A14,chr1,153616995
ENSG00000116874.14,WARS2,chr1,119140678
ENSG00000142669.17,SH3BGRL3,chr1,26279127
ENSG00000180233.13,ZNRF2,chr7,30284412
ENSG00000185909.17,KLHDC8B,chr3,49171238
ENSG00000146776.16,ATXN7L1,chr7,105877399
ENSG00000198925.14,ATG9A,chr2,219230382
ENSG00000166529.18,ZSCAN21,chr7,100049766
ENSG00000113312.14,TTC1,chr5,160009099
ENSG00000214114.11,MYCBP,chr1,38873387
ENSG00000136715.21,SAP130,chr2,128028123
ENSG00000177556.14,ATOX1,chr5,151772531
ENSG00000198198.18,SZT2,chr1,43389881
ENSG00000117448.16,AKR1A1,chr1,45550474
ENSG00000173200.15,PARP15,chr3,122577596
ENSG00000167700.11,SLC33A2,chr8,144508262
ENSG00000152700.16,SAR1B,chr5,134649270
ENSG00000118640.13,VAMP8,chr2,85561561
ENSG00000143537.16,ADAM15,chr1,155050565
ENSG00000134313.19,KIDINS220,chr2,8837629
ENSG00000073803.16,MAP3K13,chr3,185282940
ENSG00000272916.5,ENSG00000272916,chr10,73811650
ENSG00000131435.15,PDLIM4,chr5,132257639
ENSG00000142676.16,RPL11,chr1,23691684
ENSG00000160867.17,FGFR4,chr5,177086455
ENSG00000164104.14,HMGB2,chr4,173335151
ENSG00000147889.19,CDKN2A,chr9,21995300
ENSG00000197956.12,S100A6,chr1,153536548
ENSG00000174780.19,SRP72,chr4,56467590
ENSG00000144031.14,ANKRD53,chr2,70978379
ENSG00000005073.7,HOXA11,chr7,27185252
ENSG00000114395.13,CYB561D2,chr3,50350833
ENSG00000158793.16,NIT1,chr1,161118081
ENSG00000169905.15,TOR1AIP2,chr1,179883033
ENSG00000186222.5,BLOC1S4,chr4,6716173
ENSG00000164649.22,CDCA7L,chr7,21946218
ENSG00000158987.24,RAPGEF6,chr5,131635271
ENSG00000096746.20,HNRNPH3,chr10,68331173
ENSG00000119392.18,GLE1,chr9,128504654
ENSG00000136861.21,CDK5RAP2,chr9,120580177
ENSG00000151151.8,IPMK,chr10,58267959
ENSG00000112081.20,SRSF3,chr6,36593776
ENSG00000124356.19,STAMBP,chr2,73828915
ENSG00000115850.11,LCT,chr2,135837183
ENSG00000168615.15,ADAM9,chr8,38996753
ENSG00000143891.19,GALM,chr2,38665905
ENSG00000138279.18,ANXA7,chr10,73414730
ENSG00000138443.19,ABI2,chr2,203328212
ENSG00000112984.14,KIF20A,chr5,138178714
ENSG00000044574.11,HSPA5,chr9,125261714
ENSG00000011426.13,ANLN,chr7,36389726
ENSG00000119878.9,CRIPT,chr2,46616415
ENSG00000124659.7,TBCC,chr6,42746102
ENSG00000143256.7,PFDN2,chr1,161118069
ENSG00000148730.9,EIF4EBP2,chr10,70404129
ENSG00000174799.14,CEP135,chr4,55948818
ENSG00000152518.10,ZFP36L2,chr2,43226611
ENSG00000165630.17,PRPF18,chr10,13586921
ENSG00000119333.14,DYNC2I2,chr9,128656846
ENSG00000106436.8,MYL10,chr7,101629295
ENSG00000113758.16,DBN1,chr5,177474400
ENSG00000127080.12,IPPK,chr9,92670277
ENSG00000040487.15,SLC66A1,chr1,19288043
ENSG00000127922.12,SEM1,chr7,96709892
ENSG00000119888.13,EPCAM,chr2,47345157
ENSG00000135547.10,HEY2,chr6,125747663
ENSG00000113360.19,DROSHA,chr5,31533185
ENSG00000171150.11,SOCS5,chr2,46698422
ENSG00000164620.11,RELL2,chr5,141636949
ENSG00000165219.25,GAPVD1,chr9,125261779
ENSG00000135637.17,CCDC142,chr2,74483407
ENSG00000289760.1,ENSG00000289760,chr7,100478169
ENSG00000137073.26,UBAP2,chr9,34049419
ENSG00000143621.19,ILF2,chr1,153671027
ENSG00000157259.9,GATAD1,chr7,92447447
ENSG00000115993.15,TRAK2,chr2,201453448
ENSG00000247596.12,TWF2,chr3,52246787
ENSG00000196670.15,ZFP62,chr5,180861284
ENSG00000119185.15,ITGB1BP1,chr2,9423890
ENSG00000128641.21,MYO1B,chr2,191245063
ENSG00000050393.14,MCUR1,chr6,13814695
ENSG00000128694.14,OSGEPL1,chr2,189763229
ENSG00000104738.21,MCM4,chr8,47960184
ENSG00000162852.16,CNST,chr1,246566299
ENSG00000155561.17,NUP205,chr7,135557699
ENSG00000010072.18,SPRTN,chr1,231337103
ENSG00000106367.17,AP1S1,chr7,101154351
ENSG00000243667.9,DNAAF10,chr2,68157566
ENSG00000253729.11,PRKDC,chr8,47960181
ENSG00000105991.11,HOXA1,chr7,27096038
ENSG00000120265.23,PCMT1,chr6,149749196
ENSG00000163463.15,KRTCAP2,chr1,155173474
ENSG00000153044.12,CENPH,chr5,69189536
ENSG00000142864.17,SERBP1,chr1,67430417
ENSG00000006625.20,GGCT,chr7,30504865
ENSG00000135972.11,MRPS9,chr2,105037967
ENSG00000198400.15,NTRK1,chr1,156815635
ENSG00000115762.19,PLEKHB2,chr2,131104846
ENSG00000152413.17,HOMER1,chr5,79514572
ENSG00000105835.15,NAMPT,chr7,106291224
ENSG00000284308.3,C2orf81,chr2,74421654
ENSG00000205129.11,CFAP96,chr4,185426013
ENSG00000136908.20,DPM2,chr9,127937878
ENSG00000106397.14,PLOD3,chr7,101219967
ENSG00000145348.19,TBCK,chr4,106316682
ENSG00000163528.15,CHCHD4,chr3,14124875
ENSG00000272104.1,ENSG00000272104,chr3,50350891
ENSG00000170876.11,TMEM43,chr3,14124997
ENSG00000143575.18,HAX1,chr1,154272325
ENSG00000115275.16,MOGS,chr2,74465414
ENSG00000106078.21,COBL,chr7,51317186
ENSG00000138085.20,ATRAID,chr2,27212011
ENSG00000181722.20,ZBTB20,chr3,115147355
ENSG00000284753.4,EEF1AKMT4,chr3,184249608
ENSG00000145476.18,CYP4V2,chr4,186191257
ENSG00000178821.15,TMEM52,chr1,1919328
ENSG00000181577.17,LINC03040,chr6,44000579
ENSG00000221829.13,FANCG,chr9,35082443
ENSG00000143363.19,PRUNE1,chr1,151008407
ENSG00000290315.1,ENSG00000290315,chr3,49094070
ENSG00000164241.15,C5orf63,chr5,127073576
ENSG00000163684.13,RPP14,chr3,58306238
ENSG00000255154.10,HTD2,chr3,58306238
ENSG00000135205.17,CCDC146,chr7,77122433
ENSG00000109775.13,UFSP2,chr4,185425986
ENSG00000121716.22,PILRB,chr7,100351626
ENSG00000214160.12,ALG3,chr3,184249570
ENSG00000138382.17,METTL5,chr2,169824930
ENSG00000113595.16,TRIM23,chr5,65625974
ENSG00000154222.17,CC2D1B,chr1,52366317
ENSG00000115233.14,PSMD14,chr2,161308407
ENSG00000158773.16,USF1,chr1,161045981
ENSG00000147874.13,HAUS6,chr9,19103119
ENSG00000131023.15,LATS1,chr6,149718260
ENSG00000273802.4,H2BC8,chr6,26217251
ENSG00000213281.7,NRAS,chr1,114716774
ENSG00000171612.9,SLC25A33,chr1,9539436
ENSG00000124784.11,RIOK1,chr6,7389461
ENSG00000162851.10,TFB2M,chr1,246566289
ENSG00000222009.11,BTBD19,chr1,44808505
ENSG00000285976.5,ENSG00000285976,chr6,63572001
ENSG00000153551.16,CMTM7,chr3,32391662
ENSG00000159239.13,ENSG00000159239,chr2,74421661
ENSG00000107140.19,TESK1,chr9,35605234
ENSG00000114767.9,RRP9,chr3,51941945
ENSG00000168758.13,SEMA4C,chr2,96873839
ENSG00000034510.8,TMSB10,chr2,84904922
ENSG00000165671.24,NSD1,chr5,177131786
ENSG00000138246.18,DNAJC13,chr3,132417487
ENSG00000175279.23,CENPS,chr1,10430389
ENSG00000112062.15,MAPK14,chr6,36027699
ENSG00000117461.17,PIK3R3,chr1,46133345
ENSG00000248333.11,CDK11B,chr1,1659266
ENSG00000122512.19,PMS2,chr7,6009129
ENSG00000120889.15,TNFRSF10B,chr8,23069120
ENSG00000106052.16,TAX1BP1,chr7,27739330
ENSG00000198142.5,SOWAHC,chr2,109614363
ENSG00000186453.15,FAM228A,chr2,24175050
ENSG00000007341.21,ST7L,chr1,112620824
ENSG00000106089.14,STX1A,chr7,73719705
ENSG00000143409.20,MINDY1,chr1,151008375
ENSG00000119912.20,IDE,chr10,92574095
ENSG00000147649.12,MTDH,chr8,97643611
ENSG00000168878.21,SFTPB,chr2,85668740
ENSG00000114115.13,RBP1,chr3,139540395
ENSG00000156427.10,FGF18,chr5,171419636
ENSG00000115207.17,GTF3C2,chr2,27357565
ENSG00000214193.13,SH3D21,chr1,36306313
ENSG00000117399.16,CDC20,chr1,43358906
ENSG00000122203.17,KIAA1191,chr5,176366458
ENSG00000181638.22,ZFP41,chr8,143245995
ENSG00000162482.7,AKR7A3,chr1,19288822
ENSG00000284917.1,EEF1AKMT4-ECE2,chr3,184249694
ENSG00000114054.16,PCCB,chr3,136250313
ENSG00000164045.14,CDC25A,chr3,48188427
ENSG00000143319.20,ISG20L2,chr1,156728835
ENSG00000085840.15,ORC1,chr1,52404491
ENSG00000124596.19,OARD1,chr6,41097786
ENSG00000182700.5,IGIP,chr5,140125936
ENSG00000042493.18,CAPG,chr2,85422016
ENSG00000115539.17,PDCL3,chr2,100562801
ENSG00000010318.24,PHF7,chr3,52410503
ENSG00000138160.9,KIF11,chr10,92574104
ENSG00000009335.21,UBE3C,chr7,157138907
ENSG00000179528.17,LBX2,chr2,74503315
ENSG00000163001.14,CFAP36,chr2,55519558
ENSG00000160796.20,NBEAL2,chr3,46979659
ENSG00000115998.10,C2orf42,chr2,70248614
ENSG00000197208.8,SLC22A4,chr5,132293736
ENSG00000117266.18,CDK18,chr1,205504550
ENSG00000085274.18,MYNN,chr3,169773376
ENSG00000065491.10,TBC1D22B,chr6,37257712
ENSG00000005238.22,ATOSB,chr9,35116356
ENSG00000164338.12,UTP15,chr5,73565442
ENSG00000106603.22,COA1,chr7,43729856
ENSG00000086189.13,DIMT1,chr5,62403942
ENSG00000169247.16,SH3TC2,chr5,149063162
ENSG00000172954.16,LCLAT1,chr2,30447211
ENSG00000071539.16,TRIP13,chr5,892848
ENSG00000074582.17,BCS1L,chr2,218658763
ENSG00000115760.17,BIRC6,chr2,32357018
ENSG00000168883.22,USP39,chr2,85602855
ENSG00000119812.21,FAM98A,chr2,33599346
ENSG00000076003.7,MCM6,chr2,135876483
ENSG00000263001.11,GTF2I,chr7,74650225
ENSG00000144161.16,ZC3H8,chr2,112255150
ENSG00000123636.22,BAZ2B,chr2,159617281
ENSG00000174021.14,GNG5,chr1,84507236
ENSG00000224531.8,SMIM13,chr6,11093819
ENSG00000153563.18,CD8A,chr2,86808395
ENSG00000145022.7,TCTA,chr3,49412211
ENSG00000129071.12,MBD4,chr3,129440542
ENSG00000135185.14,TMEM243,chr7,87220596
ENSG00000113552.18,GNPDA1,chr5,142013060
ENSG00000188186.12,LAMTOR4,chr7,100148887
ENSG00000119203.16,CPSF3,chr2,9423622
ENSG00000175084.15,DES,chr2,219417473
ENSG00000250424.4,ENSG00000250424,chr7,30852272
ENSG00000113300.15,CNOT6,chr5,180494333
ENSG00000169231.15,THBS3,chr1,155209202
ENSG00000213347.13,MXD3,chr5,177312756
ENSG00000145439.14,CBR4,chr4,169010346
ENSG00000112053.15,SLC26A8,chr6,36028766
ENSG00000285655.1,ENSG00000285655,chr8,66430184
ENSG00000123080.14,CDKN2C,chr1,50960744
ENSG00000185467.10,KPNA7,chr7,99250074
ENSG00000120129.8,DUSP1,chr5,172771197
ENSG00000136925.17,TSTD2,chr9,97633575
ENSG00000128050.11,PAICS,chr4,56435057
ENSG00000166526.21,ZNF3,chr7,100082705
ENSG00000109762.19,SNX25,chr4,185204236
ENSG00000116120.13,FARSB,chr2,222656312
ENSG00000065833.11,ME1,chr6,83431369
ENSG00000189362.14,NEMP2,chr2,190534786
ENSG00000152464.17,RPP38,chr10,15097072
ENSG00000273983.2,H3C8,chr6,26271412
ENSG00000272647.3,ENSG00000272647,chr7,99558694
ENSG00000135837.20,CEP350,chr1,179954673
ENSG00000162384.16,CZIB,chr1,53220656
ENSG00000187123.17,LYPD6,chr2,149329984
ENSG00000023572.11,GLRX2,chr1,193106113
ENSG00000310604.1,ENSG00000310604,chr2,69829738
ENSG00000137936.20,BCAR3,chr1,93847487
ENSG00000293642.2,ENSG00000293642,chr6,11093833
ENSG00000072364.15,AFF4,chr5,132963930
ENSG00000127463.18,EMC1,chr1,19251551
ENSG00000179950.17,PUF60,chr8,143830708
ENSG00000175414.9,ARL10,chr5,176365449
ENSG00000189266.15,PNRC2,chr1,23956838
ENSG00000163155.12,LYSMD1,chr1,151165947
ENSG00000265241.10,RBM8A,chr1,145928066
ENSG00000134240.14,HMGCS2,chr1,119769091
ENSG00000112893.12,MAN2A1,chr5,109689366
ENSG00000131558.18,EXOC4,chr7,133253053
ENSG00000146094.18,DOK3,chr5,177511273
ENSG00000144224.19,UBXN4,chr2,135741625
ENSG00000008277.17,ADAM22,chr7,87934135
ENSG00000181773.9,GPR3,chr1,27392613
ENSG00000086570.13,FAT2,chr5,151591330
ENSG00000125485.20,DDX31,chr9,132670400
ENSG00000213337.11,ANKRD39,chr2,96858069
ENSG00000053372.7,MRTO4,chr1,19251554
ENSG00000122741.18,DCAF10,chr9,37800553
ENSG00000180902.20,D2HGDH,chr2,241734588
ENSG00000003393.18,ALS2,chr2,201782111
ENSG00000286105.3,TMEM217B,chr6,37258154
ENSG00000172738.14,TMEM217,chr6,37258154
ENSG00000075624.19,ACTB,chr7,5563901
ENSG00000115966.20,ATF2,chr2,175168381
ENSG00000196570.3,PFN3,chr5,177400660
ENSG00000155629.17,PIK3AP1,chr10,96720901
ENSG00000142599.22,RERE,chr1,8848920
ENSG00000055147.21,FAM114A2,chr5,154038935
ENSG00000135077.12,HAVCR2,chr5,157142868
ENSG00000162607.15,USP1,chr1,62436040
ENSG00000125484.14,GTF3C4,chr9,132670022
ENSG00000259956.2,RBM15B,chr3,51391284
ENSG00000042286.17,AIFM2,chr10,70133268
ENSG00000114573.14,ATP6V1A,chr3,113746295
ENSG00000037749.15,MFAP3,chr5,154038954
ENSG00000117713.23,ARID1A,chr1,26693235
ENSG00000087338.7,GMCL1,chr2,69829611
ENSG00000253293.7,HOXA10,chr7,27180260
ENSG00000168754.16,FAM178B,chr2,96986579
ENSG00000162694.16,EXTL2,chr1,100895999
ENSG00000172728.18,POFUT3,chr8,33473209
ENSG00000168924.17,LETM1,chr4,1856243
ENSG00000164304.16,CAGE1,chr6,7389741
ENSG00000168389.20,MFSD2A,chr1,39955111
ENSG00000112308.16,C6orf62,chr6,24720899
ENSG00000117862.16,TXNDC12,chr1,52056187
ENSG00000134717.20,BTF3L4,chr1,52056198
ENSG00000286522.3,H3C2,chr6,26032101
ENSG00000167094.18,TTC16,chr9,127716073
ENSG00000111875.10,ASF1A,chr6,118894019
ENSG00000158008.12,EXTL1,chr1,26019883
ENSG00000148341.20,SH3GLB2,chr9,129028368
ENSG00000272886.8,DCP1A,chr3,53347682
ENSG00000188529.17,SRSF10,chr1,23980926
ENSG00000155329.14,ZCCHC10,chr5,133026603
ENSG00000169967.19,MAP3K2,chr2,127388464
ENSG00000120875.10,DUSP4,chr8,29350727
ENSG00000171132.16,PRKCE,chr2,45651095
ENSG00000162909.20,CAPN2,chr1,223701560
ENSG00000120948.21,TARDBP,chr1,11012343
ENSG00000002822.18,MAD1L1,chr7,2233242
ENSG00000115350.14,POLE4,chr2,74958635
ENSG00000115946.10,PNO1,chr2,68157827
ENSG00000151422.16,FER,chr5,108747840
ENSG00000162639.18,HENMT1,chr1,108661525
ENSG00000143947.17,RPS27A,chr2,55229446
ENSG00000257184.4,HOXA10-HOXA9,chr7,27180238
ENSG00000130305.19,NSUN5,chr7,73308866
ENSG00000167011.10,NAT16,chr7,101180300
ENSG00000074416.18,MGLL,chr3,128052189
ENSG00000028310.20,BRD9,chr5,892837
ENSG00000186132.17,C2orf76,chr2,119367187
ENSG00000116641.20,DOCK7,chr1,62688548
ENSG00000146576.15,INTS15,chr7,6589563
ENSG00000248672.5,LY75-CD302,chr2,159904709
ENSG00000158683.11,PKD1L1,chr7,47948517
ENSG00000162695.15,SLC30A7,chr1,100896060
ENSG00000115355.20,CCDC88A,chr2,55420041
ENSG00000163521.18,GLB1L,chr2,219245477
ENSG00000163312.13,HELQ,chr4,83455899
ENSG00000188910.10,GJB3,chr1,34781174
ENSG00000198369.12,SPRED2,chr2,65432681
ENSG00000120159.15,CAAP1,chr9,26892823
ENSG00000174748.24,RPL15,chr3,23916590
ENSG00000138080.16,EMILIN1,chr2,27078043
ENSG00000155918.9,RAET1L,chr6,150025566
ENSG00000104613.14,INTS10,chr8,19817146
ENSG00000163319.13,MRPS18C,chr4,83455929
ENSG00000187189.11,TSPYL4,chr6,116254074
ENSG00000113263.16,ITK,chr5,157142932
ENSG00000188542.11,DUSP28,chr2,240560053
ENSG00000125347.17,IRF1,chr5,132508718
ENSG00000137161.20,CNPY3,chr6,42928974
ENSG00000114853.16,ZBTB47,chr3,42652899
ENSG00000165304.10,MELK,chr9,36572073
ENSG00000118961.17,LDAH,chr2,20823129
ENSG00000169194.10,IL13,chr5,132656262
ENSG00000164086.11,DUSP7,chr3,52056576
ENSG00000217236.3,SP9,chr2,174334947
ENSG00000169490.19,TM2D2,chr8,38996823
ENSG00000067248.13,DHX29,chr5,55307721
ENSG00000168890.16,TMEM150A,chr2,85603200
ENSG00000169242.14,EFNA1,chr1,155127451
ENSG00000198467.18,TPM2,chr9,35691115
ENSG00000003756.19,RBM5,chr3,50088897
ENSG00000118245.3,TNP1,chr2,216865731
ENSG00000187955.15,COL14A1,chr8,120059779
ENSG00000136717.17,BIN1,chr2,127107555
ENSG00000184432.13,COPB2,chr3,139389735
ENSG00000167130.20,DOLPP1,chr9,129081096
ENSG00000177688.7,SUMO4,chr6,149400261
ENSG00000177479.22,ARIH2,chr3,48918216
ENSG00000085760.17,MTIF2,chr2,55270262
ENSG00000084623.14,EIF3I,chr1,32221076
ENSG00000105997.25,HOXA3,chr7,27152609
ENSG00000145386.13,CCNA2,chr4,121823935
ENSG00000051341.17,POLQ,chr3,121546006
ENSG00000137561.7,TTPA,chr8,63086196
ENSG00000289565.1,ENSG00000289565,chr1,145926740
ENSG00000165637.16,VDAC2,chr10,75209977
ENSG00000180228.16,PRKRA,chr2,178451511
ENSG00000213516.11,RBMXL1,chr1,88993001
ENSG00000137944.19,KYAT3,chr1,88993001
ENSG00000146205.17,ANO7,chr2,241188508
ENSG00000189283.12,FHIT,chr3,61251465
ENSG00000119778.17,ATAD2B,chr2,23927220
ENSG00000188157.17,AGRN,chr1,1020068
ENSG00000172244.11,C5orf34,chr5,43515147
ENSG00000164087.10,POC1A,chr3,52154745
ENSG00000121988.20,ZRANB3,chr2,135531227
ENSG00000152256.16,PDK1,chr2,172555372
ENSG00000113712.20,CSNK1A1,chr5,149551576
ENSG00000160949.20,TONSL,chr8,144444487
ENSG00000069275.15,NUCKS1,chr1,205750269
ENSG00000132329.13,RAMP1,chr2,237858892
ENSG00000120539.17,MASTL,chr10,27154424
ENSG00000124678.21,TCP11,chr6,35148609
ENSG00000116133.15,DHCR24,chr1,54887223
ENSG00000163072.18,NOSTRIN,chr2,168786538
ENSG00000186130.7,ZBTB6,chr9,122913332
ENSG00000085998.17,POMGNT1,chr1,46220304
ENSG00000122873.14,CISD1,chr10,58269112
ENSG00000164970.17,FAM219A,chr9,34458590
ENSG00000084754.14,HADHA,chr2,26245043
ENSG00000082126.20,MPP4,chr2,201698712
ENSG00000163993.8,S100P,chr4,6693820
ENSG00000138028.18,CGREF1,chr2,27119138
ENSG00000072786.15,STK10,chr5,172188410
ENSG00000163126.17,ANKRD23,chr2,96857933
ENSG00000048707.16,VPS13D,chr1,12230006
ENSG00000144909.10,OSBPL11,chr3,125595591
ENSG00000284337.1,ENSG00000284337,chr2,109898431
ENSG00000151247.15,EIF4E,chr4,98929924
ENSG00000180535.6,BHLHA15,chr7,98211431
ENSG00000198722.17,UNC13B,chr9,35161828
ENSG00000175066.17,GK5,chr3,142225619
ENSG00000136758.23,YME1L1,chr10,27155265
ENSG00000164400.7,CSF2,chr5,132073783
ENSG00000164520.13,RAET1E,chr6,149898117
ENSG00000166348.22,USP54,chr10,73626116
ENSG00000179397.19,CATSPERE,chr1,244454376
ENSG00000188372.16,ZP3,chr7,76397496
ENSG00000163686.17,ABHD6,chr3,58237501
ENSG00000008130.17,NADK,chr1,1780543
ENSG00000122566.25,HNRNPA2B1,chr7,26201528
ENSG00000172428.13,COPS9,chr2,240136806
ENSG00000138386.19,NAB1,chr2,190646745
ENSG00000000457.16,SCYL3,chr1,169894266
ENSG00000122432.20,SPATA1,chr1,84505490
ENSG00000009307.19,CSDE1,chr1,114758703
ENSG00000169288.20,MRPL1,chr4,77862138
ENSG00000113441.18,LNPEP,chr5,96934806
ENSG00000197343.13,ZNF655,chr7,99558388
ENSG00000290318.1,ENSG00000290318,chr3,49412050
ENSG00000155367.18,PPM1J,chr1,112715501
ENSG00000182698.14,RESP18,chr2,219335551
ENSG00000164220.8,F2RL2,chr5,76623424
ENSG00000183291.19,SELENOF,chr1,86914423
ENSG00000171159.6,BBLN,chr9,128160218
ENSG00000182095.16,TNRC18,chr7,5425413
ENSG00000285629.1,ENSG00000285629,chr1,6197756
ENSG00000115310.21,RTN4,chr2,55112620
ENSG00000061676.18,NCKAP1,chr2,183038857
ENSG00000226479.4,TMEM185B,chr2,120223399
ENSG00000164164.19,OTUD4,chr4,145180630
ENSG00000183111.14,ARHGEF37,chr5,149551946
ENSG00000138674.19,SEC31A,chr4,82901165
ENSG00000164406.10,LEAP2,chr5,132873443
ENSG00000163166.17,IWS1,chr2,127526885
ENSG00000213066.16,CEP43,chr6,166999173
ENSG00000163947.14,ARHGEF3,chr3,57079328
ENSG00000165120.6,SSMEM1,chr7,130206343
ENSG00000241553.15,ARPC4,chr3,9792483
ENSG00000112029.11,FBXO5,chr6,152983598
ENSG00000256977.14,LIMS3,chr2,109898427
ENSG00000168818.12,STX18,chr4,4542345
ENSG00000118496.7,FBXO30,chr6,145815266
ENSG00000288705.2,UGT1A5,chr2,233712906
ENSG00000120656.16,TAF12,chr1,28648363
ENSG00000153936.19,HS2ST1,chr1,86914616
ENSG00000135045.8,C9orf40,chr9,74952920
ENSG00000172568.6,FNDC9,chr5,157345765
ENSG00000214360.5,EFCAB9,chr5,172194171
ENSG00000188938.18,FAM120AOS,chr9,93453599
ENSG00000214253.11,FIS1,chr7,101252320
ENSG00000144713.15,RPL32,chr3,12841586
ENSG00000179921.16,GPBAR1,chr2,218259495
ENSG00000164880.18,INTS1,chr7,1504417
ENSG00000039123.18,MTREX,chr5,55307735
ENSG00000115234.13,SNX17,chr2,27370495
ENSG00000181192.14,DHTKD1,chr10,12068925
ENSG00000147548.19,NSD3,chr8,38383020
ENSG00000136937.15,NCBP1,chr9,97633401
ENSG00000138035.17,PNPT1,chr2,55693862
ENSG00000143486.18,EIF2D,chr1,206612555
ENSG00000196313.14,POM121,chr7,72879348
ENSG00000142751.17,GPN2,chr1,26890282
ENSG00000160401.16,CFAP157,chr9,127706978
ENSG00000112290.15,WASF1,chr6,110180031
ENSG00000065883.20,CDK13,chr7,39950012
ENSG00000243364.9,EFNA4,chr1,155063717
ENSG00000197157.13,SND1,chr7,127652122
ENSG00000205482.13,SPDYE18,chr7,77063937
ENSG00000144535.22,DIS3L2,chr2,231961244
ENSG00000186088.18,GSAP,chr7,77416606
ENSG00000147852.19,VLDLR,chr9,2621181
ENSG00000084693.18,AGBL5,chr2,27042363
ENSG00000107290.16,SETX,chr9,132355116
ENSG00000163605.16,PPP4R2,chr3,72996802
ENSG00000174501.16,ANKRD36C,chr2,95991842
ENSG00000076321.13,KLHL20,chr1,173714908
ENSG00000172053.20,QARS1,chr3,49105129
ENSG00000116497.20,S100PBP,chr1,32816407
ENSG00000187678.12,SPRY4,chr5,142326454
ENSG00000121579.16,NAA50,chr3,113746785
ENSG00000086200.19,IPO11,chr5,62403517
ENSG00000135605.15,TEC,chr4,48269857
ENSG00000177842.14,ZNF620,chr3,40477104
ENSG00000177873.16,ZNF619,chr3,40477104
ENSG00000023892.14,DEF6,chr6,35297817
ENSG00000145020.17,AMT,chr3,49422684
ENSG00000148331.14,ASB6,chr9,129642362
ENSG00000171720.12,HDAC3,chr5,141637303
ENSG00000115514.14,TXNDC9,chr2,99340701
ENSG00000181061.16,HIGD1A,chr3,42804530
ENSG00000138376.13,BARD1,chr2,214809725
ENSG00000164885.15,CDK5,chr7,151057951
ENSG00000204764.16,RANBP17,chr5,170861854
ENSG00000275714.3,H3C1,chr6,26020450
ENSG00000165655.18,ZNF503,chr10,75402398
ENSG00000131779.13,PEX11B,chr1,145918746
ENSG00000087008.18,ACOX3,chr4,8440749
ENSG00000175130.9,MARCKSL1,chr1,32336240
ENSG00000064313.14,TAF2,chr8,119832862
ENSG00000164088.20,PPM1M,chr3,52245740
ENSG00000187742.17,SECISBP2,chr9,89318459
ENSG00000144029.16,MRPS5,chr2,95122033
ENSG00000196363.12,WDR5,chr9,134134345
ENSG00000160785.16,SLC25A44,chr1,156193931
ENSG00000169876.14,MUC17,chr7,101020071
ENSG00000115758.16,ODC1,chr2,10450115
ENSG00000095321.20,CRAT,chr9,129111312
ENSG00000197362.17,ZNF786,chr7,149090783
ENSG00000159377.13,PSMB4,chr1,151399555
ENSG00000248710.1,TRIM59-IFT80,chr3,160449828
ENSG00000172354.12,GNB2,chr7,100673476
ENSG00000221909.5,FAM200A,chr7,99559391
ENSG00000033867.20,SLC4A7,chr3,27484450
ENSG00000170613.4,GARIN3,chr5,157166263
ENSG00000251246.1,EFNA4-EFNA3,chr1,155063747
ENSG00000114529.15,C3orf52,chr3,112086330
ENSG00000164109.16,MAD2L1,chr4,120067191
ENSG00000106853.22,PTGR1,chr9,111599896
ENSG00000106366.11,SERPINE1,chr7,101122157
ENSG00000173366.11,ENSG00000173366,chr3,52231189
ENSG00000171863.17,RPS7,chr2,3575197
ENSG00000143106.15,PSMA5,chr1,109426470
ENSG00000204311.17,PJVK,chr2,178451345
ENSG00000049245.14,VAMP3,chr1,7771263
ENSG00000168938.8,PPIC,chr5,123036726
ENSG00000148335.17,NTMT1,chr9,129587809
ENSG00000106609.18,TMEM248,chr7,66921159
ENSG00000176101.14,SSNA1,chr9,137188639
ENSG00000197903.11,H2BC12,chr6,27146862
ENSG00000277075.4,H2AC8,chr6,26216920
ENSG00000116560.13,SFPQ,chr1,35193445
ENSG00000254726.3,MEX3A,chr1,156082464
ENSG00000138079.16,SLC3A1,chr2,44275457
ENSG00000171843.18,MLLT3,chr9,20622525
ENSG00000075151.25,EIF4G3,chr1,21177284
ENSG00000164144.18,ARFIP1,chr4,152779095
ENSG00000183258.14,DDX41,chr5,177516978
ENSG00000060339.16,CCAR1,chr10,68721011
ENSG00000115318.14,LOXL3,chr2,74555717
ENSG00000171680.25,PLEKHG5,chr1,6520073
ENSG00000136295.18,TTYH3,chr7,2631897
ENSG00000235453.14,SMIM27,chr9,32551143
ENSG00000280571.2,ENSG00000280571,chr3,42804517
ENSG00000158615.10,PPP1R15B,chr1,204411886
ENSG00000116151.16,MORN1,chr1,2391721
ENSG00000091009.10,RBM27,chr5,146203549
ENSG00000275740.1,RBM27-POU4F3,chr5,146203549
ENSG00000284356.1,TAF11L10,chr5,17597827
ENSG00000213901.13,SLC23A3,chr2,219170094
ENSG00000076864.23,RAP1GAP,chr1,21669845
ENSG00000114125.15,RNF7,chr3,141738188
ENSG00000168490.16,PHYHIP,chr8,22232375
ENSG00000144182.19,LIPT1,chr2,99154954
ENSG00000169016.19,E2F6,chr2,11466176
ENSG00000113068.12,PFDN1,chr5,140303118
ENSG00000146834.17,MEPCE,chr7,100428321
ENSG00000115596.5,WNT6,chr2,218859794
ENSG00000109736.17,SLC75A1,chr4,2935461
ENSG00000078967.15,UBE2D4,chr7,43925798
ENSG00000273155.1,ENSG00000273155,chr2,99154997
ENSG00000164904.20,ALDH7A1,chr5,126595361
ENSG00000117592.11,PRDX6,chr1,173476813
ENSG00000154370.18,TRIM11,chr1,228406840
ENSG00000198939.10,ZFP2,chr5,178895888
ENSG00000151693.13,ASAP2,chr2,9206601
ENSG00000165115.17,KIF27,chr9,83921557
ENSG00000172780.19,RAB43,chr3,129123693
ENSG00000181163.16,NPM1,chr5,171387085
ENSG00000115211.19,EIF2B4,chr2,27370465
ENSG00000138119.19,MYOF,chr10,93482333
ENSG00000106355.12,LSM5,chr7,32495282
ENSG00000173171.16,MTX1,chr1,155208694
ENSG00000187147.21,RNF220,chr1,44405141
ENSG00000105855.12,ITGB8,chr7,20330608
ENSG00000118655.10,DCLRE1B,chr1,113904402
ENSG00000164615.8,CAMLG,chr5,134737607
ENSG00000241258.10,CRCP,chr7,66114603
ENSG00000215910.9,C1orf167,chr1,11761786
ENSG00000243317.10,STMP1,chr7,135662471
ENSG00000122707.14,RECK,chr9,36036895
ENSG00000145191.17,EIF2B5,chr3,184134985
ENSG00000197451.14,HNRNPAB,chr5,178204478
ENSG00000167904.18,TMEM68,chr8,55773416
ENSG00000132688.13,NES,chr1,156677414
ENSG00000148019.16,CEP78,chr9,78236036
ENSG00000198885.12,ITPRIPL1,chr2,96324976
ENSG00000134982.21,APC,chr5,112707451
ENSG00000174151.17,CYB561D1,chr1,109494051
ENSG00000115694.17,STK25,chr2,241509729
ENSG00000135951.18,TSGA10,chr2,99154963
ENSG00000163406.13,SLC15A2,chr3,121894354
ENSG00000137288.12,UQCC2,chr6,33711747
ENSG00000162757.6,C1orf74,chr1,209784619
ENSG00000213221.7,DNLZ,chr9,136363772
ENSG00000146376.13,ARHGAP18,chr6,129710251
ENSG00000083720.15,OXCT1,chr5,41870589
ENSG00000008988.13,RPS20,chr8,56074574
ENSG00000188846.15,RPL14,chr3,40457291
ENSG00000154174.10,TOMM70,chr3,100401422
ENSG00000021461.20,CYP3A43,chr7,99827921
ENSG00000115540.17,MOB4,chr2,197515570
ENSG00000116903.7,EXOC8,chr1,231337851
ENSG00000168246.8,UBTD2,chr5,172284101
ENSG00000148690.14,FRA10AC1,chr10,93703293
ENSG00000175768.15,TOMM5,chr9,37592618
ENSG00000174840.11,PDE12,chr3,57556248
ENSG00000164091.14,WDR82,chr3,52288019
ENSG00000120733.17,KDM3B,chr5,138352675
ENSG00000180488.19,MIGA1,chr1,77779618
ENSG00000168026.21,TTC21A,chr3,39107193
ENSG00000196372.15,ASB13,chr10,5666626
ENSG00000152705.8,CATSPER3,chr5,134967906
ENSG00000115839.22,RAB3GAP1,chr2,135052264
ENSG00000143878.10,RHOB,chr2,20447073
ENSG00000105928.18,GSDME,chr7,24757991
ENSG00000163833.10,FBXO40,chr3,121592885
ENSG00000168297.18,PXK,chr3,58332578
ENSG00000003400.18,CASP10,chr2,201182692
ENSG00000115902.13,SLC1A4,chr2,64988476
ENSG00000177673.4,TEX44,chr2,231592863
ENSG00000120910.17,PPP3CC,chr8,22440745
ENSG00000091436.19,MAP3K20,chr2,173057180
ENSG00000171444.20,MCC,chr5,113488822
ENSG00000234545.10,FAM133B,chr7,92590416
ENSG00000155660.13,PDIA4,chr7,149028666
ENSG00000198830.15,HMGN2,chr1,26471494
ENSG00000107968.12,MAP3K8,chr10,30433218
ENSG00000065243.22,PKN2,chr1,88684217
ENSG00000117410.16,ATP6V0B,chr1,43974486
ENSG00000106638.20,TBL2,chr7,73578790
ENSG00000115685.17,PPP1R7,chr2,241149548
ENSG00000272980.5,ENSG00000272980,chr6,166999335
ENSG00000033100.18,CHPF2,chr7,151232482
ENSG00000055732.15,MCOLN3,chr1,85048886
ENSG00000161203.16,AP2M1,chr3,184174688
ENSG00000198625.17,MDM4,chr1,204516368
ENSG00000164054.19,SHISA5,chr3,48504825
ENSG00000170852.14,KBTBD2,chr7,32894130
ENSG00000096401.10,CDC5L,chr6,44387546
ENSG00000136238.22,RAC1,chr7,6374097
ENSG00000115657.16,ABCB6,chr2,219219011
ENSG00000189143.10,CLDN4,chr7,73799541
ENSG00000059728.13,MXD1,chr2,69897687
ENSG00000144648.18,ACKR2,chr3,42804585
ENSG00000107758.18,PPP3CB,chr10,73496033
ENSG00000163050.20,COQ8A,chr1,226938142
ENSG00000212864.6,RNF208,chr9,137222311
ENSG00000116830.14,TTF2,chr1,117060284
ENSG00000176022.7,B3GALT6,chr1,1232236
ENSG00000257923.14,CUX1,chr7,101815903
ENSG00000164022.20,AIMP1,chr4,106315543
ENSG00000054219.13,LY75,chr2,159904846
ENSG00000146587.20,RBAK,chr7,5045820
ENSG00000091732.20,ZC3HC1,chr7,130051400
ENSG00000163191.8,S100A11,chr1,152047906
ENSG00000122692.11,SMU1,chr9,33081410
ENSG00000254996.5,ANKHD1-EIF4EBP3,chr5,140401907
ENSG00000115592.15,PRKAG3,chr2,218832085
ENSG00000123989.17,CHPF,chr2,219543817
ENSG00000155229.23,MMS19,chr10,97499499
ENSG00000117500.15,TMED5,chr1,93181130
ENSG00000156990.16,RPUSD3,chr3,9844601
ENSG00000163516.16,ANKZF1,chr2,219229768
ENSG00000274997.2,H2AC12,chr6,27147105
ENSG00000118298.14,CA14,chr1,150257068
ENSG00000143248.15,RGS5,chr1,163321790
ENSG00000113583.10,C5orf15,chr5,133968673
ENSG00000115593.17,SMYD1,chr2,88067772
ENSG00000114744.11,COMMD2,chr3,149752494
ENSG00000182749.8,PAQR7,chr1,25875967
ENSG00000124593.16,ENSG00000124593,chr6,41780348
ENSG00000170275.17,CRTAP,chr3,33113911
ENSG00000157181.18,ODR4,chr1,186375400
ENSG00000188687.19,SLC4A5,chr2,74343415
ENSG00000256966.6,ENSG00000256966,chr9,37592468
ENSG00000114999.10,TTL,chr2,112482111
ENSG00000170734.14,POLH,chr6,43575536
ENSG00000124571.20,XPO5,chr6,43576090
ENSG00000278828.2,H3C10,chr6,27810050
ENSG00000113070.10,HBEGF,chr5,140346613
ENSG00000121903.17,ZSCAN20,chr1,33472466
ENSG00000285558.1,ENSG00000285558,chr3,141738473
ENSG00000206535.10,LNP1,chr3,100401191
ENSG00000133067.20,LGR6,chr1,202193691
ENSG00000162869.18,PPP1R21,chr2,48440597
ENSG00000293542.1,DUSP13B,chr10,75109205
ENSG00000079257.9,LXN,chr3,158672731
ENSG00000136068.18,FLNB,chr3,58008397
ENSG00000162910.21,MRPL55,chr1,228109357
ENSG00000185104.23,FAF1,chr1,50960287
ENSG00000189241.9,TSPYL1,chr6,116279929
ENSG00000178623.15,GPR35,chr2,240605403
ENSG00000136002.23,ARHGEF4,chr2,130836863
ENSG00000176248.11,ANAPC2,chr9,137189027
ENSG00000125629.18,INSIG2,chr2,118088136
ENSG00000114026.23,OGG1,chr3,9749937
ENSG00000113163.20,CERT1,chr5,75512137
ENSG00000123552.20,USP45,chr6,99521727
ENSG00000113141.20,IK,chr5,140647057
ENSG00000155368.20,DBI,chr2,119366871
ENSG00000088179.11,PTPN4,chr2,119759603
ENSG00000197889.12,MEIG1,chr10,14954189
ENSG00000106636.11,YKT6,chr7,44200958
ENSG00000144233.13,AMMECR1L,chr2,127885966
ENSG00000160446.21,ZDHHC12,chr9,128724145
ENSG00000065548.21,ZC3H15,chr2,186485889
ENSG00000198648.14,STK39,chr2,168247893
ENSG00000116030.19,SUMO1,chr2,202238603
ENSG00000164244.23,PRRC1,chr5,127517616
ENSG00000162928.11,PEX13,chr2,61017057
ENSG00000198839.12,ZNF277,chr7,112206618
ENSG00000175793.12,SFN,chr1,26863148
ENSG00000176393.13,RNPEP,chr1,201982371
ENSG00000293543.2,DUSP13A,chr10,75109250
ENSG00000160789.27,LMNA,chr1,156082571
ENSG00000215187.14,CIMIP2B,chr9,35563913
ENSG00000113273.19,ARSB,chr5,78986086
ENSG00000048991.20,R3HDM1,chr2,135531447
ENSG00000169155.12,ZBTB43,chr9,126804987
ENSG00000104324.18,CPQ,chr8,96644981
ENSG00000064419.16,TNPO3,chr7,129055207
ENSG00000122507.23,BBS9,chr7,33109556
ENSG00000164331.12,ANKRA2,chr5,73565711
ENSG00000164610.11,RP9,chr7,33109600
ENSG00000162927.17,PUS10,chr2,61018283
ENSG00000069248.14,NUP133,chr1,229508375
ENSG00000148343.21,MIGA2,chr9,129036613
ENSG00000067334.15,DNTTIP2,chr1,93879917
ENSG00000185972.7,CCIN,chr9,36165750
ENSG00000164949.10,GEM,chr8,94262460
ENSG00000174945.16,AMZ1,chr7,2679275
ENSG00000114503.12,NCBP2,chr3,196942593
ENSG00000106351.15,AGFG2,chr7,100539168
ENSG00000112144.17,CILK1,chr6,53061895
ENSG00000136811.18,ODF2,chr9,128455180
ENSG00000146021.17,KLHL3,chr5,137736220
ENSG00000164897.16,TMUB1,chr7,151083532
ENSG00000189030.10,VHLL,chr1,156299306
ENSG00000114956.22,DGUOK,chr2,73926793
ENSG00000117407.19,ARTN,chr1,43933271
ENSG00000196284.20,SUPT3H,chr6,45377952
ENSG00000170293.11,CMTM8,chr3,32237206
ENSG00000161057.15,PSMC2,chr7,103328569
ENSG00000215712.13,TMEM242,chr6,157324255
ENSG00000135632.14,SMYD5,chr2,73214221
ENSG00000068912.17,ERLEC1,chr2,53787008
ENSG00000086300.19,SNX10,chr7,26291850
ENSG00000163464.9,CXCR1,chr2,218166968
ENSG00000127837.12,AAMP,chr2,218270888
ENSG00000163596.19,ICA1L,chr2,202872102
ENSG00000137193.16,PIM1,chr6,37170151
ENSG00000163462.20,TRIM46,chr1,155173786
ENSG00000106665.18,CLIP2,chr7,74289406
ENSG00000001630.20,CYP51A1,chr7,92134802
ENSG00000112306.10,RPS12,chr6,132814541
ENSG00000184270.6,H2AC21,chr1,149887964
ENSG00000138430.18,OLA1,chr2,174248660
ENSG00000155508.16,CNOT8,chr5,154857528
ENSG00000115844.12,DLX2,chr2,172102908
ENSG00000196151.13,WDSUB1,chr2,159287346
ENSG00000113845.12,TIMMDC1,chr3,119498514
ENSG00000108179.16,PPIF,chr10,79347460
ENSG00000179388.9,EGR3,chr8,22693479
ENSG00000111850.13,SMIM8,chr6,87322558
ENSG00000171135.17,JAGN1,chr3,9890568
ENSG00000164032.14,H2AZ1,chr4,99950539
ENSG00000172724.13,CCL19,chr9,34691354
ENSG00000124496.15,TRERF1,chr6,42452224
ENSG00000115138.13,POMC,chr2,25168951
ENSG00000138083.6,SIX3,chr2,44941695
ENSG00000118197.16,DDX59,chr1,200670048
ENSG00000189043.12,COXFA4,chr7,10940530
ENSG00000121775.20,TMEM39B,chr1,32072030
ENSG00000146918.22,NCAPG2,chr7,158704864
ENSG00000163281.14,GNPDA2,chr4,44726620
ENSG00000266265.4,KLF14,chr7,130734206
ENSG00000177606.9,JUN,chr1,58784047
ENSG00000117054.17,ACADM,chr1,75724430
ENSG00000007923.19,DNAJC11,chr1,6701923
ENSG00000169994.22,MYO7B,chr2,127535682
ENSG00000248235.6,ENSG00000248235,chr8,22589273
ENSG00000113790.13,EHHADH,chr3,185281989
ENSG00000168209.8,DDIT4,chr10,72273918
ENSG00000120253.16,NUP43,chr6,149750285
ENSG00000072195.16,SPEG,chr2,219434470
ENSG00000071082.13,RPL31,chr2,100997745
ENSG00000198892.9,SHISA4,chr1,201888674
ENSG00000104228.15,TRIM35,chr8,27311288
ENSG00000124588.24,NQO2,chr6,2987986
ENSG00000106077.21,ABHD11,chr7,73738863
ENSG00000106771.15,TMEM245,chr9,109119974
ENSG00000187961.17,KLHL17,chr1,960554
ENSG00000136682.18,ZNG1B,chr2,113437690
ENSG00000132768.16,DPH2,chr1,43969974
ENSG00000197121.17,PGAP1,chr2,196927795
ENSG00000134644.18,PUM1,chr1,31065990
ENSG00000127995.19,CASD1,chr7,94509218
ENSG00000131584.21,ACAP3,chr1,1309608
ENSG00000059691.14,GATB,chr4,151761037
ENSG00000274290.3,H2BC6,chr6,26172058
ENSG00000198677.15,SKIC3,chr5,95555049
ENSG00000177733.8,HNRNPA0,chr5,137754362
ENSG00000169692.16,AGPAT2,chr9,136687482
ENSG00000270170.2,NCBP2AS2,chr3,196942673
ENSG00000116005.14,PCYOX1,chr2,70257385
ENSG00000057252.15,SOAT1,chr1,179293439
ENSG00000146755.12,TRIM50,chr7,73328081
ENSG00000121542.14,SEC22A,chr3,123201858
ENSG00000163157.17,TMOD4,chr1,151176283
ENSG00000134057.17,CCNB1,chr5,69167003
ENSG00000120899.20,PTK2B,chr8,27311455
ENSG00000134684.15,YARS1,chr1,32818030
ENSG00000114491.16,UMPS,chr3,124730432
ENSG00000081154.13,PCNP,chr3,101574082
ENSG00000115568.18,ZNF142,chr2,218659654
ENSG00000164754.18,RAD21,chr8,116874923
ENSG00000113119.15,TMCO6,chr5,140639395
ENSG00000163541.14,SUCLG1,chr2,84460044
ENSG00000155846.19,PPARGC1B,chr5,149729993
ENSG00000112599.9,GUCA1B,chr6,42194955
ENSG00000171307.21,ZDHHC16,chr10,97446140
ENSG00000264522.8,OTUD7B,chr1,150010757
ENSG00000158815.12,FGF17,chr8,22042387
ENSG00000146013.14,GFRA3,chr5,138274620
ENSG00000197429.13,IPP,chr1,45750804
ENSG00000011566.17,MAP4K3,chr2,39437353
ENSG00000119408.19,NEK6,chr9,124257605
ENSG00000122912.17,SLC25A16,chr10,68527538
ENSG00000156482.13,RPL30,chr8,98046468
ENSG00000107789.17,MINPP1,chr10,87504858
ENSG00000011523.17,CEP68,chr2,65056349
ENSG00000105866.17,SP4,chr7,21428023
ENSG00000262179.6,MYMX,chr6,44192821
ENSG00000128512.25,DOCK4,chr7,112206406
ENSG00000170075.11,GPR37L1,chr1,202122852
ENSG00000112659.16,CUL9,chr6,43182165
ENSG00000115274.16,INO80B,chr2,74455077
ENSG00000137168.10,PPIL1,chr6,36885867
ENSG00000121152.12,NCAPH,chr2,96335727
ENSG00000173214.8,SLC60A2,chr6,111259326
ENSG00000164291.19,ARSK,chr5,95555080
ENSG00000162415.9,ZSWIM5,chr1,45306208
ENSG00000163660.14,CCNL1,chr3,157160770
ENSG00000155090.17,KLF10,chr8,102655728
ENSG00000274049.4,INO80B-WBP1,chr2,74455087
ENSG00000180834.10,MAP6D1,chr3,183825611
ENSG00000171311.15,EXOSC1,chr10,97446084
ENSG00000136810.15,TXN,chr9,110256635
ENSG00000144504.18,ANKMY1,chr2,240569208
ENSG00000173011.13,TADA2B,chr4,7041898
ENSG00000284976.2,ENSG00000284976,chr9,137217493
ENSG00000206199.12,ANKUB1,chr3,149968384
ENSG00000109670.19,FBXW7,chr4,152536352
ENSG00000106615.12,RHEB,chr7,151520119
ENSG00000253276.5,CCDC71L,chr7,106661157
ENSG00000117586.14,TNFSF4,chr1,173477582
ENSG00000144815.20,NXPE3,chr3,101778899
ENSG00000225697.15,SLC26A6,chr3,48635509
ENSG00000183726.13,TMEM50A,chr1,25337914
ENSG00000153250.23,RBMS1,chr2,160494099
ENSG00000221823.12,PPP3R1,chr2,68256236
ENSG00000137955.18,RABGGTB,chr1,75786170
ENSG00000204084.16,INPP5B,chr1,37947240
ENSG00000148187.20,MRRF,chr9,122264140
ENSG00000172845.19,SP3,chr2,173965876
ENSG00000180767.12,CHST13,chr3,126524071
ENSG00000281593.1,ENSG00000281593,chr7,30362399
ENSG00000183840.8,GPR39,chr2,132416804
ENSG00000168438.17,CDC40,chr6,110180140
ENSG00000144045.16,DQX1,chr2,74526395
ENSG00000171130.21,ATP6V0E2,chr7,149872960
ENSG00000182551.16,ADI1,chr2,3519583
ENSG00000114107.11,CEP70,chr3,138594537
ENSG00000148120.21,AOPEP,chr9,94726603
ENSG00000145979.20,TBC1D7,chr6,13328582
ENSG00000169989.5,TIGD4,chr4,152779777
ENSG00000009950.18,MLXIPL,chr7,73624574
ENSG00000109501.17,WFS1,chr4,6269831
ENSG00000112234.11,FBXL4,chr6,98948005
ENSG00000186603.7,HPDL,chr1,45326894
ENSG00000126062.6,TMEM115,chr3,50359565
ENSG00000196747.5,H2AC13,chr6,27808172
ENSG00000162819.14,BROX,chr1,222711479
ENSG00000187801.17,ZFP69B,chr1,40450052
ENSG00000198498.12,TMA16,chr4,163494441
ENSG00000128590.7,DNAJB9,chr7,108569779
ENSG00000156928.7,MALSU1,chr7,23298738
ENSG00000116039.15,ATP6V1B1,chr2,70935770
ENSG00000127993.17,RBM48,chr7,92528769
ENSG00000204634.15,TBC1D8,chr2,101252865
ENSG00000185614.9,INKA1,chr3,49803227
ENSG00000122592.9,HOXA7,chr7,27157935
ENSG00000038274.20,MAT2B,chr5,163503108
ENSG00000180353.13,HCLS1,chr3,121660926
ENSG00000174839.15,DENND6A,chr3,57693126
ENSG00000186827.13,TNFRSF4,chr1,1214152
ENSG00000038210.16,PI4K2B,chr4,25160662
ENSG00000119041.13,GTF3C3,chr2,196799742
ENSG00000135241.19,PNPLA8,chr7,108569749
ENSG00000177683.15,THAP5,chr7,108569749
ENSG00000138439.13,FAM117B,chr2,202634968
ENSG00000144134.21,RABL2A,chr2,113627214
ENSG00000137976.9,DNASE2B,chr1,84398483
ENSG00000239474.9,KLHL41,chr2,169509683
ENSG00000170271.13,FAXDC2,chr5,154859251
ENSG00000182134.19,TDRKH,chr1,151791415
ENSG00000167136.9,ENDOG,chr9,128818450
ENSG00000135069.16,PSAT1,chr9,78297093
ENSG00000114030.15,KPNA1,chr3,122514954
ENSG00000214595.14,EML6,chr2,54723498
ENSG00000132846.8,ZBED3,chr5,77087360
ENSG00000047410.15,TPR,chr1,186375692
ENSG00000114796.18,KLHL24,chr3,183635601
ENSG00000189077.13,TMEM120A,chr7,75994668
ENSG00000160539.8,PLPP7,chr9,131289458
ENSG00000134183.15,GNAT2,chr1,109619928
ENSG00000116035.5,VAX2,chr2,70900487
ENSG00000165886.7,UBTD1,chr10,97498851
ENSG00000081791.11,DELE1,chr5,141923799
ENSG00000084733.13,RAB10,chr2,26033480
ENSG00000186143.11,PRR30,chr2,27139409
ENSG00000163793.14,DNAJC5G,chr2,27275429
ENSG00000135250.19,SRPK2,chr7,105399307
ENSG00000164611.15,PTTG1,chr5,160421800
ENSG00000117036.13,ETV3,chr1,157138951
ENSG00000010270.16,STARD3NL,chr7,38178216
ENSG00000167114.15,SLC27A4,chr9,128340474
ENSG00000158435.10,CNOT11,chr2,101252805
ENSG00000104299.17,INTS9,chr8,28890270
ENSG00000157216.19,SSBP3,chr1,54413478
ENSG00000152457.21,DCLRE1C,chr10,14954431
ENSG00000075340.25,ADD2,chr2,70768498
ENSG00000147421.20,HMBOX1,chr8,28890291
ENSG00000120217.15,CD274,chr9,5450502
ENSG00000143198.15,MGST3,chr1,165630846
ENSG00000227345.11,PARG,chr10,49970202
ENSG00000020129.18,NCDN,chr1,35557441
ENSG00000278588.2,H2BC10,chr6,26272930
ENSG00000178057.17,NDUFAF3,chr3,49020458
ENSG00000115183.17,TANC1,chr2,158968502
ENSG00000144120.15,TMEM177,chr2,119679136
ENSG00000147905.20,ZCCHC7,chr9,37118630
ENSG00000226124.12,FTCDNL1,chr2,199851213
ENSG00000163939.21,PBRM1,chr3,52685978
ENSG00000163013.13,FBXO41,chr2,73284477
ENSG00000171503.15,ETFDH,chr4,158671967
ENSG00000137547.11,MRPL15,chr8,54135182
ENSG00000166448.17,TMEM130,chr7,98870770
ENSG00000112651.14,MRPL2,chr6,43059463
ENSG00000131495.10,NDUFA2,chr5,140647822
ENSG00000088205.15,DDX18,chr2,117814655
ENSG00000289490.1,ENSG00000289490,chr2,202377111
ENSG00000133706.22,LARS1,chr5,146182695
ENSG00000143933.22,CALM2,chr2,47176920
ENSG00000157954.17,WIPI2,chr7,5190181
ENSG00000173641.20,HSPB7,chr1,16020596
ENSG00000082512.17,TRAF5,chr1,211326324
ENSG00000134748.15,PRPF38A,chr1,52404059
ENSG00000104765.18,BNIP3L,chr8,26383030
ENSG00000178467.20,P4HTM,chr3,48989857
ENSG00000105854.15,PON2,chr7,95435392
ENSG00000132423.14,COQ3,chr6,99394210
ENSG00000131791.10,PRKAB2,chr1,147173715
ENSG00000165006.16,UBAP1,chr9,34179004
ENSG00000205307.13,SAP25,chr7,100573915
ENSG00000155875.16,SAXO1,chr9,19049357
ENSG00000293268.2,ENSG00000293268,chr3,101686826
ENSG00000113721.16,PDGFRB,chr5,150186362
ENSG00000124702.21,KLHDC3,chr6,43014102
ENSG00000144366.19,GULP1,chr2,188291104
ENSG00000145916.21,RMND5B,chr5,178129067
ENSG00000196449.6,YRDC,chr1,37808215
ENSG00000015676.20,NUDCD3,chr7,44490918
ENSG00000114391.16,RPL24,chr3,101686824
ENSG00000143158.13,MPC2,chr1,167937514
ENSG00000204947.11,ZNF425,chr7,149126347
ENSG00000134851.15,TMEM165,chr4,55395623
ENSG00000118257.18,NRP2,chr2,205681989
ENSG00000160691.21,SHC1,chr1,154974451
ENSG00000134255.18,CEPT1,chr1,111139417
ENSG00000162961.16,DPY30,chr2,32039831
ENSG00000132406.14,TMEM128,chr4,4248371
ENSG00000096968.16,JAK2,chr9,4984389
ENSG00000162999.14,DUSP19,chr2,183078558
ENSG00000082213.20,C5orf22,chr5,31532277
ENSG00000086289.14,EPDR1,chr7,37920602
ENSG00000113525.12,IL5,chr5,132556837
ENSG00000135318.14,NT5E,chr6,85449583
ENSG00000143889.17,HNRNPLL,chr2,38603585
ENSG00000113810.18,SMC4,chr3,160399273
ENSG00000187288.14,CIDEC,chr3,9891007
ENSG00000138459.11,SLC35A5,chr3,112561268
ENSG00000283782.2,ENSG00000283782,chr5,132410831
ENSG00000079156.19,OSBPL6,chr2,178193710
ENSG00000132680.13,KHDC4,chr1,155934415
ENSG00000165264.13,NDUFB6,chr9,32573188
ENSG00000109618.15,SEPSECS,chr4,25160549
ENSG00000108176.17,DNAJC12,chr10,67850194
ENSG00000168476.14,REEP4,chr8,22141950
ENSG00000167113.13,COQ4,chr9,128322482
ENSG00000173085.16,COQ2,chr4,83285140
ENSG00000115325.16,DOK1,chr2,74548874
ENSG00000183513.11,COA5,chr2,98608541
ENSG00000181555.24,SETD2,chr3,47164147
ENSG00000132485.16,ZRANB2,chr1,71081288
ENSG00000173726.13,TOMM20,chr1,235128961
ENSG00000018280.20,SLC11A1,chr2,218382005
ENSG00000197093.13,GAL3ST4,chr7,100168952
ENSG00000009413.18,REV3L,chr6,111483728
ENSG00000082684.18,SEMA5B,chr3,123028604
ENSG00000151718.18,WWC2,chr4,183099119
ENSG00000155428.13,TRIM74,chr7,72969465
ENSG00000197024.11,ZNF398,chr7,149126415
ENSG00000116675.16,DNAJC6,chr1,65248218
ENSG00000118200.18,CAMSAP2,chr1,200738884
ENSG00000143001.8,TMEM61,chr1,54886832
ENSG00000051596.12,THOC3,chr5,176034679
ENSG00000145220.16,LYAR,chr4,4290195
ENSG00000206527.12,HACD2,chr3,123585192
ENSG00000105983.25,LMBR1,chr7,156893224
ENSG00000146414.19,SHPRH,chr6,145964448
ENSG00000180354.18,MTURN,chr7,30134727
ENSG00000143434.19,SEMA6C,chr1,151147812
ENSG00000198700.12,IPO9,chr1,201829103
ENSG00000158874.14,APOA2,chr1,161227265
ENSG00000134077.18,THUMPD3,chr3,9362966
ENSG00000123485.13,HJURP,chr2,233854671
ENSG00000174827.16,PDZK1,chr1,145721614
ENSG00000109606.15,DHX15,chr4,24584607
ENSG00000124789.14,NUP153,chr6,17706941
ENSG00000186352.10,ANKRD37,chr4,185395963
ENSG00000156162.18,DPY19L4,chr8,94719676
ENSG00000115421.15,PAPOLG,chr2,60756231
ENSG00000206561.16,COLQ,chr3,15521927
ENSG00000021355.15,SERPINB1,chr6,2842034
ENSG00000137207.14,YIPF3,chr6,43516984
ENSG00000144381.20,HSPD1,chr2,197516736
ENSG00000107341.7,UBE2R2,chr9,33817159
ENSG00000156875.16,SLC71A1,chr1,100038075
ENSG00000117505.15,DR1,chr1,93345877
ENSG00000117614.12,SYF2,chr1,25232508
ENSG00000163697.20,APBB2,chr4,41216713
ENSG00000075420.15,FNDC3B,chr3,172039546
ENSG00000144677.17,CTDSPL,chr3,37861831
ENSG00000162385.13,MAGOH,chr1,53238625
ENSG00000188976.13,NOC2L,chr1,960713
ENSG00000165609.16,NUDT5,chr10,12196154
ENSG00000131238.20,PPT1,chr1,40097266
ENSG00000132128.20,LRRC41,chr1,46303629
ENSG00000254999.6,BRK1,chr3,10115589
ENSG00000176732.9,PFN4,chr2,24123733
ENSG00000001167.17,NFYA,chr6,41072039
ENSG00000151779.16,NBAS,chr2,15561339
ENSG00000151690.17,MFSD6,chr2,190407895
ENSG00000118564.17,FBXL5,chr4,15681678
ENSG00000159348.15,CYB5R1,chr1,202967286
ENSG00000009954.12,BAZ1B,chr7,73522292
ENSG00000163235.18,TGFA,chr2,70554192
ENSG00000187800.16,PEAR1,chr1,156893655
ENSG00000142765.20,SYTL1,chr1,27342008
ENSG00000134352.23,IL6ST,chr5,55995021
ENSG00000143742.16,SRP9,chr1,225777698
ENSG00000160993.6,ALKBH4,chr7,102464898
ENSG00000156735.13,BAG4,chr8,38176532
ENSG00000137574.13,TGS1,chr8,55773064
ENSG00000107614.24,TRDMT1,chr10,17202053
ENSG00000185267.12,CDNF,chr10,14838574
ENSG00000187699.12,AKAP19,chr2,189879542
ENSG00000091483.10,FH,chr1,241519798
ENSG00000087085.18,ACHE,chr7,100897021
ENSG00000170448.14,NFXL1,chr4,47914666
ENSG00000163121.12,NEURL3,chr2,96508152
ENSG00000183354.13,BRD10,chr9,6008494
ENSG00000136059.18,VILL,chr3,37987959
ENSG00000082258.15,CCNT2,chr2,134918234
ENSG00000008128.25,CDK11A,chr1,1724570
ENSG00000106392.13,C1GALT1,chr7,7156933
ENSG00000068028.20,RASSF1,chr3,50340979
ENSG00000284762.1,PDE8B,chr5,77086731
ENSG00000254126.9,CD8B2,chr2,106487349
ENSG00000106012.21,IQCE,chr7,2558902
ENSG00000142627.15,EPHA2,chr1,16156140
ENSG00000105821.17,DNAJC2,chr7,103344836
ENSG00000159588.17,CCDC17,chr1,45624061
ENSG00000136279.23,DBNL,chr7,44044627
ENSG00000165716.13,DIPK1B,chr9,136712301
ENSG00000164442.13,CITED2,chr6,139375908
ENSG00000113460.15,BRIX1,chr5,34915272
ENSG00000198912.13,C1orf174,chr1,3900296
ENSG00000127399.16,LRRC61,chr7,150323262
ENSG00000177352.12,CCDC71,chr3,49166356
ENSG00000124562.12,SNRPC,chr6,34757096
ENSG00000196220.18,SRGAP3,chr3,9363052
ENSG00000172939.11,OXSR1,chr3,38165088
ENSG00000160447.9,PKN3,chr9,128702488
ENSG00000054116.14,TRAPPC3,chr1,36156052
ENSG00000164934.17,DCAF13,chr8,103414650
ENSG00000137996.15,RTCA,chr1,100266153
ENSG00000253251.5,SHLD3,chr5,65624732
ENSG00000113597.20,TRAPPC13,chr5,65624732
ENSG00000006747.17,SCIN,chr7,12570576
ENSG00000130347.15,RTN4IP1,chr6,106629502
ENSG00000077800.14,FKBP6,chr7,73328160
ENSG00000278705.4,H4C2,chr6,26027282
ENSG00000116237.18,ICMT,chr1,6235996
ENSG00000105339.13,DENND3,chr8,141117277
ENSG00000114120.16,SLC25A36,chr3,140941796
ENSG00000158050.8,DUSP2,chr2,96145446
ENSG00000274386.6,TMEM269,chr1,42784990
ENSG00000197043.17,ANXA6,chr5,151157978
ENSG00000143164.18,DCAF6,chr1,167935782
ENSG00000157593.21,SLC35B2,chr6,44257889
ENSG00000083123.17,BCKDHB,chr6,80106625
ENSG00000187522.17,HSPA14,chr10,14838163
ENSG00000284024.5,MSANTD7,chr10,14838163
ENSG00000164266.12,SPINK1,chr5,147831678
ENSG00000010165.22,METTL13,chr1,171781419
ENSG00000133627.20,ACTR3B,chr7,152759730
ENSG00000144747.19,TMF1,chr3,69052381
ENSG00000169972.15,PUSL1,chr1,1308546
ENSG00000114270.19,COL7A1,chr3,48595595
ENSG00000165507.11,DEPP1,chr10,44978815
ENSG00000123607.18,TTC21B,chr2,165953850
ENSG00000198492.18,YTHDF2,chr1,28736607
ENSG00000143401.17,ANP32E,chr1,150236201
ENSG00000177674.18,AGTRAP,chr1,11736069
ENSG00000117859.21,OSBPL9,chr1,51577178
ENSG00000135912.13,TTLL4,chr2,218710772
ENSG00000177853.17,ZNF518A,chr10,96129694
ENSG00000124370.13,MCEE,chr2,71130278
ENSG00000205208.7,C4orf46,chr4,158672254
ENSG00000165215.6,CLDN3,chr7,73770269
ENSG00000174606.16,ANGEL2,chr1,213015876
ENSG00000129055.15,ANAPC13,chr3,134486715
ENSG00000169567.15,HINT1,chr5,131224467
ENSG00000179010.18,MRFAP1,chr4,6640090
ENSG00000112237.15,CCNC,chr6,99568824
ENSG00000163466.18,ARPC2,chr2,218216629
ENSG00000186451.4,SPATA12,chr3,57060658
ENSG00000092621.15,PHGDH,chr1,119648410
ENSG00000079785.18,DDX1,chr2,15591177
ENSG00000078369.21,GNB1,chr1,1892291
ENSG00000198624.15,CCDC69,chr5,151224155
ENSG00000087266.20,SH3BP2,chr4,2793014
ENSG00000174038.13,SPATA31G1,chr9,35041094
ENSG00000159399.12,HK2,chr2,74834076
ENSG00000120158.13,RCL1,chr9,4792880
ENSG00000180370.12,PAK2,chr3,196739742
ENSG00000164647.11,STEAP1,chr7,90154179
ENSG00000039319.19,ZFYVE16,chr5,80407148
ENSG00000153234.18,NR4A2,chr2,156342347
ENSG00000164039.17,BDH2,chr4,103099884
ENSG00000249141.1,ENSG00000249141,chr6,166956123
ENSG00000106128.20,GHRHR,chr7,30938668
ENSG00000240184.8,PCDHGC3,chr5,141475928
ENSG00000163794.6,UCN,chr2,27308444
ENSG00000104371.6,DKK4,chr8,42384829
ENSG00000272305.5,ENSG00000272305,chr3,53099452
ENSG00000142687.21,KIAA0319L,chr1,35557949
ENSG00000278224.9,PRICKLE4,chr6,41780738
ENSG00000254122.4,PCDHGB7,chr5,141417641
ENSG00000105778.22,AVL9,chr7,32495425
ENSG00000283149.1,ENSG00000283149,chr3,186581994
ENSG00000069849.13,ATP1B3,chr3,141876110
ENSG00000169756.19,LIMS1,chr2,108533670
ENSG00000261934.4,PCDHGA9,chr5,141402764
ENSG00000174428.21,GTF2IRD2B,chr7,75091566
ENSG00000132773.14,TOE1,chr1,45339937
ENSG00000164532.11,TBX20,chr7,35254099
ENSG00000161036.15,LRWD1,chr7,102464923
ENSG00000135624.19,CCT7,chr2,73233419
ENSG00000163617.13,CCDC191,chr3,114056593
ENSG00000187605.18,TET3,chr2,73984909
ENSG00000135636.18,DYSF,chr2,71453494
ENSG00000104356.13,POP1,chr8,98117285
ENSG00000146830.13,GIGYF1,chr7,100694480
ENSG00000157999.6,ANKRD61,chr7,6031375
ENSG00000127980.18,PEX1,chr7,92528662
ENSG00000106526.14,ACTR3C,chr7,150323925
ENSG00000115652.17,UXS1,chr2,106194370
ENSG00000184897.7,H1-10,chr3,129316285
ENSG00000160445.13,ZER1,chr9,128772413
ENSG00000169704.7,GP9,chr3,129060773
ENSG00000164329.17,TENT2,chr5,79611810
ENSG00000065308.7,TRAM2,chr6,52577315
ENSG00000187837.5,H1-2,chr6,26056469
ENSG00000135976.22,ANKRD36,chr2,97113111
ENSG00000197852.13,INKA2,chr1,111755823
ENSG00000115970.21,THADA,chr2,43596069
ENSG00000155876.6,RRAGA,chr9,19049426
ENSG00000164896.23,FASTK,chr7,151080880
ENSG00000130363.16,RSPH3,chr6,159000237
ENSG00000198246.11,SLC29A3,chr10,71319231
ENSG00000114738.13,MAPKAPK3,chr3,50611486
ENSG00000198799.14,LRIG2,chr1,113073167
ENSG00000164659.17,ELAPOR2,chr7,87059709
ENSG00000238227.10,TMEM250,chr9,136118945
ENSG00000170340.13,B3GNT2,chr2,62195484
ENSG00000080298.18,RFX3,chr9,3526918
ENSG00000170185.14,USP38,chr4,143184916
ENSG00000143067.6,ZNF697,chr1,119648453
ENSG00000131183.13,SLC34A1,chr5,177379234
ENSG00000115112.10,TFCP2L1,chr2,121285262
ENSG00000175920.19,DOK7,chr4,3463189
ENSG00000158528.14,PPP1R9A,chr7,94907201
ENSG00000130427.4,EPO,chr7,100720464
ENSG00000247626.5,MARS2,chr2,197705368
ENSG00000147679.14,UTP23,chr8,116766491
ENSG00000066322.17,ELOVL1,chr1,43368074
ENSG00000115841.23,RMDN2,chr2,37923186
ENSG00000157796.20,WDR19,chr4,39182462
ENSG00000159674.14,SPON2,chr4,1208961
ENSG00000163659.15,TIPARP,chr3,156673234
ENSG00000162600.14,OMA1,chr1,58546837
ENSG00000085365.20,SCAMP1,chr5,78360100
ENSG00000074047.23,GLI2,chr2,120735622
ENSG00000122884.15,P4HA1,chr10,73097107
ENSG00000229894.5,GK3,chr4,165279703
ENSG00000120262.12,CCDC170,chr6,151493753
ENSG00000113328.23,CCNG1,chr5,163437568
ENSG00000152804.13,HHEX,chr10,92689892
ENSG00000132561.16,MATN2,chr8,97868839
ENSG00000028116.20,VRK2,chr2,57907579
ENSG00000112357.16,PEX7,chr6,136822545
ENSG00000127838.17,PNKD,chr2,218269650
ENSG00000196782.15,MAML3,chr4,140154226
ENSG00000288640.1,ENSG00000288640,chr7,112450459
ENSG00000253304.4,TMEM200B,chr1,29123934
ENSG00000137218.12,FRS3,chr6,41787569
ENSG00000116649.12,SRM,chr1,11060077
ENSG00000148200.19,NR6A1,chr9,124771348
ENSG00000127419.19,TMEM175,chr4,932152
ENSG00000094880.13,CDC23,chr5,138213345
ENSG00000115884.13,SDC1,chr2,20225511
ENSG00000164061.5,BSN,chr3,49554476
ENSG00000135940.9,COX5B,chr2,97646033
ENSG00000069424.17,KCNAB2,chr1,5990926
ENSG00000180398.15,MCFD2,chr2,46941854
ENSG00000117533.17,VAMP4,chr1,171743205
ENSG00000143569.22,UBAP2L,chr1,154220171
ENSG00000164463.14,CREBRF,chr5,173056322
ENSG00000116871.18,MAP7D1,chr1,36155540
ENSG00000125633.13,CCDC93,chr2,118014191
ENSG00000135925.11,WNT10A,chr2,218880851
ENSG00000143772.13,ITPKB,chr1,226739449
ENSG00000145041.19,DCAF1,chr3,51500096
ENSG00000104611.14,SH2D4A,chr8,19313311
ENSG00000011376.14,LARS2,chr3,45388515
ENSG00000197385.8,ZNF860,chr3,31981721
ENSG00000249319.2,ENSG00000249319,chr7,66087760
ENSG00000120149.10,MSX2,chr5,174724550
ENSG00000109519.16,GRPEL1,chr4,7068144
ENSG00000165275.12,TRMT10B,chr9,37753767
ENSG00000118004.20,COLEC11,chr2,3592790
ENSG00000134744.16,TUT4,chr1,52553503
ENSG00000198301.14,SDAD1,chr4,75990961
ENSG00000154710.20,RABGEF1,chr7,66682104
ENSG00000183431.14,SF3A3,chr1,37990680
ENSG00000132781.24,MUTYH,chr1,45340892
ENSG00000164609.12,SLU7,chr5,160421710
ENSG00000132718.11,SYT11,chr1,155859448
ENSG00000164077.17,MON1A,chr3,49930172
ENSG00000148484.20,RSU1,chr10,16817602
ENSG00000155542.14,SETD9,chr5,56909259
ENSG00000124383.13,MPHOSPH10,chr2,71130304
ENSG00000138073.16,PREB,chr2,27134688
ENSG00000169902.17,TPST1,chr7,66205288
ENSG00000172046.22,USP19,chr3,49120939
ENSG00000290147.1,GUCA1ANB-GUCA1A,chr6,42155405
ENSG00000172650.16,AGAP5,chr10,73698108
ENSG00000135945.12,REV1,chr2,99490465
ENSG00000273542.3,H4C12,chr6,27831559
ENSG00000164402.16,SEPTIN8,chr5,132807240
ENSG00000151687.16,ANKAR,chr2,189674289
ENSG00000082781.14,ITGB5,chr3,124901417
ENSG00000058262.13,SEC61A1,chr3,128051640
ENSG00000118246.16,FASTKD2,chr2,206765356
ENSG00000107854.8,TNKS2,chr10,91798356
ENSG00000084073.12,ZMPSTE24,chr1,40258040
ENSG00000173660.14,UQCRH,chr1,46300899
ENSG00000156171.17,DRAM2,chr1,111140224
ENSG00000168826.18,ZBTB49,chr4,4290220
ENSG00000177868.14,SVBP,chr1,42824809
ENSG00000163214.23,DHX57,chr2,38875942
ENSG00000244038.12,DDOST,chr1,20661543
ENSG00000168566.15,SNRNP48,chr6,7590180
ENSG00000153790.13,SPMIP4,chr7,25180384
ENSG00000136824.21,SMC2,chr9,104093694
ENSG00000171790.18,SLFNL1,chr1,41024550
ENSG00000159173.21,TNNI1,chr1,201429865
ENSG00000243943.12,ZNF512,chr2,27582968
ENSG00000086589.14,RBM22,chr5,150701096
ENSG00000204335.5,SP5,chr2,170715286
ENSG00000135617.6,PRADC1,chr2,73233261
ENSG00000144231.13,POLR2D,chr2,127858162
ENSG00000109814.14,UGDH,chr4,39528310
ENSG00000188010.18,MORN2,chr2,38875968
ENSG00000163545.12,NUAK2,chr1,205321780
ENSG00000085871.11,MGST2,chr4,139665767
ENSG00000119042.20,SATB2,chr2,199471270
ENSG00000116922.17,AIRIM,chr1,37692295
ENSG00000085999.15,RAD54L,chr1,46246460
ENSG00000183621.17,ZNF438,chr10,31032109
ENSG00000112079.12,STK38,chr6,36547515
ENSG00000066135.15,KDM4A,chr1,43649255
ENSG00000173960.16,UBXN2A,chr2,23926787
ENSG00000117868.20,ESYT2,chr7,158830252
ENSG00000162769.15,FLVCR1,chr1,212858229
ENSG00000121552.5,CSTA,chr3,122325237
ENSG00000122359.20,ANXA11,chr10,80205712
ENSG00000198837.12,DENND4B,chr1,153946748
ENSG00000065978.21,YBX1,chr1,42682143
ENSG00000144580.17,CNOT9,chr2,218568574
ENSG00000119977.24,TCTN3,chr10,95694142
ENSG00000116285.15,ERRFI1,chr1,8026317
ENSG00000094755.19,GABRP,chr5,170763349
ENSG00000122367.23,LDB3,chr10,86666663
ENSG00000021826.20,CPS1,chr2,210477640
ENSG00000284989.1,ENSG00000284989,chr1,43650148
ENSG00000158887.22,MPZ,chr1,161309973
ENSG00000162896.8,PIGR,chr1,206949366
ENSG00000136840.21,ST6GALNAC4,chr9,127917056
ENSG00000164761.11,TNFRSF11B,chr8,118952250
ENSG00000130713.19,EXOSC2,chr9,130693720
ENSG00000215045.9,GRID2IP,chr7,6551460
ENSG00000164038.18,SLC9B2,chr4,103085828
ENSG00000288634.1,ENSG00000288634,chr7,112450486
ENSG00000169174.15,PCSK9,chr1,55039444
ENSG00000168228.18,ZCCHC4,chr4,25312767
ENSG00000145990.12,GFOD1,chr6,13487661
ENSG00000165269.15,AQP7,chr9,33437235
ENSG00000184903.11,IMMP2L,chr7,111562516
ENSG00000001036.16,FUCA2,chr6,143511841
ENSG00000221986.9,MYBPHL,chr1,109307212
ENSG00000116044.19,NFE2L2,chr2,177392755
ENSG00000026297.19,RNASET2,chr6,166957447
ENSG00000169402.18,RSPH10B2,chr7,6754100
ENSG00000172888.13,ZNF621,chr3,40524876
ENSG00000163293.14,NIPAL1,chr4,47914141
ENSG00000164889.17,SLC4A2,chr7,151057209
ENSG00000286143.1,ENSG00000286143,chr2,219491866
ENSG00000096872.19,IFT74,chr9,26947038
ENSG00000162377.8,COA7,chr1,52698368
ENSG00000214736.10,TOMM6,chr6,41787619
ENSG00000115365.15,LANCL1,chr2,210477651
ENSG00000115750.19,TAF1B,chr2,9843339
ENSG00000198162.13,MAN1A2,chr1,117366678
ENSG00000113645.17,WWC1,chr5,168291562
ENSG00000153086.16,ACMSD,chr2,134838311
ENSG00000163026.13,WDCP,chr2,24049574
ENSG00000116580.22,GON4L,chr1,155859438
ENSG00000275379.2,H3C11,chr6,27872345
ENSG00000138356.16,AOX1,chr2,200585863
ENSG00000197150.15,ABCB8,chr7,151028421
ENSG00000162783.11,IER5,chr1,181088699
ENSG00000171611.11,PTCRA,chr6,42915988
ENSG00000164691.21,TAGAP,chr6,159095822
ENSG00000197894.14,ADH5,chr4,99088821
ENSG00000180071.22,ANKRD18A,chr9,38622527
ENSG00000288708.1,ENSG00000288708,chr6,16328430
ENSG00000177943.16,MAMDC4,chr9,136850942
ENSG00000115226.12,FNDC4,chr2,27495630
ENSG00000172007.9,RAB33B,chr4,139453231
ENSG00000111817.21,DSE,chr6,116253603
ENSG00000131711.16,MAP1B,chr5,72107233
ENSG00000197885.13,NKIRAS1,chr3,23946590
ENSG00000157693.17,TMEM268,chr9,114611205
ENSG00000004059.13,ARF5,chr7,127588358
ENSG00000132330.20,SCLY,chr2,238060875
ENSG00000163354.15,DCST2,chr1,155033780
ENSG00000162616.11,DNAJB4,chr1,77979069
ENSG00000138468.18,SENP7,chr3,101513240
ENSG00000164142.18,FHIP1A,chr4,151409117
ENSG00000172292.17,CERS6,chr2,168455840
ENSG00000170759.13,KIF5B,chr10,32056453
ENSG00000136286.18,MYO1G,chr7,44979812
ENSG00000165046.15,LETM2,chr8,38386203
ENSG00000136940.16,PDCL,chr9,122828643
ENSG00000172661.22,WASHC2C,chr10,45727192
ENSG00000146757.15,ZNF92,chr7,65373798
ENSG00000177311.14,ZBTB38,chr3,141324153
ENSG00000163357.11,DCST1,chr1,155033823
ENSG00000151665.15,PIGF,chr2,46617066
ENSG00000018510.20,AGPS,chr2,177392575
ENSG00000285772.1,ENSG00000285772,chr7,92179510
ENSG00000164024.14,METAP1,chr4,98995358
ENSG00000044090.15,CUL7,chr6,43053942
ENSG00000104341.19,LAPTM4B,chr8,97775056
ENSG00000113734.20,BNIP1,chr5,173144441
ENSG00000276087.2,ENSG00000276087,chr2,24124365
ENSG00000072135.15,PTPN18,chr2,130356025
ENSG00000164047.7,CAMP,chr3,48223311
ENSG00000168710.20,AHCYL1,chr1,109984720
ENSG00000172380.8,GNG12,chr1,67833810
ENSG00000145414.11,NAF1,chr4,163166935
ENSG00000163428.6,LRRC58,chr3,120349411
ENSG00000144824.23,PHLDB2,chr3,111732402
ENSG00000070669.19,ASNS,chr7,97893142
ENSG00000146083.15,RNF44,chr5,176543513
ENSG00000034693.17,PEX3,chr6,143450777
ENSG00000310583.1,ENSG00000310583,chr2,38875990
ENSG00000154518.12,ATP5MC3,chr2,175181763
ENSG00000162775.18,RBM15,chr1,110338505
ENSG00000198856.15,OSTC,chr4,108650576
ENSG00000011275.20,RNF216,chr7,5781695
ENSG00000164050.15,PLXNB1,chr3,48430498
ENSG00000157036.15,EXOG,chr3,38496126
ENSG00000132541.13,RIDA,chr8,98117205
ENSG00000213625.10,LEPROT,chr1,65420546
ENSG00000261796.1,ISY1-RAB43,chr3,129161035
ENSG00000240720.11,LRRD1,chr7,92179530
ENSG00000164411.13,GJB7,chr6,87329277
ENSG00000173207.15,CKS1B,chr1,154974640
ENSG00000114626.20,ABTB1,chr3,127672893
ENSG00000171174.17,RBKS,chr2,27890680
ENSG00000150347.18,ARID5B,chr10,61901245
ENSG00000144597.15,EAF1,chr3,15427551
ENSG00000153975.12,ZUP1,chr6,116668815
ENSG00000163507.17,CIP2A,chr3,108589643
ENSG00000130348.13,QRSL1,chr6,106629565
ENSG00000188674.13,C2orf80,chr2,208190244
ENSG00000131730.18,CKMT2,chr5,81232672
ENSG00000196517.15,SLC6A9,chr1,44031766
ENSG00000185130.7,H2BC13,chr6,27807935
ENSG00000058804.14,NDC1,chr1,53838581
ENSG00000134690.13,CDCA8,chr1,37692472
ENSG00000142867.16,BCL10,chr1,85276639
ENSG00000134697.15,GNL2,chr1,37595954
ENSG00000116678.21,LEPR,chr1,65420542
ENSG00000289767.1,EBAG9UORF,chr8,109539725
ENSG00000090520.14,DNAJB11,chr3,186567402
ENSG00000114867.24,EIF4G1,chr3,184314489
ENSG00000169641.16,LUZP1,chr1,23178151
ENSG00000148218.18,ALAD,chr9,113401355
ENSG00000120440.16,TTLL2,chr6,167325070
ENSG00000168079.19,SCARA5,chr8,27992839
ENSG00000203965.15,EFCAB7,chr1,63523316
ENSG00000136888.10,ATP6V1G1,chr9,114587571
ENSG00000162543.8,UBXN10,chr1,20183292
ENSG00000196811.13,CHRNG,chr2,232539691
ENSG00000179163.14,FUCA1,chr1,23868360
ENSG00000188647.15,PTAR1,chr9,69760064
ENSG00000170482.19,SLC23A1,chr5,139385494
ENSG00000178585.17,CTNNBIP1,chr1,9910377
ENSG00000112981.7,NME5,chr5,138139442
ENSG00000289694.1,ENSG00000289694,chr1,22025141
ENSG00000143369.17,ECM1,chr1,150507988
ENSG00000157077.18,ZFYVE9,chr1,52141882
ENSG00000155850.11,SLC26A2,chr5,149960747
ENSG00000289690.1,ENSG00000289690,chr7,100397576
ENSG00000163644.17,PPM1K,chr4,88284768
ENSG00000163346.19,PBXIP1,chr1,154956450
ENSG00000120709.13,FAM53C,chr5,138331934
ENSG00000088727.16,KIF9,chr3,47283450
ENSG00000181585.7,TMIE,chr3,46694527
ENSG00000152102.20,FAM168B,chr2,131093491
ENSG00000081870.14,IFT25,chr1,53946587
ENSG00000135974.13,C2orf49,chr2,105337515
ENSG00000041988.18,THAP3,chr1,6624844
ENSG00000156136.12,DCK,chr4,70992537
ENSG00000175324.12,LSM1,chr8,38176729
ENSG00000060688.15,SNRNP40,chr1,31296822
ENSG00000115194.13,SLC30A3,chr2,27275816
ENSG00000151465.16,CDC123,chr10,12195909
ENSG00000164074.19,ABHD18,chr4,127965251
ENSG00000156671.17,SAMD8,chr10,75099585
ENSG00000261150.4,EPPK1,chr8,143878467
ENSG00000070610.16,GBA2,chr9,35749985
ENSG00000189180.18,ZNF33A,chr10,38010294
ENSG00000164430.19,CGAS,chr6,73461725
ENSG00000125637.18,PSD4,chr2,113157324
ENSG00000169299.16,PGM2,chr4,37826659
ENSG00000073067.15,CYP2W1,chr7,983175
ENSG00000106153.16,CHCHD2,chr7,56106530
ENSG00000132031.15,MATN3,chr2,20012823
ENSG00000119782.15,FKBP1B,chr2,24049673
ENSG00000112208.13,BAG2,chr6,57172271
ENSG00000158022.7,TRIM63,chr1,26068435
ENSG00000096395.13,MLN,chr6,33804005
ENSG00000163931.19,TKT,chr3,53256054
ENSG00000124541.9,RRP36,chr6,43021587
ENSG00000173013.6,CFAP184,chr4,7043000
ENSG00000178567.8,EPM2AIP1,chr3,36993130
ENSG00000173678.15,SPDYE2B,chr7,102650318
ENSG00000126067.14,PSMB2,chr1,35641567
ENSG00000112335.17,SNX3,chr6,108261254
ENSG00000235169.13,SMIM1,chr1,3772647
ENSG00000175455.18,CCDC14,chr3,123961442
ENSG00000006468.17,ETV1,chr7,13991424
ENSG00000171163.18,ZNF692,chr1,248859143
ENSG00000173530.8,TNFRSF10D,chr8,23164029
ENSG00000116786.17,PLEKHM2,chr1,15681460
ENSG00000163877.12,SNIP1,chr1,37554303
ENSG00000135776.7,ABCB10,chr1,229559033
ENSG00000205089.10,CCNI2,chr5,132747318
ENSG00000156973.16,PDE6D,chr2,231786271
ENSG00000148204.14,CRB2,chr9,123356169
ENSG00000164978.21,NUDT2,chr9,34329495
ENSG00000081721.14,DUSP12,chr1,161749757
ENSG00000065328.19,MCM10,chr10,13161525
ENSG00000121486.14,TRMT1L,chr1,185157071
ENSG00000011021.25,CLCN6,chr1,11806095
ENSG00000116668.15,SWT1,chr1,185156102
ENSG00000154358.24,OBSCN,chr1,228208025
ENSG00000158055.18,GRHL3,chr1,24199557
ENSG00000107159.16,CA9,chr9,35673897
ENSG00000155111.17,CDK19,chr6,110815957
ENSG00000115364.16,MRPL19,chr2,75646776
ENSG00000291237.3,SOD2,chr6,159762528
ENSG00000196642.21,RABL6,chr9,136807847
ENSG00000186638.19,KIF24,chr9,34329281
ENSG00000112640.18,PPP2R5D,chr6,42984532
ENSG00000106038.14,EVX1,chr7,27242699
ENSG00000162779.23,AXDND1,chr1,179365719
ENSG00000138400.14,MDH1B,chr2,206765336
ENSG00000184007.23,PTP4A2,chr1,31944855
ENSG00000288564.1,ENSG00000288564,chr6,43058184
ENSG00000263528.10,IKBKE,chr1,206470331
ENSG00000147419.21,CCDC25,chr8,27772654
ENSG00000137033.14,IL33,chr9,6215135
ENSG00000128713.15,HOXD11,chr2,176104215
ENSG00000158428.7,CATIP,chr2,218356837
ENSG00000114737.18,CISH,chr3,50611983
ENSG00000072401.17,UBE2D1,chr10,58334973
ENSG00000130764.12,LRRC47,chr1,3796516
ENSG00000135913.13,USP37,chr2,218568767
ENSG00000099219.17,ERMP1,chr9,5879536
ENSG00000213079.12,SCAF8,chr6,154733377
ENSG00000131778.22,CHD1L,chr1,147242642
ENSG00000163961.5,RNF168,chr3,196503823
ENSG00000035687.11,ADSS2,chr1,244452101
ENSG00000197008.11,ZNF138,chr7,64794373
ENSG00000175854.16,SWI5,chr9,128275378
ENSG00000142959.8,BEST4,chr1,44791549
ENSG00000146574.18,CCZ1B,chr7,6826769
ENSG00000266338.9,NBPF15,chr1,144461763
ENSG00000112305.17,SMAP1,chr6,70667645
ENSG00000144524.20,COPS7B,chr2,231781659
ENSG00000117298.17,ECE1,chr1,21345911
ENSG00000115216.16,NRBP1,chr2,27427789
ENSG00000176946.15,THAP4,chr2,241637580
ENSG00000127423.12,AUNIP,chr1,25859462
ENSG00000112837.18,TBX18,chr6,84764612
ENSG00000186510.14,CLCNKA,chr1,16018145
ENSG00000112304.13,ACOT13,chr6,24666900
ENSG00000173611.20,SCAI,chr9,125143581
ENSG00000158195.13,WASF2,chr1,27490307
ENSG00000070718.15,AP3M2,chr8,42152945
ENSG00000197461.15,PDGFA,chr7,520704
ENSG00000131437.18,KIF3A,chr5,132737637
ENSG00000107371.16,EXOSC3,chr9,37832116
ENSG00000106683.17,LIMK1,chr7,74082932
ENSG00000135622.16,SEMA4F,chr2,74654225
ENSG00000185745.11,IFIT1,chr10,89392545
ENSG00000135297.19,MTO1,chr6,73461577
ENSG00000112761.23,CCN6,chr6,112043814
ENSG00000163295.5,ALPI,chr2,232456124
ENSG00000112742.12,TTK,chr6,80003886
ENSG00000180817.14,PPA1,chr10,70233910
ENSG00000187626.11,ZKSCAN4,chr6,28252923
ENSG00000018699.15,TTC27,chr2,32628018
ENSG00000137200.15,CMTR1,chr6,37433093
ENSG00000144130.12,NT5DC4,chr2,112721019
ENSG00000227124.14,ZNF717,chr3,75785591
ENSG00000173889.18,PHC3,chr3,170181767
ENSG00000163499.14,CRYBA2,chr2,218994269
ENSG00000254959.6,INMT-MINDY4,chr7,30752136
ENSG00000189007.18,ADAT2,chr6,143450746
ENSG00000068745.17,IP6K2,chr3,48740352
ENSG00000144452.15,ABCA12,chr2,215138625
ENSG00000127125.11,PPCS,chr1,42456116
ENSG00000124279.14,FASTKD3,chr5,7869059
ENSG00000163946.16,TASOR,chr3,56683304
ENSG00000008256.19,CYTH3,chr7,6272676
ENSG00000122696.16,SLC25A51,chr9,37904386
ENSG00000167110.21,GOLGA2,chr9,128276035
ENSG00000144857.17,BOC,chr3,113210845
ENSG00000109771.18,LRP2BP,chr4,185397291
ENSG00000189339.14,SLC35E2B,chr1,1693058
ENSG00000171094.19,ALK,chr2,29921585
ENSG00000107147.16,KCNT1,chr9,135702172
ENSG00000074276.13,CDHR2,chr5,176542510
ENSG00000138686.12,BBS7,chr4,121870501
ENSG00000196821.12,ILRUN,chr6,34696883
ENSG00000115363.16,EVA1A,chr2,75647196
ENSG00000068697.9,LAPTM4A,chr2,20052053
ENSG00000152672.9,CLEC4F,chr2,70820600
ENSG00000197323.14,TRIM33,chr1,114511243
ENSG00000234616.11,JRK,chr8,142681967
ENSG00000122641.13,INHBA,chr7,41705833
ENSG00000196228.7,SULT1C3,chr2,108239967
ENSG00000083444.19,PLOD1,chr1,11934204
ENSG00000159208.17,CIART,chr1,150282526
ENSG00000122484.11,RPAP2,chr1,92299009
ENSG00000128609.18,NDUFA5,chr7,123557903
ENSG00000173080.6,RXFP4,chr1,155941637
ENSG00000233757.8,ZNF892,chr2,95207509
ENSG00000237765.10,FAM200B,chr4,15681505
ENSG00000024526.19,DEPDC1,chr1,68497229
ENSG00000265818.1,EEF1E1-BLOC1S5,chr6,8102529
ENSG00000124788.19,ATXN1,chr6,16761490
ENSG00000173535.17,TNFRSF10C,chr8,23102920
ENSG00000174842.19,GLMN,chr1,92299008
ENSG00000203667.12,COX20,chr1,244835300
ENSG00000173145.13,NOC3L,chr10,94362981
ENSG00000135541.24,AHI1,chr6,135498433
ENSG00000228474.8,OST4,chr2,27073829
ENSG00000054148.20,PHPT1,chr9,136847993
ENSG00000073578.20,SDHA,chr5,218205
ENSG00000165702.16,GFI1B,chr9,132943999
ENSG00000128596.19,CCDC136,chr7,128790749
ENSG00000147677.14,EIF3H,chr8,116766924
ENSG00000164366.6,CCDC127,chr5,218161
ENSG00000156795.10,NTAQ1,chr8,123416719
ENSG00000144426.20,NBEAL1,chr2,203014607
ENSG00000166224.20,SGPL1,chr10,70815898
ENSG00000168152.14,THAP9,chr4,82900683
ENSG00000173406.18,DAB1,chr1,58546733
ENSG00000152332.18,UHMK1,chr1,162497250
ENSG00000115129.16,TP53I3,chr2,24085860
ENSG00000109686.23,SH3D19,chr4,151409364
ENSG00000116212.18,LRRC42,chr1,53946044
ENSG00000286001.1,ENSG00000286001,chr5,218297
ENSG00000183808.14,RBM12B,chr8,93741097
ENSG00000144848.13,ATG3,chr3,112562317
ENSG00000158286.15,RNF207,chr1,6205391
ENSG00000095951.20,HIVEP1,chr6,12008761
ENSG00000160963.16,COL26A1,chr7,101362406
ENSG00000162433.17,AK4,chr1,65146901
ENSG00000166228.11,PCBD1,chr10,70888615
ENSG00000080345.20,RIF1,chr2,151409882
ENSG00000173166.20,RAPH1,chr2,203535477
ENSG00000153006.18,SREK1IP1,chr5,64768701
ENSG00000143365.22,RORC,chr1,151831844
ENSG00000271824.2,SMIM32,chr5,136193161
ENSG00000286239.1,ENSG00000286239,chr2,223945298
ENSG00000133226.21,SRRM1,chr1,24631715
ENSG00000138442.13,WDR12,chr2,203014797
ENSG00000175879.10,HOXD8,chr2,176129327
ENSG00000177954.16,RPS27,chr1,153990748
ENSG00000115446.14,UNC50,chr2,98608173
ENSG00000257524.6,ENSG00000257524,chr9,127906021
ENSG00000163743.16,RCHY1,chr4,75514763
ENSG00000197859.13,ADAMTSL2,chr9,133532163
ENSG00000131781.15,FMO5,chr1,147243049
ENSG00000135845.12,PIGC,chr1,172444147
ENSG00000117707.19,PROX1,chr1,213982710
ENSG00000256671.8,LIMS4,chr2,110473074
ENSG00000257207.5,ENSG00000257207,chr2,110473074
ENSG00000173221.16,GLRX,chr5,95822952
ENSG00000164542.15,MATCAP2,chr7,36390124
ENSG00000154511.14,DIPK1A,chr1,92961521
ENSG00000163040.17,CCDC74A,chr2,131527674
ENSG00000233276.10,GPX1,chr3,49358604
ENSG00000131236.20,CAP1,chr1,40039734
ENSG00000164379.7,FOXQ1,chr6,1312097
ENSG00000211445.14,GPX3,chr5,151020584
ENSG00000243449.10,NICOL1,chr4,2040627
ENSG00000049540.21,ELN,chr7,74027772
ENSG00000168116.17,KIAA1586,chr6,57046524
ENSG00000115738.12,ID2,chr2,8678844
ENSG00000240583.16,AQP1,chr7,30910754
ENSG00000165055.18,METTL2B,chr7,128476728
ENSG00000116459.13,ATP5PB,chr1,111448110
ENSG00000285733.1,ENSG00000285733,chr6,169702046
ENSG00000185955.6,SPACDR,chr7,100464276
ENSG00000197969.15,VPS13A,chr9,77177402
ENSG00000143970.19,ASXL2,chr2,25878599
ENSG00000170542.9,SERPINB9,chr6,2903317
ENSG00000142684.10,ZNF593,chr1,26169891
ENSG00000157017.18,GHRL,chr3,10292958
ENSG00000117616.20,RSRP1,chr1,25338243
ENSG00000205277.12,MUC12,chr7,100969430
ENSG00000163352.6,LENEP,chr1,154993585
ENSG00000044115.23,CTNNA1,chr5,138610966
ENSG00000188396.6,DYNLT4,chr1,44807416
ENSG00000104763.22,ASAH1,chr8,18084997
ENSG00000137409.23,MTCH1,chr6,36986297
ENSG00000166317.13,SYNPO2L,chr10,73663802
ENSG00000272325.4,NUDT3,chr6,34392831
ENSG00000116691.13,MIIP,chr1,12019465
ENSG00000124532.17,MRS2,chr6,24402795
ENSG00000175707.12,KDF1,chr1,26960787
ENSG00000138660.14,AP1AR,chr4,112231362
ENSG00000181274.8,FRAT2,chr10,97334728
ENSG00000164983.11,TMEM65,chr8,124372710
ENSG00000198815.11,FOXJ3,chr1,42335912
ENSG00000143612.23,LTAP1,chr1,154220685
ENSG00000169220.20,RGS14,chr5,177357653
ENSG00000182827.11,ACBD3,chr1,226186762
ENSG00000120156.24,TEK,chr9,27109029
ENSG00000164663.17,USP49,chr6,41895394
ENSG00000128581.18,IFT22,chr7,101321830
ENSG00000105953.18,OGDH,chr7,44606495
ENSG00000152795.20,HNRNPDL,chr4,82430493
ENSG00000182177.16,ASB18,chr2,236264408
ENSG00000187922.16,LCN10,chr9,136743355
ENSG00000157343.10,ARMC12,chr6,35737027
ENSG00000172869.17,DMXL1,chr5,119037771
ENSG00000175193.16,PARL,chr3,183884932
ENSG00000118217.9,ATF6,chr1,161766242
ENSG00000158552.15,ZFAND2B,chr2,219195236
ENSG00000130940.16,CASZ1,chr1,10796657
ENSG00000187024.17,PTRH1,chr9,127724884
ENSG00000126883.21,NUP214,chr9,131124867
ENSG00000187553.10,CYP26C1,chr10,93060797
ENSG00000114948.15,ADAM23,chr2,206443368
ENSG00000155363.21,MOV10,chr1,112673140
ENSG00000284042.1,TAF11L6,chr5,17528668
ENSG00000178772.9,CPN2,chr3,194351400
ENSG00000185127.7,C6orf120,chr6,169702125
ENSG00000123505.22,AMD1,chr6,110874769
ENSG00000138709.22,LARP1B,chr4,128060637
ENSG00000171097.16,KYAT1,chr9,128882555
ENSG00000197712.14,FAM114A1,chr4,38867676
ENSG00000168395.18,ING5,chr2,241687084
ENSG00000163755.11,HPS3,chr3,149129601
ENSG00000112146.18,FBXO9,chr6,53051990
ENSG00000142910.18,TINAGL1,chr1,31576356
ENSG00000152465.20,NMT2,chr10,15168723
ENSG00000156097.13,GPR61,chr1,109539871
ENSG00000164591.16,MYOZ3,chr5,150660449
ENSG00000119401.13,TRIM32,chr9,116687297
ENSG00000163535.20,SGO2,chr2,200510007
ENSG00000198189.13,HSD17B11,chr4,87391222
ENSG00000135535.19,CD164,chr6,109382535
ENSG00000273269.3,ENSG00000273269,chr2,47176510
ENSG00000142731.13,PLK4,chr4,127880889
ENSG00000124802.14,EEF1E1,chr6,8102624
ENSG00000114316.15,USP4,chr3,49340711
ENSG00000163866.11,SMIM12,chr1,34859829
ENSG00000052802.15,MSMO1,chr4,165327659
ENSG00000170619.12,COMMD5,chr8,144854228
ENSG00000106178.9,CCL24,chr7,75823942
ENSG00000079150.20,FKBP7,chr2,178478603
ENSG00000129187.17,DCTD,chr4,182917935
ENSG00000230358.6,SPDYE21,chr7,67276940
ENSG00000127415.15,IDUA,chr4,986996
ENSG00000161204.14,ABCF3,chr3,184186094
ENSG00000128564.10,VGF,chr7,101167244
ENSG00000120616.17,EPC1,chr10,32378806
ENSG00000179403.14,VWA1,chr1,1434860
ENSG00000111802.16,TDP2,chr6,24667051
ENSG00000145743.19,FBXL17,chr5,108382362
ENSG00000144230.19,GPR17,chr2,127645863
ENSG00000133835.20,HSD17B4,chr5,119452464
ENSG00000186501.17,TMEM222,chr1,27322138
ENSG00000310592.1,ENSG00000310592,chr5,134818915
ENSG00000198833.9,UBE2J1,chr6,89353179
ENSG00000172116.25,CD8B,chr2,86861976
ENSG00000128585.20,MKLN1,chr7,131110095
ENSG00000135999.15,EPC2,chr2,148644439
ENSG00000142677.6,IL22RA1,chr1,24143300
ENSG00000135245.12,HILPDA,chr7,128455824
ENSG00000106701.15,FSD1L,chr9,105447795
ENSG00000143622.14,RIT1,chr1,155911407
ENSG00000112312.12,GMNN,chr6,24774891
ENSG00000164989.19,CCDC171,chr9,15552506
ENSG00000153015.18,CWC27,chr5,64766367
ENSG00000135070.16,ISCA1,chr9,86283101
ENSG00000197548.15,ATG7,chr3,11272308
ENSG00000206530.12,CFAP44,chr3,113441609
ENSG00000163815.8,CLEC3B,chr3,45001547
ENSG00000168137.22,SETD5,chr3,9397608
ENSG00000138398.19,PPIG,chr2,169584336
ENSG00000164062.15,APEH,chr3,49673817
ENSG00000174720.20,LARP7,chr4,112636989
ENSG00000085449.17,WDFY1,chr2,223945356
ENSG00000230124.10,ACBD6,chr1,180502953
ENSG00000118007.15,STAG1,chr3,136752463
ENSG00000182552.16,RWDD4,chr4,183659202
ENSG00000198517.12,MAFK,chr7,1530686
ENSG00000155926.16,SLA,chr8,133129215
ENSG00000169258.9,GPRIN1,chr5,176610176
ENSG00000181751.12,MACIR,chr5,103258387
ENSG00000116062.21,MSH6,chr2,47695529
ENSG00000143398.22,PIP5K1A,chr1,151197948
ENSG00000164011.20,ZNF691,chr1,42846572
ENSG00000043093.17,DCUN1D1,chr3,182985952
ENSG00000025800.15,KPNA6,chr1,32108027
ENSG00000083223.20,TUT7,chr9,86354809
ENSG00000180596.11,H2BC4,chr6,26124015
ENSG00000075790.14,BCAP29,chr7,107579956
ENSG00000078579.10,FGF20,chr8,17002351
ENSG00000136518.19,ACTL6A,chr3,179562885
ENSG00000188042.9,ARL4C,chr2,234497094
ENSG00000059588.12,TARBP1,chr1,234479196
ENSG00000160710.21,ADAR,chr1,154628012
ENSG00000144040.15,SFXN5,chr2,73075618
ENSG00000164751.17,PEX2,chr8,77001043
ENSG00000156876.11,SASS6,chr1,100132954
ENSG00000185674.12,LYG2,chr2,99255665
ENSG00000186952.17,TMEM232,chr5,110738959
ENSG00000143543.17,JTB,chr1,153978010
ENSG00000116679.19,IVNS1ABP,chr1,185317861
ENSG00000117620.17,SLC35A3,chr1,99969350
ENSG00000164778.5,EN2,chr7,155457554
ENSG00000175606.12,TMEM70,chr8,73972436
ENSG00000160808.15,MYL3,chr3,46885910
ENSG00000163344.8,PMVK,chr1,154937007
ENSG00000128606.14,LRRC17,chr7,102912940
ENSG00000086730.19,LAT2,chr7,74199651
ENSG00000115756.15,HPCAL1,chr2,10297409
ENSG00000180251.6,SLC9A4,chr2,102473219
ENSG00000156042.20,CFAP70,chr10,73358867
ENSG00000066136.23,NFYC,chr1,40691569
ENSG00000145945.9,FAM50B,chr6,3849350
ENSG00000122882.13,ECD,chr10,73169054
ENSG00000188315.9,C3orf62,chr3,49277235
ENSG00000115306.19,SPTBN1,chr2,54456265
ENSG00000144488.16,ESPNL,chr2,238100339
ENSG00000282872.2,C1orf232,chr1,26168962
ENSG00000163825.6,RTP3,chr3,46494610
ENSG00000168393.15,DTYMK,chr2,241686980
ENSG00000154582.20,ELOC,chr8,73972310
ENSG00000176601.15,MAP3K19,chr2,135047467
ENSG00000164305.22,CASP3,chr4,184650417
ENSG00000280537.2,ENSG00000280537,chr2,219170826
ENSG00000187257.18,RSBN1L,chr7,77696439
ENSG00000184163.4,C1QTNF12,chr1,1246933
ENSG00000122550.20,KLHL7,chr7,23105728
ENSG00000188986.10,NELFB,chr9,137255209
ENSG00000132466.22,ANKRD17,chr4,73259168
ENSG00000154743.21,TSEN2,chr3,12480528
ENSG00000107984.11,DKK1,chr10,52314273
ENSG00000147669.13,POLR2K,chr8,100150609
ENSG00000122376.14,SHLD2,chr10,87094005
ENSG00000124701.8,APOBEC2,chr6,41053200
ENSG00000221955.13,SLC12A8,chr3,125213228
ENSG00000138380.20,CARF,chr2,202912213
ENSG00000175787.20,ZNF169,chr9,94259279
ENSG00000185730.10,ZNF696,chr8,143289675
ENSG00000119446.16,RBM18,chr9,122264854
ENSG00000168538.18,TRAPPC11,chr4,183659266
ENSG00000122136.16,OBP2A,chr9,135545503
ENSG00000163161.16,ERCC3,chr2,127294187
ENSG00000240682.12,ISY1,chr3,129161348
ENSG00000174738.16,NR1D2,chr3,23945257
ENSG00000156509.15,FBXO43,chr8,100145825
ENSG00000115368.12,WDR75,chr2,189441428
ENSG00000163882.12,POLR2H,chr3,184360855
ENSG00000178950.20,GAK,chr4,932410
ENSG00000108187.18,PBLD,chr10,68334113
ENSG00000148677.9,ANKRD1,chr10,90921276
ENSG00000156026.17,MCU,chr10,72692087
ENSG00000138346.18,DNA2,chr10,68472120
ENSG00000213199.10,ASIC3,chr7,151048291
ENSG00000183833.18,CFAP91,chr3,119702989
ENSG00000118292.11,C1orf54,chr1,150268033
ENSG00000135828.13,RNASEL,chr1,182589271
ENSG00000291315.1,ENSG00000291315,chr3,40312085
ENSG00000147471.14,PLPBP,chr8,37762579
ENSG00000114779.22,ABHD14B,chr3,51983408
ENSG00000183625.18,CCR3,chr3,46130889
ENSG00000143552.11,NUP210L,chr1,154155115
ENSG00000105865.13,DUS4L,chr7,107563483
ENSG00000197279.7,ZNF165,chr6,28080275
ENSG00000158158.14,CNNM4,chr2,96760857
ENSG00000182600.11,SNORC,chr2,232857269
ENSG00000160145.17,KALRN,chr3,124033309
ENSG00000130338.14,TULP4,chr6,158232235
ENSG00000113812.16,ACTR8,chr3,53882201
ENSG00000156110.17,ADK,chr10,74151184
ENSG00000122483.20,CCDC18,chr1,93179757
ENSG00000184599.15,TAFA3,chr1,112718880
ENSG00000204160.14,ZDHHC18,chr1,26826667
ENSG00000145730.23,PAM,chr5,102753980
ENSG00000185681.15,MORN5,chr9,122159902
ENSG00000136807.15,CDK9,chr9,127785251
ENSG00000146067.19,FAM193B,chr5,177554600
ENSG00000115507.12,OTX1,chr2,63050056
ENSG00000169418.12,NPR1,chr1,153677964
ENSG00000167112.12,TRUB2,chr9,128322740
ENSG00000159921.22,GNE,chr9,36277041
ENSG00000117650.15,NEK2,chr1,211675662
ENSG00000113520.12,IL4,chr5,132673985
ENSG00000114786.16,ABHD14A-ACY1,chr3,51974705
ENSG00000285585.1,ENSG00000285585,chr3,119703075
ENSG00000187492.10,CDHR4,chr3,49799878
ENSG00000105879.14,CBLL1,chr7,107743072
ENSG00000137171.17,KLC4,chr6,43040776
ENSG00000084710.16,EFR3B,chr2,25042047
ENSG00000114988.14,LMAN2L,chr2,96740086
ENSG00000142937.14,RPS8,chr1,44775250
ENSG00000184220.13,CMSS1,chr3,99817822
ENSG00000183624.16,HMCES,chr3,129278440
ENSG00000124782.23,RREB1,chr6,7107417
ENSG00000107443.18,CCNJ,chr10,96043052
ENSG00000142686.9,C1orf216,chr1,35718893
ENSG00000196456.15,ZNF775,chr7,150368789
ENSG00000164048.16,ZNF589,chr3,48241051
ENSG00000075618.20,FSCN1,chr7,5592805
ENSG00000151014.8,NOCT,chr4,139015413
ENSG00000152642.13,GPD1L,chr3,32105688
ENSG00000152669.10,CCNO,chr5,55233648
ENSG00000120256.13,LRP11,chr6,149864423
ENSG00000156453.15,PCDH1,chr5,141879245
ENSG00000113569.19,NUP155,chr5,37371186
ENSG00000146463.14,ZMYM4,chr1,35268663
ENSG00000106631.10,MYL7,chr7,44143178
ENSG00000130958.15,SLC35D2,chr9,96383844
ENSG00000145050.20,MANF,chr3,51385254
ENSG00000143847.18,PPFIA4,chr1,203026469
ENSG00000165118.16,QNG1,chr9,83956985
ENSG00000284439.1,TAF11L3,chr5,17518366
ENSG00000077152.14,UBE2T,chr1,202341983
ENSG00000165322.20,ARHGAP12,chr10,31928875
ENSG00000189157.16,FAM47E,chr4,76214039
ENSG00000158163.17,DZIP1L,chr3,138115856
ENSG00000174529.7,TMEM81,chr1,205084459
ENSG00000163885.14,CFAP100,chr3,126394655
ENSG00000104756.18,KCTD9,chr8,25458475
ENSG00000162419.15,GMEB1,chr1,28668279
ENSG00000138231.15,DBR1,chr3,138174952
ENSG00000162461.10,SLC25A34,chr1,15736175
ENSG00000067606.19,PRKCZ,chr1,2050395
ENSG00000125459.20,MSTO1,chr1,155563234
ENSG00000162923.18,WDR26,chr1,224437032
ENSG00000128617.4,OPN1SW,chr7,128775793
ENSG00000135953.13,SLC67A2,chr2,102736898
ENSG00000152127.11,MGAT5,chr2,134119891
ENSG00000162267.16,ITIH3,chr3,52794449
ENSG00000138286.17,FAM149B1,chr10,73168117
ENSG00000178209.19,PLEC,chr8,143977038
ENSG00000185963.15,BICD2,chr9,92764865
ENSG00000285458.1,C4orf36,chr4,86936177
ENSG00000106803.12,SEC61B,chr9,99222063
ENSG00000146540.17,CHLSN,chr7,1138312
ENSG00000198612.13,COPS8,chr2,237085876
ENSG00000011454.20,RABGAP1,chr9,122940832
ENSG00000134186.14,PRPF38B,chr1,108692291
ENSG00000157303.13,SUSD3,chr9,93058683
ENSG00000288558.3,DUS4L-BCAP29,chr7,107563970
ENSG00000112033.16,PPARD,chr6,35342529
ENSG00000163393.15,SLC22A15,chr1,115976309
ENSG00000255054.3,ENSG00000255054,chr1,25811469
ENSG00000168397.19,ATG4B,chr2,241637203
ENSG00000122435.13,TRMT13,chr1,100133042
ENSG00000163701.21,IL17RE,chr3,9902611
ENSG00000097021.23,ACOT7,chr1,6393788
ENSG00000163874.13,ZC3H12A,chr1,37474495
ENSG00000168913.9,ENHO,chr9,34523173
ENSG00000147654.18,EBAG9,chr8,109539620
ENSG00000168894.12,RNF181,chr2,85595619
ENSG00000198756.13,COLGALT2,chr1,184037776
ENSG00000241058.5,NSUN6,chr10,18659284
ENSG00000096696.18,DSP,chr6,7541319
ENSG00000184292.7,TACSTD2,chr1,58577251
ENSG00000174796.14,THAP6,chr4,75513945
ENSG00000007866.23,TEAD3,chr6,35497867
ENSG00000114770.19,ABCC5,chr3,184018306
ENSG00000128578.12,STRIP2,chr7,129434391
ENSG00000056586.18,RC3H2,chr9,122905512
ENSG00000116478.15,HDAC1,chr1,32291918
ENSG00000117543.24,DPH5,chr1,101026116
ENSG00000198919.15,DZIP3,chr3,108589479
ENSG00000130414.15,NDUFA10,chr2,240025742
ENSG00000176532.6,PRR15,chr7,29563774
ENSG00000135521.11,LTV1,chr6,143843301
ENSG00000181817.8,LSM10,chr1,36397944
ENSG00000105926.18,PALS2,chr7,24572935
ENSG00000063978.19,RNF4,chr4,2462219
ENSG00000185261.17,KIAA0825,chr5,94618615
ENSG00000116455.15,WDR77,chr1,111449296
ENSG00000198860.16,TSEN15,chr1,184051628
ENSG00000198937.11,CCDC167,chr6,37499928
ENSG00000066185.15,ZMYND12,chr1,42456252
ENSG00000118997.15,DNAH7,chr2,196068847
ENSG00000170417.17,TMEM182,chr2,102736904
ENSG00000287856.1,ENSG00000287856,chr1,231528602
ENSG00000136918.10,WDR38,chr9,124853265
ENSG00000283761.1,ENSG00000283761,chr1,99970010
ENSG00000250673.4,REELD1,chr4,146214514
ENSG00000283765.1,ENSG00000283765,chr3,183884888
ENSG00000143384.15,MCL1,chr1,150579737
ENSG00000143199.19,ADCY10,chr1,167914214
ENSG00000129696.15,TTI2,chr8,33513184
ENSG00000136874.13,STX17,chr9,99906653
ENSG00000112419.17,PHACTR2,chr6,143536581
ENSG00000171169.10,NAIF1,chr9,128068205
ENSG00000177383.6,MAGEF1,chr3,184712072
ENSG00000187260.17,WDR86,chr7,151410726
ENSG00000172795.18,DCP2,chr5,112976701
ENSG00000183807.10,FAM162B,chr6,116765832
ENSG00000156467.12,UQCRB,chr8,96235620
ENSG00000081853.16,PCDHGA2,chr5,141338753
ENSG00000144671.11,SLC22A14,chr3,38282293
ENSG00000143768.14,LEFTY2,chr1,225941531
ENSG00000204628.14,RACK1,chr5,181248095
ENSG00000118482.14,PHF3,chr6,63635770
ENSG00000144744.20,UBA3,chr3,69080407
ENSG00000164162.16,ANAPC10,chr4,145098822
ENSG00000130717.15,UCK1,chr9,131531288
ENSG00000211460.14,TSN,chr2,121737102
ENSG00000159423.19,ALDH4A1,chr1,18902798
ENSG00000005020.15,SKAP2,chr7,26995238
ENSG00000189325.9,BNIP5,chr6,36337009
ENSG00000214022.14,REPIN1,chr7,150368066
ENSG00000105993.17,DNAJB6,chr7,157335380
ENSG00000136819.17,C9orf78,chr9,129835862
ENSG00000188786.12,MTF1,chr1,37859613
ENSG00000162585.19,FAAP20,chr1,2212719
ENSG00000106546.16,AHR,chr7,16916358
ENSG00000186314.14,PRELID2,chr5,145835378
ENSG00000162929.16,SANBR,chr2,61065870
ENSG00000196455.10,PIK3R4,chr3,130746856
ENSG00000114480.15,GBE1,chr3,81761839
ENSG00000163626.19,COX18,chr4,73069754
ENSG00000163607.20,GTPBP8,chr3,112990908
ENSG00000136826.17,KLF4,chr9,107490481
ENSG00000196505.13,GDAP2,chr1,117929661
ENSG00000131373.17,HACL1,chr3,15601882
ENSG00000185920.19,PTCH1,chr9,95517056
ENSG00000244405.10,ETV5,chr3,186110317
ENSG00000006530.20,AGK,chr7,141551277
ENSG00000148384.16,INPP5E,chr9,136439881
ENSG00000160781.19,PAQR6,chr1,156248646
ENSG00000143799.16,PARP1,chr1,226408153
ENSG00000112118.22,MCM3,chr6,52284880
ENSG00000136197.16,C7orf25,chr7,42912517
ENSG00000178338.12,ZNF354B,chr5,178859924
ENSG00000165695.12,AK8,chr9,132878776
ENSG00000165271.19,NOL6,chr9,33473929
ENSG00000009780.18,FAM76A,chr1,27725945
ENSG00000155636.18,RBM45,chr2,178112383
ENSG00000124374.11,PAIP2B,chr2,71227111
ENSG00000134107.7,BHLHE40,chr3,4978714
ENSG00000138768.17,USO1,chr4,75724521
ENSG00000133048.15,CHI3L1,chr1,203186799
ENSG00000107864.17,CPEB3,chr10,92291627
ENSG00000115947.16,ORC4,chr2,148021783
ENSG00000121966.8,CXCR4,chr2,136119176
ENSG00000107021.19,TBC1D13,chr9,128787226
ENSG00000148399.15,DPH7,chr9,137578935
ENSG00000198471.2,RTP2,chr3,187702655
ENSG00000198887.11,SMC5,chr9,70258269
ENSG00000066583.14,ISOC1,chr5,129094697
ENSG00000104760.19,FGL1,chr8,17910382
ENSG00000186918.16,ZNF395,chr8,28402700
ENSG00000243989.11,ACY1,chr3,51983046
ENSG00000107201.14,RIGI,chr9,32526347
ENSG00000115461.7,IGFBP5,chr2,216695548
ENSG00000145832.18,SLC25A48,chr5,135476912
ENSG00000171453.22,POLR1C,chr6,43509701
ENSG00000288698.1,ENSG00000288698,chr3,179604806
ENSG00000188015.12,S100A3,chr1,153550150
ENSG00000116791.16,CRYZ,chr1,74733127
ENSG00000243566.9,UPK3B,chr7,76510352
ENSG00000107779.18,BMPR1A,chr10,86755750
ENSG00000115423.20,DNAH6,chr2,84516454
ENSG00000119285.13,HEATR1,chr1,236604831
ENSG00000143373.20,ZNF687,chr1,151281501
ENSG00000214694.15,ARHGEF33,chr2,38889838
ENSG00000145014.20,TMEM44,chr3,194633688
ENSG00000030110.16,BAK1,chr6,33580304
ENSG00000143819.15,EPHX1,chr1,225810047
ENSG00000197747.11,S100A10,chr1,151993890
ENSG00000168172.11,HOOK3,chr8,42896498
ENSG00000164576.14,SAP30L,chr5,154445975
ENSG00000071189.23,SNX13,chr7,17940711
ENSG00000154447.17,SH3RF1,chr4,169271184
ENSG00000129295.12,DNAAF11,chr8,132675621
ENSG00000185009.15,AP3M1,chr10,74151054
ENSG00000165997.7,ARL5B,chr10,18659303
ENSG00000163517.17,HDAC11,chr3,13479723
ENSG00000084764.14,MAPRE3,chr2,26970399
ENSG00000147872.12,PLIN2,chr9,19149368
ENSG00000142945.15,KIF2C,chr1,44739809
ENSG00000009844.18,VTA1,chr6,142147161
ENSG00000179041.4,RRS1,chr8,66429013
ENSG00000162623.18,TYW3,chr1,74733113
ENSG00000197635.13,DPP4,chr2,162074638
ENSG00000119523.12,ALG2,chr9,99221991
ENSG00000119514.9,GALNT12,chr9,98807612
ENSG00000112874.12,NUDT12,chr5,103562816
ENSG00000163539.21,CLASP2,chr3,33718413
ENSG00000117362.15,APH1A,chr1,150269579
ENSG00000158859.12,ADAMTS4,chr1,161200508
ENSG00000196407.12,THEM5,chr1,151853711
ENSG00000090097.24,PCBP4,chr3,51974629
ENSG00000130560.11,UBAC1,chr9,135961399
ENSG00000180573.11,H2AC6,chr6,26124144
ENSG00000048545.19,GUCA1A,chr6,42173363
ENSG00000285713.1,ENSG00000285713,chr4,145098173
ENSG00000133302.15,SLF1,chr5,94618053
ENSG00000175073.9,VCPIP1,chr8,66667262
ENSG00000272031.4,ANKRD34A,chr1,145964574
ENSG00000053900.13,ANAPC4,chr4,25377209
ENSG00000107104.23,KANK1,chr9,470288
ENSG00000182795.15,C1orf116,chr1,207032820
ENSG00000256453.2,DND1,chr5,140673575
ENSG00000185189.20,NRBP2,chr8,143841108
ENSG00000065518.10,NDUFB4,chr3,120596272
ENSG00000175305.20,CCNE2,chr8,94896679
ENSG00000124357.15,NAGK,chr2,71064343
ENSG00000143851.19,PTPN7,chr1,202161587
ENSG00000158406.6,H4C8,chr6,26285637
ENSG00000077549.21,CAPZB,chr1,19485649
ENSG00000288208.1,ENSG00000288208,chr1,45491154
ENSG00000153029.18,MR1,chr1,181033373
ENSG00000145632.17,PLK2,chr5,58460138
ENSG00000144908.16,ALDH1L1,chr3,126197993
ENSG00000161217.14,PCYT1A,chr3,196287956
ENSG00000157869.18,RAB28,chr4,13484364
ENSG00000196150.16,ZNF250,chr8,144902216
ENSG00000288602.1,C8orf44-SGK3,chr8,66667595
ENSG00000148339.15,SLC25A25,chr9,128068168
ENSG00000138182.17,KIF20B,chr10,89701580
ENSG00000153561.15,RMND5A,chr2,86720052
ENSG00000048828.20,FAM120A,chr9,93451647
ENSG00000135775.16,COG2,chr1,230642439
ENSG00000119421.9,NDUFA8,chr9,122159816
ENSG00000213927.4,CCL27,chr9,34664047
ENSG00000130939.22,UBE4B,chr1,10032831
ENSG00000023228.17,NDUFS1,chr2,206159523
ENSG00000197530.15,MIB2,chr1,1615432
ENSG00000115109.16,EPB41L5,chr2,120012915
ENSG00000143545.12,RAB13,chr1,153986381
ENSG00000064703.15,DDX20,chr1,111754831
ENSG00000143033.20,MTF2,chr1,93079234
ENSG00000164933.13,SLC25A32,chr8,103415188
ENSG00000221869.6,CEBPD,chr8,47738163
ENSG00000113722.19,CDX1,chr5,150166771
ENSG00000172197.13,MBOAT1,chr6,20212779
ENSG00000178038.19,ALS2CL,chr3,46694070
ENSG00000155438.14,NIFK,chr2,121737119
ENSG00000272772.2,ENSG00000272772,chr5,134225860
ENSG00000106244.15,PDAP1,chr7,99408830
ENSG00000164056.13,SPRY1,chr4,123396753
ENSG00000266094.10,RASSF5,chr1,206507520
ENSG00000124713.8,GNMT,chr6,42960267
ENSG00000112715.26,VEGFA,chr6,43770183
ENSG00000182866.20,LCK,chr1,32251243
ENSG00000120708.18,TGFBI,chr5,136028853
ENSG00000163257.14,DCAF16,chr4,17810757
ENSG00000242252.3,BGLAP,chr1,156242153
ENSG00000163818.22,LZTFL1,chr3,45916041
ENSG00000162460.9,TMEM82,chr1,15742487
ENSG00000163900.13,TMEM41A,chr3,185499095
ENSG00000118495.23,PLAGL1,chr6,144064713
ENSG00000162517.15,PEF1,chr1,31644909
ENSG00000170802.19,FOXN2,chr2,48314330
ENSG00000162630.8,B3GALT2,chr1,193186626
ENSG00000135175.6,OCM2,chr7,97991168
ENSG00000007944.17,MYLIP,chr6,16129062
ENSG00000120242.4,IFNA8,chr9,21409116
ENSG00000071127.20,WDR1,chr4,10116987
ENSG00000174928.18,C3orf33,chr3,155806287
ENSG00000013561.20,RNF14,chr5,141958304
ENSG00000107890.19,ANKRD26,chr10,27100519
ENSG00000121851.15,POLR3GL,chr1,145957025
ENSG00000120437.11,ACAT2,chr6,159761444
ENSG00000106927.14,AMBP,chr9,114080969
ENSG00000198818.12,SFT2D1,chr6,166342609
ENSG00000106245.13,BUD31,chr7,99408609
ENSG00000133872.16,SARAF,chr8,30083330
ENSG00000078018.24,MAP2,chr2,209423987
ENSG00000270106.6,TSNAX-DISC1,chr1,231528652
ENSG00000123453.21,SARDH,chr9,133739975
ENSG00000162396.8,PARS2,chr1,54764548
ENSG00000119801.16,YPEL5,chr2,30146554
ENSG00000168487.21,BMP1,chr8,22164898
ENSG00000205302.9,SNX2,chr5,122774979
ENSG00000143190.25,POU2F1,chr1,167220854
ENSG00000172239.16,PAIP1,chr5,43557757
ENSG00000117385.18,P3H1,chr1,42767083
ENSG00000003989.20,SLC7A2,chr8,17496974
ENSG00000204149.17,AGAP6,chr10,49982189
ENSG00000164105.6,SAP30,chr4,173369968
ENSG00000142784.18,WDTC1,chr1,27233775
ENSG00000104375.19,STK3,chr8,98942826
ENSG00000064933.21,PMS1,chr2,189784061
ENSG00000172061.9,LRRC15,chr3,194369742
ENSG00000168936.14,TMEM129,chr4,1721366
ENSG00000104221.15,BRF2,chr8,37849910
ENSG00000157111.15,TMEM171,chr5,73120546
ENSG00000071243.18,ING3,chr7,120950717
ENSG00000129595.15,EPB41L4A,chr5,112419312
ENSG00000066056.17,TIE1,chr1,43300957
ENSG00000075886.12,TUBA3D,chr2,131476117
ENSG00000136697.13,IL1F10,chr2,113067969
ENSG00000152503.12,TRIM36,chr5,115180545
ENSG00000116688.20,MFN2,chr1,11980180
ENSG00000138134.14,STAMBPL1,chr10,88879362
ENSG00000183775.12,KCTD16,chr5,144170843
ENSG00000095787.28,WAC,chr10,28532492
ENSG00000115204.17,MPV17,chr2,27325679
ENSG00000164399.5,IL3,chr5,132060654
ENSG00000116539.15,ASH1L,chr1,155563161
ENSG00000107281.12,NPDC1,chr9,137046699
ENSG00000010327.12,STAB1,chr3,52495330
ENSG00000143756.13,FBXO28,chr1,224114085
ENSG00000205111.12,CDKL4,chr2,39243982
ENSG00000127947.18,PTPN12,chr7,77537064
ENSG00000178988.13,MRFAP1L1,chr4,6709922
ENSG00000135577.5,NMBR,chr6,142147121
ENSG00000145391.17,SETD7,chr4,139606698
ENSG00000158402.23,CDC25C,chr5,138338354
ENSG00000185056.11,C5orf47,chr5,173973778
ENSG00000115464.16,USP34,chr2,61471104
ENSG00000151725.14,CENPU,chr4,184734129
ENSG00000156802.15,ATAD2,chr8,123416349
ENSG00000090989.20,EXOC1,chr4,55853627
ENSG00000163131.14,CTSS,chr1,150765956
ENSG00000107742.16,SPOCK2,chr10,72089031
ENSG00000163449.13,TMEM169,chr2,216081865
ENSG00000251201.8,TMED7-TICAM2,chr5,115626160
ENSG00000146833.18,TRIM4,chr7,99919603
ENSG00000090432.9,MUL1,chr1,20508162
ENSG00000132434.12,LANCL2,chr7,55365281
ENSG00000129292.23,PHF20L1,chr8,132775310
ENSG00000186472.22,PCLO,chr7,83162929
ENSG00000177409.14,SAMD9L,chr7,93148409
ENSG00000158246.9,TENT5B,chr1,27012883
ENSG00000135341.21,MAP3K7,chr6,90587232
ENSG00000288637.1,ENSG00000288637,chr4,153152434
ENSG00000172164.16,SNTB1,chr8,120813272
ENSG00000008282.12,SYPL1,chr7,106112617
ENSG00000184434.10,LRRC19,chr9,27005708
ENSG00000162456.10,KNCN,chr1,46551646
ENSG00000189433.9,GJB4,chr1,34759739
ENSG00000293565.1,ENSG00000293565,chr1,23094375
ENSG00000076242.20,MLH1,chr3,36992833
ENSG00000020633.20,RUNX3,chr1,24965120
ENSG00000137055.17,PLAA,chr9,26947494
ENSG00000106780.11,MEGF9,chr9,120714472
ENSG00000240764.5,PCDHGC5,chr5,141489066
ENSG00000187616.6,MYMK,chr9,133528611
ENSG00000160838.16,LRRC71,chr1,156920630
ENSG00000105856.16,HBP1,chr7,107168960
ENSG00000122591.15,HYCC1,chr7,23014147
ENSG00000010803.20,SCMH1,chr1,41242323
ENSG00000120742.13,SERP1,chr3,150603227
ENSG00000114942.17,EEF1B2,chr2,206159574
ENSG00000182923.22,CEP63,chr3,134485698
ENSG00000162949.18,CAPN13,chr2,30820541
ENSG00000174004.8,NRROS,chr3,196639675
ENSG00000285641.1,ENSG00000285641,chr1,153986245
ENSG00000174579.6,MSL2,chr3,136197240
ENSG00000134308.16,YWHAQ,chr2,9639471
ENSG00000057468.7,MSH4,chr1,75796881
ENSG00000060971.21,ACAA1,chr3,38137646
ENSG00000189350.15,TOGARAM2,chr2,28956505
ENSG00000138798.15,EGF,chr4,109912877
ENSG00000160345.15,PIERCE1,chr9,135501755
ENSG00000097096.12,SYDE2,chr1,85201750
ENSG00000154781.18,CCDC174,chr3,14651745
ENSG00000121766.18,ZCCHC17,chr1,31296941
ENSG00000276302.1,ENSG00000276302,chr6,28267120
ENSG00000169499.17,PLEKHA2,chr8,38901023
ENSG00000126709.17,IFI6,chr1,27672211
ENSG00000138801.11,PAPSS1,chr4,107720394
ENSG00000164078.17,MST1R,chr3,49906129
ENSG00000105829.14,BET1,chr7,94004382
ENSG00000188037.16,CLCN1,chr7,143316110
ENSG00000196188.14,CTSE,chr1,206023916
ENSG00000096433.13,ITPR3,chr6,33620330
ENSG00000160075.14,SSU72,chr1,1574886
ENSG00000196748.12,CLPSL2,chr6,35776534
ENSG00000138036.20,DYNC2LI1,chr2,43774010
ENSG00000138031.17,ADCY3,chr2,24920298
ENSG00000204843.15,DCTN1,chr2,74392086
ENSG00000165643.13,SOHLH1,chr9,135704497
ENSG00000153093.23,ACOXL,chr2,110732523
ENSG00000111880.18,RNGTT,chr6,88963635
ENSG00000163719.22,MTMR14,chr3,9649306
ENSG00000288550.3,ENSG00000288550,chr3,9917115
ENSG00000204923.6,FBXO48,chr2,68467316
ENSG00000124787.16,RPP40,chr6,5004062
ENSG00000158716.11,DUSP23,chr1,159780930
ENSG00000165983.17,PTER,chr10,16436939
ENSG00000116016.16,EPAS1,chr2,46293666
ENSG00000065600.15,PACC1,chr1,212414922
ENSG00000138658.19,ZGRF1,chr4,112637401
ENSG00000091527.19,CDV3,chr3,133573542
ENSG00000115594.14,IL1R1,chr2,102063932
ENSG00000179091.7,CYC1,chr8,144095038
ENSG00000049883.17,PTCD2,chr5,72320317
ENSG00000171617.18,ENC1,chr5,74641423
ENSG00000115159.19,GPD2,chr2,156435289
ENSG00000136521.15,NDUFB5,chr3,179604689
ENSG00000164180.17,TMEM161B,chr5,88269475
ENSG00000170231.18,FABP6,chr5,160187362
ENSG00000175003.17,SLC22A1,chr6,160121371
ENSG00000151092.20,NGLY1,chr3,25790038
ENSG00000164163.13,ABCE1,chr4,145098247
ENSG00000116918.17,TSNAX,chr1,231528540
ENSG00000163006.14,CCDC138,chr2,108786729
ENSG00000165424.9,ZCCHC24,chr10,79445672
ENSG00000106258.18,CYP3A5,chr7,99680042
ENSG00000117222.16,RBBP5,chr1,205122262
ENSG00000106125.16,MINDY4,chr7,30771387
ENSG00000145817.19,YIPF5,chr5,144170713
ENSG00000197321.18,SVIL,chr10,29737122
ENSG00000285053.1,ENSG00000285053,chr1,235328569
ENSG00000143921.11,ABCG8,chr2,43831941
ENSG00000184661.16,CDCA2,chr8,25459198
ENSG00000134109.12,EDEM1,chr3,5187541
ENSG00000084731.17,KIF3C,chr2,25982760
ENSG00000132676.18,DAP3,chr1,155687832
ENSG00000123612.18,ACVR1C,chr2,157628895
ENSG00000163430.15,FSTL1,chr3,120596763
ENSG00000143390.20,RFX5,chr1,151347338
ENSG00000169621.13,APLF,chr2,68467560
ENSG00000055955.19,ITIH4,chr3,52831068
ENSG00000158869.13,FCER1G,chr1,161215174
ENSG00000057757.12,PITHD1,chr1,23778364
ENSG00000197557.7,IFT70A,chr2,177618741
ENSG00000113073.17,SLC4A9,chr5,140360187
ENSG00000186103.5,ARGFX,chr3,121567948
ENSG00000145214.16,DGKQ,chr4,986894
ENSG00000138375.16,SMARCAL1,chr2,216412382
ENSG00000197062.14,ZSCAN26,chr6,28267044
ENSG00000121310.19,ECHDC2,chr1,52927211
ENSG00000163702.23,IL17RC,chr3,9917039
ENSG00000147536.13,GINS4,chr8,41529210
ENSG00000163132.8,MSX1,chr4,4859664
ENSG00000118804.10,STBD1,chr4,76306274
ENSG00000255872.3,ENSG00000255872,chr9,38068686
ENSG00000114854.9,TNNC1,chr3,52454070
ENSG00000165025.17,SYK,chr9,90801578
ENSG00000175877.5,TMEM270,chr7,73861158
ENSG00000164638.13,SLC29A4,chr7,5274368
ENSG00000136930.15,PSMB7,chr9,124415475
ENSG00000163577.10,EIF5A2,chr3,170908643
ENSG00000134086.12,VHL,chr3,10141763
ENSG00000144843.14,ADPRH,chr3,119579267
ENSG00000178796.14,RIIAD1,chr1,151710432
ENSG00000143367.19,TUFT1,chr1,151540304
ENSG00000164221.15,CCDC112,chr5,115296755
ENSG00000142875.23,PRKACB,chr1,84077948
ENSG00000148175.15,STOM,chr9,121370303
ENSG00000239605.11,STPG4,chr2,47155307
ENSG00000121957.17,GPSM2,chr1,108875349
ENSG00000116171.21,SCP2,chr1,52927254
ENSG00000310608.1,ENSG00000310608,chr7,975548
ENSG00000240230.7,COX19,chr7,975548
ENSG00000136631.18,VPS45,chr1,150067278
ENSG00000172215.8,CXCR6,chr3,45940914
ENSG00000013810.23,TACC3,chr4,1712857
ENSG00000144445.19,KANSL1L,chr2,210172181
ENSG00000157978.15,LDLRAP1,chr1,25543549
ENSG00000136522.16,MRPL47,chr3,179604662
ENSG00000205238.12,SPDYE2,chr7,102551225
ENSG00000039139.11,DNAH5,chr5,14011817
ENSG00000239789.8,MRPS17,chr7,55950704
ENSG00000117640.20,MTFR1L,chr1,25818639
ENSG00000181404.19,WASHC1,chr9,73864
ENSG00000122729.21,ACO1,chr9,32384591
ENSG00000112559.17,MDFI,chr6,41636839
ENSG00000127362.2,TAS2R3,chr7,141764096
ENSG00000128683.16,GAD1,chr2,170813212
ENSG00000121578.15,B4GALT4,chr3,119240951
ENSG00000146425.13,DYNLT1,chr6,158644770
ENSG00000164051.16,CCDC51,chr3,48440455
ENSG00000184840.14,TMED9,chr5,177592173
ENSG00000213204.8,ENSG00000213204,chr6,87408011
ENSG00000272514.8,CFAP206,chr6,87407965
ENSG00000105793.18,GTPBP10,chr7,90335222
ENSG00000185420.20,SMYD3,chr1,246507322
ENSG00000268279.4,ENSG00000268279,chr3,14135216
ENSG00000132906.20,CASP9,chr1,15526533
ENSG00000123609.13,NMI,chr2,151289920
ENSG00000162390.20,ACOT11,chr1,54542256
ENSG00000050344.11,NFE2L3,chr7,26152189
ENSG00000156521.16,TYSND1,chr10,70146719
ENSG00000163374.23,YY1AP1,chr1,155689333
ENSG00000157193.20,LRP8,chr1,53328468
ENSG00000243414.8,TICAM2,chr5,115602528
ENSG00000188428.22,BLOC1S5,chr6,8064418
ENSG00000146426.21,TIAM2,chr6,154832696
ENSG00000099282.12,TSPAN15,chr10,69451149
ENSG00000151023.18,ENKUR,chr10,25062328
ENSG00000075292.22,ZNF638,chr2,71276536
ENSG00000188523.11,CFAP77,chr9,132410042
ENSG00000160862.15,AZGP1,chr7,99976073
ENSG00000080546.16,SESN1,chr6,109095096
ENSG00000162426.18,SLC45A1,chr1,8318080
ENSG00000134470.23,IL15RA,chr10,5978186
ENSG00000170385.11,SLC30A1,chr1,211579217
ENSG00000116221.17,MRPL37,chr1,54184040
ENSG00000036257.16,CUL3,chr2,224585524
ENSG00000242616.6,GNG10,chr9,111661339
ENSG00000204147.12,ASAH2B,chr10,50739317
ENSG00000129103.21,SUMF2,chr7,56064001
ENSG00000219073.8,CELA3B,chr1,21977021
ENSG00000174453.10,VWC2L,chr2,214411053
ENSG00000187815.12,ZFP69,chr1,40477232
ENSG00000276966.3,H4C5,chr6,26204609
ENSG00000134072.13,CAMK1,chr3,9770605
ENSG00000104517.15,UBR5,chr8,102412882
ENSG00000181873.15,IBA57,chr1,228165776
ENSG00000184307.19,ZDHHC23,chr3,113947705
ENSG00000138796.20,HADH,chr4,107989682
ENSG00000136244.14,IL6,chr7,22725883
ENSG00000113575.15,PPP2CA,chr5,134226218
ENSG00000163431.16,LMOD1,chr1,201946593
ENSG00000070759.19,TESK2,chr1,45491202
ENSG00000125482.15,TTF1,chr9,132406852
ENSG00000152495.13,CAMK4,chr5,111223652
ENSG00000168497.7,CAVIN2,chr2,191847252
ENSG00000134248.16,LAMTOR5,chr1,110407962
ENSG00000197753.12,LHFPL5,chr6,35797205
ENSG00000177000.15,MTHFR,chr1,11806454
ENSG00000121211.10,MND1,chr4,153344619
ENSG00000178149.19,DALRD3,chr3,49022292
ENSG00000159166.17,LAD1,chr1,201399914
ENSG00000146410.14,MTFR2,chr6,136250570
ENSG00000124602.11,UNC5CL,chr6,41039220
ENSG00000115548.19,KDM3A,chr2,86440646
ENSG00000284341.1,ENSG00000284341,chr9,136977517
ENSG00000184465.19,WDR27,chr6,169702728
ENSG00000143862.10,ARL8A,chr1,202144754
ENSG00000062650.22,WAPL,chr10,86521842
ENSG00000112576.14,CCND3,chr6,42050356
ENSG00000145103.17,ILDR1,chr3,122022281
ENSG00000115718.20,PROC,chr2,127415932
ENSG00000228570.8,NUTM2E,chr10,79826738
ENSG00000010438.17,PRSS3,chr9,33750678
ENSG00000162368.17,CMPK1,chr1,47333779
ENSG00000090273.16,NUDC,chr1,26900237
ENSG00000176402.6,GJC3,chr7,99929619
ENSG00000124535.18,WRNIP1,chr6,2765322
ENSG00000136720.8,HS6ST1,chr2,128319092
ENSG00000164944.14,VIRMA,chr8,94553528
ENSG00000147475.19,ERLIN2,chr8,37736586
ENSG00000013297.14,CLDN11,chr3,170418863
ENSG00000259040.5,BLOC1S5-TXNDC5,chr6,8064363
ENSG00000244187.10,TMEM141,chr9,136791302
ENSG00000122140.15,MRPS2,chr9,135499969
ENSG00000272968.5,RBAK-RBAKDN,chr7,4983717
ENSG00000164494.14,PDSS2,chr6,107459581
ENSG00000173692.16,PSMD1,chr2,231056844
ENSG00000160062.17,ZBTB8A,chr1,32539133
ENSG00000164674.19,SYTL3,chr6,158644386
ENSG00000175895.7,PLEKHF2,chr8,95115641
ENSG00000285218.1,ENSG00000285218,chr3,170418867
ENSG00000143207.23,COP1,chr1,176207522
ENSG00000135253.17,KCP,chr7,128910718
ENSG00000144468.19,RHBDD1,chr2,226835580
ENSG00000164151.13,ICE1,chr5,5420663
ENSG00000120254.18,MTHFD1L,chr6,150865418
ENSG00000131788.18,PIAS3,chr1,145859835
ENSG00000158517.18,NCF1,chr7,74773974
ENSG00000187866.10,PABIR1,chr9,68780064
ENSG00000272573.8,MUSTN1,chr3,52835221
ENSG00000125618.20,PAX8,chr2,113279000
ENSG00000168772.12,CXXC4,chr4,104494900
ENSG00000134108.16,ARL8B,chr3,5122230
ENSG00000163683.14,SMIM14,chr4,39639091
ENSG00000145217.16,SLC26A1,chr4,997658
ENSG00000218739.12,CEBPZOS,chr2,37191472
ENSG00000168028.17,RPSA,chr3,39406708
ENSG00000135315.14,CEP162,chr6,84227684
ENSG00000196911.14,KPNA5,chr6,116681148
ENSG00000158560.16,DYNC1I1,chr7,95772458
ENSG00000158850.17,B4GALT3,chr1,161178651
ENSG00000116031.10,CD207,chr2,70835821
ENSG00000214357.11,NEURL1B,chr5,172641229
ENSG00000083097.16,DOP1A,chr6,83067637
ENSG00000232112.5,TMA7,chr3,48440212
ENSG00000186364.14,NUDT17,chr1,145845602
ENSG00000070614.17,NDST1,chr5,150485404
ENSG00000135766.11,EGLN1,chr1,231422748
ENSG00000196367.16,TRRAP,chr7,98877932
ENSG00000138180.18,CEP55,chr10,93496576
ENSG00000112773.18,TENT5A,chr6,81752773
ENSG00000196968.12,POFUT4,chr10,73772270
ENSG00000151224.15,MAT1A,chr10,80290149
ENSG00000288614.1,ENSG00000288614,chr6,53041384
ENSG00000148429.17,USP6NL,chr10,11611806
ENSG00000235173.8,HGH1,chr8,144137773
ENSG00000106100.13,NOD1,chr7,30478913
ENSG00000169679.17,BUB1,chr2,110678097
ENSG00000137054.18,POLR1E,chr9,37481694
ENSG00000165810.19,BTNL9,chr5,181040223
ENSG00000107362.16,ABHD17B,chr9,71911239
ENSG00000188566.17,NDOR1,chr9,137205661
ENSG00000096717.14,SIRT1,chr10,67884646
ENSG00000169071.17,ROR2,chr9,91950277
ENSG00000164073.13,MFSD8,chr4,127966033
ENSG00000221818.11,EBF2,chr8,26045419
ENSG00000183137.18,CEP57L1,chr6,109095104
ENSG00000163964.19,PIGX,chr3,196639774
ENSG00000135625.10,EGR4,chr2,73293720
ENSG00000012171.22,SEMA3B,chr3,50267506
ENSG00000145757.17,SPATA9,chr5,95698710
ENSG00000162510.6,MATN1,chr1,30723584
ENSG00000168763.18,CNNM3,chr2,96816237
ENSG00000168811.9,IL12A,chr3,159988829
ENSG00000070950.12,RAD18,chr3,8963772
ENSG00000106462.14,EZH2,chr7,148884624
ENSG00000186517.15,ARHGAP30,chr1,161069969
ENSG00000121774.20,KHDRBS1,chr1,32013686
ENSG00000122068.15,FYTTD1,chr3,197737178
ENSG00000160741.19,CRTC2,chr1,153958641
ENSG00000188229.8,TUBB4B,chr9,137241277
ENSG00000153207.18,AHCTF1,chr1,246932062
ENSG00000232125.5,DYTN,chr2,206721569
ENSG00000187003.7,ACTL7A,chr9,108862265
ENSG00000155380.15,SLC16A1,chr1,112957592
ENSG00000113851.18,CRBN,chr3,3179732
ENSG00000145293.19,ENOPH1,chr4,82430356
ENSG00000145721.14,LIX1,chr5,97142845
ENSG00000054267.24,ARID4B,chr1,235328799
ENSG00000137413.18,TAF8,chr6,42050512
ENSG00000168288.15,MMADHC,chr2,149587811
ENSG00000130695.18,CEP85,chr1,26233668
ENSG00000135862.8,LAMC1,chr1,183023198
ENSG00000171735.22,CAMTA1,chr1,6785431
ENSG00000144746.9,ARL6IP5,chr3,69084784
ENSG00000280148.1,ENSG00000280148,chr6,143857317
ENSG00000183155.7,RABIF,chr1,202889226
ENSG00000114648.14,KLHL18,chr3,47282627
ENSG00000251184.1,ENSG00000251184,chr9,128941477
ENSG00000158161.18,EYA3,chr1,28088730
ENSG00000310560.3,PAXX,chr9,136992399
ENSG00000198721.15,ECI2,chr6,4135634
ENSG00000143061.20,IGSF3,chr1,116667819
ENSG00000203724.13,C1orf53,chr1,197902448
ENSG00000168874.16,ATOH8,chr2,85751343
ENSG00000160050.18,CCDC28B,chr1,32200382
ENSG00000255587.10,RAB44,chr6,36697825
ENSG00000273045.9,C2orf15,chr2,99141234
ENSG00000154814.16,OXNAD1,chr3,16265159
ENSG00000117411.20,B4GALT2,chr1,43978942
ENSG00000205639.13,MFSD2B,chr2,24009825
ENSG00000144118.16,RALB,chr2,120240049
ENSG00000112212.13,TSPO2,chr6,41039277
ENSG00000163938.19,GNL3,chr3,52681155
ENSG00000116863.13,ADPRS,chr1,36088872
ENSG00000136770.13,DNAJC1,chr10,22003768
ENSG00000187033.9,SAMD7,chr3,169911571
ENSG00000197746.17,PSAP,chr10,71851387
ENSG00000168237.20,GLYCTK,chr3,52286944
ENSG00000148358.23,GPR107,chr9,130053425
ENSG00000143420.21,ENSA,chr1,150629632
ENSG00000145012.17,LPP,chr3,188152973
ENSG00000138757.17,G3BP2,chr4,75726300
ENSG00000163017.16,ACTG2,chr2,73892231
ENSG00000127951.9,FGL2,chr7,77199883
ENSG00000163632.15,C3orf49,chr3,63819298
ENSG00000006451.10,RALA,chr7,39623444
ENSG00000187736.16,NHEJ1,chr2,219160868
ENSG00000124831.22,LRRFIP1,chr2,237627549
ENSG00000218336.11,TENM3,chr4,182143917
ENSG00000175087.12,PDIK1L,chr1,26111140
ENSG00000116729.16,WLS,chr1,68233119
ENSG00000284686.1,ENSG00000284686,chr1,56524494
ENSG00000225556.3,C2CD4D,chr1,151840556
ENSG00000198853.14,RUSC2,chr9,35489669
ENSG00000158863.24,FHIP2B,chr8,22089138
ENSG00000158079.17,PTPDC1,chr9,94030793
ENSG00000169814.20,BTD,chr3,15601340
ENSG00000155760.3,FZD7,chr2,202033854
ENSG00000136932.18,TRMO,chr9,97922569
ENSG00000121210.18,TMEM131L,chr4,153466306
ENSG00000123836.17,PFKFB2,chr1,207034365
ENSG00000049167.18,ERCC8,chr5,60945077
ENSG00000152620.15,NADK2,chr5,36242278
ENSG00000186231.19,KLHL32,chr6,96924614
ENSG00000091140.17,DLD,chr7,107891135
ENSG00000233198.5,RNF224,chr9,137226907
ENSG00000008324.14,SS18L2,chr3,42581839
ENSG00000177888.10,ZBTB41,chr1,197201448
ENSG00000117262.21,GPR89A,chr1,145607974
ENSG00000171161.15,ZNF672,chr1,248838209
ENSG00000168653.13,NDUFS5,chr1,39026317
ENSG00000106080.12,FKBP14,chr7,30026715
ENSG00000164182.14,NDUFAF2,chr5,60945116
ENSG00000156502.16,SUPV3L1,chr10,69180233
ENSG00000136935.16,GOLGA1,chr9,124948491
ENSG00000133055.12,MYBPH,chr1,203175879
ENSG00000136802.14,LRRC8A,chr9,128882119
ENSG00000162772.20,ATF3,chr1,212565333
ENSG00000112031.18,MTRF1L,chr6,153002801
ENSG00000106327.15,TFR2,chr7,100642778
ENSG00000186480.15,INSIG1,chr7,155296730
ENSG00000113649.16,TCERG1,chr5,146447310
ENSG00000173848.21,NET1,chr10,5412542
ENSG00000154813.12,DPH3,chr3,16264997
ENSG00000162613.20,FUBP1,chr1,77979526
ENSG00000197386.15,HTT,chr4,3041362
ENSG00000128534.10,LSM8,chr7,118183975
ENSG00000137080.4,IFNA21,chr9,21166659
ENSG00000239305.9,RNF103,chr2,86623899
ENSG00000180822.14,PSMG4,chr6,3231402
ENSG00000116701.18,NCF2,chr1,183593498
ENSG00000106346.14,USP42,chr7,6104754
ENSG00000134452.22,FBH1,chr10,5890163
ENSG00000285791.1,ENSG00000285791,chr8,66432485
ENSG00000148153.16,INIP,chr9,112718148
ENSG00000146707.17,POMZP3,chr7,76627287
ENSG00000122861.18,PLAU,chr10,73909176
ENSG00000168118.14,RAB4A,chr1,229271061
ENSG00000168275.17,COA6,chr1,234373437
ENSG00000188710.3,QRFP,chr9,130896811
ENSG00000175166.19,PSMD2,chr3,184299156
ENSG00000171448.11,ZBTB26,chr9,122931564
ENSG00000081059.22,TCF7,chr5,134114644
ENSG00000168268.13,NT5DC2,chr3,52535092
ENSG00000205981.11,DNAJC19,chr3,180989842
ENSG00000060656.22,PTPRU,chr1,29236499
ENSG00000117419.18,ERI3,chr1,44355266
ENSG00000058729.13,RIOK2,chr5,97183296
ENSG00000289791.1,ENSG00000289791,chr5,34008083
ENSG00000104695.15,PPP2CB,chr8,30814313
ENSG00000144583.5,MARCHF4,chr2,216372482
ENSG00000113638.16,TTC33,chr5,40755974
ENSG00000198746.15,GPATCH3,chr1,26900477
ENSG00000137225.13,CAPN11,chr6,44158810
ENSG00000310650.1,ENSG00000310650,chr8,20255278
ENSG00000156983.19,BRPF1,chr3,9731725
ENSG00000134461.18,ANKRD16,chr10,5889993
ENSG00000185875.15,THNSL1,chr10,25016573
ENSG00000169442.10,CD52,chr1,26317906
ENSG00000163263.8,CFAP141,chr1,154206351
ENSG00000214655.12,ZSWIM8,chr10,73785548
ENSG00000225828.2,FAM229A,chr1,32364277
ENSG00000205236.6,ENSG00000205236,chr7,102642868
ENSG00000122787.17,AKR1D1,chr7,138002323
ENSG00000242110.11,AMACR,chr5,34010218
ENSG00000187713.7,TMEM203,chr9,137205647
ENSG00000096080.14,MRPS18A,chr6,43687953
ENSG00000035115.24,SH3YL1,chr2,266397
ENSG00000243696.5,ENSG00000243696,chr3,52835728
ENSG00000160097.22,FNDC5,chr1,32872481
ENSG00000214944.12,ARHGEF28,chr5,73625756
ENSG00000148688.16,RPP30,chr10,90871486
ENSG00000241962.9,ENSG00000241962,chr2,99141484
ENSG00000135083.19,CCNJL,chr5,160345395
ENSG00000134686.23,PHC2,chr1,33431094
ENSG00000126107.17,HECTD3,chr1,45011368
ENSG00000122783.19,CYREN,chr7,135171018
ENSG00000144802.12,NFKBIZ,chr3,101827990
ENSG00000164008.19,C1orf50,chr1,42767244
ENSG00000115297.11,TLX2,chr2,74513462
ENSG00000164219.11,PGGT1B,chr5,115262881
ENSG00000158806.16,NPM2,chr8,22024080
ENSG00000159388.7,BTG2,chr1,203305490
ENSG00000281039.1,ENSG00000281039,chr7,30550760
ENSG00000163320.14,CGGBP1,chr3,88149884
ENSG00000183733.6,FIGLA,chr2,70790642
ENSG00000162881.7,OXER1,chr2,42764134
ENSG00000288622.1,PDCD6-AHRR,chr5,271669
ENSG00000188784.4,PLA2G2E,chr1,19923616
ENSG00000164171.13,ITGA2,chr5,52989081
ENSG00000112394.20,SLC16A10,chr6,111087444
ENSG00000116198.16,CEP104,chr1,3857722
ENSG00000158747.17,NBL1,chr1,19596978
ENSG00000146802.15,TMEM168,chr7,112790714
ENSG00000188167.10,TMPPE,chr3,33097228
ENSG00000027869.15,SH2D2A,chr1,156817013
ENSG00000165156.17,ZHX1,chr8,123275540
ENSG00000152061.25,RABGAP1L,chr1,174159338
ENSG00000155324.12,GRAMD2B,chr5,126360131
ENSG00000113368.14,LMNB1,chr5,126776622
ENSG00000171497.7,PPID,chr4,158723417
ENSG00000197273.6,GUCA2A,chr1,42164814
ENSG00000112759.21,SLC29A1,chr6,44219244
ENSG00000070882.15,OSBPL3,chr7,24981633
ENSG00000164920.12,OSR2,chr8,98940115
ENSG00000137960.8,GIPC2,chr1,77979541
ENSG00000198108.5,CHSY3,chr5,129904458
ENSG00000170777.11,TPD52L3,chr9,6328374
ENSG00000154310.19,TNIK,chr3,171460472
ENSG00000249884.8,RNF103-CHMP3,chr2,86721121
ENSG00000188338.17,SLC38A3,chr3,50202870
ENSG00000156931.19,VPS8,chr3,184812112
ENSG00000120333.6,MRPS14,chr1,175023470
ENSG00000251380.3,DCANP1,chr5,135447347
ENSG00000086015.25,MAST2,chr1,45786986
ENSG00000147576.19,ADHFE1,chr8,66432458
ENSG00000155755.21,TMEM237,chr2,201643569
ENSG00000163075.15,CFAP221,chr2,119544166
ENSG00000165698.18,SPACA9,chr9,132878026
ENSG00000118873.19,RAB3GAP2,chr1,220272528
ENSG00000143801.20,PSEN2,chr1,226870183
ENSG00000288674.1,ENSG00000288674,chr1,226870183
ENSG00000104524.16,PYCR3,chr8,143609772
ENSG00000055208.22,TAB2,chr6,149218640
ENSG00000176055.11,MBLAC2,chr5,90474785
ENSG00000119969.18,HELLS,chr10,94545328
ENSG00000144827.11,ABHD10,chr3,111978971
ENSG00000065665.23,SEC61A2,chr10,12129636
ENSG00000134852.17,CLOCK,chr4,55547490
ENSG00000144228.12,SPOPL,chr2,138494827
ENSG00000178460.20,MCMDC2,chr8,66870748
ENSG00000148346.14,LCN2,chr9,128149070
ENSG00000057019.18,DCBLD2,chr3,98901818
ENSG00000164068.18,RNF123,chr3,49688739
ENSG00000147854.20,UHRF2,chr9,6413150
ENSG00000160752.17,FDPS,chr1,155304785
ENSG00000163141.22,BNIPL,chr1,151036320
ENSG00000033178.15,UBA6,chr4,67701337
ENSG00000137100.18,DCTN3,chr9,34620528
ENSG00000097007.22,ABL1,chr9,130713042
ENSG00000182389.21,CACNB4,chr2,152099181
ENSG00000153130.20,SCOC,chr4,140257205
ENSG00000114978.20,MOB1A,chr2,74178931
ENSG00000168264.14,IRF2BP2,chr1,234610188
ENSG00000172578.13,KLHL6,chr3,183555705
ENSG00000137078.12,SIT1,chr9,35650969
ENSG00000122008.18,POLK,chr5,75511376
ENSG00000213551.9,DNAJC9,chr10,73247318
ENSG00000272896.1,ENSG00000272896,chr9,136791378
ENSG00000003509.18,NDUFAF7,chr2,37231627
ENSG00000270136.6,MICOS10-NBL1,chr1,19597066
ENSG00000164631.20,ZNF12,chr7,6706978
ENSG00000163975.16,MELTF,chr3,197029873
ENSG00000183888.5,SRARP,chr1,16004228
ENSG00000112739.19,PRP4K,chr6,4021198
ENSG00000171819.6,ANGPTL7,chr1,11189347
ENSG00000135631.19,RAB11FIP5,chr2,73156720
ENSG00000136936.13,XPA,chr9,97697407
ENSG00000104343.23,UBE2W,chr8,73878912
ENSG00000144635.11,DYNC1LI1,chr3,32570948
ENSG00000204052.7,LRRC73,chr6,43510387
ENSG00000116161.20,CACYBP,chr1,174999162
ENSG00000283580.4,ENSG00000283580,chr1,42767291
ENSG00000284820.1,ENSG00000284820,chr2,219222737
ENSG00000160678.14,S100A1,chr1,153608922
ENSG00000163710.11,PCOLCE2,chr3,142889210
ENSG00000168994.15,PXDC1,chr6,3752087
ENSG00000119139.23,TJP2,chr9,69121263
ENSG00000197622.15,CDC42SE1,chr1,151070324
ENSG00000150722.13,PPP1R1C,chr2,181954240
ENSG00000263956.10,NBPF11,chr1,148152341
ENSG00000144026.16,ZNF514,chr2,95165671
ENSG00000198113.5,TOR4A,chr9,137274853
ENSG00000253873.7,PCDHGA11,chr5,141421020
ENSG00000104472.12,CHRAC1,chr8,140511287
ENSG00000057663.18,ATG5,chr6,106326476
ENSG00000165699.18,TSC1,chr9,132946873
ENSG00000109332.22,UBE2D3,chr4,102869286
ENSG00000116685.19,KIAA2013,chr1,11926427
ENSG00000178295.17,GEN1,chr2,17753277
ENSG00000164512.19,ANKRD55,chr5,56233340
ENSG00000188352.15,FOCAD,chr9,20658304
ENSG00000164007.12,CLDN19,chr1,42740285
ENSG00000109654.18,TRIM2,chr4,153152162
ENSG00000122694.18,GLIPR2,chr9,36136416
ENSG00000113924.14,HGD,chr3,120682397
ENSG00000170891.13,CYTL1,chr4,5019486
ENSG00000106591.6,MRPL32,chr7,42932345
ENSG00000116815.18,CD58,chr1,116571060
ENSG00000285777.1,ENSG00000285777,chr1,173669836
ENSG00000115816.17,CEBPZ,chr2,37231611
ENSG00000186687.18,LYRM7,chr5,131170844
ENSG00000286112.1,KYAT1,chr9,128881930
ENSG00000031003.13,FAM13B,chr5,138051960
ENSG00000118454.15,ANKRD13C,chr1,70354746
ENSG00000008226.22,DLEC1,chr3,38039189
ENSG00000055130.20,CUL1,chr7,148697913
ENSG00000072163.22,LIMS2,chr2,127681785
ENSG00000185112.6,FAM43A,chr3,194685882
ENSG00000106034.20,CPED1,chr7,120988489
ENSG00000181788.6,SIAH2,chr3,150763495
ENSG00000137992.17,DBT,chr1,100249872
ENSG00000038002.11,AGA,chr4,177442449
ENSG00000158769.21,F11R,chr1,161023122
ENSG00000144401.16,METTL21A,chr2,207626296
ENSG00000116726.5,PRAMEF12,chr1,12773737
ENSG00000106868.19,SUSD1,chr9,112175534
ENSG00000164975.18,SNAPC3,chr9,15422660
ENSG00000171055.17,FEZ2,chr2,36646086
ENSG00000152953.15,STK32B,chr4,5051399
ENSG00000164053.24,ATRIP,chr3,48446709
ENSG00000106477.22,CEP41,chr7,130442432
ENSG00000160753.19,RUSC1,chr1,155320738
ENSG00000114745.17,GORASP1,chr3,39108368
ENSG00000168564.8,CDKN2AIP,chr4,183444627
ENSG00000143942.7,CHAC2,chr2,53767790
ENSG00000117153.18,KLHL12,chr1,202928635
ENSG00000164070.14,HSPA4L,chr4,127781820
ENSG00000148337.24,CIZ1,chr9,128204481
ENSG00000132463.17,GRSF1,chr4,70839956
ENSG00000112139.19,MDGA1,chr6,37699305
ENSG00000068885.17,IFT80,chr3,160400356
ENSG00000163041.15,H3-3A,chr1,226061570
ENSG00000146909.10,NOM1,chr7,156949705
ENSG00000173041.14,ZNF680,chr7,64563105
ENSG00000162849.17,KIF26B,chr1,245154540
ENSG00000078618.25,NRDC,chr1,51878810
ENSG00000065183.18,WDR3,chr1,117929062
ENSG00000131386.22,GALNT15,chr3,16174445
ENSG00000288702.2,UGT1A3,chr2,233729041
ENSG00000090621.17,PABPC4,chr1,39576899
ENSG00000163950.15,SLBP,chr4,1712343
ENSG00000084636.20,COL16A1,chr1,31704386
ENSG00000241563.5,CORT,chr1,10450009
ENSG00000135218.21,CD36,chr7,80369531
ENSG00000163655.18,GMPS,chr3,155870466
ENSG00000119471.17,HSDL2,chr9,112380018
ENSG00000152904.13,GGPS1,chr1,235327349
ENSG00000158467.19,AHCYL2,chr7,129225019
ENSG00000117748.12,RPA2,chr1,27914750
ENSG00000173124.15,ACSM6,chr10,95194199
ENSG00000144355.16,DLX1,chr2,172084468
ENSG00000113407.16,TARS1,chr5,33440695
ENSG00000105784.18,RUNDC3B,chr7,87627547
ENSG00000155366.19,RHOC,chr1,112707896
ENSG00000163467.14,TSACC,chr1,156337313
ENSG00000058799.17,YIPF1,chr1,53890682
ENSG00000163510.16,CWC22,chr2,180007331
ENSG00000155511.20,GRIA1,chr5,153489614
ENSG00000187980.8,PLA2G2C,chr1,20186523
ENSG00000188800.7,TMCO2,chr1,40245946
ENSG00000106588.14,PSMA2,chr7,42932222
ENSG00000188883.7,KLRG2,chr7,139483718
ENSG00000143498.20,TAF1A,chr1,222590161
ENSG00000136247.17,ZDHHC4,chr7,6577404
ENSG00000054523.22,KIF1B,chr1,10210480
ENSG00000243709.3,LEFTY1,chr1,225911381
ENSG00000155906.22,RMND1,chr6,151452180
ENSG00000163104.20,SMARCAD1,chr4,94207597
ENSG00000145390.14,USP53,chr4,119212127
ENSG00000168298.7,H1-4,chr6,26156328
ENSG00000244234.3,GMCL2,chr5,178187370
ENSG00000143727.18,ACP1,chr2,264139
ENSG00000151876.15,FBXO4,chr5,41925209
ENSG00000113732.11,ATP6V0E1,chr5,172983754
ENSG00000006652.16,IFRD1,chr7,112422886
ENSG00000116954.10,RRAGC,chr1,38859771
ENSG00000196152.11,ZNF79,chr9,127424373
ENSG00000186377.10,CYP4X1,chr1,47023592
ENSG00000164961.18,WASHC5,chr8,125091818
ENSG00000138835.25,RGS3,chr9,113444730
ENSG00000268223.8,ARL14EPL,chr5,116032245
ENSG00000115221.15,ITGB6,chr2,160271887
ENSG00000155827.14,RNF20,chr9,101533820
ENSG00000147437.12,GNRH1,chr8,25424653
ENSG00000155621.17,C9orf85,chr9,71911447
ENSG00000111911.9,HINT3,chr6,125956732
ENSG00000106086.23,PLEKHA8,chr7,30027403
ENSG00000145545.15,SRD5A1,chr5,6633289
ENSG00000158796.19,DEDD,chr1,161133279
ENSG00000170681.9,CAVIN4,chr9,100578032
ENSG00000198791.14,CNOT7,chr8,17247725
ENSG00000183831.9,ANKRD45,chr1,173669867
ENSG00000177453.9,NIM1K,chr5,43192070
ENSG00000177707.13,NECTIN3,chr3,111070070
ENSG00000164543.9,STK17A,chr7,43582757
ENSG00000112041.14,TULP1,chr6,35512940
ENSG00000146147.17,MLIP,chr6,53929981
ENSG00000172586.9,CHCHD1,chr10,73782038
ENSG00000132196.18,HSD17B7,chr1,162790521
ENSG00000111885.9,MAN1A1,chr6,119349797
ENSG00000107164.19,FUBP3,chr9,130578964
ENSG00000204138.15,PHACTR4,chr1,28369562
ENSG00000138778.16,CENPE,chr4,103198462
ENSG00000179862.7,CITED4,chr1,40862362
ENSG00000174132.11,FAM174A,chr5,100535300
ENSG00000283877.1,ENSG00000283877,chr3,46581149
ENSG00000256235.5,SMIM3,chr5,150777882
ENSG00000054179.14,ENTPD2,chr9,137054068
ENSG00000170264.15,FAM161A,chr2,61854142
ENSG00000168785.10,TSPAN5,chr4,98658712
ENSG00000128595.19,CALU,chr7,128739291
ENSG00000138678.13,GPAT3,chr4,83535618
ENSG00000127831.13,VIL1,chr2,218419082
ENSG00000121858.13,TNFSF10,chr3,172523528
ENSG00000168427.11,KLHL30,chr2,238138648
ENSG00000010017.15,RANBP9,chr6,13712088
ENSG00000160746.15,ANO10,chr3,43691593
ENSG00000274070.3,CASTOR2,chr7,74964663
ENSG00000126088.16,UROD,chr1,45010949
ENSG00000277224.3,H2BC7,chr6,26199515
ENSG00000172456.20,FGGY,chr1,59295909
ENSG00000164695.6,CHMP4C,chr8,81732447
ENSG00000158711.16,ELK4,chr1,205634519
ENSG00000144306.17,SCRN3,chr2,174395723
ENSG00000104419.18,NDRG1,chr8,133302021
ENSG00000143374.20,TARS2,chr1,150487324
ENSG00000179021.12,C3orf38,chr3,88149646
ENSG00000146729.12,NIPSNAP2,chr7,55951792
ENSG00000015568.15,RGPD5,chr2,109792757
ENSG00000114124.3,GRK7,chr3,141763407
ENSG00000169885.11,CALML6,chr1,1915080
ENSG00000196866.3,H2AC7,chr6,26199292
ENSG00000282988.2,ENSG00000282988,chr6,26199292
ENSG00000155903.16,RASA2,chr3,141486966
ENSG00000143437.23,ARNT,chr1,150876770
ENSG00000170266.17,GLB1,chr3,33097435
ENSG00000037474.17,NSUN2,chr5,6633331
ENSG00000183396.4,TMEM89,chr3,48621768
ENSG00000106299.10,WASL,chr7,123749180
ENSG00000174721.11,FGFBP3,chr10,91909505
ENSG00000205413.9,SAMD9,chr7,93118041
ENSG00000168917.11,SLC35G2,chr3,136818462
ENSG00000161267.14,BDH1,chr3,197573439
ENSG00000163362.13,INAVA,chr1,200890994
ENSG00000289346.1,ENSG00000289346,chr7,74890584
ENSG00000162402.17,USP24,chr1,55215752
ENSG00000285269.2,ENSG00000285269,chr9,96352057
ENSG00000258677.2,ENSG00000258677,chr8,73878853
ENSG00000143614.13,GATAD2B,chr1,153923359
ENSG00000169241.21,SLC50A1,chr1,155135343
ENSG00000079393.23,DUSP13B,chr10,75106498
ENSG00000158315.13,RHBDL2,chr1,38941844
ENSG00000109805.12,NCAPG,chr4,17810843
ENSG00000163159.17,VPS72,chr1,151195320
ENSG00000186577.16,SMIM29,chr6,34249112
ENSG00000183770.7,FOXL2,chr3,138947136
ENSG00000065371.19,ROPN1,chr3,123992177
ENSG00000188739.17,RBM34,chr1,235161626
ENSG00000116984.17,MTR,chr1,236795259
ENSG00000143479.19,DYRK3,chr1,206635517
ENSG00000146223.18,RPL7L1,chr6,42879601
ENSG00000117477.15,CCDC181,chr1,169460668
ENSG00000137166.20,FOXP4,chr6,41546340
ENSG00000198890.9,PRMT6,chr1,107056673
ENSG00000117281.18,CD160,chr1,145719442
ENSG00000180758.14,GPR157,chr1,9129199
ENSG00000183607.12,GKN2,chr2,68953027
ENSG00000153246.15,PLA2R1,chr2,160062905
ENSG00000153140.11,CETN3,chr5,90409792
ENSG00000147454.15,SLC25A37,chr8,23528858
ENSG00000143320.11,CRABP2,chr1,156708093
ENSG00000146281.8,PM20D2,chr6,89145998
ENSG00000107099.19,DOCK8,chr9,214675
ENSG00000143315.8,PIGM,chr1,160031989
ENSG00000204406.14,MBD5,chr2,148021010
ENSG00000164049.14,FBXW12,chr3,48372218
ENSG00000117632.25,STMN1,chr1,25908469
ENSG00000168509.22,HJV,chr1,146036745
ENSG00000117480.18,FAAH,chr1,46394264
ENSG00000107262.27,BAG1,chr9,33264719
ENSG00000170502.15,NUDT9,chr4,87422572
ENSG00000174574.18,AKIRIN1,chr1,38991253
ENSG00000117601.17,SERPINC1,chr1,173917542
ENSG00000160563.16,MED27,chr9,132079895
ENSG00000109685.21,NSD2,chr4,1870558
ENSG00000116266.13,STXBP3,chr1,108746605
ENSG00000166343.11,MSS51,chr10,73433566
ENSG00000085276.20,MECOM,chr3,169663774
ENSG00000138663.11,COPS4,chr4,83034446
ENSG00000205808.7,PLPP6,chr9,4662293
ENSG00000172469.19,MANEA,chr6,95577465
ENSG00000118491.11,ZC2HC1B,chr6,143864435
ENSG00000138750.18,NUP54,chr4,76148508
ENSG00000214402.8,LCNL1,chr9,136981903
ENSG00000137273.7,FOXF2,chr6,1389554
ENSG00000260097.3,SPDYE6,chr7,102356443
ENSG00000096070.21,BRPF3,chr6,36196005
ENSG00000117481.14,NSUN4,chr1,46340690
ENSG00000055211.16,GINM1,chr6,149566189
ENSG00000113269.16,RNF130,chr5,180072150
ENSG00000144674.21,GOLGA4,chr3,37243183
ENSG00000127952.19,STYXL1,chr7,76048808
ENSG00000187942.12,LDLRAD2,chr1,21812264
ENSG00000155975.12,VPS37A,chr8,17246895
ENSG00000117724.16,CENPF,chr1,214603171
ENSG00000143393.19,PI4KB,chr1,151328393
ENSG00000138769.13,CDKL2,chr4,75630715
ENSG00000143549.24,TPM3,chr1,154194647
ENSG00000026751.19,SLAMF7,chr1,160739056
ENSG00000077080.12,ACTL6B,chr7,100656457
ENSG00000145850.10,TIMD4,chr5,156963229
ENSG00000005483.24,KMT2E,chr7,104940942
ENSG00000183696.16,UPP1,chr7,48088597
ENSG00000026025.18,VIM,chr10,17228240
ENSG00000135040.18,NAA35,chr9,85941001
ENSG00000112200.19,ZNF451,chr6,57086843
ENSG00000288643.1,ENSG00000288643,chr5,62306205
ENSG00000293137.4,MSL3B,chr2,233868412
ENSG00000105880.8,DLX5,chr7,97024949
ENSG00000134962.9,KLB,chr4,39406895
ENSG00000068024.20,HDAC4,chr2,239401660
ENSG00000049247.15,UTS2,chr1,7853511
ENSG00000138433.18,CIRSR,chr2,174395711
ENSG00000187954.16,ZFTRAF1,chr8,144462907
ENSG00000006704.13,GTF2IRD1,chr7,74452462
ENSG00000099139.16,PCSK5,chr9,75890638
ENSG00000116406.22,EDEM3,chr1,184754906
ENSG00000003987.16,MTMR7,chr8,17413527
ENSG00000119508.19,NR4A3,chr9,99821846
ENSG00000115468.15,EFHD1,chr2,232606056
ENSG00000172331.14,BPGM,chr7,134646783
ENSG00000107263.21,RAPGEF1,chr9,131740133
ENSG00000056558.13,TRAF1,chr9,120931874
ENSG00000137124.10,ALDH1B1,chr9,38392622
ENSG00000070831.20,CDC42,chr1,22052626
ENSG00000213626.14,LBH,chr2,30231530
ENSG00000116981.6,NT5C1A,chr1,39673327
ENSG00000121039.12,RDH10,chr8,73294242
ENSG00000114735.12,HEMK1,chr3,50567894
ENSG00000179632.13,MAF1,chr8,144103111
ENSG00000095383.21,TBC1D2,chr9,98256426
ENSG00000147588.9,PMP2,chr8,81447517
ENSG00000163682.19,RPL9,chr4,39472423
ENSG00000027697.18,IFNGR1,chr6,137219448
ENSG00000104368.21,PLAT,chr8,42207708
ENSG00000272856.2,SCPPPQ1,chr4,87471049
ENSG00000004866.24,ST7,chr7,116952979
ENSG00000124508.19,BTN2A2,chr6,26383090
ENSG00000188152.14,NUTM2G,chr9,96928309
ENSG00000164306.13,PRIMPOL,chr4,184648460
ENSG00000171492.16,LRRC8D,chr1,89820972
ENSG00000256646.8,ENSG00000256646,chr7,42932213
ENSG00000166295.11,ANAPC16,chr10,72215650
ENSG00000150093.22,ITGB1,chr10,33005791
ENSG00000104522.18,GFUS,chr8,143618047
ENSG00000124783.16,SSR1,chr6,7347445
ENSG00000169717.7,ACTRT2,chr1,3021466
ENSG00000135821.20,GLUL,chr1,182392205
ENSG00000198954.11,KIFBP,chr10,68988731
ENSG00000285978.1,ENSG00000285978,chr5,178729334
ENSG00000070808.19,CAMK2A,chr5,150290323
ENSG00000112130.19,RNF8,chr6,37353969
ENSG00000272410.5,ENSG00000272410,chr3,10249371
ENSG00000147457.16,CHMP7,chr8,23243629
ENSG00000144455.16,SUMF1,chr3,4467277
ENSG00000162702.10,ZNF281,chr1,200410062
ENSG00000162891.12,IL20,chr1,206865620
ENSG00000127191.21,TRAF2,chr9,136881902
ENSG00000206262.11,FOXL2NB,chr3,138947176
ENSG00000071575.13,TRIB2,chr2,12716909
ENSG00000180667.11,YOD1,chr1,207052979
ENSG00000173846.16,PLK3,chr1,44799914
ENSG00000163590.15,PPM1L,chr3,160755525
ENSG00000162980.19,ARL5A,chr2,151828530
ENSG00000116977.21,LGALS8,chr1,236517999
ENSG00000003147.21,ICA1,chr7,8262692
ENSG00000143570.21,SLC39A1,chr1,153968666
ENSG00000179085.10,DPM3,chr1,155140594
ENSG00000236782.10,ZNF593OS,chr1,26171831
ENSG00000221843.7,SPATA31H1,chr2,27537385
ENSG00000164654.18,MIOS,chr7,7566822
ENSG00000105996.8,HOXA2,chr7,27102685
ENSG00000188672.20,RHCE,chr1,25430191
ENSG00000106328.11,FSCN3,chr7,127591408
ENSG00000146701.14,MDH2,chr7,76048036
ENSG00000124767.9,GLO1,chr6,38703177
ENSG00000130222.13,GADD45G,chr9,89604938
ENSG00000142794.21,NBPF3,chr1,21439852
ENSG00000010256.14,UQCRC1,chr3,48610975
ENSG00000113196.5,HAND1,chr5,154478355
ENSG00000131381.15,RBSN,chr3,15099162
ENSG00000122733.14,PHF24,chr9,34957607
ENSG00000163283.7,ALPP,chr2,232378723
ENSG00000006377.11,DLX6,chr7,97005552
ENSG00000115085.18,ZAP70,chr2,97713189
ENSG00000173402.15,DAG1,chr3,49468648
ENSG00000011009.14,LYPLA2,chr1,23791109
ENSG00000119231.13,SENP5,chr3,196867855
ENSG00000265763.6,ZNF488,chr10,47384330
ENSG00000185015.9,CA13,chr8,85220586
ENSG00000158019.23,BABAM2,chr2,27888666
ENSG00000025039.17,RRAGD,chr6,89412734
ENSG00000172340.17,SUCLG2,chr3,67654629
ENSG00000155729.15,KCTD18,chr2,200519783
ENSG00000171450.6,CDK5R2,chr2,218959665
ENSG00000186591.15,UBE2H,chr7,129952987
ENSG00000147439.16,BIN3,chr8,22669147
ENSG00000151612.20,ZNF827,chr4,145939035
ENSG00000197312.14,DDI2,chr1,15617415
ENSG00000182118.10,FAM89A,chr1,231040269
ENSG00000138381.11,ASNSD1,chr2,189661384
ENSG00000286053.3,ASDURF,chr2,189661384
ENSG00000109680.13,TBC1D19,chr4,26576436
ENSG00000144847.15,IGSF11,chr3,119146067
ENSG00000181904.11,C5orf24,chr5,134845679
ENSG00000253250.5,C8orf88,chr8,90985579
ENSG00000137414.9,FAM8A1,chr6,17600275
ENSG00000198380.15,GFPT1,chr2,69387312
ENSG00000188747.11,NOXA1,chr9,137422751
ENSG00000146476.13,DCPH1,chr6,151452257
ENSG00000117450.17,PRDX1,chr1,45542815
ENSG00000128699.17,ORMDL1,chr2,189784394
ENSG00000131019.13,ULBP3,chr6,150069190
ENSG00000288570.1,ENSG00000288570,chr9,130713625
ENSG00000137942.20,FNBP1L,chr1,93448049
ENSG00000230561.8,CCDC192,chr5,127703353
ENSG00000133678.16,TMEM254,chr10,80078640
ENSG00000128607.16,KLHDC10,chr7,130070533
ENSG00000142892.17,PIGK,chr1,77219507
ENSG00000135002.13,RFK,chr9,76394535
ENSG00000171243.9,SOSTDC1,chr7,16530579
ENSG00000134243.14,SORT1,chr1,109397966
ENSG00000065911.14,MTHFD2,chr2,74186171
ENSG00000175984.18,DENND2C,chr1,114670450
ENSG00000147443.15,DOK2,chr8,21913959
ENSG00000133059.20,DSTYK,chr1,205211740
ENSG00000163618.20,CADPS,chr3,62875562
ENSG00000132780.19,NASP,chr1,45583575
ENSG00000137040.11,RANBP6,chr9,6015638
ENSG00000228716.9,DHFR,chr5,80655001
ENSG00000147434.10,CHRNA6,chr8,42796391
ENSG00000173557.16,CIMIP2C,chr2,26562541
ENSG00000198049.8,AVPR1B,chr1,206117698
ENSG00000053328.11,METTL24,chr6,110358501
ENSG00000116350.20,SRSF4,chr1,29181993
ENSG00000197363.13,ZNF517,chr8,144798862
ENSG00000056736.12,IL17RB,chr3,53845672
ENSG00000083099.13,LYRM2,chr6,89638760
ENSG00000163444.14,TMEM183A,chr1,203006597
ENSG00000163625.18,WDFY3,chr4,84966923
ENSG00000078668.16,VDAC3,chr8,42391623
ENSG00000165188.15,RNF183,chr9,113303375
ENSG00000164972.15,SPMIP6,chr9,34397827
ENSG00000172771.14,EFCAB12,chr3,129428644
ENSG00000036828.19,CASR,chr3,122183664
ENSG00000178814.19,OPLAH,chr8,144064090
ENSG00000117360.15,PRPF3,chr1,150321475
ENSG00000267368.3,UPK3BL1,chr7,102642979
ENSG00000173662.22,TAS1R1,chr1,6555302
ENSG00000242950.7,ERVW-1,chr7,92477985
ENSG00000205221.15,VIT,chr2,36696678
ENSG00000109255.13,NMU,chr4,55636799
ENSG00000148334.18,PTGES2,chr9,128128461
ENSG00000261793.1,ENSG00000261793,chr9,137171983
ENSG00000112592.17,TBP,chr6,170554265
ENSG00000156831.11,NSMCE2,chr8,125091672
ENSG00000181467.5,RAP2B,chr3,153162225
ENSG00000179915.26,NRXN1,chr2,51225574
ENSG00000248487.12,ABHD14A,chr3,51971425
ENSG00000285000.1,ENSG00000285000,chr5,77030901
ENSG00000075975.19,MKRN2,chr3,12557010
ENSG00000274810.4,NPHP3-ACAD11,chr3,132722458
ENSG00000138780.17,GSTCD,chr4,105708773
ENSG00000130227.19,XPO7,chr8,21919544
ENSG00000104365.18,IKBKB,chr8,42271301
ENSG00000174307.8,PHLDA3,chr1,201469429
ENSG00000115977.23,AAK1,chr2,69674348
ENSG00000117245.15,KIF17,chr1,20718017
ENSG00000116213.18,WRAP73,chr1,3652760
ENSG00000184313.21,MROH7,chr1,54641753
ENSG00000163932.18,PRKCD,chr3,53156008
ENSG00000047249.20,ATP6V1H,chr8,53843557
ENSG00000075914.15,EXOSC7,chr3,44975240
ENSG00000131669.12,NINJ1,chr9,93134611
ENSG00000143149.15,ALDH9A1,chr1,165698598
ENSG00000144395.19,CCDC150,chr2,196639553
ENSG00000162763.4,LRRC52,chr1,165543999
ENSG00000285645.1,ENSG00000285645,chr9,35828731
ENSG00000163914.6,RHO,chr3,129528636
ENSG00000106333.15,PCOLCE,chr7,100602320
ENSG00000163913.16,IFT122,chr3,129429606
ENSG00000137094.17,DNAJB5,chr9,34989640
ENSG00000115425.16,PECR,chr2,216082954
ENSG00000205765.12,RIMOC1,chr5,41904187
ENSG00000132294.17,EFR3A,chr8,131904071
ENSG00000165476.16,REEP3,chr10,63521330
ENSG00000249915.11,PDCD6,chr5,271451
ENSG00000143387.16,CTSK,chr1,150809576
ENSG00000014123.12,UFL1,chr6,96521594
ENSG00000185863.9,TMEM210,chr9,137172055
ENSG00000283267.3,FAM237B,chr7,90321303
ENSG00000010322.18,NISCH,chr3,52455117
ENSG00000276180.3,H4C9,chr6,27139281
ENSG00000176542.11,USF3,chr3,113696666
ENSG00000118420.19,UBE3D,chr6,83065859
ENSG00000148606.17,POLR3A,chr10,78029550
ENSG00000106991.17,ENG,chr9,127855231
ENSG00000126106.15,TMEM53,chr1,44674618
ENSG00000095637.25,SORBS1,chr10,95561468
ENSG00000171320.16,ESCO2,chr8,27771948
ENSG00000145555.16,MYO10,chr5,16936316
ENSG00000157741.17,UBN2,chr7,139230355
ENSG00000114739.16,ACVR2B,chr3,38453842
ENSG00000197603.18,CPLANE1,chr5,37249409
ENSG00000171357.7,LURAP1,chr1,46203190
ENSG00000115825.13,PRKD3,chr2,37324838
ENSG00000127954.15,STEAP4,chr7,88307060
ENSG00000121864.12,ZNF639,chr3,179322855
ENSG00000068796.21,KIF2A,chr5,62305973
ENSG00000221937.4,TAS2R40,chr7,143222036
ENSG00000137285.12,TUBB2B,chr6,3231729
ENSG00000164294.16,GPX8,chr5,55160000
ENSG00000168528.14,SERINC2,chr1,31409564
ENSG00000109390.15,NDUFC1,chr4,139302563
ENSG00000178425.16,NT5DC1,chr6,116100803
ENSG00000164830.20,OXR1,chr8,106270111
ENSG00000143093.17,STRIP1,chr1,110031576
ENSG00000143515.22,ATP8B2,chr1,154325510
ENSG00000143443.11,C1orf56,chr1,151047745
ENSG00000163424.10,TEX55,chr3,119146150
ENSG00000267206.8,LCN6,chr9,136748530
ENSG00000070785.19,EIF2B3,chr1,44986721
ENSG00000124772.13,CPNE5,chr6,36840051
ENSG00000198898.18,CAPZA2,chr7,116811069
ENSG00000155275.21,TRMT44,chr4,8436139
ENSG00000172478.20,MAB21L4,chr2,240896893
ENSG00000138395.17,CDK15,chr2,201790460
ENSG00000113971.23,NPHP3,chr3,132722497
ENSG00000288677.2,HRURF,chr8,22131009
ENSG00000065135.14,GNAI3,chr1,109548581
ENSG00000256029.6,ENSG00000256029,chr1,159873052
ENSG00000145425.12,RPS3A,chr4,151099563
ENSG00000164300.20,SERINC5,chr5,80256087
ENSG00000198483.15,ANKRD35,chr1,145886087
ENSG00000135823.15,STX6,chr1,181023120
ENSG00000188313.15,PLSCR1,chr3,146544861
ENSG00000031081.13,ARHGAP31,chr3,119294030
ENSG00000146232.19,NFKBIE,chr6,44265787
ENSG00000178199.15,ZC3H12D,chr6,149485035
ENSG00000176731.14,RBIS,chr8,85220792
ENSG00000258864.1,ENSG00000258864,chr5,112827212
ENSG00000211454.16,AKR7L,chr1,19274193
ENSG00000072274.16,TFRC,chr3,196082161
ENSG00000162391.14,FAM151A,chr1,54623555
ENSG00000171227.9,TMEM37,chr2,119429900
ENSG00000019582.19,CD74,chr5,150412968
ENSG00000106069.28,CHN2,chr7,29146546
ENSG00000179023.9,KLHDC7A,chr1,18480929
ENSG00000127989.16,MTERF1,chr7,91880731
ENSG00000113369.10,ARRDC3,chr5,91383347
ENSG00000168291.15,PDHB,chr3,58434011
ENSG00000107036.14,RIC1,chr9,5628737
ENSG00000054356.16,PTPRN,chr2,219309647
ENSG00000168575.13,SLC20A2,chr8,42542529
ENSG00000205116.4,TMEM278,chr1,1425870
ENSG00000198042.13,MAK16,chr8,33484695
ENSG00000160124.11,MIX23,chr3,122383275
ENSG00000186409.20,CCDC30,chr1,42463220
ENSG00000178035.15,IMPDH2,chr3,49029451
ENSG00000127081.17,ZNF484,chr9,92878049
ENSG00000170458.17,CD14,chr5,140633710
ENSG00000177791.14,MYOZ1,chr10,73642102
ENSG00000196208.16,GREB1,chr2,11482340
ENSG00000162998.7,FRZB,chr2,182868437
ENSG00000163734.4,CXCL3,chr4,74038806
ENSG00000148450.15,MSRB2,chr10,23095477
ENSG00000196659.10,IFT70B,chr2,177552795
ENSG00000175287.21,PHYHD1,chr9,128920965
ENSG00000288644.1,ENSG00000288644,chr1,203802093
ENSG00000142327.15,RNPEPL1,chr2,240565803
ENSG00000197081.17,IGF2R,chr6,159969032
ENSG00000187642.12,PERM1,chr1,982136
ENSG00000146856.15,AGBL3,chr7,134986495
ENSG00000116809.14,ZBTB17,chr1,15976131
ENSG00000132677.15,RHBG,chr1,156369014
ENSG00000159685.13,CHCHD6,chr3,126704202
ENSG00000145241.13,CENPC,chr4,67545564
ENSG00000148158.19,SNX30,chr9,112750723
ENSG00000153147.8,SMARCA5,chr4,143513444
ENSG00000198570.9,RD3,chr1,211492489
ENSG00000104231.13,ZFAND1,chr8,81732902
ENSG00000137947.14,GTF2B,chr1,88891943
ENSG00000188822.9,CNR2,chr1,23913395
ENSG00000205403.17,CFI,chr4,109802199
ENSG00000271723.5,MROH7-TTC4,chr1,54641785
ENSG00000084734.11,GCKR,chr2,27496054
ENSG00000164466.15,SFXN1,chr5,175477061
ENSG00000163600.15,ICOS,chr2,203936756
ENSG00000173545.7,ZNF622,chr5,16465810
ENSG00000112378.13,PERP,chr6,138107847
ENSG00000274286.2,ADRA2B,chr2,96116570
ENSG00000122218.19,COPA,chr1,160343565
ENSG00000107372.15,ZFAND5,chr9,72365784
ENSG00000175893.15,ZDHHC21,chr9,14694197
ENSG00000153046.20,CDYL,chr6,4706158
ENSG00000151917.20,BEND6,chr6,56954804
ENSG00000121594.14,CD80,chr3,119580615
ENSG00000124818.17,OPN5,chr6,47781981
ENSG00000133739.18,LRRCC1,chr8,85107078
ENSG00000143458.14,GABPB2,chr1,151070513
ENSG00000236543.3,ENSG00000236543,chr9,135604344
ENSG00000215906.9,LACTBL1,chr1,22972865
ENSG00000116260.18,QSOX1,chr1,180154805
ENSG00000169026.15,SLC49A3,chr4,689547
ENSG00000170820.13,FSHR,chr2,49154526
ENSG00000096654.18,ZNF184,chr6,27473140
ENSG00000165661.19,QSOX2,chr9,136245830
ENSG00000169248.14,CXCL11,chr4,76050205
ENSG00000184374.5,COLEC10,chr8,118995451
ENSG00000148308.20,GTF3C5,chr9,133030674
ENSG00000122786.22,CALD1,chr7,134744251
ENSG00000204010.4,IFIT1B,chr10,89378049
ENSG00000197694.21,SPTAN1,chr9,128552557
ENSG00000154553.18,PDLIM3,chr4,185535668
ENSG00000114113.8,RBP2,chr3,139480766
ENSG00000146530.17,VWDE,chr7,12404032
ENSG00000204930.10,FAM221B,chr9,35828746
ENSG00000185436.14,IFNLR1,chr1,24187958
ENSG00000144566.13,RAB5A,chr3,19947067
ENSG00000183615.8,FAM167B,chr1,32247214
ENSG00000127481.16,UBR4,chr1,19210328
ENSG00000239642.7,MEIKIN,chr5,131945697
ENSG00000174371.19,EXO1,chr1,241847966
ENSG00000162734.15,PEA15,chr1,160205327
ENSG00000163848.23,ZNF148,chr3,125375841
ENSG00000071909.20,MYO3B,chr2,170178144
ENSG00000163217.4,BMP10,chr2,68871438
ENSG00000186891.15,TNFRSF18,chr1,1206813
ENSG00000136237.21,RAPGEF5,chr7,22357169
ENSG00000198520.14,ARMH1,chr1,44674691
ENSG00000005421.11,PON1,chr7,95325948
ENSG00000138758.14,SEPTIN11,chr4,76949699
ENSG00000112972.16,HMGCS1,chr5,43313511
ENSG00000068724.20,TTC7A,chr2,46915868
ENSG00000144730.21,IL17RD,chr3,57170305
ENSG00000116205.16,TCEANC2,chr1,54052866
ENSG00000235106.13,BRD3OS,chr9,134025428
ENSG00000164168.10,TMEM184C,chr4,147617373
ENSG00000184898.8,RBM43,chr2,151261869
ENSG00000170577.10,SIX2,chr2,45009519
ENSG00000128710.7,HOXD10,chr2,176108789
ENSG00000123992.23,DNPEP,chr2,219400021
ENSG00000117226.15,GBP3,chr1,89022893
ENSG00000143590.16,EFNA3,chr1,155078822
ENSG00000158062.23,UBXN11,chr1,26318362
ENSG00000286165.1,ENSG00000286165,chr2,189661518
ENSG00000196843.20,ARID5A,chr2,96536698
ENSG00000127743.7,IL17B,chr5,149404201
ENSG00000124570.23,SERPINB6,chr6,2972374
ENSG00000081307.17,UBA5,chr3,132654445
ENSG00000145194.21,ECE2,chr3,184275530
ENSG00000283683.3,MYOCOS,chr1,171600620
ENSG00000119866.23,BCL11A,chr2,60554466
ENSG00000115042.12,FAHD2A,chr2,95402685
ENSG00000180376.19,CCDC66,chr3,56557160
ENSG00000138698.17,RAP1GDS1,chr4,98260921
ENSG00000116857.19,TMEM9,chr1,201172329
ENSG00000134020.10,PEBP4,chr8,22999999
ENSG00000189195.17,BTBD8,chr1,92080304
ENSG00000226690.9,C7orf78,chr7,12469620
ENSG00000144357.20,UBR3,chr2,169827395
ENSG00000144591.22,GMPPA,chr2,219498617
ENSG00000115165.12,CYTIP,chr2,157491092
ENSG00000170085.20,SIMC1,chr5,176238363
ENSG00000168263.9,KCNV2,chr9,2717509
ENSG00000115523.19,GNLY,chr2,85685174
ENSG00000275074.4,NUDT18,chr8,22109443
ENSG00000151576.12,QTRT2,chr3,114005832
ENSG00000174695.11,TMEM167A,chr5,83077862
ENSG00000185013.18,NT5C1B,chr2,18589568
ENSG00000090263.18,MRPS33,chr7,141015285
ENSG00000128524.6,ATP6V1F,chr7,128862815
ENSG00000115252.21,PDE1A,chr2,182523358
ENSG00000112486.20,CCR6,chr6,167111789
ENSG00000186197.16,EDARADD,chr1,236348256
ENSG00000197409.9,H3C4,chr6,26197285
ENSG00000250741.6,NT5C1B-RDH14,chr2,18589563
ENSG00000287363.5,CIMIP3,chr6,42142692
ENSG00000117625.16,RCOR3,chr1,211258376
ENSG00000113384.16,GOLPH3,chr5,32174726
ENSG00000078401.9,EDN1,chr6,12287458
ENSG00000282301.4,CYP3A7-CYP3A51P,chr7,99735101
ENSG00000138030.16,KHK,chr2,27086722
ENSG00000164120.15,HPGD,chr4,174523153
ENSG00000163576.19,EFHB,chr3,19947024
ENSG00000160870.16,CYP3A7,chr7,99735195
ENSG00000143442.25,POGZ,chr1,151459510
ENSG00000115008.8,IL1A,chr2,112784499
ENSG00000272391.8,POM121C,chr7,75486357
ENSG00000153832.14,FBXO36,chr2,229922301
ENSG00000163945.21,UVSSA,chr4,1345690
ENSG00000163002.15,NUP35,chr2,183117512
ENSG00000064652.13,SNX24,chr5,122843438
ENSG00000120215.11,MLANA,chr9,5890872
ENSG00000164209.19,SLC25A46,chr5,110738135
ENSG00000158941.19,CCAR2,chr8,22604628
ENSG00000174173.8,TRMT10C,chr3,101561833
ENSG00000186160.5,CYP4Z1,chr1,47067230
ENSG00000250571.9,GLI4,chr8,143263192
ENSG00000136206.5,SPDYE1,chr7,43997896
ENSG00000106399.13,RPA3,chr7,7718606
ENSG00000145349.22,CAMK2D,chr4,113762571
ENSG00000143952.22,VPS54,chr2,64019549
ENSG00000171824.16,EXOSC10,chr1,11099906
ENSG00000163349.23,HIPK1,chr1,113929323
ENSG00000104689.12,TNFRSF10A,chr8,23225144
ENSG00000275126.2,H4C13,chr6,27873533
ENSG00000180628.17,PCGF5,chr10,91162338
ENSG00000183763.11,TRAIP,chr3,49856596
ENSG00000127472.13,PLA2G5,chr1,20028178
ENSG00000004838.16,ZMYND10,chr3,50345745
ENSG00000143919.17,CAMKMT,chr2,44361873
ENSG00000151914.23,DST,chr6,56955273
ENSG00000143951.18,WDPCP,chr2,63827842
ENSG00000117525.16,F3,chr1,94541850
ENSG00000145949.14,MYLK4,chr6,2770380
ENSG00000077147.18,TM9SF3,chr10,96587451
ENSG00000182187.5,CRYGB,chr2,208146162
ENSG00000168765.21,GSTM4,chr1,109656068
ENSG00000163286.10,ALPG,chr2,232406836
ENSG00000172493.25,AFF1,chr4,86934202
ENSG00000179165.12,PXT1,chr6,36442853
ENSG00000156170.16,NDUFAF6,chr8,94895532
ENSG00000146858.9,ZC3HAV1L,chr7,139036218
ENSG00000162244.14,RPL29,chr3,51996020
ENSG00000188931.6,CFAP126,chr1,161367884
ENSG00000116209.14,TMEM59,chr1,54053503
ENSG00000138684.9,IL21,chr4,122621065
ENSG00000120925.18,RNF170,chr8,42897308
ENSG00000137221.16,TJAP1,chr6,43477522
ENSG00000137463.7,MGARP,chr4,139280496
ENSG00000204003.8,ENSG00000204003,chr9,136748452
ENSG00000164414.21,SLC35A1,chr6,87470622
ENSG00000104660.20,LEPROTL1,chr8,30095400
ENSG00000135829.19,DHX9,chr1,182839301
ENSG00000119280.19,C1orf198,chr1,230869588
ENSG00000184345.5,IQCF2,chr3,51861614
ENSG00000178522.15,AMBN,chr4,70592255
ENSG00000163251.6,FZD5,chr2,207769913
ENSG00000131375.12,CAPN7,chr3,15206111
ENSG00000163053.13,SLC16A14,chr2,230069003
ENSG00000144278.17,GALNT13,chr2,153871397
ENSG00000169085.15,VXN,chr8,66492325
ENSG00000173302.5,GPR148,chr2,130729069
ENSG00000007001.16,UPP2,chr2,157876556
ENSG00000122547.14,EEPD1,chr7,36153074
ENSG00000135047.18,CTSL,chr9,87724050
ENSG00000143740.17,SNAP47,chr1,227728199
ENSG00000123643.16,SLC36A1,chr5,151437045
ENSG00000164181.16,ELOVL7,chr5,60844588
ENSG00000168078.12,PBK,chr8,27838081
ENSG00000050555.21,LAMC3,chr9,131008877
ENSG00000120370.15,GORAB,chr1,170531818
ENSG00000058056.12,USP13,chr3,179652729
ENSG00000165730.18,STOX1,chr10,68827198
ENSG00000157827.23,FMNL2,chr2,152335112
ENSG00000109220.13,CHIC2,chr4,54064665
ENSG00000133657.19,ATP13A3,chr3,194498363
ENSG00000167701.16,GPT,chr8,144502607
ENSG00000163681.19,SLMAP,chr3,57755449
ENSG00000187609.18,EXD3,chr9,137423910
ENSG00000183853.20,KIRREL1,chr1,157993272
ENSG00000131686.15,CA6,chr1,8945866
ENSG00000107897.22,ACBD5,chr10,27243045
ENSG00000160271.18,RALGDS,chr9,133149439
ENSG00000172037.16,LAMB2,chr3,49133117
ENSG00000117395.15,EBNA1BP2,chr1,43270935
ENSG00000107105.17,ELAVL2,chr9,23826351
ENSG00000285330.1,ENSG00000285330,chr4,109801998
ENSG00000114302.19,PRKAR2A,chr3,48847893
ENSG00000106031.9,HOXA13,chr7,27200090
ENSG00000146453.15,PNLDC1,chr6,159800248
ENSG00000145332.16,KLHL8,chr4,87240728
ENSG00000188483.8,IER5L,chr9,129178260
ENSG00000143839.17,REN,chr1,204190323
ENSG00000136689.21,IL1RN,chr2,113099314
ENSG00000131697.20,NPHP4,chr1,5993454
ENSG00000176209.14,SMIM19,chr8,42541131
ENSG00000114631.13,PODXL2,chr3,127629142
ENSG00000123545.8,NDUFAF4,chr6,96897896
ENSG00000176381.6,PRR18,chr6,166308447
ENSG00000163960.15,UBXN7,chr3,196432475
ENSG00000114982.21,KANSL3,chr2,96642786
ENSG00000181652.20,ATG9B,chr7,151024498
ENSG00000162520.17,SYNC,chr1,32703595
ENSG00000160685.16,ZBTB7B,chr1,155002542
ENSG00000137338.8,PGBD1,chr6,28281487
ENSG00000182150.22,ERCC6L2,chr9,95871263
ENSG00000116698.24,SMG7,chr1,183471870
ENSG00000148344.12,PTGES,chr9,129753077
ENSG00000030419.19,IKZF2,chr2,213152426
ENSG00000145087.16,STXBP5L,chr3,120908071
ENSG00000170122.6,FOXD4,chr9,118416
ENSG00000142789.20,CELA3A,chr1,22001656
ENSG00000239264.11,TXNDC5,chr6,7911010
ENSG00000160712.15,IL6R,chr1,154405140
ENSG00000185499.17,MUC1,chr1,155192915
ENSG00000075142.16,SRI,chr7,88226996
ENSG00000163171.10,CDC42EP3,chr2,37738467
ENSG00000188725.10,SMIM15,chr5,61163141
ENSG00000168300.16,PCMTD1,chr8,51900041
ENSG00000159176.16,CSRP1,chr1,201540141
ENSG00000168916.18,ZNF608,chr5,124748823
ENSG00000198843.15,SELENOT,chr3,150602874
ENSG00000254440.3,PBOV1,chr6,138218490
ENSG00000134247.12,PTGFRN,chr1,116909869
ENSG00000137210.16,TMEM14B,chr6,10747694
ENSG00000158186.15,MRAS,chr3,138347647
ENSG00000145839.2,IL9,chr5,135895840
ENSG00000212122.4,TSSK1B,chr5,113434988
ENSG00000198964.16,SGMS1,chr10,50625188
ENSG00000197353.5,LYPD2,chr8,142753005
ENSG00000169432.20,SCN9A,chr2,166376000
ENSG00000181458.12,TMEM45A,chr3,100492218
ENSG00000176853.18,FAM91A1,chr8,123768432
ENSG00000107738.22,VSIR,chr10,71773607
ENSG00000138078.18,PREPL,chr2,44361861
ENSG00000108231.15,LGI1,chr10,93757839
ENSG00000137392.12,CLPS,chr6,35798250
ENSG00000143013.15,LMO4,chr1,87328427
ENSG00000146839.19,ZAN,chr7,100733594
ENSG00000148459.18,PDSS1,chr10,26697440
ENSG00000090054.18,SPTLC1,chr9,92115490
ENSG00000163527.13,STT3B,chr3,31532189
ENSG00000146411.8,SLC2A12,chr6,134052659
ENSG00000178922.20,HYI,chr1,43453998
ENSG00000163376.11,KBTBD8,chr3,66998306
ENSG00000117400.19,MPL,chr1,43337807
ENSG00000255072.3,PIGY,chr4,88523775
ENSG00000135929.11,CYP27A1,chr2,218781687
ENSG00000083857.17,FAT1,chr4,186726721
ENSG00000170667.18,RASA4B,chr7,102517799
ENSG00000138385.18,SSB,chr2,169791932
ENSG00000163687.16,DNASE1L3,chr3,58214696
ENSG00000218823.2,PAPOLB,chr7,4862029
ENSG00000277149.7,TYW1B,chr7,72828259
ENSG00000090316.18,MAEA,chr4,1289838
ENSG00000198715.15,GLMP,chr1,156295698
ENSG00000091704.11,CPA1,chr7,130380338
ENSG00000004487.20,KDM1A,chr1,23019394
ENSG00000146648.23,EGFR,chr7,55018819
ENSG00000162777.19,DENND2D,chr1,111204534
ENSG00000056050.9,HPF1,chr4,169757971
ENSG00000119318.15,RAD23B,chr9,107283136
ENSG00000257315.5,ZBED6,chr1,203795622
ENSG00000121764.14,HCRTR1,chr1,31617659
ENSG00000164938.16,TP53INP1,chr8,94949399
ENSG00000118263.18,KLF7,chr2,207173855
ENSG00000162825.19,NBPF20,chr1,145425623
ENSG00000145337.6,PYURF,chr4,88523793
ENSG00000287542.1,HERC3,chr4,88523809
ENSG00000056097.18,ZFR,chr5,32444765
ENSG00000116095.13,PLEKHA3,chr2,178480346
ENSG00000198821.14,CD247,chr1,167518639
ENSG00000158156.10,XKR8,chr1,27959587
ENSG00000136235.19,GPNMB,chr7,23235966
ENSG00000134198.12,TSPAN2,chr1,115089527
ENSG00000055957.13,ITIH1,chr3,52777558
ENSG00000165171.13,METTL27,chr7,73842539
ENSG00000187944.5,C2orf66,chr2,196809354
ENSG00000270617.1,URGCP-MRPS24,chr7,43906588
ENSG00000124762.17,CDKN1A,chr6,36676440
ENSG00000142949.20,PTPRF,chr1,43525085
ENSG00000288646.1,ENSG00000288646,chr6,53065601
ENSG00000158623.15,COPG2,chr7,130668754
ENSG00000291317.3,TMEM276,chr8,144466889
ENSG00000159214.15,CCDC24,chr1,43991351
ENSG00000164597.17,COG5,chr7,107564514
ENSG00000112078.16,KCTD20,chr6,36442766
ENSG00000171604.14,CXXC5,chr5,139646374
ENSG00000232237.5,ASCL5,chr1,201127183
ENSG00000136783.12,NIPSNAP3A,chr9,104747663
ENSG00000044012.5,GUCA2B,chr1,42153399
ENSG00000172020.15,GAP43,chr3,115623291
ENSG00000275572.2,GRIFIN,chr7,2476893
ENSG00000197591.3,OR11L1,chr1,247841895
ENSG00000178021.11,TSPYL6,chr2,54256228
ENSG00000109674.6,NEIL3,chr4,177309810
ENSG00000286219.3,NOTCH2NLC,chr1,149390533
ENSG00000127946.19,HIP1,chr7,75739060
ENSG00000131233.10,GJA9,chr1,38881586
ENSG00000115556.16,PLCD4,chr2,218607854
ENSG00000196503.7,ARL9,chr4,56505208
ENSG00000119771.17,KLHL29,chr2,23385170
ENSG00000163156.14,SCNM1,chr1,151156663
ENSG00000050748.20,MAPK9,chr5,180292106
ENSG00000163737.6,PF4,chr4,73982110
ENSG00000181826.12,RELL1,chr4,37686412
ENSG00000152926.19,ZNF117,chr7,65006720
ENSG00000169991.12,IFFO2,chr1,18956675
ENSG00000249715.13,FER1L5,chr2,96642736
ENSG00000154978.15,VOPP1,chr7,55572987
ENSG00000064995.21,TAF11,chr6,34889191
ENSG00000142748.16,FCN3,chr1,27374919
ENSG00000173210.22,ABLIM3,chr5,149141361
ENSG00000187753.14,C9orf153,chr9,86259656
ENSG00000066248.17,NGEF,chr2,233013262
ENSG00000115170.18,ACVR1,chr2,157876407
ENSG00000271601.6,LIX1L,chr1,145958054
ENSG00000226887.10,ERVMER34-1,chr4,52751896
ENSG00000181090.23,EHMT1,chr9,137618900
ENSG00000243955.8,GSTA1,chr6,52804020
ENSG00000112796.12,ENPP5,chr6,46171112
ENSG00000116353.18,MECR,chr1,29230957
ENSG00000170214.6,ADRA1B,chr5,159865079
ENSG00000262543.2,SMIM28,chr6,138377904
ENSG00000134970.16,TMED7,chr5,115634829
ENSG00000119013.12,NDUFB3,chr2,201071432
ENSG00000244623.2,OR2AE1,chr7,99877032
ENSG00000107796.16,ACTA2,chr10,88991338
ENSG00000172031.9,EPHX4,chr1,92029426
ENSG00000114315.6,HES1,chr3,194136138
ENSG00000165152.11,PGAP4,chr9,101533536
ENSG00000143476.20,DTL,chr1,212035552
ENSG00000055163.23,CYFIP2,chr5,157266078
ENSG00000160801.16,PTH1R,chr3,46877705
ENSG00000128602.13,SMO,chr7,129188500
ENSG00000120992.20,LYPLA1,chr8,54102034
ENSG00000157224.18,CLDN12,chr7,90383720
ENSG00000129422.17,MTUS1,chr8,17801544
ENSG00000180432.7,CYP8B1,chr3,42875919
ENSG00000258465.8,ENSG00000258465,chr1,160285129
ENSG00000236980.10,CIMIP7,chr3,49191857
ENSG00000130449.7,ZSWIM6,chr5,61332257
ENSG00000117528.16,ABCD3,chr1,94418038
ENSG00000165185.17,KIAA1958,chr9,112486826
ENSG00000064999.18,ANKS1A,chr6,34889242
ENSG00000115648.16,MLPH,chr2,237485427
ENSG00000135932.14,CAB39,chr2,230712821
ENSG00000136738.17,STAM,chr10,17644123
ENSG00000119522.20,DENND1A,chr9,123930153
ENSG00000144550.16,CPNE9,chr3,9703690
ENSG00000204859.15,ZBTB48,chr1,6579993
ENSG00000196932.13,TMEM26,chr10,61453389
ENSG00000074966.14,TXK,chr4,48134264
ENSG00000213462.6,ERV3-1,chr7,65006742
ENSG00000064225.15,ST3GAL6,chr3,98732174
ENSG00000109458.12,GAB1,chr4,143336149
ENSG00000005436.16,GCFC2,chr2,75711183
ENSG00000172059.13,KLF11,chr2,10042848
ENSG00000104320.17,NBN,chr8,90003227
ENSG00000113302.7,IL12B,chr5,159330862
ENSG00000170498.12,KISS1,chr1,204196637
ENSG00000165097.18,KDM1B,chr6,18155292
ENSG00000152422.18,XRCC4,chr5,83077497
ENSG00000173950.17,XXYLT1,chr3,195271175
ENSG00000251349.3,MSANTD3-TMEFF1,chr9,100442270
ENSG00000250719.3,P3R3URF,chr1,46176487
ENSG00000278139.1,P3R3URF-PIK3R3,chr1,46176487
ENSG00000116299.19,ELAPOR1,chr1,109113174
ENSG00000188763.5,FZD9,chr7,73433777
ENSG00000105810.12,CDK6,chr7,92837003
ENSG00000164603.14,SAMTOR,chr7,112939886
ENSG00000004534.17,RBM6,chr3,49940006
ENSG00000116754.16,SRSF11,chr1,70205669
ENSG00000174567.10,GOLT1A,chr1,204214120
ENSG00000157014.12,TATDN2,chr3,10248022
ENSG00000130997.17,POLN,chr4,2242137
ENSG00000035499.15,DEPDC1B,chr5,60700198
ENSG00000182613.3,OR2V2,chr5,181147585
ENSG00000183826.21,BTBD9,chr6,38640171
ENSG00000170248.17,PDCD6IP,chr3,33798317
ENSG00000057608.20,GDI2,chr10,5842131
ENSG00000253846.4,PCDHGA10,chr5,141412980
ENSG00000169583.15,CLIC3,chr9,136996728
ENSG00000206549.13,ENSG00000206549,chr3,46812573
ENSG00000163812.18,ZDHHC3,chr3,44976281
ENSG00000157985.21,AGAP1,chr2,235494025
ENSG00000258881.6,ENSG00000258881,chr2,70995335
ENSG00000145192.15,AHSG,chr3,186612775
ENSG00000196584.5,XRCC2,chr7,152676200
ENSG00000107625.16,DDX50,chr10,68901198
ENSG00000163382.15,NAXE,chr1,156591737
ENSG00000205858.10,LRRC72,chr7,16526824
ENSG00000145908.15,ZNF300,chr5,150904986
ENSG00000155100.13,OTUD6B,chr8,91070195
ENSG00000092850.14,TEKT2,chr1,36084079
ENSG00000182197.14,EXT1,chr8,118111898
ENSG00000066557.8,LRRC40,chr1,70205664
ENSG00000131732.14,ZCCHC9,chr5,81301579
ENSG00000196639.9,HRH1,chr3,11137092
ENSG00000196275.18,GTF2IRD2,chr7,74852470
ENSG00000175697.13,GPR156,chr3,120285425
ENSG00000137270.12,GCM1,chr6,53148840
ENSG00000106236.6,NPTX2,chr7,98617253
ENSG00000197070.16,ARRDC1,chr9,137605618
ENSG00000106686.20,SPATA6L,chr9,4666673
ENSG00000198642.9,KLHL9,chr9,21335403
ENSG00000164037.19,SLC9B1,chr4,103019792
ENSG00000054118.17,THRAP3,chr1,36224391
ENSG00000113318.13,MSH3,chr5,80654612
ENSG00000143493.15,INTS7,chr1,212035571
ENSG00000060762.22,MPC1,chr6,166383001
ENSG00000164867.13,NOS3,chr7,150991016
ENSG00000262576.4,PCDHGA4,chr5,141355003
ENSG00000284956.1,ENSG00000284956,chr8,23084402
ENSG00000289685.2,ENSG00000289685,chr2,95165390
ENSG00000136982.8,DSCC1,chr8,119856021
ENSG00000158710.17,TAGLN2,chr1,159925545
ENSG00000288678.2,ENSG00000288678,chr1,31938009
ENSG00000168273.10,UQCC5,chr3,52533949
ENSG00000114023.17,FAM162A,chr3,122384160
ENSG00000106617.18,PRKAG2,chr7,151877562
ENSG00000068878.17,PSME4,chr2,53971039
ENSG00000058673.18,ZC3H11A,chr1,203795561
ENSG00000164002.14,EXO5,chr1,40508440
ENSG00000185662.12,SMIM23,chr5,171782431
ENSG00000185697.19,MYBL1,chr8,66614246
ENSG00000164924.20,YWHAZ,chr8,100953396
ENSG00000156574.11,NODAL,chr10,70447950
ENSG00000105875.17,WDR91,chr7,135211556
ENSG00000136542.11,GALNT5,chr2,157257496
ENSG00000274944.4,ENSG00000274944,chr1,38881616
ENSG00000171603.20,CLSTN1,chr1,9823992
ENSG00000164111.17,ANXA5,chr4,121697329
ENSG00000009790.17,TRAF3IP3,chr1,209755572
ENSG00000109794.16,FAM149A,chr4,186104418
ENSG00000078269.16,SYNJ2,chr6,157981823
ENSG00000132915.14,PDE6A,chr5,149945286
ENSG00000290180.1,ENSG00000290180,chr4,2512476
ENSG00000181004.11,BBS12,chr4,122732652
ENSG00000151577.14,DRD3,chr3,114199406
ENSG00000214367.11,HAUS3,chr4,2242189
ENSG00000270149.5,ENSG00000270149,chr1,161038961
ENSG00000160360.14,GPSM1,chr9,136327424
ENSG00000287839.3,ENSG00000287839,chr1,155648639
ENSG00000184731.7,FAM110C,chr2,47083
ENSG00000196754.15,S100A2,chr1,153586675
ENSG00000169291.12,SHE,chr1,154502865
ENSG00000188060.9,RAB42,chr1,28592199
ENSG00000112812.18,PRSS16,chr6,27247700
ENSG00000065029.17,ZNF76,chr6,35258908
ENSG00000203705.13,TATDN3,chr1,212791827
ENSG00000108064.13,TFAM,chr10,58385344
ENSG00000182010.13,RTKN2,chr10,62268899
ENSG00000227868.8,TEX46,chr1,23019099
ENSG00000137145.23,DENND4C,chr9,19230434
ENSG00000253313.8,C1orf210,chr1,43285907
ENSG00000085982.18,USP40,chr2,233566782
ENSG00000188996.5,HUS1B,chr6,657099
ENSG00000177679.17,SRRM3,chr7,76201863
ENSG00000143252.19,SDHC,chr1,161314351
ENSG00000205838.16,TTC23L,chr5,34838832
ENSG00000081277.14,PKP1,chr1,201283451
ENSG00000106483.14,SFRP4,chr7,38025694
ENSG00000150628.8,SPATA4,chr4,176195584
ENSG00000275111.7,ZNF2,chr2,95165431
ENSG00000171793.19,CTPS1,chr1,40979299
ENSG00000170364.15,SETMAR,chr3,4303303
ENSG00000162894.14,FCMR,chr1,206923246
ENSG00000170178.7,HOXD12,chr2,176099794
ENSG00000105851.12,PIK3CG,chr7,106865277
ENSG00000178172.7,SPINK6,chr5,148202793
ENSG00000112655.18,PTK7,chr6,43076255
ENSG00000168828.6,OR13J1,chr9,35870400
ENSG00000117174.13,ZNHIT6,chr1,85708432
ENSG00000167702.15,KIFC2,chr8,144465939
ENSG00000272297.2,ENSG00000272297,chr4,186555327
ENSG00000197763.21,TXNRD3,chr3,126655148
ENSG00000146243.15,IRAK1BP1,chr6,78867481
ENSG00000253368.6,TRNP1,chr1,26993648
ENSG00000104325.9,DECR1,chr8,90001329
ENSG00000276600.7,RAB7B,chr1,206003543
ENSG00000143595.15,AQP10,chr1,154321089
ENSG00000180697.9,C3orf22,chr3,126558964
ENSG00000150540.16,HNMT,chr2,137963987
ENSG00000171566.14,PLRG1,chr4,154550414
ENSG00000122188.15,LAX1,chr1,203765168
ENSG00000125538.13,IL1B,chr2,112864234
ENSG00000109475.20,RPL34,chr4,108620507
ENSG00000119321.12,FKBP15,chr9,113221457
ENSG00000289653.1,ENSG00000289653,chr8,102863859
ENSG00000198961.13,PJA2,chr5,109410033
ENSG00000035928.19,RFC1,chr4,39366399
ENSG00000189056.16,RELN,chr7,103989668
ENSG00000012660.16,ELOVL5,chr6,53349178
ENSG00000170128.5,GPR25,chr1,200872980
ENSG00000265491.7,RNF115,chr1,145824133
ENSG00000163154.8,TNFAIP8L2,chr1,151156620
ENSG00000161904.15,LEMD2,chr6,33789172
ENSG00000137216.21,TMEM63B,chr6,44126613
ENSG00000259305.6,ZHX1-C8orf76,chr8,123274283
ENSG00000170234.15,PWWP2A,chr5,160119477
ENSG00000081985.16,IL12RB2,chr1,67307363
ENSG00000067533.8,RRP15,chr1,218285260
ENSG00000151882.12,CCL28,chr5,43412391
ENSG00000211452.13,DIO1,chr1,53891238
ENSG00000118242.18,MREG,chr2,216034095
ENSG00000113838.15,TBCCD1,chr3,186570542
ENSG00000131459.15,GFPT2,chr5,180353358
ENSG00000162813.20,BPNT1,chr1,220119266
ENSG00000142657.23,PGD,chr1,10398591
ENSG00000189376.14,C8orf76,chr8,123241411
ENSG00000115641.21,FHL2,chr2,105438584
ENSG00000117682.20,DHDDS,chr1,26432272
ENSG00000143376.16,SNX27,chr1,151611984
ENSG00000112425.17,EPM2A,chr6,145736022
ENSG00000151458.14,ANKRD50,chr4,124712766
ENSG00000078900.18,TP73,chr1,3652306
ENSG00000160688.21,FLAD1,chr1,154983310
ENSG00000180264.13,ADGRD2,chr9,124450443
ENSG00000088543.17,C3orf18,chr3,50573567
ENSG00000188981.11,MSANTD1,chr4,3244368
ENSG00000206562.14,METTL6,chr3,15440565
ENSG00000183876.10,ARSI,chr5,150339306
ENSG00000058668.18,ATP2B4,chr1,203626663
ENSG00000183423.14,LRIT3,chr4,109846012
ENSG00000253457.6,SMIM18,chr8,30638558
ENSG00000163389.14,POGLUT1,chr3,119468790
ENSG00000158292.9,GPR153,chr1,6261103
ENSG00000174953.16,DHX36,chr3,154324990
ENSG00000175137.13,SH3BP5L,chr1,248826521
ENSG00000138101.22,DTNB,chr2,25673716
ENSG00000095203.17,EPB41L4B,chr9,109321067
ENSG00000196542.11,SPTSSB,chr3,161372940
ENSG00000143127.15,ITGA10,chr1,145910110
ENSG00000119328.14,ABITRAM,chr9,108934129
ENSG00000186141.12,POLR3C,chr1,145823775
ENSG00000196233.16,LCOR,chr10,96831802
ENSG00000144061.16,NPHP1,chr2,110205070
ENSG00000239779.9,WBP1,chr2,74458262
ENSG00000187091.16,PLCD1,chr3,38029679
ENSG00000163817.19,SLC6A20,chr3,45796653
ENSG00000163806.17,SPDYA,chr2,28782516
ENSG00000164125.18,GASK1B,chr4,158174248
ENSG00000156804.9,FBXO32,chr8,123541272
ENSG00000291303.1,ENSG00000291303,chr9,131430128
ENSG00000243725.9,TTC4,chr1,54715817
ENSG00000118473.25,SGIP1,chr1,66533266
ENSG00000289763.1,ENSG00000289763,chr3,10249041
ENSG00000081248.14,CACNA1S,chr1,201112463
ENSG00000143382.18,ADAMTSL4,chr1,150549368
ENSG00000168505.8,GBX2,chr2,236168394
ENSG00000215845.13,TSTD1,chr1,161039117
ENSG00000273331.1,TM4SF19-DYNLT2B,chr3,196338372
ENSG00000137364.7,TPMT,chr6,18155347
ENSG00000204334.9,ERICH2,chr2,170766877
ENSG00000086619.16,ERO1B,chr1,236282018
ENSG00000163872.18,YEATS2,chr3,183697747
ENSG00000171421.15,MRPL36,chr5,1802028
ENSG00000137601.20,NEK1,chr4,169612645
ENSG00000162733.21,DDR2,chr1,162630856
ENSG00000215788.13,TNFRSF25,chr1,6466189
ENSG00000117151.15,CTBS,chr1,84574483
ENSG00000113296.16,THBS4,chr5,79991310
ENSG00000155749.14,FLACC1,chr2,201357397
ENSG00000162571.16,TTLL10,chr1,1173879
ENSG00000145016.19,RUBCN,chr3,197749726
ENSG00000186583.13,SPATC1,chr8,144012274
ENSG00000274570.6,SPDYE10,chr7,73155430
ENSG00000116663.13,FBXO6,chr1,11664140
ENSG00000138483.3,CCDC54,chr3,107377438
ENSG00000115944.17,COX7A2L,chr2,42425087
ENSG00000144834.16,TAGLN3,chr3,111998734
ENSG00000117569.22,PTBP2,chr1,96721283
ENSG00000116199.14,FAM20B,chr1,179025803
ENSG00000123454.14,DBH,chr9,133634455
ENSG00000115896.18,PLCL1,chr2,197804540
ENSG00000162755.16,KLHDC9,chr1,161098342
ENSG00000186106.13,ANKRD46,chr8,100559788
ENSG00000213366.15,GSTM2,chr1,109667347
ENSG00000178177.19,LCORL,chr4,18021992
ENSG00000115526.13,CHST10,chr2,100417825
ENSG00000143156.16,NME7,chr1,169367974
ENSG00000188738.17,FSIP2,chr2,185738787
ENSG00000188112.10,C6orf132,chr6,42142619
ENSG00000159658.16,EFCAB14,chr1,46719145
ENSG00000178445.12,GLDC,chr9,6645733
ENSG00000198315.13,ZKSCAN8,chr6,28141731
ENSG00000163399.18,ATP1A1,chr1,116372667
ENSG00000091428.20,RAPGEF4,chr2,172735273
ENSG00000155744.12,HYCC2,chr2,201071699
ENSG00000104312.10,RIPK2,chr8,89757732
ENSG00000197329.14,PELI1,chr2,64144472
ENSG00000180871.10,CXCR2,chr2,218125268
ENSG00000132467.4,UTP3,chr4,70688531
ENSG00000144043.14,TEX261,chr2,70994872
ENSG00000162378.15,ZYG11B,chr1,52726389
ENSG00000005059.18,MCUB,chr4,109560208
ENSG00000086065.16,CHMP5,chr9,33264016
ENSG00000154767.18,XPC,chr3,14178766
ENSG00000114904.15,NEK4,chr3,52770972
ENSG00000181744.10,DIPK2A,chr3,143971815
ENSG00000240891.9,PLCXD2,chr3,111674654
ENSG00000203985.13,LDLRAD1,chr1,54018193
ENSG00000159374.20,M1AP,chr2,74648349
ENSG00000145740.22,SLC30A5,chr5,69093916
ENSG00000094975.16,SUCO,chr1,172532348
ENSG00000143751.12,SDE2,chr1,225999384
ENSG00000196189.16,SEMA4A,chr1,156147365
ENSG00000126870.18,DYNC2I1,chr7,158856545
ENSG00000197472.16,ZNF695,chr1,247008092
ENSG00000013288.11,MAN2B2,chr4,6575129
ENSG00000116852.16,KIF21B,chr1,201023725
ENSG00000179902.15,CFAP276,chr1,109113856
ENSG00000125571.12,IL37,chr2,112911159
ENSG00000158864.15,NDUFS2,chr1,161197103
ENSG00000172262.14,ZNF131,chr5,43065175
ENSG00000137440.7,FGFBP1,chr4,15948426
ENSG00000260428.5,SCX,chr8,144266445
ENSG00000129691.18,ASH2L,chr8,38105492
ENSG00000148180.24,GSN,chr9,121201323
ENSG00000064886.16,CHI3L2,chr1,111200770
ENSG00000165066.13,NKX6-3,chr8,41650816
ENSG00000105948.15,IFT56,chr7,139133743
ENSG00000114841.18,DNAH1,chr3,52316318
ENSG00000109572.18,CLCN3,chr4,169612437
ENSG00000120162.12,MOB3B,chr9,27529828
ENSG00000148082.11,SHC3,chr9,89180069
ENSG00000136213.12,CHST12,chr7,2403441
ENSG00000049089.17,COL9A2,chr1,40317812
ENSG00000107951.17,MTPAP,chr10,30374447
ENSG00000198917.15,SPOUT1,chr9,128829837
ENSG00000136560.16,TANK,chr2,161136907
ENSG00000136933.19,RABEPK,chr9,125189185
ENSG00000155545.22,MIER3,chr5,56971674
ENSG00000145287.14,PLAC8,chr4,83137074
ENSG00000177034.19,MTX3,chr5,79991269
ENSG00000125551.21,PLGLB2,chr2,87748084
ENSG00000188921.16,HACD4,chr9,21031651
ENSG00000169914.8,OTUD3,chr1,19882367
ENSG00000134986.16,NREP,chr5,111997463
ENSG00000117479.17,SLC19A2,chr1,169485987
ENSG00000112379.11,ARFGEF3,chr6,138161691
ENSG00000157119.14,KLHL40,chr3,42685446
ENSG00000196800.7,SPINK14,chr5,148168545
ENSG00000291316.1,TMEM276-ZFTRAF1,chr8,144465429
ENSG00000160799.15,CCDC12,chr3,46982009
ENSG00000173110.8,HSPA6,chr1,161524539
ENSG00000173389.17,IQCF1,chr3,51903368
ENSG00000250312.9,ZNF718,chr4,124455
ENSG00000124380.13,SNRNP27,chr2,69893943
ENSG00000164985.17,PSIP1,chr9,15511201
ENSG00000186334.10,SLC36A3,chr5,151303765
ENSG00000163581.16,SLC2A2,chr3,171026774
ENSG00000095380.13,NANS,chr9,98056636
ENSG00000290263.1,ENSG00000290263,chr4,2242275
ENSG00000112195.10,TREML2,chr6,41201148
ENSG00000164684.14,ZNF704,chr8,80874780
ENSG00000115107.22,STEAP3,chr2,119222446
ENSG00000198569.11,SLC34A3,chr9,137230756
ENSG00000170873.21,MTSS1,chr8,124728947
ENSG00000160408.18,ST6GALNAC6,chr9,127906631
ENSG00000115956.11,PLEK,chr2,68365074
ENSG00000147416.14,ATP6V1B2,chr8,20197322
ENSG00000121440.16,PDZRN3,chr3,73625272
ENSG00000162592.11,CCDC27,chr1,3746459
ENSG00000196975.18,ANXA4,chr2,69643108
ENSG00000163249.15,CCNYL1,chr2,207711514
ENSG00000272162.1,ENSG00000272162,chr6,10747793
ENSG00000058404.23,CAMK2B,chr7,44334576
ENSG00000128045.8,RASL11B,chr4,52862310
ENSG00000135773.15,CAPN9,chr1,230747265
ENSG00000183779.8,ZNF703,chr8,37695743
ENSG00000135744.10,AGT,chr1,230745575
ENSG00000243641.3,OR13C7,chr9,36003866
ENSG00000115504.17,EHBP1,chr2,62673850
ENSG00000166220.15,TBATA,chr10,70785400
ENSG00000152492.17,CCDC50,chr3,191329021
ENSG00000174137.15,FAM53A,chr4,1684355
ENSG00000185305.13,ARL15,chr5,54310603
ENSG00000001460.20,STPG1,chr1,24416933
ENSG00000236699.10,ARHGEF38,chr4,105552483
ENSG00000034971.19,MYOC,chr1,171652741
ENSG00000196550.13,FAM72A,chr1,206204413
ENSG00000119414.14,PPP6C,chr9,125189938
ENSG00000082196.23,C1QTNF3,chr5,34043237
ENSG00000169618.8,PROKR1,chr2,68643085
ENSG00000035403.20,VCL,chr10,73995192
ENSG00000137558.10,PI15,chr8,74824477
ENSG00000138379.6,MSTN,chr2,190062739
ENSG00000151292.21,CSNK1G3,chr5,123512066
ENSG00000037241.9,RPL26L1,chr5,172954003
ENSG00000162736.20,NCSTN,chr1,160343293
ENSG00000115414.23,FN1,chr2,215436119
ENSG00000136643.14,RPS6KC1,chr1,213051231
ENSG00000176142.15,TMEM39A,chr3,119468853
ENSG00000197980.15,LEKR1,chr3,156825480
ENSG00000117475.16,BLZF1,chr1,169367966
ENSG00000161055.6,SCGB3A1,chr5,180591705
ENSG00000047932.16,GOPC,chr6,117602552
ENSG00000170860.6,LSM3,chr3,14178748
ENSG00000143379.15,SETDB1,chr1,150926262
ENSG00000117697.17,NSL1,chr1,212791798
ENSG00000293553.1,ENSG00000293553,chr3,15455939
ENSG00000205133.14,TRIQK,chr8,93017785
ENSG00000198842.11,STYXL2,chr1,167094068
ENSG00000162458.15,FBLIM1,chr1,15756603
ENSG00000163636.13,PSMD6,chr3,64024009
ENSG00000080822.19,CLDND1,chr3,98523065
ENSG00000135334.11,AKIRIN2,chr6,87702274
ENSG00000016391.13,CHDH,chr3,53846467
ENSG00000197713.17,RPE,chr2,210002564
ENSG00000204179.13,PTPN20,chr10,46911395
ENSG00000162804.17,SNED1,chr2,240998611
ENSG00000186118.10,TEX38,chr1,46668854
ENSG00000172785.21,ZNG1A,chr9,179146
ENSG00000198060.12,MARCHF5,chr10,92291141
ENSG00000148143.15,ZNF462,chr9,106862285
ENSG00000113088.7,GZMK,chr5,55024248
ENSG00000135018.16,UBQLN1,chr9,83708231
ENSG00000234602.10,MCIDAS,chr5,55227314
ENSG00000173905.11,GOLIM4,chr3,168096535
ENSG00000130772.15,MED18,chr1,28329001
ENSG00000185519.11,FAM131C,chr1,16073663
ENSG00000119938.10,PPP1R3C,chr10,91633070
ENSG00000158525.16,CPA5,chr7,130344815
ENSG00000169598.19,DFFB,chr1,3857241
ENSG00000165406.18,MARCHF8,chr10,45594930
ENSG00000118965.18,WDR35,chr2,19990161
ENSG00000170634.14,ACYP2,chr2,53970837
ENSG00000104537.19,ANXA13,chr8,123737441
ENSG00000140396.15,NCOA2,chr8,70456451
ENSG00000118503.20,TNFAIP3,chr6,137866382
ENSG00000174136.15,RGMB,chr5,98768003
ENSG00000079739.19,PGM1,chr1,63593150
ENSG00000282881.4,TMEM275,chr1,46544565
ENSG00000145107.17,TM4SF19,chr3,196338603
ENSG00000171729.16,TMEM51,chr1,15152497
ENSG00000185523.7,SPATA45,chr1,212847657
ENSG00000084628.12,NKAIN1,chr1,31239991
ENSG00000059573.11,ALDH18A1,chr10,95656884
ENSG00000144959.13,NCEH1,chr3,172711217
ENSG00000156017.15,CARNMT1,chr9,75028479
ENSG00000116514.19,RNF19B,chr1,32964937
ENSG00000286185.1,ENSG00000286185,chr1,149390622
ENSG00000180098.11,TRNAU1AP,chr1,28552990
ENSG00000137077.11,CCL21,chr9,34710166
ENSG00000186470.16,BTN3A2,chr6,26365158
ENSG00000125037.15,EMC3,chr3,10011201
ENSG00000173267.16,SNCG,chr10,86955752
ENSG00000116288.15,PARK7,chr1,7952653
ENSG00000171045.18,TSNARE1,chr8,142403269
ENSG00000106541.14,AGR2,chr7,16833432
ENSG00000197965.14,MPZL1,chr1,167721191
ENSG00000222011.11,FAM185A,chr7,102748938
ENSG00000136273.16,HUS1,chr7,47979681
ENSG00000164096.15,ARLN,chr4,119304444
ENSG00000091181.21,IL5RA,chr3,3126612
ENSG00000143845.16,ETNK2,chr1,204152183
ENSG00000070061.18,ELP1,chr9,108934413
ENSG00000125388.22,GRK4,chr4,2963570
ENSG00000168958.23,MFF,chr2,227325150
ENSG00000136696.11,IL36B,chr2,113052866
ENSG00000001461.21,NIPAL3,chr1,24413514
ENSG00000169605.8,GKN1,chr2,68974572
ENSG00000108239.11,TBC1D12,chr10,94402376
ENSG00000270099.1,ENSG00000270099,chr10,95860547
ENSG00000283967.1,TAF11L8,chr5,17590959
ENSG00000284479.4,SMIM39,chr2,131034893
ENSG00000056972.22,TRAF3IP2,chr6,111606909
ENSG00000092853.16,CLSPN,chr1,35770001
ENSG00000109339.26,MAPK10,chr4,86594624
ENSG00000114805.20,PLCH1,chr3,155745093
ENSG00000109471.5,IL2,chr4,122456724
ENSG00000162642.16,C1orf52,chr1,85259685
ENSG00000082438.20,COBLL1,chr2,164843678
ENSG00000184995.7,IFNE,chr9,21482312
ENSG00000277443.5,MARCKS,chr6,113857333
ENSG00000070601.11,FRMPD1,chr9,37650861
ENSG00000156535.16,CD109,chr6,73695778
ENSG00000186329.11,TMEM212,chr3,171843337
ENSG00000228083.3,IFNA14,chr9,21240004
ENSG00000144115.20,THNSL2,chr2,88170294
ENSG00000164323.17,CFAP97,chr4,185210814
ENSG00000111860.16,CEP85L,chr6,118710097
ENSG00000044459.17,CNTLN,chr9,17134955
ENSG00000162542.16,TMCO4,chr1,19800499
ENSG00000171121.18,KCNMB3,chr3,179267001
ENSG00000105849.8,POLR1F,chr7,19709065
ENSG00000079332.18,SAR1A,chr10,70186283
ENSG00000143333.9,RGS16,chr1,182604393
ENSG00000114013.17,CD86,chr3,122055355
