GL000194.1	3229	3659	Scramble_H4K16ac_rep1_peak_1	GL000194.1	1633	4194	p53KD_H4K16ac_rep1_peak_3
GL000214.1	64378	64878	Scramble_H4K16ac_rep1_peak_11	GL000214.1	64328	65716	p53KD_H4K16ac_rep1_peak_20
GL000214.1	117569	118979	Scramble_H4K16ac_rep1_peak_12	GL000214.1	117107	118648	p53KD_H4K16ac_rep1_peak_21
GL000214.1	130163	133576	Scramble_H4K16ac_rep1_peak_13	GL000214.1	129220	137592	p53KD_H4K16ac_rep1_peak_25
GL000214.1	134471	134708	Scramble_H4K16ac_rep1_peak_13	GL000214.1	129220	137592	p53KD_H4K16ac_rep1_peak_25
GL000214.1	136316	136390	Scramble_H4K16ac_rep1_peak_14	GL000214.1	129220	137592	p53KD_H4K16ac_rep1_peak_25
GL000216.2	142374	142591	Scramble_H4K16ac_rep1_peak_15	GL000216.2	142327	143218	p53KD_H4K16ac_rep1_peak_28
GL000216.2	147108	149762	Scramble_H4K16ac_rep1_peak_16	GL000216.2	147064	150633	p53KD_H4K16ac_rep1_peak_29
GL000216.2	153063	153742	Scramble_H4K16ac_rep1_peak_17	GL000216.2	153167	153735	p53KD_H4K16ac_rep1_peak_30
GL000216.2	158628	159688	Scramble_H4K16ac_rep1_peak_18	GL000216.2	157812	159696	p53KD_H4K16ac_rep1_peak_32
GL000216.2	160587	160921	Scramble_H4K16ac_rep1_peak_18	GL000216.2	160590	160978	p53KD_H4K16ac_rep1_peak_33
GL000216.2	163046	164988	Scramble_H4K16ac_rep1_peak_19	GL000216.2	162534	164918	p53KD_H4K16ac_rep1_peak_34
GL000216.2	165908	166900	Scramble_H4K16ac_rep1_peak_19	GL000216.2	165845	166920	p53KD_H4K16ac_rep1_peak_35
GL000216.2	167813	168846	Scramble_H4K16ac_rep1_peak_19	GL000216.2	167766	168874	p53KD_H4K16ac_rep1_peak_36
GL000216.2	173799	174004	Scramble_H4K16ac_rep1_peak_20	GL000216.2	173775	174018	p53KD_H4K16ac_rep1_peak_37
GL000220.1	101675	161706	Scramble_H4K16ac_rep1_peak_21	GL000220.1	101601	108197	p53KD_H4K16ac_rep1_peak_39
GL000220.1	101675	161706	Scramble_H4K16ac_rep1_peak_21	GL000220.1	153154	161783	p53KD_H4K16ac_rep1_peak_40
GL000220.1	101675	161706	Scramble_H4K16ac_rep1_peak_21	GL000220.1	109173	152173	p53KD_H4K16ac_rep1_peak_40
GL000224.1	460	2912	Scramble_H4K16ac_rep1_peak_23	GL000224.1	157	9915	p53KD_H4K16ac_rep1_peak_45
GL000224.1	4509	5801	Scramble_H4K16ac_rep1_peak_23	GL000224.1	157	9915	p53KD_H4K16ac_rep1_peak_45
GL000224.1	6756	8937	Scramble_H4K16ac_rep1_peak_23	GL000224.1	157	9915	p53KD_H4K16ac_rep1_peak_45
GL000224.1	11115	12614	Scramble_H4K16ac_rep1_peak_24	GL000224.1	10951	12804	p53KD_H4K16ac_rep1_peak_46
GL000224.1	13750	13978	Scramble_H4K16ac_rep1_peak_25	GL000224.1	13676	15539	p53KD_H4K16ac_rep1_peak_46
GL000224.1	15187	15391	Scramble_H4K16ac_rep1_peak_25	GL000224.1	13676	15539	p53KD_H4K16ac_rep1_peak_46
GL000224.1	17004	19249	Scramble_H4K16ac_rep1_peak_26	GL000224.1	16753	19279	p53KD_H4K16ac_rep1_peak_47
GL000225.1	6790	6983	Scramble_H4K16ac_rep1_peak_27	GL000225.1	5574	8039	p53KD_H4K16ac_rep1_peak_49
GL000225.1	13565	14490	Scramble_H4K16ac_rep1_peak_28	GL000225.1	13053	15286	p53KD_H4K16ac_rep1_peak_52
GL000225.1	19392	20719	Scramble_H4K16ac_rep1_peak_29	GL000225.1	19978	20351	p53KD_H4K16ac_rep1_peak_53
GL000225.1	21592	21814	Scramble_H4K16ac_rep1_peak_29	GL000225.1	21183	22084	p53KD_H4K16ac_rep1_peak_53
GL000225.1	25542	26514	Scramble_H4K16ac_rep1_peak_30	GL000225.1	24818	26615	p53KD_H4K16ac_rep1_peak_54
GL000225.1	32623	33855	Scramble_H4K16ac_rep1_peak_31	GL000225.1	31935	33800	p53KD_H4K16ac_rep1_peak_55
GL000225.1	46051	46416	Scramble_H4K16ac_rep1_peak_32	GL000225.1	45990	46886	p53KD_H4K16ac_rep1_peak_58
GL000225.1	49205	49825	Scramble_H4K16ac_rep1_peak_33	GL000225.1	49200	49854	p53KD_H4K16ac_rep1_peak_59
GL000225.1	50790	52071	Scramble_H4K16ac_rep1_peak_33	GL000225.1	50786	52048	p53KD_H4K16ac_rep1_peak_60
GL000225.1	62313	63034	Scramble_H4K16ac_rep1_peak_35	GL000225.1	61809	63047	p53KD_H4K16ac_rep1_peak_62
GL000225.1	66202	67622	Scramble_H4K16ac_rep1_peak_36	GL000225.1	64991	68387	p53KD_H4K16ac_rep1_peak_63
GL000225.1	70466	71178	Scramble_H4K16ac_rep1_peak_37	GL000225.1	70415	71288	p53KD_H4K16ac_rep1_peak_64
GL000225.1	73902	74559	Scramble_H4K16ac_rep1_peak_38	GL000225.1	73898	74896	p53KD_H4K16ac_rep1_peak_65
GL000225.1	85563	86617	Scramble_H4K16ac_rep1_peak_39	GL000225.1	84397	86638	p53KD_H4K16ac_rep1_peak_67
GL000225.1	92617	92934	Scramble_H4K16ac_rep1_peak_40	GL000225.1	92249	94115	p53KD_H4K16ac_rep1_peak_69
GL000225.1	94616	95639	Scramble_H4K16ac_rep1_peak_40	GL000225.1	94954	95647	p53KD_H4K16ac_rep1_peak_70
GL000225.1	98401	99494	Scramble_H4K16ac_rep1_peak_41	GL000225.1	98325	99455	p53KD_H4K16ac_rep1_peak_71
GL000225.1	110261	113103	Scramble_H4K16ac_rep1_peak_42	GL000225.1	110254	114261	p53KD_H4K16ac_rep1_peak_74
GL000225.1	115308	115573	Scramble_H4K16ac_rep1_peak_43	GL000225.1	115096	115598	p53KD_H4K16ac_rep1_peak_74
GL000225.1	116933	117856	Scramble_H4K16ac_rep1_peak_44	GL000225.1	116662	119186	p53KD_H4K16ac_rep1_peak_75
GL000225.1	119143	119261	Scramble_H4K16ac_rep1_peak_45	GL000225.1	116662	119186	p53KD_H4K16ac_rep1_peak_75
GL000225.1	120190	120725	Scramble_H4K16ac_rep1_peak_45	GL000225.1	120088	121529	p53KD_H4K16ac_rep1_peak_76
GL000225.1	122861	123222	Scramble_H4K16ac_rep1_peak_46	GL000225.1	122810	123192	p53KD_H4K16ac_rep1_peak_77
GL000225.1	125202	126030	Scramble_H4K16ac_rep1_peak_47	GL000225.1	125087	126045	p53KD_H4K16ac_rep1_peak_78
GL000225.1	130430	132038	Scramble_H4K16ac_rep1_peak_48	GL000225.1	129094	133886	p53KD_H4K16ac_rep1_peak_79
GL000225.1	132842	133857	Scramble_H4K16ac_rep1_peak_48	GL000225.1	129094	133886	p53KD_H4K16ac_rep1_peak_79
GL000226.1	705	14866	Scramble_H4K16ac_rep1_peak_49	GL000226.1	669	14974	p53KD_H4K16ac_rep1_peak_82
GL000253.2	4388019	4388869	Scramble_H4K16ac_rep1_peak_53	GL000253.2	4387951	4388802	p53KD_H4K16ac_rep1_peak_92
GL383563.3	57498	57854	Scramble_H4K16ac_rep1_peak_69	GL383563.3	57154	57991	p53KD_H4K16ac_rep1_peak_119
GL383563.3	64044	67792	Scramble_H4K16ac_rep1_peak_70	GL383563.3	62681	67518	p53KD_H4K16ac_rep1_peak_120
GL877875.1	20390	21903	Scramble_H4K16ac_rep1_peak_81	GL877875.1	21025	21868	p53KD_H4K16ac_rep1_peak_127
GL877875.1	30148	31292	Scramble_H4K16ac_rep1_peak_82	GL877875.1	30276	31081	p53KD_H4K16ac_rep1_peak_130
KI270303.1	329	1461	Scramble_H4K16ac_rep1_peak_88	KI270303.1	241	1618	p53KD_H4K16ac_rep1_peak_134
KI270304.1	499	1897	Scramble_H4K16ac_rep1_peak_89	KI270304.1	495	1934	p53KD_H4K16ac_rep1_peak_135
KI270310.1	580	1029	Scramble_H4K16ac_rep1_peak_90	KI270310.1	548	1037	p53KD_H4K16ac_rep1_peak_136
KI270333.1	335	2291	Scramble_H4K16ac_rep1_peak_91	KI270333.1	387	2506	p53KD_H4K16ac_rep1_peak_139
KI270337.1	467	893	Scramble_H4K16ac_rep1_peak_93	KI270337.1	145	892	p53KD_H4K16ac_rep1_peak_141
KI270395.1	123	908	Scramble_H4K16ac_rep1_peak_94	KI270395.1	67	1128	p53KD_H4K16ac_rep1_peak_143
KI270411.1	262	2207	Scramble_H4K16ac_rep1_peak_95	KI270411.1	264	2380	p53KD_H4K16ac_rep1_peak_145
KI270438.1	101517	102186	Scramble_H4K16ac_rep1_peak_97	KI270438.1	101318	102318	p53KD_H4K16ac_rep1_peak_152
KI270438.1	103902	106333	Scramble_H4K16ac_rep1_peak_98	KI270438.1	103881	107038	p53KD_H4K16ac_rep1_peak_153
KI270438.1	108711	112446	Scramble_H4K16ac_rep1_peak_99	KI270438.1	108633	112463	p53KD_H4K16ac_rep1_peak_154
KI270465.1	391	1345	Scramble_H4K16ac_rep1_peak_101	KI270465.1	89	1615	p53KD_H4K16ac_rep1_peak_163
KI270467.1	2085	2553	Scramble_H4K16ac_rep1_peak_103	KI270467.1	2062	2604	p53KD_H4K16ac_rep1_peak_165
KI270544.1	151	1097	Scramble_H4K16ac_rep1_peak_104	KI270544.1	57	1132	p53KD_H4K16ac_rep1_peak_177
KI270709.1	4183	8352	Scramble_H4K16ac_rep1_peak_105	KI270709.1	1821	8595	p53KD_H4K16ac_rep1_peak_182
KI270709.1	10851	17313	Scramble_H4K16ac_rep1_peak_106	KI270709.1	9950	17470	p53KD_H4K16ac_rep1_peak_183
KI270715.1	33418	33642	Scramble_H4K16ac_rep1_peak_107	KI270715.1	31700	33672	p53KD_H4K16ac_rep1_peak_189
KI270715.1	72591	73575	Scramble_H4K16ac_rep1_peak_108	KI270715.1	71827	74356	p53KD_H4K16ac_rep1_peak_195
KI270715.1	78793	79901	Scramble_H4K16ac_rep1_peak_109	KI270715.1	79023	79823	p53KD_H4K16ac_rep1_peak_197
KI270715.1	85359	85955	Scramble_H4K16ac_rep1_peak_110	KI270715.1	83716	87002	p53KD_H4K16ac_rep1_peak_199
KI270715.1	88337	90456	Scramble_H4K16ac_rep1_peak_111	KI270715.1	88383	90491	p53KD_H4K16ac_rep1_peak_200
KI270715.1	94926	95726	Scramble_H4K16ac_rep1_peak_112	KI270715.1	94968	98044	p53KD_H4K16ac_rep1_peak_201
KI270715.1	144366	149833	Scramble_H4K16ac_rep1_peak_114	KI270715.1	140521	150005	p53KD_H4K16ac_rep1_peak_206
KI270715.1	157136	157982	Scramble_H4K16ac_rep1_peak_115	KI270715.1	153435	158079	p53KD_H4K16ac_rep1_peak_207
KI270716.1	105230	105363	Scramble_H4K16ac_rep1_peak_117	KI270716.1	104255	106774	p53KD_H4K16ac_rep1_peak_215
KI270716.1	106421	106764	Scramble_H4K16ac_rep1_peak_118	KI270716.1	104255	106774	p53KD_H4K16ac_rep1_peak_215
KI270716.1	116456	116948	Scramble_H4K16ac_rep1_peak_119	KI270716.1	114800	116869	p53KD_H4K16ac_rep1_peak_217
KI270716.1	132867	133138	Scramble_H4K16ac_rep1_peak_120	KI270716.1	132146	136184	p53KD_H4K16ac_rep1_peak_221
KI270716.1	134190	134493	Scramble_H4K16ac_rep1_peak_120	KI270716.1	132146	136184	p53KD_H4K16ac_rep1_peak_221
KI270716.1	141797	142086	Scramble_H4K16ac_rep1_peak_121	KI270716.1	141208	142085	p53KD_H4K16ac_rep1_peak_223
KI270716.1	146681	148847	Scramble_H4K16ac_rep1_peak_122	KI270716.1	144038	151512	p53KD_H4K16ac_rep1_peak_224
KI270716.1	149837	149926	Scramble_H4K16ac_rep1_peak_122	KI270716.1	144038	151512	p53KD_H4K16ac_rep1_peak_224
KI270728.1	232697	233112	Scramble_H4K16ac_rep1_peak_125	KI270728.1	232581	232812	p53KD_H4K16ac_rep1_peak_229
KI270733.1	118930	179720	Scramble_H4K16ac_rep1_peak_127	KI270733.1	171035	179746	p53KD_H4K16ac_rep1_peak_236
KI270733.1	118930	179720	Scramble_H4K16ac_rep1_peak_127	KI270733.1	118545	170152	p53KD_H4K16ac_rep1_peak_235
KI270744.1	11104	13716	Scramble_H4K16ac_rep1_peak_131	KI270744.1	11056	13840	p53KD_H4K16ac_rep1_peak_245
KI270744.1	116493	117002	Scramble_H4K16ac_rep1_peak_134	KI270744.1	116471	118581	p53KD_H4K16ac_rep1_peak_248
KI270744.1	118230	118551	Scramble_H4K16ac_rep1_peak_135	KI270744.1	116471	118581	p53KD_H4K16ac_rep1_peak_248
KI270744.1	119770	121505	Scramble_H4K16ac_rep1_peak_136	KI270744.1	119791	121515	p53KD_H4K16ac_rep1_peak_249
KI270744.1	124291	125087	Scramble_H4K16ac_rep1_peak_137	KI270744.1	124184	125174	p53KD_H4K16ac_rep1_peak_251
KI270748.1	80294	81173	Scramble_H4K16ac_rep1_peak_138	KI270748.1	80881	81561	p53KD_H4K16ac_rep1_peak_265
KI270751.1	38372	39777	Scramble_H4K16ac_rep1_peak_139	KI270751.1	38404	39883	p53KD_H4K16ac_rep1_peak_266
KI270762.1	203628	204940	Scramble_H4K16ac_rep1_peak_140	KI270762.1	202861	205077	p53KD_H4K16ac_rep1_peak_283
KI270762.1	207859	209988	Scramble_H4K16ac_rep1_peak_141	KI270762.1	206023	209715	p53KD_H4K16ac_rep1_peak_283
KI270762.1	213126	214771	Scramble_H4K16ac_rep1_peak_142	KI270762.1	212642	214719	p53KD_H4K16ac_rep1_peak_284
KI270789.1	103552	107127	Scramble_H4K16ac_rep1_peak_149	KI270789.1	103541	107286	p53KD_H4K16ac_rep1_peak_311
KI270810.1	167	2210	Scramble_H4K16ac_rep1_peak_157	KI270810.1	274	2168	p53KD_H4K16ac_rep1_peak_325
KI270855.1	126878	128068	Scramble_H4K16ac_rep1_peak_189	KI270855.1	127422	127725	p53KD_H4K16ac_rep1_peak_358
KI270857.1	2063744	2065831	Scramble_H4K16ac_rep1_peak_199	KI270857.1	2065161	2065736	p53KD_H4K16ac_rep1_peak_364
KI270857.1	2739286	2739914	Scramble_H4K16ac_rep1_peak_204	KI270857.1	2739505	2739932	p53KD_H4K16ac_rep1_peak_366
KI270879.1	130360	131780	Scramble_H4K16ac_rep1_peak_229	KI270879.1	130921	131384	p53KD_H4K16ac_rep1_peak_392
KI270896.1	359614	360099	Scramble_H4K16ac_rep1_peak_233	KI270896.1	359563	360162	p53KD_H4K16ac_rep1_peak_401
KI270905.1	2233899	2235138	Scramble_H4K16ac_rep1_peak_238	KI270905.1	2233901	2235173	p53KD_H4K16ac_rep1_peak_416
KN196476.1	301941	303581	Scramble_H4K16ac_rep1_peak_251	KN196476.1	301298	303638	p53KD_H4K16ac_rep1_peak_438
KN196484.1	105832	106673	Scramble_H4K16ac_rep1_peak_260	KN196484.1	106109	106556	p53KD_H4K16ac_rep1_peak_446
KN196484.1	245642	246699	Scramble_H4K16ac_rep1_peak_261	KN196484.1	245676	245917	p53KD_H4K16ac_rep1_peak_447
KN196487.1	2201	2675	Scramble_H4K16ac_rep1_peak_263	KN196487.1	2237	2689	p53KD_H4K16ac_rep1_peak_450
KQ458386.1	63440	69486	Scramble_H4K16ac_rep1_peak_281	KQ458386.1	64936	65452	p53KD_H4K16ac_rep1_peak_485
KQ458386.1	70738	73574	Scramble_H4K16ac_rep1_peak_281	KQ458386.1	70223	71221	p53KD_H4K16ac_rep1_peak_488
KQ458386.1	70738	73574	Scramble_H4K16ac_rep1_peak_281	KQ458386.1	72237	72272	p53KD_H4K16ac_rep1_peak_488
KQ458386.1	93128	94676	Scramble_H4K16ac_rep1_peak_285	KQ458386.1	92730	93431	p53KD_H4K16ac_rep1_peak_491
KQ458386.1	101343	104429	Scramble_H4K16ac_rep1_peak_286	KQ458386.1	102632	102913	p53KD_H4K16ac_rep1_peak_493
KQ458386.1	258581	261564	Scramble_H4K16ac_rep1_peak_288	KQ458386.1	259280	261164	p53KD_H4K16ac_rep1_peak_498
KQ458386.1	340105	340412	Scramble_H4K16ac_rep1_peak_291	KQ458386.1	340239	340408	p53KD_H4K16ac_rep1_peak_500
KQ983257.1	114448	115326	Scramble_H4K16ac_rep1_peak_294	KQ983257.1	114451	115254	p53KD_H4K16ac_rep1_peak_503
KQ983257.1	203853	206991	Scramble_H4K16ac_rep1_peak_295	KQ983257.1	203807	207029	p53KD_H4K16ac_rep1_peak_504
KQ983258.1	114481	115266	Scramble_H4K16ac_rep1_peak_296	KQ983258.1	114427	115337	p53KD_H4K16ac_rep1_peak_505
KV575244.1	389451	390570	Scramble_H4K16ac_rep1_peak_300	KV575244.1	389691	390183	p53KD_H4K16ac_rep1_peak_510
KV575244.1	443901	444647	Scramble_H4K16ac_rep1_peak_302	KV575244.1	444008	444483	p53KD_H4K16ac_rep1_peak_511
KV575245.1	103656	104969	Scramble_H4K16ac_rep1_peak_314	KV575245.1	104156	104715	p53KD_H4K16ac_rep1_peak_516
KV766196.1	45814	47355	Scramble_H4K16ac_rep1_peak_317	KV766196.1	46642	48468	p53KD_H4K16ac_rep1_peak_518
KV880768.1	342599	343447	Scramble_H4K16ac_rep1_peak_326	KV880768.1	343296	343574	p53KD_H4K16ac_rep1_peak_519
KV880768.1	1583315	1584323	Scramble_H4K16ac_rep1_peak_334	KV880768.1	1583447	1583973	p53KD_H4K16ac_rep1_peak_526
KZ208906.1	148499	149792	Scramble_H4K16ac_rep1_peak_336	KZ208906.1	149444	149895	p53KD_H4K16ac_rep1_peak_527
KZ208906.1	151650	152270	Scramble_H4K16ac_rep1_peak_337	KZ208906.1	150791	152316	p53KD_H4K16ac_rep1_peak_528
KZ208906.1	153819	154148	Scramble_H4K16ac_rep1_peak_338	KZ208906.1	153259	153959	p53KD_H4K16ac_rep1_peak_528
KZ208906.1	155719	158855	Scramble_H4K16ac_rep1_peak_339	KZ208906.1	156138	156818	p53KD_H4K16ac_rep1_peak_529
KZ208906.1	164168	165239	Scramble_H4K16ac_rep1_peak_341	KZ208906.1	164921	165637	p53KD_H4K16ac_rep1_peak_530
KZ208906.1	167332	168435	Scramble_H4K16ac_rep1_peak_342	KZ208906.1	166711	167784	p53KD_H4K16ac_rep1_peak_530
KZ208906.1	169902	172346	Scramble_H4K16ac_rep1_peak_343	KZ208906.1	171076	174139	p53KD_H4K16ac_rep1_peak_531
KZ208906.1	173828	174611	Scramble_H4K16ac_rep1_peak_344	KZ208906.1	171076	174139	p53KD_H4K16ac_rep1_peak_531
KZ208906.1	176136	177007	Scramble_H4K16ac_rep1_peak_345	KZ208906.1	175335	176303	p53KD_H4K16ac_rep1_peak_532
KZ208906.1	178238	178920	Scramble_H4K16ac_rep1_peak_346	KZ208906.1	177918	178553	p53KD_H4K16ac_rep1_peak_532
KZ208906.1	183024	183508	Scramble_H4K16ac_rep1_peak_348	KZ208906.1	181404	183334	p53KD_H4K16ac_rep1_peak_532
KZ208906.1	196322	196581	Scramble_H4K16ac_rep1_peak_351	KZ208906.1	195637	196490	p53KD_H4K16ac_rep1_peak_537
KZ208906.1	214224	214626	Scramble_H4K16ac_rep1_peak_357	KZ208906.1	214202	215097	p53KD_H4K16ac_rep1_peak_542
KZ208906.1	218948	219436	Scramble_H4K16ac_rep1_peak_359	KZ208906.1	218638	218971	p53KD_H4K16ac_rep1_peak_544
KZ559100.1	7395	7650	Scramble_H4K16ac_rep1_peak_376	KZ559100.1	7374	7984	p53KD_H4K16ac_rep1_peak_554
KZ559109.1	199257	200563	Scramble_H4K16ac_rep1_peak_379	KZ559109.1	199921	200303	p53KD_H4K16ac_rep1_peak_555
ML143345.1	17342	18662	Scramble_H4K16ac_rep1_peak_382	ML143345.1	16850	25613	p53KD_H4K16ac_rep1_peak_557
ML143345.1	20176	22684	Scramble_H4K16ac_rep1_peak_383	ML143345.1	16850	25613	p53KD_H4K16ac_rep1_peak_557
ML143345.1	23816	25197	Scramble_H4K16ac_rep1_peak_384	ML143345.1	16850	25613	p53KD_H4K16ac_rep1_peak_557
ML143345.1	26722	27933	Scramble_H4K16ac_rep1_peak_385	ML143345.1	26702	36111	p53KD_H4K16ac_rep1_peak_557
ML143345.1	32628	35352	Scramble_H4K16ac_rep1_peak_386	ML143345.1	26702	36111	p53KD_H4K16ac_rep1_peak_557
ML143345.1	44350	45558	Scramble_H4K16ac_rep1_peak_387	ML143345.1	41923	50494	p53KD_H4K16ac_rep1_peak_559
ML143345.1	74435	75863	Scramble_H4K16ac_rep1_peak_388	ML143345.1	73030	76301	p53KD_H4K16ac_rep1_peak_565
ML143366.1	116182	119050	Scramble_H4K16ac_rep1_peak_396	ML143366.1	117598	118079	p53KD_H4K16ac_rep1_peak_585
ML143366.1	271292	274223	Scramble_H4K16ac_rep1_peak_397	ML143366.1	270831	272822	p53KD_H4K16ac_rep1_peak_586
ML143367.1	102151	103781	Scramble_H4K16ac_rep1_peak_399	ML143367.1	102009	103789	p53KD_H4K16ac_rep1_peak_588
ML143367.1	305179	305480	Scramble_H4K16ac_rep1_peak_403	ML143367.1	305122	305441	p53KD_H4K16ac_rep1_peak_592
ML143369.1	57944	59185	Scramble_H4K16ac_rep1_peak_404	ML143369.1	58591	59199	p53KD_H4K16ac_rep1_peak_594
ML143369.1	65140	67997	Scramble_H4K16ac_rep1_peak_406	ML143369.1	65845	66479	p53KD_H4K16ac_rep1_peak_596
ML143369.1	65140	67997	Scramble_H4K16ac_rep1_peak_406	ML143369.1	67791	68031	p53KD_H4K16ac_rep1_peak_596
ML143371.1	225	5950	Scramble_H4K16ac_rep1_peak_408	ML143371.1	161	5961	p53KD_H4K16ac_rep1_peak_598
ML143371.1	7011	7278	Scramble_H4K16ac_rep1_peak_409	ML143371.1	7016	8206	p53KD_H4K16ac_rep1_peak_599
ML143371.1	325422	327043	Scramble_H4K16ac_rep1_peak_410	ML143371.1	325527	326131	p53KD_H4K16ac_rep1_peak_600
ML143371.1	328060	328471	Scramble_H4K16ac_rep1_peak_410	ML143371.1	327872	328676	p53KD_H4K16ac_rep1_peak_601
ML143372.1	136617	137632	Scramble_H4K16ac_rep1_peak_414	ML143372.1	136605	136924	p53KD_H4K16ac_rep1_peak_608
ML143372.1	294074	294322	Scramble_H4K16ac_rep1_peak_416	ML143372.1	293749	294435	p53KD_H4K16ac_rep1_peak_611
ML143374.1	6599	7767	Scramble_H4K16ac_rep1_peak_417	ML143374.1	7349	7716	p53KD_H4K16ac_rep1_peak_612
ML143374.1	65043	66854	Scramble_H4K16ac_rep1_peak_421	ML143374.1	64770	66869	p53KD_H4K16ac_rep1_peak_616
ML143374.1	87436	88159	Scramble_H4K16ac_rep1_peak_422	ML143374.1	87547	87691	p53KD_H4K16ac_rep1_peak_618
ML143374.1	110138	110545	Scramble_H4K16ac_rep1_peak_424	ML143374.1	109735	110796	p53KD_H4K16ac_rep1_peak_620
ML143377.1	432872	438667	Scramble_H4K16ac_rep1_peak_433	ML143377.1	432426	438468	p53KD_H4K16ac_rep1_peak_631
ML143377.1	439698	482715	Scramble_H4K16ac_rep1_peak_434	ML143377.1	439734	483083	p53KD_H4K16ac_rep1_peak_632
ML143377.1	484070	519185	Scramble_H4K16ac_rep1_peak_435	ML143377.1	484086	519259	p53KD_H4K16ac_rep1_peak_632
ML143380.1	79061	80127	Scramble_H4K16ac_rep1_peak_436	ML143380.1	79082	80101	p53KD_H4K16ac_rep1_peak_634
ML143380.1	119852	123159	Scramble_H4K16ac_rep1_peak_437	ML143380.1	119466	120143	p53KD_H4K16ac_rep1_peak_635
ML143380.1	119852	123159	Scramble_H4K16ac_rep1_peak_437	ML143380.1	122244	122369	p53KD_H4K16ac_rep1_peak_636
ML143380.1	272160	273692	Scramble_H4K16ac_rep1_peak_439	ML143380.1	273112	273875	p53KD_H4K16ac_rep1_peak_637
MU273330.1	436460	437556	Scramble_H4K16ac_rep1_peak_441	MU273330.1	434821	437621	p53KD_H4K16ac_rep1_peak_640
MU273352.1	33017	34177	Scramble_H4K16ac_rep1_peak_472	MU273352.1	32579	34197	p53KD_H4K16ac_rep1_peak_667
MU273360.1	37082	39269	Scramble_H4K16ac_rep1_peak_475	MU273360.1	36939	39276	p53KD_H4K16ac_rep1_peak_668
MU273369.1	165006	165836	Scramble_H4K16ac_rep1_peak_480	MU273369.1	165690	166885	p53KD_H4K16ac_rep1_peak_671
MU273372.1	48728	49237	Scramble_H4K16ac_rep1_peak_484	MU273372.1	48876	49080	p53KD_H4K16ac_rep1_peak_674
chr1	28911	30307	Scramble_H4K16ac_rep1_peak_519	chr1	28973	29345	p53KD_H4K16ac_rep1_peak_702
chr1	37675	38433	Scramble_H4K16ac_rep1_peak_522	chr1	37935	38582	p53KD_H4K16ac_rep1_peak_704
chr1	199155	200495	Scramble_H4K16ac_rep1_peak_523	chr1	199472	199788	p53KD_H4K16ac_rep1_peak_709
chr1	1078679	1079787	Scramble_H4K16ac_rep1_peak_533	chr1	1078446	1079178	p53KD_H4K16ac_rep1_peak_723
chr1	1349940	1350038	Scramble_H4K16ac_rep1_peak_545	chr1	1349967	1351186	p53KD_H4K16ac_rep1_peak_729
chr1	1746068	1746848	Scramble_H4K16ac_rep1_peak_557	chr1	1746135	1746341	p53KD_H4K16ac_rep1_peak_733
chr1	2653952	2655965	Scramble_H4K16ac_rep1_peak_568	chr1	2652331	2655479	p53KD_H4K16ac_rep1_peak_744
chr1	2749794	2750659	Scramble_H4K16ac_rep1_peak_570	chr1	2750086	2750642	p53KD_H4K16ac_rep1_peak_753
chr1	10938642	10939114	Scramble_H4K16ac_rep1_peak_618	chr1	10939034	10940019	p53KD_H4K16ac_rep1_peak_776
chr1	16740100	16741120	Scramble_H4K16ac_rep1_peak_659	chr1	16740313	16740485	p53KD_H4K16ac_rep1_peak_783
chr1	28506164	28509440	Scramble_H4K16ac_rep1_peak_756	chr1	28506079	28506396	p53KD_H4K16ac_rep1_peak_810
chr1	32650759	32651759	Scramble_H4K16ac_rep1_peak_785	chr1	32650627	32651228	p53KD_H4K16ac_rep1_peak_818
chr1	42681705	42682515	Scramble_H4K16ac_rep1_peak_844	chr1	42681982	42682029	p53KD_H4K16ac_rep1_peak_829
chr1	43007145	43009286	Scramble_H4K16ac_rep1_peak_848	chr1	43007257	43008249	p53KD_H4K16ac_rep1_peak_830
chr1	43068010	43070285	Scramble_H4K16ac_rep1_peak_851	chr1	43068578	43069714	p53KD_H4K16ac_rep1_peak_831
chr1	44532556	44533352	Scramble_H4K16ac_rep1_peak_870	chr1	44532471	44532760	p53KD_H4K16ac_rep1_peak_836
chr1	109763490	109764200	Scramble_H4K16ac_rep1_peak_969	chr1	109763433	109763613	p53KD_H4K16ac_rep1_peak_893
chr1	120824775	120826368	Scramble_H4K16ac_rep1_peak_1001	chr1	120825333	120827355	p53KD_H4K16ac_rep1_peak_904
chr1	121747636	121748893	Scramble_H4K16ac_rep1_peak_1006	chr1	121747534	121748915	p53KD_H4K16ac_rep1_peak_912
chr1	121764798	121768790	Scramble_H4K16ac_rep1_peak_1007	chr1	121764793	121768814	p53KD_H4K16ac_rep1_peak_914
chr1	121771615	121772327	Scramble_H4K16ac_rep1_peak_1008	chr1	121770220	121772222	p53KD_H4K16ac_rep1_peak_915
chr1	121858856	121859507	Scramble_H4K16ac_rep1_peak_1009	chr1	121858845	121859483	p53KD_H4K16ac_rep1_peak_917
chr1	121860391	121860714	Scramble_H4K16ac_rep1_peak_1009	chr1	121860386	121860722	p53KD_H4K16ac_rep1_peak_918
chr1	122242153	122242390	Scramble_H4K16ac_rep1_peak_1010	chr1	122242233	122242844	p53KD_H4K16ac_rep1_peak_921
chr1	122403360	122403548	Scramble_H4K16ac_rep1_peak_1012	chr1	122403374	122404087	p53KD_H4K16ac_rep1_peak_950
chr1	122519503	122520485	Scramble_H4K16ac_rep1_peak_1013	chr1	122519528	122520491	p53KD_H4K16ac_rep1_peak_962
chr1	122523272	122524751	Scramble_H4K16ac_rep1_peak_1014	chr1	122523051	122525103	p53KD_H4K16ac_rep1_peak_963
chr1	122527339	122528880	Scramble_H4K16ac_rep1_peak_1015	chr1	122527349	122528948	p53KD_H4K16ac_rep1_peak_964
chr1	122547669	122547844	Scramble_H4K16ac_rep1_peak_1016	chr1	122547748	122548108	p53KD_H4K16ac_rep1_peak_968
chr1	122553673	122554017	Scramble_H4K16ac_rep1_peak_1017	chr1	122553838	122554030	p53KD_H4K16ac_rep1_peak_970
chr1	122624332	122625172	Scramble_H4K16ac_rep1_peak_1019	chr1	122624398	122625299	p53KD_H4K16ac_rep1_peak_975
chr1	122627445	122627755	Scramble_H4K16ac_rep1_peak_1020	chr1	122627454	122629455	p53KD_H4K16ac_rep1_peak_976
chr1	122629001	122629440	Scramble_H4K16ac_rep1_peak_1021	chr1	122627454	122629455	p53KD_H4K16ac_rep1_peak_976
chr1	122645625	122646067	Scramble_H4K16ac_rep1_peak_1023	chr1	122644753	122645968	p53KD_H4K16ac_rep1_peak_979
chr1	122681668	122683346	Scramble_H4K16ac_rep1_peak_1025	chr1	122681608	122683552	p53KD_H4K16ac_rep1_peak_988
chr1	122730103	122732391	Scramble_H4K16ac_rep1_peak_1027	chr1	122729304	122732005	p53KD_H4K16ac_rep1_peak_995
chr1	122791527	122792566	Scramble_H4K16ac_rep1_peak_1029	chr1	122790215	122792716	p53KD_H4K16ac_rep1_peak_1002
chr1	122819400	122819470	Scramble_H4K16ac_rep1_peak_1030	chr1	122818700	122821545	p53KD_H4K16ac_rep1_peak_1006
chr1	122842689	122843901	Scramble_H4K16ac_rep1_peak_1032	chr1	122841747	122843869	p53KD_H4K16ac_rep1_peak_1009
chr1	122889405	122890398	Scramble_H4K16ac_rep1_peak_1033	chr1	122889429	122891185	p53KD_H4K16ac_rep1_peak_1015
chr1	122896182	122897111	Scramble_H4K16ac_rep1_peak_1034	chr1	122896078	122897104	p53KD_H4K16ac_rep1_peak_1016
chr1	122903111	122904256	Scramble_H4K16ac_rep1_peak_1035	chr1	122904174	122904749	p53KD_H4K16ac_rep1_peak_1018
chr1	122911299	122911548	Scramble_H4K16ac_rep1_peak_1036	chr1	122911280	122911514	p53KD_H4K16ac_rep1_peak_1019
chr1	122943979	122944195	Scramble_H4K16ac_rep1_peak_1037	chr1	122943136	122944246	p53KD_H4K16ac_rep1_peak_1026
chr1	123034031	123034163	Scramble_H4K16ac_rep1_peak_1041	chr1	123033322	123034207	p53KD_H4K16ac_rep1_peak_1040
chr1	123035023	123036182	Scramble_H4K16ac_rep1_peak_1041	chr1	123035032	123036119	p53KD_H4K16ac_rep1_peak_1040
chr1	123048645	123050356	Scramble_H4K16ac_rep1_peak_1043	chr1	123048605	123050387	p53KD_H4K16ac_rep1_peak_1043
chr1	123118698	123120502	Scramble_H4K16ac_rep1_peak_1046	chr1	123118482	123120502	p53KD_H4K16ac_rep1_peak_1054
chr1	123146933	123147408	Scramble_H4K16ac_rep1_peak_1047	chr1	123146925	123147478	p53KD_H4K16ac_rep1_peak_1058
chr1	123156200	123157440	Scramble_H4K16ac_rep1_peak_1048	chr1	123156275	123157364	p53KD_H4K16ac_rep1_peak_1059
chr1	123199603	123200630	Scramble_H4K16ac_rep1_peak_1049	chr1	123199677	123200640	p53KD_H4K16ac_rep1_peak_1067
chr1	123201628	123201841	Scramble_H4K16ac_rep1_peak_1049	chr1	123201609	123202122	p53KD_H4K16ac_rep1_peak_1068
chr1	123235931	123236133	Scramble_H4K16ac_rep1_peak_1051	chr1	123234287	123236956	p53KD_H4K16ac_rep1_peak_1072
chr1	123330452	123331636	Scramble_H4K16ac_rep1_peak_1053	chr1	123330461	123331660	p53KD_H4K16ac_rep1_peak_1088
chr1	123334372	123335179	Scramble_H4K16ac_rep1_peak_1054	chr1	123334111	123335285	p53KD_H4K16ac_rep1_peak_1089
chr1	123398992	123400662	Scramble_H4K16ac_rep1_peak_1055	chr1	123397692	123400676	p53KD_H4K16ac_rep1_peak_1097
chr1	123416350	123416462	Scramble_H4K16ac_rep1_peak_1056	chr1	123415582	123417415	p53KD_H4K16ac_rep1_peak_1099
chr1	123417257	123417576	Scramble_H4K16ac_rep1_peak_1056	chr1	123415582	123417415	p53KD_H4K16ac_rep1_peak_1099
chr1	123433466	123433619	Scramble_H4K16ac_rep1_peak_1057	chr1	123432500	123434163	p53KD_H4K16ac_rep1_peak_1100
chr1	123435543	123436809	Scramble_H4K16ac_rep1_peak_1058	chr1	123436673	123436885	p53KD_H4K16ac_rep1_peak_1101
chr1	123443912	123443962	Scramble_H4K16ac_rep1_peak_1059	chr1	123443405	123444729	p53KD_H4K16ac_rep1_peak_1102
chr1	123514954	123516236	Scramble_H4K16ac_rep1_peak_1061	chr1	123514494	123516242	p53KD_H4K16ac_rep1_peak_1113
chr1	123527880	123528964	Scramble_H4K16ac_rep1_peak_1062	chr1	123527881	123528132	p53KD_H4K16ac_rep1_peak_1114
chr1	123548709	123549840	Scramble_H4K16ac_rep1_peak_1064	chr1	123548735	123549830	p53KD_H4K16ac_rep1_peak_1116
chr1	123558090	123558287	Scramble_H4K16ac_rep1_peak_1066	chr1	123557410	123558402	p53KD_H4K16ac_rep1_peak_1118
chr1	123559146	123560148	Scramble_H4K16ac_rep1_peak_1066	chr1	123559235	123560350	p53KD_H4K16ac_rep1_peak_1118
chr1	123597047	123597315	Scramble_H4K16ac_rep1_peak_1067	chr1	123597024	123597274	p53KD_H4K16ac_rep1_peak_1123
chr1	123732092	123732305	Scramble_H4K16ac_rep1_peak_1071	chr1	123731047	123733160	p53KD_H4K16ac_rep1_peak_1146
chr1	123798497	123798635	Scramble_H4K16ac_rep1_peak_1073	chr1	123797315	123799411	p53KD_H4K16ac_rep1_peak_1156
chr1	123856683	123856894	Scramble_H4K16ac_rep1_peak_1075	chr1	123855711	123856825	p53KD_H4K16ac_rep1_peak_1166
chr1	123882740	123883881	Scramble_H4K16ac_rep1_peak_1076	chr1	123882734	123884177	p53KD_H4K16ac_rep1_peak_1171
chr1	123910770	123911753	Scramble_H4K16ac_rep1_peak_1077	chr1	123910793	123912472	p53KD_H4K16ac_rep1_peak_1174
chr1	123926395	123927828	Scramble_H4K16ac_rep1_peak_1078	chr1	123926336	123926812	p53KD_H4K16ac_rep1_peak_1177
chr1	123970066	123970894	Scramble_H4K16ac_rep1_peak_1079	chr1	123970052	123970890	p53KD_H4K16ac_rep1_peak_1184
chr1	124031707	124032523	Scramble_H4K16ac_rep1_peak_1081	chr1	124032406	124032654	p53KD_H4K16ac_rep1_peak_1196
chr1	124052867	124054665	Scramble_H4K16ac_rep1_peak_1082	chr1	124051641	124054923	p53KD_H4K16ac_rep1_peak_1199
chr1	124070107	124071524	Scramble_H4K16ac_rep1_peak_1084	chr1	124070083	124071494	p53KD_H4K16ac_rep1_peak_1201
chr1	124091942	124092998	Scramble_H4K16ac_rep1_peak_1086	chr1	124091631	124092032	p53KD_H4K16ac_rep1_peak_1206
chr1	124096732	124097184	Scramble_H4K16ac_rep1_peak_1087	chr1	124096974	124097264	p53KD_H4K16ac_rep1_peak_1207
chr1	124098517	124098736	Scramble_H4K16ac_rep1_peak_1087	chr1	124098548	124098821	p53KD_H4K16ac_rep1_peak_1208
chr1	124156084	124156288	Scramble_H4K16ac_rep1_peak_1089	chr1	124156080	124156268	p53KD_H4K16ac_rep1_peak_1217
chr1	124158962	124159052	Scramble_H4K16ac_rep1_peak_1090	chr1	124158895	124159797	p53KD_H4K16ac_rep1_peak_1218
chr1	124178697	124179524	Scramble_H4K16ac_rep1_peak_1091	chr1	124177072	124179980	p53KD_H4K16ac_rep1_peak_1222
chr1	124217514	124219005	Scramble_H4K16ac_rep1_peak_1094	chr1	124217548	124218206	p53KD_H4K16ac_rep1_peak_1229
chr1	124221335	124223123	Scramble_H4K16ac_rep1_peak_1095	chr1	124221272	124223116	p53KD_H4K16ac_rep1_peak_1230
chr1	124237586	124237799	Scramble_H4K16ac_rep1_peak_1096	chr1	124237585	124237808	p53KD_H4K16ac_rep1_peak_1232
chr1	124282838	124283585	Scramble_H4K16ac_rep1_peak_1098	chr1	124280345	124284003	p53KD_H4K16ac_rep1_peak_1242
chr1	124290389	124292576	Scramble_H4K16ac_rep1_peak_1099	chr1	124290582	124290933	p53KD_H4K16ac_rep1_peak_1244
chr1	124306611	124306954	Scramble_H4K16ac_rep1_peak_1100	chr1	124305841	124306931	p53KD_H4K16ac_rep1_peak_1245
chr1	124309607	124309857	Scramble_H4K16ac_rep1_peak_1100	chr1	124309615	124309883	p53KD_H4K16ac_rep1_peak_1246
chr1	124318103	124318997	Scramble_H4K16ac_rep1_peak_1101	chr1	124318127	124320433	p53KD_H4K16ac_rep1_peak_1249
chr1	124328542	124329760	Scramble_H4K16ac_rep1_peak_1102	chr1	124328054	124329308	p53KD_H4K16ac_rep1_peak_1250
chr1	124351520	124352203	Scramble_H4K16ac_rep1_peak_1105	chr1	124351531	124353194	p53KD_H4K16ac_rep1_peak_1253
chr1	124363944	124363967	Scramble_H4K16ac_rep1_peak_1106	chr1	124363928	124364014	p53KD_H4K16ac_rep1_peak_1255
chr1	124366996	124367510	Scramble_H4K16ac_rep1_peak_1107	chr1	124364879	124367612	p53KD_H4K16ac_rep1_peak_1256
chr1	124370083	124370658	Scramble_H4K16ac_rep1_peak_1108	chr1	124370629	124371880	p53KD_H4K16ac_rep1_peak_1257
chr1	124376320	124377381	Scramble_H4K16ac_rep1_peak_1109	chr1	124376304	124377466	p53KD_H4K16ac_rep1_peak_1258
chr1	124406774	124407553	Scramble_H4K16ac_rep1_peak_1110	chr1	124406781	124407599	p53KD_H4K16ac_rep1_peak_1266
chr1	124420987	124421854	Scramble_H4K16ac_rep1_peak_1111	chr1	124421033	124421827	p53KD_H4K16ac_rep1_peak_1268
chr1	124437340	124440033	Scramble_H4K16ac_rep1_peak_1113	chr1	124437293	124438298	p53KD_H4K16ac_rep1_peak_1271
chr1	124437340	124440033	Scramble_H4K16ac_rep1_peak_1113	chr1	124439331	124440021	p53KD_H4K16ac_rep1_peak_1271
chr1	124446333	124446499	Scramble_H4K16ac_rep1_peak_1114	chr1	124445336	124446596	p53KD_H4K16ac_rep1_peak_1272
chr1	124450340	124450555	Scramble_H4K16ac_rep1_peak_1115	chr1	124450272	124450566	p53KD_H4K16ac_rep1_peak_1273
chr1	124456794	124457636	Scramble_H4K16ac_rep1_peak_1116	chr1	124456568	124457627	p53KD_H4K16ac_rep1_peak_1275
chr1	124467014	124467224	Scramble_H4K16ac_rep1_peak_1117	chr1	124467003	124467239	p53KD_H4K16ac_rep1_peak_1276
chr1	124485322	124486280	Scramble_H4K16ac_rep1_peak_1118	chr1	124485371	124486330	p53KD_H4K16ac_rep1_peak_1280
chr1	124499041	124499317	Scramble_H4K16ac_rep1_peak_1119	chr1	124498433	124499357	p53KD_H4K16ac_rep1_peak_1283
chr1	124519028	124519895	Scramble_H4K16ac_rep1_peak_1120	chr1	124518423	124520284	p53KD_H4K16ac_rep1_peak_1288
chr1	124531321	124532260	Scramble_H4K16ac_rep1_peak_1121	chr1	124530157	124532271	p53KD_H4K16ac_rep1_peak_1290
chr1	124545769	124547058	Scramble_H4K16ac_rep1_peak_1122	chr1	124545733	124547058	p53KD_H4K16ac_rep1_peak_1291
chr1	124556358	124556536	Scramble_H4K16ac_rep1_peak_1123	chr1	124556342	124557276	p53KD_H4K16ac_rep1_peak_1294
chr1	124562064	124562462	Scramble_H4K16ac_rep1_peak_1124	chr1	124562036	124564309	p53KD_H4K16ac_rep1_peak_1296
chr1	124593256	124593861	Scramble_H4K16ac_rep1_peak_1127	chr1	124593620	124593844	p53KD_H4K16ac_rep1_peak_1301
chr1	124597080	124597954	Scramble_H4K16ac_rep1_peak_1128	chr1	124597100	124598001	p53KD_H4K16ac_rep1_peak_1303
chr1	124602985	124604158	Scramble_H4K16ac_rep1_peak_1129	chr1	124602803	124604178	p53KD_H4K16ac_rep1_peak_1304
chr1	124612313	124613455	Scramble_H4K16ac_rep1_peak_1130	chr1	124612696	124615264	p53KD_H4K16ac_rep1_peak_1306
chr1	124648570	124648869	Scramble_H4K16ac_rep1_peak_1133	chr1	124647985	124649113	p53KD_H4K16ac_rep1_peak_1314
chr1	124658944	124660088	Scramble_H4K16ac_rep1_peak_1134	chr1	124658939	124660396	p53KD_H4K16ac_rep1_peak_1316
chr1	124670486	124673330	Scramble_H4K16ac_rep1_peak_1135	chr1	124668863	124673370	p53KD_H4K16ac_rep1_peak_1319
chr1	124690519	124692110	Scramble_H4K16ac_rep1_peak_1136	chr1	124690511	124695526	p53KD_H4K16ac_rep1_peak_1323
chr1	124693212	124694493	Scramble_H4K16ac_rep1_peak_1137	chr1	124690511	124695526	p53KD_H4K16ac_rep1_peak_1323
chr1	124695295	124695520	Scramble_H4K16ac_rep1_peak_1137	chr1	124690511	124695526	p53KD_H4K16ac_rep1_peak_1323
chr1	124701278	124701553	Scramble_H4K16ac_rep1_peak_1138	chr1	124700373	124701551	p53KD_H4K16ac_rep1_peak_1324
chr1	124712718	124715032	Scramble_H4K16ac_rep1_peak_1139	chr1	124712201	124713841	p53KD_H4K16ac_rep1_peak_1325
chr1	124712718	124715032	Scramble_H4K16ac_rep1_peak_1139	chr1	124714661	124715691	p53KD_H4K16ac_rep1_peak_1325
chr1	124725908	124726192	Scramble_H4K16ac_rep1_peak_1140	chr1	124725092	124729437	p53KD_H4K16ac_rep1_peak_1328
chr1	124727981	124731778	Scramble_H4K16ac_rep1_peak_1141	chr1	124725092	124729437	p53KD_H4K16ac_rep1_peak_1328
chr1	124727981	124731778	Scramble_H4K16ac_rep1_peak_1141	chr1	124730637	124733224	p53KD_H4K16ac_rep1_peak_1329
chr1	124735689	124735843	Scramble_H4K16ac_rep1_peak_1143	chr1	124735753	124738112	p53KD_H4K16ac_rep1_peak_1330
chr1	124737166	124737377	Scramble_H4K16ac_rep1_peak_1143	chr1	124735753	124738112	p53KD_H4K16ac_rep1_peak_1330
chr1	124739548	124740474	Scramble_H4K16ac_rep1_peak_1144	chr1	124739399	124741573	p53KD_H4K16ac_rep1_peak_1331
chr1	124741335	124741566	Scramble_H4K16ac_rep1_peak_1144	chr1	124739399	124741573	p53KD_H4K16ac_rep1_peak_1331
chr1	124745527	124747465	Scramble_H4K16ac_rep1_peak_1145	chr1	124744380	124747742	p53KD_H4K16ac_rep1_peak_1333
chr1	124749880	124750743	Scramble_H4K16ac_rep1_peak_1146	chr1	124750022	124750759	p53KD_H4K16ac_rep1_peak_1334
chr1	124756842	124757776	Scramble_H4K16ac_rep1_peak_1147	chr1	124756710	124757815	p53KD_H4K16ac_rep1_peak_1335
chr1	124761804	124763777	Scramble_H4K16ac_rep1_peak_1148	chr1	124761993	124764082	p53KD_H4K16ac_rep1_peak_1336
chr1	124767392	124768755	Scramble_H4K16ac_rep1_peak_1149	chr1	124767936	124768875	p53KD_H4K16ac_rep1_peak_1337
chr1	124770002	124771151	Scramble_H4K16ac_rep1_peak_1150	chr1	124770896	124771162	p53KD_H4K16ac_rep1_peak_1338
chr1	124774898	124775245	Scramble_H4K16ac_rep1_peak_1151	chr1	124774423	124775230	p53KD_H4K16ac_rep1_peak_1340
chr1	124776578	124778292	Scramble_H4K16ac_rep1_peak_1152	chr1	124776564	124778308	p53KD_H4K16ac_rep1_peak_1340
chr1	124783375	124784270	Scramble_H4K16ac_rep1_peak_1154	chr1	124783350	124785015	p53KD_H4K16ac_rep1_peak_1341
chr1	125180862	125183101	Scramble_H4K16ac_rep1_peak_1157	chr1	125178863	125183184	p53KD_H4K16ac_rep1_peak_1350
chr1	143186452	143187779	Scramble_H4K16ac_rep1_peak_1158	chr1	143184825	143187909	p53KD_H4K16ac_rep1_peak_1351
chr1	143190591	143193791	Scramble_H4K16ac_rep1_peak_1159	chr1	143190558	143195747	p53KD_H4K16ac_rep1_peak_1352
chr1	143200227	143203522	Scramble_H4K16ac_rep1_peak_1160	chr1	143200208	143203560	p53KD_H4K16ac_rep1_peak_1353
chr1	143212480	143213331	Scramble_H4K16ac_rep1_peak_1161	chr1	143211799	143213342	p53KD_H4K16ac_rep1_peak_1355
chr1	143214234	143215442	Scramble_H4K16ac_rep1_peak_1161	chr1	143214234	143223087	p53KD_H4K16ac_rep1_peak_1356
chr1	143216703	143223062	Scramble_H4K16ac_rep1_peak_1162	chr1	143214234	143223087	p53KD_H4K16ac_rep1_peak_1356
chr1	143230247	143230479	Scramble_H4K16ac_rep1_peak_1163	chr1	143230187	143230467	p53KD_H4K16ac_rep1_peak_1358
chr1	143231297	143231467	Scramble_H4K16ac_rep1_peak_1163	chr1	143231299	143233320	p53KD_H4K16ac_rep1_peak_1359
chr1	143237338	143238264	Scramble_H4K16ac_rep1_peak_1164	chr1	143235688	143240420	p53KD_H4K16ac_rep1_peak_1360
chr1	143239440	143240357	Scramble_H4K16ac_rep1_peak_1165	chr1	143235688	143240420	p53KD_H4K16ac_rep1_peak_1360
chr1	143247087	143247426	Scramble_H4K16ac_rep1_peak_1166	chr1	143245433	143247464	p53KD_H4K16ac_rep1_peak_1361
chr1	143251704	143256908	Scramble_H4K16ac_rep1_peak_1167	chr1	143251576	143256961	p53KD_H4K16ac_rep1_peak_1362
chr1	143262627	143265913	Scramble_H4K16ac_rep1_peak_1168	chr1	143262099	143266917	p53KD_H4K16ac_rep1_peak_1363
chr1	149840979	149842967	Scramble_H4K16ac_rep1_peak_1207	chr1	149841559	149841815	p53KD_H4K16ac_rep1_peak_1458
chr1	156660432	156661180	Scramble_H4K16ac_rep1_peak_1294	chr1	156660337	156661217	p53KD_H4K16ac_rep1_peak_1485
chr1	161447130	161448278	Scramble_H4K16ac_rep1_peak_1316	chr1	161448066	161448981	p53KD_H4K16ac_rep1_peak_1492
chr1	171339320	171339883	Scramble_H4K16ac_rep1_peak_1333	chr1	171339292	171339970	p53KD_H4K16ac_rep1_peak_1503
chr1	181104071	181105704	Scramble_H4K16ac_rep1_peak_1352	chr1	181105646	181106040	p53KD_H4K16ac_rep1_peak_1507
chr1	204104239	204104650	Scramble_H4K16ac_rep1_peak_1377	chr1	204104579	204104778	p53KD_H4K16ac_rep1_peak_1515
chr1	206379327	206380189	Scramble_H4K16ac_rep1_peak_1391	chr1	206379406	206379567	p53KD_H4K16ac_rep1_peak_1521
chr1	228609010	228617071	Scramble_H4K16ac_rep1_peak_1462	chr1	228610210	228611004	p53KD_H4K16ac_rep1_peak_1547
chr1	228609010	228617071	Scramble_H4K16ac_rep1_peak_1462	chr1	228614295	228614834	p53KD_H4K16ac_rep1_peak_1547
chr1	228609010	228617071	Scramble_H4K16ac_rep1_peak_1462	chr1	228616808	228618014	p53KD_H4K16ac_rep1_peak_1547
chr1	228618454	228626799	Scramble_H4K16ac_rep1_peak_1463	chr1	228623094	228623534	p53KD_H4K16ac_rep1_peak_1548
chr1	228628448	228635437	Scramble_H4K16ac_rep1_peak_1464	chr1	228629577	228631955	p53KD_H4K16ac_rep1_peak_1549
chr1	228638598	228639407	Scramble_H4K16ac_rep1_peak_1466	chr1	228638045	228639422	p53KD_H4K16ac_rep1_peak_1550
chr1	228641171	228646669	Scramble_H4K16ac_rep1_peak_1467	chr1	228640971	228641641	p53KD_H4K16ac_rep1_peak_1551
chr1	228641171	228646669	Scramble_H4K16ac_rep1_peak_1467	chr1	228642934	228646011	p53KD_H4K16ac_rep1_peak_1551
chr1	236714300	236714615	Scramble_H4K16ac_rep1_peak_1500	chr1	236714272	236714589	p53KD_H4K16ac_rep1_peak_1558
chr1	248858449	248859507	Scramble_H4K16ac_rep1_peak_1513	chr1	248857766	248858650	p53KD_H4K16ac_rep1_peak_1571
chr10	10024	10370	Scramble_H4K16ac_rep1_peak_1515	chr10	10004	10372	p53KD_H4K16ac_rep1_peak_1573
chr10	6163896	6164238	Scramble_H4K16ac_rep1_peak_1526	chr10	6164130	6164405	p53KD_H4K16ac_rep1_peak_1578
chr10	39966175	39968569	Scramble_H4K16ac_rep1_peak_1578	chr10	39966130	39968783	p53KD_H4K16ac_rep1_peak_1601
chr10	39984227	39986555	Scramble_H4K16ac_rep1_peak_1579	chr10	39983508	39987353	p53KD_H4K16ac_rep1_peak_1602
chr10	39990151	39993899	Scramble_H4K16ac_rep1_peak_1580	chr10	39989935	39993754	p53KD_H4K16ac_rep1_peak_1603
chr10	40070287	40071001	Scramble_H4K16ac_rep1_peak_1581	chr10	40068789	40072039	p53KD_H4K16ac_rep1_peak_1609
chr10	40076832	40077637	Scramble_H4K16ac_rep1_peak_1582	chr10	40076471	40078881	p53KD_H4K16ac_rep1_peak_1610
chr10	40080016	40086615	Scramble_H4K16ac_rep1_peak_1583	chr10	40079993	40084904	p53KD_H4K16ac_rep1_peak_1610
chr10	40097841	40100471	Scramble_H4K16ac_rep1_peak_1584	chr10	40097821	40100278	p53KD_H4K16ac_rep1_peak_1612
chr10	40128477	40128804	Scramble_H4K16ac_rep1_peak_1585	chr10	40127637	40130014	p53KD_H4K16ac_rep1_peak_1614
chr10	40135127	40136618	Scramble_H4K16ac_rep1_peak_1586	chr10	40135097	40136441	p53KD_H4K16ac_rep1_peak_1615
chr10	40148103	40149805	Scramble_H4K16ac_rep1_peak_1587	chr10	40148057	40149853	p53KD_H4K16ac_rep1_peak_1616
chr10	40157735	40158986	Scramble_H4K16ac_rep1_peak_1588	chr10	40157649	40159048	p53KD_H4K16ac_rep1_peak_1617
chr10	40201461	40205755	Scramble_H4K16ac_rep1_peak_1589	chr10	40201281	40205505	p53KD_H4K16ac_rep1_peak_1620
chr10	40218520	40219982	Scramble_H4K16ac_rep1_peak_1590	chr10	40218236	40220154	p53KD_H4K16ac_rep1_peak_1622
chr10	40223280	40224111	Scramble_H4K16ac_rep1_peak_1591	chr10	40223380	40224111	p53KD_H4K16ac_rep1_peak_1624
chr10	40266156	40268996	Scramble_H4K16ac_rep1_peak_1592	chr10	40266271	40268283	p53KD_H4K16ac_rep1_peak_1628
chr10	40285189	40289276	Scramble_H4K16ac_rep1_peak_1593	chr10	40285210	40290375	p53KD_H4K16ac_rep1_peak_1630
chr10	40290197	40290401	Scramble_H4K16ac_rep1_peak_1593	chr10	40285210	40290375	p53KD_H4K16ac_rep1_peak_1630
chr10	40333877	40334412	Scramble_H4K16ac_rep1_peak_1595	chr10	40333423	40334470	p53KD_H4K16ac_rep1_peak_1631
chr10	40337288	40337509	Scramble_H4K16ac_rep1_peak_1596	chr10	40336352	40338165	p53KD_H4K16ac_rep1_peak_1631
chr10	40345339	40346603	Scramble_H4K16ac_rep1_peak_1597	chr10	40345102	40346654	p53KD_H4K16ac_rep1_peak_1632
chr10	40366731	40368649	Scramble_H4K16ac_rep1_peak_1598	chr10	40366125	40368656	p53KD_H4K16ac_rep1_peak_1633
chr10	40374359	40376600	Scramble_H4K16ac_rep1_peak_1600	chr10	40372727	40374467	p53KD_H4K16ac_rep1_peak_1634
chr10	40374359	40376600	Scramble_H4K16ac_rep1_peak_1600	chr10	40376136	40377229	p53KD_H4K16ac_rep1_peak_1634
chr10	40378078	40378902	Scramble_H4K16ac_rep1_peak_1601	chr10	40378484	40379172	p53KD_H4K16ac_rep1_peak_1635
chr10	40389379	40390487	Scramble_H4K16ac_rep1_peak_1602	chr10	40389070	40390912	p53KD_H4K16ac_rep1_peak_1636
chr10	40391833	40395244	Scramble_H4K16ac_rep1_peak_1603	chr10	40391823	40400715	p53KD_H4K16ac_rep1_peak_1637
chr10	40396541	40400633	Scramble_H4K16ac_rep1_peak_1604	chr10	40391823	40400715	p53KD_H4K16ac_rep1_peak_1637
chr10	40412948	40415038	Scramble_H4K16ac_rep1_peak_1605	chr10	40412933	40415708	p53KD_H4K16ac_rep1_peak_1639
chr10	40436666	40437145	Scramble_H4K16ac_rep1_peak_1606	chr10	40435947	40437235	p53KD_H4K16ac_rep1_peak_1640
chr10	40454019	40455715	Scramble_H4K16ac_rep1_peak_1607	chr10	40453362	40456153	p53KD_H4K16ac_rep1_peak_1641
chr10	40461474	40462959	Scramble_H4K16ac_rep1_peak_1608	chr10	40462071	40463126	p53KD_H4K16ac_rep1_peak_1642
chr10	40465608	40467598	Scramble_H4K16ac_rep1_peak_1609	chr10	40465315	40467718	p53KD_H4K16ac_rep1_peak_1643
chr10	40477046	40477162	Scramble_H4K16ac_rep1_peak_1610	chr10	40476540	40477190	p53KD_H4K16ac_rep1_peak_1644
chr10	40478330	40479028	Scramble_H4K16ac_rep1_peak_1610	chr10	40478055	40479816	p53KD_H4K16ac_rep1_peak_1644
chr10	40485439	40486542	Scramble_H4K16ac_rep1_peak_1611	chr10	40485615	40485852	p53KD_H4K16ac_rep1_peak_1645
chr10	40496458	40497722	Scramble_H4K16ac_rep1_peak_1612	chr10	40496326	40497825	p53KD_H4K16ac_rep1_peak_1647
chr10	40505222	40509044	Scramble_H4K16ac_rep1_peak_1613	chr10	40504628	40509495	p53KD_H4K16ac_rep1_peak_1648
chr10	40511088	40515704	Scramble_H4K16ac_rep1_peak_1614	chr10	40510643	40518673	p53KD_H4K16ac_rep1_peak_1648
chr10	40541916	40544090	Scramble_H4K16ac_rep1_peak_1615	chr10	40541533	40543838	p53KD_H4K16ac_rep1_peak_1650
chr10	40555640	40558002	Scramble_H4K16ac_rep1_peak_1616	chr10	40555448	40557942	p53KD_H4K16ac_rep1_peak_1652
chr10	40589065	40590569	Scramble_H4K16ac_rep1_peak_1617	chr10	40589052	40594682	p53KD_H4K16ac_rep1_peak_1655
chr10	40591653	40595821	Scramble_H4K16ac_rep1_peak_1618	chr10	40589052	40594682	p53KD_H4K16ac_rep1_peak_1655
chr10	40591653	40595821	Scramble_H4K16ac_rep1_peak_1618	chr10	40595507	40596573	p53KD_H4K16ac_rep1_peak_1655
chr10	40598525	40601785	Scramble_H4K16ac_rep1_peak_1619	chr10	40597764	40602442	p53KD_H4K16ac_rep1_peak_1655
chr10	40610722	40612359	Scramble_H4K16ac_rep1_peak_1620	chr10	40607594	40612744	p53KD_H4K16ac_rep1_peak_1657
chr10	40643583	40645576	Scramble_H4K16ac_rep1_peak_1621	chr10	40643438	40645624	p53KD_H4K16ac_rep1_peak_1662
chr10	40658657	40659278	Scramble_H4K16ac_rep1_peak_1622	chr10	40658339	40659431	p53KD_H4K16ac_rep1_peak_1664
chr10	40661550	40662866	Scramble_H4K16ac_rep1_peak_1623	chr10	40661350	40665503	p53KD_H4K16ac_rep1_peak_1665
chr10	40664379	40664890	Scramble_H4K16ac_rep1_peak_1623	chr10	40661350	40665503	p53KD_H4K16ac_rep1_peak_1665
chr10	40667961	40669569	Scramble_H4K16ac_rep1_peak_1624	chr10	40666509	40668734	p53KD_H4K16ac_rep1_peak_1666
chr10	40679390	40683700	Scramble_H4K16ac_rep1_peak_1625	chr10	40678436	40683612	p53KD_H4K16ac_rep1_peak_1667
chr10	40727034	40729527	Scramble_H4K16ac_rep1_peak_1626	chr10	40726970	40729601	p53KD_H4K16ac_rep1_peak_1671
chr10	40752564	40752650	Scramble_H4K16ac_rep1_peak_1627	chr10	40751653	40753077	p53KD_H4K16ac_rep1_peak_1673
chr10	40770600	40771490	Scramble_H4K16ac_rep1_peak_1629	chr10	40769507	40771733	p53KD_H4K16ac_rep1_peak_1677
chr10	40798171	40799871	Scramble_H4K16ac_rep1_peak_1630	chr10	40797457	40801011	p53KD_H4K16ac_rep1_peak_1681
chr10	40804860	40807022	Scramble_H4K16ac_rep1_peak_1632	chr10	40804302	40807292	p53KD_H4K16ac_rep1_peak_1683
chr10	40815671	40818615	Scramble_H4K16ac_rep1_peak_1633	chr10	40814711	40818381	p53KD_H4K16ac_rep1_peak_1685
chr10	40834100	40835153	Scramble_H4K16ac_rep1_peak_1635	chr10	40833137	40836422	p53KD_H4K16ac_rep1_peak_1687
chr10	40844558	40851270	Scramble_H4K16ac_rep1_peak_1636	chr10	40844460	40851576	p53KD_H4K16ac_rep1_peak_1689
chr10	40862783	40863780	Scramble_H4K16ac_rep1_peak_1637	chr10	40862436	40863780	p53KD_H4K16ac_rep1_peak_1690
chr10	40878740	40880599	Scramble_H4K16ac_rep1_peak_1638	chr10	40878826	40880791	p53KD_H4K16ac_rep1_peak_1692
chr10	40892238	40893911	Scramble_H4K16ac_rep1_peak_1639	chr10	40892187	40892533	p53KD_H4K16ac_rep1_peak_1694
chr10	40924089	40925113	Scramble_H4K16ac_rep1_peak_1641	chr10	40924000	40925136	p53KD_H4K16ac_rep1_peak_1698
chr10	40937818	40939208	Scramble_H4K16ac_rep1_peak_1642	chr10	40937678	40939344	p53KD_H4K16ac_rep1_peak_1700
chr10	40956682	40957794	Scramble_H4K16ac_rep1_peak_1644	chr10	40955954	40958281	p53KD_H4K16ac_rep1_peak_1702
chr10	40962217	40963048	Scramble_H4K16ac_rep1_peak_1645	chr10	40961369	40967701	p53KD_H4K16ac_rep1_peak_1703
chr10	40964645	40966722	Scramble_H4K16ac_rep1_peak_1646	chr10	40961369	40967701	p53KD_H4K16ac_rep1_peak_1703
chr10	40980959	40981326	Scramble_H4K16ac_rep1_peak_1648	chr10	40981048	40981314	p53KD_H4K16ac_rep1_peak_1706
chr10	40987039	40988096	Scramble_H4K16ac_rep1_peak_1649	chr10	40987069	40988127	p53KD_H4K16ac_rep1_peak_1707
chr10	41068460	41069664	Scramble_H4K16ac_rep1_peak_1651	chr10	41068459	41069684	p53KD_H4K16ac_rep1_peak_1719
chr10	41087566	41088622	Scramble_H4K16ac_rep1_peak_1652	chr10	41087575	41088766	p53KD_H4K16ac_rep1_peak_1723
chr10	41124985	41125500	Scramble_H4K16ac_rep1_peak_1654	chr10	41124966	41125520	p53KD_H4K16ac_rep1_peak_1725
chr10	41150500	41152227	Scramble_H4K16ac_rep1_peak_1655	chr10	41150479	41151017	p53KD_H4K16ac_rep1_peak_1729
chr10	41236939	41237465	Scramble_H4K16ac_rep1_peak_1658	chr10	41236799	41237422	p53KD_H4K16ac_rep1_peak_1743
chr10	41329154	41330667	Scramble_H4K16ac_rep1_peak_1659	chr10	41329191	41330696	p53KD_H4K16ac_rep1_peak_1755
chr10	41353660	41353736	Scramble_H4K16ac_rep1_peak_1661	chr10	41352895	41353730	p53KD_H4K16ac_rep1_peak_1759
chr10	41439008	41440476	Scramble_H4K16ac_rep1_peak_1664	chr10	41438997	41440475	p53KD_H4K16ac_rep1_peak_1768
chr10	41494429	41495602	Scramble_H4K16ac_rep1_peak_1665	chr10	41494295	41495658	p53KD_H4K16ac_rep1_peak_1772
chr10	41589320	41589626	Scramble_H4K16ac_rep1_peak_1670	chr10	41589577	41591028	p53KD_H4K16ac_rep1_peak_1782
chr10	41862064	41862472	Scramble_H4K16ac_rep1_peak_1672	chr10	41859870	41863563	p53KD_H4K16ac_rep1_peak_1787
chr10	41876407	41876743	Scramble_H4K16ac_rep1_peak_1673	chr10	41876592	41877514	p53KD_H4K16ac_rep1_peak_1791
chr10	41892515	41893390	Scramble_H4K16ac_rep1_peak_1675	chr10	41891913	41892954	p53KD_H4K16ac_rep1_peak_1796
chr10	41897516	41898994	Scramble_H4K16ac_rep1_peak_1676	chr10	41894233	41899883	p53KD_H4K16ac_rep1_peak_1796
chr10	41911274	41912472	Scramble_H4K16ac_rep1_peak_1677	chr10	41909478	41912392	p53KD_H4K16ac_rep1_peak_1799
chr10	42071330	42071624	Scramble_H4K16ac_rep1_peak_1678	chr10	42068734	42073325	p53KD_H4K16ac_rep1_peak_1802
chr10	70477612	70478593	Scramble_H4K16ac_rep1_peak_1711	chr10	70477970	70478227	p53KD_H4K16ac_rep1_peak_1823
chr10	97426114	97426719	Scramble_H4K16ac_rep1_peak_1782	chr10	97426262	97426439	p53KD_H4K16ac_rep1_peak_1847
chr10	101060841	101062234	Scramble_H4K16ac_rep1_peak_1814	chr10	101060812	101061346	p53KD_H4K16ac_rep1_peak_1853
chr10	102133065	102133924	Scramble_H4K16ac_rep1_peak_1821	chr10	102133249	102133660	p53KD_H4K16ac_rep1_peak_1855
chr10	102152408	102152838	Scramble_H4K16ac_rep1_peak_1822	chr10	102152654	102152689	p53KD_H4K16ac_rep1_peak_1856
chr10	126947489	126948253	Scramble_H4K16ac_rep1_peak_1872	chr10	126947494	126948396	p53KD_H4K16ac_rep1_peak_1872
chr10	133478334	133479869	Scramble_H4K16ac_rep1_peak_1894	chr10	133479080	133479647	p53KD_H4K16ac_rep1_peak_1879
chr10	133667352	133667674	Scramble_H4K16ac_rep1_peak_1895	chr10	133667507	133667736	p53KD_H4K16ac_rep1_peak_1880
chr10	133687162	133690417	Scramble_H4K16ac_rep1_peak_1896	chr10	133686922	133690403	p53KD_H4K16ac_rep1_peak_1884
chr10	133762852	133763823	Scramble_H4K16ac_rep1_peak_1897	chr10	133762928	133763884	p53KD_H4K16ac_rep1_peak_1888
chr11	354477	355142	Scramble_H4K16ac_rep1_peak_1903	chr11	355130	355595	p53KD_H4K16ac_rep1_peak_1894
chr11	809640	810740	Scramble_H4K16ac_rep1_peak_1921	chr11	809596	809703	p53KD_H4K16ac_rep1_peak_1903
chr11	1431469	1431973	Scramble_H4K16ac_rep1_peak_1927	chr11	1431392	1431743	p53KD_H4K16ac_rep1_peak_1904
chr11	2202524	2204946	Scramble_H4K16ac_rep1_peak_1931	chr11	2202118	2203651	p53KD_H4K16ac_rep1_peak_1910
chr11	8682238	8683572	Scramble_H4K16ac_rep1_peak_1958	chr11	8682292	8683000	p53KD_H4K16ac_rep1_peak_1923
chr11	10658208	10659683	Scramble_H4K16ac_rep1_peak_1977	chr11	10657973	10659095	p53KD_H4K16ac_rep1_peak_1929
chr11	47268556	47269927	Scramble_H4K16ac_rep1_peak_2077	chr11	47269105	47269546	p53KD_H4K16ac_rep1_peak_1960
chr11	47766890	47768220	Scramble_H4K16ac_rep1_peak_2088	chr11	47767654	47767897	p53KD_H4K16ac_rep1_peak_1966
chr11	51171465	51172151	Scramble_H4K16ac_rep1_peak_2094	chr11	51164090	51175782	p53KD_H4K16ac_rep1_peak_1979
chr11	51183795	51184052	Scramble_H4K16ac_rep1_peak_2095	chr11	51182946	51187222	p53KD_H4K16ac_rep1_peak_1982
chr11	51185297	51186748	Scramble_H4K16ac_rep1_peak_2095	chr11	51182946	51187222	p53KD_H4K16ac_rep1_peak_1982
chr11	51197846	51198166	Scramble_H4K16ac_rep1_peak_2096	chr11	51196344	51199238	p53KD_H4K16ac_rep1_peak_1984
chr11	51202873	51205031	Scramble_H4K16ac_rep1_peak_2097	chr11	51204224	51204519	p53KD_H4K16ac_rep1_peak_1986
chr11	51206786	51207231	Scramble_H4K16ac_rep1_peak_2098	chr11	51206766	51208238	p53KD_H4K16ac_rep1_peak_1987
chr11	51211639	51212324	Scramble_H4K16ac_rep1_peak_2099	chr11	51210265	51213415	p53KD_H4K16ac_rep1_peak_1988
chr11	51214722	51216126	Scramble_H4K16ac_rep1_peak_2100	chr11	51215240	51216324	p53KD_H4K16ac_rep1_peak_1989
chr11	51221388	51223114	Scramble_H4K16ac_rep1_peak_2101	chr11	51220474	51224672	p53KD_H4K16ac_rep1_peak_1990
chr11	51251549	51251895	Scramble_H4K16ac_rep1_peak_2104	chr11	51251346	51255441	p53KD_H4K16ac_rep1_peak_1996
chr11	51261870	51262919	Scramble_H4K16ac_rep1_peak_2106	chr11	51261095	51262049	p53KD_H4K16ac_rep1_peak_1997
chr11	51261870	51262919	Scramble_H4K16ac_rep1_peak_2106	chr11	51262915	51263368	p53KD_H4K16ac_rep1_peak_1997
chr11	51273243	51274643	Scramble_H4K16ac_rep1_peak_2109	chr11	51274034	51275796	p53KD_H4K16ac_rep1_peak_1998
chr11	51290836	51296834	Scramble_H4K16ac_rep1_peak_2110	chr11	51289725	51297674	p53KD_H4K16ac_rep1_peak_2003
chr11	51309361	51310371	Scramble_H4K16ac_rep1_peak_2112	chr11	51305523	51311309	p53KD_H4K16ac_rep1_peak_2006
chr11	51318774	51319238	Scramble_H4K16ac_rep1_peak_2113	chr11	51318661	51321131	p53KD_H4K16ac_rep1_peak_2008
chr11	51326808	51327341	Scramble_H4K16ac_rep1_peak_2115	chr11	51326923	51327253	p53KD_H4K16ac_rep1_peak_2010
chr11	51372506	51373268	Scramble_H4K16ac_rep1_peak_2118	chr11	51372443	51374876	p53KD_H4K16ac_rep1_peak_2017
chr11	51374714	51375991	Scramble_H4K16ac_rep1_peak_2119	chr11	51372443	51374876	p53KD_H4K16ac_rep1_peak_2017
chr11	51381745	51385102	Scramble_H4K16ac_rep1_peak_2120	chr11	51380183	51384194	p53KD_H4K16ac_rep1_peak_2019
chr11	51387750	51388859	Scramble_H4K16ac_rep1_peak_2121	chr11	51387718	51389529	p53KD_H4K16ac_rep1_peak_2020
chr11	51400254	51402469	Scramble_H4K16ac_rep1_peak_2122	chr11	51394591	51401930	p53KD_H4K16ac_rep1_peak_2022
chr11	51406916	51406972	Scramble_H4K16ac_rep1_peak_2123	chr11	51406636	51410522	p53KD_H4K16ac_rep1_peak_2023
chr11	51412483	51412799	Scramble_H4K16ac_rep1_peak_2124	chr11	51412528	51413916	p53KD_H4K16ac_rep1_peak_2024
chr11	51443109	51446654	Scramble_H4K16ac_rep1_peak_2125	chr11	51443210	51456430	p53KD_H4K16ac_rep1_peak_2028
chr11	51470554	51473660	Scramble_H4K16ac_rep1_peak_2127	chr11	51468913	51475281	p53KD_H4K16ac_rep1_peak_2030
chr11	51475251	51475425	Scramble_H4K16ac_rep1_peak_2127	chr11	51468913	51475281	p53KD_H4K16ac_rep1_peak_2030
chr11	51483838	51485630	Scramble_H4K16ac_rep1_peak_2129	chr11	51482692	51485541	p53KD_H4K16ac_rep1_peak_2032
chr11	51488740	51489568	Scramble_H4K16ac_rep1_peak_2130	chr11	51488705	51489259	p53KD_H4K16ac_rep1_peak_2033
chr11	51499648	51500053	Scramble_H4K16ac_rep1_peak_2131	chr11	51495204	51503310	p53KD_H4K16ac_rep1_peak_2034
chr11	51512736	51514443	Scramble_H4K16ac_rep1_peak_2133	chr11	51511718	51517646	p53KD_H4K16ac_rep1_peak_2036
chr11	51532356	51533930	Scramble_H4K16ac_rep1_peak_2134	chr11	51531689	51536381	p53KD_H4K16ac_rep1_peak_2038
chr11	51539484	51540797	Scramble_H4K16ac_rep1_peak_2135	chr11	51538488	51545077	p53KD_H4K16ac_rep1_peak_2039
chr11	51566281	51567300	Scramble_H4K16ac_rep1_peak_2137	chr11	51565302	51569704	p53KD_H4K16ac_rep1_peak_2043
chr11	51571708	51573266	Scramble_H4K16ac_rep1_peak_2139	chr11	51571173	51574383	p53KD_H4K16ac_rep1_peak_2043
chr11	51577289	51578923	Scramble_H4K16ac_rep1_peak_2141	chr11	51577507	51580832	p53KD_H4K16ac_rep1_peak_2044
chr11	51587068	51588159	Scramble_H4K16ac_rep1_peak_2142	chr11	51587105	51591625	p53KD_H4K16ac_rep1_peak_2045
chr11	51606814	51607071	Scramble_H4K16ac_rep1_peak_2144	chr11	51606776	51611407	p53KD_H4K16ac_rep1_peak_2049
chr11	51608744	51609230	Scramble_H4K16ac_rep1_peak_2145	chr11	51606776	51611407	p53KD_H4K16ac_rep1_peak_2049
chr11	51612906	51613175	Scramble_H4K16ac_rep1_peak_2147	chr11	51612799	51613248	p53KD_H4K16ac_rep1_peak_2050
chr11	51636046	51637896	Scramble_H4K16ac_rep1_peak_2149	chr11	51636045	51638629	p53KD_H4K16ac_rep1_peak_2054
chr11	51644657	51645093	Scramble_H4K16ac_rep1_peak_2150	chr11	51643191	51648072	p53KD_H4K16ac_rep1_peak_2055
chr11	51647952	51648253	Scramble_H4K16ac_rep1_peak_2151	chr11	51643191	51648072	p53KD_H4K16ac_rep1_peak_2055
chr11	51665428	51666577	Scramble_H4K16ac_rep1_peak_2153	chr11	51665126	51669006	p53KD_H4K16ac_rep1_peak_2060
chr11	51668189	51668671	Scramble_H4K16ac_rep1_peak_2154	chr11	51665126	51669006	p53KD_H4K16ac_rep1_peak_2060
chr11	51670120	51670476	Scramble_H4K16ac_rep1_peak_2155	chr11	51669943	51672650	p53KD_H4K16ac_rep1_peak_2060
chr11	51681980	51684153	Scramble_H4K16ac_rep1_peak_2156	chr11	51682114	51685676	p53KD_H4K16ac_rep1_peak_2062
chr11	51690853	51691374	Scramble_H4K16ac_rep1_peak_2159	chr11	51689817	51691262	p53KD_H4K16ac_rep1_peak_2063
chr11	51693353	51694571	Scramble_H4K16ac_rep1_peak_2160	chr11	51692089	51694678	p53KD_H4K16ac_rep1_peak_2064
chr11	51700218	51700620	Scramble_H4K16ac_rep1_peak_2161	chr11	51700342	51701188	p53KD_H4K16ac_rep1_peak_2066
chr11	51705984	51707830	Scramble_H4K16ac_rep1_peak_2162	chr11	51706643	51707039	p53KD_H4K16ac_rep1_peak_2067
chr11	51744508	51745127	Scramble_H4K16ac_rep1_peak_2164	chr11	51745076	51745845	p53KD_H4K16ac_rep1_peak_2075
chr11	51751241	51756341	Scramble_H4K16ac_rep1_peak_2165	chr11	51752454	51753326	p53KD_H4K16ac_rep1_peak_2078
chr11	51751241	51756341	Scramble_H4K16ac_rep1_peak_2165	chr11	51755344	51758526	p53KD_H4K16ac_rep1_peak_2079
chr11	51757596	51758293	Scramble_H4K16ac_rep1_peak_2166	chr11	51755344	51758526	p53KD_H4K16ac_rep1_peak_2079
chr11	51766450	51767669	Scramble_H4K16ac_rep1_peak_2167	chr11	51766117	51767669	p53KD_H4K16ac_rep1_peak_2081
chr11	51772293	51773011	Scramble_H4K16ac_rep1_peak_2168	chr11	51770040	51775159	p53KD_H4K16ac_rep1_peak_2082
chr11	51774365	51775148	Scramble_H4K16ac_rep1_peak_2168	chr11	51770040	51775159	p53KD_H4K16ac_rep1_peak_2082
chr11	51777943	51779683	Scramble_H4K16ac_rep1_peak_2169	chr11	51779108	51779810	p53KD_H4K16ac_rep1_peak_2083
chr11	51780970	51782247	Scramble_H4K16ac_rep1_peak_2169	chr11	51780704	51784901	p53KD_H4K16ac_rep1_peak_2084
chr11	51784658	51787585	Scramble_H4K16ac_rep1_peak_2170	chr11	51780704	51784901	p53KD_H4K16ac_rep1_peak_2084
chr11	51784658	51787585	Scramble_H4K16ac_rep1_peak_2170	chr11	51785893	51788750	p53KD_H4K16ac_rep1_peak_2085
chr11	51798262	51800070	Scramble_H4K16ac_rep1_peak_2171	chr11	51794173	51801497	p53KD_H4K16ac_rep1_peak_2087
chr11	51807250	51808479	Scramble_H4K16ac_rep1_peak_2172	chr11	51807111	51808647	p53KD_H4K16ac_rep1_peak_2089
chr11	51813506	51814420	Scramble_H4K16ac_rep1_peak_2173	chr11	51812715	51815954	p53KD_H4K16ac_rep1_peak_2089
chr11	51825814	51826833	Scramble_H4K16ac_rep1_peak_2175	chr11	51821646	51827422	p53KD_H4K16ac_rep1_peak_2090
chr11	51841213	51842140	Scramble_H4K16ac_rep1_peak_2176	chr11	51840500	51844379	p53KD_H4K16ac_rep1_peak_2094
chr11	51844604	51845946	Scramble_H4K16ac_rep1_peak_2177	chr11	51845498	51845909	p53KD_H4K16ac_rep1_peak_2095
chr11	51847122	51848107	Scramble_H4K16ac_rep1_peak_2178	chr11	51847108	51848928	p53KD_H4K16ac_rep1_peak_2095
chr11	51850532	51850710	Scramble_H4K16ac_rep1_peak_2178	chr11	51850127	51854849	p53KD_H4K16ac_rep1_peak_2096
chr11	51857365	51859110	Scramble_H4K16ac_rep1_peak_2179	chr11	51855709	51857656	p53KD_H4K16ac_rep1_peak_2097
chr11	51857365	51859110	Scramble_H4K16ac_rep1_peak_2179	chr11	51858710	51859171	p53KD_H4K16ac_rep1_peak_2098
chr11	51887730	51888549	Scramble_H4K16ac_rep1_peak_2180	chr11	51884517	51888153	p53KD_H4K16ac_rep1_peak_2102
chr11	51903036	51903295	Scramble_H4K16ac_rep1_peak_2181	chr11	51903131	51904519	p53KD_H4K16ac_rep1_peak_2107
chr11	51912676	51914199	Scramble_H4K16ac_rep1_peak_2182	chr11	51913844	51920207	p53KD_H4K16ac_rep1_peak_2109
chr11	51916056	51916682	Scramble_H4K16ac_rep1_peak_2183	chr11	51913844	51920207	p53KD_H4K16ac_rep1_peak_2109
chr11	51919073	51919909	Scramble_H4K16ac_rep1_peak_2184	chr11	51913844	51920207	p53KD_H4K16ac_rep1_peak_2109
chr11	51938797	51940596	Scramble_H4K16ac_rep1_peak_2186	chr11	51938099	51945255	p53KD_H4K16ac_rep1_peak_2112
chr11	51942049	51942308	Scramble_H4K16ac_rep1_peak_2187	chr11	51938099	51945255	p53KD_H4K16ac_rep1_peak_2112
chr11	51949439	51949731	Scramble_H4K16ac_rep1_peak_2188	chr11	51948418	51951759	p53KD_H4K16ac_rep1_peak_2113
chr11	51959830	51960131	Scramble_H4K16ac_rep1_peak_2189	chr11	51959530	51960302	p53KD_H4K16ac_rep1_peak_2115
chr11	51964125	51965826	Scramble_H4K16ac_rep1_peak_2190	chr11	51963781	51966199	p53KD_H4K16ac_rep1_peak_2116
chr11	51968973	51971634	Scramble_H4K16ac_rep1_peak_2191	chr11	51969815	51970787	p53KD_H4K16ac_rep1_peak_2117
chr11	51973454	51974765	Scramble_H4K16ac_rep1_peak_2192	chr11	51971884	51979153	p53KD_H4K16ac_rep1_peak_2118
chr11	51991074	51991816	Scramble_H4K16ac_rep1_peak_2193	chr11	51990021	51992332	p53KD_H4K16ac_rep1_peak_2121
chr11	51996838	51997343	Scramble_H4K16ac_rep1_peak_2194	chr11	51996980	51997893	p53KD_H4K16ac_rep1_peak_2122
chr11	52011092	52011904	Scramble_H4K16ac_rep1_peak_2196	chr11	52009777	52011461	p53KD_H4K16ac_rep1_peak_2124
chr11	52014050	52015876	Scramble_H4K16ac_rep1_peak_2197	chr11	52012484	52020323	p53KD_H4K16ac_rep1_peak_2125
chr11	52017074	52017299	Scramble_H4K16ac_rep1_peak_2198	chr11	52012484	52020323	p53KD_H4K16ac_rep1_peak_2125
chr11	52025365	52027183	Scramble_H4K16ac_rep1_peak_2200	chr11	52024150	52031517	p53KD_H4K16ac_rep1_peak_2126
chr11	52028249	52029086	Scramble_H4K16ac_rep1_peak_2201	chr11	52024150	52031517	p53KD_H4K16ac_rep1_peak_2126
chr11	52032800	52035050	Scramble_H4K16ac_rep1_peak_2202	chr11	52032336	52040134	p53KD_H4K16ac_rep1_peak_2126
chr11	52046334	52047803	Scramble_H4K16ac_rep1_peak_2204	chr11	52045885	52048500	p53KD_H4K16ac_rep1_peak_2128
chr11	52070906	52071454	Scramble_H4K16ac_rep1_peak_2206	chr11	52069140	52073610	p53KD_H4K16ac_rep1_peak_2132
chr11	52072277	52074070	Scramble_H4K16ac_rep1_peak_2206	chr11	52069140	52073610	p53KD_H4K16ac_rep1_peak_2132
chr11	52079708	52081157	Scramble_H4K16ac_rep1_peak_2207	chr11	52079764	52080666	p53KD_H4K16ac_rep1_peak_2133
chr11	52083289	52086159	Scramble_H4K16ac_rep1_peak_2208	chr11	52082875	52085311	p53KD_H4K16ac_rep1_peak_2134
chr11	52104051	52105515	Scramble_H4K16ac_rep1_peak_2212	chr11	52103768	52104444	p53KD_H4K16ac_rep1_peak_2136
chr11	52111721	52113280	Scramble_H4K16ac_rep1_peak_2214	chr11	52108287	52114421	p53KD_H4K16ac_rep1_peak_2137
chr11	52130424	52132263	Scramble_H4K16ac_rep1_peak_2215	chr11	52129773	52132356	p53KD_H4K16ac_rep1_peak_2140
chr11	52145842	52146379	Scramble_H4K16ac_rep1_peak_2216	chr11	52145732	52145853	p53KD_H4K16ac_rep1_peak_2145
chr11	52150274	52152119	Scramble_H4K16ac_rep1_peak_2217	chr11	52150111	52152703	p53KD_H4K16ac_rep1_peak_2146
chr11	52163174	52163366	Scramble_H4K16ac_rep1_peak_2218	chr11	52159359	52163861	p53KD_H4K16ac_rep1_peak_2148
chr11	52164694	52165554	Scramble_H4K16ac_rep1_peak_2218	chr11	52164865	52165586	p53KD_H4K16ac_rep1_peak_2149
chr11	52169628	52170775	Scramble_H4K16ac_rep1_peak_2219	chr11	52169676	52172484	p53KD_H4K16ac_rep1_peak_2151
chr11	52171695	52172598	Scramble_H4K16ac_rep1_peak_2219	chr11	52169676	52172484	p53KD_H4K16ac_rep1_peak_2151
chr11	52178824	52181667	Scramble_H4K16ac_rep1_peak_2221	chr11	52176149	52179074	p53KD_H4K16ac_rep1_peak_2153
chr11	52178824	52181667	Scramble_H4K16ac_rep1_peak_2221	chr11	52179910	52180970	p53KD_H4K16ac_rep1_peak_2154
chr11	52260317	52260544	Scramble_H4K16ac_rep1_peak_2228	chr11	52258055	52264000	p53KD_H4K16ac_rep1_peak_2170
chr11	52274791	52275467	Scramble_H4K16ac_rep1_peak_2229	chr11	52274731	52278275	p53KD_H4K16ac_rep1_peak_2172
chr11	52276611	52277265	Scramble_H4K16ac_rep1_peak_2230	chr11	52274731	52278275	p53KD_H4K16ac_rep1_peak_2172
chr11	52305188	52305903	Scramble_H4K16ac_rep1_peak_2232	chr11	52305133	52305807	p53KD_H4K16ac_rep1_peak_2178
chr11	52316809	52318371	Scramble_H4K16ac_rep1_peak_2233	chr11	52314398	52319261	p53KD_H4K16ac_rep1_peak_2180
chr11	52365861	52367117	Scramble_H4K16ac_rep1_peak_2237	chr11	52363098	52368582	p53KD_H4K16ac_rep1_peak_2189
chr11	52386977	52388281	Scramble_H4K16ac_rep1_peak_2238	chr11	52386175	52388156	p53KD_H4K16ac_rep1_peak_2194
chr11	52389323	52389810	Scramble_H4K16ac_rep1_peak_2239	chr11	52389314	52390706	p53KD_H4K16ac_rep1_peak_2195
chr11	52407054	52408477	Scramble_H4K16ac_rep1_peak_2240	chr11	52406568	52408415	p53KD_H4K16ac_rep1_peak_2200
chr11	52413236	52415519	Scramble_H4K16ac_rep1_peak_2241	chr11	52412291	52416445	p53KD_H4K16ac_rep1_peak_2201
chr11	52419891	52421094	Scramble_H4K16ac_rep1_peak_2242	chr11	52419053	52422340	p53KD_H4K16ac_rep1_peak_2202
chr11	52426137	52426948	Scramble_H4K16ac_rep1_peak_2243	chr11	52424326	52426331	p53KD_H4K16ac_rep1_peak_2203
chr11	52434019	52435233	Scramble_H4K16ac_rep1_peak_2244	chr11	52433856	52434314	p53KD_H4K16ac_rep1_peak_2204
chr11	52437648	52439126	Scramble_H4K16ac_rep1_peak_2245	chr11	52436520	52438409	p53KD_H4K16ac_rep1_peak_2205
chr11	52450386	52450451	Scramble_H4K16ac_rep1_peak_2246	chr11	52450193	52452453	p53KD_H4K16ac_rep1_peak_2208
chr11	52467122	52467897	Scramble_H4K16ac_rep1_peak_2248	chr11	52464078	52468230	p53KD_H4K16ac_rep1_peak_2210
chr11	52530401	52532025	Scramble_H4K16ac_rep1_peak_2251	chr11	52529840	52532661	p53KD_H4K16ac_rep1_peak_2222
chr11	52565636	52566471	Scramble_H4K16ac_rep1_peak_2256	chr11	52565918	52568393	p53KD_H4K16ac_rep1_peak_2228
chr11	52570156	52570848	Scramble_H4K16ac_rep1_peak_2257	chr11	52570088	52570714	p53KD_H4K16ac_rep1_peak_2228
chr11	52618091	52619133	Scramble_H4K16ac_rep1_peak_2260	chr11	52618436	52620255	p53KD_H4K16ac_rep1_peak_2238
chr11	52628895	52628949	Scramble_H4K16ac_rep1_peak_2261	chr11	52626732	52630010	p53KD_H4K16ac_rep1_peak_2241
chr11	52641039	52642154	Scramble_H4K16ac_rep1_peak_2263	chr11	52640122	52641867	p53KD_H4K16ac_rep1_peak_2243
chr11	52644411	52645845	Scramble_H4K16ac_rep1_peak_2264	chr11	52645108	52645940	p53KD_H4K16ac_rep1_peak_2244
chr11	52677229	52678524	Scramble_H4K16ac_rep1_peak_2267	chr11	52677160	52678919	p53KD_H4K16ac_rep1_peak_2248
chr11	52689333	52690235	Scramble_H4K16ac_rep1_peak_2268	chr11	52690218	52691829	p53KD_H4K16ac_rep1_peak_2251
chr11	52705300	52706418	Scramble_H4K16ac_rep1_peak_2269	chr11	52703383	52705475	p53KD_H4K16ac_rep1_peak_2256
chr11	52714331	52716053	Scramble_H4K16ac_rep1_peak_2270	chr11	52713649	52717405	p53KD_H4K16ac_rep1_peak_2258
chr11	52733158	52733228	Scramble_H4K16ac_rep1_peak_2272	chr11	52732389	52735146	p53KD_H4K16ac_rep1_peak_2261
chr11	52772905	52774101	Scramble_H4K16ac_rep1_peak_2275	chr11	52772990	52773170	p53KD_H4K16ac_rep1_peak_2272
chr11	52772905	52774101	Scramble_H4K16ac_rep1_peak_2275	chr11	52774000	52776001	p53KD_H4K16ac_rep1_peak_2273
chr11	52793070	52793869	Scramble_H4K16ac_rep1_peak_2278	chr11	52793171	52795043	p53KD_H4K16ac_rep1_peak_2275
chr11	52805874	52806009	Scramble_H4K16ac_rep1_peak_2279	chr11	52805966	52806340	p53KD_H4K16ac_rep1_peak_2278
chr11	52814267	52816215	Scramble_H4K16ac_rep1_peak_2280	chr11	52813611	52816507	p53KD_H4K16ac_rep1_peak_2280
chr11	52877276	52881580	Scramble_H4K16ac_rep1_peak_2284	chr11	52879783	52879911	p53KD_H4K16ac_rep1_peak_2296
chr11	52909263	52910407	Scramble_H4K16ac_rep1_peak_2286	chr11	52909479	52910553	p53KD_H4K16ac_rep1_peak_2301
chr11	52938093	52939128	Scramble_H4K16ac_rep1_peak_2288	chr11	52936120	52943980	p53KD_H4K16ac_rep1_peak_2306
chr11	52948773	52949177	Scramble_H4K16ac_rep1_peak_2289	chr11	52947095	52949915	p53KD_H4K16ac_rep1_peak_2307
chr11	52969167	52969286	Scramble_H4K16ac_rep1_peak_2290	chr11	52968573	52970290	p53KD_H4K16ac_rep1_peak_2311
chr11	52974930	52975944	Scramble_H4K16ac_rep1_peak_2291	chr11	52971980	52975672	p53KD_H4K16ac_rep1_peak_2312
chr11	52996048	52997735	Scramble_H4K16ac_rep1_peak_2293	chr11	52996110	52996433	p53KD_H4K16ac_rep1_peak_2316
chr11	53009029	53009745	Scramble_H4K16ac_rep1_peak_2294	chr11	53008820	53010810	p53KD_H4K16ac_rep1_peak_2320
chr11	53029178	53029424	Scramble_H4K16ac_rep1_peak_2295	chr11	53029199	53029320	p53KD_H4K16ac_rep1_peak_2325
chr11	53178736	53179642	Scramble_H4K16ac_rep1_peak_2303	chr11	53177658	53179110	p53KD_H4K16ac_rep1_peak_2349
chr11	53183639	53184714	Scramble_H4K16ac_rep1_peak_2304	chr11	53183273	53184738	p53KD_H4K16ac_rep1_peak_2350
chr11	53264215	53266395	Scramble_H4K16ac_rep1_peak_2307	chr11	53264415	53266423	p53KD_H4K16ac_rep1_peak_2364
chr11	53305396	53307416	Scramble_H4K16ac_rep1_peak_2309	chr11	53304596	53305442	p53KD_H4K16ac_rep1_peak_2369
chr11	53305396	53307416	Scramble_H4K16ac_rep1_peak_2309	chr11	53306314	53307961	p53KD_H4K16ac_rep1_peak_2370
chr11	53383574	53385226	Scramble_H4K16ac_rep1_peak_2312	chr11	53382621	53384377	p53KD_H4K16ac_rep1_peak_2383
chr11	53456927	53457545	Scramble_H4K16ac_rep1_peak_2314	chr11	53455927	53458116	p53KD_H4K16ac_rep1_peak_2396
chr11	53472733	53473424	Scramble_H4K16ac_rep1_peak_2315	chr11	53471775	53477753	p53KD_H4K16ac_rep1_peak_2400
chr11	53485490	53489315	Scramble_H4K16ac_rep1_peak_2316	chr11	53483972	53489749	p53KD_H4K16ac_rep1_peak_2401
chr11	53615049	53616937	Scramble_H4K16ac_rep1_peak_2323	chr11	53615906	53616179	p53KD_H4K16ac_rep1_peak_2426
chr11	53619570	53619931	Scramble_H4K16ac_rep1_peak_2324	chr11	53619447	53621759	p53KD_H4K16ac_rep1_peak_2427
chr11	53654696	53656785	Scramble_H4K16ac_rep1_peak_2326	chr11	53654371	53657519	p53KD_H4K16ac_rep1_peak_2430
chr11	53691116	53692595	Scramble_H4K16ac_rep1_peak_2329	chr11	53688749	53691256	p53KD_H4K16ac_rep1_peak_2435
chr11	53745827	53746567	Scramble_H4K16ac_rep1_peak_2332	chr11	53746424	53746587	p53KD_H4K16ac_rep1_peak_2448
chr11	53765880	53767868	Scramble_H4K16ac_rep1_peak_2333	chr11	53764670	53766331	p53KD_H4K16ac_rep1_peak_2452
chr11	53765880	53767868	Scramble_H4K16ac_rep1_peak_2333	chr11	53767764	53773051	p53KD_H4K16ac_rep1_peak_2452
chr11	53868317	53869322	Scramble_H4K16ac_rep1_peak_2335	chr11	53868051	53869930	p53KD_H4K16ac_rep1_peak_2469
chr11	53874360	53877592	Scramble_H4K16ac_rep1_peak_2336	chr11	53872948	53876325	p53KD_H4K16ac_rep1_peak_2470
chr11	53897804	53899592	Scramble_H4K16ac_rep1_peak_2337	chr11	53897644	53899688	p53KD_H4K16ac_rep1_peak_2475
chr11	53981246	53982389	Scramble_H4K16ac_rep1_peak_2339	chr11	53978677	53982646	p53KD_H4K16ac_rep1_peak_2487
chr11	54159568	54159629	Scramble_H4K16ac_rep1_peak_2342	chr11	54159500	54159702	p53KD_H4K16ac_rep1_peak_2513
chr11	54197947	54199454	Scramble_H4K16ac_rep1_peak_2345	chr11	54199198	54201232	p53KD_H4K16ac_rep1_peak_2520
chr11	54333923	54334401	Scramble_H4K16ac_rep1_peak_2348	chr11	54333882	54335560	p53KD_H4K16ac_rep1_peak_2545
chr11	58578484	58578785	Scramble_H4K16ac_rep1_peak_2361	chr11	58577887	58578687	p53KD_H4K16ac_rep1_peak_2552
chr11	61972069	61973556	Scramble_H4K16ac_rep1_peak_2386	chr11	61972515	61972994	p53KD_H4K16ac_rep1_peak_2557
chr11	62841189	62841553	Scramble_H4K16ac_rep1_peak_2418	chr11	62841193	62841984	p53KD_H4K16ac_rep1_peak_2565
chr11	64269436	64272142	Scramble_H4K16ac_rep1_peak_2432	chr11	64270936	64271256	p53KD_H4K16ac_rep1_peak_2569
chr11	64317282	64317921	Scramble_H4K16ac_rep1_peak_2434	chr11	64317237	64317756	p53KD_H4K16ac_rep1_peak_2570
chr11	65013769	65014914	Scramble_H4K16ac_rep1_peak_2446	chr11	65014404	65014813	p53KD_H4K16ac_rep1_peak_2574
chr11	65117034	65117908	Scramble_H4K16ac_rep1_peak_2452	chr11	65117160	65117756	p53KD_H4K16ac_rep1_peak_2575
chr11	65477094	65479028	Scramble_H4K16ac_rep1_peak_2469	chr11	65476938	65477775	p53KD_H4K16ac_rep1_peak_2580
chr11	67288068	67289035	Scramble_H4K16ac_rep1_peak_2524	chr11	67288579	67288839	p53KD_H4K16ac_rep1_peak_2596
chr11	69947690	69949133	Scramble_H4K16ac_rep1_peak_2588	chr11	69948453	69948770	p53KD_H4K16ac_rep1_peak_2617
chr11	72103055	72103518	Scramble_H4K16ac_rep1_peak_2600	chr11	72103098	72103417	p53KD_H4K16ac_rep1_peak_2623
chr11	74492901	74493664	Scramble_H4K16ac_rep1_peak_2621	chr11	74492705	74493463	p53KD_H4K16ac_rep1_peak_2632
chr11	116563420	116564917	Scramble_H4K16ac_rep1_peak_2699	chr11	116562483	116563881	p53KD_H4K16ac_rep1_peak_2663
chr11	116576794	116578710	Scramble_H4K16ac_rep1_peak_2700	chr11	116576927	116577392	p53KD_H4K16ac_rep1_peak_2664
chr11	119084926	119085071	Scramble_H4K16ac_rep1_peak_2741	chr11	119084609	119085086	p53KD_H4K16ac_rep1_peak_2679
chr11	134656578	134656884	Scramble_H4K16ac_rep1_peak_2816	chr11	134656683	134656974	p53KD_H4K16ac_rep1_peak_2706
chr12	10050	10345	Scramble_H4K16ac_rep1_peak_2818	chr12	9996	10350	p53KD_H4K16ac_rep1_peak_2710
chr12	30860	32966	Scramble_H4K16ac_rep1_peak_2820	chr12	30917	31224	p53KD_H4K16ac_rep1_peak_2711
chr12	40056	41130	Scramble_H4K16ac_rep1_peak_2821	chr12	40379	41035	p53KD_H4K16ac_rep1_peak_2713
chr12	420353	421681	Scramble_H4K16ac_rep1_peak_2823	chr12	419786	422054	p53KD_H4K16ac_rep1_peak_2715
chr12	1796422	1797342	Scramble_H4K16ac_rep1_peak_2836	chr12	1796977	1797379	p53KD_H4K16ac_rep1_peak_2724
chr12	3453962	3455509	Scramble_H4K16ac_rep1_peak_2857	chr12	3454376	3454827	p53KD_H4K16ac_rep1_peak_2730
chr12	6383440	6384535	Scramble_H4K16ac_rep1_peak_2873	chr12	6383412	6384503	p53KD_H4K16ac_rep1_peak_2737
chr12	7851738	7852838	Scramble_H4K16ac_rep1_peak_2907	chr12	7851331	7851887	p53KD_H4K16ac_rep1_peak_2749
chr12	7970446	7971057	Scramble_H4K16ac_rep1_peak_2911	chr12	7970313	7970898	p53KD_H4K16ac_rep1_peak_2750
chr12	31073271	31074446	Scramble_H4K16ac_rep1_peak_2962	chr12	31073541	31073764	p53KD_H4K16ac_rep1_peak_2773
chr12	34895552	34896725	Scramble_H4K16ac_rep1_peak_2969	chr12	34895776	34896246	p53KD_H4K16ac_rep1_peak_2779
chr12	35106055	35107399	Scramble_H4K16ac_rep1_peak_2974	chr12	35106858	35107181	p53KD_H4K16ac_rep1_peak_2814
chr12	35110109	35110979	Scramble_H4K16ac_rep1_peak_2975	chr12	35110070	35110646	p53KD_H4K16ac_rep1_peak_2814
chr12	35209269	35209416	Scramble_H4K16ac_rep1_peak_2977	chr12	35208689	35210319	p53KD_H4K16ac_rep1_peak_2829
chr12	35322122	35323262	Scramble_H4K16ac_rep1_peak_2979	chr12	35322128	35322403	p53KD_H4K16ac_rep1_peak_2845
chr12	35445128	35445233	Scramble_H4K16ac_rep1_peak_2982	chr12	35444645	35445913	p53KD_H4K16ac_rep1_peak_2862
chr12	35674144	35674716	Scramble_H4K16ac_rep1_peak_2990	chr12	35673657	35676749	p53KD_H4K16ac_rep1_peak_2897
chr12	35675592	35677549	Scramble_H4K16ac_rep1_peak_2990	chr12	35673657	35676749	p53KD_H4K16ac_rep1_peak_2897
chr12	35894443	35894697	Scramble_H4K16ac_rep1_peak_2995	chr12	35894150	35896205	p53KD_H4K16ac_rep1_peak_2920
chr12	35990232	35990852	Scramble_H4K16ac_rep1_peak_2996	chr12	35990610	35991257	p53KD_H4K16ac_rep1_peak_2927
chr12	36341817	36342680	Scramble_H4K16ac_rep1_peak_3002	chr12	36340158	36342597	p53KD_H4K16ac_rep1_peak_2966
chr12	36484903	36485523	Scramble_H4K16ac_rep1_peak_3006	chr12	36484189	36485473	p53KD_H4K16ac_rep1_peak_2983
chr12	36520943	36521073	Scramble_H4K16ac_rep1_peak_3008	chr12	36519810	36521322	p53KD_H4K16ac_rep1_peak_2984
chr12	37237013	37238025	Scramble_H4K16ac_rep1_peak_3017	chr12	37236132	37239930	p53KD_H4K16ac_rep1_peak_3042
chr12	49131008	49131359	Scramble_H4K16ac_rep1_peak_3049	chr12	49130938	49131251	p53KD_H4K16ac_rep1_peak_3054
chr12	50084758	50085685	Scramble_H4K16ac_rep1_peak_3064	chr12	50085258	50085480	p53KD_H4K16ac_rep1_peak_3059
chr12	52145026	52149196	Scramble_H4K16ac_rep1_peak_3087	chr12	52145923	52146055	p53KD_H4K16ac_rep1_peak_3065
chr12	52145026	52149196	Scramble_H4K16ac_rep1_peak_3087	chr12	52146915	52146989	p53KD_H4K16ac_rep1_peak_3065
chr12	52202753	52203603	Scramble_H4K16ac_rep1_peak_3091	chr12	52202838	52202848	p53KD_H4K16ac_rep1_peak_3069
chr12	53006492	53007823	Scramble_H4K16ac_rep1_peak_3115	chr12	53006527	53007196	p53KD_H4K16ac_rep1_peak_3079
chr12	53675454	53676759	Scramble_H4K16ac_rep1_peak_3135	chr12	53675504	53675970	p53KD_H4K16ac_rep1_peak_3090
chr12	54279993	54281208	Scramble_H4K16ac_rep1_peak_3151	chr12	54280306	54280549	p53KD_H4K16ac_rep1_peak_3100
chr12	121747856	121748076	Scramble_H4K16ac_rep1_peak_3349	chr12	121747557	121748077	p53KD_H4K16ac_rep1_peak_3170
chr12	124863490	124864494	Scramble_H4K16ac_rep1_peak_3382	chr12	124864117	124864302	p53KD_H4K16ac_rep1_peak_3175
chr12	132241438	132243122	Scramble_H4K16ac_rep1_peak_3395	chr12	132241467	132243043	p53KD_H4K16ac_rep1_peak_3183
chr12	133264943	133265299	Scramble_H4K16ac_rep1_peak_3400	chr12	133264936	133265306	p53KD_H4K16ac_rep1_peak_3188
chr13	16361263	16361701	Scramble_H4K16ac_rep1_peak_3402	chr13	16360083	16361705	p53KD_H4K16ac_rep1_peak_3205
chr13	16437915	16438291	Scramble_H4K16ac_rep1_peak_3403	chr13	16436707	16438303	p53KD_H4K16ac_rep1_peak_3216
chr13	16634789	16636563	Scramble_H4K16ac_rep1_peak_3405	chr13	16634831	16636342	p53KD_H4K16ac_rep1_peak_3241
chr13	16657987	16658426	Scramble_H4K16ac_rep1_peak_3406	chr13	16657954	16658503	p53KD_H4K16ac_rep1_peak_3245
chr13	16688907	16689189	Scramble_H4K16ac_rep1_peak_3407	chr13	16688912	16690340	p53KD_H4K16ac_rep1_peak_3250
chr13	16690025	16690300	Scramble_H4K16ac_rep1_peak_3407	chr13	16688912	16690340	p53KD_H4K16ac_rep1_peak_3250
chr13	16942724	16943573	Scramble_H4K16ac_rep1_peak_3413	chr13	16943070	16943593	p53KD_H4K16ac_rep1_peak_3284
chr13	17000701	17001433	Scramble_H4K16ac_rep1_peak_3414	chr13	17000661	17000832	p53KD_H4K16ac_rep1_peak_3292
chr13	17029007	17029422	Scramble_H4K16ac_rep1_peak_3416	chr13	17029103	17029413	p53KD_H4K16ac_rep1_peak_3299
chr13	17045029	17046633	Scramble_H4K16ac_rep1_peak_3417	chr13	17044264	17045787	p53KD_H4K16ac_rep1_peak_3304
chr13	17054280	17054469	Scramble_H4K16ac_rep1_peak_3418	chr13	17054224	17054762	p53KD_H4K16ac_rep1_peak_3305
chr13	17114381	17115524	Scramble_H4K16ac_rep1_peak_3419	chr13	17114404	17117468	p53KD_H4K16ac_rep1_peak_3313
chr13	17128490	17130393	Scramble_H4K16ac_rep1_peak_3420	chr13	17128161	17131927	p53KD_H4K16ac_rep1_peak_3314
chr13	17171798	17175362	Scramble_H4K16ac_rep1_peak_3421	chr13	17170566	17171948	p53KD_H4K16ac_rep1_peak_3322
chr13	17171798	17175362	Scramble_H4K16ac_rep1_peak_3421	chr13	17173569	17175378	p53KD_H4K16ac_rep1_peak_3323
chr13	17177721	17177755	Scramble_H4K16ac_rep1_peak_3422	chr13	17176755	17180253	p53KD_H4K16ac_rep1_peak_3324
chr13	17179184	17180340	Scramble_H4K16ac_rep1_peak_3422	chr13	17176755	17180253	p53KD_H4K16ac_rep1_peak_3324
chr13	17206731	17207046	Scramble_H4K16ac_rep1_peak_3424	chr13	17206656	17210319	p53KD_H4K16ac_rep1_peak_3328
chr13	17208368	17209359	Scramble_H4K16ac_rep1_peak_3424	chr13	17206656	17210319	p53KD_H4K16ac_rep1_peak_3328
chr13	17231395	17232378	Scramble_H4K16ac_rep1_peak_3426	chr13	17231898	17232321	p53KD_H4K16ac_rep1_peak_3333
chr13	17266268	17267892	Scramble_H4K16ac_rep1_peak_3427	chr13	17267725	17267886	p53KD_H4K16ac_rep1_peak_3338
chr13	17281030	17282696	Scramble_H4K16ac_rep1_peak_3428	chr13	17280991	17282741	p53KD_H4K16ac_rep1_peak_3339
chr13	17287224	17288442	Scramble_H4K16ac_rep1_peak_3429	chr13	17287835	17289425	p53KD_H4K16ac_rep1_peak_3340
chr13	17302565	17305597	Scramble_H4K16ac_rep1_peak_3430	chr13	17301641	17305682	p53KD_H4K16ac_rep1_peak_3343
chr13	17375608	17377073	Scramble_H4K16ac_rep1_peak_3431	chr13	17374900	17377140	p53KD_H4K16ac_rep1_peak_3354
chr13	17401919	17404201	Scramble_H4K16ac_rep1_peak_3432	chr13	17401534	17404225	p53KD_H4K16ac_rep1_peak_3360
chr13	17410238	17411505	Scramble_H4K16ac_rep1_peak_3434	chr13	17411248	17411553	p53KD_H4K16ac_rep1_peak_3361
chr13	17413206	17415714	Scramble_H4K16ac_rep1_peak_3435	chr13	17413157	17414997	p53KD_H4K16ac_rep1_peak_3362
chr13	17517862	17519614	Scramble_H4K16ac_rep1_peak_3436	chr13	17517789	17518594	p53KD_H4K16ac_rep1_peak_3368
chr13	17655558	17656517	Scramble_H4K16ac_rep1_peak_3437	chr13	17655997	17656518	p53KD_H4K16ac_rep1_peak_3384
chr13	17793677	17793973	Scramble_H4K16ac_rep1_peak_3439	chr13	17793088	17794489	p53KD_H4K16ac_rep1_peak_3405
chr13	17827720	17827874	Scramble_H4K16ac_rep1_peak_3440	chr13	17827668	17828357	p53KD_H4K16ac_rep1_peak_3411
chr13	17860778	17861332	Scramble_H4K16ac_rep1_peak_3441	chr13	17860816	17862237	p53KD_H4K16ac_rep1_peak_3416
chr13	17928033	17928712	Scramble_H4K16ac_rep1_peak_3442	chr13	17928302	17928685	p53KD_H4K16ac_rep1_peak_3426
chr13	17987305	17989844	Scramble_H4K16ac_rep1_peak_3443	chr13	17986570	17988634	p53KD_H4K16ac_rep1_peak_3435
chr13	18002263	18002524	Scramble_H4K16ac_rep1_peak_3444	chr13	18002292	18002509	p53KD_H4K16ac_rep1_peak_3438
chr13	27825631	27826705	Scramble_H4K16ac_rep1_peak_3488	chr13	27825702	27826449	p53KD_H4K16ac_rep1_peak_3465
chr13	45340899	45341634	Scramble_H4K16ac_rep1_peak_3537	chr13	45340840	45341450	p53KD_H4K16ac_rep1_peak_3499
chr13	57143121	57144312	Scramble_H4K16ac_rep1_peak_3570	chr13	57143241	57144173	p53KD_H4K16ac_rep1_peak_3514
chr13	57149481	57150679	Scramble_H4K16ac_rep1_peak_3571	chr13	57149073	57150637	p53KD_H4K16ac_rep1_peak_3516
chr13	57155520	57157252	Scramble_H4K16ac_rep1_peak_3572	chr13	57156193	57157414	p53KD_H4K16ac_rep1_peak_3517
chr13	57162769	57163786	Scramble_H4K16ac_rep1_peak_3574	chr13	57161681	57163755	p53KD_H4K16ac_rep1_peak_3519
chr13	57169038	57170388	Scramble_H4K16ac_rep1_peak_3576	chr13	57169523	57170538	p53KD_H4K16ac_rep1_peak_3520
chr14	16364362	16364666	Scramble_H4K16ac_rep1_peak_3619	chr14	16363744	16364689	p53KD_H4K16ac_rep1_peak_3564
chr14	16560081	16560481	Scramble_H4K16ac_rep1_peak_3622	chr14	16559999	16561468	p53KD_H4K16ac_rep1_peak_3580
chr14	16569723	16571298	Scramble_H4K16ac_rep1_peak_3623	chr14	16569716	16571340	p53KD_H4K16ac_rep1_peak_3581
chr14	16621705	16621904	Scramble_H4K16ac_rep1_peak_3624	chr14	16620718	16622248	p53KD_H4K16ac_rep1_peak_3592
chr14	16636684	16638903	Scramble_H4K16ac_rep1_peak_3625	chr14	16636692	16638932	p53KD_H4K16ac_rep1_peak_3593
chr14	16689979	16690749	Scramble_H4K16ac_rep1_peak_3626	chr14	16690032	16690807	p53KD_H4K16ac_rep1_peak_3597
chr14	16709391	16710627	Scramble_H4K16ac_rep1_peak_3627	chr14	16709332	16710690	p53KD_H4K16ac_rep1_peak_3601
chr14	16757063	16757533	Scramble_H4K16ac_rep1_peak_3628	chr14	16757106	16758622	p53KD_H4K16ac_rep1_peak_3613
chr14	16780305	16780735	Scramble_H4K16ac_rep1_peak_3629	chr14	16780193	16780768	p53KD_H4K16ac_rep1_peak_3616
chr14	16809633	16810727	Scramble_H4K16ac_rep1_peak_3631	chr14	16808762	16812554	p53KD_H4K16ac_rep1_peak_3622
chr14	17149648	17149886	Scramble_H4K16ac_rep1_peak_3638	chr14	17148248	17149822	p53KD_H4K16ac_rep1_peak_3664
chr14	17151303	17151604	Scramble_H4K16ac_rep1_peak_3639	chr14	17151404	17151687	p53KD_H4K16ac_rep1_peak_3665
chr14	17176538	17178020	Scramble_H4K16ac_rep1_peak_3642	chr14	17175552	17178005	p53KD_H4K16ac_rep1_peak_3669
chr14	17251115	17253189	Scramble_H4K16ac_rep1_peak_3645	chr14	17250431	17254234	p53KD_H4K16ac_rep1_peak_3683
chr14	17265705	17267317	Scramble_H4K16ac_rep1_peak_3646	chr14	17265431	17268628	p53KD_H4K16ac_rep1_peak_3684
chr14	17289766	17290003	Scramble_H4K16ac_rep1_peak_3649	chr14	17289417	17290003	p53KD_H4K16ac_rep1_peak_3689
chr14	17293967	17294720	Scramble_H4K16ac_rep1_peak_3650	chr14	17292845	17294232	p53KD_H4K16ac_rep1_peak_3690
chr14	17295907	17297366	Scramble_H4K16ac_rep1_peak_3650	chr14	17295849	17297403	p53KD_H4K16ac_rep1_peak_3691
chr14	17317072	17317245	Scramble_H4K16ac_rep1_peak_3651	chr14	17315118	17317206	p53KD_H4K16ac_rep1_peak_3694
chr14	17403290	17404952	Scramble_H4K16ac_rep1_peak_3653	chr14	17403273	17404999	p53KD_H4K16ac_rep1_peak_3712
chr14	17424841	17427673	Scramble_H4K16ac_rep1_peak_3654	chr14	17424822	17426472	p53KD_H4K16ac_rep1_peak_3716
chr14	17424841	17427673	Scramble_H4K16ac_rep1_peak_3654	chr14	17427327	17427948	p53KD_H4K16ac_rep1_peak_3717
chr14	17477567	17479397	Scramble_H4K16ac_rep1_peak_3656	chr14	17476996	17478121	p53KD_H4K16ac_rep1_peak_3724
chr14	17484623	17485856	Scramble_H4K16ac_rep1_peak_3657	chr14	17485323	17485896	p53KD_H4K16ac_rep1_peak_3726
chr14	17502908	17505419	Scramble_H4K16ac_rep1_peak_3658	chr14	17502872	17503113	p53KD_H4K16ac_rep1_peak_3729
chr14	17509280	17511071	Scramble_H4K16ac_rep1_peak_3659	chr14	17508244	17511044	p53KD_H4K16ac_rep1_peak_3730
chr14	17514685	17515017	Scramble_H4K16ac_rep1_peak_3660	chr14	17514680	17515819	p53KD_H4K16ac_rep1_peak_3732
chr14	17525685	17525946	Scramble_H4K16ac_rep1_peak_3661	chr14	17523982	17526539	p53KD_H4K16ac_rep1_peak_3734
chr14	17535405	17537984	Scramble_H4K16ac_rep1_peak_3662	chr14	17535413	17537982	p53KD_H4K16ac_rep1_peak_3738
chr14	17640097	17640848	Scramble_H4K16ac_rep1_peak_3663	chr14	17640061	17640933	p53KD_H4K16ac_rep1_peak_3740
chr14	17658499	17658785	Scramble_H4K16ac_rep1_peak_3664	chr14	17658468	17658787	p53KD_H4K16ac_rep1_peak_3741
chr14	17826733	17827165	Scramble_H4K16ac_rep1_peak_3665	chr14	17826802	17827267	p53KD_H4K16ac_rep1_peak_3760
chr14	17950042	17950479	Scramble_H4K16ac_rep1_peak_3667	chr14	17950010	17950571	p53KD_H4K16ac_rep1_peak_3774
chr14	17983133	17983563	Scramble_H4K16ac_rep1_peak_3668	chr14	17983045	17983648	p53KD_H4K16ac_rep1_peak_3777
chr14	18001604	18001804	Scramble_H4K16ac_rep1_peak_3669	chr14	18001563	18002361	p53KD_H4K16ac_rep1_peak_3779
chr14	18035978	18036246	Scramble_H4K16ac_rep1_peak_3670	chr14	18035978	18036140	p53KD_H4K16ac_rep1_peak_3784
chr14	18049912	18050901	Scramble_H4K16ac_rep1_peak_3671	chr14	18050642	18051001	p53KD_H4K16ac_rep1_peak_3787
chr14	18055521	18056147	Scramble_H4K16ac_rep1_peak_3672	chr14	18054734	18059101	p53KD_H4K16ac_rep1_peak_3789
chr14	18072532	18072909	Scramble_H4K16ac_rep1_peak_3673	chr14	18072538	18074383	p53KD_H4K16ac_rep1_peak_3793
chr14	18109715	18110850	Scramble_H4K16ac_rep1_peak_3674	chr14	18109549	18109860	p53KD_H4K16ac_rep1_peak_3796
chr14	18124540	18124805	Scramble_H4K16ac_rep1_peak_3675	chr14	18124521	18124817	p53KD_H4K16ac_rep1_peak_3801
chr14	68814815	68816692	Scramble_H4K16ac_rep1_peak_3800	chr14	68815377	68816310	p53KD_H4K16ac_rep1_peak_3849
chr14	76812671	76812968	Scramble_H4K16ac_rep1_peak_3860	chr14	76812352	76812787	p53KD_H4K16ac_rep1_peak_3874
chr14	89361351	89362084	Scramble_H4K16ac_rep1_peak_3881	chr14	89360741	89361625	p53KD_H4K16ac_rep1_peak_3889
chr14	104815271	104816718	Scramble_H4K16ac_rep1_peak_3966	chr14	104815786	104816629	p53KD_H4K16ac_rep1_peak_3931
chr14	105091935	105093222	Scramble_H4K16ac_rep1_peak_3973	chr14	105091960	105092615	p53KD_H4K16ac_rep1_peak_3936
chr14	105229899	105236116	Scramble_H4K16ac_rep1_peak_3978	chr14	105229855	105239913	p53KD_H4K16ac_rep1_peak_3939
chr14	105237994	105239412	Scramble_H4K16ac_rep1_peak_3979	chr14	105229855	105239913	p53KD_H4K16ac_rep1_peak_3939
chr14	105275964	105277480	Scramble_H4K16ac_rep1_peak_3981	chr14	105276112	105276894	p53KD_H4K16ac_rep1_peak_3940
chr15	17980126	17982805	Scramble_H4K16ac_rep1_peak_3995	chr15	17979950	17981779	p53KD_H4K16ac_rep1_peak_4038
chr15	18381005	18381555	Scramble_H4K16ac_rep1_peak_3996	chr15	18380871	18381502	p53KD_H4K16ac_rep1_peak_4104
chr15	18391715	18392361	Scramble_H4K16ac_rep1_peak_3997	chr15	18390411	18392981	p53KD_H4K16ac_rep1_peak_4106
chr15	18405643	18407022	Scramble_H4K16ac_rep1_peak_3999	chr15	18405411	18406853	p53KD_H4K16ac_rep1_peak_4110
chr15	18417077	18417093	Scramble_H4K16ac_rep1_peak_4000	chr15	18417066	18417426	p53KD_H4K16ac_rep1_peak_4114
chr15	18455963	18456634	Scramble_H4K16ac_rep1_peak_4002	chr15	18453138	18456930	p53KD_H4K16ac_rep1_peak_4121
chr15	18525692	18526523	Scramble_H4K16ac_rep1_peak_4005	chr15	18525689	18527040	p53KD_H4K16ac_rep1_peak_4138
chr15	18530627	18530950	Scramble_H4K16ac_rep1_peak_4006	chr15	18529058	18531494	p53KD_H4K16ac_rep1_peak_4139
chr15	18534217	18534452	Scramble_H4K16ac_rep1_peak_4007	chr15	18533425	18534529	p53KD_H4K16ac_rep1_peak_4140
chr15	18545626	18546344	Scramble_H4K16ac_rep1_peak_4008	chr15	18544178	18546542	p53KD_H4K16ac_rep1_peak_4143
chr15	18561732	18562136	Scramble_H4K16ac_rep1_peak_4009	chr15	18561347	18562015	p53KD_H4K16ac_rep1_peak_4145
chr15	18565997	18566922	Scramble_H4K16ac_rep1_peak_4010	chr15	18565592	18567514	p53KD_H4K16ac_rep1_peak_4146
chr15	18672934	18673562	Scramble_H4K16ac_rep1_peak_4012	chr15	18672281	18673452	p53KD_H4K16ac_rep1_peak_4173
chr15	18702721	18703386	Scramble_H4K16ac_rep1_peak_4014	chr15	18697610	18705223	p53KD_H4K16ac_rep1_peak_4178
chr15	18722421	18722817	Scramble_H4K16ac_rep1_peak_4015	chr15	18722291	18723113	p53KD_H4K16ac_rep1_peak_4184
chr15	18725496	18725782	Scramble_H4K16ac_rep1_peak_4016	chr15	18724848	18725835	p53KD_H4K16ac_rep1_peak_4185
chr15	18743215	18744176	Scramble_H4K16ac_rep1_peak_4017	chr15	18743467	18744205	p53KD_H4K16ac_rep1_peak_4191
chr15	18750782	18751046	Scramble_H4K16ac_rep1_peak_4018	chr15	18750195	18752096	p53KD_H4K16ac_rep1_peak_4193
chr15	18759399	18759930	Scramble_H4K16ac_rep1_peak_4019	chr15	18759251	18760302	p53KD_H4K16ac_rep1_peak_4195
chr15	18800077	18800171	Scramble_H4K16ac_rep1_peak_4020	chr15	18799194	18800469	p53KD_H4K16ac_rep1_peak_4205
chr15	18833957	18835747	Scramble_H4K16ac_rep1_peak_4021	chr15	18833899	18835778	p53KD_H4K16ac_rep1_peak_4214
chr15	18880249	18880773	Scramble_H4K16ac_rep1_peak_4022	chr15	18880140	18882032	p53KD_H4K16ac_rep1_peak_4228
chr15	18911164	18911602	Scramble_H4K16ac_rep1_peak_4023	chr15	18910644	18911603	p53KD_H4K16ac_rep1_peak_4237
chr15	18971462	18972475	Scramble_H4K16ac_rep1_peak_4025	chr15	18969246	18972859	p53KD_H4K16ac_rep1_peak_4252
chr15	18981972	18982315	Scramble_H4K16ac_rep1_peak_4026	chr15	18981534	18984132	p53KD_H4K16ac_rep1_peak_4255
chr15	19016942	19017539	Scramble_H4K16ac_rep1_peak_4027	chr15	19016355	19017481	p53KD_H4K16ac_rep1_peak_4261
chr15	19027955	19028521	Scramble_H4K16ac_rep1_peak_4028	chr15	19026665	19028699	p53KD_H4K16ac_rep1_peak_4264
chr15	19077977	19078027	Scramble_H4K16ac_rep1_peak_4029	chr15	19075114	19080697	p53KD_H4K16ac_rep1_peak_4275
chr15	19083010	19083617	Scramble_H4K16ac_rep1_peak_4030	chr15	19082600	19083304	p53KD_H4K16ac_rep1_peak_4276
chr15	19114722	19114992	Scramble_H4K16ac_rep1_peak_4031	chr15	19114447	19117406	p53KD_H4K16ac_rep1_peak_4284
chr15	19120174	19120746	Scramble_H4K16ac_rep1_peak_4032	chr15	19119159	19121832	p53KD_H4K16ac_rep1_peak_4285
chr15	19225134	19225522	Scramble_H4K16ac_rep1_peak_4035	chr15	19223274	19227259	p53KD_H4K16ac_rep1_peak_4311
chr15	19265886	19267854	Scramble_H4K16ac_rep1_peak_4036	chr15	19265960	19267874	p53KD_H4K16ac_rep1_peak_4323
chr15	19328995	19329324	Scramble_H4K16ac_rep1_peak_4037	chr15	19328271	19329059	p53KD_H4K16ac_rep1_peak_4340
chr15	19333161	19334420	Scramble_H4K16ac_rep1_peak_4038	chr15	19333486	19339126	p53KD_H4K16ac_rep1_peak_4342
chr15	19336470	19336725	Scramble_H4K16ac_rep1_peak_4039	chr15	19333486	19339126	p53KD_H4K16ac_rep1_peak_4342
chr15	19383173	19383533	Scramble_H4K16ac_rep1_peak_4041	chr15	19382633	19384020	p53KD_H4K16ac_rep1_peak_4355
chr15	19391892	19392246	Scramble_H4K16ac_rep1_peak_4042	chr15	19391583	19392625	p53KD_H4K16ac_rep1_peak_4358
chr15	19563184	19563876	Scramble_H4K16ac_rep1_peak_4045	chr15	19563224	19567804	p53KD_H4K16ac_rep1_peak_4401
chr15	19564905	19567473	Scramble_H4K16ac_rep1_peak_4046	chr15	19563224	19567804	p53KD_H4K16ac_rep1_peak_4401
chr15	19572956	19573006	Scramble_H4K16ac_rep1_peak_4048	chr15	19572908	19574916	p53KD_H4K16ac_rep1_peak_4404
chr15	19653906	19654232	Scramble_H4K16ac_rep1_peak_4050	chr15	19653366	19654298	p53KD_H4K16ac_rep1_peak_4421
chr15	19666847	19667763	Scramble_H4K16ac_rep1_peak_4051	chr15	19666213	19667635	p53KD_H4K16ac_rep1_peak_4425
chr15	19670814	19673380	Scramble_H4K16ac_rep1_peak_4052	chr15	19669485	19673546	p53KD_H4K16ac_rep1_peak_4426
chr15	19678100	19679428	Scramble_H4K16ac_rep1_peak_4053	chr15	19678144	19679564	p53KD_H4K16ac_rep1_peak_4428
chr15	19688617	19688868	Scramble_H4K16ac_rep1_peak_4055	chr15	19688746	19689837	p53KD_H4K16ac_rep1_peak_4430
chr15	19775486	19779800	Scramble_H4K16ac_rep1_peak_4056	chr15	19775415	19784054	p53KD_H4K16ac_rep1_peak_4440
chr15	19780833	19782463	Scramble_H4K16ac_rep1_peak_4057	chr15	19775415	19784054	p53KD_H4K16ac_rep1_peak_4440
chr15	20100620	20103294	Scramble_H4K16ac_rep1_peak_4058	chr15	20100751	20101722	p53KD_H4K16ac_rep1_peak_4441
chr15	21107621	21108329	Scramble_H4K16ac_rep1_peak_4059	chr15	21107876	21108717	p53KD_H4K16ac_rep1_peak_4444
chr15	60397685	60398742	Scramble_H4K16ac_rep1_peak_4139	chr15	60397221	60398545	p53KD_H4K16ac_rep1_peak_4471
chr15	66504051	66504774	Scramble_H4K16ac_rep1_peak_4165	chr15	66504400	66505118	p53KD_H4K16ac_rep1_peak_4478
chr15	72237114	72237724	Scramble_H4K16ac_rep1_peak_4193	chr15	72237156	72237475	p53KD_H4K16ac_rep1_peak_4488
chr15	72616722	72617037	Scramble_H4K16ac_rep1_peak_4198	chr15	72616533	72616793	p53KD_H4K16ac_rep1_peak_4489
chr15	74099793	74100192	Scramble_H4K16ac_rep1_peak_4214	chr15	74099849	74100224	p53KD_H4K16ac_rep1_peak_4492
chr15	90954916	90955742	Scramble_H4K16ac_rep1_peak_4273	chr15	90954991	90955115	p53KD_H4K16ac_rep1_peak_4518
chr15	92809145	92809419	Scramble_H4K16ac_rep1_peak_4279	chr15	92808563	92809704	p53KD_H4K16ac_rep1_peak_4519
chr15	101755993	101761709	Scramble_H4K16ac_rep1_peak_4312	chr15	101754257	101756592	p53KD_H4K16ac_rep1_peak_4530
chr15	101755993	101761709	Scramble_H4K16ac_rep1_peak_4312	chr15	101757465	101758026	p53KD_H4K16ac_rep1_peak_4531
chr15	101755993	101761709	Scramble_H4K16ac_rep1_peak_4312	chr15	101759312	101760916	p53KD_H4K16ac_rep1_peak_4531
chr15	101951379	101952663	Scramble_H4K16ac_rep1_peak_4313	chr15	101952032	101953075	p53KD_H4K16ac_rep1_peak_4533
chr15	101960611	101962689	Scramble_H4K16ac_rep1_peak_4315	chr15	101961644	101961867	p53KD_H4K16ac_rep1_peak_4536
chr16	1964447	1964775	Scramble_H4K16ac_rep1_peak_4351	chr16	1964419	1964728	p53KD_H4K16ac_rep1_peak_4551
chr16	2127862	2128312	Scramble_H4K16ac_rep1_peak_4356	chr16	2127987	2128293	p53KD_H4K16ac_rep1_peak_4553
chr16	2215313	2216130	Scramble_H4K16ac_rep1_peak_4361	chr16	2215334	2216247	p53KD_H4K16ac_rep1_peak_4556
chr16	2531674	2532307	Scramble_H4K16ac_rep1_peak_4368	chr16	2531866	2531874	p53KD_H4K16ac_rep1_peak_4561
chr16	2777404	2778474	Scramble_H4K16ac_rep1_peak_4373	chr16	2777510	2777621	p53KD_H4K16ac_rep1_peak_4563
chr16	4270953	4272563	Scramble_H4K16ac_rep1_peak_4394	chr16	4271367	4271800	p53KD_H4K16ac_rep1_peak_4570
chr16	4425018	4425773	Scramble_H4K16ac_rep1_peak_4398	chr16	4425063	4426070	p53KD_H4K16ac_rep1_peak_4575
chr16	14911088	14911279	Scramble_H4K16ac_rep1_peak_4415	chr16	14911034	14911361	p53KD_H4K16ac_rep1_peak_4583
chr16	16309369	16309752	Scramble_H4K16ac_rep1_peak_4418	chr16	16309748	16310000	p53KD_H4K16ac_rep1_peak_4585
chr16	18402390	18402656	Scramble_H4K16ac_rep1_peak_4419	chr16	18402131	18402460	p53KD_H4K16ac_rep1_peak_4590
chr16	21520550	21521482	Scramble_H4K16ac_rep1_peak_4428	chr16	21520802	21521459	p53KD_H4K16ac_rep1_peak_4599
chr16	30193477	30193895	Scramble_H4K16ac_rep1_peak_4494	chr16	30193571	30193933	p53KD_H4K16ac_rep1_peak_4639
chr16	30534566	30536069	Scramble_H4K16ac_rep1_peak_4504	chr16	30534311	30535422	p53KD_H4K16ac_rep1_peak_4640
chr16	30609786	30610512	Scramble_H4K16ac_rep1_peak_4509	chr16	30609905	30610190	p53KD_H4K16ac_rep1_peak_4642
chr16	33336124	33339572	Scramble_H4K16ac_rep1_peak_4533	chr16	33336298	33339856	p53KD_H4K16ac_rep1_peak_4645
chr16	34572591	34574093	Scramble_H4K16ac_rep1_peak_4534	chr16	34572075	34576631	p53KD_H4K16ac_rep1_peak_4651
chr16	34581454	34583077	Scramble_H4K16ac_rep1_peak_4535	chr16	34581413	34583722	p53KD_H4K16ac_rep1_peak_4652
chr16	34592706	34593577	Scramble_H4K16ac_rep1_peak_4536	chr16	34592663	34593623	p53KD_H4K16ac_rep1_peak_4655
chr16	36468920	36469704	Scramble_H4K16ac_rep1_peak_4538	chr16	36468940	36474328	p53KD_H4K16ac_rep1_peak_4680
chr16	36508854	36509731	Scramble_H4K16ac_rep1_peak_4540	chr16	36509339	36509913	p53KD_H4K16ac_rep1_peak_4685
chr16	36576587	36578452	Scramble_H4K16ac_rep1_peak_4541	chr16	36575749	36577412	p53KD_H4K16ac_rep1_peak_4696
chr16	36592147	36593009	Scramble_H4K16ac_rep1_peak_4543	chr16	36591240	36593808	p53KD_H4K16ac_rep1_peak_4699
chr16	36666672	36667077	Scramble_H4K16ac_rep1_peak_4545	chr16	36664771	36666940	p53KD_H4K16ac_rep1_peak_4715
chr16	36721571	36722917	Scramble_H4K16ac_rep1_peak_4549	chr16	36722051	36723930	p53KD_H4K16ac_rep1_peak_4724
chr16	36726189	36727036	Scramble_H4K16ac_rep1_peak_4550	chr16	36726327	36730061	p53KD_H4K16ac_rep1_peak_4725
chr16	36734002	36734322	Scramble_H4K16ac_rep1_peak_4551	chr16	36732538	36738493	p53KD_H4K16ac_rep1_peak_4727
chr16	36763856	36765314	Scramble_H4K16ac_rep1_peak_4553	chr16	36761774	36766397	p53KD_H4K16ac_rep1_peak_4731
chr16	36823283	36823374	Scramble_H4K16ac_rep1_peak_4555	chr16	36821142	36824120	p53KD_H4K16ac_rep1_peak_4744
chr16	36834697	36835257	Scramble_H4K16ac_rep1_peak_4556	chr16	36833099	36836028	p53KD_H4K16ac_rep1_peak_4746
chr16	36879324	36880430	Scramble_H4K16ac_rep1_peak_4557	chr16	36878811	36879421	p53KD_H4K16ac_rep1_peak_4753
chr16	36879324	36880430	Scramble_H4K16ac_rep1_peak_4557	chr16	36880325	36882286	p53KD_H4K16ac_rep1_peak_4754
chr16	36881444	36882481	Scramble_H4K16ac_rep1_peak_4558	chr16	36880325	36882286	p53KD_H4K16ac_rep1_peak_4754
chr16	36896454	36898460	Scramble_H4K16ac_rep1_peak_4559	chr16	36893375	36898856	p53KD_H4K16ac_rep1_peak_4758
chr16	36910993	36912761	Scramble_H4K16ac_rep1_peak_4560	chr16	36910794	36913326	p53KD_H4K16ac_rep1_peak_4761
chr16	36967304	36967608	Scramble_H4K16ac_rep1_peak_4563	chr16	36967405	36967562	p53KD_H4K16ac_rep1_peak_4772
chr16	36970302	36971340	Scramble_H4K16ac_rep1_peak_4564	chr16	36968675	36973292	p53KD_H4K16ac_rep1_peak_4772
chr16	37059235	37061783	Scramble_H4K16ac_rep1_peak_4566	chr16	37057573	37062118	p53KD_H4K16ac_rep1_peak_4787
chr16	37085547	37086272	Scramble_H4K16ac_rep1_peak_4567	chr16	37085890	37087050	p53KD_H4K16ac_rep1_peak_4791
chr16	37096835	37098034	Scramble_H4K16ac_rep1_peak_4568	chr16	37094986	37098062	p53KD_H4K16ac_rep1_peak_4792
chr16	37111625	37113456	Scramble_H4K16ac_rep1_peak_4569	chr16	37111348	37112287	p53KD_H4K16ac_rep1_peak_4795
chr16	37121700	37122865	Scramble_H4K16ac_rep1_peak_4570	chr16	37119036	37124473	p53KD_H4K16ac_rep1_peak_4796
chr16	37130593	37132085	Scramble_H4K16ac_rep1_peak_4571	chr16	37131221	37132028	p53KD_H4K16ac_rep1_peak_4800
chr16	37146920	37147194	Scramble_H4K16ac_rep1_peak_4572	chr16	37141240	37149785	p53KD_H4K16ac_rep1_peak_4803
chr16	37157841	37158677	Scramble_H4K16ac_rep1_peak_4573	chr16	37154863	37159523	p53KD_H4K16ac_rep1_peak_4805
chr16	37180105	37181020	Scramble_H4K16ac_rep1_peak_4574	chr16	37180066	37180465	p53KD_H4K16ac_rep1_peak_4812
chr16	37201926	37203242	Scramble_H4K16ac_rep1_peak_4576	chr16	37202105	37202606	p53KD_H4K16ac_rep1_peak_4816
chr16	37270970	37271337	Scramble_H4K16ac_rep1_peak_4580	chr16	37267701	37271597	p53KD_H4K16ac_rep1_peak_4827
chr16	37299243	37299639	Scramble_H4K16ac_rep1_peak_4582	chr16	37299317	37299557	p53KD_H4K16ac_rep1_peak_4834
chr16	37317906	37319147	Scramble_H4K16ac_rep1_peak_4584	chr16	37318676	37321517	p53KD_H4K16ac_rep1_peak_4836
chr16	37358792	37359364	Scramble_H4K16ac_rep1_peak_4587	chr16	37356593	37359247	p53KD_H4K16ac_rep1_peak_4845
chr16	37379775	37380358	Scramble_H4K16ac_rep1_peak_4588	chr16	37378697	37388104	p53KD_H4K16ac_rep1_peak_4848
chr16	37443450	37444459	Scramble_H4K16ac_rep1_peak_4590	chr16	37443158	37448368	p53KD_H4K16ac_rep1_peak_4856
chr16	37520625	37521977	Scramble_H4K16ac_rep1_peak_4594	chr16	37520461	37521430	p53KD_H4K16ac_rep1_peak_4870
chr16	37547438	37548290	Scramble_H4K16ac_rep1_peak_4597	chr16	37544528	37549319	p53KD_H4K16ac_rep1_peak_4877
chr16	37571837	37573319	Scramble_H4K16ac_rep1_peak_4598	chr16	37571492	37576568	p53KD_H4K16ac_rep1_peak_4880
chr16	37722761	37723140	Scramble_H4K16ac_rep1_peak_4602	chr16	37723007	37723270	p53KD_H4K16ac_rep1_peak_4903
chr16	37740718	37741644	Scramble_H4K16ac_rep1_peak_4603	chr16	37738905	37744988	p53KD_H4K16ac_rep1_peak_4905
chr16	37752998	37753633	Scramble_H4K16ac_rep1_peak_4604	chr16	37752348	37753576	p53KD_H4K16ac_rep1_peak_4908
chr16	37797859	37798205	Scramble_H4K16ac_rep1_peak_4605	chr16	37796567	37798269	p53KD_H4K16ac_rep1_peak_4916
chr16	37929962	37930993	Scramble_H4K16ac_rep1_peak_4607	chr16	37930693	37931476	p53KD_H4K16ac_rep1_peak_4935
chr16	38025316	38025671	Scramble_H4K16ac_rep1_peak_4609	chr16	38019282	38025714	p53KD_H4K16ac_rep1_peak_4947
chr16	38068164	38068797	Scramble_H4K16ac_rep1_peak_4611	chr16	38067138	38068243	p53KD_H4K16ac_rep1_peak_4955
chr16	38177367	38179508	Scramble_H4K16ac_rep1_peak_4612	chr16	38177625	38179620	p53KD_H4K16ac_rep1_peak_4969
chr16	38215307	38215591	Scramble_H4K16ac_rep1_peak_4613	chr16	38214269	38218665	p53KD_H4K16ac_rep1_peak_4976
chr16	38238909	38240070	Scramble_H4K16ac_rep1_peak_4614	chr16	38238791	38239045	p53KD_H4K16ac_rep1_peak_4980
chr16	38240884	38241384	Scramble_H4K16ac_rep1_peak_4614	chr16	38241239	38243116	p53KD_H4K16ac_rep1_peak_4981
chr16	38259634	38260349	Scramble_H4K16ac_rep1_peak_4615	chr16	38259200	38260648	p53KD_H4K16ac_rep1_peak_4985
chr16	38276147	38276445	Scramble_H4K16ac_rep1_peak_4616	chr16	38276150	38277957	p53KD_H4K16ac_rep1_peak_4988
chr16	38279228	38280107	Scramble_H4K16ac_rep1_peak_4617	chr16	38280027	38280394	p53KD_H4K16ac_rep1_peak_4989
chr16	70523610	70523873	Scramble_H4K16ac_rep1_peak_4700	chr16	70523612	70523801	p53KD_H4K16ac_rep1_peak_5012
chr16	72976759	72977180	Scramble_H4K16ac_rep1_peak_4707	chr16	72976863	72976929	p53KD_H4K16ac_rep1_peak_5014
chr16	89972292	89972787	Scramble_H4K16ac_rep1_peak_4787	chr16	89972316	89972394	p53KD_H4K16ac_rep1_peak_5047
chr16	90117203	90117983	Scramble_H4K16ac_rep1_peak_4791	chr16	90116823	90117848	p53KD_H4K16ac_rep1_peak_5048
chr17	117406	117879	Scramble_H4K16ac_rep1_peak_4792	chr17	117187	117980	p53KD_H4K16ac_rep1_peak_5051
chr17	124191	127493	Scramble_H4K16ac_rep1_peak_4794	chr17	123907	127743	p53KD_H4K16ac_rep1_peak_5052
chr17	751785	752837	Scramble_H4K16ac_rep1_peak_4798	chr17	751810	752579	p53KD_H4K16ac_rep1_peak_5057
chr17	1399788	1400604	Scramble_H4K16ac_rep1_peak_4816	chr17	1399797	1399825	p53KD_H4K16ac_rep1_peak_5070
chr17	1717359	1717853	Scramble_H4K16ac_rep1_peak_4824	chr17	1717362	1717853	p53KD_H4K16ac_rep1_peak_5078
chr17	3888829	3889789	Scramble_H4K16ac_rep1_peak_4846	chr17	3888980	3889100	p53KD_H4K16ac_rep1_peak_5094
chr17	4476884	4477104	Scramble_H4K16ac_rep1_peak_4854	chr17	4476710	4477483	p53KD_H4K16ac_rep1_peak_5100
chr17	7251285	7252655	Scramble_H4K16ac_rep1_peak_4891	chr17	7251819	7252461	p53KD_H4K16ac_rep1_peak_5111
chr17	7306678	7308378	Scramble_H4K16ac_rep1_peak_4895	chr17	7306443	7309044	p53KD_H4K16ac_rep1_peak_5114
chr17	7351773	7352180	Scramble_H4K16ac_rep1_peak_4898	chr17	7351370	7352388	p53KD_H4K16ac_rep1_peak_5116
chr17	7572560	7573880	Scramble_H4K16ac_rep1_peak_4907	chr17	7573117	7573599	p53KD_H4K16ac_rep1_peak_5123
chr17	17591428	17592879	Scramble_H4K16ac_rep1_peak_4982	chr17	17591561	17591667	p53KD_H4K16ac_rep1_peak_5149
chr17	17921269	17922241	Scramble_H4K16ac_rep1_peak_5000	chr17	17921003	17921273	p53KD_H4K16ac_rep1_peak_5152
chr17	19046972	19047286	Scramble_H4K16ac_rep1_peak_5023	chr17	19046753	19047028	p53KD_H4K16ac_rep1_peak_5163
chr17	19061431	19064428	Scramble_H4K16ac_rep1_peak_5024	chr17	19061286	19062139	p53KD_H4K16ac_rep1_peak_5164
chr17	19061431	19064428	Scramble_H4K16ac_rep1_peak_5024	chr17	19063748	19064515	p53KD_H4K16ac_rep1_peak_5165
chr17	19111646	19113151	Scramble_H4K16ac_rep1_peak_5027	chr17	19112132	19112465	p53KD_H4K16ac_rep1_peak_5168
chr17	19187500	19189032	Scramble_H4K16ac_rep1_peak_5034	chr17	19187422	19188199	p53KD_H4K16ac_rep1_peak_5175
chr17	22389777	22390406	Scramble_H4K16ac_rep1_peak_5055	chr17	22389282	22390473	p53KD_H4K16ac_rep1_peak_5188
chr17	22999193	22999449	Scramble_H4K16ac_rep1_peak_5060	chr17	22999282	23000166	p53KD_H4K16ac_rep1_peak_5221
chr17	23016268	23016478	Scramble_H4K16ac_rep1_peak_5061	chr17	23016259	23016538	p53KD_H4K16ac_rep1_peak_5222
chr17	23068707	23068957	Scramble_H4K16ac_rep1_peak_5063	chr17	23068705	23069013	p53KD_H4K16ac_rep1_peak_5229
chr17	23143647	23143953	Scramble_H4K16ac_rep1_peak_5065	chr17	23143478	23143908	p53KD_H4K16ac_rep1_peak_5236
chr17	23213960	23215864	Scramble_H4K16ac_rep1_peak_5066	chr17	23214932	23215898	p53KD_H4K16ac_rep1_peak_5243
chr17	23255995	23256191	Scramble_H4K16ac_rep1_peak_5067	chr17	23255980	23257463	p53KD_H4K16ac_rep1_peak_5244
chr17	23501839	23504479	Scramble_H4K16ac_rep1_peak_5068	chr17	23502149	23502804	p53KD_H4K16ac_rep1_peak_5250
chr17	23619453	23621727	Scramble_H4K16ac_rep1_peak_5070	chr17	23619447	23621761	p53KD_H4K16ac_rep1_peak_5252
chr17	23878776	23878980	Scramble_H4K16ac_rep1_peak_5071	chr17	23878764	23879733	p53KD_H4K16ac_rep1_peak_5262
chr17	24150883	24151317	Scramble_H4K16ac_rep1_peak_5072	chr17	24150861	24151640	p53KD_H4K16ac_rep1_peak_5269
chr17	24453519	24455535	Scramble_H4K16ac_rep1_peak_5074	chr17	24453382	24455858	p53KD_H4K16ac_rep1_peak_5277
chr17	24564218	24566466	Scramble_H4K16ac_rep1_peak_5075	chr17	24564202	24566452	p53KD_H4K16ac_rep1_peak_5281
chr17	24813192	24814451	Scramble_H4K16ac_rep1_peak_5076	chr17	24812922	24814458	p53KD_H4K16ac_rep1_peak_5287
chr17	24823311	24824424	Scramble_H4K16ac_rep1_peak_5078	chr17	24823192	24824959	p53KD_H4K16ac_rep1_peak_5290
chr17	25074362	25074574	Scramble_H4K16ac_rep1_peak_5079	chr17	25074323	25075580	p53KD_H4K16ac_rep1_peak_5301
chr17	25075379	25075548	Scramble_H4K16ac_rep1_peak_5079	chr17	25074323	25075580	p53KD_H4K16ac_rep1_peak_5301
chr17	25139835	25140465	Scramble_H4K16ac_rep1_peak_5082	chr17	25139201	25141324	p53KD_H4K16ac_rep1_peak_5304
chr17	25186308	25186807	Scramble_H4K16ac_rep1_peak_5083	chr17	25185641	25187162	p53KD_H4K16ac_rep1_peak_5306
chr17	25383678	25383945	Scramble_H4K16ac_rep1_peak_5084	chr17	25383639	25383951	p53KD_H4K16ac_rep1_peak_5309
chr17	25388157	25390041	Scramble_H4K16ac_rep1_peak_5085	chr17	25388171	25390531	p53KD_H4K16ac_rep1_peak_5310
chr17	25425350	25426874	Scramble_H4K16ac_rep1_peak_5086	chr17	25425356	25427161	p53KD_H4K16ac_rep1_peak_5311
chr17	25569117	25569375	Scramble_H4K16ac_rep1_peak_5087	chr17	25569082	25569409	p53KD_H4K16ac_rep1_peak_5318
chr17	25771366	25771692	Scramble_H4K16ac_rep1_peak_5090	chr17	25771357	25772158	p53KD_H4K16ac_rep1_peak_5324
chr17	25920088	25920313	Scramble_H4K16ac_rep1_peak_5092	chr17	25920070	25920408	p53KD_H4K16ac_rep1_peak_5330
chr17	26549088	26549491	Scramble_H4K16ac_rep1_peak_5093	chr17	26549072	26549465	p53KD_H4K16ac_rep1_peak_5341
chr17	26572685	26573552	Scramble_H4K16ac_rep1_peak_5094	chr17	26572658	26573857	p53KD_H4K16ac_rep1_peak_5342
chr17	26581809	26583592	Scramble_H4K16ac_rep1_peak_5095	chr17	26581412	26583701	p53KD_H4K16ac_rep1_peak_5345
chr17	26588017	26588369	Scramble_H4K16ac_rep1_peak_5096	chr17	26587748	26589989	p53KD_H4K16ac_rep1_peak_5346
chr17	26596355	26596505	Scramble_H4K16ac_rep1_peak_5097	chr17	26596353	26598846	p53KD_H4K16ac_rep1_peak_5348
chr17	26603756	26604048	Scramble_H4K16ac_rep1_peak_5099	chr17	26603671	26604301	p53KD_H4K16ac_rep1_peak_5349
chr17	26619531	26620149	Scramble_H4K16ac_rep1_peak_5100	chr17	26619477	26620197	p53KD_H4K16ac_rep1_peak_5352
chr17	26880951	26885938	Scramble_H4K16ac_rep1_peak_5101	chr17	26880917	26885965	p53KD_H4K16ac_rep1_peak_5354
chr17	27951735	27952628	Scramble_H4K16ac_rep1_peak_5104	chr17	27952528	27952612	p53KD_H4K16ac_rep1_peak_5359
chr17	28719706	28720511	Scramble_H4K16ac_rep1_peak_5113	chr17	28719900	28720537	p53KD_H4K16ac_rep1_peak_5364
chr17	37825027	37827322	Scramble_H4K16ac_rep1_peak_5171	chr17	37826476	37827132	p53KD_H4K16ac_rep1_peak_5385
chr17	38799819	38799921	Scramble_H4K16ac_rep1_peak_5177	chr17	38799779	38799933	p53KD_H4K16ac_rep1_peak_5388
chr17	40479477	40480773	Scramble_H4K16ac_rep1_peak_5208	chr17	40480099	40480368	p53KD_H4K16ac_rep1_peak_5399
chr17	42121035	42121309	Scramble_H4K16ac_rep1_peak_5228	chr17	42120936	42121319	p53KD_H4K16ac_rep1_peak_5407
chr17	43234216	43235200	Scramble_H4K16ac_rep1_peak_5244	chr17	43233933	43235185	p53KD_H4K16ac_rep1_peak_5415
chr17	43239211	43243293	Scramble_H4K16ac_rep1_peak_5245	chr17	43239125	43242007	p53KD_H4K16ac_rep1_peak_5416
chr17	43245632	43247184	Scramble_H4K16ac_rep1_peak_5246	chr17	43245227	43246653	p53KD_H4K16ac_rep1_peak_5417
chr17	43251660	43252327	Scramble_H4K16ac_rep1_peak_5247	chr17	43251773	43252284	p53KD_H4K16ac_rep1_peak_5418
chr17	43265855	43268287	Scramble_H4K16ac_rep1_peak_5248	chr17	43266812	43268067	p53KD_H4K16ac_rep1_peak_5422
chr17	43271262	43274577	Scramble_H4K16ac_rep1_peak_5249	chr17	43270880	43274498	p53KD_H4K16ac_rep1_peak_5423
chr17	43277920	43278834	Scramble_H4K16ac_rep1_peak_5250	chr17	43278050	43279412	p53KD_H4K16ac_rep1_peak_5424
chr17	43283415	43285732	Scramble_H4K16ac_rep1_peak_5252	chr17	43283668	43285779	p53KD_H4K16ac_rep1_peak_5425
chr17	43290448	43290789	Scramble_H4K16ac_rep1_peak_5253	chr17	43289815	43290745	p53KD_H4K16ac_rep1_peak_5426
chr17	43295447	43296813	Scramble_H4K16ac_rep1_peak_5254	chr17	43295759	43296479	p53KD_H4K16ac_rep1_peak_5427
chr17	43299954	43301299	Scramble_H4K16ac_rep1_peak_5255	chr17	43299705	43300987	p53KD_H4K16ac_rep1_peak_5428
chr17	43367342	43369117	Scramble_H4K16ac_rep1_peak_5259	chr17	43368009	43368994	p53KD_H4K16ac_rep1_peak_5429
chr17	45147508	45148024	Scramble_H4K16ac_rep1_peak_5288	chr17	45147670	45148210	p53KD_H4K16ac_rep1_peak_5434
chr17	45161205	45161451	Scramble_H4K16ac_rep1_peak_5289	chr17	45161175	45161464	p53KD_H4K16ac_rep1_peak_5435
chr17	48995678	48997850	Scramble_H4K16ac_rep1_peak_5336	chr17	48995796	48995828	p53KD_H4K16ac_rep1_peak_5445
chr17	57874212	57876342	Scramble_H4K16ac_rep1_peak_5381	chr17	57874316	57874575	p53KD_H4K16ac_rep1_peak_5457
chr17	64146198	64147364	Scramble_H4K16ac_rep1_peak_5431	chr17	64146060	64146895	p53KD_H4K16ac_rep1_peak_5469
chr17	66798557	66799418	Scramble_H4K16ac_rep1_peak_5464	chr17	66798475	66799321	p53KD_H4K16ac_rep1_peak_5476
chr17	68086794	68087074	Scramble_H4K16ac_rep1_peak_5469	chr17	68086943	68087260	p53KD_H4K16ac_rep1_peak_5477
chr17	76736655	76737298	Scramble_H4K16ac_rep1_peak_5544	chr17	76737002	76737502	p53KD_H4K16ac_rep1_peak_5500
chr17	78879809	78880026	Scramble_H4K16ac_rep1_peak_5581	chr17	78879778	78880267	p53KD_H4K16ac_rep1_peak_5511
chr17	79798029	79798300	Scramble_H4K16ac_rep1_peak_5588	chr17	79798031	79798280	p53KD_H4K16ac_rep1_peak_5513
chr17	81666723	81667401	Scramble_H4K16ac_rep1_peak_5616	chr17	81665679	81666959	p53KD_H4K16ac_rep1_peak_5517
chr17	82098552	82099181	Scramble_H4K16ac_rep1_peak_5635	chr17	82099079	82099595	p53KD_H4K16ac_rep1_peak_5524
chr18	106790	110679	Scramble_H4K16ac_rep1_peak_5661	chr18	106741	110765	p53KD_H4K16ac_rep1_peak_5536
chr18	10131546	10133362	Scramble_H4K16ac_rep1_peak_5696	chr18	10132118	10132627	p53KD_H4K16ac_rep1_peak_5550
chr18	10134716	10135290	Scramble_H4K16ac_rep1_peak_5696	chr18	10134321	10134724	p53KD_H4K16ac_rep1_peak_5550
chr18	15477190	15480157	Scramble_H4K16ac_rep1_peak_5726	chr18	15476128	15480195	p53KD_H4K16ac_rep1_peak_5565
chr18	15488567	15488912	Scramble_H4K16ac_rep1_peak_5727	chr18	15487873	15493363	p53KD_H4K16ac_rep1_peak_5566
chr18	15491735	15493550	Scramble_H4K16ac_rep1_peak_5728	chr18	15487873	15493363	p53KD_H4K16ac_rep1_peak_5566
chr18	15497182	15499114	Scramble_H4K16ac_rep1_peak_5729	chr18	15496080	15499077	p53KD_H4K16ac_rep1_peak_5567
chr18	15512536	15512890	Scramble_H4K16ac_rep1_peak_5730	chr18	15512850	15516501	p53KD_H4K16ac_rep1_peak_5571
chr18	15522676	15523403	Scramble_H4K16ac_rep1_peak_5731	chr18	15520950	15527481	p53KD_H4K16ac_rep1_peak_5572
chr18	15549446	15549748	Scramble_H4K16ac_rep1_peak_5732	chr18	15546145	15551895	p53KD_H4K16ac_rep1_peak_5577
chr18	15551326	15551489	Scramble_H4K16ac_rep1_peak_5733	chr18	15546145	15551895	p53KD_H4K16ac_rep1_peak_5577
chr18	15583164	15585084	Scramble_H4K16ac_rep1_peak_5735	chr18	15581589	15585077	p53KD_H4K16ac_rep1_peak_5583
chr18	15638768	15640512	Scramble_H4K16ac_rep1_peak_5736	chr18	15637842	15639580	p53KD_H4K16ac_rep1_peak_5592
chr18	15638768	15640512	Scramble_H4K16ac_rep1_peak_5736	chr18	15640484	15640612	p53KD_H4K16ac_rep1_peak_5593
chr18	15687196	15689170	Scramble_H4K16ac_rep1_peak_5737	chr18	15689037	15691717	p53KD_H4K16ac_rep1_peak_5602
chr18	15716650	15716974	Scramble_H4K16ac_rep1_peak_5738	chr18	15716599	15717293	p53KD_H4K16ac_rep1_peak_5604
chr18	15726533	15727471	Scramble_H4K16ac_rep1_peak_5739	chr18	15726545	15728372	p53KD_H4K16ac_rep1_peak_5605
chr18	15735245	15736022	Scramble_H4K16ac_rep1_peak_5740	chr18	15734428	15736867	p53KD_H4K16ac_rep1_peak_5606
chr18	15766843	15766906	Scramble_H4K16ac_rep1_peak_5741	chr18	15766191	15767692	p53KD_H4K16ac_rep1_peak_5610
chr18	15879114	15881417	Scramble_H4K16ac_rep1_peak_5742	chr18	15879825	15879835	p53KD_H4K16ac_rep1_peak_5628
chr18	15929724	15929833	Scramble_H4K16ac_rep1_peak_5743	chr18	15927853	15932105	p53KD_H4K16ac_rep1_peak_5638
chr18	16008511	16008861	Scramble_H4K16ac_rep1_peak_5745	chr18	16007929	16009051	p53KD_H4K16ac_rep1_peak_5654
chr18	16090458	16090786	Scramble_H4K16ac_rep1_peak_5746	chr18	16090215	16091063	p53KD_H4K16ac_rep1_peak_5673
chr18	16099811	16100771	Scramble_H4K16ac_rep1_peak_5747	chr18	16097021	16100893	p53KD_H4K16ac_rep1_peak_5676
chr18	16106714	16107872	Scramble_H4K16ac_rep1_peak_5748	chr18	16105149	16108087	p53KD_H4K16ac_rep1_peak_5677
chr18	16114279	16115536	Scramble_H4K16ac_rep1_peak_5749	chr18	16113338	16117060	p53KD_H4K16ac_rep1_peak_5679
chr18	16128421	16128861	Scramble_H4K16ac_rep1_peak_5750	chr18	16125510	16128872	p53KD_H4K16ac_rep1_peak_5683
chr18	16214188	16215281	Scramble_H4K16ac_rep1_peak_5753	chr18	16214184	16216830	p53KD_H4K16ac_rep1_peak_5700
chr18	16233138	16235080	Scramble_H4K16ac_rep1_peak_5754	chr18	16233410	16236868	p53KD_H4K16ac_rep1_peak_5702
chr18	16270258	16270357	Scramble_H4K16ac_rep1_peak_5755	chr18	16270215	16272216	p53KD_H4K16ac_rep1_peak_5708
chr18	16271381	16272142	Scramble_H4K16ac_rep1_peak_5755	chr18	16270215	16272216	p53KD_H4K16ac_rep1_peak_5708
chr18	16294920	16298300	Scramble_H4K16ac_rep1_peak_5756	chr18	16289473	16301461	p53KD_H4K16ac_rep1_peak_5713
chr18	16299114	16300031	Scramble_H4K16ac_rep1_peak_5756	chr18	16289473	16301461	p53KD_H4K16ac_rep1_peak_5713
chr18	16331858	16333294	Scramble_H4K16ac_rep1_peak_5758	chr18	16331068	16334090	p53KD_H4K16ac_rep1_peak_5719
chr18	16396047	16397193	Scramble_H4K16ac_rep1_peak_5761	chr18	16395283	16397173	p53KD_H4K16ac_rep1_peak_5732
chr18	16489115	16490212	Scramble_H4K16ac_rep1_peak_5763	chr18	16488506	16491512	p53KD_H4K16ac_rep1_peak_5750
chr18	16491479	16491609	Scramble_H4K16ac_rep1_peak_5763	chr18	16488506	16491512	p53KD_H4K16ac_rep1_peak_5750
chr18	16552954	16553481	Scramble_H4K16ac_rep1_peak_5764	chr18	16553240	16553942	p53KD_H4K16ac_rep1_peak_5765
chr18	16624413	16624607	Scramble_H4K16ac_rep1_peak_5765	chr18	16622653	16625822	p53KD_H4K16ac_rep1_peak_5781
chr18	16645178	16646535	Scramble_H4K16ac_rep1_peak_5766	chr18	16641210	16648375	p53KD_H4K16ac_rep1_peak_5787
chr18	16713091	16713471	Scramble_H4K16ac_rep1_peak_5767	chr18	16712875	16714545	p53KD_H4K16ac_rep1_peak_5799
chr18	16775863	16776892	Scramble_H4K16ac_rep1_peak_5768	chr18	16775840	16776921	p53KD_H4K16ac_rep1_peak_5814
chr18	16822879	16824166	Scramble_H4K16ac_rep1_peak_5769	chr18	16821525	16825322	p53KD_H4K16ac_rep1_peak_5827
chr18	16846661	16848451	Scramble_H4K16ac_rep1_peak_5770	chr18	16846944	16850175	p53KD_H4K16ac_rep1_peak_5832
chr18	16858534	16858681	Scramble_H4K16ac_rep1_peak_5771	chr18	16857072	16863465	p53KD_H4K16ac_rep1_peak_5834
chr18	16861019	16862544	Scramble_H4K16ac_rep1_peak_5771	chr18	16857072	16863465	p53KD_H4K16ac_rep1_peak_5834
chr18	16905074	16905982	Scramble_H4K16ac_rep1_peak_5772	chr18	16905218	16905968	p53KD_H4K16ac_rep1_peak_5844
chr18	16924433	16924496	Scramble_H4K16ac_rep1_peak_5773	chr18	16923677	16924784	p53KD_H4K16ac_rep1_peak_5848
chr18	16925899	16927323	Scramble_H4K16ac_rep1_peak_5774	chr18	16926264	16927893	p53KD_H4K16ac_rep1_peak_5849
chr18	16933251	16933533	Scramble_H4K16ac_rep1_peak_5775	chr18	16932488	16934035	p53KD_H4K16ac_rep1_peak_5851
chr18	16940332	16941200	Scramble_H4K16ac_rep1_peak_5776	chr18	16939638	16941761	p53KD_H4K16ac_rep1_peak_5854
chr18	16959882	16960248	Scramble_H4K16ac_rep1_peak_5777	chr18	16959653	16960016	p53KD_H4K16ac_rep1_peak_5859
chr18	17011888	17012280	Scramble_H4K16ac_rep1_peak_5780	chr18	17009782	17012303	p53KD_H4K16ac_rep1_peak_5871
chr18	17025694	17026089	Scramble_H4K16ac_rep1_peak_5781	chr18	17023676	17026416	p53KD_H4K16ac_rep1_peak_5874
chr18	17093447	17094094	Scramble_H4K16ac_rep1_peak_5783	chr18	17092392	17095844	p53KD_H4K16ac_rep1_peak_5887
chr18	17108100	17108802	Scramble_H4K16ac_rep1_peak_5784	chr18	17107205	17109415	p53KD_H4K16ac_rep1_peak_5889
chr18	17114877	17115904	Scramble_H4K16ac_rep1_peak_5785	chr18	17113891	17119195	p53KD_H4K16ac_rep1_peak_5890
chr18	17153524	17154363	Scramble_H4K16ac_rep1_peak_5787	chr18	17152402	17154306	p53KD_H4K16ac_rep1_peak_5900
chr18	17218277	17218676	Scramble_H4K16ac_rep1_peak_5790	chr18	17216909	17219750	p53KD_H4K16ac_rep1_peak_5915
chr18	17275266	17276262	Scramble_H4K16ac_rep1_peak_5791	chr18	17274826	17279822	p53KD_H4K16ac_rep1_peak_5926
chr18	17293191	17293956	Scramble_H4K16ac_rep1_peak_5792	chr18	17291933	17294938	p53KD_H4K16ac_rep1_peak_5931
chr18	17339538	17339671	Scramble_H4K16ac_rep1_peak_5793	chr18	17339421	17341149	p53KD_H4K16ac_rep1_peak_5943
chr18	17364578	17366196	Scramble_H4K16ac_rep1_peak_5794	chr18	17363484	17366577	p53KD_H4K16ac_rep1_peak_5949
chr18	17406210	17406350	Scramble_H4K16ac_rep1_peak_5797	chr18	17404788	17406405	p53KD_H4K16ac_rep1_peak_5958
chr18	17425480	17426538	Scramble_H4K16ac_rep1_peak_5798	chr18	17424339	17425973	p53KD_H4K16ac_rep1_peak_5963
chr18	17435248	17435439	Scramble_H4K16ac_rep1_peak_5799	chr18	17431023	17435558	p53KD_H4K16ac_rep1_peak_5965
chr18	17476756	17477008	Scramble_H4K16ac_rep1_peak_5800	chr18	17473549	17477937	p53KD_H4K16ac_rep1_peak_5975
chr18	17490940	17492127	Scramble_H4K16ac_rep1_peak_5801	chr18	17490946	17493167	p53KD_H4K16ac_rep1_peak_5979
chr18	17495602	17496270	Scramble_H4K16ac_rep1_peak_5802	chr18	17495533	17497705	p53KD_H4K16ac_rep1_peak_5980
chr18	17508125	17509597	Scramble_H4K16ac_rep1_peak_5803	chr18	17507789	17509789	p53KD_H4K16ac_rep1_peak_5983
chr18	17565003	17565141	Scramble_H4K16ac_rep1_peak_5805	chr18	17564721	17565087	p53KD_H4K16ac_rep1_peak_5999
chr18	17566571	17568023	Scramble_H4K16ac_rep1_peak_5806	chr18	17566764	17568180	p53KD_H4K16ac_rep1_peak_6000
chr18	17592566	17594607	Scramble_H4K16ac_rep1_peak_5807	chr18	17591209	17596063	p53KD_H4K16ac_rep1_peak_6007
chr18	17690053	17690325	Scramble_H4K16ac_rep1_peak_5810	chr18	17689648	17691250	p53KD_H4K16ac_rep1_peak_6030
chr18	17766528	17768710	Scramble_H4K16ac_rep1_peak_5812	chr18	17765284	17769734	p53KD_H4K16ac_rep1_peak_6046
chr18	17888977	17889283	Scramble_H4K16ac_rep1_peak_5817	chr18	17888047	17890057	p53KD_H4K16ac_rep1_peak_6070
chr18	17948543	17949446	Scramble_H4K16ac_rep1_peak_5818	chr18	17946256	17950383	p53KD_H4K16ac_rep1_peak_6083
chr18	18043439	18044443	Scramble_H4K16ac_rep1_peak_5821	chr18	18043006	18044289	p53KD_H4K16ac_rep1_peak_6106
chr18	18055987	18056246	Scramble_H4K16ac_rep1_peak_5822	chr18	18055113	18056173	p53KD_H4K16ac_rep1_peak_6108
chr18	18082407	18083396	Scramble_H4K16ac_rep1_peak_5824	chr18	18082420	18085243	p53KD_H4K16ac_rep1_peak_6114
chr18	18084948	18085194	Scramble_H4K16ac_rep1_peak_5824	chr18	18082420	18085243	p53KD_H4K16ac_rep1_peak_6114
chr18	18156749	18158757	Scramble_H4K16ac_rep1_peak_5826	chr18	18156287	18158068	p53KD_H4K16ac_rep1_peak_6127
chr18	18168403	18169629	Scramble_H4K16ac_rep1_peak_5827	chr18	18168338	18169605	p53KD_H4K16ac_rep1_peak_6129
chr18	18216694	18216904	Scramble_H4K16ac_rep1_peak_5830	chr18	18215837	18217526	p53KD_H4K16ac_rep1_peak_6140
chr18	18238855	18239468	Scramble_H4K16ac_rep1_peak_5831	chr18	18238713	18240574	p53KD_H4K16ac_rep1_peak_6146
chr18	18273046	18274870	Scramble_H4K16ac_rep1_peak_5832	chr18	18272355	18275683	p53KD_H4K16ac_rep1_peak_6154
chr18	18288066	18288434	Scramble_H4K16ac_rep1_peak_5833	chr18	18287498	18289229	p53KD_H4K16ac_rep1_peak_6156
chr18	18377350	18377809	Scramble_H4K16ac_rep1_peak_5834	chr18	18375374	18378023	p53KD_H4K16ac_rep1_peak_6177
chr18	18380784	18381066	Scramble_H4K16ac_rep1_peak_5835	chr18	18380500	18382973	p53KD_H4K16ac_rep1_peak_6178
chr18	18600448	18602510	Scramble_H4K16ac_rep1_peak_5840	chr18	18599916	18603049	p53KD_H4K16ac_rep1_peak_6225
chr18	18664351	18665870	Scramble_H4K16ac_rep1_peak_5842	chr18	18663734	18665904	p53KD_H4K16ac_rep1_peak_6234
chr18	18676991	18677672	Scramble_H4K16ac_rep1_peak_5843	chr18	18674881	18677140	p53KD_H4K16ac_rep1_peak_6235
chr18	18711066	18711481	Scramble_H4K16ac_rep1_peak_5844	chr18	18710961	18711594	p53KD_H4K16ac_rep1_peak_6242
chr18	18847652	18848448	Scramble_H4K16ac_rep1_peak_5846	chr18	18847616	18852365	p53KD_H4K16ac_rep1_peak_6271
chr18	18850106	18851679	Scramble_H4K16ac_rep1_peak_5847	chr18	18847616	18852365	p53KD_H4K16ac_rep1_peak_6271
chr18	18930441	18930898	Scramble_H4K16ac_rep1_peak_5850	chr18	18929899	18931105	p53KD_H4K16ac_rep1_peak_6283
chr18	18968669	18969484	Scramble_H4K16ac_rep1_peak_5851	chr18	18967895	18970171	p53KD_H4K16ac_rep1_peak_6290
chr18	18990797	18991402	Scramble_H4K16ac_rep1_peak_5853	chr18	18990690	18992055	p53KD_H4K16ac_rep1_peak_6296
chr18	19061675	19062587	Scramble_H4K16ac_rep1_peak_5855	chr18	19060926	19063784	p53KD_H4K16ac_rep1_peak_6313
chr18	19149824	19149993	Scramble_H4K16ac_rep1_peak_5856	chr18	19146255	19150675	p53KD_H4K16ac_rep1_peak_6329
chr18	19193176	19193900	Scramble_H4K16ac_rep1_peak_5858	chr18	19192607	19194322	p53KD_H4K16ac_rep1_peak_6335
chr18	19390782	19392080	Scramble_H4K16ac_rep1_peak_5860	chr18	19388778	19391715	p53KD_H4K16ac_rep1_peak_6370
chr18	19409623	19411593	Scramble_H4K16ac_rep1_peak_5861	chr18	19409486	19412088	p53KD_H4K16ac_rep1_peak_6375
chr18	19431107	19432131	Scramble_H4K16ac_rep1_peak_5862	chr18	19430329	19433502	p53KD_H4K16ac_rep1_peak_6378
chr18	19433250	19434752	Scramble_H4K16ac_rep1_peak_5863	chr18	19430329	19433502	p53KD_H4K16ac_rep1_peak_6378
chr18	19453506	19454281	Scramble_H4K16ac_rep1_peak_5864	chr18	19452267	19454134	p53KD_H4K16ac_rep1_peak_6382
chr18	19550671	19551869	Scramble_H4K16ac_rep1_peak_5866	chr18	19549625	19551026	p53KD_H4K16ac_rep1_peak_6395
chr18	19624298	19625739	Scramble_H4K16ac_rep1_peak_5867	chr18	19624197	19625882	p53KD_H4K16ac_rep1_peak_6411
chr18	19638416	19639537	Scramble_H4K16ac_rep1_peak_5869	chr18	19638341	19643170	p53KD_H4K16ac_rep1_peak_6415
chr18	19732770	19734016	Scramble_H4K16ac_rep1_peak_5870	chr18	19732573	19733676	p53KD_H4K16ac_rep1_peak_6432
chr18	19823708	19823964	Scramble_H4K16ac_rep1_peak_5872	chr18	19823180	19823971	p53KD_H4K16ac_rep1_peak_6449
chr18	19845775	19848069	Scramble_H4K16ac_rep1_peak_5873	chr18	19844697	19846993	p53KD_H4K16ac_rep1_peak_6452
chr18	19857871	19858991	Scramble_H4K16ac_rep1_peak_5874	chr18	19858895	19859263	p53KD_H4K16ac_rep1_peak_6454
chr18	19875368	19875855	Scramble_H4K16ac_rep1_peak_5875	chr18	19875295	19875929	p53KD_H4K16ac_rep1_peak_6459
chr18	19928182	19928668	Scramble_H4K16ac_rep1_peak_5876	chr18	19926928	19929864	p53KD_H4K16ac_rep1_peak_6472
chr18	19947413	19947628	Scramble_H4K16ac_rep1_peak_5877	chr18	19945832	19949982	p53KD_H4K16ac_rep1_peak_6475
chr18	19985768	19986967	Scramble_H4K16ac_rep1_peak_5878	chr18	19984818	19987170	p53KD_H4K16ac_rep1_peak_6481
chr18	20032941	20034857	Scramble_H4K16ac_rep1_peak_5879	chr18	20032648	20034712	p53KD_H4K16ac_rep1_peak_6493
chr18	20093556	20094124	Scramble_H4K16ac_rep1_peak_5880	chr18	20091538	20093933	p53KD_H4K16ac_rep1_peak_6501
chr18	20218466	20218903	Scramble_H4K16ac_rep1_peak_5881	chr18	20217709	20219868	p53KD_H4K16ac_rep1_peak_6523
chr18	20242711	20244267	Scramble_H4K16ac_rep1_peak_5882	chr18	20240831	20242969	p53KD_H4K16ac_rep1_peak_6528
chr18	20487186	20488263	Scramble_H4K16ac_rep1_peak_5885	chr18	20487150	20487962	p53KD_H4K16ac_rep1_peak_6570
chr18	20519866	20520210	Scramble_H4K16ac_rep1_peak_5886	chr18	20519823	20520054	p53KD_H4K16ac_rep1_peak_6575
chr19	69754	72580	Scramble_H4K16ac_rep1_peak_5903	chr19	70593	71312	p53KD_H4K16ac_rep1_peak_6610
chr19	79481	80586	Scramble_H4K16ac_rep1_peak_5905	chr19	79663	80210	p53KD_H4K16ac_rep1_peak_6612
chr19	1864226	1864921	Scramble_H4K16ac_rep1_peak_5950	chr19	1864318	1864536	p53KD_H4K16ac_rep1_peak_6633
chr19	2059642	2059915	Scramble_H4K16ac_rep1_peak_5954	chr19	2059572	2059672	p53KD_H4K16ac_rep1_peak_6635
chr19	2518301	2518794	Scramble_H4K16ac_rep1_peak_5973	chr19	2518207	2518666	p53KD_H4K16ac_rep1_peak_6643
chr19	5790880	5791165	Scramble_H4K16ac_rep1_peak_6025	chr19	5790895	5791110	p53KD_H4K16ac_rep1_peak_6653
chr19	10654405	10654676	Scramble_H4K16ac_rep1_peak_6063	chr19	10654038	10654643	p53KD_H4K16ac_rep1_peak_6667
chr19	12945614	12946379	Scramble_H4K16ac_rep1_peak_6090	chr19	12945887	12946250	p53KD_H4K16ac_rep1_peak_6674
chr19	13116383	13116686	Scramble_H4K16ac_rep1_peak_6099	chr19	13116493	13116738	p53KD_H4K16ac_rep1_peak_6676
chr19	18417229	18418142	Scramble_H4K16ac_rep1_peak_6146	chr19	18417127	18417429	p53KD_H4K16ac_rep1_peak_6687
chr19	24822795	24822935	Scramble_H4K16ac_rep1_peak_6169	chr19	24822734	24824725	p53KD_H4K16ac_rep1_peak_6716
chr19	24851998	24852495	Scramble_H4K16ac_rep1_peak_6170	chr19	24852325	24853335	p53KD_H4K16ac_rep1_peak_6719
chr19	24923025	24924056	Scramble_H4K16ac_rep1_peak_6171	chr19	24922695	24924190	p53KD_H4K16ac_rep1_peak_6723
chr19	24925275	24925927	Scramble_H4K16ac_rep1_peak_6172	chr19	24925132	24925922	p53KD_H4K16ac_rep1_peak_6724
chr19	24928630	24930482	Scramble_H4K16ac_rep1_peak_6173	chr19	24928493	24930548	p53KD_H4K16ac_rep1_peak_6725
chr19	24945061	24945653	Scramble_H4K16ac_rep1_peak_6174	chr19	24944732	24946244	p53KD_H4K16ac_rep1_peak_6728
chr19	25006049	25006765	Scramble_H4K16ac_rep1_peak_6177	chr19	25006577	25006823	p53KD_H4K16ac_rep1_peak_6736
chr19	25049201	25051513	Scramble_H4K16ac_rep1_peak_6179	chr19	25049211	25051532	p53KD_H4K16ac_rep1_peak_6740
chr19	25135520	25137450	Scramble_H4K16ac_rep1_peak_6181	chr19	25134724	25137445	p53KD_H4K16ac_rep1_peak_6759
chr19	25152549	25153451	Scramble_H4K16ac_rep1_peak_6182	chr19	25152536	25153442	p53KD_H4K16ac_rep1_peak_6763
chr19	25239870	25240872	Scramble_H4K16ac_rep1_peak_6184	chr19	25239843	25241004	p53KD_H4K16ac_rep1_peak_6773
chr19	25247155	25249303	Scramble_H4K16ac_rep1_peak_6185	chr19	25249134	25249271	p53KD_H4K16ac_rep1_peak_6775
chr19	25247155	25249303	Scramble_H4K16ac_rep1_peak_6185	chr19	25247234	25248307	p53KD_H4K16ac_rep1_peak_6775
chr19	25289381	25290340	Scramble_H4K16ac_rep1_peak_6187	chr19	25289869	25290370	p53KD_H4K16ac_rep1_peak_6780
chr19	25295721	25295844	Scramble_H4K16ac_rep1_peak_6188	chr19	25294807	25296625	p53KD_H4K16ac_rep1_peak_6781
chr19	25315223	25316959	Scramble_H4K16ac_rep1_peak_6189	chr19	25316746	25316939	p53KD_H4K16ac_rep1_peak_6785
chr19	25317974	25318991	Scramble_H4K16ac_rep1_peak_6190	chr19	25318719	25318980	p53KD_H4K16ac_rep1_peak_6785
chr19	25338148	25338949	Scramble_H4K16ac_rep1_peak_6191	chr19	25338018	25339421	p53KD_H4K16ac_rep1_peak_6790
chr19	25341028	25342232	Scramble_H4K16ac_rep1_peak_6192	chr19	25340924	25341159	p53KD_H4K16ac_rep1_peak_6791
chr19	25365243	25366546	Scramble_H4K16ac_rep1_peak_6193	chr19	25365157	25366479	p53KD_H4K16ac_rep1_peak_6796
chr19	25439468	25440590	Scramble_H4K16ac_rep1_peak_6196	chr19	25438769	25439632	p53KD_H4K16ac_rep1_peak_6802
chr19	25439468	25440590	Scramble_H4K16ac_rep1_peak_6196	chr19	25440477	25441626	p53KD_H4K16ac_rep1_peak_6802
chr19	25446535	25447444	Scramble_H4K16ac_rep1_peak_6197	chr19	25446350	25446617	p53KD_H4K16ac_rep1_peak_6803
chr19	25454726	25456552	Scramble_H4K16ac_rep1_peak_6199	chr19	25454051	25454973	p53KD_H4K16ac_rep1_peak_6804
chr19	25503206	25504362	Scramble_H4K16ac_rep1_peak_6200	chr19	25503191	25503837	p53KD_H4K16ac_rep1_peak_6812
chr19	25512639	25512789	Scramble_H4K16ac_rep1_peak_6201	chr19	25512668	25514260	p53KD_H4K16ac_rep1_peak_6813
chr19	25514067	25514269	Scramble_H4K16ac_rep1_peak_6202	chr19	25512668	25514260	p53KD_H4K16ac_rep1_peak_6813
chr19	25525088	25525952	Scramble_H4K16ac_rep1_peak_6203	chr19	25524009	25525953	p53KD_H4K16ac_rep1_peak_6814
chr19	25552314	25552984	Scramble_H4K16ac_rep1_peak_6205	chr19	25552359	25552931	p53KD_H4K16ac_rep1_peak_6818
chr19	25561709	25562795	Scramble_H4K16ac_rep1_peak_6206	chr19	25561711	25562865	p53KD_H4K16ac_rep1_peak_6820
chr19	25635262	25636296	Scramble_H4K16ac_rep1_peak_6209	chr19	25635192	25636398	p53KD_H4K16ac_rep1_peak_6833
chr19	25640216	25641535	Scramble_H4K16ac_rep1_peak_6210	chr19	25640181	25641629	p53KD_H4K16ac_rep1_peak_6835
chr19	25735902	25737083	Scramble_H4K16ac_rep1_peak_6211	chr19	25735843	25737049	p53KD_H4K16ac_rep1_peak_6846
chr19	25739308	25740719	Scramble_H4K16ac_rep1_peak_6212	chr19	25739577	25740764	p53KD_H4K16ac_rep1_peak_6847
chr19	25804447	25805907	Scramble_H4K16ac_rep1_peak_6214	chr19	25804431	25806103	p53KD_H4K16ac_rep1_peak_6857
chr19	25822865	25823931	Scramble_H4K16ac_rep1_peak_6215	chr19	25821014	25825119	p53KD_H4K16ac_rep1_peak_6859
chr19	25837957	25839124	Scramble_H4K16ac_rep1_peak_6216	chr19	25837941	25839645	p53KD_H4K16ac_rep1_peak_6860
chr19	25841013	25841169	Scramble_H4K16ac_rep1_peak_6216	chr19	25840999	25842313	p53KD_H4K16ac_rep1_peak_6861
chr19	25908527	25909534	Scramble_H4K16ac_rep1_peak_6217	chr19	25908578	25911696	p53KD_H4K16ac_rep1_peak_6872
chr19	25920410	25921660	Scramble_H4K16ac_rep1_peak_6218	chr19	25920972	25921661	p53KD_H4K16ac_rep1_peak_6875
chr19	25964668	25965529	Scramble_H4K16ac_rep1_peak_6220	chr19	25962798	25965755	p53KD_H4K16ac_rep1_peak_6882
chr19	26161230	26162162	Scramble_H4K16ac_rep1_peak_6224	chr19	26161068	26162103	p53KD_H4K16ac_rep1_peak_6912
chr19	26203032	26204765	Scramble_H4K16ac_rep1_peak_6225	chr19	26203037	26205726	p53KD_H4K16ac_rep1_peak_6918
chr19	26242984	26243381	Scramble_H4K16ac_rep1_peak_6226	chr19	26242955	26243371	p53KD_H4K16ac_rep1_peak_6923
chr19	26249414	26250201	Scramble_H4K16ac_rep1_peak_6227	chr19	26249417	26251408	p53KD_H4K16ac_rep1_peak_6924
chr19	26253354	26254265	Scramble_H4K16ac_rep1_peak_6228	chr19	26253332	26254805	p53KD_H4K16ac_rep1_peak_6925
chr19	26261934	26262292	Scramble_H4K16ac_rep1_peak_6229	chr19	26261728	26262267	p53KD_H4K16ac_rep1_peak_6926
chr19	26288188	26289756	Scramble_H4K16ac_rep1_peak_6231	chr19	26288189	26289349	p53KD_H4K16ac_rep1_peak_6931
chr19	26316205	26317154	Scramble_H4K16ac_rep1_peak_6232	chr19	26316181	26317609	p53KD_H4K16ac_rep1_peak_6934
chr19	26324536	26325021	Scramble_H4K16ac_rep1_peak_6233	chr19	26324485	26325067	p53KD_H4K16ac_rep1_peak_6936
chr19	26332412	26333276	Scramble_H4K16ac_rep1_peak_6234	chr19	26331812	26332591	p53KD_H4K16ac_rep1_peak_6938
chr19	26375513	26376317	Scramble_H4K16ac_rep1_peak_6236	chr19	26375479	26376383	p53KD_H4K16ac_rep1_peak_6945
chr19	26385306	26385750	Scramble_H4K16ac_rep1_peak_6238	chr19	26385327	26385908	p53KD_H4K16ac_rep1_peak_6947
chr19	26437881	26438065	Scramble_H4K16ac_rep1_peak_6240	chr19	26437163	26438002	p53KD_H4K16ac_rep1_peak_6960
chr19	26459724	26460311	Scramble_H4K16ac_rep1_peak_6241	chr19	26457130	26460321	p53KD_H4K16ac_rep1_peak_6962
chr19	26461134	26461528	Scramble_H4K16ac_rep1_peak_6241	chr19	26461181	26461582	p53KD_H4K16ac_rep1_peak_6963
chr19	26476016	26476942	Scramble_H4K16ac_rep1_peak_6243	chr19	26475533	26476932	p53KD_H4K16ac_rep1_peak_6967
chr19	26489791	26490056	Scramble_H4K16ac_rep1_peak_6244	chr19	26489819	26490036	p53KD_H4K16ac_rep1_peak_6969
chr19	26502434	26502622	Scramble_H4K16ac_rep1_peak_6246	chr19	26502428	26502639	p53KD_H4K16ac_rep1_peak_6973
chr19	26507571	26508684	Scramble_H4K16ac_rep1_peak_6247	chr19	26507579	26508704	p53KD_H4K16ac_rep1_peak_6974
chr19	26534822	26535055	Scramble_H4K16ac_rep1_peak_6248	chr19	26534098	26535732	p53KD_H4K16ac_rep1_peak_6977
chr19	26571600	26571742	Scramble_H4K16ac_rep1_peak_6249	chr19	26571634	26574733	p53KD_H4K16ac_rep1_peak_6984
chr19	26572826	26573811	Scramble_H4K16ac_rep1_peak_6250	chr19	26571634	26574733	p53KD_H4K16ac_rep1_peak_6984
chr19	26582862	26585289	Scramble_H4K16ac_rep1_peak_6251	chr19	26582026	26585456	p53KD_H4K16ac_rep1_peak_6986
chr19	26601472	26602421	Scramble_H4K16ac_rep1_peak_6252	chr19	26601649	26602446	p53KD_H4K16ac_rep1_peak_6988
chr19	26616004	26616581	Scramble_H4K16ac_rep1_peak_6253	chr19	26616096	26617529	p53KD_H4K16ac_rep1_peak_6991
chr19	26619770	26620475	Scramble_H4K16ac_rep1_peak_6254	chr19	26619788	26621061	p53KD_H4K16ac_rep1_peak_6992
chr19	26622960	26624447	Scramble_H4K16ac_rep1_peak_6255	chr19	26623189	26624493	p53KD_H4K16ac_rep1_peak_6993
chr19	26626762	26627670	Scramble_H4K16ac_rep1_peak_6256	chr19	26626728	26630941	p53KD_H4K16ac_rep1_peak_6994
chr19	26688310	26689550	Scramble_H4K16ac_rep1_peak_6259	chr19	26685858	26688516	p53KD_H4K16ac_rep1_peak_7004
chr19	26696012	26696220	Scramble_H4K16ac_rep1_peak_6260	chr19	26694903	26696243	p53KD_H4K16ac_rep1_peak_7005
chr19	26712053	26712988	Scramble_H4K16ac_rep1_peak_6261	chr19	26711216	26713483	p53KD_H4K16ac_rep1_peak_7007
chr19	26723698	26724448	Scramble_H4K16ac_rep1_peak_6262	chr19	26723564	26726182	p53KD_H4K16ac_rep1_peak_7010
chr19	26735052	26735638	Scramble_H4K16ac_rep1_peak_6263	chr19	26733985	26735742	p53KD_H4K16ac_rep1_peak_7011
chr19	26770846	26771093	Scramble_H4K16ac_rep1_peak_6264	chr19	26770867	26773050	p53KD_H4K16ac_rep1_peak_7015
chr19	26817779	26818452	Scramble_H4K16ac_rep1_peak_6265	chr19	26817089	26818497	p53KD_H4K16ac_rep1_peak_7024
chr19	26826465	26826654	Scramble_H4K16ac_rep1_peak_6266	chr19	26826313	26827335	p53KD_H4K16ac_rep1_peak_7026
chr19	26842741	26843912	Scramble_H4K16ac_rep1_peak_6267	chr19	26842752	26845415	p53KD_H4K16ac_rep1_peak_7029
chr19	26845174	26845471	Scramble_H4K16ac_rep1_peak_6267	chr19	26842752	26845415	p53KD_H4K16ac_rep1_peak_7029
chr19	26855715	26856334	Scramble_H4K16ac_rep1_peak_6268	chr19	26855675	26856519	p53KD_H4K16ac_rep1_peak_7031
chr19	26859834	26860532	Scramble_H4K16ac_rep1_peak_6269	chr19	26859881	26860566	p53KD_H4K16ac_rep1_peak_7032
chr19	26861985	26862936	Scramble_H4K16ac_rep1_peak_6270	chr19	26861946	26863671	p53KD_H4K16ac_rep1_peak_7033
chr19	26872456	26872648	Scramble_H4K16ac_rep1_peak_6271	chr19	26872451	26872681	p53KD_H4K16ac_rep1_peak_7034
chr19	26877586	26878283	Scramble_H4K16ac_rep1_peak_6272	chr19	26876798	26878338	p53KD_H4K16ac_rep1_peak_7035
chr19	26889045	26889303	Scramble_H4K16ac_rep1_peak_6273	chr19	26889003	26889346	p53KD_H4K16ac_rep1_peak_7038
chr19	26900774	26900878	Scramble_H4K16ac_rep1_peak_6274	chr19	26899740	26900891	p53KD_H4K16ac_rep1_peak_7040
chr19	26904156	26904673	Scramble_H4K16ac_rep1_peak_6275	chr19	26904206	26905063	p53KD_H4K16ac_rep1_peak_7041
chr19	26916183	26918464	Scramble_H4K16ac_rep1_peak_6276	chr19	26915978	26918431	p53KD_H4K16ac_rep1_peak_7044
chr19	26924388	26925673	Scramble_H4K16ac_rep1_peak_6277	chr19	26923853	26927482	p53KD_H4K16ac_rep1_peak_7045
chr19	26935787	26937706	Scramble_H4K16ac_rep1_peak_6278	chr19	26935733	26937777	p53KD_H4K16ac_rep1_peak_7047
chr19	26938630	26940593	Scramble_H4K16ac_rep1_peak_6278	chr19	26938613	26938749	p53KD_H4K16ac_rep1_peak_7047
chr19	26938630	26940593	Scramble_H4K16ac_rep1_peak_6278	chr19	26940399	26941375	p53KD_H4K16ac_rep1_peak_7048
chr19	26951158	26952393	Scramble_H4K16ac_rep1_peak_6279	chr19	26951153	26952459	p53KD_H4K16ac_rep1_peak_7050
chr19	26967496	26968526	Scramble_H4K16ac_rep1_peak_6280	chr19	26967462	26967977	p53KD_H4K16ac_rep1_peak_7053
chr19	26974350	26975227	Scramble_H4K16ac_rep1_peak_6281	chr19	26973767	26976112	p53KD_H4K16ac_rep1_peak_7056
chr19	27008434	27009326	Scramble_H4K16ac_rep1_peak_6283	chr19	27008393	27009319	p53KD_H4K16ac_rep1_peak_7064
chr19	27022761	27022972	Scramble_H4K16ac_rep1_peak_6284	chr19	27022710	27024936	p53KD_H4K16ac_rep1_peak_7067
chr19	27024740	27024886	Scramble_H4K16ac_rep1_peak_6284	chr19	27022710	27024936	p53KD_H4K16ac_rep1_peak_7067
chr19	27053392	27054586	Scramble_H4K16ac_rep1_peak_6286	chr19	27054042	27054382	p53KD_H4K16ac_rep1_peak_7072
chr19	27064365	27065539	Scramble_H4K16ac_rep1_peak_6287	chr19	27063597	27065805	p53KD_H4K16ac_rep1_peak_7075
chr19	27075098	27075261	Scramble_H4K16ac_rep1_peak_6290	chr19	27074005	27078779	p53KD_H4K16ac_rep1_peak_7077
chr19	27076493	27078762	Scramble_H4K16ac_rep1_peak_6291	chr19	27074005	27078779	p53KD_H4K16ac_rep1_peak_7077
chr19	27087123	27087370	Scramble_H4K16ac_rep1_peak_6292	chr19	27087120	27087362	p53KD_H4K16ac_rep1_peak_7079
chr19	27094085	27094863	Scramble_H4K16ac_rep1_peak_6293	chr19	27093979	27094337	p53KD_H4K16ac_rep1_peak_7081
chr19	27097161	27097585	Scramble_H4K16ac_rep1_peak_6294	chr19	27095952	27097831	p53KD_H4K16ac_rep1_peak_7082
chr19	27098716	27098892	Scramble_H4K16ac_rep1_peak_6295	chr19	27098702	27098896	p53KD_H4K16ac_rep1_peak_7083
chr19	27099701	27099935	Scramble_H4K16ac_rep1_peak_6295	chr19	27099774	27101219	p53KD_H4K16ac_rep1_peak_7083
chr19	27100739	27100950	Scramble_H4K16ac_rep1_peak_6295	chr19	27099774	27101219	p53KD_H4K16ac_rep1_peak_7083
chr19	27105811	27107937	Scramble_H4K16ac_rep1_peak_6296	chr19	27105832	27109338	p53KD_H4K16ac_rep1_peak_7084
chr19	27118090	27118353	Scramble_H4K16ac_rep1_peak_6297	chr19	27117637	27118379	p53KD_H4K16ac_rep1_peak_7085
chr19	27120112	27121125	Scramble_H4K16ac_rep1_peak_6298	chr19	27119217	27121108	p53KD_H4K16ac_rep1_peak_7085
chr19	27137109	27137245	Scramble_H4K16ac_rep1_peak_6300	chr19	27136079	27137551	p53KD_H4K16ac_rep1_peak_7090
chr19	27139717	27139858	Scramble_H4K16ac_rep1_peak_6300	chr19	27138536	27143548	p53KD_H4K16ac_rep1_peak_7091
chr19	27141131	27141292	Scramble_H4K16ac_rep1_peak_6301	chr19	27138536	27143548	p53KD_H4K16ac_rep1_peak_7091
chr19	27142583	27142728	Scramble_H4K16ac_rep1_peak_6301	chr19	27138536	27143548	p53KD_H4K16ac_rep1_peak_7091
chr19	27145000	27147008	Scramble_H4K16ac_rep1_peak_6302	chr19	27144988	27147007	p53KD_H4K16ac_rep1_peak_7092
chr19	27149895	27152856	Scramble_H4K16ac_rep1_peak_6303	chr19	27149815	27153172	p53KD_H4K16ac_rep1_peak_7094
chr19	27155386	27156977	Scramble_H4K16ac_rep1_peak_6304	chr19	27156423	27157035	p53KD_H4K16ac_rep1_peak_7095
chr19	27161808	27163229	Scramble_H4K16ac_rep1_peak_6305	chr19	27161905	27163251	p53KD_H4K16ac_rep1_peak_7097
chr19	27167269	27168453	Scramble_H4K16ac_rep1_peak_6307	chr19	27167215	27169263	p53KD_H4K16ac_rep1_peak_7098
chr19	27173464	27174338	Scramble_H4K16ac_rep1_peak_6308	chr19	27173360	27174424	p53KD_H4K16ac_rep1_peak_7099
chr19	27175705	27176525	Scramble_H4K16ac_rep1_peak_6308	chr19	27175556	27176621	p53KD_H4K16ac_rep1_peak_7100
chr19	27182147	27183755	Scramble_H4K16ac_rep1_peak_6310	chr19	27181997	27183755	p53KD_H4K16ac_rep1_peak_7102
chr19	27188819	27189692	Scramble_H4K16ac_rep1_peak_6312	chr19	27188798	27190417	p53KD_H4K16ac_rep1_peak_7104
chr19	34171607	34172826	Scramble_H4K16ac_rep1_peak_6330	chr19	34172052	34172837	p53KD_H4K16ac_rep1_peak_7113
chr19	35755510	35756712	Scramble_H4K16ac_rep1_peak_6355	chr19	35756194	35756382	p53KD_H4K16ac_rep1_peak_7118
chr19	36268738	36273080	Scramble_H4K16ac_rep1_peak_6367	chr19	36268715	36309066	p53KD_H4K16ac_rep1_peak_7123
chr19	36274181	36277983	Scramble_H4K16ac_rep1_peak_6368	chr19	36268715	36309066	p53KD_H4K16ac_rep1_peak_7123
chr19	36279937	36286349	Scramble_H4K16ac_rep1_peak_6369	chr19	36268715	36309066	p53KD_H4K16ac_rep1_peak_7123
chr19	36287585	36290154	Scramble_H4K16ac_rep1_peak_6370	chr19	36268715	36309066	p53KD_H4K16ac_rep1_peak_7123
chr19	36291216	36292713	Scramble_H4K16ac_rep1_peak_6371	chr19	36268715	36309066	p53KD_H4K16ac_rep1_peak_7123
chr19	36293810	36295277	Scramble_H4K16ac_rep1_peak_6372	chr19	36268715	36309066	p53KD_H4K16ac_rep1_peak_7123
chr19	36296411	36297384	Scramble_H4K16ac_rep1_peak_6373	chr19	36268715	36309066	p53KD_H4K16ac_rep1_peak_7123
chr19	36298568	36302230	Scramble_H4K16ac_rep1_peak_6374	chr19	36268715	36309066	p53KD_H4K16ac_rep1_peak_7123
chr19	36303591	36306661	Scramble_H4K16ac_rep1_peak_6375	chr19	36268715	36309066	p53KD_H4K16ac_rep1_peak_7123
chr19	36308376	36308869	Scramble_H4K16ac_rep1_peak_6376	chr19	36268715	36309066	p53KD_H4K16ac_rep1_peak_7123
chr19	37271231	37273028	Scramble_H4K16ac_rep1_peak_6383	chr19	37269417	37303465	p53KD_H4K16ac_rep1_peak_7126
chr19	37274592	37275797	Scramble_H4K16ac_rep1_peak_6384	chr19	37269417	37303465	p53KD_H4K16ac_rep1_peak_7126
chr19	37277881	37282671	Scramble_H4K16ac_rep1_peak_6385	chr19	37269417	37303465	p53KD_H4K16ac_rep1_peak_7126
chr19	37284461	37286037	Scramble_H4K16ac_rep1_peak_6386	chr19	37269417	37303465	p53KD_H4K16ac_rep1_peak_7126
chr19	37287116	37293134	Scramble_H4K16ac_rep1_peak_6387	chr19	37269417	37303465	p53KD_H4K16ac_rep1_peak_7126
chr19	37294131	37296946	Scramble_H4K16ac_rep1_peak_6387	chr19	37269417	37303465	p53KD_H4K16ac_rep1_peak_7126
chr19	37299572	37301086	Scramble_H4K16ac_rep1_peak_6388	chr19	37269417	37303465	p53KD_H4K16ac_rep1_peak_7126
chr19	37302187	37303384	Scramble_H4K16ac_rep1_peak_6388	chr19	37269417	37303465	p53KD_H4K16ac_rep1_peak_7126
chr19	38658809	38659850	Scramble_H4K16ac_rep1_peak_6407	chr19	38657891	38659555	p53KD_H4K16ac_rep1_peak_7136
chr19	38661102	38663941	Scramble_H4K16ac_rep1_peak_6407	chr19	38661026	38662054	p53KD_H4K16ac_rep1_peak_7137
chr19	38661102	38663941	Scramble_H4K16ac_rep1_peak_6407	chr19	38663369	38664523	p53KD_H4K16ac_rep1_peak_7138
chr19	38691707	38694724	Scramble_H4K16ac_rep1_peak_6412	chr19	38693008	38693776	p53KD_H4K16ac_rep1_peak_7142
chr19	38848909	38852286	Scramble_H4K16ac_rep1_peak_6414	chr19	38849557	38851547	p53KD_H4K16ac_rep1_peak_7144
chr19	38930427	38930742	Scramble_H4K16ac_rep1_peak_6416	chr19	38930566	38931212	p53KD_H4K16ac_rep1_peak_7145
chr19	39435410	39436347	Scramble_H4K16ac_rep1_peak_6430	chr19	39435217	39435881	p53KD_H4K16ac_rep1_peak_7154
chr19	39845927	39846949	Scramble_H4K16ac_rep1_peak_6434	chr19	39846109	39846680	p53KD_H4K16ac_rep1_peak_7156
chr19	40749510	40751830	Scramble_H4K16ac_rep1_peak_6465	chr19	40749950	40751076	p53KD_H4K16ac_rep1_peak_7165
chr19	42075279	42076430	Scramble_H4K16ac_rep1_peak_6483	chr19	42075277	42075760	p53KD_H4K16ac_rep1_peak_7170
chr19	43618897	43620135	Scramble_H4K16ac_rep1_peak_6502	chr19	43619693	43619968	p53KD_H4K16ac_rep1_peak_7181
chr19	43754717	43755970	Scramble_H4K16ac_rep1_peak_6506	chr19	43754724	43755507	p53KD_H4K16ac_rep1_peak_7183
chr19	46813232	46813778	Scramble_H4K16ac_rep1_peak_6545	chr19	46813198	46813445	p53KD_H4K16ac_rep1_peak_7189
chr19	49452947	49454233	Scramble_H4K16ac_rep1_peak_6591	chr19	49453391	49453689	p53KD_H4K16ac_rep1_peak_7204
chr19	49677295	49677819	Scramble_H4K16ac_rep1_peak_6599	chr19	49677408	49677639	p53KD_H4K16ac_rep1_peak_7207
chr19	49929160	49929588	Scramble_H4K16ac_rep1_peak_6605	chr19	49929306	49929505	p53KD_H4K16ac_rep1_peak_7211
chr19	58385648	58387345	Scramble_H4K16ac_rep1_peak_6658	chr19	58386226	58386751	p53KD_H4K16ac_rep1_peak_7230
chr19	58573118	58573359	Scramble_H4K16ac_rep1_peak_6666	chr19	58573158	58573324	p53KD_H4K16ac_rep1_peak_7233
chr2	3604865	3606696	Scramble_H4K16ac_rep1_peak_6681	chr2	3605375	3605585	p53KD_H4K16ac_rep1_peak_7250
chr2	10120939	10122501	Scramble_H4K16ac_rep1_peak_6703	chr2	10120799	10121909	p53KD_H4K16ac_rep1_peak_7258
chr2	20584124	20585555	Scramble_H4K16ac_rep1_peak_6740	chr2	20584729	20585094	p53KD_H4K16ac_rep1_peak_7272
chr2	27217302	27217714	Scramble_H4K16ac_rep1_peak_6793	chr2	27217550	27217916	p53KD_H4K16ac_rep1_peak_7289
chr2	43226391	43227220	Scramble_H4K16ac_rep1_peak_6872	chr2	43227146	43227164	p53KD_H4K16ac_rep1_peak_7322
chr2	47042855	47044124	Scramble_H4K16ac_rep1_peak_6901	chr2	47042722	47042962	p53KD_H4K16ac_rep1_peak_7329
chr2	70086299	70087318	Scramble_H4K16ac_rep1_peak_6957	chr2	70086026	70087230	p53KD_H4K16ac_rep1_peak_7346
chr2	70141849	70143805	Scramble_H4K16ac_rep1_peak_6962	chr2	70142078	70142703	p53KD_H4K16ac_rep1_peak_7349
chr2	85418023	85419231	Scramble_H4K16ac_rep1_peak_7013	chr2	85418235	85418447	p53KD_H4K16ac_rep1_peak_7364
chr2	85437563	85438149	Scramble_H4K16ac_rep1_peak_7014	chr2	85437754	85438486	p53KD_H4K16ac_rep1_peak_7366
chr2	85538324	85540253	Scramble_H4K16ac_rep1_peak_7016	chr2	85538465	85539683	p53KD_H4K16ac_rep1_peak_7367
chr2	87419356	87419663	Scramble_H4K16ac_rep1_peak_7035	chr2	87418507	87419483	p53KD_H4K16ac_rep1_peak_7380
chr2	91504890	91506339	Scramble_H4K16ac_rep1_peak_7045	chr2	91505755	91507388	p53KD_H4K16ac_rep1_peak_7402
chr2	91510746	91510907	Scramble_H4K16ac_rep1_peak_7046	chr2	91508328	91511747	p53KD_H4K16ac_rep1_peak_7402
chr2	91517370	91517648	Scramble_H4K16ac_rep1_peak_7047	chr2	91516278	91518654	p53KD_H4K16ac_rep1_peak_7404
chr2	91521915	91521953	Scramble_H4K16ac_rep1_peak_7048	chr2	91520865	91521998	p53KD_H4K16ac_rep1_peak_7405
chr2	92235714	92236825	Scramble_H4K16ac_rep1_peak_7049	chr2	92234816	92237713	p53KD_H4K16ac_rep1_peak_7419
chr2	92273382	92274055	Scramble_H4K16ac_rep1_peak_7051	chr2	92273278	92274257	p53KD_H4K16ac_rep1_peak_7425
chr2	92296401	92297597	Scramble_H4K16ac_rep1_peak_7054	chr2	92294980	92297649	p53KD_H4K16ac_rep1_peak_7430
chr2	92300937	92302043	Scramble_H4K16ac_rep1_peak_7055	chr2	92300711	92301557	p53KD_H4K16ac_rep1_peak_7431
chr2	92304055	92304529	Scramble_H4K16ac_rep1_peak_7056	chr2	92304009	92305022	p53KD_H4K16ac_rep1_peak_7433
chr2	92313660	92317132	Scramble_H4K16ac_rep1_peak_7057	chr2	92312798	92324558	p53KD_H4K16ac_rep1_peak_7435
chr2	92321694	92324179	Scramble_H4K16ac_rep1_peak_7058	chr2	92312798	92324558	p53KD_H4K16ac_rep1_peak_7435
chr2	92355333	92356095	Scramble_H4K16ac_rep1_peak_7060	chr2	92353081	92357669	p53KD_H4K16ac_rep1_peak_7442
chr2	92367676	92369942	Scramble_H4K16ac_rep1_peak_7061	chr2	92365703	92368580	p53KD_H4K16ac_rep1_peak_7445
chr2	92372480	92372823	Scramble_H4K16ac_rep1_peak_7061	chr2	92372167	92373429	p53KD_H4K16ac_rep1_peak_7446
chr2	92374041	92374919	Scramble_H4K16ac_rep1_peak_7061	chr2	92374624	92375563	p53KD_H4K16ac_rep1_peak_7447
chr2	92377998	92378560	Scramble_H4K16ac_rep1_peak_7062	chr2	92377636	92378813	p53KD_H4K16ac_rep1_peak_7448
chr2	92386975	92387637	Scramble_H4K16ac_rep1_peak_7063	chr2	92386984	92387627	p53KD_H4K16ac_rep1_peak_7451
chr2	92409585	92410497	Scramble_H4K16ac_rep1_peak_7064	chr2	92408338	92409666	p53KD_H4K16ac_rep1_peak_7455
chr2	92411707	92411855	Scramble_H4K16ac_rep1_peak_7064	chr2	92411394	92414140	p53KD_H4K16ac_rep1_peak_7455
chr2	92430720	92431974	Scramble_H4K16ac_rep1_peak_7067	chr2	92429174	92431504	p53KD_H4K16ac_rep1_peak_7458
chr2	92438716	92440022	Scramble_H4K16ac_rep1_peak_7068	chr2	92436074	92440316	p53KD_H4K16ac_rep1_peak_7461
chr2	92454767	92455715	Scramble_H4K16ac_rep1_peak_7069	chr2	92454717	92457383	p53KD_H4K16ac_rep1_peak_7464
chr2	92463745	92465466	Scramble_H4K16ac_rep1_peak_7070	chr2	92463351	92466159	p53KD_H4K16ac_rep1_peak_7465
chr2	92487144	92487588	Scramble_H4K16ac_rep1_peak_7073	chr2	92486904	92488779	p53KD_H4K16ac_rep1_peak_7471
chr2	92489987	92492265	Scramble_H4K16ac_rep1_peak_7074	chr2	92490075	92492180	p53KD_H4K16ac_rep1_peak_7472
chr2	92519985	92520889	Scramble_H4K16ac_rep1_peak_7076	chr2	92520313	92521492	p53KD_H4K16ac_rep1_peak_7478
chr2	92525468	92526524	Scramble_H4K16ac_rep1_peak_7077	chr2	92524862	92528036	p53KD_H4K16ac_rep1_peak_7479
chr2	92544789	92546444	Scramble_H4K16ac_rep1_peak_7078	chr2	92544661	92547043	p53KD_H4K16ac_rep1_peak_7482
chr2	92550705	92551164	Scramble_H4K16ac_rep1_peak_7079	chr2	92549556	92554127	p53KD_H4K16ac_rep1_peak_7483
chr2	92552509	92552947	Scramble_H4K16ac_rep1_peak_7079	chr2	92549556	92554127	p53KD_H4K16ac_rep1_peak_7483
chr2	92555315	92556124	Scramble_H4K16ac_rep1_peak_7079	chr2	92555337	92557559	p53KD_H4K16ac_rep1_peak_7484
chr2	92560750	92562729	Scramble_H4K16ac_rep1_peak_7080	chr2	92561140	92568276	p53KD_H4K16ac_rep1_peak_7485
chr2	92564583	92565481	Scramble_H4K16ac_rep1_peak_7081	chr2	92561140	92568276	p53KD_H4K16ac_rep1_peak_7485
chr2	92595432	92596482	Scramble_H4K16ac_rep1_peak_7084	chr2	92595667	92597823	p53KD_H4K16ac_rep1_peak_7492
chr2	92618399	92618765	Scramble_H4K16ac_rep1_peak_7087	chr2	92617225	92619328	p53KD_H4K16ac_rep1_peak_7497
chr2	92622907	92623108	Scramble_H4K16ac_rep1_peak_7088	chr2	92622918	92624014	p53KD_H4K16ac_rep1_peak_7498
chr2	92624124	92625784	Scramble_H4K16ac_rep1_peak_7088	chr2	92625359	92625640	p53KD_H4K16ac_rep1_peak_7498
chr2	92652119	92653067	Scramble_H4K16ac_rep1_peak_7090	chr2	92652221	92655206	p53KD_H4K16ac_rep1_peak_7503
chr2	92657940	92658616	Scramble_H4K16ac_rep1_peak_7091	chr2	92657878	92658793	p53KD_H4K16ac_rep1_peak_7504
chr2	92675416	92675606	Scramble_H4K16ac_rep1_peak_7092	chr2	92675459	92675766	p53KD_H4K16ac_rep1_peak_7510
chr2	92724565	92724698	Scramble_H4K16ac_rep1_peak_7094	chr2	92723863	92727206	p53KD_H4K16ac_rep1_peak_7520
chr2	92795012	92796713	Scramble_H4K16ac_rep1_peak_7099	chr2	92795047	92795849	p53KD_H4K16ac_rep1_peak_7534
chr2	92813312	92813499	Scramble_H4K16ac_rep1_peak_7100	chr2	92811151	92813783	p53KD_H4K16ac_rep1_peak_7538
chr2	92824471	92824729	Scramble_H4K16ac_rep1_peak_7101	chr2	92823250	92826032	p53KD_H4K16ac_rep1_peak_7539
chr2	92837743	92838714	Scramble_H4K16ac_rep1_peak_7102	chr2	92836709	92838920	p53KD_H4K16ac_rep1_peak_7543
chr2	92846883	92847153	Scramble_H4K16ac_rep1_peak_7103	chr2	92845513	92849341	p53KD_H4K16ac_rep1_peak_7544
chr2	92938764	92939168	Scramble_H4K16ac_rep1_peak_7107	chr2	92938157	92939097	p53KD_H4K16ac_rep1_peak_7559
chr2	92951586	92952955	Scramble_H4K16ac_rep1_peak_7108	chr2	92951593	92954239	p53KD_H4K16ac_rep1_peak_7560
chr2	92965653	92966316	Scramble_H4K16ac_rep1_peak_7109	chr2	92966116	92966443	p53KD_H4K16ac_rep1_peak_7562
chr2	93087419	93087887	Scramble_H4K16ac_rep1_peak_7113	chr2	93087025	93087538	p53KD_H4K16ac_rep1_peak_7578
chr2	93100014	93100288	Scramble_H4K16ac_rep1_peak_7114	chr2	93099966	93100604	p53KD_H4K16ac_rep1_peak_7579
chr2	93118939	93120308	Scramble_H4K16ac_rep1_peak_7115	chr2	93118201	93120147	p53KD_H4K16ac_rep1_peak_7580
chr2	93157533	93158557	Scramble_H4K16ac_rep1_peak_7118	chr2	93157226	93158896	p53KD_H4K16ac_rep1_peak_7586
chr2	93290048	93290346	Scramble_H4K16ac_rep1_peak_7123	chr2	93288778	93291290	p53KD_H4K16ac_rep1_peak_7603
chr2	93346574	93347154	Scramble_H4K16ac_rep1_peak_7125	chr2	93346289	93348030	p53KD_H4K16ac_rep1_peak_7608
chr2	93414986	93415733	Scramble_H4K16ac_rep1_peak_7126	chr2	93415545	93415816	p53KD_H4K16ac_rep1_peak_7614
chr2	93454538	93455388	Scramble_H4K16ac_rep1_peak_7127	chr2	93454788	93454855	p53KD_H4K16ac_rep1_peak_7621
chr2	93539450	93540252	Scramble_H4K16ac_rep1_peak_7129	chr2	93538242	93540185	p53KD_H4K16ac_rep1_peak_7631
chr2	93557149	93557289	Scramble_H4K16ac_rep1_peak_7130	chr2	93557161	93557325	p53KD_H4K16ac_rep1_peak_7633
chr2	93585752	93586063	Scramble_H4K16ac_rep1_peak_7131	chr2	93585737	93589407	p53KD_H4K16ac_rep1_peak_7637
chr2	93935349	93935566	Scramble_H4K16ac_rep1_peak_7136	chr2	93935369	93935740	p53KD_H4K16ac_rep1_peak_7680
chr2	94160991	94161025	Scramble_H4K16ac_rep1_peak_7138	chr2	94159752	94161578	p53KD_H4K16ac_rep1_peak_7702
chr2	96868169	96869068	Scramble_H4K16ac_rep1_peak_7160	chr2	96868920	96869130	p53KD_H4K16ac_rep1_peak_7711
chr2	109897893	109899041	Scramble_H4K16ac_rep1_peak_7209	chr2	109898495	109899045	p53KD_H4K16ac_rep1_peak_7731
chr2	110383659	110384930	Scramble_H4K16ac_rep1_peak_7215	chr2	110384278	110384913	p53KD_H4K16ac_rep1_peak_7734
chr2	113583706	113584471	Scramble_H4K16ac_rep1_peak_7263	chr2	113584151	113584461	p53KD_H4K16ac_rep1_peak_7756
chr2	129809694	129811117	Scramble_H4K16ac_rep1_peak_7304	chr2	129810698	129810985	p53KD_H4K16ac_rep1_peak_7778
chr2	134668933	134669244	Scramble_H4K16ac_rep1_peak_7325	chr2	134668921	134669178	p53KD_H4K16ac_rep1_peak_7793
chr2	170694618	170695265	Scramble_H4K16ac_rep1_peak_7356	chr2	170694802	170695212	p53KD_H4K16ac_rep1_peak_7813
chr2	170973104	170974294	Scramble_H4K16ac_rep1_peak_7359	chr2	170973481	170973824	p53KD_H4K16ac_rep1_peak_7815
chr2	202265718	202266300	Scramble_H4K16ac_rep1_peak_7432	chr2	202265203	202266176	p53KD_H4K16ac_rep1_peak_7851
chr2	207166562	207166812	Scramble_H4K16ac_rep1_peak_7443	chr2	207166253	207166592	p53KD_H4K16ac_rep1_peak_7857
chr2	231463879	231465035	Scramble_H4K16ac_rep1_peak_7500	chr2	231464250	231465045	p53KD_H4K16ac_rep1_peak_7881
chr2	231612063	231615064	Scramble_H4K16ac_rep1_peak_7503	chr2	231614407	231615556	p53KD_H4K16ac_rep1_peak_7883
chr2	231666561	231667071	Scramble_H4K16ac_rep1_peak_7504	chr2	231666653	231666876	p53KD_H4K16ac_rep1_peak_7886
chr2	231680163	231682018	Scramble_H4K16ac_rep1_peak_7506	chr2	231680177	231680389	p53KD_H4K16ac_rep1_peak_7888
chr2	240559677	240560702	Scramble_H4K16ac_rep1_peak_7560	chr2	240560365	240560679	p53KD_H4K16ac_rep1_peak_7907
chr2	241701349	241701998	Scramble_H4K16ac_rep1_peak_7575	chr2	241701246	241701743	p53KD_H4K16ac_rep1_peak_7913
chr20	2664094	2664485	Scramble_H4K16ac_rep1_peak_7594	chr20	2664391	2664715	p53KD_H4K16ac_rep1_peak_7927
chr20	3807610	3808154	Scramble_H4K16ac_rep1_peak_7606	chr20	3807160	3807637	p53KD_H4K16ac_rep1_peak_7934
chr20	26439361	26440093	Scramble_H4K16ac_rep1_peak_7660	chr20	26438209	26440344	p53KD_H4K16ac_rep1_peak_7969
chr20	26449045	26452196	Scramble_H4K16ac_rep1_peak_7661	chr20	26448674	26453177	p53KD_H4K16ac_rep1_peak_7971
chr20	26455014	26458799	Scramble_H4K16ac_rep1_peak_7662	chr20	26454355	26459011	p53KD_H4K16ac_rep1_peak_7972
chr20	26467755	26470567	Scramble_H4K16ac_rep1_peak_7663	chr20	26464718	26475268	p53KD_H4K16ac_rep1_peak_7974
chr20	26472680	26474500	Scramble_H4K16ac_rep1_peak_7664	chr20	26464718	26475268	p53KD_H4K16ac_rep1_peak_7974
chr20	26479283	26480191	Scramble_H4K16ac_rep1_peak_7665	chr20	26477763	26480395	p53KD_H4K16ac_rep1_peak_7975
chr20	26483359	26483535	Scramble_H4K16ac_rep1_peak_7666	chr20	26482940	26484733	p53KD_H4K16ac_rep1_peak_7976
chr20	26493182	26494033	Scramble_H4K16ac_rep1_peak_7667	chr20	26492185	26494027	p53KD_H4K16ac_rep1_peak_7978
chr20	26497740	26500510	Scramble_H4K16ac_rep1_peak_7668	chr20	26495848	26509782	p53KD_H4K16ac_rep1_peak_7979
chr20	26501574	26508877	Scramble_H4K16ac_rep1_peak_7669	chr20	26495848	26509782	p53KD_H4K16ac_rep1_peak_7979
chr20	26539749	26540997	Scramble_H4K16ac_rep1_peak_7670	chr20	26537894	26543773	p53KD_H4K16ac_rep1_peak_7987
chr20	26542133	26542457	Scramble_H4K16ac_rep1_peak_7671	chr20	26537894	26543773	p53KD_H4K16ac_rep1_peak_7987
chr20	26582471	26582701	Scramble_H4K16ac_rep1_peak_7672	chr20	26580675	26583468	p53KD_H4K16ac_rep1_peak_7994
chr20	26603185	26607952	Scramble_H4K16ac_rep1_peak_7673	chr20	26600431	26608001	p53KD_H4K16ac_rep1_peak_7995
chr20	26642134	26643038	Scramble_H4K16ac_rep1_peak_7675	chr20	26641528	26643813	p53KD_H4K16ac_rep1_peak_8002
chr20	26659222	26660024	Scramble_H4K16ac_rep1_peak_7676	chr20	26658968	26662832	p53KD_H4K16ac_rep1_peak_8007
chr20	26683752	26685697	Scramble_H4K16ac_rep1_peak_7677	chr20	26682807	26685972	p53KD_H4K16ac_rep1_peak_8013
chr20	26686831	26688355	Scramble_H4K16ac_rep1_peak_7678	chr20	26686808	26689002	p53KD_H4K16ac_rep1_peak_8014
chr20	26704981	26705366	Scramble_H4K16ac_rep1_peak_7679	chr20	26704601	26704996	p53KD_H4K16ac_rep1_peak_8019
chr20	26724570	26725459	Scramble_H4K16ac_rep1_peak_7680	chr20	26722841	26725573	p53KD_H4K16ac_rep1_peak_8025
chr20	26756272	26757469	Scramble_H4K16ac_rep1_peak_7681	chr20	26754368	26758278	p53KD_H4K16ac_rep1_peak_8034
chr20	26764307	26764765	Scramble_H4K16ac_rep1_peak_7682	chr20	26763338	26768148	p53KD_H4K16ac_rep1_peak_8036
chr20	26767980	26768371	Scramble_H4K16ac_rep1_peak_7683	chr20	26763338	26768148	p53KD_H4K16ac_rep1_peak_8036
chr20	26773400	26774056	Scramble_H4K16ac_rep1_peak_7684	chr20	26773862	26774329	p53KD_H4K16ac_rep1_peak_8038
chr20	26783329	26784738	Scramble_H4K16ac_rep1_peak_7685	chr20	26782709	26785077	p53KD_H4K16ac_rep1_peak_8040
chr20	26818818	26820254	Scramble_H4K16ac_rep1_peak_7689	chr20	26818023	26820845	p53KD_H4K16ac_rep1_peak_8050
chr20	26833347	26834216	Scramble_H4K16ac_rep1_peak_7690	chr20	26831940	26835174	p53KD_H4K16ac_rep1_peak_8053
chr20	26848977	26849206	Scramble_H4K16ac_rep1_peak_7691	chr20	26848505	26851952	p53KD_H4K16ac_rep1_peak_8057
chr20	26850823	26851228	Scramble_H4K16ac_rep1_peak_7692	chr20	26848505	26851952	p53KD_H4K16ac_rep1_peak_8057
chr20	26866546	26869347	Scramble_H4K16ac_rep1_peak_7693	chr20	26865196	26869565	p53KD_H4K16ac_rep1_peak_8062
chr20	26884632	26884802	Scramble_H4K16ac_rep1_peak_7695	chr20	26882023	26885064	p53KD_H4K16ac_rep1_peak_8065
chr20	26899174	26899990	Scramble_H4K16ac_rep1_peak_7696	chr20	26898436	26902979	p53KD_H4K16ac_rep1_peak_8067
chr20	26912508	26913396	Scramble_H4K16ac_rep1_peak_7697	chr20	26909736	26912920	p53KD_H4K16ac_rep1_peak_8069
chr20	26923942	26924052	Scramble_H4K16ac_rep1_peak_7698	chr20	26920231	26925290	p53KD_H4K16ac_rep1_peak_8071
chr20	26940061	26940772	Scramble_H4K16ac_rep1_peak_7699	chr20	26940033	26946930	p53KD_H4K16ac_rep1_peak_8077
chr20	26943219	26944367	Scramble_H4K16ac_rep1_peak_7700	chr20	26940033	26946930	p53KD_H4K16ac_rep1_peak_8077
chr20	26957247	26959658	Scramble_H4K16ac_rep1_peak_7701	chr20	26956241	26959943	p53KD_H4K16ac_rep1_peak_8078
chr20	26966405	26968064	Scramble_H4K16ac_rep1_peak_7702	chr20	26965367	26968200	p53KD_H4K16ac_rep1_peak_8080
chr20	26994877	26995084	Scramble_H4K16ac_rep1_peak_7703	chr20	26993806	26995731	p53KD_H4K16ac_rep1_peak_8089
chr20	27022456	27024969	Scramble_H4K16ac_rep1_peak_7704	chr20	27021540	27026184	p53KD_H4K16ac_rep1_peak_8096
chr20	27030648	27031289	Scramble_H4K16ac_rep1_peak_7706	chr20	27029724	27032232	p53KD_H4K16ac_rep1_peak_8098
chr20	27041244	27043345	Scramble_H4K16ac_rep1_peak_7707	chr20	27040519	27044734	p53KD_H4K16ac_rep1_peak_8100
chr20	27054528	27055183	Scramble_H4K16ac_rep1_peak_7708	chr20	27054355	27055613	p53KD_H4K16ac_rep1_peak_8103
chr20	27061267	27061734	Scramble_H4K16ac_rep1_peak_7709	chr20	27060724	27061542	p53KD_H4K16ac_rep1_peak_8105
chr20	27092968	27093291	Scramble_H4K16ac_rep1_peak_7710	chr20	27091208	27095290	p53KD_H4K16ac_rep1_peak_8112
chr20	27099251	27100160	Scramble_H4K16ac_rep1_peak_7711	chr20	27097913	27102696	p53KD_H4K16ac_rep1_peak_8113
chr20	27110957	27112042	Scramble_H4K16ac_rep1_peak_7712	chr20	27110921	27111022	p53KD_H4K16ac_rep1_peak_8115
chr20	27110957	27112042	Scramble_H4K16ac_rep1_peak_7712	chr20	27111921	27115244	p53KD_H4K16ac_rep1_peak_8116
chr20	27128021	27131181	Scramble_H4K16ac_rep1_peak_7713	chr20	27127874	27131899	p53KD_H4K16ac_rep1_peak_8120
chr20	27139075	27139518	Scramble_H4K16ac_rep1_peak_7714	chr20	27137587	27139127	p53KD_H4K16ac_rep1_peak_8122
chr20	27143457	27143874	Scramble_H4K16ac_rep1_peak_7715	chr20	27140800	27143945	p53KD_H4K16ac_rep1_peak_8123
chr20	27155258	27155370	Scramble_H4K16ac_rep1_peak_7716	chr20	27153026	27155592	p53KD_H4K16ac_rep1_peak_8124
chr20	27160692	27162464	Scramble_H4K16ac_rep1_peak_7717	chr20	27158370	27162479	p53KD_H4K16ac_rep1_peak_8126
chr20	27173970	27174423	Scramble_H4K16ac_rep1_peak_7719	chr20	27172573	27175264	p53KD_H4K16ac_rep1_peak_8130
chr20	27180700	27181313	Scramble_H4K16ac_rep1_peak_7720	chr20	27180774	27184613	p53KD_H4K16ac_rep1_peak_8133
chr20	27212563	27214634	Scramble_H4K16ac_rep1_peak_7721	chr20	27211876	27221659	p53KD_H4K16ac_rep1_peak_8141
chr20	27217627	27219527	Scramble_H4K16ac_rep1_peak_7722	chr20	27211876	27221659	p53KD_H4K16ac_rep1_peak_8141
chr20	27239375	27239631	Scramble_H4K16ac_rep1_peak_7723	chr20	27236828	27239697	p53KD_H4K16ac_rep1_peak_8148
chr20	27254661	27255731	Scramble_H4K16ac_rep1_peak_7725	chr20	27253837	27256418	p53KD_H4K16ac_rep1_peak_8152
chr20	27258586	27259118	Scramble_H4K16ac_rep1_peak_7726	chr20	27257933	27260568	p53KD_H4K16ac_rep1_peak_8153
chr20	27267677	27268033	Scramble_H4K16ac_rep1_peak_7727	chr20	27263787	27269288	p53KD_H4K16ac_rep1_peak_8154
chr20	27272319	27272856	Scramble_H4K16ac_rep1_peak_7728	chr20	27270707	27272527	p53KD_H4K16ac_rep1_peak_8155
chr20	27298869	27300580	Scramble_H4K16ac_rep1_peak_7730	chr20	27298843	27300644	p53KD_H4K16ac_rep1_peak_8161
chr20	27318268	27319420	Scramble_H4K16ac_rep1_peak_7731	chr20	27316391	27321307	p53KD_H4K16ac_rep1_peak_8165
chr20	27325278	27325636	Scramble_H4K16ac_rep1_peak_7732	chr20	27325287	27326822	p53KD_H4K16ac_rep1_peak_8167
chr20	27336952	27338084	Scramble_H4K16ac_rep1_peak_7733	chr20	27336748	27339208	p53KD_H4K16ac_rep1_peak_8170
chr20	27344394	27344909	Scramble_H4K16ac_rep1_peak_7734	chr20	27343806	27345387	p53KD_H4K16ac_rep1_peak_8172
chr20	27352294	27354293	Scramble_H4K16ac_rep1_peak_7735	chr20	27352305	27356260	p53KD_H4K16ac_rep1_peak_8175
chr20	27370787	27371133	Scramble_H4K16ac_rep1_peak_7737	chr20	27370353	27371575	p53KD_H4K16ac_rep1_peak_8179
chr20	27409328	27410878	Scramble_H4K16ac_rep1_peak_7738	chr20	27409187	27410511	p53KD_H4K16ac_rep1_peak_8189
chr20	27424435	27425735	Scramble_H4K16ac_rep1_peak_7739	chr20	27423587	27432202	p53KD_H4K16ac_rep1_peak_8192
chr20	27427124	27429913	Scramble_H4K16ac_rep1_peak_7740	chr20	27423587	27432202	p53KD_H4K16ac_rep1_peak_8192
chr20	27452451	27453652	Scramble_H4K16ac_rep1_peak_7741	chr20	27451848	27454935	p53KD_H4K16ac_rep1_peak_8198
chr20	27457703	27458781	Scramble_H4K16ac_rep1_peak_7742	chr20	27456543	27461485	p53KD_H4K16ac_rep1_peak_8199
chr20	27464526	27465743	Scramble_H4K16ac_rep1_peak_7743	chr20	27464364	27469953	p53KD_H4K16ac_rep1_peak_8200
chr20	27468119	27469944	Scramble_H4K16ac_rep1_peak_7744	chr20	27464364	27469953	p53KD_H4K16ac_rep1_peak_8200
chr20	27522706	27523369	Scramble_H4K16ac_rep1_peak_7745	chr20	27519682	27523617	p53KD_H4K16ac_rep1_peak_8215
chr20	27539289	27541096	Scramble_H4K16ac_rep1_peak_7746	chr20	27538172	27541658	p53KD_H4K16ac_rep1_peak_8221
chr20	27543789	27545159	Scramble_H4K16ac_rep1_peak_7747	chr20	27542864	27546055	p53KD_H4K16ac_rep1_peak_8221
chr20	27570730	27572000	Scramble_H4K16ac_rep1_peak_7748	chr20	27570096	27574351	p53KD_H4K16ac_rep1_peak_8229
chr20	27584176	27584747	Scramble_H4K16ac_rep1_peak_7749	chr20	27583301	27586395	p53KD_H4K16ac_rep1_peak_8232
chr20	27606249	27609026	Scramble_H4K16ac_rep1_peak_7750	chr20	27606583	27609423	p53KD_H4K16ac_rep1_peak_8238
chr20	27617703	27619664	Scramble_H4K16ac_rep1_peak_7751	chr20	27617851	27622145	p53KD_H4K16ac_rep1_peak_8240
chr20	27630928	27631389	Scramble_H4K16ac_rep1_peak_7752	chr20	27630363	27631665	p53KD_H4K16ac_rep1_peak_8243
chr20	27633179	27633407	Scramble_H4K16ac_rep1_peak_7753	chr20	27633301	27633631	p53KD_H4K16ac_rep1_peak_8244
chr20	27647415	27649525	Scramble_H4K16ac_rep1_peak_7754	chr20	27647757	27649653	p53KD_H4K16ac_rep1_peak_8248
chr20	27654090	27654841	Scramble_H4K16ac_rep1_peak_7755	chr20	27654214	27654422	p53KD_H4K16ac_rep1_peak_8250
chr20	27655916	27656250	Scramble_H4K16ac_rep1_peak_7755	chr20	27656064	27657307	p53KD_H4K16ac_rep1_peak_8251
chr20	27664434	27665635	Scramble_H4K16ac_rep1_peak_7756	chr20	27663948	27670102	p53KD_H4K16ac_rep1_peak_8253
chr20	27668003	27669777	Scramble_H4K16ac_rep1_peak_7757	chr20	27663948	27670102	p53KD_H4K16ac_rep1_peak_8253
chr20	27672577	27673172	Scramble_H4K16ac_rep1_peak_7758	chr20	27671361	27672775	p53KD_H4K16ac_rep1_peak_8254
chr20	27679864	27681144	Scramble_H4K16ac_rep1_peak_7759	chr20	27678180	27684145	p53KD_H4K16ac_rep1_peak_8256
chr20	27692438	27693342	Scramble_H4K16ac_rep1_peak_7760	chr20	27690421	27693730	p53KD_H4K16ac_rep1_peak_8257
chr20	27697410	27697803	Scramble_H4K16ac_rep1_peak_7761	chr20	27696920	27699531	p53KD_H4K16ac_rep1_peak_8258
chr20	27698861	27699160	Scramble_H4K16ac_rep1_peak_7762	chr20	27696920	27699531	p53KD_H4K16ac_rep1_peak_8258
chr20	27714023	27714460	Scramble_H4K16ac_rep1_peak_7764	chr20	27713276	27714481	p53KD_H4K16ac_rep1_peak_8261
chr20	27752820	27753951	Scramble_H4K16ac_rep1_peak_7767	chr20	27749276	27755390	p53KD_H4K16ac_rep1_peak_8272
chr20	27760619	27762130	Scramble_H4K16ac_rep1_peak_7768	chr20	27761238	27763195	p53KD_H4K16ac_rep1_peak_8274
chr20	27774437	27774712	Scramble_H4K16ac_rep1_peak_7769	chr20	27770991	27775545	p53KD_H4K16ac_rep1_peak_8276
chr20	27833690	27834549	Scramble_H4K16ac_rep1_peak_7770	chr20	27832428	27835565	p53KD_H4K16ac_rep1_peak_8292
chr20	27843011	27844533	Scramble_H4K16ac_rep1_peak_7771	chr20	27842134	27845125	p53KD_H4K16ac_rep1_peak_8295
chr20	27850624	27852459	Scramble_H4K16ac_rep1_peak_7772	chr20	27850246	27852854	p53KD_H4K16ac_rep1_peak_8297
chr20	27855294	27855559	Scramble_H4K16ac_rep1_peak_7773	chr20	27854977	27855653	p53KD_H4K16ac_rep1_peak_8298
chr20	27859765	27865820	Scramble_H4K16ac_rep1_peak_7774	chr20	27858668	27865836	p53KD_H4K16ac_rep1_peak_8299
chr20	27926954	27929463	Scramble_H4K16ac_rep1_peak_7775	chr20	27926865	27929944	p53KD_H4K16ac_rep1_peak_8315
chr20	27931560	27931894	Scramble_H4K16ac_rep1_peak_7776	chr20	27931768	27935514	p53KD_H4K16ac_rep1_peak_8316
chr20	27934209	27934407	Scramble_H4K16ac_rep1_peak_7777	chr20	27931768	27935514	p53KD_H4K16ac_rep1_peak_8316
chr20	27950920	27952580	Scramble_H4K16ac_rep1_peak_7778	chr20	27950698	27952548	p53KD_H4K16ac_rep1_peak_8321
chr20	27955559	27958087	Scramble_H4K16ac_rep1_peak_7779	chr20	27953747	27961866	p53KD_H4K16ac_rep1_peak_8322
chr20	27967125	27968322	Scramble_H4K16ac_rep1_peak_7780	chr20	27965825	27967539	p53KD_H4K16ac_rep1_peak_8323
chr20	28020694	28021717	Scramble_H4K16ac_rep1_peak_7781	chr20	28020609	28021604	p53KD_H4K16ac_rep1_peak_8336
chr20	28022533	28023063	Scramble_H4K16ac_rep1_peak_7781	chr20	28022530	28024595	p53KD_H4K16ac_rep1_peak_8337
chr20	28032365	28033027	Scramble_H4K16ac_rep1_peak_7784	chr20	28030420	28035601	p53KD_H4K16ac_rep1_peak_8339
chr20	28049379	28050805	Scramble_H4K16ac_rep1_peak_7786	chr20	28047544	28057101	p53KD_H4K16ac_rep1_peak_8341
chr20	28053486	28054403	Scramble_H4K16ac_rep1_peak_7787	chr20	28047544	28057101	p53KD_H4K16ac_rep1_peak_8341
chr20	28055977	28055980	Scramble_H4K16ac_rep1_peak_7788	chr20	28047544	28057101	p53KD_H4K16ac_rep1_peak_8341
chr20	28067322	28068758	Scramble_H4K16ac_rep1_peak_7789	chr20	28066260	28069428	p53KD_H4K16ac_rep1_peak_8344
chr20	28070678	28071694	Scramble_H4K16ac_rep1_peak_7790	chr20	28070565	28072490	p53KD_H4K16ac_rep1_peak_8345
chr20	28118096	28118870	Scramble_H4K16ac_rep1_peak_7793	chr20	28117205	28118853	p53KD_H4K16ac_rep1_peak_8358
chr20	28142763	28143332	Scramble_H4K16ac_rep1_peak_7794	chr20	28140965	28143210	p53KD_H4K16ac_rep1_peak_8364
chr20	28154068	28155585	Scramble_H4K16ac_rep1_peak_7795	chr20	28150883	28155906	p53KD_H4K16ac_rep1_peak_8366
chr20	28170862	28171687	Scramble_H4K16ac_rep1_peak_7796	chr20	28169409	28173087	p53KD_H4K16ac_rep1_peak_8370
chr20	28181771	28183642	Scramble_H4K16ac_rep1_peak_7797	chr20	28181701	28185047	p53KD_H4K16ac_rep1_peak_8374
chr20	28195294	28195777	Scramble_H4K16ac_rep1_peak_7798	chr20	28195213	28195780	p53KD_H4K16ac_rep1_peak_8375
chr20	28227125	28227688	Scramble_H4K16ac_rep1_peak_7799	chr20	28225453	28229356	p53KD_H4K16ac_rep1_peak_8382
chr20	28235559	28236960	Scramble_H4K16ac_rep1_peak_7800	chr20	28235418	28236888	p53KD_H4K16ac_rep1_peak_8384
chr20	28249209	28251074	Scramble_H4K16ac_rep1_peak_7801	chr20	28245730	28253064	p53KD_H4K16ac_rep1_peak_8386
chr20	28262108	28262893	Scramble_H4K16ac_rep1_peak_7802	chr20	28260462	28264717	p53KD_H4K16ac_rep1_peak_8388
chr20	28264497	28264803	Scramble_H4K16ac_rep1_peak_7803	chr20	28260462	28264717	p53KD_H4K16ac_rep1_peak_8388
chr20	28266451	28271415	Scramble_H4K16ac_rep1_peak_7804	chr20	28266552	28275942	p53KD_H4K16ac_rep1_peak_8389
chr20	28278988	28280898	Scramble_H4K16ac_rep1_peak_7805	chr20	28276819	28280953	p53KD_H4K16ac_rep1_peak_8390
chr20	28305424	28306846	Scramble_H4K16ac_rep1_peak_7806	chr20	28303632	28310470	p53KD_H4K16ac_rep1_peak_8396
chr20	28308046	28308259	Scramble_H4K16ac_rep1_peak_7807	chr20	28303632	28310470	p53KD_H4K16ac_rep1_peak_8396
chr20	28349382	28350701	Scramble_H4K16ac_rep1_peak_7808	chr20	28348704	28353137	p53KD_H4K16ac_rep1_peak_8409
chr20	28359156	28360817	Scramble_H4K16ac_rep1_peak_7809	chr20	28359098	28361525	p53KD_H4K16ac_rep1_peak_8412
chr20	28372739	28373683	Scramble_H4K16ac_rep1_peak_7810	chr20	28372452	28372947	p53KD_H4K16ac_rep1_peak_8414
chr20	28400562	28402636	Scramble_H4K16ac_rep1_peak_7811	chr20	28400047	28402736	p53KD_H4K16ac_rep1_peak_8421
chr20	28405541	28406778	Scramble_H4K16ac_rep1_peak_7812	chr20	28405466	28407507	p53KD_H4K16ac_rep1_peak_8422
chr20	28414673	28415236	Scramble_H4K16ac_rep1_peak_7813	chr20	28413326	28415457	p53KD_H4K16ac_rep1_peak_8424
chr20	28438085	28438399	Scramble_H4K16ac_rep1_peak_7814	chr20	28437184	28438567	p53KD_H4K16ac_rep1_peak_8430
chr20	28463333	28463699	Scramble_H4K16ac_rep1_peak_7815	chr20	28463333	28463839	p53KD_H4K16ac_rep1_peak_8437
chr20	28494812	28497980	Scramble_H4K16ac_rep1_peak_7816	chr20	28494706	28498120	p53KD_H4K16ac_rep1_peak_8445
chr20	28515318	28516377	Scramble_H4K16ac_rep1_peak_7817	chr20	28515282	28518389	p53KD_H4K16ac_rep1_peak_8448
chr20	28517226	28517650	Scramble_H4K16ac_rep1_peak_7817	chr20	28515282	28518389	p53KD_H4K16ac_rep1_peak_8448
chr20	28534130	28535478	Scramble_H4K16ac_rep1_peak_7818	chr20	28535257	28535755	p53KD_H4K16ac_rep1_peak_8451
chr20	29916371	29917238	Scramble_H4K16ac_rep1_peak_7821	chr20	29916404	29916718	p53KD_H4K16ac_rep1_peak_8493
chr20	30096498	30097510	Scramble_H4K16ac_rep1_peak_7827	chr20	30095478	30097828	p53KD_H4K16ac_rep1_peak_8508
chr20	30118167	30119462	Scramble_H4K16ac_rep1_peak_7828	chr20	30117415	30121462	p53KD_H4K16ac_rep1_peak_8512
chr20	30133998	30135354	Scramble_H4K16ac_rep1_peak_7830	chr20	30132004	30135478	p53KD_H4K16ac_rep1_peak_8513
chr20	31061705	31061969	Scramble_H4K16ac_rep1_peak_7831	chr20	31053867	31069348	p53KD_H4K16ac_rep1_peak_8517
chr20	31070918	31071341	Scramble_H4K16ac_rep1_peak_7832	chr20	31070706	31075894	p53KD_H4K16ac_rep1_peak_8518
chr20	35741726	35743160	Scramble_H4K16ac_rep1_peak_7889	chr20	35741736	35742217	p53KD_H4K16ac_rep1_peak_8541
chr20	41100139	41100864	Scramble_H4K16ac_rep1_peak_7932	chr20	41100049	41100260	p53KD_H4K16ac_rep1_peak_8559
chr20	43457913	43458238	Scramble_H4K16ac_rep1_peak_7937	chr20	43457938	43458228	p53KD_H4K16ac_rep1_peak_8563
chr20	45889847	45891478	Scramble_H4K16ac_rep1_peak_7962	chr20	45890623	45891007	p53KD_H4K16ac_rep1_peak_8573
chr20	45934744	45935593	Scramble_H4K16ac_rep1_peak_7964	chr20	45934746	45934972	p53KD_H4K16ac_rep1_peak_8574
chr20	47356827	47358064	Scramble_H4K16ac_rep1_peak_7982	chr20	47358018	47358924	p53KD_H4K16ac_rep1_peak_8581
chr20	47358875	47359154	Scramble_H4K16ac_rep1_peak_7982	chr20	47358018	47358924	p53KD_H4K16ac_rep1_peak_8581
chr20	49046351	49046676	Scramble_H4K16ac_rep1_peak_7993	chr20	49046355	49046631	p53KD_H4K16ac_rep1_peak_8591
chr20	49278247	49279066	Scramble_H4K16ac_rep1_peak_7996	chr20	49278718	49279077	p53KD_H4K16ac_rep1_peak_8592
chr20	58131136	58133115	Scramble_H4K16ac_rep1_peak_8080	chr20	58130270	58132009	p53KD_H4K16ac_rep1_peak_8624
chr20	62057842	62058721	Scramble_H4K16ac_rep1_peak_8095	chr20	62057818	62058972	p53KD_H4K16ac_rep1_peak_8637
chr20	63626307	63627885	Scramble_H4K16ac_rep1_peak_8130	chr20	63626104	63626678	p53KD_H4K16ac_rep1_peak_8650
chr21	5601354	5603396	Scramble_H4K16ac_rep1_peak_8161	chr21	5602548	5603923	p53KD_H4K16ac_rep1_peak_8665
chr21	6217425	6218456	Scramble_H4K16ac_rep1_peak_8162	chr21	6217132	6218917	p53KD_H4K16ac_rep1_peak_8667
chr21	6368975	6370966	Scramble_H4K16ac_rep1_peak_8164	chr21	6370519	6370918	p53KD_H4K16ac_rep1_peak_8671
chr21	7096136	7098674	Scramble_H4K16ac_rep1_peak_8168	chr21	7097300	7099113	p53KD_H4K16ac_rep1_peak_8674
chr21	7477760	7480503	Scramble_H4K16ac_rep1_peak_8170	chr21	7479550	7480428	p53KD_H4K16ac_rep1_peak_8677
chr21	7657597	7660788	Scramble_H4K16ac_rep1_peak_8172	chr21	7658043	7658847	p53KD_H4K16ac_rep1_peak_8681
chr21	8202310	8255188	Scramble_H4K16ac_rep1_peak_8176	chr21	8202259	8252951	p53KD_H4K16ac_rep1_peak_8692
chr21	8202310	8255188	Scramble_H4K16ac_rep1_peak_8176	chr21	8253960	8260943	p53KD_H4K16ac_rep1_peak_8693
chr21	8256200	8260917	Scramble_H4K16ac_rep1_peak_8177	chr21	8253960	8260943	p53KD_H4K16ac_rep1_peak_8693
chr21	8385703	8391561	Scramble_H4K16ac_rep1_peak_8178	chr21	8385323	8391390	p53KD_H4K16ac_rep1_peak_8694
chr21	8392574	8472253	Scramble_H4K16ac_rep1_peak_8179	chr21	8392614	8435995	p53KD_H4K16ac_rep1_peak_8695
chr21	8392574	8472253	Scramble_H4K16ac_rep1_peak_8179	chr21	8436986	8472328	p53KD_H4K16ac_rep1_peak_8696
chr21	8810267	8810815	Scramble_H4K16ac_rep1_peak_8180	chr21	8810118	8810854	p53KD_H4K16ac_rep1_peak_8698
chr21	8987103	8990770	Scramble_H4K16ac_rep1_peak_8181	chr21	8986765	8987316	p53KD_H4K16ac_rep1_peak_8699
chr21	8987103	8990770	Scramble_H4K16ac_rep1_peak_8181	chr21	8988173	9002216	p53KD_H4K16ac_rep1_peak_8699
chr21	8992263	8993248	Scramble_H4K16ac_rep1_peak_8181	chr21	8988173	9002216	p53KD_H4K16ac_rep1_peak_8699
chr21	8994290	8996445	Scramble_H4K16ac_rep1_peak_8181	chr21	8988173	9002216	p53KD_H4K16ac_rep1_peak_8699
chr21	8997363	9000466	Scramble_H4K16ac_rep1_peak_8181	chr21	8988173	9002216	p53KD_H4K16ac_rep1_peak_8699
chr21	9001307	9003332	Scramble_H4K16ac_rep1_peak_8181	chr21	9003206	9004345	p53KD_H4K16ac_rep1_peak_8700
chr21	9001307	9003332	Scramble_H4K16ac_rep1_peak_8181	chr21	8988173	9002216	p53KD_H4K16ac_rep1_peak_8699
chr21	9004181	9011833	Scramble_H4K16ac_rep1_peak_8181	chr21	9003206	9004345	p53KD_H4K16ac_rep1_peak_8700
chr21	9004181	9011833	Scramble_H4K16ac_rep1_peak_8181	chr21	9005255	9011290	p53KD_H4K16ac_rep1_peak_8701
chr21	11186404	11187532	Scramble_H4K16ac_rep1_peak_8186	chr21	11186433	11186589	p53KD_H4K16ac_rep1_peak_8744
chr21	11186404	11187532	Scramble_H4K16ac_rep1_peak_8186	chr21	11187416	11188104	p53KD_H4K16ac_rep1_peak_8745
chr21	11225900	11226261	Scramble_H4K16ac_rep1_peak_8187	chr21	11224626	11226285	p53KD_H4K16ac_rep1_peak_8747
chr21	11301255	11302869	Scramble_H4K16ac_rep1_peak_8190	chr21	11301259	11303298	p53KD_H4K16ac_rep1_peak_8759
chr21	11312006	11313612	Scramble_H4K16ac_rep1_peak_8191	chr21	11312026	11313624	p53KD_H4K16ac_rep1_peak_8760
chr21	11378936	11381170	Scramble_H4K16ac_rep1_peak_8192	chr21	11379392	11381214	p53KD_H4K16ac_rep1_peak_8767
chr21	11432177	11432999	Scramble_H4K16ac_rep1_peak_8195	chr21	11432811	11433563	p53KD_H4K16ac_rep1_peak_8772
chr21	11499337	11499451	Scramble_H4K16ac_rep1_peak_8196	chr21	11498853	11501186	p53KD_H4K16ac_rep1_peak_8781
chr21	11522565	11523100	Scramble_H4K16ac_rep1_peak_8197	chr21	11522485	11523056	p53KD_H4K16ac_rep1_peak_8786
chr21	11547353	11548266	Scramble_H4K16ac_rep1_peak_8198	chr21	11547225	11548287	p53KD_H4K16ac_rep1_peak_8790
chr21	11552214	11552441	Scramble_H4K16ac_rep1_peak_8199	chr21	11551386	11554839	p53KD_H4K16ac_rep1_peak_8791
chr21	11553444	11553657	Scramble_H4K16ac_rep1_peak_8199	chr21	11551386	11554839	p53KD_H4K16ac_rep1_peak_8791
chr21	11554585	11554853	Scramble_H4K16ac_rep1_peak_8199	chr21	11551386	11554839	p53KD_H4K16ac_rep1_peak_8791
chr21	11784857	11785452	Scramble_H4K16ac_rep1_peak_8202	chr21	11784195	11785591	p53KD_H4K16ac_rep1_peak_8828
chr21	11870654	11870849	Scramble_H4K16ac_rep1_peak_8204	chr21	11870588	11872271	p53KD_H4K16ac_rep1_peak_8841
chr21	11875258	11876763	Scramble_H4K16ac_rep1_peak_8205	chr21	11875260	11875383	p53KD_H4K16ac_rep1_peak_8843
chr21	11893154	11893930	Scramble_H4K16ac_rep1_peak_8206	chr21	11893695	11893972	p53KD_H4K16ac_rep1_peak_8846
chr21	11968809	11969080	Scramble_H4K16ac_rep1_peak_8208	chr21	11968814	11969104	p53KD_H4K16ac_rep1_peak_8855
chr21	11978921	11980078	Scramble_H4K16ac_rep1_peak_8209	chr21	11978944	11980068	p53KD_H4K16ac_rep1_peak_8858
chr21	11992678	11996393	Scramble_H4K16ac_rep1_peak_8210	chr21	11992716	11996490	p53KD_H4K16ac_rep1_peak_8860
chr21	12007491	12008094	Scramble_H4K16ac_rep1_peak_8211	chr21	12007772	12009569	p53KD_H4K16ac_rep1_peak_8861
chr21	12032092	12032997	Scramble_H4K16ac_rep1_peak_8213	chr21	12030994	12032322	p53KD_H4K16ac_rep1_peak_8867
chr21	12037498	12039053	Scramble_H4K16ac_rep1_peak_8214	chr21	12035916	12039719	p53KD_H4K16ac_rep1_peak_8868
chr21	12042294	12044893	Scramble_H4K16ac_rep1_peak_8215	chr21	12041327	12044900	p53KD_H4K16ac_rep1_peak_8869
chr21	12106192	12108160	Scramble_H4K16ac_rep1_peak_8218	chr21	12106169	12107376	p53KD_H4K16ac_rep1_peak_8881
chr21	12160839	12161165	Scramble_H4K16ac_rep1_peak_8220	chr21	12160780	12160951	p53KD_H4K16ac_rep1_peak_8889
chr21	12167144	12169109	Scramble_H4K16ac_rep1_peak_8221	chr21	12166571	12168739	p53KD_H4K16ac_rep1_peak_8890
chr21	12182383	12183636	Scramble_H4K16ac_rep1_peak_8222	chr21	12182668	12185102	p53KD_H4K16ac_rep1_peak_8894
chr21	12193076	12194667	Scramble_H4K16ac_rep1_peak_8223	chr21	12194554	12194786	p53KD_H4K16ac_rep1_peak_8895
chr21	12211571	12213593	Scramble_H4K16ac_rep1_peak_8224	chr21	12211274	12213523	p53KD_H4K16ac_rep1_peak_8899
chr21	12220220	12220323	Scramble_H4K16ac_rep1_peak_8225	chr21	12219281	12220443	p53KD_H4K16ac_rep1_peak_8900
chr21	12227606	12228101	Scramble_H4K16ac_rep1_peak_8226	chr21	12226422	12228158	p53KD_H4K16ac_rep1_peak_8903
chr21	12240249	12241698	Scramble_H4K16ac_rep1_peak_8227	chr21	12239446	12241715	p53KD_H4K16ac_rep1_peak_8906
chr21	12245225	12245431	Scramble_H4K16ac_rep1_peak_8228	chr21	12245207	12246791	p53KD_H4K16ac_rep1_peak_8907
chr21	12268031	12268273	Scramble_H4K16ac_rep1_peak_8229	chr21	12266703	12268799	p53KD_H4K16ac_rep1_peak_8911
chr21	12277742	12280284	Scramble_H4K16ac_rep1_peak_8230	chr21	12277740	12280237	p53KD_H4K16ac_rep1_peak_8914
chr21	12382489	12383056	Scramble_H4K16ac_rep1_peak_8231	chr21	12382195	12383187	p53KD_H4K16ac_rep1_peak_8924
chr21	12520768	12521054	Scramble_H4K16ac_rep1_peak_8232	chr21	12520124	12521392	p53KD_H4K16ac_rep1_peak_8936
chr21	12658166	12658550	Scramble_H4K16ac_rep1_peak_8237	chr21	12658190	12658561	p53KD_H4K16ac_rep1_peak_8953
chr21	12692261	12692864	Scramble_H4K16ac_rep1_peak_8238	chr21	12692268	12692779	p53KD_H4K16ac_rep1_peak_8956
chr21	12796993	12798845	Scramble_H4K16ac_rep1_peak_8239	chr21	12798188	12798474	p53KD_H4K16ac_rep1_peak_8975
chr21	12814814	12815078	Scramble_H4K16ac_rep1_peak_8240	chr21	12814802	12815188	p53KD_H4K16ac_rep1_peak_8982
chr21	12852022	12853093	Scramble_H4K16ac_rep1_peak_8241	chr21	12851151	12854457	p53KD_H4K16ac_rep1_peak_8983
chr21	12854185	12854447	Scramble_H4K16ac_rep1_peak_8242	chr21	12851151	12854457	p53KD_H4K16ac_rep1_peak_8983
chr21	32463662	32464612	Scramble_H4K16ac_rep1_peak_8250	chr21	32464330	32464525	p53KD_H4K16ac_rep1_peak_8993
chr22	11814596	11814875	Scramble_H4K16ac_rep1_peak_8331	chr22	11814565	11816825	p53KD_H4K16ac_rep1_peak_9028
chr22	11816494	11816710	Scramble_H4K16ac_rep1_peak_8331	chr22	11814565	11816825	p53KD_H4K16ac_rep1_peak_9028
chr22	12175728	12176146	Scramble_H4K16ac_rep1_peak_8332	chr22	12175646	12177015	p53KD_H4K16ac_rep1_peak_9032
chr22	13417874	13419077	Scramble_H4K16ac_rep1_peak_8335	chr22	13418914	13419100	p53KD_H4K16ac_rep1_peak_9074
chr22	13487703	13487799	Scramble_H4K16ac_rep1_peak_8338	chr22	13487302	13488973	p53KD_H4K16ac_rep1_peak_9083
chr22	13610773	13611095	Scramble_H4K16ac_rep1_peak_8340	chr22	13610809	13611090	p53KD_H4K16ac_rep1_peak_9100
chr22	13637904	13638397	Scramble_H4K16ac_rep1_peak_8342	chr22	13637907	13638466	p53KD_H4K16ac_rep1_peak_9104
chr22	13650845	13651053	Scramble_H4K16ac_rep1_peak_8343	chr22	13650794	13651077	p53KD_H4K16ac_rep1_peak_9105
chr22	13661121	13661570	Scramble_H4K16ac_rep1_peak_8344	chr22	13661003	13661563	p53KD_H4K16ac_rep1_peak_9107
chr22	13945879	13946581	Scramble_H4K16ac_rep1_peak_8346	chr22	13945168	13946661	p53KD_H4K16ac_rep1_peak_9154
chr22	13959949	13960757	Scramble_H4K16ac_rep1_peak_8347	chr22	13959944	13962205	p53KD_H4K16ac_rep1_peak_9156
chr22	14117482	14118592	Scramble_H4K16ac_rep1_peak_8349	chr22	14117410	14118589	p53KD_H4K16ac_rep1_peak_9182
chr22	14133300	14134902	Scramble_H4K16ac_rep1_peak_8350	chr22	14130764	14136278	p53KD_H4K16ac_rep1_peak_9184
chr22	14169239	14169312	Scramble_H4K16ac_rep1_peak_8352	chr22	14168877	14169694	p53KD_H4K16ac_rep1_peak_9192
chr22	14170151	14170740	Scramble_H4K16ac_rep1_peak_8352	chr22	14170554	14172427	p53KD_H4K16ac_rep1_peak_9193
chr22	14174829	14177341	Scramble_H4K16ac_rep1_peak_8353	chr22	14174411	14175018	p53KD_H4K16ac_rep1_peak_9194
chr22	14174829	14177341	Scramble_H4K16ac_rep1_peak_8353	chr22	14177028	14178212	p53KD_H4K16ac_rep1_peak_9195
chr22	14180746	14180875	Scramble_H4K16ac_rep1_peak_8354	chr22	14179892	14181111	p53KD_H4K16ac_rep1_peak_9196
chr22	14181699	14182448	Scramble_H4K16ac_rep1_peak_8354	chr22	14182012	14183388	p53KD_H4K16ac_rep1_peak_9197
chr22	14197161	14197879	Scramble_H4K16ac_rep1_peak_8355	chr22	14195158	14198044	p53KD_H4K16ac_rep1_peak_9199
chr22	14244702	14244922	Scramble_H4K16ac_rep1_peak_8356	chr22	14242889	14246340	p53KD_H4K16ac_rep1_peak_9208
chr22	14305671	14307265	Scramble_H4K16ac_rep1_peak_8358	chr22	14305608	14308719	p53KD_H4K16ac_rep1_peak_9215
chr22	14321280	14322336	Scramble_H4K16ac_rep1_peak_8359	chr22	14321308	14322761	p53KD_H4K16ac_rep1_peak_9217
chr22	14358693	14358881	Scramble_H4K16ac_rep1_peak_8360	chr22	14358514	14363494	p53KD_H4K16ac_rep1_peak_9222
chr22	14359906	14360139	Scramble_H4K16ac_rep1_peak_8360	chr22	14358514	14363494	p53KD_H4K16ac_rep1_peak_9222
chr22	14366139	14366655	Scramble_H4K16ac_rep1_peak_8361	chr22	14365284	14366693	p53KD_H4K16ac_rep1_peak_9223
chr22	14377202	14380101	Scramble_H4K16ac_rep1_peak_8362	chr22	14377184	14381557	p53KD_H4K16ac_rep1_peak_9225
chr22	14392834	14393038	Scramble_H4K16ac_rep1_peak_8363	chr22	14392694	14393047	p53KD_H4K16ac_rep1_peak_9228
chr22	14395481	14397027	Scramble_H4K16ac_rep1_peak_8364	chr22	14395893	14396978	p53KD_H4K16ac_rep1_peak_9229
chr22	14404939	14406961	Scramble_H4K16ac_rep1_peak_8365	chr22	14404578	14407359	p53KD_H4K16ac_rep1_peak_9231
chr22	14416862	14417969	Scramble_H4K16ac_rep1_peak_8367	chr22	14416220	14418665	p53KD_H4K16ac_rep1_peak_9235
chr22	14520917	14521682	Scramble_H4K16ac_rep1_peak_8368	chr22	14520881	14521735	p53KD_H4K16ac_rep1_peak_9239
chr22	14659086	14659481	Scramble_H4K16ac_rep1_peak_8369	chr22	14659044	14659991	p53KD_H4K16ac_rep1_peak_9253
chr22	14707846	14708042	Scramble_H4K16ac_rep1_peak_8371	chr22	14707836	14708037	p53KD_H4K16ac_rep1_peak_9259
chr22	14796664	14797023	Scramble_H4K16ac_rep1_peak_8374	chr22	14796137	14797062	p53KD_H4K16ac_rep1_peak_9269
chr22	14830825	14831258	Scramble_H4K16ac_rep1_peak_8375	chr22	14830738	14831311	p53KD_H4K16ac_rep1_peak_9274
chr22	14863975	14864342	Scramble_H4K16ac_rep1_peak_8376	chr22	14864164	14864746	p53KD_H4K16ac_rep1_peak_9279
chr22	14882329	14882664	Scramble_H4K16ac_rep1_peak_8377	chr22	14882358	14882627	p53KD_H4K16ac_rep1_peak_9282
chr22	14931461	14931625	Scramble_H4K16ac_rep1_peak_8378	chr22	14931342	14931789	p53KD_H4K16ac_rep1_peak_9290
chr22	14990462	14991648	Scramble_H4K16ac_rep1_peak_8379	chr22	14989657	14990605	p53KD_H4K16ac_rep1_peak_9300
chr22	14990462	14991648	Scramble_H4K16ac_rep1_peak_8379	chr22	14991550	14993336	p53KD_H4K16ac_rep1_peak_9300
chr22	15026168	15026459	Scramble_H4K16ac_rep1_peak_8381	chr22	15025483	15027553	p53KD_H4K16ac_rep1_peak_9307
chr22	23893998	23895490	Scramble_H4K16ac_rep1_peak_8421	chr22	23894474	23895097	p53KD_H4K16ac_rep1_peak_9331
chr22	43104127	43104321	Scramble_H4K16ac_rep1_peak_8571	chr22	43104162	43104380	p53KD_H4K16ac_rep1_peak_9354
chr22	50807914	50808465	Scramble_H4K16ac_rep1_peak_8623	chr22	50807907	50808462	p53KD_H4K16ac_rep1_peak_9365
chr3	10012	10555	Scramble_H4K16ac_rep1_peak_8624	chr3	9991	10665	p53KD_H4K16ac_rep1_peak_9366
chr3	47513048	47513969	Scramble_H4K16ac_rep1_peak_8725	chr3	47513139	47513407	p53KD_H4K16ac_rep1_peak_9413
chr3	48663236	48663991	Scramble_H4K16ac_rep1_peak_8744	chr3	48663139	48663527	p53KD_H4K16ac_rep1_peak_9419
chr3	50292044	50292408	Scramble_H4K16ac_rep1_peak_8771	chr3	50292056	50292445	p53KD_H4K16ac_rep1_peak_9424
chr3	50340204	50340893	Scramble_H4K16ac_rep1_peak_8775	chr3	50340641	50341180	p53KD_H4K16ac_rep1_peak_9426
chr3	75669038	75669397	Scramble_H4K16ac_rep1_peak_8837	chr3	75668987	75669460	p53KD_H4K16ac_rep1_peak_9440
chr3	91048634	91049145	Scramble_H4K16ac_rep1_peak_8841	chr3	91047277	91049095	p53KD_H4K16ac_rep1_peak_9458
chr3	91190503	91192003	Scramble_H4K16ac_rep1_peak_8844	chr3	91190368	91192213	p53KD_H4K16ac_rep1_peak_9465
chr3	91550151	91550924	Scramble_H4K16ac_rep1_peak_8845	chr3	91548422	91550985	p53KD_H4K16ac_rep1_peak_9468
chr3	91637524	91638589	Scramble_H4K16ac_rep1_peak_8847	chr3	91637447	91639883	p53KD_H4K16ac_rep1_peak_9479
chr3	91830772	91831056	Scramble_H4K16ac_rep1_peak_8850	chr3	91830801	91831101	p53KD_H4K16ac_rep1_peak_9514
chr3	91965337	91965482	Scramble_H4K16ac_rep1_peak_8852	chr3	91964971	91965508	p53KD_H4K16ac_rep1_peak_9541
chr3	92186472	92186825	Scramble_H4K16ac_rep1_peak_8855	chr3	92183714	92186639	p53KD_H4K16ac_rep1_peak_9581
chr3	92254782	92256874	Scramble_H4K16ac_rep1_peak_8857	chr3	92254707	92257132	p53KD_H4K16ac_rep1_peak_9596
chr3	92497873	92498437	Scramble_H4K16ac_rep1_peak_8860	chr3	92497161	92498127	p53KD_H4K16ac_rep1_peak_9636
chr3	92736180	92737114	Scramble_H4K16ac_rep1_peak_8862	chr3	92735761	92737722	p53KD_H4K16ac_rep1_peak_9686
chr3	92878714	92879313	Scramble_H4K16ac_rep1_peak_8863	chr3	92878746	92879030	p53KD_H4K16ac_rep1_peak_9710
chr3	92976598	92977480	Scramble_H4K16ac_rep1_peak_8864	chr3	92975537	92977964	p53KD_H4K16ac_rep1_peak_9733
chr3	93424504	93424855	Scramble_H4K16ac_rep1_peak_8868	chr3	93423763	93426209	p53KD_H4K16ac_rep1_peak_9795
chr3	93705750	93708417	Scramble_H4K16ac_rep1_peak_8870	chr3	93705762	93706688	p53KD_H4K16ac_rep1_peak_9834
chr3	93705750	93708417	Scramble_H4K16ac_rep1_peak_8870	chr3	93707802	93708767	p53KD_H4K16ac_rep1_peak_9835
chr3	129182859	129183608	Scramble_H4K16ac_rep1_peak_8932	chr3	129183451	129183812	p53KD_H4K16ac_rep1_peak_9872
chr4	3834636	3836504	Scramble_H4K16ac_rep1_peak_9080	chr4	3836341	3836850	p53KD_H4K16ac_rep1_peak_9933
chr4	49092042	49093742	Scramble_H4K16ac_rep1_peak_9127	chr4	49091513	49100370	p53KD_H4K16ac_rep1_peak_9954
chr4	49097387	49099161	Scramble_H4K16ac_rep1_peak_9128	chr4	49091513	49100370	p53KD_H4K16ac_rep1_peak_9954
chr4	49101394	49103335	Scramble_H4K16ac_rep1_peak_9129	chr4	49101385	49106461	p53KD_H4K16ac_rep1_peak_9954
chr4	49104430	49106074	Scramble_H4K16ac_rep1_peak_9130	chr4	49101385	49106461	p53KD_H4K16ac_rep1_peak_9954
chr4	49107499	49110273	Scramble_H4K16ac_rep1_peak_9131	chr4	49107343	49110888	p53KD_H4K16ac_rep1_peak_9954
chr4	49119490	49121137	Scramble_H4K16ac_rep1_peak_9132	chr4	49117270	49121965	p53KD_H4K16ac_rep1_peak_9957
chr4	49149372	49150566	Scramble_H4K16ac_rep1_peak_9133	chr4	49147291	49151411	p53KD_H4K16ac_rep1_peak_9964
chr4	49709377	49711651	Scramble_H4K16ac_rep1_peak_9135	chr4	49709379	49711613	p53KD_H4K16ac_rep1_peak_9975
chr4	49947766	49948206	Scramble_H4K16ac_rep1_peak_9139	chr4	49947004	49949492	p53KD_H4K16ac_rep1_peak_10009
chr4	50004108	50005089	Scramble_H4K16ac_rep1_peak_9140	chr4	50003530	50005469	p53KD_H4K16ac_rep1_peak_10023
chr4	50332405	50332841	Scramble_H4K16ac_rep1_peak_9143	chr4	50332305	50333559	p53KD_H4K16ac_rep1_peak_10089
chr4	50340414	50341991	Scramble_H4K16ac_rep1_peak_9144	chr4	50340258	50343373	p53KD_H4K16ac_rep1_peak_10091
chr4	50406491	50407011	Scramble_H4K16ac_rep1_peak_9146	chr4	50406435	50407001	p53KD_H4K16ac_rep1_peak_10106
chr4	50813046	50813707	Scramble_H4K16ac_rep1_peak_9152	chr4	50812889	50814485	p53KD_H4K16ac_rep1_peak_10175
chr4	51205723	51205945	Scramble_H4K16ac_rep1_peak_9156	chr4	51205753	51206019	p53KD_H4K16ac_rep1_peak_10225
chr4	181239429	181241610	Scramble_H4K16ac_rep1_peak_9232	chr4	181239284	181241652	p53KD_H4K16ac_rep1_peak_10331
chr4	188444924	188448714	Scramble_H4K16ac_rep1_peak_9252	chr4	188445037	188448738	p53KD_H4K16ac_rep1_peak_10343
chr4	189233916	189235165	Scramble_H4K16ac_rep1_peak_9253	chr4	189233867	189235443	p53KD_H4K16ac_rep1_peak_10345
chr4	190022199	190022608	Scramble_H4K16ac_rep1_peak_9255	chr4	190022081	190022630	p53KD_H4K16ac_rep1_peak_10348
chr4	190122640	190123008	Scramble_H4K16ac_rep1_peak_9256	chr4	190122578	190123054	p53KD_H4K16ac_rep1_peak_10350
chr4	190177444	190181171	Scramble_H4K16ac_rep1_peak_9257	chr4	190177373	190181195	p53KD_H4K16ac_rep1_peak_10351
chr5	10014	11776	Scramble_H4K16ac_rep1_peak_9258	chr5	10003	11782	p53KD_H4K16ac_rep1_peak_10352
chr5	1289619	1290286	Scramble_H4K16ac_rep1_peak_9274	chr5	1289504	1290564	p53KD_H4K16ac_rep1_peak_10369
chr5	17584184	17584682	Scramble_H4K16ac_rep1_peak_9283	chr5	17584317	17588090	p53KD_H4K16ac_rep1_peak_10382
chr5	17586896	17588008	Scramble_H4K16ac_rep1_peak_9284	chr5	17584317	17588090	p53KD_H4K16ac_rep1_peak_10382
chr5	17597901	17598720	Scramble_H4K16ac_rep1_peak_9287	chr5	17597222	17599141	p53KD_H4K16ac_rep1_peak_10386
chr5	47323103	47324401	Scramble_H4K16ac_rep1_peak_9304	chr5	47323322	47324456	p53KD_H4K16ac_rep1_peak_10441
chr5	47329304	47329882	Scramble_H4K16ac_rep1_peak_9305	chr5	47328679	47331271	p53KD_H4K16ac_rep1_peak_10443
chr5	47333801	47334504	Scramble_H4K16ac_rep1_peak_9306	chr5	47332258	47334814	p53KD_H4K16ac_rep1_peak_10443
chr5	47345328	47346717	Scramble_H4K16ac_rep1_peak_9307	chr5	47345227	47346817	p53KD_H4K16ac_rep1_peak_10444
chr5	47430188	47431139	Scramble_H4K16ac_rep1_peak_9310	chr5	47430270	47431175	p53KD_H4K16ac_rep1_peak_10453
chr5	47433507	47434099	Scramble_H4K16ac_rep1_peak_9311	chr5	47433402	47435405	p53KD_H4K16ac_rep1_peak_10454
chr5	47449676	47451999	Scramble_H4K16ac_rep1_peak_9312	chr5	47449940	47451895	p53KD_H4K16ac_rep1_peak_10457
chr5	47487655	47489233	Scramble_H4K16ac_rep1_peak_9313	chr5	47486337	47489508	p53KD_H4K16ac_rep1_peak_10465
chr5	47499997	47501086	Scramble_H4K16ac_rep1_peak_9314	chr5	47499817	47501069	p53KD_H4K16ac_rep1_peak_10466
chr5	47535991	47537836	Scramble_H4K16ac_rep1_peak_9316	chr5	47535239	47537961	p53KD_H4K16ac_rep1_peak_10471
chr5	47543707	47544251	Scramble_H4K16ac_rep1_peak_9317	chr5	47544079	47544265	p53KD_H4K16ac_rep1_peak_10472
chr5	47547486	47547627	Scramble_H4K16ac_rep1_peak_9318	chr5	47547408	47548051	p53KD_H4K16ac_rep1_peak_10473
chr5	47625122	47626622	Scramble_H4K16ac_rep1_peak_9319	chr5	47624577	47625149	p53KD_H4K16ac_rep1_peak_10482
chr5	47625122	47626622	Scramble_H4K16ac_rep1_peak_9319	chr5	47626427	47627513	p53KD_H4K16ac_rep1_peak_10482
chr5	47685617	47686441	Scramble_H4K16ac_rep1_peak_9322	chr5	47685624	47686147	p53KD_H4K16ac_rep1_peak_10493
chr5	47695567	47696111	Scramble_H4K16ac_rep1_peak_9324	chr5	47695285	47697089	p53KD_H4K16ac_rep1_peak_10495
chr5	47717226	47717485	Scramble_H4K16ac_rep1_peak_9326	chr5	47717223	47717450	p53KD_H4K16ac_rep1_peak_10499
chr5	47718399	47719126	Scramble_H4K16ac_rep1_peak_9326	chr5	47718414	47719096	p53KD_H4K16ac_rep1_peak_10499
chr5	47738558	47739818	Scramble_H4K16ac_rep1_peak_9327	chr5	47738532	47739849	p53KD_H4K16ac_rep1_peak_10503
chr5	47824725	47825855	Scramble_H4K16ac_rep1_peak_9329	chr5	47824690	47825590	p53KD_H4K16ac_rep1_peak_10513
chr5	47839964	47840086	Scramble_H4K16ac_rep1_peak_9331	chr5	47839273	47840067	p53KD_H4K16ac_rep1_peak_10515
chr5	47840957	47841179	Scramble_H4K16ac_rep1_peak_9331	chr5	47840982	47841180	p53KD_H4K16ac_rep1_peak_10516
chr5	47854597	47856281	Scramble_H4K16ac_rep1_peak_9333	chr5	47854531	47856298	p53KD_H4K16ac_rep1_peak_10518
chr5	47903622	47904470	Scramble_H4K16ac_rep1_peak_9335	chr5	47903668	47903879	p53KD_H4K16ac_rep1_peak_10528
chr5	47925616	47926436	Scramble_H4K16ac_rep1_peak_9336	chr5	47924487	47926441	p53KD_H4K16ac_rep1_peak_10531
chr5	47962219	47963395	Scramble_H4K16ac_rep1_peak_9338	chr5	47962208	47963363	p53KD_H4K16ac_rep1_peak_10537
chr5	48005559	48006573	Scramble_H4K16ac_rep1_peak_9339	chr5	48005571	48009486	p53KD_H4K16ac_rep1_peak_10545
chr5	48007448	48007778	Scramble_H4K16ac_rep1_peak_9339	chr5	48005571	48009486	p53KD_H4K16ac_rep1_peak_10545
chr5	48019334	48019562	Scramble_H4K16ac_rep1_peak_9340	chr5	48019395	48019588	p53KD_H4K16ac_rep1_peak_10547
chr5	48041855	48042138	Scramble_H4K16ac_rep1_peak_9342	chr5	48040199	48042122	p53KD_H4K16ac_rep1_peak_10550
chr5	48060933	48061169	Scramble_H4K16ac_rep1_peak_9343	chr5	48060909	48061190	p53KD_H4K16ac_rep1_peak_10554
chr5	48136417	48137882	Scramble_H4K16ac_rep1_peak_9346	chr5	48136394	48137576	p53KD_H4K16ac_rep1_peak_10560
chr5	48204942	48206478	Scramble_H4K16ac_rep1_peak_9350	chr5	48203307	48206527	p53KD_H4K16ac_rep1_peak_10569
chr5	48221518	48222399	Scramble_H4K16ac_rep1_peak_9352	chr5	48221396	48223575	p53KD_H4K16ac_rep1_peak_10570
chr5	48223276	48223455	Scramble_H4K16ac_rep1_peak_9352	chr5	48221396	48223575	p53KD_H4K16ac_rep1_peak_10570
chr5	48238473	48239277	Scramble_H4K16ac_rep1_peak_9353	chr5	48238330	48240128	p53KD_H4K16ac_rep1_peak_10573
chr5	48258281	48258819	Scramble_H4K16ac_rep1_peak_9354	chr5	48258175	48258803	p53KD_H4K16ac_rep1_peak_10576
chr5	48310847	48312816	Scramble_H4K16ac_rep1_peak_9356	chr5	48310774	48311700	p53KD_H4K16ac_rep1_peak_10585
chr5	48333843	48334898	Scramble_H4K16ac_rep1_peak_9357	chr5	48333818	48334037	p53KD_H4K16ac_rep1_peak_10589
chr5	48362376	48364485	Scramble_H4K16ac_rep1_peak_9359	chr5	48364012	48366300	p53KD_H4K16ac_rep1_peak_10593
chr5	48538047	48538252	Scramble_H4K16ac_rep1_peak_9361	chr5	48536982	48539111	p53KD_H4K16ac_rep1_peak_10615
chr5	48596150	48596355	Scramble_H4K16ac_rep1_peak_9363	chr5	48595779	48597350	p53KD_H4K16ac_rep1_peak_10625
chr5	48604370	48604509	Scramble_H4K16ac_rep1_peak_9365	chr5	48604039	48606230	p53KD_H4K16ac_rep1_peak_10626
chr5	48654247	48655248	Scramble_H4K16ac_rep1_peak_9368	chr5	48652974	48655321	p53KD_H4K16ac_rep1_peak_10633
chr5	48688631	48689924	Scramble_H4K16ac_rep1_peak_9369	chr5	48688761	48689684	p53KD_H4K16ac_rep1_peak_10638
chr5	48696163	48696579	Scramble_H4K16ac_rep1_peak_9370	chr5	48695668	48697512	p53KD_H4K16ac_rep1_peak_10640
chr5	48732321	48732585	Scramble_H4K16ac_rep1_peak_9371	chr5	48731980	48732749	p53KD_H4K16ac_rep1_peak_10645
chr5	48785913	48786259	Scramble_H4K16ac_rep1_peak_9372	chr5	48785805	48787113	p53KD_H4K16ac_rep1_peak_10655
chr5	48792116	48792305	Scramble_H4K16ac_rep1_peak_9373	chr5	48791371	48792202	p53KD_H4K16ac_rep1_peak_10656
chr5	48805644	48806130	Scramble_H4K16ac_rep1_peak_9374	chr5	48805643	48806201	p53KD_H4K16ac_rep1_peak_10658
chr5	48836149	48836644	Scramble_H4K16ac_rep1_peak_9375	chr5	48836051	48836628	p53KD_H4K16ac_rep1_peak_10662
chr5	48838342	48839640	Scramble_H4K16ac_rep1_peak_9376	chr5	48837649	48838560	p53KD_H4K16ac_rep1_peak_10662
chr5	48859596	48860806	Scramble_H4K16ac_rep1_peak_9377	chr5	48857569	48860821	p53KD_H4K16ac_rep1_peak_10664
chr5	48888716	48890533	Scramble_H4K16ac_rep1_peak_9378	chr5	48888628	48889422	p53KD_H4K16ac_rep1_peak_10670
chr5	48888716	48890533	Scramble_H4K16ac_rep1_peak_9378	chr5	48890319	48890537	p53KD_H4K16ac_rep1_peak_10671
chr5	48902669	48903076	Scramble_H4K16ac_rep1_peak_9379	chr5	48902911	48903099	p53KD_H4K16ac_rep1_peak_10673
chr5	48925404	48925509	Scramble_H4K16ac_rep1_peak_9380	chr5	48924451	48925492	p53KD_H4K16ac_rep1_peak_10677
chr5	48967624	48967821	Scramble_H4K16ac_rep1_peak_9382	chr5	48967593	48967912	p53KD_H4K16ac_rep1_peak_10685
chr5	48983013	48984544	Scramble_H4K16ac_rep1_peak_9383	chr5	48983054	48983545	p53KD_H4K16ac_rep1_peak_10689
chr5	48983013	48984544	Scramble_H4K16ac_rep1_peak_9383	chr5	48984400	48986964	p53KD_H4K16ac_rep1_peak_10689
chr5	49002108	49002938	Scramble_H4K16ac_rep1_peak_9384	chr5	49001957	49002949	p53KD_H4K16ac_rep1_peak_10692
chr5	49009901	49010957	Scramble_H4K16ac_rep1_peak_9385	chr5	49009907	49010973	p53KD_H4K16ac_rep1_peak_10693
chr5	49020323	49020462	Scramble_H4K16ac_rep1_peak_9386	chr5	49020291	49022391	p53KD_H4K16ac_rep1_peak_10696
chr5	49022149	49022311	Scramble_H4K16ac_rep1_peak_9386	chr5	49020291	49022391	p53KD_H4K16ac_rep1_peak_10696
chr5	49027249	49029162	Scramble_H4K16ac_rep1_peak_9387	chr5	49027246	49029132	p53KD_H4K16ac_rep1_peak_10697
chr5	49076038	49076895	Scramble_H4K16ac_rep1_peak_9388	chr5	49075997	49077045	p53KD_H4K16ac_rep1_peak_10704
chr5	49088854	49090298	Scramble_H4K16ac_rep1_peak_9389	chr5	49086425	49090188	p53KD_H4K16ac_rep1_peak_10705
chr5	49112634	49112908	Scramble_H4K16ac_rep1_peak_9390	chr5	49111670	49112857	p53KD_H4K16ac_rep1_peak_10709
chr5	49182252	49183285	Scramble_H4K16ac_rep1_peak_9392	chr5	49183059	49183360	p53KD_H4K16ac_rep1_peak_10720
chr5	49226964	49227684	Scramble_H4K16ac_rep1_peak_9394	chr5	49226975	49227728	p53KD_H4K16ac_rep1_peak_10730
chr5	49256197	49256483	Scramble_H4K16ac_rep1_peak_9398	chr5	49256181	49256503	p53KD_H4K16ac_rep1_peak_10736
chr5	49260461	49261107	Scramble_H4K16ac_rep1_peak_9399	chr5	49258858	49261061	p53KD_H4K16ac_rep1_peak_10737
chr5	49262520	49263120	Scramble_H4K16ac_rep1_peak_9400	chr5	49262501	49263463	p53KD_H4K16ac_rep1_peak_10738
chr5	49277278	49278778	Scramble_H4K16ac_rep1_peak_9401	chr5	49277328	49278818	p53KD_H4K16ac_rep1_peak_10740
chr5	49304754	49305266	Scramble_H4K16ac_rep1_peak_9402	chr5	49305007	49306523	p53KD_H4K16ac_rep1_peak_10746
chr5	49317641	49318843	Scramble_H4K16ac_rep1_peak_9403	chr5	49317659	49318767	p53KD_H4K16ac_rep1_peak_10749
chr5	49324950	49325686	Scramble_H4K16ac_rep1_peak_9404	chr5	49324456	49326194	p53KD_H4K16ac_rep1_peak_10751
chr5	49337241	49338218	Scramble_H4K16ac_rep1_peak_9405	chr5	49336251	49338242	p53KD_H4K16ac_rep1_peak_10754
chr5	49339542	49340518	Scramble_H4K16ac_rep1_peak_9406	chr5	49339108	49340516	p53KD_H4K16ac_rep1_peak_10754
chr5	49351658	49352982	Scramble_H4K16ac_rep1_peak_9407	chr5	49351642	49352909	p53KD_H4K16ac_rep1_peak_10755
chr5	49367991	49368445	Scramble_H4K16ac_rep1_peak_9408	chr5	49367981	49368465	p53KD_H4K16ac_rep1_peak_10758
chr5	49408899	49409797	Scramble_H4K16ac_rep1_peak_9412	chr5	49408814	49409784	p53KD_H4K16ac_rep1_peak_10766
chr5	49416971	49417189	Scramble_H4K16ac_rep1_peak_9413	chr5	49416955	49417193	p53KD_H4K16ac_rep1_peak_10768
chr5	49418335	49420236	Scramble_H4K16ac_rep1_peak_9413	chr5	49418624	49421180	p53KD_H4K16ac_rep1_peak_10769
chr5	49423251	49425449	Scramble_H4K16ac_rep1_peak_9414	chr5	49423234	49424423	p53KD_H4K16ac_rep1_peak_10770
chr5	49423251	49425449	Scramble_H4K16ac_rep1_peak_9414	chr5	49425243	49425462	p53KD_H4K16ac_rep1_peak_10770
chr5	49450640	49450900	Scramble_H4K16ac_rep1_peak_9416	chr5	49450640	49452350	p53KD_H4K16ac_rep1_peak_10776
chr5	49453191	49454882	Scramble_H4K16ac_rep1_peak_9417	chr5	49454409	49454851	p53KD_H4K16ac_rep1_peak_10777
chr5	49465459	49466057	Scramble_H4K16ac_rep1_peak_9418	chr5	49464088	49466324	p53KD_H4K16ac_rep1_peak_10780
chr5	49475097	49479274	Scramble_H4K16ac_rep1_peak_9419	chr5	49475617	49479287	p53KD_H4K16ac_rep1_peak_10782
chr5	49492285	49492981	Scramble_H4K16ac_rep1_peak_9420	chr5	49492265	49492525	p53KD_H4K16ac_rep1_peak_10785
chr5	49496492	49498125	Scramble_H4K16ac_rep1_peak_9421	chr5	49496422	49501463	p53KD_H4K16ac_rep1_peak_10787
chr5	49499174	49499372	Scramble_H4K16ac_rep1_peak_9422	chr5	49496422	49501463	p53KD_H4K16ac_rep1_peak_10787
chr5	49501226	49501452	Scramble_H4K16ac_rep1_peak_9422	chr5	49496422	49501463	p53KD_H4K16ac_rep1_peak_10787
chr5	49506410	49509170	Scramble_H4K16ac_rep1_peak_9423	chr5	49506332	49510145	p53KD_H4K16ac_rep1_peak_10788
chr5	49517721	49519533	Scramble_H4K16ac_rep1_peak_9424	chr5	49517695	49521003	p53KD_H4K16ac_rep1_peak_10790
chr5	49520598	49521569	Scramble_H4K16ac_rep1_peak_9424	chr5	49517695	49521003	p53KD_H4K16ac_rep1_peak_10790
chr5	49527001	49528826	Scramble_H4K16ac_rep1_peak_9425	chr5	49528195	49528896	p53KD_H4K16ac_rep1_peak_10792
chr5	49535196	49536140	Scramble_H4K16ac_rep1_peak_9426	chr5	49535203	49539362	p53KD_H4K16ac_rep1_peak_10794
chr5	49537270	49537760	Scramble_H4K16ac_rep1_peak_9427	chr5	49535203	49539362	p53KD_H4K16ac_rep1_peak_10794
chr5	49540036	49541773	Scramble_H4K16ac_rep1_peak_9427	chr5	49540197	49540333	p53KD_H4K16ac_rep1_peak_10795
chr5	49540036	49541773	Scramble_H4K16ac_rep1_peak_9427	chr5	49541627	49544049	p53KD_H4K16ac_rep1_peak_10795
chr5	49543088	49543316	Scramble_H4K16ac_rep1_peak_9427	chr5	49541627	49544049	p53KD_H4K16ac_rep1_peak_10795
chr5	49545519	49547484	Scramble_H4K16ac_rep1_peak_9428	chr5	49545484	49547510	p53KD_H4K16ac_rep1_peak_10796
chr5	49551562	49553380	Scramble_H4K16ac_rep1_peak_9429	chr5	49550312	49552457	p53KD_H4K16ac_rep1_peak_10798
chr5	49555369	49557536	Scramble_H4K16ac_rep1_peak_9430	chr5	49555861	49557435	p53KD_H4K16ac_rep1_peak_10799
chr5	49563541	49563728	Scramble_H4K16ac_rep1_peak_9431	chr5	49562655	49563744	p53KD_H4K16ac_rep1_peak_10801
chr5	49567776	49569745	Scramble_H4K16ac_rep1_peak_9432	chr5	49567784	49569775	p53KD_H4K16ac_rep1_peak_10802
chr5	49574631	49577083	Scramble_H4K16ac_rep1_peak_9433	chr5	49572678	49577107	p53KD_H4K16ac_rep1_peak_10803
chr5	49580844	49581187	Scramble_H4K16ac_rep1_peak_9434	chr5	49579244	49581122	p53KD_H4K16ac_rep1_peak_10804
chr5	49582614	49584211	Scramble_H4K16ac_rep1_peak_9435	chr5	49582494	49584246	p53KD_H4K16ac_rep1_peak_10804
chr5	49587976	49588287	Scramble_H4K16ac_rep1_peak_9436	chr5	49588121	49588303	p53KD_H4K16ac_rep1_peak_10805
chr5	49600472	49602236	Scramble_H4K16ac_rep1_peak_9437	chr5	49599906	49602946	p53KD_H4K16ac_rep1_peak_10807
chr5	49610120	49610929	Scramble_H4K16ac_rep1_peak_9438	chr5	49610057	49617098	p53KD_H4K16ac_rep1_peak_10808
chr5	49612261	49616622	Scramble_H4K16ac_rep1_peak_9439	chr5	49610057	49617098	p53KD_H4K16ac_rep1_peak_10808
chr5	49623373	49623830	Scramble_H4K16ac_rep1_peak_9440	chr5	49622344	49624279	p53KD_H4K16ac_rep1_peak_10809
chr5	49625552	49627047	Scramble_H4K16ac_rep1_peak_9441	chr5	49625481	49627043	p53KD_H4K16ac_rep1_peak_10809
chr5	49630807	49631136	Scramble_H4K16ac_rep1_peak_9442	chr5	49630781	49631175	p53KD_H4K16ac_rep1_peak_10810
chr5	49642242	49646188	Scramble_H4K16ac_rep1_peak_9443	chr5	49642212	49646237	p53KD_H4K16ac_rep1_peak_10811
chr5	49657182	49661799	Scramble_H4K16ac_rep1_peak_9444	chr5	49656800	49661846	p53KD_H4K16ac_rep1_peak_10812
chr5	49666389	49667268	Scramble_H4K16ac_rep1_peak_9445	chr5	49666198	49667323	p53KD_H4K16ac_rep1_peak_10813
chr5	49991319	49991374	Scramble_H4K16ac_rep1_peak_9447	chr5	49989827	49991438	p53KD_H4K16ac_rep1_peak_10836
chr5	134737696	134738591	Scramble_H4K16ac_rep1_peak_9604	chr5	134738149	134738185	p53KD_H4K16ac_rep1_peak_10934
chr5	138575081	138576218	Scramble_H4K16ac_rep1_peak_9642	chr5	138575485	138575660	p53KD_H4K16ac_rep1_peak_10943
chr5	139274196	139274772	Scramble_H4K16ac_rep1_peak_9652	chr5	139274102	139274329	p53KD_H4K16ac_rep1_peak_10947
chr5	139660853	139661280	Scramble_H4K16ac_rep1_peak_9664	chr5	139660693	139662007	p53KD_H4K16ac_rep1_peak_10949
chr5	139682473	139685442	Scramble_H4K16ac_rep1_peak_9668	chr5	139682455	139682693	p53KD_H4K16ac_rep1_peak_10952
chr5	150449397	150450033	Scramble_H4K16ac_rep1_peak_9724	chr5	150449533	150449630	p53KD_H4K16ac_rep1_peak_10975
chr5	154754514	154755671	Scramble_H4K16ac_rep1_peak_9739	chr5	154754711	154755721	p53KD_H4K16ac_rep1_peak_10977
chr5	173964291	173964981	Scramble_H4K16ac_rep1_peak_9792	chr5	173964063	173964647	p53KD_H4K16ac_rep1_peak_10999
chr5	176536554	176537089	Scramble_H4K16ac_rep1_peak_9803	chr5	176536459	176536753	p53KD_H4K16ac_rep1_peak_11006
chr5	177446259	177448274	Scramble_H4K16ac_rep1_peak_9820	chr5	177447479	177447813	p53KD_H4K16ac_rep1_peak_11011
chr5	179623176	179624387	Scramble_H4K16ac_rep1_peak_9837	chr5	179623416	179623746	p53KD_H4K16ac_rep1_peak_11019
chr5	179698155	179699436	Scramble_H4K16ac_rep1_peak_9839	chr5	179698736	179699198	p53KD_H4K16ac_rep1_peak_11022
chr5	181243267	181243797	Scramble_H4K16ac_rep1_peak_9854	chr5	181243497	181244390	p53KD_H4K16ac_rep1_peak_11030
chr6	862143	863609	Scramble_H4K16ac_rep1_peak_9857	chr6	862271	863654	p53KD_H4K16ac_rep1_peak_11038
chr6	32968617	32969278	Scramble_H4K16ac_rep1_peak_9936	chr6	32968638	32968809	p53KD_H4K16ac_rep1_peak_11071
chr6	34235510	34236758	Scramble_H4K16ac_rep1_peak_9946	chr6	34236489	34236679	p53KD_H4K16ac_rep1_peak_11074
chr6	34425493	34426105	Scramble_H4K16ac_rep1_peak_9950	chr6	34425499	34425857	p53KD_H4K16ac_rep1_peak_11075
chr6	41787622	41788154	Scramble_H4K16ac_rep1_peak_9985	chr6	41787752	41787996	p53KD_H4K16ac_rep1_peak_11094
chr6	58589393	58589859	Scramble_H4K16ac_rep1_peak_10029	chr6	58588917	58589928	p53KD_H4K16ac_rep1_peak_11115
chr6	58628216	58628470	Scramble_H4K16ac_rep1_peak_10032	chr6	58626434	58628355	p53KD_H4K16ac_rep1_peak_11123
chr6	58630321	58630619	Scramble_H4K16ac_rep1_peak_10033	chr6	58629527	58631088	p53KD_H4K16ac_rep1_peak_11124
chr6	58650635	58651835	Scramble_H4K16ac_rep1_peak_10034	chr6	58650467	58652425	p53KD_H4K16ac_rep1_peak_11130
chr6	58664637	58665035	Scramble_H4K16ac_rep1_peak_10035	chr6	58664347	58664965	p53KD_H4K16ac_rep1_peak_11132
chr6	58697275	58697931	Scramble_H4K16ac_rep1_peak_10036	chr6	58697179	58697841	p53KD_H4K16ac_rep1_peak_11140
chr6	58722695	58723483	Scramble_H4K16ac_rep1_peak_10037	chr6	58722484	58724812	p53KD_H4K16ac_rep1_peak_11146
chr6	58760262	58760439	Scramble_H4K16ac_rep1_peak_10039	chr6	58760258	58760476	p53KD_H4K16ac_rep1_peak_11156
chr6	58774281	58774554	Scramble_H4K16ac_rep1_peak_10040	chr6	58774380	58774652	p53KD_H4K16ac_rep1_peak_11158
chr6	58775929	58776691	Scramble_H4K16ac_rep1_peak_10041	chr6	58775639	58777111	p53KD_H4K16ac_rep1_peak_11159
chr6	58869048	58869401	Scramble_H4K16ac_rep1_peak_10046	chr6	58866325	58869324	p53KD_H4K16ac_rep1_peak_11184
chr6	58910715	58910929	Scramble_H4K16ac_rep1_peak_10047	chr6	58909435	58912255	p53KD_H4K16ac_rep1_peak_11194
chr6	58919561	58920527	Scramble_H4K16ac_rep1_peak_10048	chr6	58918921	58921150	p53KD_H4K16ac_rep1_peak_11195
chr6	58984136	58984420	Scramble_H4K16ac_rep1_peak_10051	chr6	58983935	58984317	p53KD_H4K16ac_rep1_peak_11210
chr6	58985929	58986781	Scramble_H4K16ac_rep1_peak_10052	chr6	58986658	58987381	p53KD_H4K16ac_rep1_peak_11211
chr6	58994941	58995747	Scramble_H4K16ac_rep1_peak_10053	chr6	58994674	58996522	p53KD_H4K16ac_rep1_peak_11213
chr6	59017645	59018487	Scramble_H4K16ac_rep1_peak_10054	chr6	59017631	59018784	p53KD_H4K16ac_rep1_peak_11220
chr6	59036440	59037164	Scramble_H4K16ac_rep1_peak_10056	chr6	59034620	59037190	p53KD_H4K16ac_rep1_peak_11223
chr6	59044460	59045323	Scramble_H4K16ac_rep1_peak_10057	chr6	59044555	59045292	p53KD_H4K16ac_rep1_peak_11225
chr6	59050981	59051848	Scramble_H4K16ac_rep1_peak_10058	chr6	59051326	59052838	p53KD_H4K16ac_rep1_peak_11226
chr6	59072172	59072673	Scramble_H4K16ac_rep1_peak_10059	chr6	59072093	59074165	p53KD_H4K16ac_rep1_peak_11232
chr6	59078460	59078567	Scramble_H4K16ac_rep1_peak_10060	chr6	59078290	59079078	p53KD_H4K16ac_rep1_peak_11233
chr6	59111659	59112149	Scramble_H4K16ac_rep1_peak_10061	chr6	59110920	59112983	p53KD_H4K16ac_rep1_peak_11240
chr6	59130621	59130930	Scramble_H4K16ac_rep1_peak_10062	chr6	59129350	59131259	p53KD_H4K16ac_rep1_peak_11246
chr6	59147113	59147666	Scramble_H4K16ac_rep1_peak_10063	chr6	59146386	59147753	p53KD_H4K16ac_rep1_peak_11250
chr6	59151192	59151461	Scramble_H4K16ac_rep1_peak_10064	chr6	59151083	59151792	p53KD_H4K16ac_rep1_peak_11251
chr6	59224481	59224805	Scramble_H4K16ac_rep1_peak_10068	chr6	59223760	59225373	p53KD_H4K16ac_rep1_peak_11276
chr6	59228207	59228863	Scramble_H4K16ac_rep1_peak_10069	chr6	59227517	59228810	p53KD_H4K16ac_rep1_peak_11277
chr6	59280252	59281113	Scramble_H4K16ac_rep1_peak_10072	chr6	59279223	59281089	p53KD_H4K16ac_rep1_peak_11289
chr6	59290416	59291419	Scramble_H4K16ac_rep1_peak_10073	chr6	59290110	59291410	p53KD_H4K16ac_rep1_peak_11293
chr6	59296050	59296315	Scramble_H4K16ac_rep1_peak_10074	chr6	59295506	59296434	p53KD_H4K16ac_rep1_peak_11295
chr6	59319007	59319388	Scramble_H4K16ac_rep1_peak_10075	chr6	59318704	59321328	p53KD_H4K16ac_rep1_peak_11301
chr6	59336799	59336957	Scramble_H4K16ac_rep1_peak_10076	chr6	59335819	59337035	p53KD_H4K16ac_rep1_peak_11304
chr6	59340466	59340806	Scramble_H4K16ac_rep1_peak_10077	chr6	59340524	59340726	p53KD_H4K16ac_rep1_peak_11305
chr6	59370273	59370586	Scramble_H4K16ac_rep1_peak_10078	chr6	59370190	59371607	p53KD_H4K16ac_rep1_peak_11315
chr6	59379067	59379313	Scramble_H4K16ac_rep1_peak_10079	chr6	59378879	59379329	p53KD_H4K16ac_rep1_peak_11318
chr6	59453927	59454696	Scramble_H4K16ac_rep1_peak_10080	chr6	59452278	59455507	p53KD_H4K16ac_rep1_peak_11338
chr6	59501049	59501096	Scramble_H4K16ac_rep1_peak_10082	chr6	59499027	59501241	p53KD_H4K16ac_rep1_peak_11350
chr6	59511259	59511532	Scramble_H4K16ac_rep1_peak_10083	chr6	59510485	59511440	p53KD_H4K16ac_rep1_peak_11352
chr6	59512944	59513065	Scramble_H4K16ac_rep1_peak_10083	chr6	59512283	59513115	p53KD_H4K16ac_rep1_peak_11353
chr6	59631759	59631784	Scramble_H4K16ac_rep1_peak_10085	chr6	59631238	59632596	p53KD_H4K16ac_rep1_peak_11380
chr6	59658709	59659536	Scramble_H4K16ac_rep1_peak_10086	chr6	59658245	59659635	p53KD_H4K16ac_rep1_peak_11387
chr6	59703300	59703602	Scramble_H4K16ac_rep1_peak_10089	chr6	59702715	59704068	p53KD_H4K16ac_rep1_peak_11398
chr6	59733091	59733381	Scramble_H4K16ac_rep1_peak_10091	chr6	59732093	59733642	p53KD_H4K16ac_rep1_peak_11405
chr6	59740209	59740809	Scramble_H4K16ac_rep1_peak_10092	chr6	59740077	59740403	p53KD_H4K16ac_rep1_peak_11408
chr6	59754993	59755483	Scramble_H4K16ac_rep1_peak_10093	chr6	59754078	59755586	p53KD_H4K16ac_rep1_peak_11413
chr6	59825668	59825955	Scramble_H4K16ac_rep1_peak_10096	chr6	59825726	59827146	p53KD_H4K16ac_rep1_peak_11436
chr6	73520601	73521025	Scramble_H4K16ac_rep1_peak_10098	chr6	73520848	73521183	p53KD_H4K16ac_rep1_peak_11442
chr6	157310672	157314281	Scramble_H4K16ac_rep1_peak_10170	chr6	157310550	157314321	p53KD_H4K16ac_rep1_peak_11485
chr7	601183	603059	Scramble_H4K16ac_rep1_peak_10209	chr7	601772	602664	p53KD_H4K16ac_rep1_peak_11531
chr7	635983	636432	Scramble_H4K16ac_rep1_peak_10212	chr7	636054	636435	p53KD_H4K16ac_rep1_peak_11532
chr7	1272319	1272612	Scramble_H4K16ac_rep1_peak_10232	chr7	1272432	1272599	p53KD_H4K16ac_rep1_peak_11539
chr7	1741754	1742961	Scramble_H4K16ac_rep1_peak_10237	chr7	1741942	1742806	p53KD_H4K16ac_rep1_peak_11540
chr7	2353716	2355211	Scramble_H4K16ac_rep1_peak_10248	chr7	2354246	2354516	p53KD_H4K16ac_rep1_peak_11545
chr7	6009040	6010081	Scramble_H4K16ac_rep1_peak_10282	chr7	6009364	6009719	p53KD_H4K16ac_rep1_peak_11562
chr7	22854231	22854771	Scramble_H4K16ac_rep1_peak_10300	chr7	22854716	22854795	p53KD_H4K16ac_rep1_peak_11572
chr7	44796266	44797406	Scramble_H4K16ac_rep1_peak_10368	chr7	44796724	44797145	p53KD_H4K16ac_rep1_peak_11608
chr7	56370525	56373926	Scramble_H4K16ac_rep1_peak_10393	chr7	56370543	56374401	p53KD_H4K16ac_rep1_peak_11615
chr7	58209333	58210535	Scramble_H4K16ac_rep1_peak_10395	chr7	58207220	58210574	p53KD_H4K16ac_rep1_peak_11627
chr7	58288474	58288639	Scramble_H4K16ac_rep1_peak_10399	chr7	58288196	58288572	p53KD_H4K16ac_rep1_peak_11644
chr7	58295352	58295881	Scramble_H4K16ac_rep1_peak_10400	chr7	58295101	58295985	p53KD_H4K16ac_rep1_peak_11647
chr7	58309903	58310837	Scramble_H4K16ac_rep1_peak_10402	chr7	58310407	58312230	p53KD_H4K16ac_rep1_peak_11651
chr7	58312907	58313859	Scramble_H4K16ac_rep1_peak_10403	chr7	58313318	58314199	p53KD_H4K16ac_rep1_peak_11651
chr7	58321640	58322547	Scramble_H4K16ac_rep1_peak_10404	chr7	58318879	58324386	p53KD_H4K16ac_rep1_peak_11653
chr7	58346854	58347129	Scramble_H4K16ac_rep1_peak_10406	chr7	58345488	58348031	p53KD_H4K16ac_rep1_peak_11657
chr7	58356678	58356961	Scramble_H4K16ac_rep1_peak_10407	chr7	58356574	58356986	p53KD_H4K16ac_rep1_peak_11659
chr7	58365134	58367708	Scramble_H4K16ac_rep1_peak_10408	chr7	58365272	58366287	p53KD_H4K16ac_rep1_peak_11661
chr7	58375274	58377009	Scramble_H4K16ac_rep1_peak_10409	chr7	58371092	58378496	p53KD_H4K16ac_rep1_peak_11663
chr7	58396725	58397302	Scramble_H4K16ac_rep1_peak_10410	chr7	58394900	58397256	p53KD_H4K16ac_rep1_peak_11666
chr7	58437985	58439409	Scramble_H4K16ac_rep1_peak_10411	chr7	58439146	58440136	p53KD_H4K16ac_rep1_peak_11675
chr7	58445867	58447084	Scramble_H4K16ac_rep1_peak_10412	chr7	58444403	58450551	p53KD_H4K16ac_rep1_peak_11676
chr7	58479658	58481096	Scramble_H4K16ac_rep1_peak_10414	chr7	58478043	58481564	p53KD_H4K16ac_rep1_peak_11683
chr7	58507570	58507720	Scramble_H4K16ac_rep1_peak_10415	chr7	58507528	58508093	p53KD_H4K16ac_rep1_peak_11688
chr7	58558338	58559048	Scramble_H4K16ac_rep1_peak_10416	chr7	58556261	58559923	p53KD_H4K16ac_rep1_peak_11699
chr7	58587166	58588200	Scramble_H4K16ac_rep1_peak_10420	chr7	58586140	58590395	p53KD_H4K16ac_rep1_peak_11704
chr7	58596266	58596771	Scramble_H4K16ac_rep1_peak_10421	chr7	58596769	58596947	p53KD_H4K16ac_rep1_peak_11706
chr7	58639817	58641037	Scramble_H4K16ac_rep1_peak_10423	chr7	58636488	58640133	p53KD_H4K16ac_rep1_peak_11714
chr7	58671682	58673193	Scramble_H4K16ac_rep1_peak_10424	chr7	58671726	58674256	p53KD_H4K16ac_rep1_peak_11720
chr7	58687842	58690378	Scramble_H4K16ac_rep1_peak_10425	chr7	58687444	58689099	p53KD_H4K16ac_rep1_peak_11724
chr7	58740812	58741853	Scramble_H4K16ac_rep1_peak_10428	chr7	58741143	58741389	p53KD_H4K16ac_rep1_peak_11735
chr7	58768009	58768711	Scramble_H4K16ac_rep1_peak_10431	chr7	58766259	58770569	p53KD_H4K16ac_rep1_peak_11742
chr7	58786503	58786799	Scramble_H4K16ac_rep1_peak_10432	chr7	58785821	58788866	p53KD_H4K16ac_rep1_peak_11747
chr7	58805966	58806583	Scramble_H4K16ac_rep1_peak_10433	chr7	58805574	58807848	p53KD_H4K16ac_rep1_peak_11749
chr7	58814160	58815915	Scramble_H4K16ac_rep1_peak_10434	chr7	58814129	58816138	p53KD_H4K16ac_rep1_peak_11751
chr7	58817910	58818470	Scramble_H4K16ac_rep1_peak_10435	chr7	58817423	58818570	p53KD_H4K16ac_rep1_peak_11751
chr7	58836151	58836964	Scramble_H4K16ac_rep1_peak_10436	chr7	58836267	58837750	p53KD_H4K16ac_rep1_peak_11756
chr7	58877036	58878489	Scramble_H4K16ac_rep1_peak_10438	chr7	58876237	58878056	p53KD_H4K16ac_rep1_peak_11765
chr7	58888944	58890235	Scramble_H4K16ac_rep1_peak_10439	chr7	58888370	58891302	p53KD_H4K16ac_rep1_peak_11767
chr7	58899613	58899943	Scramble_H4K16ac_rep1_peak_10440	chr7	58897200	58900128	p53KD_H4K16ac_rep1_peak_11768
chr7	58933395	58933808	Scramble_H4K16ac_rep1_peak_10443	chr7	58932401	58933534	p53KD_H4K16ac_rep1_peak_11774
chr7	58938025	58939238	Scramble_H4K16ac_rep1_peak_10444	chr7	58935835	58939184	p53KD_H4K16ac_rep1_peak_11775
chr7	58941318	58942456	Scramble_H4K16ac_rep1_peak_10445	chr7	58941093	58942398	p53KD_H4K16ac_rep1_peak_11775
chr7	58948844	58948968	Scramble_H4K16ac_rep1_peak_10446	chr7	58948954	58951899	p53KD_H4K16ac_rep1_peak_11778
chr7	58958235	58958919	Scramble_H4K16ac_rep1_peak_10447	chr7	58958451	58962143	p53KD_H4K16ac_rep1_peak_11781
chr7	58960232	58961375	Scramble_H4K16ac_rep1_peak_10448	chr7	58958451	58962143	p53KD_H4K16ac_rep1_peak_11781
chr7	58997794	59001137	Scramble_H4K16ac_rep1_peak_10450	chr7	59001129	59002955	p53KD_H4K16ac_rep1_peak_11788
chr7	58997794	59001137	Scramble_H4K16ac_rep1_peak_10450	chr7	58998429	58999530	p53KD_H4K16ac_rep1_peak_11787
chr7	59012901	59013590	Scramble_H4K16ac_rep1_peak_10451	chr7	59013314	59014161	p53KD_H4K16ac_rep1_peak_11790
chr7	59019119	59022369	Scramble_H4K16ac_rep1_peak_10452	chr7	59017621	59026075	p53KD_H4K16ac_rep1_peak_11791
chr7	59031671	59032507	Scramble_H4K16ac_rep1_peak_10453	chr7	59029058	59032659	p53KD_H4K16ac_rep1_peak_11792
chr7	59057000	59057827	Scramble_H4K16ac_rep1_peak_10456	chr7	59057600	59059658	p53KD_H4K16ac_rep1_peak_11798
chr7	59078064	59079125	Scramble_H4K16ac_rep1_peak_10458	chr7	59077366	59079427	p53KD_H4K16ac_rep1_peak_11802
chr7	59097315	59097942	Scramble_H4K16ac_rep1_peak_10459	chr7	59096904	59100802	p53KD_H4K16ac_rep1_peak_11806
chr7	59151112	59151557	Scramble_H4K16ac_rep1_peak_10461	chr7	59150741	59153883	p53KD_H4K16ac_rep1_peak_11819
chr7	59157301	59158195	Scramble_H4K16ac_rep1_peak_10463	chr7	59156519	59160208	p53KD_H4K16ac_rep1_peak_11820
chr7	59200212	59201106	Scramble_H4K16ac_rep1_peak_10464	chr7	59200372	59202028	p53KD_H4K16ac_rep1_peak_11826
chr7	59238433	59238763	Scramble_H4K16ac_rep1_peak_10467	chr7	59232166	59239309	p53KD_H4K16ac_rep1_peak_11830
chr7	59248823	59249512	Scramble_H4K16ac_rep1_peak_10468	chr7	59248009	59250940	p53KD_H4K16ac_rep1_peak_11832
chr7	59254177	59254667	Scramble_H4K16ac_rep1_peak_10469	chr7	59253294	59257311	p53KD_H4K16ac_rep1_peak_11833
chr7	59336467	59338004	Scramble_H4K16ac_rep1_peak_10474	chr7	59336659	59340571	p53KD_H4K16ac_rep1_peak_11852
chr7	59369209	59371894	Scramble_H4K16ac_rep1_peak_10476	chr7	59366528	59371974	p53KD_H4K16ac_rep1_peak_11859
chr7	59376988	59377121	Scramble_H4K16ac_rep1_peak_10477	chr7	59375833	59378032	p53KD_H4K16ac_rep1_peak_11860
chr7	59385706	59386369	Scramble_H4K16ac_rep1_peak_10479	chr7	59384954	59387263	p53KD_H4K16ac_rep1_peak_11863
chr7	59417350	59418802	Scramble_H4K16ac_rep1_peak_10482	chr7	59418491	59418708	p53KD_H4K16ac_rep1_peak_11869
chr7	59462059	59463299	Scramble_H4K16ac_rep1_peak_10483	chr7	59459903	59463659	p53KD_H4K16ac_rep1_peak_11881
chr7	59468629	59469709	Scramble_H4K16ac_rep1_peak_10484	chr7	59468939	59470745	p53KD_H4K16ac_rep1_peak_11882
chr7	59480881	59481660	Scramble_H4K16ac_rep1_peak_10485	chr7	59479373	59483859	p53KD_H4K16ac_rep1_peak_11885
chr7	59501008	59501706	Scramble_H4K16ac_rep1_peak_10486	chr7	59498914	59503270	p53KD_H4K16ac_rep1_peak_11888
chr7	59502728	59504751	Scramble_H4K16ac_rep1_peak_10487	chr7	59498914	59503270	p53KD_H4K16ac_rep1_peak_11888
chr7	59502728	59504751	Scramble_H4K16ac_rep1_peak_10487	chr7	59504414	59508596	p53KD_H4K16ac_rep1_peak_11888
chr7	59505843	59506696	Scramble_H4K16ac_rep1_peak_10487	chr7	59504414	59508596	p53KD_H4K16ac_rep1_peak_11888
chr7	59567020	59568850	Scramble_H4K16ac_rep1_peak_10491	chr7	59567184	59569533	p53KD_H4K16ac_rep1_peak_11902
chr7	59584795	59585982	Scramble_H4K16ac_rep1_peak_10492	chr7	59584555	59586696	p53KD_H4K16ac_rep1_peak_11906
chr7	59590500	59591781	Scramble_H4K16ac_rep1_peak_10493	chr7	59588981	59591529	p53KD_H4K16ac_rep1_peak_11907
chr7	59592812	59593969	Scramble_H4K16ac_rep1_peak_10494	chr7	59592779	59594112	p53KD_H4K16ac_rep1_peak_11908
chr7	59654665	59655898	Scramble_H4K16ac_rep1_peak_10495	chr7	59652732	59658287	p53KD_H4K16ac_rep1_peak_11921
chr7	59663124	59664238	Scramble_H4K16ac_rep1_peak_10496	chr7	59663420	59664328	p53KD_H4K16ac_rep1_peak_11923
chr7	59682045	59682963	Scramble_H4K16ac_rep1_peak_10497	chr7	59682876	59683452	p53KD_H4K16ac_rep1_peak_11929
chr7	59747741	59749286	Scramble_H4K16ac_rep1_peak_10500	chr7	59746621	59750068	p53KD_H4K16ac_rep1_peak_11946
chr7	59765413	59765773	Scramble_H4K16ac_rep1_peak_10501	chr7	59765025	59766145	p53KD_H4K16ac_rep1_peak_11949
chr7	59777169	59777474	Scramble_H4K16ac_rep1_peak_10502	chr7	59776718	59777390	p53KD_H4K16ac_rep1_peak_11951
chr7	59825757	59826448	Scramble_H4K16ac_rep1_peak_10505	chr7	59825362	59827497	p53KD_H4K16ac_rep1_peak_11962
chr7	59893458	59894829	Scramble_H4K16ac_rep1_peak_10508	chr7	59893273	59896533	p53KD_H4K16ac_rep1_peak_11974
chr7	59904628	59905211	Scramble_H4K16ac_rep1_peak_10510	chr7	59904809	59905433	p53KD_H4K16ac_rep1_peak_11976
chr7	59917791	59918885	Scramble_H4K16ac_rep1_peak_10511	chr7	59916108	59917965	p53KD_H4K16ac_rep1_peak_11978
chr7	59994134	59994411	Scramble_H4K16ac_rep1_peak_10514	chr7	59992369	59994364	p53KD_H4K16ac_rep1_peak_11995
chr7	60101180	60101855	Scramble_H4K16ac_rep1_peak_10517	chr7	60101240	60108374	p53KD_H4K16ac_rep1_peak_12019
chr7	60125765	60127235	Scramble_H4K16ac_rep1_peak_10518	chr7	60125413	60126684	p53KD_H4K16ac_rep1_peak_12024
chr7	60166569	60168366	Scramble_H4K16ac_rep1_peak_10520	chr7	60167355	60167785	p53KD_H4K16ac_rep1_peak_12034
chr7	60216302	60217466	Scramble_H4K16ac_rep1_peak_10522	chr7	60215827	60220201	p53KD_H4K16ac_rep1_peak_12047
chr7	60219665	60220132	Scramble_H4K16ac_rep1_peak_10523	chr7	60215827	60220201	p53KD_H4K16ac_rep1_peak_12047
chr7	60321185	60321602	Scramble_H4K16ac_rep1_peak_10526	chr7	60319248	60321436	p53KD_H4K16ac_rep1_peak_12067
chr7	60343676	60344240	Scramble_H4K16ac_rep1_peak_10527	chr7	60340162	60344948	p53KD_H4K16ac_rep1_peak_12071
chr7	60391694	60392256	Scramble_H4K16ac_rep1_peak_10528	chr7	60390482	60392886	p53KD_H4K16ac_rep1_peak_12080
chr7	60402303	60402635	Scramble_H4K16ac_rep1_peak_10529	chr7	60402565	60404009	p53KD_H4K16ac_rep1_peak_12082
chr7	60410196	60410675	Scramble_H4K16ac_rep1_peak_10530	chr7	60408103	60410850	p53KD_H4K16ac_rep1_peak_12084
chr7	60463549	60464437	Scramble_H4K16ac_rep1_peak_10534	chr7	60462167	60464443	p53KD_H4K16ac_rep1_peak_12095
chr7	60471529	60473698	Scramble_H4K16ac_rep1_peak_10535	chr7	60473661	60474749	p53KD_H4K16ac_rep1_peak_12097
chr7	60485085	60485387	Scramble_H4K16ac_rep1_peak_10536	chr7	60483195	60485980	p53KD_H4K16ac_rep1_peak_12099
chr7	60521696	60522726	Scramble_H4K16ac_rep1_peak_10538	chr7	60521691	60522657	p53KD_H4K16ac_rep1_peak_12107
chr7	60580041	60580496	Scramble_H4K16ac_rep1_peak_10539	chr7	60576627	60580795	p53KD_H4K16ac_rep1_peak_12115
chr7	60597206	60599962	Scramble_H4K16ac_rep1_peak_10541	chr7	60598052	60598431	p53KD_H4K16ac_rep1_peak_12120
chr7	60597206	60599962	Scramble_H4K16ac_rep1_peak_10541	chr7	60599282	60601509	p53KD_H4K16ac_rep1_peak_12120
chr7	60623584	60623883	Scramble_H4K16ac_rep1_peak_10543	chr7	60621428	60625927	p53KD_H4K16ac_rep1_peak_12124
chr7	60665335	60666544	Scramble_H4K16ac_rep1_peak_10544	chr7	60665643	60668918	p53KD_H4K16ac_rep1_peak_12132
chr7	60716942	60717043	Scramble_H4K16ac_rep1_peak_10546	chr7	60716078	60717941	p53KD_H4K16ac_rep1_peak_12143
chr7	60728893	60730318	Scramble_H4K16ac_rep1_peak_10547	chr7	60730007	60731955	p53KD_H4K16ac_rep1_peak_12145
chr7	60740716	60741083	Scramble_H4K16ac_rep1_peak_10549	chr7	60739986	60742582	p53KD_H4K16ac_rep1_peak_12147
chr7	60744754	60746056	Scramble_H4K16ac_rep1_peak_10550	chr7	60744425	60745945	p53KD_H4K16ac_rep1_peak_12148
chr7	60758153	60759196	Scramble_H4K16ac_rep1_peak_10551	chr7	60758462	60759292	p53KD_H4K16ac_rep1_peak_12151
chr7	60773010	60773749	Scramble_H4K16ac_rep1_peak_10553	chr7	60770743	60773886	p53KD_H4K16ac_rep1_peak_12153
chr7	60783857	60785181	Scramble_H4K16ac_rep1_peak_10554	chr7	60784449	60785066	p53KD_H4K16ac_rep1_peak_12156
chr7	60786626	60787398	Scramble_H4K16ac_rep1_peak_10554	chr7	60786689	60788565	p53KD_H4K16ac_rep1_peak_12157
chr7	60807360	60808391	Scramble_H4K16ac_rep1_peak_10556	chr7	60805338	60808628	p53KD_H4K16ac_rep1_peak_12161
chr7	60824496	60825036	Scramble_H4K16ac_rep1_peak_10557	chr7	60823675	60825460	p53KD_H4K16ac_rep1_peak_12165
chr7	63757884	63758165	Scramble_H4K16ac_rep1_peak_10559	chr7	63756457	63759508	p53KD_H4K16ac_rep1_peak_12171
chr7	63758995	63759580	Scramble_H4K16ac_rep1_peak_10559	chr7	63756457	63759508	p53KD_H4K16ac_rep1_peak_12171
chr7	74656688	74658182	Scramble_H4K16ac_rep1_peak_10613	chr7	74657670	74657843	p53KD_H4K16ac_rep1_peak_12212
chr7	75092822	75093592	Scramble_H4K16ac_rep1_peak_10621	chr7	75092731	75093079	p53KD_H4K16ac_rep1_peak_12222
chr7	100101011	100102178	Scramble_H4K16ac_rep1_peak_10705	chr7	100100918	100101336	p53KD_H4K16ac_rep1_peak_12271
chr7	100309284	100310287	Scramble_H4K16ac_rep1_peak_10714	chr7	100309645	100314129	p53KD_H4K16ac_rep1_peak_12274
chr7	100311545	100313153	Scramble_H4K16ac_rep1_peak_10715	chr7	100309645	100314129	p53KD_H4K16ac_rep1_peak_12274
chr7	100428600	100430681	Scramble_H4K16ac_rep1_peak_10717	chr7	100429423	100429746	p53KD_H4K16ac_rep1_peak_12276
chr7	100866198	100867742	Scramble_H4K16ac_rep1_peak_10730	chr7	100866136	100867631	p53KD_H4K16ac_rep1_peak_12277
chr7	100874744	100875554	Scramble_H4K16ac_rep1_peak_10731	chr7	100874702	100874892	p53KD_H4K16ac_rep1_peak_12278
chr7	100889357	100890134	Scramble_H4K16ac_rep1_peak_10732	chr7	100888993	100889438	p53KD_H4K16ac_rep1_peak_12279
chr7	100996964	100998737	Scramble_H4K16ac_rep1_peak_10733	chr7	100996839	100999607	p53KD_H4K16ac_rep1_peak_12282
chr7	101162207	101163397	Scramble_H4K16ac_rep1_peak_10744	chr7	101162714	101163684	p53KD_H4K16ac_rep1_peak_12287
chr7	102670884	102671367	Scramble_H4K16ac_rep1_peak_10787	chr7	102671143	102671299	p53KD_H4K16ac_rep1_peak_12322
chr7	140230314	140231477	Scramble_H4K16ac_rep1_peak_10849	chr7	140230360	140230626	p53KD_H4K16ac_rep1_peak_12358
chr7	158147046	158149120	Scramble_H4K16ac_rep1_peak_10897	chr7	158146934	158148986	p53KD_H4K16ac_rep1_peak_12384
chr7	159203157	159203456	Scramble_H4K16ac_rep1_peak_10903	chr7	159203295	159203693	p53KD_H4K16ac_rep1_peak_12393
chr8	22597698	22600144	Scramble_H4K16ac_rep1_peak_10921	chr8	22598543	22599213	p53KD_H4K16ac_rep1_peak_12407
chr8	44038438	44039668	Scramble_H4K16ac_rep1_peak_10967	chr8	44038081	44039729	p53KD_H4K16ac_rep1_peak_12419
chr8	44054378	44056297	Scramble_H4K16ac_rep1_peak_10968	chr8	44054106	44056590	p53KD_H4K16ac_rep1_peak_12422
chr8	44064446	44064526	Scramble_H4K16ac_rep1_peak_10969	chr8	44061767	44074751	p53KD_H4K16ac_rep1_peak_12423
chr8	44066308	44067734	Scramble_H4K16ac_rep1_peak_10970	chr8	44061767	44074751	p53KD_H4K16ac_rep1_peak_12423
chr8	44072301	44073865	Scramble_H4K16ac_rep1_peak_10971	chr8	44061767	44074751	p53KD_H4K16ac_rep1_peak_12423
chr8	44087512	44089164	Scramble_H4K16ac_rep1_peak_10972	chr8	44084887	44093404	p53KD_H4K16ac_rep1_peak_12425
chr8	44097019	44097154	Scramble_H4K16ac_rep1_peak_10973	chr8	44094290	44098014	p53KD_H4K16ac_rep1_peak_12426
chr8	44102318	44105689	Scramble_H4K16ac_rep1_peak_10974	chr8	44100523	44105183	p53KD_H4K16ac_rep1_peak_12428
chr8	44108464	44112855	Scramble_H4K16ac_rep1_peak_10975	chr8	44107459	44115932	p53KD_H4K16ac_rep1_peak_12429
chr8	44131034	44132439	Scramble_H4K16ac_rep1_peak_10976	chr8	44126287	44132756	p53KD_H4K16ac_rep1_peak_12431
chr8	44133767	44134794	Scramble_H4K16ac_rep1_peak_10977	chr8	44134037	44138489	p53KD_H4K16ac_rep1_peak_12432
chr8	44145066	44146683	Scramble_H4K16ac_rep1_peak_10978	chr8	44144612	44153996	p53KD_H4K16ac_rep1_peak_12434
chr8	44150626	44152281	Scramble_H4K16ac_rep1_peak_10979	chr8	44144612	44153996	p53KD_H4K16ac_rep1_peak_12434
chr8	44165815	44165951	Scramble_H4K16ac_rep1_peak_10980	chr8	44163120	44170120	p53KD_H4K16ac_rep1_peak_12436
chr8	44166767	44168738	Scramble_H4K16ac_rep1_peak_10980	chr8	44163120	44170120	p53KD_H4K16ac_rep1_peak_12436
chr8	44176750	44180841	Scramble_H4K16ac_rep1_peak_10981	chr8	44176199	44178631	p53KD_H4K16ac_rep1_peak_12438
chr8	44176750	44180841	Scramble_H4K16ac_rep1_peak_10981	chr8	44179811	44185586	p53KD_H4K16ac_rep1_peak_12439
chr8	44182684	44184057	Scramble_H4K16ac_rep1_peak_10982	chr8	44179811	44185586	p53KD_H4K16ac_rep1_peak_12439
chr8	44192221	44197082	Scramble_H4K16ac_rep1_peak_10983	chr8	44191567	44201869	p53KD_H4K16ac_rep1_peak_12442
chr8	44198159	44199947	Scramble_H4K16ac_rep1_peak_10983	chr8	44191567	44201869	p53KD_H4K16ac_rep1_peak_12442
chr8	44203444	44203742	Scramble_H4K16ac_rep1_peak_10984	chr8	44202827	44204421	p53KD_H4K16ac_rep1_peak_12442
chr8	44216021	44217007	Scramble_H4K16ac_rep1_peak_10985	chr8	44215121	44217447	p53KD_H4K16ac_rep1_peak_12445
chr8	44219960	44220896	Scramble_H4K16ac_rep1_peak_10986	chr8	44218928	44228367	p53KD_H4K16ac_rep1_peak_12446
chr8	44223330	44224154	Scramble_H4K16ac_rep1_peak_10987	chr8	44218928	44228367	p53KD_H4K16ac_rep1_peak_12446
chr8	44230969	44233070	Scramble_H4K16ac_rep1_peak_10988	chr8	44230734	44232610	p53KD_H4K16ac_rep1_peak_12447
chr8	44243119	44244806	Scramble_H4K16ac_rep1_peak_10989	chr8	44242350	44245890	p53KD_H4K16ac_rep1_peak_12451
chr8	44256900	44258634	Scramble_H4K16ac_rep1_peak_10991	chr8	44256605	44258569	p53KD_H4K16ac_rep1_peak_12454
chr8	44269032	44270049	Scramble_H4K16ac_rep1_peak_10992	chr8	44268472	44270246	p53KD_H4K16ac_rep1_peak_12458
chr8	44277196	44277918	Scramble_H4K16ac_rep1_peak_10993	chr8	44276041	44278168	p53KD_H4K16ac_rep1_peak_12459
chr8	44279176	44283079	Scramble_H4K16ac_rep1_peak_10994	chr8	44279164	44286714	p53KD_H4K16ac_rep1_peak_12459
chr8	44284153	44284992	Scramble_H4K16ac_rep1_peak_10994	chr8	44279164	44286714	p53KD_H4K16ac_rep1_peak_12459
chr8	44291444	44291925	Scramble_H4K16ac_rep1_peak_10995	chr8	44289333	44292451	p53KD_H4K16ac_rep1_peak_12461
chr8	44299896	44300369	Scramble_H4K16ac_rep1_peak_10996	chr8	44298446	44302475	p53KD_H4K16ac_rep1_peak_12463
chr8	44308955	44311489	Scramble_H4K16ac_rep1_peak_10997	chr8	44306741	44314913	p53KD_H4K16ac_rep1_peak_12464
chr8	44318892	44319305	Scramble_H4K16ac_rep1_peak_10998	chr8	44318000	44328873	p53KD_H4K16ac_rep1_peak_12465
chr8	44323670	44325866	Scramble_H4K16ac_rep1_peak_10999	chr8	44318000	44328873	p53KD_H4K16ac_rep1_peak_12465
chr8	44330977	44334209	Scramble_H4K16ac_rep1_peak_11000	chr8	44330964	44334257	p53KD_H4K16ac_rep1_peak_12466
chr8	44337583	44337827	Scramble_H4K16ac_rep1_peak_11001	chr8	44335706	44338005	p53KD_H4K16ac_rep1_peak_12467
chr8	44342781	44343543	Scramble_H4K16ac_rep1_peak_11002	chr8	44343156	44346555	p53KD_H4K16ac_rep1_peak_12470
chr8	44349307	44349873	Scramble_H4K16ac_rep1_peak_11003	chr8	44348218	44351088	p53KD_H4K16ac_rep1_peak_12471
chr8	44356441	44357550	Scramble_H4K16ac_rep1_peak_11004	chr8	44356566	44357667	p53KD_H4K16ac_rep1_peak_12473
chr8	44360580	44361734	Scramble_H4K16ac_rep1_peak_11005	chr8	44360268	44362158	p53KD_H4K16ac_rep1_peak_12474
chr8	44367354	44369634	Scramble_H4K16ac_rep1_peak_11006	chr8	44366620	44370047	p53KD_H4K16ac_rep1_peak_12476
chr8	44390087	44391217	Scramble_H4K16ac_rep1_peak_11007	chr8	44389569	44393600	p53KD_H4K16ac_rep1_peak_12483
chr8	44407595	44409199	Scramble_H4K16ac_rep1_peak_11008	chr8	44407591	44407963	p53KD_H4K16ac_rep1_peak_12487
chr8	44407595	44409199	Scramble_H4K16ac_rep1_peak_11008	chr8	44409005	44413012	p53KD_H4K16ac_rep1_peak_12488
chr8	44417121	44417374	Scramble_H4K16ac_rep1_peak_11009	chr8	44416914	44418495	p53KD_H4K16ac_rep1_peak_12489
chr8	44423081	44424976	Scramble_H4K16ac_rep1_peak_11010	chr8	44422473	44425059	p53KD_H4K16ac_rep1_peak_12490
chr8	44434010	44434472	Scramble_H4K16ac_rep1_peak_11011	chr8	44433909	44435000	p53KD_H4K16ac_rep1_peak_12492
chr8	44436077	44436540	Scramble_H4K16ac_rep1_peak_11012	chr8	44435854	44436860	p53KD_H4K16ac_rep1_peak_12492
chr8	44438870	44441277	Scramble_H4K16ac_rep1_peak_11013	chr8	44438793	44451288	p53KD_H4K16ac_rep1_peak_12493
chr8	44445749	44448536	Scramble_H4K16ac_rep1_peak_11014	chr8	44438793	44451288	p53KD_H4K16ac_rep1_peak_12493
chr8	44449604	44451322	Scramble_H4K16ac_rep1_peak_11015	chr8	44438793	44451288	p53KD_H4K16ac_rep1_peak_12493
chr8	44465052	44466712	Scramble_H4K16ac_rep1_peak_11016	chr8	44462061	44466804	p53KD_H4K16ac_rep1_peak_12495
chr8	44469065	44471389	Scramble_H4K16ac_rep1_peak_11017	chr8	44468250	44477097	p53KD_H4K16ac_rep1_peak_12496
chr8	44474043	44476465	Scramble_H4K16ac_rep1_peak_11018	chr8	44468250	44477097	p53KD_H4K16ac_rep1_peak_12496
chr8	44482403	44483928	Scramble_H4K16ac_rep1_peak_11019	chr8	44478791	44483129	p53KD_H4K16ac_rep1_peak_12497
chr8	44492481	44497846	Scramble_H4K16ac_rep1_peak_11020	chr8	44488116	44503415	p53KD_H4K16ac_rep1_peak_12498
chr8	44499701	44502135	Scramble_H4K16ac_rep1_peak_11021	chr8	44488116	44503415	p53KD_H4K16ac_rep1_peak_12498
chr8	44513132	44514023	Scramble_H4K16ac_rep1_peak_11022	chr8	44513232	44514142	p53KD_H4K16ac_rep1_peak_12500
chr8	44525123	44526812	Scramble_H4K16ac_rep1_peak_11023	chr8	44524634	44527381	p53KD_H4K16ac_rep1_peak_12502
chr8	44533795	44534203	Scramble_H4K16ac_rep1_peak_11024	chr8	44533856	44534735	p53KD_H4K16ac_rep1_peak_12505
chr8	44537360	44539513	Scramble_H4K16ac_rep1_peak_11025	chr8	44536401	44539439	p53KD_H4K16ac_rep1_peak_12506
chr8	44542720	44544719	Scramble_H4K16ac_rep1_peak_11026	chr8	44542807	44546835	p53KD_H4K16ac_rep1_peak_12507
chr8	44548937	44549102	Scramble_H4K16ac_rep1_peak_11027	chr8	44548458	44551114	p53KD_H4K16ac_rep1_peak_12508
chr8	44553193	44553484	Scramble_H4K16ac_rep1_peak_11028	chr8	44552259	44555583	p53KD_H4K16ac_rep1_peak_12508
chr8	44554355	44554698	Scramble_H4K16ac_rep1_peak_11028	chr8	44552259	44555583	p53KD_H4K16ac_rep1_peak_12508
chr8	44559411	44563023	Scramble_H4K16ac_rep1_peak_11029	chr8	44559176	44564726	p53KD_H4K16ac_rep1_peak_12509
chr8	44574032	44576675	Scramble_H4K16ac_rep1_peak_11030	chr8	44567916	44576678	p53KD_H4K16ac_rep1_peak_12511
chr8	44578555	44580378	Scramble_H4K16ac_rep1_peak_11031	chr8	44577567	44581143	p53KD_H4K16ac_rep1_peak_12511
chr8	44582432	44586513	Scramble_H4K16ac_rep1_peak_11032	chr8	44582237	44587195	p53KD_H4K16ac_rep1_peak_12512
chr8	44588602	44589298	Scramble_H4K16ac_rep1_peak_11033	chr8	44588684	44601973	p53KD_H4K16ac_rep1_peak_12513
chr8	44593288	44595168	Scramble_H4K16ac_rep1_peak_11034	chr8	44588684	44601973	p53KD_H4K16ac_rep1_peak_12513
chr8	44598165	44601965	Scramble_H4K16ac_rep1_peak_11035	chr8	44588684	44601973	p53KD_H4K16ac_rep1_peak_12513
chr8	44606043	44607833	Scramble_H4K16ac_rep1_peak_11036	chr8	44605885	44609278	p53KD_H4K16ac_rep1_peak_12515
chr8	44619960	44621272	Scramble_H4K16ac_rep1_peak_11037	chr8	44619242	44622528	p53KD_H4K16ac_rep1_peak_12516
chr8	44623441	44626311	Scramble_H4K16ac_rep1_peak_11038	chr8	44623471	44626388	p53KD_H4K16ac_rep1_peak_12517
chr8	44629191	44631272	Scramble_H4K16ac_rep1_peak_11039	chr8	44627644	44634269	p53KD_H4K16ac_rep1_peak_12517
chr8	44646830	44647576	Scramble_H4K16ac_rep1_peak_11040	chr8	44646275	44647982	p53KD_H4K16ac_rep1_peak_12519
chr8	44651129	44651649	Scramble_H4K16ac_rep1_peak_11041	chr8	44649961	44652603	p53KD_H4K16ac_rep1_peak_12520
chr8	44667366	44668764	Scramble_H4K16ac_rep1_peak_11042	chr8	44662314	44670223	p53KD_H4K16ac_rep1_peak_12522
chr8	44670011	44670413	Scramble_H4K16ac_rep1_peak_11043	chr8	44662314	44670223	p53KD_H4K16ac_rep1_peak_12522
chr8	44672330	44673608	Scramble_H4K16ac_rep1_peak_11044	chr8	44671085	44674148	p53KD_H4K16ac_rep1_peak_12523
chr8	44680243	44680468	Scramble_H4K16ac_rep1_peak_11045	chr8	44680137	44680395	p53KD_H4K16ac_rep1_peak_12524
chr8	44682923	44684082	Scramble_H4K16ac_rep1_peak_11045	chr8	44681583	44684847	p53KD_H4K16ac_rep1_peak_12524
chr8	44690601	44692192	Scramble_H4K16ac_rep1_peak_11046	chr8	44690146	44694835	p53KD_H4K16ac_rep1_peak_12526
chr8	44697036	44697441	Scramble_H4K16ac_rep1_peak_11047	chr8	44696910	44697193	p53KD_H4K16ac_rep1_peak_12527
chr8	44708410	44712748	Scramble_H4K16ac_rep1_peak_11048	chr8	44708044	44716684	p53KD_H4K16ac_rep1_peak_12531
chr8	44714899	44716088	Scramble_H4K16ac_rep1_peak_11049	chr8	44708044	44716684	p53KD_H4K16ac_rep1_peak_12531
chr8	44720647	44724922	Scramble_H4K16ac_rep1_peak_11050	chr8	44720428	44727049	p53KD_H4K16ac_rep1_peak_12532
chr8	44742295	44743164	Scramble_H4K16ac_rep1_peak_11051	chr8	44741973	44743477	p53KD_H4K16ac_rep1_peak_12534
chr8	44752348	44755928	Scramble_H4K16ac_rep1_peak_11052	chr8	44752389	44758847	p53KD_H4K16ac_rep1_peak_12536
chr8	44760432	44761790	Scramble_H4K16ac_rep1_peak_11053	chr8	44760678	44766165	p53KD_H4K16ac_rep1_peak_12537
chr8	44763781	44764836	Scramble_H4K16ac_rep1_peak_11054	chr8	44760678	44766165	p53KD_H4K16ac_rep1_peak_12537
chr8	44769210	44770285	Scramble_H4K16ac_rep1_peak_11055	chr8	44769097	44776860	p53KD_H4K16ac_rep1_peak_12537
chr8	44772706	44774068	Scramble_H4K16ac_rep1_peak_11056	chr8	44769097	44776860	p53KD_H4K16ac_rep1_peak_12537
chr8	44796019	44798385	Scramble_H4K16ac_rep1_peak_11057	chr8	44795698	44800154	p53KD_H4K16ac_rep1_peak_12541
chr8	44809899	44810319	Scramble_H4K16ac_rep1_peak_11059	chr8	44809347	44811970	p53KD_H4K16ac_rep1_peak_12544
chr8	44813999	44815803	Scramble_H4K16ac_rep1_peak_11060	chr8	44813648	44816473	p53KD_H4K16ac_rep1_peak_12545
chr8	44818106	44820754	Scramble_H4K16ac_rep1_peak_11061	chr8	44817931	44825897	p53KD_H4K16ac_rep1_peak_12546
chr8	44823680	44826034	Scramble_H4K16ac_rep1_peak_11062	chr8	44817931	44825897	p53KD_H4K16ac_rep1_peak_12546
chr8	44830599	44831843	Scramble_H4K16ac_rep1_peak_11063	chr8	44830329	44831786	p53KD_H4K16ac_rep1_peak_12548
chr8	44845745	44847225	Scramble_H4K16ac_rep1_peak_11065	chr8	44845493	44850732	p53KD_H4K16ac_rep1_peak_12551
chr8	44854667	44856756	Scramble_H4K16ac_rep1_peak_11066	chr8	44852447	44860357	p53KD_H4K16ac_rep1_peak_12552
chr8	44858187	44860894	Scramble_H4K16ac_rep1_peak_11067	chr8	44852447	44860357	p53KD_H4K16ac_rep1_peak_12552
chr8	44861882	44862867	Scramble_H4K16ac_rep1_peak_11067	chr8	44861405	44868347	p53KD_H4K16ac_rep1_peak_12553
chr8	44866057	44866579	Scramble_H4K16ac_rep1_peak_11068	chr8	44861405	44868347	p53KD_H4K16ac_rep1_peak_12553
chr8	44870331	44871545	Scramble_H4K16ac_rep1_peak_11069	chr8	44869249	44872155	p53KD_H4K16ac_rep1_peak_12554
chr8	44881351	44883120	Scramble_H4K16ac_rep1_peak_11070	chr8	44875475	44896424	p53KD_H4K16ac_rep1_peak_12556
chr8	44886203	44887289	Scramble_H4K16ac_rep1_peak_11071	chr8	44875475	44896424	p53KD_H4K16ac_rep1_peak_12556
chr8	44888740	44890974	Scramble_H4K16ac_rep1_peak_11072	chr8	44875475	44896424	p53KD_H4K16ac_rep1_peak_12556
chr8	44892437	44893628	Scramble_H4K16ac_rep1_peak_11073	chr8	44875475	44896424	p53KD_H4K16ac_rep1_peak_12556
chr8	44894669	44895567	Scramble_H4K16ac_rep1_peak_11074	chr8	44875475	44896424	p53KD_H4K16ac_rep1_peak_12556
chr8	44899275	44901428	Scramble_H4K16ac_rep1_peak_11075	chr8	44899369	44901659	p53KD_H4K16ac_rep1_peak_12557
chr8	44916879	44916950	Scramble_H4K16ac_rep1_peak_11077	chr8	44916605	44917900	p53KD_H4K16ac_rep1_peak_12561
chr8	44927387	44928787	Scramble_H4K16ac_rep1_peak_11078	chr8	44927054	44938026	p53KD_H4K16ac_rep1_peak_12563
chr8	44931607	44934790	Scramble_H4K16ac_rep1_peak_11079	chr8	44927054	44938026	p53KD_H4K16ac_rep1_peak_12563
chr8	44936159	44937410	Scramble_H4K16ac_rep1_peak_11080	chr8	44927054	44938026	p53KD_H4K16ac_rep1_peak_12563
chr8	44945010	44949092	Scramble_H4K16ac_rep1_peak_11081	chr8	44941929	44951290	p53KD_H4K16ac_rep1_peak_12565
chr8	44969664	44970902	Scramble_H4K16ac_rep1_peak_11082	chr8	44969567	44974817	p53KD_H4K16ac_rep1_peak_12570
chr8	44973093	44974797	Scramble_H4K16ac_rep1_peak_11083	chr8	44969567	44974817	p53KD_H4K16ac_rep1_peak_12570
chr8	44982492	44983806	Scramble_H4K16ac_rep1_peak_11084	chr8	44982470	44984176	p53KD_H4K16ac_rep1_peak_12573
chr8	44987930	44990093	Scramble_H4K16ac_rep1_peak_11085	chr8	44985221	44990012	p53KD_H4K16ac_rep1_peak_12573
chr8	44994741	44996184	Scramble_H4K16ac_rep1_peak_11086	chr8	44993930	44997838	p53KD_H4K16ac_rep1_peak_12574
chr8	45021433	45021665	Scramble_H4K16ac_rep1_peak_11087	chr8	45019501	45025535	p53KD_H4K16ac_rep1_peak_12579
chr8	45023196	45023214	Scramble_H4K16ac_rep1_peak_11087	chr8	45019501	45025535	p53KD_H4K16ac_rep1_peak_12579
chr8	45037963	45040647	Scramble_H4K16ac_rep1_peak_11088	chr8	45036310	45040920	p53KD_H4K16ac_rep1_peak_12581
chr8	45043830	45045810	Scramble_H4K16ac_rep1_peak_11089	chr8	45042549	45046312	p53KD_H4K16ac_rep1_peak_12582
chr8	45062381	45062485	Scramble_H4K16ac_rep1_peak_11091	chr8	45062178	45065161	p53KD_H4K16ac_rep1_peak_12586
chr8	45069344	45070622	Scramble_H4K16ac_rep1_peak_11092	chr8	45068948	45072240	p53KD_H4K16ac_rep1_peak_12587
chr8	45074647	45075067	Scramble_H4K16ac_rep1_peak_11094	chr8	45073619	45075450	p53KD_H4K16ac_rep1_peak_12587
chr8	45082825	45084816	Scramble_H4K16ac_rep1_peak_11095	chr8	45082459	45085481	p53KD_H4K16ac_rep1_peak_12589
chr8	45109444	45112964	Scramble_H4K16ac_rep1_peak_11096	chr8	45109489	45113117	p53KD_H4K16ac_rep1_peak_12595
chr8	45119623	45119884	Scramble_H4K16ac_rep1_peak_11097	chr8	45119403	45120343	p53KD_H4K16ac_rep1_peak_12596
chr8	45131732	45132018	Scramble_H4K16ac_rep1_peak_11098	chr8	45131485	45132386	p53KD_H4K16ac_rep1_peak_12599
chr8	45142228	45143121	Scramble_H4K16ac_rep1_peak_11099	chr8	45140272	45150192	p53KD_H4K16ac_rep1_peak_12600
chr8	45147364	45149746	Scramble_H4K16ac_rep1_peak_11100	chr8	45140272	45150192	p53KD_H4K16ac_rep1_peak_12600
chr8	45151781	45152084	Scramble_H4K16ac_rep1_peak_11101	chr8	45151197	45154402	p53KD_H4K16ac_rep1_peak_12601
chr8	45167060	45168132	Scramble_H4K16ac_rep1_peak_11102	chr8	45166904	45167901	p53KD_H4K16ac_rep1_peak_12604
chr8	45169688	45171023	Scramble_H4K16ac_rep1_peak_11103	chr8	45168947	45171177	p53KD_H4K16ac_rep1_peak_12605
chr8	45179232	45180724	Scramble_H4K16ac_rep1_peak_11104	chr8	45177860	45186306	p53KD_H4K16ac_rep1_peak_12608
chr8	45184649	45185821	Scramble_H4K16ac_rep1_peak_11105	chr8	45177860	45186306	p53KD_H4K16ac_rep1_peak_12608
chr8	45191175	45191391	Scramble_H4K16ac_rep1_peak_11106	chr8	45191294	45194857	p53KD_H4K16ac_rep1_peak_12609
chr8	45192752	45194580	Scramble_H4K16ac_rep1_peak_11106	chr8	45191294	45194857	p53KD_H4K16ac_rep1_peak_12609
chr8	45207990	45210084	Scramble_H4K16ac_rep1_peak_11107	chr8	45207604	45210304	p53KD_H4K16ac_rep1_peak_12612
chr8	45221100	45222715	Scramble_H4K16ac_rep1_peak_11109	chr8	45218266	45227870	p53KD_H4K16ac_rep1_peak_12614
chr8	45224226	45224841	Scramble_H4K16ac_rep1_peak_11110	chr8	45218266	45227870	p53KD_H4K16ac_rep1_peak_12614
chr8	45226364	45227555	Scramble_H4K16ac_rep1_peak_11111	chr8	45218266	45227870	p53KD_H4K16ac_rep1_peak_12614
chr8	45231848	45233807	Scramble_H4K16ac_rep1_peak_11112	chr8	45231502	45234259	p53KD_H4K16ac_rep1_peak_12615
chr8	45254601	45256074	Scramble_H4K16ac_rep1_peak_11113	chr8	45253818	45256204	p53KD_H4K16ac_rep1_peak_12621
chr8	45258477	45259145	Scramble_H4K16ac_rep1_peak_11114	chr8	45257711	45260361	p53KD_H4K16ac_rep1_peak_12621
chr8	45264567	45265683	Scramble_H4K16ac_rep1_peak_11115	chr8	45264282	45269435	p53KD_H4K16ac_rep1_peak_12623
chr8	45267517	45269359	Scramble_H4K16ac_rep1_peak_11116	chr8	45264282	45269435	p53KD_H4K16ac_rep1_peak_12623
chr8	45322104	45323478	Scramble_H4K16ac_rep1_peak_11117	chr8	45321390	45324009	p53KD_H4K16ac_rep1_peak_12637
chr8	45326823	45328430	Scramble_H4K16ac_rep1_peak_11118	chr8	45326479	45328609	p53KD_H4K16ac_rep1_peak_12637
chr8	45329893	45335189	Scramble_H4K16ac_rep1_peak_11119	chr8	45329944	45336633	p53KD_H4K16ac_rep1_peak_12638
chr8	45343935	45344371	Scramble_H4K16ac_rep1_peak_11120	chr8	45343265	45344683	p53KD_H4K16ac_rep1_peak_12639
chr8	45346319	45348399	Scramble_H4K16ac_rep1_peak_11121	chr8	45346249	45350400	p53KD_H4K16ac_rep1_peak_12639
chr8	45357749	45358756	Scramble_H4K16ac_rep1_peak_11122	chr8	45356505	45361524	p53KD_H4K16ac_rep1_peak_12641
chr8	45364019	45365395	Scramble_H4K16ac_rep1_peak_11123	chr8	45362370	45364101	p53KD_H4K16ac_rep1_peak_12641
chr8	45408390	45412782	Scramble_H4K16ac_rep1_peak_11125	chr8	45406830	45409445	p53KD_H4K16ac_rep1_peak_12649
chr8	45408390	45412782	Scramble_H4K16ac_rep1_peak_11125	chr8	45410267	45413094	p53KD_H4K16ac_rep1_peak_12649
chr8	45451017	45451743	Scramble_H4K16ac_rep1_peak_11126	chr8	45449530	45453864	p53KD_H4K16ac_rep1_peak_12658
chr8	45487876	45488270	Scramble_H4K16ac_rep1_peak_11127	chr8	45487021	45488314	p53KD_H4K16ac_rep1_peak_12666
chr8	45497857	45499245	Scramble_H4K16ac_rep1_peak_11128	chr8	45494451	45499101	p53KD_H4K16ac_rep1_peak_12668
chr8	45560245	45560672	Scramble_H4K16ac_rep1_peak_11129	chr8	45560008	45564442	p53KD_H4K16ac_rep1_peak_12680
chr8	45587646	45587701	Scramble_H4K16ac_rep1_peak_11130	chr8	45585084	45588477	p53KD_H4K16ac_rep1_peak_12686
chr8	45631631	45633039	Scramble_H4K16ac_rep1_peak_11131	chr8	45631033	45634976	p53KD_H4K16ac_rep1_peak_12697
chr8	45654497	45654822	Scramble_H4K16ac_rep1_peak_11133	chr8	45653920	45655558	p53KD_H4K16ac_rep1_peak_12701
chr8	45701848	45702313	Scramble_H4K16ac_rep1_peak_11135	chr8	45700488	45703428	p53KD_H4K16ac_rep1_peak_12711
chr8	85736836	85736981	Scramble_H4K16ac_rep1_peak_11160	chr8	85736515	85737774	p53KD_H4K16ac_rep1_peak_12770
chr8	93845576	93847362	Scramble_H4K16ac_rep1_peak_11164	chr8	93846632	93846901	p53KD_H4K16ac_rep1_peak_12801
chr8	125509468	125510435	Scramble_H4K16ac_rep1_peak_11214	chr8	125509460	125510308	p53KD_H4K16ac_rep1_peak_12826
chr8	125513102	125513696	Scramble_H4K16ac_rep1_peak_11214	chr8	125512585	125513677	p53KD_H4K16ac_rep1_peak_12827
chr8	125514775	125515266	Scramble_H4K16ac_rep1_peak_11214	chr8	125514890	125515315	p53KD_H4K16ac_rep1_peak_12828
chr8	125655456	125657241	Scramble_H4K16ac_rep1_peak_11219	chr8	125655696	125656311	p53KD_H4K16ac_rep1_peak_12829
chr8	125679538	125680769	Scramble_H4K16ac_rep1_peak_11221	chr8	125679889	125680726	p53KD_H4K16ac_rep1_peak_12831
chr8	127794189	127795717	Scramble_H4K16ac_rep1_peak_11229	chr8	127794617	127794920	p53KD_H4K16ac_rep1_peak_12834
chr8	128554913	128556782	Scramble_H4K16ac_rep1_peak_11235	chr8	128555020	128556870	p53KD_H4K16ac_rep1_peak_12838
chr8	130049295	130050107	Scramble_H4K16ac_rep1_peak_11238	chr8	130049313	130050134	p53KD_H4K16ac_rep1_peak_12842
chr9	37686	38948	Scramble_H4K16ac_rep1_peak_11278	chr9	37725	38279	p53KD_H4K16ac_rep1_peak_12870
chr9	320571	321273	Scramble_H4K16ac_rep1_peak_11280	chr9	320636	322091	p53KD_H4K16ac_rep1_peak_12872
chr9	34049066	34049960	Scramble_H4K16ac_rep1_peak_11325	chr9	34049177	34049420	p53KD_H4K16ac_rep1_peak_12893
chr9	35373007	35373933	Scramble_H4K16ac_rep1_peak_11337	chr9	35372600	35373694	p53KD_H4K16ac_rep1_peak_12897
chr9	41188926	41189376	Scramble_H4K16ac_rep1_peak_11381	chr9	41189186	41189444	p53KD_H4K16ac_rep1_peak_12923
chr9	43393879	43394235	Scramble_H4K16ac_rep1_peak_11384	chr9	43394080	43394317	p53KD_H4K16ac_rep1_peak_12937
chr9	43395151	43397099	Scramble_H4K16ac_rep1_peak_11384	chr9	43395236	43397574	p53KD_H4K16ac_rep1_peak_12938
chr9	43401583	43402143	Scramble_H4K16ac_rep1_peak_11385	chr9	43401174	43402776	p53KD_H4K16ac_rep1_peak_12939
chr9	43404725	43405076	Scramble_H4K16ac_rep1_peak_11386	chr9	43404673	43405201	p53KD_H4K16ac_rep1_peak_12940
chr9	43406449	43407296	Scramble_H4K16ac_rep1_peak_11387	chr9	43406348	43410475	p53KD_H4K16ac_rep1_peak_12941
chr9	43412515	43412712	Scramble_H4K16ac_rep1_peak_11388	chr9	43412355	43416769	p53KD_H4K16ac_rep1_peak_12942
chr9	43413953	43416545	Scramble_H4K16ac_rep1_peak_11388	chr9	43412355	43416769	p53KD_H4K16ac_rep1_peak_12942
chr9	43420604	43424478	Scramble_H4K16ac_rep1_peak_11389	chr9	43420530	43424484	p53KD_H4K16ac_rep1_peak_12943
chr9	43427363	43428977	Scramble_H4K16ac_rep1_peak_11390	chr9	43427309	43429168	p53KD_H4K16ac_rep1_peak_12945
chr9	43431728	43433462	Scramble_H4K16ac_rep1_peak_11391	chr9	43430362	43433453	p53KD_H4K16ac_rep1_peak_12946
chr9	43434713	43435621	Scramble_H4K16ac_rep1_peak_11392	chr9	43434823	43435530	p53KD_H4K16ac_rep1_peak_12947
chr9	43441378	43443308	Scramble_H4K16ac_rep1_peak_11393	chr9	43441241	43443309	p53KD_H4K16ac_rep1_peak_12949
chr9	43446241	43447015	Scramble_H4K16ac_rep1_peak_11394	chr9	43445199	43448090	p53KD_H4K16ac_rep1_peak_12950
chr9	43458354	43458852	Scramble_H4K16ac_rep1_peak_11395	chr9	43456936	43458533	p53KD_H4K16ac_rep1_peak_12953
chr9	43459759	43460923	Scramble_H4K16ac_rep1_peak_11395	chr9	43459425	43460948	p53KD_H4K16ac_rep1_peak_12953
chr9	43466365	43467209	Scramble_H4K16ac_rep1_peak_11396	chr9	43465598	43470089	p53KD_H4K16ac_rep1_peak_12955
chr9	43473987	43474291	Scramble_H4K16ac_rep1_peak_11397	chr9	43472048	43482470	p53KD_H4K16ac_rep1_peak_12956
chr9	43475504	43478159	Scramble_H4K16ac_rep1_peak_11398	chr9	43472048	43482470	p53KD_H4K16ac_rep1_peak_12956
chr9	43479606	43479925	Scramble_H4K16ac_rep1_peak_11399	chr9	43472048	43482470	p53KD_H4K16ac_rep1_peak_12956
chr9	43480985	43482444	Scramble_H4K16ac_rep1_peak_11400	chr9	43472048	43482470	p53KD_H4K16ac_rep1_peak_12956
chr9	43490044	43492335	Scramble_H4K16ac_rep1_peak_11401	chr9	43483580	43492676	p53KD_H4K16ac_rep1_peak_12957
chr9	43494756	43494942	Scramble_H4K16ac_rep1_peak_11402	chr9	43493971	43494961	p53KD_H4K16ac_rep1_peak_12958
chr9	43495771	43496297	Scramble_H4K16ac_rep1_peak_11402	chr9	43495896	43497750	p53KD_H4K16ac_rep1_peak_12958
chr9	43500513	43500850	Scramble_H4K16ac_rep1_peak_11403	chr9	43499373	43508006	p53KD_H4K16ac_rep1_peak_12959
chr9	43503532	43503792	Scramble_H4K16ac_rep1_peak_11404	chr9	43499373	43508006	p53KD_H4K16ac_rep1_peak_12959
chr9	43505337	43505734	Scramble_H4K16ac_rep1_peak_11405	chr9	43499373	43508006	p53KD_H4K16ac_rep1_peak_12959
chr9	43509516	43509986	Scramble_H4K16ac_rep1_peak_11406	chr9	43508832	43510566	p53KD_H4K16ac_rep1_peak_12960
chr9	43512154	43513937	Scramble_H4K16ac_rep1_peak_11407	chr9	43511740	43514285	p53KD_H4K16ac_rep1_peak_12961
chr9	43515609	43516870	Scramble_H4K16ac_rep1_peak_11408	chr9	43515518	43525544	p53KD_H4K16ac_rep1_peak_12962
chr9	43518910	43520137	Scramble_H4K16ac_rep1_peak_11409	chr9	43515518	43525544	p53KD_H4K16ac_rep1_peak_12962
chr9	43523526	43525465	Scramble_H4K16ac_rep1_peak_11410	chr9	43515518	43525544	p53KD_H4K16ac_rep1_peak_12962
chr9	43527571	43529021	Scramble_H4K16ac_rep1_peak_11411	chr9	43527440	43534049	p53KD_H4K16ac_rep1_peak_12963
chr9	43531736	43533766	Scramble_H4K16ac_rep1_peak_11412	chr9	43527440	43534049	p53KD_H4K16ac_rep1_peak_12963
chr9	43539704	43541019	Scramble_H4K16ac_rep1_peak_11414	chr9	43538411	43546605	p53KD_H4K16ac_rep1_peak_12964
chr9	43545055	43545686	Scramble_H4K16ac_rep1_peak_11415	chr9	43538411	43546605	p53KD_H4K16ac_rep1_peak_12964
chr9	43551019	43553261	Scramble_H4K16ac_rep1_peak_11416	chr9	43547425	43555412	p53KD_H4K16ac_rep1_peak_12964
chr9	43554894	43555339	Scramble_H4K16ac_rep1_peak_11417	chr9	43547425	43555412	p53KD_H4K16ac_rep1_peak_12964
chr9	43558007	43559879	Scramble_H4K16ac_rep1_peak_11418	chr9	43557967	43568023	p53KD_H4K16ac_rep1_peak_12965
chr9	43562199	43562516	Scramble_H4K16ac_rep1_peak_11419	chr9	43557967	43568023	p53KD_H4K16ac_rep1_peak_12965
chr9	43563660	43565720	Scramble_H4K16ac_rep1_peak_11420	chr9	43557967	43568023	p53KD_H4K16ac_rep1_peak_12965
chr9	43567660	43568065	Scramble_H4K16ac_rep1_peak_11421	chr9	43557967	43568023	p53KD_H4K16ac_rep1_peak_12965
chr9	43570387	43571947	Scramble_H4K16ac_rep1_peak_11422	chr9	43569283	43575402	p53KD_H4K16ac_rep1_peak_12966
chr9	43573064	43575066	Scramble_H4K16ac_rep1_peak_11422	chr9	43569283	43575402	p53KD_H4K16ac_rep1_peak_12966
chr9	43578776	43581042	Scramble_H4K16ac_rep1_peak_11423	chr9	43576882	43579099	p53KD_H4K16ac_rep1_peak_12967
chr9	43578776	43581042	Scramble_H4K16ac_rep1_peak_11423	chr9	43579928	43581782	p53KD_H4K16ac_rep1_peak_12968
chr9	43583412	43583606	Scramble_H4K16ac_rep1_peak_11424	chr9	43583342	43584427	p53KD_H4K16ac_rep1_peak_12968
chr9	43585655	43586599	Scramble_H4K16ac_rep1_peak_11425	chr9	43585507	43588231	p53KD_H4K16ac_rep1_peak_12968
chr9	43592136	43594220	Scramble_H4K16ac_rep1_peak_11426	chr9	43590665	43598675	p53KD_H4K16ac_rep1_peak_12970
chr9	43595435	43595906	Scramble_H4K16ac_rep1_peak_11427	chr9	43590665	43598675	p53KD_H4K16ac_rep1_peak_12970
chr9	43601614	43601735	Scramble_H4K16ac_rep1_peak_11428	chr9	43599687	43603590	p53KD_H4K16ac_rep1_peak_12971
chr9	43602643	43603120	Scramble_H4K16ac_rep1_peak_11428	chr9	43599687	43603590	p53KD_H4K16ac_rep1_peak_12971
chr9	43604315	43605175	Scramble_H4K16ac_rep1_peak_11428	chr9	43604445	43618582	p53KD_H4K16ac_rep1_peak_12971
chr9	43607750	43608358	Scramble_H4K16ac_rep1_peak_11429	chr9	43604445	43618582	p53KD_H4K16ac_rep1_peak_12971
chr9	43610938	43614350	Scramble_H4K16ac_rep1_peak_11430	chr9	43604445	43618582	p53KD_H4K16ac_rep1_peak_12971
chr9	43615190	43618347	Scramble_H4K16ac_rep1_peak_11430	chr9	43604445	43618582	p53KD_H4K16ac_rep1_peak_12971
chr9	43625466	43628047	Scramble_H4K16ac_rep1_peak_11431	chr9	43625275	43630142	p53KD_H4K16ac_rep1_peak_12974
chr9	43632140	43632209	Scramble_H4K16ac_rep1_peak_11432	chr9	43631040	43637334	p53KD_H4K16ac_rep1_peak_12975
chr9	43635774	43641618	Scramble_H4K16ac_rep1_peak_11433	chr9	43631040	43637334	p53KD_H4K16ac_rep1_peak_12975
chr9	43635774	43641618	Scramble_H4K16ac_rep1_peak_11433	chr9	43638348	43639193	p53KD_H4K16ac_rep1_peak_12976
chr9	43635774	43641618	Scramble_H4K16ac_rep1_peak_11433	chr9	43640083	43646682	p53KD_H4K16ac_rep1_peak_12976
chr9	43642709	43643516	Scramble_H4K16ac_rep1_peak_11433	chr9	43640083	43646682	p53KD_H4K16ac_rep1_peak_12976
chr9	43645315	43645475	Scramble_H4K16ac_rep1_peak_11434	chr9	43640083	43646682	p53KD_H4K16ac_rep1_peak_12976
chr9	43649248	43649565	Scramble_H4K16ac_rep1_peak_11435	chr9	43647670	43649879	p53KD_H4K16ac_rep1_peak_12976
chr9	43652432	43653945	Scramble_H4K16ac_rep1_peak_11436	chr9	43651736	43653988	p53KD_H4K16ac_rep1_peak_12977
chr9	43657888	43661687	Scramble_H4K16ac_rep1_peak_11437	chr9	43656050	43661962	p53KD_H4K16ac_rep1_peak_12978
chr9	43664160	43666627	Scramble_H4K16ac_rep1_peak_11438	chr9	43664112	43668820	p53KD_H4K16ac_rep1_peak_12979
chr9	43669737	43670272	Scramble_H4K16ac_rep1_peak_11439	chr9	43669693	43670407	p53KD_H4K16ac_rep1_peak_12980
chr9	43675480	43676057	Scramble_H4K16ac_rep1_peak_11440	chr9	43674674	43676433	p53KD_H4K16ac_rep1_peak_12981
chr9	43677735	43678783	Scramble_H4K16ac_rep1_peak_11441	chr9	43677766	43683049	p53KD_H4K16ac_rep1_peak_12982
chr9	43680066	43681085	Scramble_H4K16ac_rep1_peak_11442	chr9	43677766	43683049	p53KD_H4K16ac_rep1_peak_12982
chr9	43684113	43684496	Scramble_H4K16ac_rep1_peak_11443	chr9	43683987	43689046	p53KD_H4K16ac_rep1_peak_12982
chr9	43686190	43686985	Scramble_H4K16ac_rep1_peak_11444	chr9	43683987	43689046	p53KD_H4K16ac_rep1_peak_12982
chr9	43690998	43691881	Scramble_H4K16ac_rep1_peak_11445	chr9	43690499	43692371	p53KD_H4K16ac_rep1_peak_12983
chr9	43693394	43694210	Scramble_H4K16ac_rep1_peak_11446	chr9	43693196	43697307	p53KD_H4K16ac_rep1_peak_12983
chr9	43695763	43696911	Scramble_H4K16ac_rep1_peak_11447	chr9	43693196	43697307	p53KD_H4K16ac_rep1_peak_12983
chr9	43700320	43703660	Scramble_H4K16ac_rep1_peak_11448	chr9	43700219	43704063	p53KD_H4K16ac_rep1_peak_12984
chr9	43711575	43712827	Scramble_H4K16ac_rep1_peak_11449	chr9	43707575	43715178	p53KD_H4K16ac_rep1_peak_12986
chr9	43719941	43722284	Scramble_H4K16ac_rep1_peak_11450	chr9	43719227	43723544	p53KD_H4K16ac_rep1_peak_12988
chr9	43726368	43727245	Scramble_H4K16ac_rep1_peak_11451	chr9	43725905	43731556	p53KD_H4K16ac_rep1_peak_12989
chr9	43729011	43730873	Scramble_H4K16ac_rep1_peak_11452	chr9	43725905	43731556	p53KD_H4K16ac_rep1_peak_12989
chr9	43734844	43737341	Scramble_H4K16ac_rep1_peak_11453	chr9	43734344	43738094	p53KD_H4K16ac_rep1_peak_12989
chr9	43741866	43743668	Scramble_H4K16ac_rep1_peak_11454	chr9	43742377	43753376	p53KD_H4K16ac_rep1_peak_12991
chr9	43744722	43748665	Scramble_H4K16ac_rep1_peak_11454	chr9	43742377	43753376	p53KD_H4K16ac_rep1_peak_12991
chr9	43750167	43752662	Scramble_H4K16ac_rep1_peak_11454	chr9	43742377	43753376	p53KD_H4K16ac_rep1_peak_12991
chr9	43756049	43757276	Scramble_H4K16ac_rep1_peak_11455	chr9	43754850	43761493	p53KD_H4K16ac_rep1_peak_12991
chr9	43760820	43762212	Scramble_H4K16ac_rep1_peak_11456	chr9	43754850	43761493	p53KD_H4K16ac_rep1_peak_12991
chr9	43767097	43767418	Scramble_H4K16ac_rep1_peak_11457	chr9	43766608	43768093	p53KD_H4K16ac_rep1_peak_12993
chr9	43769891	43771721	Scramble_H4K16ac_rep1_peak_11458	chr9	43769085	43773941	p53KD_H4K16ac_rep1_peak_12994
chr9	43779447	43782673	Scramble_H4K16ac_rep1_peak_11459	chr9	43776636	43784445	p53KD_H4K16ac_rep1_peak_12995
chr9	43784166	43784363	Scramble_H4K16ac_rep1_peak_11459	chr9	43776636	43784445	p53KD_H4K16ac_rep1_peak_12995
chr9	43786668	43787739	Scramble_H4K16ac_rep1_peak_11460	chr9	43786621	43787960	p53KD_H4K16ac_rep1_peak_12995
chr9	43789165	43791340	Scramble_H4K16ac_rep1_peak_11461	chr9	43788917	43792927	p53KD_H4K16ac_rep1_peak_12996
chr9	43795109	43796146	Scramble_H4K16ac_rep1_peak_11462	chr9	43795028	43797593	p53KD_H4K16ac_rep1_peak_12998
chr9	43797486	43797641	Scramble_H4K16ac_rep1_peak_11463	chr9	43795028	43797593	p53KD_H4K16ac_rep1_peak_12998
chr9	43801533	43802718	Scramble_H4K16ac_rep1_peak_11464	chr9	43800779	43802747	p53KD_H4K16ac_rep1_peak_12999
chr9	43805644	43806815	Scramble_H4K16ac_rep1_peak_11465	chr9	43803971	43813572	p53KD_H4K16ac_rep1_peak_13000
chr9	43808044	43808781	Scramble_H4K16ac_rep1_peak_11465	chr9	43803971	43813572	p53KD_H4K16ac_rep1_peak_13000
chr9	43809735	43811794	Scramble_H4K16ac_rep1_peak_11465	chr9	43803971	43813572	p53KD_H4K16ac_rep1_peak_13000
chr9	43815282	43819436	Scramble_H4K16ac_rep1_peak_11466	chr9	43815070	43821452	p53KD_H4K16ac_rep1_peak_13000
chr9	43820839	43821323	Scramble_H4K16ac_rep1_peak_11467	chr9	43815070	43821452	p53KD_H4K16ac_rep1_peak_13000
chr9	43822538	43825358	Scramble_H4K16ac_rep1_peak_11468	chr9	43822382	43833815	p53KD_H4K16ac_rep1_peak_13000
chr9	43826502	43830029	Scramble_H4K16ac_rep1_peak_11469	chr9	43822382	43833815	p53KD_H4K16ac_rep1_peak_13000
chr9	43831933	43833735	Scramble_H4K16ac_rep1_peak_11470	chr9	43822382	43833815	p53KD_H4K16ac_rep1_peak_13000
chr9	43835089	43837746	Scramble_H4K16ac_rep1_peak_11471	chr9	43834996	43839870	p53KD_H4K16ac_rep1_peak_13001
chr9	43843221	43850395	Scramble_H4K16ac_rep1_peak_11472	chr9	43845423	43855253	p53KD_H4K16ac_rep1_peak_13001
chr9	43843221	43850395	Scramble_H4K16ac_rep1_peak_11472	chr9	43840729	43844426	p53KD_H4K16ac_rep1_peak_13001
chr9	43852498	43855164	Scramble_H4K16ac_rep1_peak_11473	chr9	43845423	43855253	p53KD_H4K16ac_rep1_peak_13001
chr9	43858020	43858558	Scramble_H4K16ac_rep1_peak_11474	chr9	43858053	43858788	p53KD_H4K16ac_rep1_peak_13003
chr9	43865680	43866390	Scramble_H4K16ac_rep1_peak_11475	chr9	43863828	43879314	p53KD_H4K16ac_rep1_peak_13005
chr9	43868314	43870819	Scramble_H4K16ac_rep1_peak_11476	chr9	43863828	43879314	p53KD_H4K16ac_rep1_peak_13005
chr9	43874414	43875003	Scramble_H4K16ac_rep1_peak_11477	chr9	43863828	43879314	p53KD_H4K16ac_rep1_peak_13005
chr9	43876418	43877405	Scramble_H4K16ac_rep1_peak_11478	chr9	43863828	43879314	p53KD_H4K16ac_rep1_peak_13005
chr9	43883584	43884391	Scramble_H4K16ac_rep1_peak_11479	chr9	43883334	43884822	p53KD_H4K16ac_rep1_peak_13007
chr9	43885820	43886115	Scramble_H4K16ac_rep1_peak_11480	chr9	43885811	43912045	p53KD_H4K16ac_rep1_peak_13007
chr9	43886971	43891139	Scramble_H4K16ac_rep1_peak_11480	chr9	43885811	43912045	p53KD_H4K16ac_rep1_peak_13007
chr9	43897644	43897931	Scramble_H4K16ac_rep1_peak_11481	chr9	43885811	43912045	p53KD_H4K16ac_rep1_peak_13007
chr9	43899452	43902238	Scramble_H4K16ac_rep1_peak_11482	chr9	43885811	43912045	p53KD_H4K16ac_rep1_peak_13007
chr9	43903750	43904535	Scramble_H4K16ac_rep1_peak_11483	chr9	43885811	43912045	p53KD_H4K16ac_rep1_peak_13007
chr9	43905437	43906598	Scramble_H4K16ac_rep1_peak_11483	chr9	43885811	43912045	p53KD_H4K16ac_rep1_peak_13007
chr9	43907986	43911125	Scramble_H4K16ac_rep1_peak_11484	chr9	43885811	43912045	p53KD_H4K16ac_rep1_peak_13007
chr9	43922937	43923448	Scramble_H4K16ac_rep1_peak_11485	chr9	43922306	43939083	p53KD_H4K16ac_rep1_peak_13010
chr9	43924754	43930308	Scramble_H4K16ac_rep1_peak_11486	chr9	43922306	43939083	p53KD_H4K16ac_rep1_peak_13010
chr9	43932409	43934506	Scramble_H4K16ac_rep1_peak_11487	chr9	43922306	43939083	p53KD_H4K16ac_rep1_peak_13010
chr9	43935961	43936433	Scramble_H4K16ac_rep1_peak_11488	chr9	43922306	43939083	p53KD_H4K16ac_rep1_peak_13010
chr9	43942876	43943525	Scramble_H4K16ac_rep1_peak_11489	chr9	43941887	43944030	p53KD_H4K16ac_rep1_peak_13012
chr9	43945725	43946459	Scramble_H4K16ac_rep1_peak_11490	chr9	43945107	43946611	p53KD_H4K16ac_rep1_peak_13012
chr9	43953707	43955713	Scramble_H4K16ac_rep1_peak_11491	chr9	43950801	43959377	p53KD_H4K16ac_rep1_peak_13013
chr9	43957299	43957537	Scramble_H4K16ac_rep1_peak_11492	chr9	43950801	43959377	p53KD_H4K16ac_rep1_peak_13013
chr9	43959035	43959292	Scramble_H4K16ac_rep1_peak_11493	chr9	43950801	43959377	p53KD_H4K16ac_rep1_peak_13013
chr9	43960511	43960774	Scramble_H4K16ac_rep1_peak_11494	chr9	43960466	43967116	p53KD_H4K16ac_rep1_peak_13013
chr9	43962305	43962411	Scramble_H4K16ac_rep1_peak_11495	chr9	43960466	43967116	p53KD_H4K16ac_rep1_peak_13013
chr9	43966767	43967137	Scramble_H4K16ac_rep1_peak_11496	chr9	43960466	43967116	p53KD_H4K16ac_rep1_peak_13013
chr9	43968247	43971636	Scramble_H4K16ac_rep1_peak_11497	chr9	43968120	43972156	p53KD_H4K16ac_rep1_peak_13013
chr9	43973909	43978106	Scramble_H4K16ac_rep1_peak_11498	chr9	43974113	43992694	p53KD_H4K16ac_rep1_peak_13014
chr9	43981509	43981794	Scramble_H4K16ac_rep1_peak_11499	chr9	43974113	43992694	p53KD_H4K16ac_rep1_peak_13014
chr9	43983358	43986083	Scramble_H4K16ac_rep1_peak_11500	chr9	43974113	43992694	p53KD_H4K16ac_rep1_peak_13014
chr9	43988966	43990701	Scramble_H4K16ac_rep1_peak_11501	chr9	43974113	43992694	p53KD_H4K16ac_rep1_peak_13014
chr9	43994550	43995592	Scramble_H4K16ac_rep1_peak_11502	chr9	43993560	43998521	p53KD_H4K16ac_rep1_peak_13015
chr9	44000921	44006953	Scramble_H4K16ac_rep1_peak_11503	chr9	44000833	44013650	p53KD_H4K16ac_rep1_peak_13016
chr9	44008918	44009711	Scramble_H4K16ac_rep1_peak_11504	chr9	44000833	44013650	p53KD_H4K16ac_rep1_peak_13016
chr9	44015312	44018434	Scramble_H4K16ac_rep1_peak_11505	chr9	44015121	44018789	p53KD_H4K16ac_rep1_peak_13017
chr9	44020837	44022690	Scramble_H4K16ac_rep1_peak_11506	chr9	44019861	44022598	p53KD_H4K16ac_rep1_peak_13018
chr9	44023996	44026013	Scramble_H4K16ac_rep1_peak_11507	chr9	44023477	44026089	p53KD_H4K16ac_rep1_peak_13019
chr9	44027957	44031907	Scramble_H4K16ac_rep1_peak_11508	chr9	44027803	44042073	p53KD_H4K16ac_rep1_peak_13020
chr9	44033619	44034573	Scramble_H4K16ac_rep1_peak_11509	chr9	44027803	44042073	p53KD_H4K16ac_rep1_peak_13020
chr9	44037445	44040957	Scramble_H4K16ac_rep1_peak_11510	chr9	44027803	44042073	p53KD_H4K16ac_rep1_peak_13020
chr9	44044281	44046611	Scramble_H4K16ac_rep1_peak_11511	chr9	44043698	44049190	p53KD_H4K16ac_rep1_peak_13020
chr9	44047903	44049185	Scramble_H4K16ac_rep1_peak_11512	chr9	44043698	44049190	p53KD_H4K16ac_rep1_peak_13020
chr9	44053342	44054976	Scramble_H4K16ac_rep1_peak_11513	chr9	44050251	44055445	p53KD_H4K16ac_rep1_peak_13021
chr9	44056652	44058111	Scramble_H4K16ac_rep1_peak_11514	chr9	44056665	44059714	p53KD_H4K16ac_rep1_peak_13022
chr9	44062971	44066340	Scramble_H4K16ac_rep1_peak_11516	chr9	44061213	44067848	p53KD_H4K16ac_rep1_peak_13023
chr9	44069681	44072969	Scramble_H4K16ac_rep1_peak_11517	chr9	44069432	44078295	p53KD_H4K16ac_rep1_peak_13024
chr9	44074216	44075903	Scramble_H4K16ac_rep1_peak_11518	chr9	44069432	44078295	p53KD_H4K16ac_rep1_peak_13024
chr9	44081908	44082347	Scramble_H4K16ac_rep1_peak_11519	chr9	44080754	44087515	p53KD_H4K16ac_rep1_peak_13025
chr9	44084872	44086436	Scramble_H4K16ac_rep1_peak_11520	chr9	44080754	44087515	p53KD_H4K16ac_rep1_peak_13025
chr9	44090244	44090599	Scramble_H4K16ac_rep1_peak_11521	chr9	44090500	44093184	p53KD_H4K16ac_rep1_peak_13026
chr9	44094888	44096299	Scramble_H4K16ac_rep1_peak_11523	chr9	44094046	44096570	p53KD_H4K16ac_rep1_peak_13026
chr9	44097682	44099066	Scramble_H4K16ac_rep1_peak_11524	chr9	44097497	44099325	p53KD_H4K16ac_rep1_peak_13026
chr9	44103014	44106935	Scramble_H4K16ac_rep1_peak_11525	chr9	44102077	44112210	p53KD_H4K16ac_rep1_peak_13027
chr9	44109814	44111479	Scramble_H4K16ac_rep1_peak_11526	chr9	44102077	44112210	p53KD_H4K16ac_rep1_peak_13027
chr9	44113237	44113551	Scramble_H4K16ac_rep1_peak_11527	chr9	44113167	44115315	p53KD_H4K16ac_rep1_peak_13027
chr9	44117567	44119245	Scramble_H4K16ac_rep1_peak_11528	chr9	44116587	44117788	p53KD_H4K16ac_rep1_peak_13028
chr9	44117567	44119245	Scramble_H4K16ac_rep1_peak_11528	chr9	44118754	44124310	p53KD_H4K16ac_rep1_peak_13028
chr9	44121260	44122317	Scramble_H4K16ac_rep1_peak_11529	chr9	44118754	44124310	p53KD_H4K16ac_rep1_peak_13028
chr9	44126542	44127087	Scramble_H4K16ac_rep1_peak_11530	chr9	44125147	44126736	p53KD_H4K16ac_rep1_peak_13028
chr9	44132695	44133844	Scramble_H4K16ac_rep1_peak_11531	chr9	44130748	44133719	p53KD_H4K16ac_rep1_peak_13029
chr9	44134904	44135775	Scramble_H4K16ac_rep1_peak_11532	chr9	44134573	44137944	p53KD_H4K16ac_rep1_peak_13029
chr9	44136826	44137472	Scramble_H4K16ac_rep1_peak_11533	chr9	44134573	44137944	p53KD_H4K16ac_rep1_peak_13029
chr9	44142732	44142970	Scramble_H4K16ac_rep1_peak_11534	chr9	44142591	44147728	p53KD_H4K16ac_rep1_peak_13030
chr9	44145164	44147241	Scramble_H4K16ac_rep1_peak_11535	chr9	44142591	44147728	p53KD_H4K16ac_rep1_peak_13030
chr9	44149188	44150849	Scramble_H4K16ac_rep1_peak_11536	chr9	44148618	44151499	p53KD_H4K16ac_rep1_peak_13031
chr9	44152690	44153249	Scramble_H4K16ac_rep1_peak_11537	chr9	44152656	44153376	p53KD_H4K16ac_rep1_peak_13031
chr9	44158580	44159517	Scramble_H4K16ac_rep1_peak_11538	chr9	44158427	44158988	p53KD_H4K16ac_rep1_peak_13033
chr9	44163393	44166332	Scramble_H4K16ac_rep1_peak_11539	chr9	44162860	44166435	p53KD_H4K16ac_rep1_peak_13034
chr9	44172905	44174354	Scramble_H4K16ac_rep1_peak_11540	chr9	44172943	44174273	p53KD_H4K16ac_rep1_peak_13036
chr9	44177692	44178736	Scramble_H4K16ac_rep1_peak_11541	chr9	44176082	44182006	p53KD_H4K16ac_rep1_peak_13036
chr9	44184133	44185569	Scramble_H4K16ac_rep1_peak_11542	chr9	44183625	44186071	p53KD_H4K16ac_rep1_peak_13037
chr9	44192003	44192303	Scramble_H4K16ac_rep1_peak_11543	chr9	44188023	44200914	p53KD_H4K16ac_rep1_peak_13038
chr9	44193517	44195557	Scramble_H4K16ac_rep1_peak_11544	chr9	44188023	44200914	p53KD_H4K16ac_rep1_peak_13038
chr9	44197076	44200434	Scramble_H4K16ac_rep1_peak_11545	chr9	44188023	44200914	p53KD_H4K16ac_rep1_peak_13038
chr9	44204796	44207312	Scramble_H4K16ac_rep1_peak_11546	chr9	44203806	44219068	p53KD_H4K16ac_rep1_peak_13039
chr9	44210582	44216105	Scramble_H4K16ac_rep1_peak_11547	chr9	44203806	44219068	p53KD_H4K16ac_rep1_peak_13039
chr9	44222232	44222327	Scramble_H4K16ac_rep1_peak_11548	chr9	44220266	44222682	p53KD_H4K16ac_rep1_peak_13039
chr9	44226305	44227538	Scramble_H4K16ac_rep1_peak_11549	chr9	44225356	44226691	p53KD_H4K16ac_rep1_peak_13040
chr9	44228344	44228493	Scramble_H4K16ac_rep1_peak_11549	chr9	44228397	44230545	p53KD_H4K16ac_rep1_peak_13041
chr9	44233696	44237612	Scramble_H4K16ac_rep1_peak_11550	chr9	44233215	44239275	p53KD_H4K16ac_rep1_peak_13042
chr9	44238525	44239264	Scramble_H4K16ac_rep1_peak_11550	chr9	44233215	44239275	p53KD_H4K16ac_rep1_peak_13042
chr9	44241380	44242630	Scramble_H4K16ac_rep1_peak_11551	chr9	44241491	44245377	p53KD_H4K16ac_rep1_peak_13043
chr9	44246928	44248018	Scramble_H4K16ac_rep1_peak_11553	chr9	44246419	44250485	p53KD_H4K16ac_rep1_peak_13044
chr9	44252649	44253778	Scramble_H4K16ac_rep1_peak_11554	chr9	44251471	44258269	p53KD_H4K16ac_rep1_peak_13045
chr9	44255660	44258209	Scramble_H4K16ac_rep1_peak_11555	chr9	44251471	44258269	p53KD_H4K16ac_rep1_peak_13045
chr9	44260897	44261105	Scramble_H4K16ac_rep1_peak_11556	chr9	44259614	44265959	p53KD_H4K16ac_rep1_peak_13046
chr9	44262541	44263198	Scramble_H4K16ac_rep1_peak_11556	chr9	44259614	44265959	p53KD_H4K16ac_rep1_peak_13046
chr9	44264278	44264484	Scramble_H4K16ac_rep1_peak_11557	chr9	44259614	44265959	p53KD_H4K16ac_rep1_peak_13046
chr9	44265559	44266216	Scramble_H4K16ac_rep1_peak_11557	chr9	44259614	44265959	p53KD_H4K16ac_rep1_peak_13046
chr9	44269411	44271832	Scramble_H4K16ac_rep1_peak_11558	chr9	44268390	44273487	p53KD_H4K16ac_rep1_peak_13047
chr9	44275435	44276458	Scramble_H4K16ac_rep1_peak_11559	chr9	44275285	44279546	p53KD_H4K16ac_rep1_peak_13048
chr9	44279195	44279373	Scramble_H4K16ac_rep1_peak_11560	chr9	44275285	44279546	p53KD_H4K16ac_rep1_peak_13048
chr9	44281003	44284668	Scramble_H4K16ac_rep1_peak_11561	chr9	44281137	44289233	p53KD_H4K16ac_rep1_peak_13049
chr9	44286099	44287715	Scramble_H4K16ac_rep1_peak_11562	chr9	44281137	44289233	p53KD_H4K16ac_rep1_peak_13049
chr9	44291149	44291646	Scramble_H4K16ac_rep1_peak_11563	chr9	44290454	44296803	p53KD_H4K16ac_rep1_peak_13050
chr9	44294116	44296782	Scramble_H4K16ac_rep1_peak_11564	chr9	44290454	44296803	p53KD_H4K16ac_rep1_peak_13050
chr9	44300205	44300896	Scramble_H4K16ac_rep1_peak_11566	chr9	44300211	44302217	p53KD_H4K16ac_rep1_peak_13051
chr9	44303903	44304422	Scramble_H4K16ac_rep1_peak_11567	chr9	44303407	44305147	p53KD_H4K16ac_rep1_peak_13052
chr9	44307401	44312210	Scramble_H4K16ac_rep1_peak_11568	chr9	44306102	44312208	p53KD_H4K16ac_rep1_peak_13053
chr9	44318273	44319777	Scramble_H4K16ac_rep1_peak_11569	chr9	44318239	44321766	p53KD_H4K16ac_rep1_peak_13054
chr9	44323093	44324030	Scramble_H4K16ac_rep1_peak_11570	chr9	44322658	44331992	p53KD_H4K16ac_rep1_peak_13055
chr9	44325326	44331732	Scramble_H4K16ac_rep1_peak_11571	chr9	44322658	44331992	p53KD_H4K16ac_rep1_peak_13055
chr9	44333557	44336669	Scramble_H4K16ac_rep1_peak_11572	chr9	44333575	44338151	p53KD_H4K16ac_rep1_peak_13055
chr9	44342482	44345374	Scramble_H4K16ac_rep1_peak_11573	chr9	44342327	44368669	p53KD_H4K16ac_rep1_peak_13058
chr9	44346830	44347664	Scramble_H4K16ac_rep1_peak_11574	chr9	44342327	44368669	p53KD_H4K16ac_rep1_peak_13058
chr9	44350765	44352015	Scramble_H4K16ac_rep1_peak_11575	chr9	44342327	44368669	p53KD_H4K16ac_rep1_peak_13058
chr9	44353958	44356944	Scramble_H4K16ac_rep1_peak_11576	chr9	44342327	44368669	p53KD_H4K16ac_rep1_peak_13058
chr9	44359203	44361992	Scramble_H4K16ac_rep1_peak_11577	chr9	44342327	44368669	p53KD_H4K16ac_rep1_peak_13058
chr9	44363540	44368586	Scramble_H4K16ac_rep1_peak_11578	chr9	44342327	44368669	p53KD_H4K16ac_rep1_peak_13058
chr9	44373603	44374676	Scramble_H4K16ac_rep1_peak_11579	chr9	44371866	44384537	p53KD_H4K16ac_rep1_peak_13059
chr9	44376313	44381685	Scramble_H4K16ac_rep1_peak_11579	chr9	44371866	44384537	p53KD_H4K16ac_rep1_peak_13059
chr9	44388716	44389030	Scramble_H4K16ac_rep1_peak_11582	chr9	44388687	44389274	p53KD_H4K16ac_rep1_peak_13061
chr9	44392704	44394166	Scramble_H4K16ac_rep1_peak_11583	chr9	44392623	44396251	p53KD_H4K16ac_rep1_peak_13063
chr9	44397604	44404137	Scramble_H4K16ac_rep1_peak_11584	chr9	44397460	44404586	p53KD_H4K16ac_rep1_peak_13064
chr9	44406933	44407193	Scramble_H4K16ac_rep1_peak_11585	chr9	44405683	44415350	p53KD_H4K16ac_rep1_peak_13065
chr9	44408674	44409779	Scramble_H4K16ac_rep1_peak_11586	chr9	44405683	44415350	p53KD_H4K16ac_rep1_peak_13065
chr9	44411503	44411894	Scramble_H4K16ac_rep1_peak_11587	chr9	44405683	44415350	p53KD_H4K16ac_rep1_peak_13065
chr9	44421074	44421736	Scramble_H4K16ac_rep1_peak_11588	chr9	44420907	44421759	p53KD_H4K16ac_rep1_peak_13068
chr9	44428540	44431031	Scramble_H4K16ac_rep1_peak_11589	chr9	44429058	44431216	p53KD_H4K16ac_rep1_peak_13069
chr9	44435436	44435718	Scramble_H4K16ac_rep1_peak_11590	chr9	44434906	44435975	p53KD_H4K16ac_rep1_peak_13071
chr9	44441807	44443243	Scramble_H4K16ac_rep1_peak_11591	chr9	44442752	44444113	p53KD_H4K16ac_rep1_peak_13073
chr9	44448667	44451076	Scramble_H4K16ac_rep1_peak_11592	chr9	44445642	44466973	p53KD_H4K16ac_rep1_peak_13074
chr9	44453670	44455228	Scramble_H4K16ac_rep1_peak_11593	chr9	44445642	44466973	p53KD_H4K16ac_rep1_peak_13074
chr9	44458253	44465148	Scramble_H4K16ac_rep1_peak_11594	chr9	44445642	44466973	p53KD_H4K16ac_rep1_peak_13074
chr9	44469369	44474053	Scramble_H4K16ac_rep1_peak_11595	chr9	44468031	44469601	p53KD_H4K16ac_rep1_peak_13075
chr9	44469369	44474053	Scramble_H4K16ac_rep1_peak_11595	chr9	44470459	44474835	p53KD_H4K16ac_rep1_peak_13075
chr9	44478753	44481450	Scramble_H4K16ac_rep1_peak_11596	chr9	44476884	44481527	p53KD_H4K16ac_rep1_peak_13076
chr9	44482503	44482796	Scramble_H4K16ac_rep1_peak_11597	chr9	44482445	44483516	p53KD_H4K16ac_rep1_peak_13076
chr9	44486667	44490774	Scramble_H4K16ac_rep1_peak_11598	chr9	44486743	44493343	p53KD_H4K16ac_rep1_peak_13078
chr9	44491814	44492665	Scramble_H4K16ac_rep1_peak_11599	chr9	44486743	44493343	p53KD_H4K16ac_rep1_peak_13078
chr9	44494527	44494787	Scramble_H4K16ac_rep1_peak_11600	chr9	44494487	44496526	p53KD_H4K16ac_rep1_peak_13078
chr9	44495891	44496442	Scramble_H4K16ac_rep1_peak_11601	chr9	44494487	44496526	p53KD_H4K16ac_rep1_peak_13078
chr9	44505927	44511073	Scramble_H4K16ac_rep1_peak_11602	chr9	44503597	44506380	p53KD_H4K16ac_rep1_peak_13080
chr9	44505927	44511073	Scramble_H4K16ac_rep1_peak_11602	chr9	44507382	44524948	p53KD_H4K16ac_rep1_peak_13081
chr9	44513493	44514717	Scramble_H4K16ac_rep1_peak_11603	chr9	44507382	44524948	p53KD_H4K16ac_rep1_peak_13081
chr9	44517479	44524816	Scramble_H4K16ac_rep1_peak_11604	chr9	44507382	44524948	p53KD_H4K16ac_rep1_peak_13081
chr9	44526296	44530803	Scramble_H4K16ac_rep1_peak_11605	chr9	44526680	44531078	p53KD_H4K16ac_rep1_peak_13082
chr9	44534375	44534965	Scramble_H4K16ac_rep1_peak_11606	chr9	44532972	44548317	p53KD_H4K16ac_rep1_peak_13083
chr9	44536491	44537825	Scramble_H4K16ac_rep1_peak_11607	chr9	44532972	44548317	p53KD_H4K16ac_rep1_peak_13083
chr9	44540971	44541381	Scramble_H4K16ac_rep1_peak_11608	chr9	44532972	44548317	p53KD_H4K16ac_rep1_peak_13083
chr9	44542731	44543310	Scramble_H4K16ac_rep1_peak_11609	chr9	44532972	44548317	p53KD_H4K16ac_rep1_peak_13083
chr9	44544721	44545452	Scramble_H4K16ac_rep1_peak_11610	chr9	44532972	44548317	p53KD_H4K16ac_rep1_peak_13083
chr9	44547992	44548263	Scramble_H4K16ac_rep1_peak_11611	chr9	44532972	44548317	p53KD_H4K16ac_rep1_peak_13083
chr9	44549824	44550768	Scramble_H4K16ac_rep1_peak_11612	chr9	44549326	44558321	p53KD_H4K16ac_rep1_peak_13083
chr9	44552083	44557033	Scramble_H4K16ac_rep1_peak_11613	chr9	44549326	44558321	p53KD_H4K16ac_rep1_peak_13083
chr9	44560789	44561139	Scramble_H4K16ac_rep1_peak_11614	chr9	44560481	44570146	p53KD_H4K16ac_rep1_peak_13084
chr9	44564679	44566675	Scramble_H4K16ac_rep1_peak_11615	chr9	44560481	44570146	p53KD_H4K16ac_rep1_peak_13084
chr9	44567879	44569657	Scramble_H4K16ac_rep1_peak_11616	chr9	44560481	44570146	p53KD_H4K16ac_rep1_peak_13084
chr9	44572784	44573640	Scramble_H4K16ac_rep1_peak_11617	chr9	44571154	44574785	p53KD_H4K16ac_rep1_peak_13084
chr9	44575956	44576553	Scramble_H4K16ac_rep1_peak_11618	chr9	44575934	44588303	p53KD_H4K16ac_rep1_peak_13085
chr9	44577691	44578522	Scramble_H4K16ac_rep1_peak_11619	chr9	44575934	44588303	p53KD_H4K16ac_rep1_peak_13085
chr9	44579818	44582278	Scramble_H4K16ac_rep1_peak_11620	chr9	44575934	44588303	p53KD_H4K16ac_rep1_peak_13085
chr9	44584533	44588429	Scramble_H4K16ac_rep1_peak_11621	chr9	44575934	44588303	p53KD_H4K16ac_rep1_peak_13085
chr9	44590569	44592005	Scramble_H4K16ac_rep1_peak_11622	chr9	44589492	44592181	p53KD_H4K16ac_rep1_peak_13086
chr9	44593842	44596161	Scramble_H4K16ac_rep1_peak_11623	chr9	44593723	44599609	p53KD_H4K16ac_rep1_peak_13087
chr9	44598816	44600943	Scramble_H4K16ac_rep1_peak_11624	chr9	44600687	44601546	p53KD_H4K16ac_rep1_peak_13087
chr9	44598816	44600943	Scramble_H4K16ac_rep1_peak_11624	chr9	44593723	44599609	p53KD_H4K16ac_rep1_peak_13087
chr9	44602796	44607987	Scramble_H4K16ac_rep1_peak_11625	chr9	44602385	44608027	p53KD_H4K16ac_rep1_peak_13087
chr9	44617576	44618944	Scramble_H4K16ac_rep1_peak_11626	chr9	44617532	44619017	p53KD_H4K16ac_rep1_peak_13089
chr9	44632450	44634439	Scramble_H4K16ac_rep1_peak_11627	chr9	44632206	44635364	p53KD_H4K16ac_rep1_peak_13095
chr9	44637461	44639871	Scramble_H4K16ac_rep1_peak_11628	chr9	44637337	44645216	p53KD_H4K16ac_rep1_peak_13096
chr9	44641908	44643044	Scramble_H4K16ac_rep1_peak_11629	chr9	44637337	44645216	p53KD_H4K16ac_rep1_peak_13096
chr9	44649721	44651483	Scramble_H4K16ac_rep1_peak_11631	chr9	44646424	44652887	p53KD_H4K16ac_rep1_peak_13097
chr9	44654052	44659432	Scramble_H4K16ac_rep1_peak_11633	chr9	44653725	44664746	p53KD_H4K16ac_rep1_peak_13098
chr9	44660543	44662751	Scramble_H4K16ac_rep1_peak_11634	chr9	44653725	44664746	p53KD_H4K16ac_rep1_peak_13098
chr9	44673827	44674703	Scramble_H4K16ac_rep1_peak_11635	chr9	44668051	44674876	p53KD_H4K16ac_rep1_peak_13100
chr9	44675948	44679422	Scramble_H4K16ac_rep1_peak_11636	chr9	44675929	44692039	p53KD_H4K16ac_rep1_peak_13100
chr9	44681274	44683026	Scramble_H4K16ac_rep1_peak_11637	chr9	44675929	44692039	p53KD_H4K16ac_rep1_peak_13100
chr9	44684658	44686038	Scramble_H4K16ac_rep1_peak_11638	chr9	44675929	44692039	p53KD_H4K16ac_rep1_peak_13100
chr9	44693969	44694745	Scramble_H4K16ac_rep1_peak_11639	chr9	44693379	44695001	p53KD_H4K16ac_rep1_peak_13101
chr9	44698384	44702507	Scramble_H4K16ac_rep1_peak_11640	chr9	44696523	44704819	p53KD_H4K16ac_rep1_peak_13102
chr9	44704615	44704859	Scramble_H4K16ac_rep1_peak_11641	chr9	44696523	44704819	p53KD_H4K16ac_rep1_peak_13102
chr9	44706328	44707887	Scramble_H4K16ac_rep1_peak_11642	chr9	44706085	44708692	p53KD_H4K16ac_rep1_peak_13103
chr9	44712713	44713355	Scramble_H4K16ac_rep1_peak_11643	chr9	44712604	44719874	p53KD_H4K16ac_rep1_peak_13104
chr9	44715179	44716801	Scramble_H4K16ac_rep1_peak_11644	chr9	44712604	44719874	p53KD_H4K16ac_rep1_peak_13104
chr9	44726038	44728780	Scramble_H4K16ac_rep1_peak_11645	chr9	44723478	44728948	p53KD_H4K16ac_rep1_peak_13106
chr9	44734126	44734882	Scramble_H4K16ac_rep1_peak_11646	chr9	44732945	44736172	p53KD_H4K16ac_rep1_peak_13107
chr9	44737895	44738576	Scramble_H4K16ac_rep1_peak_11647	chr9	44738109	44739112	p53KD_H4K16ac_rep1_peak_13108
chr9	44741041	44744920	Scramble_H4K16ac_rep1_peak_11648	chr9	44740077	44745020	p53KD_H4K16ac_rep1_peak_13109
chr9	44747990	44750952	Scramble_H4K16ac_rep1_peak_11649	chr9	44747962	44751218	p53KD_H4K16ac_rep1_peak_13110
chr9	44760286	44760489	Scramble_H4K16ac_rep1_peak_11650	chr9	44756477	44761334	p53KD_H4K16ac_rep1_peak_13112
chr9	44762950	44765430	Scramble_H4K16ac_rep1_peak_11651	chr9	44763950	44766402	p53KD_H4K16ac_rep1_peak_13113
chr9	44769098	44769383	Scramble_H4K16ac_rep1_peak_11652	chr9	44767809	44770934	p53KD_H4K16ac_rep1_peak_13114
chr9	44775574	44778085	Scramble_H4K16ac_rep1_peak_11653	chr9	44772084	44779096	p53KD_H4K16ac_rep1_peak_13115
chr9	44782459	44784675	Scramble_H4K16ac_rep1_peak_11654	chr9	44781347	44784624	p53KD_H4K16ac_rep1_peak_13116
chr9	44787837	44789365	Scramble_H4K16ac_rep1_peak_11655	chr9	44785470	44789509	p53KD_H4K16ac_rep1_peak_13116
chr9	44792392	44793390	Scramble_H4K16ac_rep1_peak_11656	chr9	44791332	44793521	p53KD_H4K16ac_rep1_peak_13117
chr9	44802490	44803910	Scramble_H4K16ac_rep1_peak_11657	chr9	44802318	44805005	p53KD_H4K16ac_rep1_peak_13120
chr9	44810461	44815761	Scramble_H4K16ac_rep1_peak_11658	chr9	44809779	44831275	p53KD_H4K16ac_rep1_peak_13122
chr9	44817854	44823307	Scramble_H4K16ac_rep1_peak_11659	chr9	44809779	44831275	p53KD_H4K16ac_rep1_peak_13122
chr9	44825734	44827754	Scramble_H4K16ac_rep1_peak_11660	chr9	44809779	44831275	p53KD_H4K16ac_rep1_peak_13122
chr9	44829052	44831647	Scramble_H4K16ac_rep1_peak_11660	chr9	44809779	44831275	p53KD_H4K16ac_rep1_peak_13122
chr9	44837277	44837911	Scramble_H4K16ac_rep1_peak_11661	chr9	44835723	44842169	p53KD_H4K16ac_rep1_peak_13124
chr9	44848429	44848843	Scramble_H4K16ac_rep1_peak_11662	chr9	44846025	44849889	p53KD_H4K16ac_rep1_peak_13125
chr9	44851962	44854397	Scramble_H4K16ac_rep1_peak_11663	chr9	44851430	44858861	p53KD_H4K16ac_rep1_peak_13126
chr9	44856905	44858875	Scramble_H4K16ac_rep1_peak_11664	chr9	44851430	44858861	p53KD_H4K16ac_rep1_peak_13126
chr9	44861894	44862960	Scramble_H4K16ac_rep1_peak_11665	chr9	44860853	44867461	p53KD_H4K16ac_rep1_peak_13127
chr9	44866468	44868184	Scramble_H4K16ac_rep1_peak_11666	chr9	44860853	44867461	p53KD_H4K16ac_rep1_peak_13127
chr9	44872895	44875360	Scramble_H4K16ac_rep1_peak_11667	chr9	44872648	44875473	p53KD_H4K16ac_rep1_peak_13129
chr9	44878133	44881499	Scramble_H4K16ac_rep1_peak_11668	chr9	44877083	44885088	p53KD_H4K16ac_rep1_peak_13130
chr9	44882892	44884122	Scramble_H4K16ac_rep1_peak_11669	chr9	44877083	44885088	p53KD_H4K16ac_rep1_peak_13130
chr9	44889112	44892600	Scramble_H4K16ac_rep1_peak_11670	chr9	44886298	44892636	p53KD_H4K16ac_rep1_peak_13131
chr9	44894275	44894538	Scramble_H4K16ac_rep1_peak_11671	chr9	44893488	44896840	p53KD_H4K16ac_rep1_peak_13132
chr9	44895569	44896450	Scramble_H4K16ac_rep1_peak_11672	chr9	44893488	44896840	p53KD_H4K16ac_rep1_peak_13132
chr9	44898156	44902883	Scramble_H4K16ac_rep1_peak_11673	chr9	44897977	44909943	p53KD_H4K16ac_rep1_peak_13133
chr9	44903907	44906248	Scramble_H4K16ac_rep1_peak_11674	chr9	44897977	44909943	p53KD_H4K16ac_rep1_peak_13133
chr9	44907336	44910410	Scramble_H4K16ac_rep1_peak_11675	chr9	44897977	44909943	p53KD_H4K16ac_rep1_peak_13133
chr9	44913803	44915849	Scramble_H4K16ac_rep1_peak_11676	chr9	44915525	44918509	p53KD_H4K16ac_rep1_peak_13135
chr9	44921834	44922537	Scramble_H4K16ac_rep1_peak_11677	chr9	44919369	44923661	p53KD_H4K16ac_rep1_peak_13136
chr9	44928130	44931061	Scramble_H4K16ac_rep1_peak_11678	chr9	44924744	44930983	p53KD_H4K16ac_rep1_peak_13137
chr9	44931854	44931966	Scramble_H4K16ac_rep1_peak_11678	chr9	44931904	44934932	p53KD_H4K16ac_rep1_peak_13137
chr9	44933385	44937154	Scramble_H4K16ac_rep1_peak_11679	chr9	44931904	44934932	p53KD_H4K16ac_rep1_peak_13137
chr9	44933385	44937154	Scramble_H4K16ac_rep1_peak_11679	chr9	44935999	44938168	p53KD_H4K16ac_rep1_peak_13137
chr9	44943498	44944735	Scramble_H4K16ac_rep1_peak_11680	chr9	44943177	44944643	p53KD_H4K16ac_rep1_peak_13138
chr9	44946934	44948102	Scramble_H4K16ac_rep1_peak_11681	chr9	44946935	44947026	p53KD_H4K16ac_rep1_peak_13139
chr9	44946934	44948102	Scramble_H4K16ac_rep1_peak_11681	chr9	44947913	44953817	p53KD_H4K16ac_rep1_peak_13139
chr9	44950518	44952235	Scramble_H4K16ac_rep1_peak_11682	chr9	44947913	44953817	p53KD_H4K16ac_rep1_peak_13139
chr9	44954787	44956318	Scramble_H4K16ac_rep1_peak_11683	chr9	44954802	44960278	p53KD_H4K16ac_rep1_peak_13140
chr9	44957896	44959465	Scramble_H4K16ac_rep1_peak_11684	chr9	44954802	44960278	p53KD_H4K16ac_rep1_peak_13140
chr9	44960856	44962335	Scramble_H4K16ac_rep1_peak_11685	chr9	44961259	44975217	p53KD_H4K16ac_rep1_peak_13141
chr9	44964486	44966122	Scramble_H4K16ac_rep1_peak_11686	chr9	44961259	44975217	p53KD_H4K16ac_rep1_peak_13141
chr9	44969167	44973940	Scramble_H4K16ac_rep1_peak_11687	chr9	44961259	44975217	p53KD_H4K16ac_rep1_peak_13141
chr9	44982301	44983375	Scramble_H4K16ac_rep1_peak_11688	chr9	44980866	44984543	p53KD_H4K16ac_rep1_peak_13143
chr9	44989979	44991199	Scramble_H4K16ac_rep1_peak_11689	chr9	44985607	44996712	p53KD_H4K16ac_rep1_peak_13144
chr9	44992525	44996670	Scramble_H4K16ac_rep1_peak_11690	chr9	44985607	44996712	p53KD_H4K16ac_rep1_peak_13144
chr9	45000035	45000584	Scramble_H4K16ac_rep1_peak_11691	chr9	44998286	45004719	p53KD_H4K16ac_rep1_peak_13145
chr9	45005976	45007018	Scramble_H4K16ac_rep1_peak_11692	chr9	45005924	45008667	p53KD_H4K16ac_rep1_peak_13145
chr9	45008037	45008550	Scramble_H4K16ac_rep1_peak_11693	chr9	45005924	45008667	p53KD_H4K16ac_rep1_peak_13145
chr9	45011809	45013957	Scramble_H4K16ac_rep1_peak_11694	chr9	45011712	45014409	p53KD_H4K16ac_rep1_peak_13146
chr9	45016654	45019198	Scramble_H4K16ac_rep1_peak_11695	chr9	45016407	45018844	p53KD_H4K16ac_rep1_peak_13146
chr9	45026137	45029909	Scramble_H4K16ac_rep1_peak_11697	chr9	45025312	45031634	p53KD_H4K16ac_rep1_peak_13148
chr9	45037502	45038563	Scramble_H4K16ac_rep1_peak_11698	chr9	45037521	45038751	p53KD_H4K16ac_rep1_peak_13149
chr9	45041851	45042431	Scramble_H4K16ac_rep1_peak_11699	chr9	45040713	45043288	p53KD_H4K16ac_rep1_peak_13150
chr9	45049708	45052669	Scramble_H4K16ac_rep1_peak_11700	chr9	45049706	45059280	p53KD_H4K16ac_rep1_peak_13152
chr9	45054659	45055128	Scramble_H4K16ac_rep1_peak_11701	chr9	45049706	45059280	p53KD_H4K16ac_rep1_peak_13152
chr9	45062083	45062938	Scramble_H4K16ac_rep1_peak_11702	chr9	45062157	45063401	p53KD_H4K16ac_rep1_peak_13153
chr9	45067916	45068213	Scramble_H4K16ac_rep1_peak_11703	chr9	45066760	45068358	p53KD_H4K16ac_rep1_peak_13154
chr9	45076643	45078217	Scramble_H4K16ac_rep1_peak_11704	chr9	45075882	45078945	p53KD_H4K16ac_rep1_peak_13156
chr9	45080686	45082206	Scramble_H4K16ac_rep1_peak_11705	chr9	45080659	45093179	p53KD_H4K16ac_rep1_peak_13156
chr9	45083784	45087150	Scramble_H4K16ac_rep1_peak_11706	chr9	45080659	45093179	p53KD_H4K16ac_rep1_peak_13156
chr9	45088443	45089441	Scramble_H4K16ac_rep1_peak_11707	chr9	45080659	45093179	p53KD_H4K16ac_rep1_peak_13156
chr9	45091012	45091331	Scramble_H4K16ac_rep1_peak_11708	chr9	45080659	45093179	p53KD_H4K16ac_rep1_peak_13156
chr9	45097232	45098016	Scramble_H4K16ac_rep1_peak_11709	chr9	45097201	45099106	p53KD_H4K16ac_rep1_peak_13158
chr9	45101972	45102156	Scramble_H4K16ac_rep1_peak_11710	chr9	45101424	45102754	p53KD_H4K16ac_rep1_peak_13159
chr9	45103240	45104236	Scramble_H4K16ac_rep1_peak_11710	chr9	45103717	45104385	p53KD_H4K16ac_rep1_peak_13160
chr9	45108095	45108222	Scramble_H4K16ac_rep1_peak_11711	chr9	45106623	45108920	p53KD_H4K16ac_rep1_peak_13161
chr9	45115420	45116782	Scramble_H4K16ac_rep1_peak_11712	chr9	45115439	45116373	p53KD_H4K16ac_rep1_peak_13162
chr9	45117572	45120406	Scramble_H4K16ac_rep1_peak_11712	chr9	45118023	45123266	p53KD_H4K16ac_rep1_peak_13163
chr9	45126809	45128417	Scramble_H4K16ac_rep1_peak_11713	chr9	45125189	45127753	p53KD_H4K16ac_rep1_peak_13164
chr9	45129435	45130135	Scramble_H4K16ac_rep1_peak_11713	chr9	45129918	45134668	p53KD_H4K16ac_rep1_peak_13165
chr9	45132934	45135377	Scramble_H4K16ac_rep1_peak_11714	chr9	45129918	45134668	p53KD_H4K16ac_rep1_peak_13165
chr9	45137261	45138530	Scramble_H4K16ac_rep1_peak_11715	chr9	45136822	45138643	p53KD_H4K16ac_rep1_peak_13166
chr9	45140471	45143782	Scramble_H4K16ac_rep1_peak_11716	chr9	45140052	45145280	p53KD_H4K16ac_rep1_peak_13167
chr9	45147712	45149311	Scramble_H4K16ac_rep1_peak_11717	chr9	45147152	45150216	p53KD_H4K16ac_rep1_peak_13168
chr9	45174130	45174420	Scramble_H4K16ac_rep1_peak_11718	chr9	45174185	45174456	p53KD_H4K16ac_rep1_peak_13172
chr9	45175716	45177921	Scramble_H4K16ac_rep1_peak_11719	chr9	45175613	45175826	p53KD_H4K16ac_rep1_peak_13172
chr9	45175716	45177921	Scramble_H4K16ac_rep1_peak_11719	chr9	45176673	45187356	p53KD_H4K16ac_rep1_peak_13172
chr9	45179850	45181614	Scramble_H4K16ac_rep1_peak_11720	chr9	45176673	45187356	p53KD_H4K16ac_rep1_peak_13172
chr9	45188533	45188996	Scramble_H4K16ac_rep1_peak_11721	chr9	45188378	45197068	p53KD_H4K16ac_rep1_peak_13173
chr9	45195567	45196988	Scramble_H4K16ac_rep1_peak_11722	chr9	45188378	45197068	p53KD_H4K16ac_rep1_peak_13173
chr9	45199037	45200940	Scramble_H4K16ac_rep1_peak_11723	chr9	45198985	45200930	p53KD_H4K16ac_rep1_peak_13174
chr9	45205059	45205675	Scramble_H4K16ac_rep1_peak_11724	chr9	45204847	45205647	p53KD_H4K16ac_rep1_peak_13175
chr9	45208529	45209578	Scramble_H4K16ac_rep1_peak_11725	chr9	45209315	45209564	p53KD_H4K16ac_rep1_peak_13176
chr9	45214041	45215678	Scramble_H4K16ac_rep1_peak_11726	chr9	45211762	45215403	p53KD_H4K16ac_rep1_peak_13177
chr9	45218516	45218716	Scramble_H4K16ac_rep1_peak_11727	chr9	45217082	45220213	p53KD_H4K16ac_rep1_peak_13178
chr9	45228816	45230964	Scramble_H4K16ac_rep1_peak_11729	chr9	45223770	45231258	p53KD_H4K16ac_rep1_peak_13178
chr9	45232922	45233251	Scramble_H4K16ac_rep1_peak_11730	chr9	45232753	45235037	p53KD_H4K16ac_rep1_peak_13179
chr9	45238103	45239164	Scramble_H4K16ac_rep1_peak_11732	chr9	45237868	45241612	p53KD_H4K16ac_rep1_peak_13180
chr9	45243825	45246402	Scramble_H4K16ac_rep1_peak_11733	chr9	45242600	45247433	p53KD_H4K16ac_rep1_peak_13180
chr9	45249701	45252417	Scramble_H4K16ac_rep1_peak_11734	chr9	45250096	45252271	p53KD_H4K16ac_rep1_peak_13181
chr9	45257501	45258681	Scramble_H4K16ac_rep1_peak_11735	chr9	45257672	45261401	p53KD_H4K16ac_rep1_peak_13182
chr9	45267167	45267397	Scramble_H4K16ac_rep1_peak_11736	chr9	45266492	45267203	p53KD_H4K16ac_rep1_peak_13183
chr9	45268350	45268754	Scramble_H4K16ac_rep1_peak_11736	chr9	45268112	45269551	p53KD_H4K16ac_rep1_peak_13184
chr9	45273832	45274475	Scramble_H4K16ac_rep1_peak_11737	chr9	45273183	45283821	p53KD_H4K16ac_rep1_peak_13185
chr9	45275890	45277142	Scramble_H4K16ac_rep1_peak_11738	chr9	45273183	45283821	p53KD_H4K16ac_rep1_peak_13185
chr9	45278851	45281946	Scramble_H4K16ac_rep1_peak_11739	chr9	45273183	45283821	p53KD_H4K16ac_rep1_peak_13185
chr9	45285491	45289792	Scramble_H4K16ac_rep1_peak_11740	chr9	45284715	45289652	p53KD_H4K16ac_rep1_peak_13186
chr9	45296252	45298148	Scramble_H4K16ac_rep1_peak_11741	chr9	45296236	45298813	p53KD_H4K16ac_rep1_peak_13189
chr9	45309804	45311738	Scramble_H4K16ac_rep1_peak_11742	chr9	45308415	45315611	p53KD_H4K16ac_rep1_peak_13193
chr9	45314835	45315448	Scramble_H4K16ac_rep1_peak_11743	chr9	45308415	45315611	p53KD_H4K16ac_rep1_peak_13193
chr9	45318022	45319472	Scramble_H4K16ac_rep1_peak_11744	chr9	45316635	45320129	p53KD_H4K16ac_rep1_peak_13194
chr9	45326342	45326842	Scramble_H4K16ac_rep1_peak_11745	chr9	45325221	45328511	p53KD_H4K16ac_rep1_peak_13196
chr9	45340795	45341231	Scramble_H4K16ac_rep1_peak_11747	chr9	45339120	45341292	p53KD_H4K16ac_rep1_peak_13198
chr9	45347052	45348540	Scramble_H4K16ac_rep1_peak_11748	chr9	45344961	45351591	p53KD_H4K16ac_rep1_peak_13200
chr9	45367078	45367412	Scramble_H4K16ac_rep1_peak_11750	chr9	45365820	45367602	p53KD_H4K16ac_rep1_peak_13204
chr9	45382972	45383103	Scramble_H4K16ac_rep1_peak_11751	chr9	45380841	45383250	p53KD_H4K16ac_rep1_peak_13208
chr9	45387042	45388745	Scramble_H4K16ac_rep1_peak_11753	chr9	45384190	45390310	p53KD_H4K16ac_rep1_peak_13209
chr9	45397841	45398948	Scramble_H4K16ac_rep1_peak_11754	chr9	45396544	45398981	p53KD_H4K16ac_rep1_peak_13212
chr9	45402950	45403896	Scramble_H4K16ac_rep1_peak_11755	chr9	45402363	45404023	p53KD_H4K16ac_rep1_peak_13213
chr9	45424234	45425799	Scramble_H4K16ac_rep1_peak_11757	chr9	45419468	45434000	p53KD_H4K16ac_rep1_peak_13217
chr9	45428992	45429406	Scramble_H4K16ac_rep1_peak_11758	chr9	45419468	45434000	p53KD_H4K16ac_rep1_peak_13217
chr9	45433199	45433473	Scramble_H4K16ac_rep1_peak_11759	chr9	45419468	45434000	p53KD_H4K16ac_rep1_peak_13217
chr9	45448117	45449866	Scramble_H4K16ac_rep1_peak_11760	chr9	45445756	45452065	p53KD_H4K16ac_rep1_peak_13221
chr9	45453291	45453417	Scramble_H4K16ac_rep1_peak_11761	chr9	45453255	45453602	p53KD_H4K16ac_rep1_peak_13221
chr9	45456622	45457181	Scramble_H4K16ac_rep1_peak_11762	chr9	45455494	45457541	p53KD_H4K16ac_rep1_peak_13222
chr9	45459175	45462274	Scramble_H4K16ac_rep1_peak_11763	chr9	45458482	45467342	p53KD_H4K16ac_rep1_peak_13223
chr9	45463492	45465644	Scramble_H4K16ac_rep1_peak_11764	chr9	45458482	45467342	p53KD_H4K16ac_rep1_peak_13223
chr9	45474848	45475743	Scramble_H4K16ac_rep1_peak_11765	chr9	45468863	45476211	p53KD_H4K16ac_rep1_peak_13224
chr9	45477620	45478721	Scramble_H4K16ac_rep1_peak_11766	chr9	45477656	45482508	p53KD_H4K16ac_rep1_peak_13224
chr9	45479789	45482024	Scramble_H4K16ac_rep1_peak_11766	chr9	45477656	45482508	p53KD_H4K16ac_rep1_peak_13224
chr9	45490164	45490862	Scramble_H4K16ac_rep1_peak_11767	chr9	45489059	45493942	p53KD_H4K16ac_rep1_peak_13227
chr9	45492270	45493203	Scramble_H4K16ac_rep1_peak_11768	chr9	45489059	45493942	p53KD_H4K16ac_rep1_peak_13227
chr9	45498220	45500630	Scramble_H4K16ac_rep1_peak_11769	chr9	45497527	45502016	p53KD_H4K16ac_rep1_peak_13228
chr9	45506681	45510033	Scramble_H4K16ac_rep1_peak_11770	chr9	45506637	45510167	p53KD_H4K16ac_rep1_peak_13230
chr9	45512061	45515402	Scramble_H4K16ac_rep1_peak_11771	chr9	45511107	45515377	p53KD_H4K16ac_rep1_peak_13230
chr9	60571276	60572011	Scramble_H4K16ac_rep1_peak_11772	chr9	60568070	60572008	p53KD_H4K16ac_rep1_peak_13232
chr9	60573218	60574452	Scramble_H4K16ac_rep1_peak_11773	chr9	60573177	60576290	p53KD_H4K16ac_rep1_peak_13232
chr9	60579303	60580190	Scramble_H4K16ac_rep1_peak_11774	chr9	60579243	60586920	p53KD_H4K16ac_rep1_peak_13233
chr9	60581088	60586779	Scramble_H4K16ac_rep1_peak_11774	chr9	60579243	60586920	p53KD_H4K16ac_rep1_peak_13233
chr9	60590994	60593255	Scramble_H4K16ac_rep1_peak_11775	chr9	60590732	60603367	p53KD_H4K16ac_rep1_peak_13234
chr9	60595015	60597650	Scramble_H4K16ac_rep1_peak_11776	chr9	60590732	60603367	p53KD_H4K16ac_rep1_peak_13234
chr9	60601568	60605040	Scramble_H4K16ac_rep1_peak_11777	chr9	60590732	60603367	p53KD_H4K16ac_rep1_peak_13234
chr9	60601568	60605040	Scramble_H4K16ac_rep1_peak_11777	chr9	60604831	60605427	p53KD_H4K16ac_rep1_peak_13235
chr9	60610064	60612280	Scramble_H4K16ac_rep1_peak_11778	chr9	60609967	60613079	p53KD_H4K16ac_rep1_peak_13236
chr9	60622347	60628288	Scramble_H4K16ac_rep1_peak_11779	chr9	60621807	60628330	p53KD_H4K16ac_rep1_peak_13238
chr9	60632732	60633880	Scramble_H4K16ac_rep1_peak_11780	chr9	60629210	60642252	p53KD_H4K16ac_rep1_peak_13239
chr9	60635218	60637700	Scramble_H4K16ac_rep1_peak_11781	chr9	60629210	60642252	p53KD_H4K16ac_rep1_peak_13239
chr9	60640999	60642331	Scramble_H4K16ac_rep1_peak_11782	chr9	60629210	60642252	p53KD_H4K16ac_rep1_peak_13239
chr9	60652938	60653686	Scramble_H4K16ac_rep1_peak_11783	chr9	60652373	60653659	p53KD_H4K16ac_rep1_peak_13240
chr9	60658965	60660215	Scramble_H4K16ac_rep1_peak_11784	chr9	60658891	60660776	p53KD_H4K16ac_rep1_peak_13242
chr9	60668100	60668936	Scramble_H4K16ac_rep1_peak_11785	chr9	60665542	60669657	p53KD_H4K16ac_rep1_peak_13243
chr9	60671052	60671389	Scramble_H4K16ac_rep1_peak_11786	chr9	60670958	60671327	p53KD_H4K16ac_rep1_peak_13244
chr9	60673813	60675097	Scramble_H4K16ac_rep1_peak_11787	chr9	60672567	60675177	p53KD_H4K16ac_rep1_peak_13245
chr9	60679023	60679363	Scramble_H4K16ac_rep1_peak_11788	chr9	60678336	60679391	p53KD_H4K16ac_rep1_peak_13246
chr9	61856292	61857146	Scramble_H4K16ac_rep1_peak_11790	chr9	61856225	61857160	p53KD_H4K16ac_rep1_peak_13252
chr9	67724043	67724459	Scramble_H4K16ac_rep1_peak_11799	chr9	67723807	67724528	p53KD_H4K16ac_rep1_peak_13273
chr9	89310433	89310840	Scramble_H4K16ac_rep1_peak_11815	chr9	89310571	89310943	p53KD_H4K16ac_rep1_peak_13285
chr9	92765192	92765447	Scramble_H4K16ac_rep1_peak_11831	chr9	92765283	92765499	p53KD_H4K16ac_rep1_peak_13291
chr9	95003832	95004109	Scramble_H4K16ac_rep1_peak_11849	chr9	95003974	95004425	p53KD_H4K16ac_rep1_peak_13299
chr9	129413998	129415852	Scramble_H4K16ac_rep1_peak_11972	chr9	129414095	129414436	p53KD_H4K16ac_rep1_peak_13337
chr9	129557696	129558382	Scramble_H4K16ac_rep1_peak_11978	chr9	129557900	129558430	p53KD_H4K16ac_rep1_peak_13339
chr9	129597177	129597932	Scramble_H4K16ac_rep1_peak_11981	chr9	129597176	129597836	p53KD_H4K16ac_rep1_peak_13343
chr9	137085561	137085872	Scramble_H4K16ac_rep1_peak_12046	chr9	137085610	137086511	p53KD_H4K16ac_rep1_peak_13365
chr9	137451053	137451787	Scramble_H4K16ac_rep1_peak_12060	chr9	137450254	137451907	p53KD_H4K16ac_rep1_peak_13367
chr9	137845432	137846219	Scramble_H4K16ac_rep1_peak_12067	chr9	137845449	137846252	p53KD_H4K16ac_rep1_peak_13371
chr9	138231550	138233138	Scramble_H4K16ac_rep1_peak_12068	chr9	138231431	138232091	p53KD_H4K16ac_rep1_peak_13372
chrM	42	572	Scramble_H4K16ac_rep1_peak_12069	chrM	121	368	p53KD_H4K16ac_rep1_peak_13375
chrM	15858	16512	Scramble_H4K16ac_rep1_peak_12069	chrM	16024	16432	p53KD_H4K16ac_rep1_peak_13376
chrX	268424	270537	Scramble_H4K16ac_rep1_peak_12070	chrX	268456	270607	p53KD_H4K16ac_rep1_peak_13377
chrX	19452056	19452354	Scramble_H4K16ac_rep1_peak_12083	chrX	19452059	19452344	p53KD_H4K16ac_rep1_peak_13392
chrX	41333489	41333928	Scramble_H4K16ac_rep1_peak_12108	chrX	41333533	41334337	p53KD_H4K16ac_rep1_peak_13408
chrX	52958365	52959145	Scramble_H4K16ac_rep1_peak_12147	chrX	52959003	52959306	p53KD_H4K16ac_rep1_peak_13426
chrX	62498360	62499606	Scramble_H4K16ac_rep1_peak_12158	chrX	62497872	62500382	p53KD_H4K16ac_rep1_peak_13563
chrX	115727352	115727770	Scramble_H4K16ac_rep1_peak_12189	chrX	115726518	115730716	p53KD_H4K16ac_rep1_peak_13587
chrX	115731939	115733565	Scramble_H4K16ac_rep1_peak_12190	chrX	115731899	115734167	p53KD_H4K16ac_rep1_peak_13587
chrX	115885518	115885819	Scramble_H4K16ac_rep1_peak_12191	chrX	115884209	115885983	p53KD_H4K16ac_rep1_peak_13600
chrX	123960435	123961855	Scramble_H4K16ac_rep1_peak_12201	chrX	123960413	123961069	p53KD_H4K16ac_rep1_peak_13607
chrX	152941496	152941897	Scramble_H4K16ac_rep1_peak_12231	chrX	152941793	152942046	p53KD_H4K16ac_rep1_peak_13629
chrX	156030366	156030728	Scramble_H4K16ac_rep1_peak_12264	chrX	156030357	156030737	p53KD_H4K16ac_rep1_peak_13642
chrY	268413	270534	Scramble_H4K16ac_rep1_peak_12265	chrY	268367	270587	p53KD_H4K16ac_rep1_peak_13643
chrY	1391807	1392695	Scramble_H4K16ac_rep1_peak_12268	chrY	1392405	1392589	p53KD_H4K16ac_rep1_peak_13649
chrY	11305267	11306111	Scramble_H4K16ac_rep1_peak_12271	chrY	11304733	11306496	p53KD_H4K16ac_rep1_peak_13655
chrY	11309298	11310888	Scramble_H4K16ac_rep1_peak_12272	chrY	11310591	11314916	p53KD_H4K16ac_rep1_peak_13656
chrY	11312364	11312865	Scramble_H4K16ac_rep1_peak_12272	chrY	11310591	11314916	p53KD_H4K16ac_rep1_peak_13656
chrY	11318652	11318874	Scramble_H4K16ac_rep1_peak_12273	chrY	11318593	11319702	p53KD_H4K16ac_rep1_peak_13657
chrY	11327606	11330310	Scramble_H4K16ac_rep1_peak_12275	chrY	11327572	11330372	p53KD_H4K16ac_rep1_peak_13659
chrY	57216887	57217245	Scramble_H4K16ac_rep1_peak_12276	chrY	57216874	57217256	p53KD_H4K16ac_rep1_peak_13670
