"ID","Description","GeneRatio","BgRatio","RichFactor","FoldEnrichment","zScore","pvalue","p.adjust","qvalue","geneID","Count"
"GO:0043462","regulation of ATP-dependent activity","4/147","18/8855",0.222222222222222,13.3862433862434,6.83427815482822,0.000186123486254602,0.455081663713772,0.442539063436045,"PPIF/TP53/TOR1AIP1/UBLCP1",4
"GO:0045773","positive regulation of axon extension","4/147","21/8855",0.19047619047619,11.4739229024943,6.24323293408298,0.000350197509591206,0.455081663713772,0.442539063436045,"TNFRSF12A/LIMK1/MACF1/BMPR2",4
"GO:0038093","Fc receptor signaling pathway","4/147","27/8855",0.148148148148148,8.92416225749559,5.35763712776489,0.000950469907802154,0.546383527792934,0.531324537871179,"FYN/MAP2K7/LIMK1/SOS1",4
"GO:0050900","leukocyte migration","9/147","164/8855",0.0548780487804878,3.30574912891986,3.87229395591499,0.00159963382107359,0.546383527792934,0.531324537871179,"CD9/FYN/MADCAM1/RPS19/C5/CORO1C/SOS1/PREX1/TNFRSF18",9
"GO:0016072","rRNA metabolic process","10/147","203/8855",0.0492610837438424,2.96739385409336,3.68426016099343,0.0019976447884837,0.546383527792934,0.531324537871179,"RPS19/METTL16/EXOSC2/RPS6/TP53/DEDD/RPS21/RPS7/GEMIN4/TOP1",10
"GO:1901224","positive regulation of non-canonical NF-kappaB signal transduction","4/147","33/8855",0.121212121212121,7.3015873015873,4.71186258691535,0.00205168110188013,0.546383527792934,0.531324537871179,"TRIP6/EDAR/PDCD4/VCP",4
"GO:0003206","cardiac chamber morphogenesis","5/147","59/8855",0.0847457627118644,5.10492332526231,4.11014989779749,0.00286913276233755,0.546383527792934,0.531324537871179,"ID2/SOS1/TBX3/TP53/BMPR2",5
"GO:0002063","chondrocyte development","3/147","18/8855",0.166666666666667,10.0396825396825,4.98776771786588,0.00304621381438054,0.546383527792934,0.531324537871179,"SERPINH1/RARG/BMPR2",3
"GO:0043153","entrainment of circadian clock by photoperiod","3/147","18/8855",0.166666666666667,10.0396825396825,4.98776771786588,0.00304621381438054,0.546383527792934,0.531324537871179,"ID2/TP53/PER1",3
"GO:0048675","axon extension","5/147","61/8855",0.0819672131147541,4.93754879000781,4.00928427865576,0.00332045207057604,0.546383527792934,0.531324537871179,"TNFRSF12A/LIMK1/USP9X/MACF1/BMPR2",5
"GO:0032506","cytokinetic process","4/147","38/8855",0.105263157894737,6.34085213032581,4.2865821183385,0.00347129503082428,0.546383527792934,0.531324537871179,"RAB11A/SPIRE1/ARF1/ALKBH4",4
"GO:0060411","cardiac septum morphogenesis","4/147","38/8855",0.105263157894737,6.34085213032581,4.2865821183385,0.00347129503082428,0.546383527792934,0.531324537871179,"ID2/TBX3/TP53/BMPR2",4
"GO:0009648","photoperiodism","3/147","19/8855",0.157894736842105,9.51127819548872,4.82517366414808,0.00357374221533106,0.546383527792934,0.531324537871179,"ID2/TP53/PER1",3
"GO:0032780","negative regulation of ATP-dependent activity","2/147","6/8855",0.333333333333333,20.0793650793651,6.0738164277777,0.00393004925183913,0.546383527792934,0.531324537871179,"TP53/UBLCP1",2
"GO:0044528","regulation of mitochondrial mRNA stability","2/147","6/8855",0.333333333333333,20.0793650793651,6.0738164277777,0.00393004925183913,0.546383527792934,0.531324537871179,"TBRG4/FASTK",2
"GO:0046500","S-adenosylmethionine metabolic process","2/147","6/8855",0.333333333333333,20.0793650793651,6.0738164277777,0.00393004925183913,0.546383527792934,0.531324537871179,"AHCY/METTL16",2
"GO:0009649","entrainment of circadian clock","3/147","20/8855",0.15,9.03571428571429,4.67417990184662,0.00415372424313294,0.546383527792934,0.531324537871179,"ID2/TP53/PER1",3
"GO:0010632","regulation of epithelial cell migration","4/147","41/8855",0.0975609756097561,5.87688734030197,4.06646786315147,0.00458317218536237,0.546383527792934,0.531324537871179,"RAB11A/CORO1C/MACF1/BMPR2",4
"GO:0060412","ventricular septum morphogenesis","3/147","22/8855",0.136363636363636,8.21428571428571,4.40169330699758,0.0054768739773358,0.546383527792934,0.531324537871179,"ID2/TBX3/BMPR2",3
"GO:0071826","protein-RNA complex organization","8/147","162/8855",0.0493827160493827,2.97472075249853,3.2956992540647,0.00548766577988085,0.546383527792934,0.531324537871179,"GEMIN8/U2AF2/YJU2/RPS19/RPS6/DDX46/VCP/GEMIN4",8
"GO:0051310","metaphase chromosome alignment","5/147","69/8855",0.072463768115942,4.36507936507937,3.6458053121268,0.00564419845920335,0.546383527792934,0.531324537871179,"KIF22/RAB11A/BUB3/TRAPPC12/DYNC1H1",5
"GO:0008361","regulation of cell size","6/147","98/8855",0.0612244897959184,3.68804664723032,3.47649316613276,0.00568754079092951,0.546383527792934,0.531324537871179,"TNFRSF12A/LIMK1/MACF1/RARG/LAMTOR4/BMPR2",6
"GO:0050772","positive regulation of axonogenesis","4/147","44/8855",0.0909090909090909,5.47619047619048,3.86715440390588,0.00591280234266156,0.546383527792934,0.531324537871179,"TNFRSF12A/LIMK1/MACF1/BMPR2",4
"GO:0048736","appendage development","6/147","100/8855",0.06,3.61428571428571,3.41581381380107,0.00626994592875482,0.546383527792934,0.531324537871179,"FBXW4/TBX3/GNA12/RARG/KREMEN1/BMPR2",6
"GO:0060173","limb development","6/147","100/8855",0.06,3.61428571428571,3.41581381380107,0.00626994592875482,0.546383527792934,0.531324537871179,"FBXW4/TBX3/GNA12/RARG/KREMEN1/BMPR2",6
"GO:0030516","regulation of axon extension","4/147","45/8855",0.0888888888888889,5.35449735449735,3.80474495400272,0.00640741633766857,0.546383527792934,0.531324537871179,"TNFRSF12A/LIMK1/MACF1/BMPR2",4
"GO:0051148","negative regulation of muscle cell differentiation","4/147","45/8855",0.0888888888888889,5.35449735449735,3.80474495400272,0.00640741633766857,0.546383527792934,0.531324537871179,"NFATC3/ID2/PDCD4/BMPR2",4
"GO:0003433","chondrocyte development involved in endochondral bone morphogenesis","2/147","8/8855",0.25,15.0595238095238,5.16876524018833,0.00717768818558056,0.546383527792934,0.531324537871179,"SERPINH1/RARG",2
"GO:0031125","rRNA 3'-end processing","2/147","8/8855",0.25,15.0595238095238,5.16876524018833,0.00717768818558056,0.546383527792934,0.531324537871179,"EXOSC2/RPS21",2
"GO:0046174","polyol catabolic process","2/147","8/8855",0.25,15.0595238095238,5.16876524018833,0.00717768818558056,0.546383527792934,0.531324537871179,"TPI1/NUDT3",2
"GO:1902950","regulation of dendritic spine maintenance","2/147","8/8855",0.25,15.0595238095238,5.16876524018833,0.00717768818558056,0.546383527792934,0.531324537871179,"FYN/ZMYND8",2
"GO:0071806","protein transmembrane transport","4/147","47/8855",0.0851063829787234,5.12664640324215,3.68533311357577,0.00747741893401258,0.546383527792934,0.531324537871179,"RAB11A/USP9X/TOMM40/CHCHD4",4
"GO:0048193","Golgi vesicle transport","9/147","207/8855",0.0434782608695652,2.61904761904762,3.06235948608671,0.00748630507912279,0.546383527792934,0.531324537871179,"RAB11A/KRT18/MACF1/SPIRE1/VCP/LMAN2/TRAPPC12/LAMP1/AP5Z1",9
"GO:2000058","regulation of ubiquitin-dependent protein catabolic process","6/147","107/8855",0.0560747663551402,3.37783711615487,3.21505805465902,0.00865249843072993,0.546383527792934,0.531324537871179,"KEAP1/USP9X/GNA12/VCP/GABARAP/RPS7",6
"GO:0043467","regulation of generation of precursor metabolites and energy","5/147","77/8855",0.0649350649350649,3.91156462585034,3.33382826720052,0.00893149623524414,0.546383527792934,0.531324537871179,"PPIF/GIT1/TP53/VCP/CXXC5",5
"GO:0061323","cell proliferation involved in heart morphogenesis","2/147","9/8855",0.222222222222222,13.3862433862434,4.83010545492254,0.00912847865435405,0.546383527792934,0.531324537871179,"TBX3/BMPR2",2
"GO:1905064","negative regulation of vascular associated smooth muscle cell differentiation","2/147","9/8855",0.222222222222222,13.3862433862434,4.83010545492254,0.00912847865435405,0.546383527792934,0.531324537871179,"NFATC3/PDCD4",2
"GO:2000136","regulation of cell proliferation involved in heart morphogenesis","2/147","9/8855",0.222222222222222,13.3862433862434,4.83010545492254,0.00912847865435405,0.546383527792934,0.531324537871179,"TBX3/BMPR2",2
"GO:0003229","ventricular cardiac muscle tissue development","3/147","27/8855",0.111111111111111,6.69312169312169,3.84919934307257,0.00979285768122513,0.546383527792934,0.531324537871179,"MBD3/ID2/TBX3",3
"GO:0062237","protein localization to postsynapse","3/147","27/8855",0.111111111111111,6.69312169312169,3.84919934307257,0.00979285768122513,0.546383527792934,0.531324537871179,"RAB11A/GIT1/GABARAP",3
"GO:1903539","protein localization to postsynaptic membrane","3/147","27/8855",0.111111111111111,6.69312169312169,3.84919934307257,0.00979285768122513,0.546383527792934,0.531324537871179,"RAB11A/GIT1/GABARAP",3
"GO:0007623","circadian rhythm","6/147","110/8855",0.0545454545454545,3.28571428571429,3.13406207662619,0.0098499756178931,0.546383527792934,0.531324537871179,"ID2/USP9X/TP53/IMPDH2/PER1/TOP1",6
"GO:0072657","protein localization to membrane","10/147","257/8855",0.0389105058365759,2.34389475634612,2.84054920500848,0.0104023366693474,0.546383527792934,0.531324537871179,"FYN/MADCAM1/ZMYND8/RAB11A/GIT1/KRT18/MACF1/NMT1/TSPAN5/GABARAP",10
"GO:1901222","regulation of non-canonical NF-kappaB signal transduction","4/147","52/8855",0.0769230769230769,4.63369963369963,3.41432267288653,0.0106500183470387,0.546383527792934,0.531324537871179,"TRIP6/EDAR/PDCD4/VCP",4
"GO:0099024","plasma membrane invagination","3/147","28/8855",0.107142857142857,6.45408163265306,3.75546139773791,0.0108366360512895,0.546383527792934,0.531324537871179,"SPIRE1/ARF1/ALKBH4",3
"GO:0050000","chromosome localization","5/147","81/8855",0.0617283950617284,3.71840094062316,3.19320221767235,0.0109898469655209,0.546383527792934,0.531324537871179,"KIF22/RAB11A/BUB3/TRAPPC12/DYNC1H1",5
"GO:0003413","chondrocyte differentiation involved in endochondral bone morphogenesis","2/147","10/8855",0.2,12.047619047619,4.54139196826926,0.0112871443057669,0.546383527792934,0.531324537871179,"SERPINH1/RARG",2
"GO:0007028","cytoplasm organization","2/147","10/8855",0.2,12.047619047619,4.54139196826926,0.0112871443057669,0.546383527792934,0.531324537871179,"SOS1/ETV6",2
"GO:1902916","positive regulation of protein polyubiquitination","2/147","10/8855",0.2,12.047619047619,4.54139196826926,0.0112871443057669,0.546383527792934,0.531324537871179,"UBE2V2/GABARAP",2
"GO:0060349","bone morphogenesis","4/147","53/8855",0.0754716981132075,4.54627133872417,3.36425131440104,0.0113740537804385,0.546383527792934,0.531324537871179,"FOXN3/SERPINH1/RARG/BMPR2",4
"GO:0043001","Golgi to plasma membrane protein transport","3/147","29/8855",0.103448275862069,6.23152709359606,3.66618800565643,0.0119423674716848,0.546383527792934,0.531324537871179,"RAB11A/KRT18/MACF1",3
"GO:1905517","macrophage migration","3/147","29/8855",0.103448275862069,6.23152709359606,3.66618800565643,0.0119423674716848,0.546383527792934,0.531324537871179,"CD9/C5/CORO1C",3
"GO:0061387","regulation of extent of cell growth","4/147","54/8855",0.0740740740740741,4.4620811287478,3.31541063414102,0.012129062663292,0.546383527792934,0.531324537871179,"TNFRSF12A/LIMK1/MACF1/BMPR2",4
"GO:0003205","cardiac chamber development","5/147","83/8855",0.0602409638554217,3.62880091795754,3.12619920595089,0.0121314339320022,0.546383527792934,0.531324537871179,"ID2/SOS1/TBX3/TP53/BMPR2",5
"GO:0002181","cytoplasmic translation","7/147","150/8855",0.0466666666666667,2.81111111111111,2.90653497157416,0.0123389254788325,0.546383527792934,0.531324537871179,"GTPBP1/RPS19/RPL34/RPS6/RPL29/RPS21/RPS7",7
"GO:0032434","regulation of proteasomal ubiquitin-dependent protein catabolic process","5/147","84/8855",0.0595238095238095,3.58560090702948,3.0934691903171,0.0127313585417807,0.546383527792934,0.531324537871179,"KEAP1/USP9X/GNA12/VCP/GABARAP",5
"GO:0048588","developmental cell growth","6/147","117/8855",0.0512820512820513,3.08913308913309,2.95544059581017,0.0130958912067863,0.546383527792934,0.531324537871179,"TNFRSF12A/LIMK1/USP9X/MACF1/RARG/BMPR2",6
"GO:0045010","actin nucleation","3/147","30/8855",0.1,6.02380952380952,3.58101096849419,0.0131106281055202,0.546383527792934,0.531324537871179,"SPIRE1/FCHSD2/ARF1",3
"GO:0048662","negative regulation of smooth muscle cell proliferation","3/147","30/8855",0.1,6.02380952380952,3.58101096849419,0.0131106281055202,0.546383527792934,0.531324537871179,"GNA12/PDCD4/BMPR2",3
"GO:0038095","Fc-epsilon receptor signaling pathway","2/147","11/8855",0.181818181818182,10.952380952381,4.2910955294539,0.0136463417390049,0.546383527792934,0.531324537871179,"MAP2K7/SOS1",2
"GO:0010631","epithelial cell migration","4/147","57/8855",0.0701754385964912,4.22723475355054,3.17574207336333,0.0145843340532178,0.546383527792934,0.531324537871179,"RAB11A/CORO1C/MACF1/BMPR2",4
"GO:0090132","epithelium migration","4/147","57/8855",0.0701754385964912,4.22723475355054,3.17574207336333,0.0145843340532178,0.546383527792934,0.531324537871179,"RAB11A/CORO1C/MACF1/BMPR2",4
"GO:0022613","ribonucleoprotein complex biogenesis","12/147","354/8855",0.0338983050847458,2.04196933010492,2.59950570458891,0.0146098029581096,0.546383527792934,0.531324537871179,"GEMIN8/U2AF2/YJU2/RPS19/METTL16/EXOSC2/RPS6/DDX46/LTO1/RPS21/RPS7/GEMIN4",12
"GO:0022618","protein-RNA complex assembly","7/147","156/8855",0.0448717948717949,2.70299145299145,2.78810623793738,0.0150495815987313,0.546383527792934,0.531324537871179,"GEMIN8/U2AF2/YJU2/RPS19/RPS6/DDX46/GEMIN4",7
"GO:0048511","rhythmic process","7/147","156/8855",0.0448717948717949,2.70299145299145,2.78810623793738,0.0150495815987313,0.546383527792934,0.531324537871179,"ID2/USP9X/TP53/TEF/IMPDH2/PER1/TOP1",7
"GO:0010324","membrane invagination","3/147","32/8855",0.09375,5.64732142857143,3.42167515789939,0.0156366316782774,0.546383527792934,0.531324537871179,"SPIRE1/ARF1/ALKBH4",3
"GO:0000028","ribosomal small subunit assembly","2/147","12/8855",0.166666666666667,10.0396825396825,4.07111345399682,0.0161989112006638,0.546383527792934,0.531324537871179,"RPS19/RPS6",2
"GO:0034501","protein localization to kinetochore","2/147","12/8855",0.166666666666667,10.0396825396825,4.07111345399682,0.0161989112006638,0.546383527792934,0.531324537871179,"BUB3/TRAPPC12",2
"GO:1903083","protein localization to condensed chromosome","2/147","12/8855",0.166666666666667,10.0396825396825,4.07111345399682,0.0161989112006638,0.546383527792934,0.531324537871179,"BUB3/TRAPPC12",2
"GO:0090130","tissue migration","4/147","59/8855",0.0677966101694915,4.08393866020985,3.08786526926547,0.0163837956745243,0.546383527792934,0.531324537871179,"RAB11A/CORO1C/MACF1/BMPR2",4
"GO:0031929","TOR signaling","6/147","123/8855",0.0487804878048781,2.93844367015099,2.81266554697115,0.0164217463285013,0.546383527792934,0.531324537871179,"PREX1/USP9X/NMT1/RPS6/GNA12/LAMTOR4",6
"GO:0018279","protein N-linked glycosylation via asparagine","3/147","33/8855",0.0909090909090909,5.47619047619048,3.34696536400536,0.0169951267359171,0.546383527792934,0.531324537871179,"ALG8/DPAGT1/OST4",3
"GO:0060350","endochondral bone morphogenesis","3/147","33/8855",0.0909090909090909,5.47619047619048,3.34696536400536,0.0169951267359171,0.546383527792934,0.531324537871179,"SERPINH1/RARG/BMPR2",3
"GO:0003279","cardiac septum development","4/147","60/8855",0.0666666666666667,4.01587301587302,3.04536933823842,0.0173334349438281,0.546383527792934,0.531324537871179,"ID2/TBX3/TP53/BMPR2",4
"GO:0071674","mononuclear cell migration","5/147","92/8855",0.0543478260869565,3.27380952380952,2.84833328536358,0.0182658925802745,0.546383527792934,0.531324537871179,"CD9/MADCAM1/RPS19/C5/CORO1C",5
"GO:1990138","neuron projection extension","5/147","92/8855",0.0543478260869565,3.27380952380952,2.84833328536358,0.0182658925802745,0.546383527792934,0.531324537871179,"TNFRSF12A/LIMK1/USP9X/MACF1/BMPR2",5
"GO:0002931","response to ischemia","3/147","34/8855",0.0882352941176471,5.31512605042017,3.27524091034993,0.0184176615412663,0.546383527792934,0.531324537871179,"PPIF/SOS1/TP53",3
"GO:0045980","negative regulation of nucleotide metabolic process","2/147","13/8855",0.153846153846154,9.26739926739927,3.87556075005871,0.0189378725787452,0.546383527792934,0.531324537871179,"GIT1/TP53",2
"GO:0051151","negative regulation of smooth muscle cell differentiation","2/147","13/8855",0.153846153846154,9.26739926739927,3.87556075005871,0.0189378725787452,0.546383527792934,0.531324537871179,"NFATC3/PDCD4",2
"GO:0071243","cellular response to arsenic-containing substance","2/147","13/8855",0.153846153846154,9.26739926739927,3.87556075005871,0.0189378725787452,0.546383527792934,0.531324537871179,"PPIF/VCP",2
"GO:1900543","negative regulation of purine nucleotide metabolic process","2/147","13/8855",0.153846153846154,9.26739926739927,3.87556075005871,0.0189378725787452,0.546383527792934,0.531324537871179,"GIT1/TP53",2
"GO:0097529","myeloid leukocyte migration","5/147","93/8855",0.0537634408602151,3.23860727086534,2.81959658476175,0.0190534175486052,0.546383527792934,0.531324537871179,"CD9/RPS19/C5/CORO1C/PREX1",5
"GO:0030307","positive regulation of cell growth","5/147","94/8855",0.0531914893617021,3.20415400202634,2.79124679624706,0.0198630003821793,0.546383527792934,0.531324537871179,"TNFRSF12A/LIMK1/MACF1/EXOSC2/BMPR2",5
"GO:0002763","positive regulation of myeloid leukocyte differentiation","3/147","35/8855",0.0857142857142857,5.16326530612245,3.20629171646671,0.0199044309452615,0.546383527792934,0.531324537871179,"ACIN1/CORO1C/ID2",3
"GO:0009303","rRNA transcription","3/147","35/8855",0.0857142857142857,5.16326530612245,3.20629171646671,0.0199044309452615,0.546383527792934,0.531324537871179,"TP53/DEDD/TOP1",3
"GO:0009895","negative regulation of catabolic process","9/147","244/8855",0.0368852459016393,2.22189695550351,2.51461740538831,0.0202321848900664,0.546383527792934,0.531324537871179,"FYN/GIT1/USP9X/METTL16/TP53/DEDD/FMC1/RPS7/TMEM39A",9
"GO:0060560","developmental growth involved in morphogenesis","6/147","130/8855",0.0461538461538462,2.78021978021978,2.65663442856345,0.0209909423569349,0.546383527792934,0.531324537871179,"TNFRSF12A/LIMK1/USP9X/MACF1/RARG/BMPR2",6
"GO:0006364","rRNA processing","7/147","168/8855",0.0416666666666667,2.50992063492063,2.56710165349582,0.0217010719054131,0.546383527792934,0.531324537871179,"RPS19/METTL16/EXOSC2/RPS6/RPS21/RPS7/GEMIN4",7
"GO:0031346","positive regulation of cell projection organization","8/147","207/8855",0.0386473429951691,2.32804232804233,2.51193539545021,0.0218310875702271,0.546383527792934,0.531324537871179,"TNFRSF12A/FYN/ZMYND8/RAB11A/LIMK1/CORO1C/MACF1/BMPR2",8
"GO:0090398","cellular senescence","4/147","65/8855",0.0615384615384615,3.70695970695971,2.84585814341888,0.0225936314886916,0.546383527792934,0.531324537871179,"MAP2K7/ID2/TBX3/TP53",4
"GO:0032535","regulation of cellular component size","8/147","209/8855",0.0382775119617225,2.30576441102757,2.48198739223622,0.0229704951121181,0.546383527792934,0.531324537871179,"TNFRSF12A/LIMK1/PREX1/MACF1/FCHSD2/RARG/LAMTOR4/BMPR2",8
"GO:0097120","receptor localization to synapse","3/147","38/8855",0.0789473684210526,4.75563909774436,3.01428592413432,0.0247511051024638,0.546383527792934,0.531324537871179,"RAB11A/GIT1/GABARAP",3
"GO:0042752","regulation of circadian rhythm","4/147","67/8855",0.0597014925373134,3.59630419331912,2.7715145825755,0.0249417945143565,0.546383527792934,0.531324537871179,"ID2/USP9X/TP53/PER1",4
"GO:0003161","cardiac conduction system development","2/147","15/8855",0.133333333333333,8.03174603174603,3.54121169480504,0.0249479253724714,0.546383527792934,0.531324537871179,"ID2/TBX3",2
"GO:0034315","regulation of Arp2/3 complex-mediated actin nucleation","2/147","15/8855",0.133333333333333,8.03174603174603,3.54121169480504,0.0249479253724714,0.546383527792934,0.531324537871179,"FCHSD2/ARF1",2
"GO:1902914","regulation of protein polyubiquitination","2/147","15/8855",0.133333333333333,8.03174603174603,3.54121169480504,0.0249479253724714,0.546383527792934,0.531324537871179,"UBE2V2/GABARAP",2
"GO:1905063","regulation of vascular associated smooth muscle cell differentiation","2/147","15/8855",0.133333333333333,8.03174603174603,3.54121169480504,0.0249479253724714,0.546383527792934,0.531324537871179,"NFATC3/PDCD4",2
"GO:2000647","negative regulation of stem cell proliferation","2/147","15/8855",0.133333333333333,8.03174603174603,3.54121169480504,0.0249479253724714,0.546383527792934,0.531324537871179,"TP53/RARG",2
"GO:1903320","regulation of protein modification by small protein conjugation or removal","6/147","136/8855",0.0441176470588235,2.65756302521008,2.53090230797784,0.0255383309842011,0.546383527792934,0.531324537871179,"FYN/U2AF2/VCP/UBE2V2/GABARAP/RPS7",6
"GO:0003007","heart morphogenesis","6/147","137/8855",0.0437956204379562,2.63816475495308,2.51060647821824,0.0263552712717393,0.546383527792934,0.531324537871179,"ID2/SOS1/TBX3/TP53/PDCD4/BMPR2",6
"GO:0019320","hexose catabolic process","3/147","39/8855",0.0769230769230769,4.63369963369963,2.95470926437282,0.0264954606348759,0.546383527792934,0.531324537871179,"TPI1/TP53/MPI",3
"GO:0035418","protein localization to synapse","3/147","39/8855",0.0769230769230769,4.63369963369963,2.95470926437282,0.0264954606348759,0.546383527792934,0.531324537871179,"RAB11A/GIT1/GABARAP",3
"GO:0051145","smooth muscle cell differentiation","3/147","39/8855",0.0769230769230769,4.63369963369963,2.95470926437282,0.0264954606348759,0.546383527792934,0.531324537871179,"NFATC3/TBX3/PDCD4",3
"GO:0006163","purine nucleotide metabolic process","9/147","257/8855",0.0350194552529183,2.10950528071151,2.34512734586941,0.0271832377006142,0.546383527792934,0.531324537871179,"GTPBP1/GIT1/TPI1/OLA1/TP53/MDH2/VCP/IMPDH2/NUDT3",9
"GO:0021782","glial cell development","4/147","69/8855",0.0579710144927536,3.49206349206349,2.69995959435806,0.0274321879466934,0.546383527792934,0.531324537871179,"CD9/PRX/ID2/SOS1",4
"GO:0030326","embryonic limb morphogenesis","4/147","69/8855",0.0579710144927536,3.49206349206349,2.69995959435806,0.0274321879466934,0.546383527792934,0.531324537871179,"FBXW4/TBX3/GNA12/RARG",4
"GO:0035113","embryonic appendage morphogenesis","4/147","69/8855",0.0579710144927536,3.49206349206349,2.69995959435806,0.0274321879466934,0.546383527792934,0.531324537871179,"FBXW4/TBX3/GNA12/RARG",4
"GO:0003209","cardiac atrium morphogenesis","2/147","16/8855",0.125,7.52976190476191,3.39644812792849,0.0282059198414816,0.546383527792934,0.531324537871179,"SOS1/BMPR2",2
"GO:0071542","dopaminergic neuron differentiation","2/147","16/8855",0.125,7.52976190476191,3.39644812792849,0.0282059198414816,0.546383527792934,0.531324537871179,"ID2/FMC1",2
"GO:0097062","dendritic spine maintenance","2/147","16/8855",0.125,7.52976190476191,3.39644812792849,0.0282059198414816,0.546383527792934,0.531324537871179,"FYN/ZMYND8",2
"GO:0043954","cellular component maintenance","3/147","40/8855",0.075,4.51785714285714,2.89711845413142,0.0283040733412146,0.546383527792934,0.531324537871179,"FYN/ZMYND8/GIT1",3
"GO:0048332","mesoderm morphogenesis","3/147","40/8855",0.075,4.51785714285714,2.89711845413142,0.0283040733412146,0.546383527792934,0.531324537871179,"AHDC1/TBX3/BMPR2",3
"GO:0032006","regulation of TOR signaling","5/147","104/8855",0.0480769230769231,2.89606227106227,2.52702559215955,0.029216629309448,0.546383527792934,0.531324537871179,"PREX1/USP9X/NMT1/GNA12/LAMTOR4",5
"GO:1901873","regulation of post-translational protein modification","6/147","141/8855",0.0425531914893617,2.56332320162107,2.43118925659425,0.0297966108929725,0.546383527792934,0.531324537871179,"FYN/U2AF2/VCP/UBE2V2/GABARAP/RPS7",6
"GO:0048660","regulation of smooth muscle cell proliferation","4/147","71/8855",0.0563380281690141,3.39369550637156,2.63100171586367,0.0300662446358612,0.546383527792934,0.531324537871179,"ID2/GNA12/PDCD4/BMPR2",4
"GO:0072089","stem cell proliferation","4/147","71/8855",0.0563380281690141,3.39369550637156,2.63100171586367,0.0300662446358612,0.546383527792934,0.531324537871179,"TBX3/ETV6/TP53/RARG",4
"GO:0003281","ventricular septum development","3/147","41/8855",0.0731707317073171,4.40766550522648,2.84139478696985,0.0301767760640451,0.546383527792934,0.531324537871179,"ID2/TBX3/BMPR2",3
"GO:0031396","regulation of protein ubiquitination","5/147","105/8855",0.0476190476190476,2.86848072562358,2.5023523481386,0.030281725845274,0.546383527792934,0.531324537871179,"FYN/U2AF2/UBE2V2/GABARAP/RPS7",5
"GO:0048863","stem cell differentiation","6/147","142/8855",0.0422535211267606,2.54527162977867,2.41176152463688,0.0307009543554074,0.546383527792934,0.531324537871179,"MBD3/CORO1C/TBX3/TP53/RPS7/BMPR2",6
"GO:0061564","axon development","9/147","264/8855",0.0340909090909091,2.05357142857143,2.2579447170589,0.0315565451213065,0.546383527792934,0.531324537871179,"TNFRSF12A/FYN/LIMK1/SOS1/USP9X/MACF1/KREMEN1/BMPR2/AP5Z1",9
"GO:0006488","dolichol-linked oligosaccharide biosynthetic process","2/147","17/8855",0.117647058823529,7.08683473389356,3.26368464564856,0.031624104874609,0.546383527792934,0.531324537871179,"ALG8/DPAGT1",2
"GO:0035116","embryonic hindlimb morphogenesis","2/147","17/8855",0.117647058823529,7.08683473389356,3.26368464564856,0.031624104874609,0.546383527792934,0.531324537871179,"TBX3/RARG",2
"GO:0046039","GTP metabolic process","2/147","17/8855",0.117647058823529,7.08683473389356,3.26368464564856,0.031624104874609,0.546383527792934,0.531324537871179,"GTPBP1/IMPDH2",2
"GO:0070536","protein K63-linked deubiquitination","2/147","17/8855",0.117647058823529,7.08683473389356,3.26368464564856,0.031624104874609,0.546383527792934,0.531324537871179,"USP9X/VCP",2
"GO:0097106","postsynaptic density organization","2/147","17/8855",0.117647058823529,7.08683473389356,3.26368464564856,0.031624104874609,0.546383527792934,0.531324537871179,"ZMYND8/GIT1",2
"GO:0099633","protein localization to postsynaptic specialization membrane","2/147","17/8855",0.117647058823529,7.08683473389356,3.26368464564856,0.031624104874609,0.546383527792934,0.531324537871179,"GIT1/GABARAP",2
"GO:0099645","neurotransmitter receptor localization to postsynaptic specialization membrane","2/147","17/8855",0.117647058823529,7.08683473389356,3.26368464564856,0.031624104874609,0.546383527792934,0.531324537871179,"GIT1/GABARAP",2
"GO:1901889","negative regulation of cell junction assembly","2/147","17/8855",0.117647058823529,7.08683473389356,3.26368464564856,0.031624104874609,0.546383527792934,0.531324537871179,"CORO1C/RPS6",2
"GO:0031397","negative regulation of protein ubiquitination","3/147","42/8855",0.0714285714285714,4.30272108843537,2.78742939523755,0.0321133502696635,0.546383527792934,0.531324537871179,"FYN/U2AF2/RPS7",3
"GO:0046365","monosaccharide catabolic process","3/147","42/8855",0.0714285714285714,4.30272108843537,2.78742939523755,0.0321133502696635,0.546383527792934,0.531324537871179,"TPI1/TP53/MPI",3
"GO:0060021","roof of mouth development","3/147","42/8855",0.0714285714285714,4.30272108843537,2.78742939523755,0.0321133502696635,0.546383527792934,0.531324537871179,"SOS1/TBX3/ANP32B",3
"GO:0061951","establishment of protein localization to plasma membrane","3/147","42/8855",0.0714285714285714,4.30272108843537,2.78742939523755,0.0321133502696635,0.546383527792934,0.531324537871179,"RAB11A/KRT18/MACF1",3
"GO:0090066","regulation of anatomical structure size","9/147","265/8855",0.0339622641509434,2.04582210242588,2.24570852194381,0.0322191648619726,0.546383527792934,0.531324537871179,"TNFRSF12A/LIMK1/PREX1/MACF1/FCHSD2/ADRA1B/RARG/LAMTOR4/BMPR2",9
"GO:0046496","nicotinamide nucleotide metabolic process","5/147","107/8855",0.0467289719626168,2.81486426346239,2.45386613267817,0.0324846886198,0.546383527792934,0.531324537871179,"GIT1/TPI1/TP53/MDH2/VCP",5
"GO:0006397","mRNA processing","11/147","353/8855",0.0311614730878187,1.87710778362336,2.18498763408223,0.0327626015892716,0.546383527792934,0.531324537871179,"GEMIN8/U2AF2/ALKBH5/ACIN1/YJU2/METTL16/TBRG4/DDX46/TRMT61A/GEMIN4/TSEN54",11
"GO:0006892","post-Golgi vesicle-mediated transport","4/147","73/8855",0.0547945205479452,3.30071754729289,2.56446770645142,0.0328451106523749,0.546383527792934,0.531324537871179,"RAB11A/KRT18/MACF1/LAMP1",4
"GO:0048659","smooth muscle cell proliferation","4/147","73/8855",0.0547945205479452,3.30071754729289,2.56446770645142,0.0328451106523749,0.546383527792934,0.531324537871179,"ID2/GNA12/PDCD4/BMPR2",4
"GO:1903050","regulation of proteolysis involved in protein catabolic process","6/147","145/8855",0.0413793103448276,2.49261083743842,2.35445682101162,0.0335214396521021,0.546383527792934,0.531324537871179,"KEAP1/USP9X/GNA12/VCP/GABARAP/RPS7",6
"GO:0038061","non-canonical NF-kappaB signal transduction","4/147","74/8855",0.0540540540540541,3.25611325611326,2.53205995353729,0.0342891283010402,0.546383527792934,0.531324537871179,"TRIP6/EDAR/PDCD4/VCP",4
"GO:0120035","regulation of plasma membrane bounded cell projection organization","11/147","357/8855",0.030812324929972,1.85607576363879,2.14514751500059,0.0351354443447401,0.546383527792934,0.531324537871179,"TNFRSF12A/FYN/ZMYND8/RAB11A/LIMK1/CORO1C/PREX1/USP9X/MACF1/KREMEN1/BMPR2",11
"GO:0000466","maturation of 5.8S rRNA from tricistronic rRNA transcript (SSU-rRNA, 5.8S rRNA, LSU-rRNA)","2/147","18/8855",0.111111111111111,6.69312169312169,3.14125728090353,0.0351963412571375,0.546383527792934,0.531324537871179,"EXOSC2/RPS21",2
"GO:0002082","regulation of oxidative phosphorylation","2/147","18/8855",0.111111111111111,6.69312169312169,3.14125728090353,0.0351963412571375,0.546383527792934,0.531324537871179,"PPIF/VCP",2
"GO:0002433","immune response-regulating cell surface receptor signaling pathway involved in phagocytosis","2/147","18/8855",0.111111111111111,6.69312169312169,3.14125728090353,0.0351963412571375,0.546383527792934,0.531324537871179,"FYN/LIMK1",2
"GO:0038096","Fc-gamma receptor signaling pathway involved in phagocytosis","2/147","18/8855",0.111111111111111,6.69312169312169,3.14125728090353,0.0351963412571375,0.546383527792934,0.531324537871179,"FYN/LIMK1",2
"GO:0045429","positive regulation of nitric oxide biosynthetic process","2/147","18/8855",0.111111111111111,6.69312169312169,3.14125728090353,0.0351963412571375,0.546383527792934,0.531324537871179,"NFATC3/ASL",2
"GO:0046164","alcohol catabolic process","2/147","18/8855",0.111111111111111,6.69312169312169,3.14125728090353,0.0351963412571375,0.546383527792934,0.531324537871179,"TPI1/NUDT3",2
"GO:0048025","negative regulation of mRNA splicing, via spliceosome","2/147","18/8855",0.111111111111111,6.69312169312169,3.14125728090353,0.0351963412571375,0.546383527792934,0.531324537871179,"U2AF2/ACIN1",2
"GO:0050686","negative regulation of mRNA processing","2/147","18/8855",0.111111111111111,6.69312169312169,3.14125728090353,0.0351963412571375,0.546383527792934,0.531324537871179,"U2AF2/ACIN1",2
"GO:0051125","regulation of actin nucleation","2/147","18/8855",0.111111111111111,6.69312169312169,3.14125728090353,0.0351963412571375,0.546383527792934,0.531324537871179,"FCHSD2/ARF1",2
"GO:0060317","cardiac epithelial to mesenchymal transition","2/147","18/8855",0.111111111111111,6.69312169312169,3.14125728090353,0.0351963412571375,0.546383527792934,0.531324537871179,"TBX3/PDCD4",2
"GO:1904706","negative regulation of vascular associated smooth muscle cell proliferation","2/147","18/8855",0.111111111111111,6.69312169312169,3.14125728090353,0.0351963412571375,0.546383527792934,0.531324537871179,"GNA12/PDCD4",2
"GO:0061024","membrane organization","14/147","496/8855",0.0282258064516129,1.7002688172043,2.08543990433977,0.0357677390623287,0.546383527792934,0.531324537871179,"CD9/ZMYND8/PRX/PPIF/CORO1C/TOMM40/SPIRE1/FCHSD2/TP53/TOR1AIP1/ARF1/ALKBH4/CDC25A/TRAPPC12",14
"GO:2001242","regulation of intrinsic apoptotic signaling pathway","5/147","110/8855",0.0454545454545455,2.73809523809524,2.3831930374345,0.0359729290227492,0.546383527792934,0.531324537871179,"FYN/TMEM161A/PPIF/TP53/RPS7",5
"GO:0030101","natural killer cell activation","3/147","44/8855",0.0681818181818182,4.10714285714286,2.68438111547722,0.0361769961621533,0.546383527792934,0.531324537871179,"FYN/ID2/LAMP1",3
"GO:0032922","circadian regulation of gene expression","3/147","44/8855",0.0681818181818182,4.10714285714286,2.68438111547722,0.0361769961621533,0.546383527792934,0.531324537871179,"ID2/PER1/TOP1",3
"GO:0097352","autophagosome maturation","3/147","44/8855",0.0681818181818182,4.10714285714286,2.68438111547722,0.0361769961621533,0.546383527792934,0.531324537871179,"VCP/GABARAP/TMEM39A",3
"GO:0030162","regulation of proteolysis","8/147","229/8855",0.0349344978165939,2.10438760657101,2.19990412787518,0.036752105863221,0.546383527792934,0.531324537871179,"KEAP1/USP9X/TP53/GNA12/VCP/TSPAN5/GABARAP/RPS7",8
"GO:0042274","ribosomal small subunit biogenesis","4/147","76/8855",0.0526315789473684,3.17042606516291,2.4688714865809,0.0372867442962782,0.546383527792934,0.531324537871179,"RPS19/RPS6/RPS21/RPS7",4
"GO:0045104","intermediate filament cytoskeleton organization","3/147","45/8855",0.0666666666666667,4.01587301587302,2.63512104955231,0.0383033947210451,0.546383527792934,0.531324537871179,"KRT18/MACF1/KRT86",3
"GO:0038094","Fc-gamma receptor signaling pathway","2/147","19/8855",0.105263157894737,6.34085213032581,3.02781068265594,0.0389166470267618,0.546383527792934,0.531324537871179,"FYN/LIMK1",2
"GO:0046329","negative regulation of JNK cascade","2/147","19/8855",0.105263157894737,6.34085213032581,3.02781068265594,0.0389166470267618,0.546383527792934,0.531324537871179,"PDCD4/PER1",2
"GO:0048246","macrophage chemotaxis","2/147","19/8855",0.105263157894737,6.34085213032581,3.02781068265594,0.0389166470267618,0.546383527792934,0.531324537871179,"C5/CORO1C",2
"GO:0060351","cartilage development involved in endochondral bone morphogenesis","2/147","19/8855",0.105263157894737,6.34085213032581,3.02781068265594,0.0389166470267618,0.546383527792934,0.531324537871179,"SERPINH1/RARG",2
"GO:1902253","regulation of intrinsic apoptotic signaling pathway by p53 class mediator","2/147","19/8855",0.105263157894737,6.34085213032581,3.02781068265594,0.0389166470267618,0.546383527792934,0.531324537871179,"TP53/RPS7",2
"GO:1904407","positive regulation of nitric oxide metabolic process","2/147","19/8855",0.105263157894737,6.34085213032581,3.02781068265594,0.0389166470267618,0.546383527792934,0.531324537871179,"NFATC3/ASL",2
"GO:0072524","pyridine-containing compound metabolic process","5/147","113/8855",0.0442477876106195,2.66540244416351,2.3148466951193,0.0396843183949324,0.546383527792934,0.531324537871179,"GIT1/TPI1/TP53/MDH2/VCP",5
"GO:0006302","double-strand break repair","8/147","233/8855",0.0343347639484979,2.06826078070713,2.14694268985188,0.0400609344333073,0.546383527792934,0.531324537871179,"ZMYND8/MCM4/SPIRE1/TP53/VCP/UBE2V2/AP5Z1/RTEL1",8
"GO:0034502","protein localization to chromosome","4/147","78/8855",0.0512820512820513,3.08913308913309,2.40773993439139,0.040430819847568,0.546383527792934,0.531324537871179,"ZMYND8/BUB3/VCP/TRAPPC12",4
"GO:0006893","Golgi to plasma membrane transport","3/147","46/8855",0.0652173913043478,3.92857142857143,2.58726341769633,0.0404923228577054,0.546383527792934,0.531324537871179,"RAB11A/KRT18/MACF1",3
"GO:0045103","intermediate filament-based process","3/147","46/8855",0.0652173913043478,3.92857142857143,2.58726341769633,0.0404923228577054,0.546383527792934,0.531324537871179,"KRT18/MACF1/KRT86",3
"GO:0009205","purine ribonucleoside triphosphate metabolic process","6/147","152/8855",0.0394736842105263,2.37781954887218,2.22612148187389,0.0407423125171018,0.546383527792934,0.531324537871179,"GTPBP1/GIT1/TPI1/OLA1/VCP/IMPDH2",6
"GO:0031344","regulation of cell projection organization","11/147","366/8855",0.0300546448087432,1.8104345563362,2.05730860533605,0.0409149611049881,0.546383527792934,0.531324537871179,"TNFRSF12A/FYN/ZMYND8/RAB11A/LIMK1/CORO1C/PREX1/USP9X/MACF1/KREMEN1/BMPR2",11
"GO:0060348","bone development","5/147","114/8855",0.043859649122807,2.64202172096909,2.29255613924547,0.0409714630138568,0.546383527792934,0.531324537871179,"FOXN3/TP53/SERPINH1/RARG/BMPR2",5
"GO:0042176","regulation of protein catabolic process","8/147","235/8855",0.0340425531914894,2.05065856129686,2.12085568637471,0.0417878978792706,0.546383527792934,0.531324537871179,"FYN/KEAP1/USP9X/GNA12/DEDD/VCP/TSPAN5/GABARAP",8
"GO:0006399","tRNA metabolic process","6/147","153/8855",0.0392156862745098,2.36227824463119,2.20836681807064,0.0418482876970499,0.546383527792934,0.531324537871179,"EXOSC2/TRMO/RPP25L/TRMT61A/FARSA/TSEN54",6
"GO:0050770","regulation of axonogenesis","4/147","79/8855",0.0506329113924051,3.05003013863773,2.37790609620913,0.0420578501380773,0.546383527792934,0.531324537871179,"TNFRSF12A/LIMK1/MACF1/BMPR2",4
"GO:0042254","ribosome biogenesis","8/147","236/8855",0.0338983050847458,2.04196933010492,2.10790829574338,0.0426697189179543,0.546383527792934,0.531324537871179,"RPS19/METTL16/EXOSC2/RPS6/LTO1/RPS21/RPS7/GEMIN4",8
"GO:0097061","dendritic spine organization","3/147","47/8855",0.0638297872340425,3.84498480243161,2.54073542423785,0.0427433390343208,0.546383527792934,0.531324537871179,"FYN/ZMYND8/ARF1",3
"GO:1903035","negative regulation of response to wounding","3/147","47/8855",0.0638297872340425,3.84498480243161,2.54073542423785,0.0427433390343208,0.546383527792934,0.531324537871179,"CD9/GIT1/KREMEN1",3
"GO:0046685","response to arsenic-containing substance","2/147","20/8855",0.1,6.02380952380952,2.92222802752485,0.0427791940027206,0.546383527792934,0.531324537871179,"PPIF/VCP",2
"GO:0048598","embryonic morphogenesis","10/147","324/8855",0.0308641975308642,1.85920047031158,2.04708679213501,0.0431190210528215,0.546383527792934,0.531324537871179,"FBXW4/ID2/SOS1/AHDC1/TBX3/TP53/GNA12/RPS7/RARG/BMPR2",10
"GO:0072521","purine-containing compound metabolic process","10/147","325/8855",0.0307692307692308,1.85347985347985,2.03671215336603,0.0438765345802692,0.546383527792934,0.531324537871179,"GTPBP1/GIT1/TPI1/OLA1/PPCDC/TP53/MDH2/VCP/IMPDH2/NUDT3",10
"GO:0006970","response to osmotic stress","3/147","48/8855",0.0625,3.76488095238095,2.49546953969494,0.0450559634042048,0.546383527792934,0.531324537871179,"MAP2K7/TP53/TSC22D2",3
"GO:0033077","T cell differentiation in thymus","3/147","48/8855",0.0625,3.76488095238095,2.49546953969494,0.0450559634042048,0.546383527792934,0.531324537871179,"NFATC3/SOS1/TP53",3
"GO:1903321","negative regulation of protein modification by small protein conjugation or removal","3/147","48/8855",0.0625,3.76488095238095,2.49546953969494,0.0450559634042048,0.546383527792934,0.531324537871179,"FYN/U2AF2/RPS7",3
"GO:0035107","appendage morphogenesis","4/147","81/8855",0.0493827160493827,2.97472075249853,2.31962937914391,0.0454218953205392,0.546383527792934,0.531324537871179,"FBXW4/TBX3/GNA12/RARG",4
"GO:0035108","limb morphogenesis","4/147","81/8855",0.0493827160493827,2.97472075249853,2.31962937914391,0.0454218953205392,0.546383527792934,0.531324537871179,"FBXW4/TBX3/GNA12/RARG",4
"GO:0008340","determination of adult lifespan","2/147","21/8855",0.0952380952380952,5.73696145124716,2.82357947592538,0.0467783043855975,0.546383527792934,0.531324537871179,"ATN1/TP53",2
"GO:0035886","vascular associated smooth muscle cell differentiation","2/147","21/8855",0.0952380952380952,5.73696145124716,2.82357947592538,0.0467783043855975,0.546383527792934,0.531324537871179,"NFATC3/PDCD4",2
"GO:0009144","purine nucleoside triphosphate metabolic process","6/147","158/8855",0.0379746835443038,2.2875226039783,2.12162139741353,0.0476620350116687,0.546383527792934,0.531324537871179,"GTPBP1/GIT1/TPI1/OLA1/VCP/IMPDH2",6
"GO:0009150","purine ribonucleotide metabolic process","7/147","199/8855",0.0351758793969849,2.11892797319933,2.07414570572099,0.0477029721337352,0.546383527792934,0.531324537871179,"GTPBP1/GIT1/TPI1/OLA1/VCP/IMPDH2/NUDT3",7
"GO:0051054","positive regulation of DNA metabolic process","7/147","200/8855",0.035,2.10833333333333,2.05978111801776,0.048774512673885,0.546383527792934,0.531324537871179,"TMEM161A/MAP2K7/SPIRE1/DSCC1/CDC25A/UBE2V2/RTEL1",7
"GO:0046328","regulation of JNK cascade","4/147","83/8855",0.0481927710843374,2.90304073436604,2.26311714669121,0.0489324037010673,0.546383527792934,0.531324537871179,"MAP2K7/EDAR/PDCD4/PER1",4
"GO:0048639","positive regulation of developmental growth","4/147","83/8855",0.0481927710843374,2.90304073436604,2.26311714669121,0.0489324037010673,0.546383527792934,0.531324537871179,"TNFRSF12A/LIMK1/MACF1/BMPR2",4
"GO:0051147","regulation of muscle cell differentiation","4/147","83/8855",0.0481927710843374,2.90304073436604,2.26311714669121,0.0489324037010673,0.546383527792934,0.531324537871179,"NFATC3/ID2/PDCD4/BMPR2",4
"GO:0048705","skeletal system morphogenesis","5/147","120/8855",0.0416666666666667,2.50992063492063,2.16362755955048,0.0492241940106617,0.546383527792934,0.531324537871179,"FOXN3/SERPINH1/ANKRD11/RARG/BMPR2",5
"GO:0008380","RNA splicing","10/147","332/8855",0.0301204819277108,1.81440045897877,1.9650790400343,0.0494350008565721,0.546383527792934,0.531324537871179,"GEMIN8/U2AF2/ACIN1/PRX/YJU2/METTL16/DDX46/FASTK/GEMIN4/TSEN54",10
"GO:0072091","regulation of stem cell proliferation","3/147","50/8855",0.06,3.61428571428571,2.40847746813277,0.0498639373974346,0.546383527792934,0.531324537871179,"TBX3/TP53/RARG",3
"GO:0051276","chromosome organization","11/147","379/8855",0.029023746701847,1.74833521799221,1.93459264067382,0.0503875024247619,0.546383527792934,0.531324537871179,"MAP2K7/KIF22/ACIN1/RAB11A/DSCC1/TP53/LTO1/BUB3/TRAPPC12/TOP1/RTEL1",11
"GO:0006275","regulation of DNA replication","4/147","84/8855",0.0476190476190476,2.86848072562358,2.23549100006252,0.0507424559590316,0.546383527792934,0.531324537871179,"MCM4/DSCC1/TP53/CDC25A",4
"GO:0007292","female gamete generation","4/147","84/8855",0.0476190476190476,2.86848072562358,2.23549100006252,0.0507424559590316,0.546383527792934,0.531324537871179,"SOS1/USP9X/SPIRE1/ETV6",4
"GO:0003230","cardiac atrium development","2/147","22/8855",0.0909090909090909,5.47619047619048,2.7310836360249,0.0509084474264236,0.546383527792934,0.531324537871179,"SOS1/BMPR2",2
"GO:0010661","positive regulation of muscle cell apoptotic process","2/147","22/8855",0.0909090909090909,5.47619047619048,2.7310836360249,0.0509084474264236,0.546383527792934,0.531324537871179,"TP53/PDCD4",2
"GO:0014003","oligodendrocyte development","2/147","22/8855",0.0909090909090909,5.47619047619048,2.7310836360249,0.0509084474264236,0.546383527792934,0.531324537871179,"CD9/ID2",2
"GO:0014014","negative regulation of gliogenesis","2/147","22/8855",0.0909090909090909,5.47619047619048,2.7310836360249,0.0509084474264236,0.546383527792934,0.531324537871179,"ID2/TP53",2
"GO:0033119","negative regulation of RNA splicing","2/147","22/8855",0.0909090909090909,5.47619047619048,2.7310836360249,0.0509084474264236,0.546383527792934,0.531324537871179,"U2AF2/ACIN1",2
"GO:0035137","hindlimb morphogenesis","2/147","22/8855",0.0909090909090909,5.47619047619048,2.7310836360249,0.0509084474264236,0.546383527792934,0.531324537871179,"TBX3/RARG",2
"GO:0035794","positive regulation of mitochondrial membrane permeability","2/147","22/8855",0.0909090909090909,5.47619047619048,2.7310836360249,0.0509084474264236,0.546383527792934,0.531324537871179,"PPIF/TP53",2
"GO:0099084","postsynaptic specialization organization","2/147","22/8855",0.0909090909090909,5.47619047619048,2.7310836360249,0.0509084474264236,0.546383527792934,0.531324537871179,"ZMYND8/GIT1",2
"GO:2000378","negative regulation of reactive oxygen species metabolic process","2/147","22/8855",0.0909090909090909,5.47619047619048,2.7310836360249,0.0509084474264236,0.546383527792934,0.531324537871179,"FYN/TP53",2
"GO:0006140","regulation of nucleotide metabolic process","3/147","51/8855",0.0588235294117647,3.54341736694678,2.36663846880521,0.0523581529745333,0.546383527792934,0.531324537871179,"GIT1/TP53/VCP",3
"GO:1900542","regulation of purine nucleotide metabolic process","3/147","51/8855",0.0588235294117647,3.54341736694678,2.36663846880521,0.0523581529745333,0.546383527792934,0.531324537871179,"GIT1/TP53/VCP",3
"GO:0001906","cell killing","4/147","85/8855",0.0470588235294118,2.83473389355742,2.20826895047182,0.0525889436042937,0.546383527792934,0.531324537871179,"RPS19/C5/ATN1/LAMP1",4
"GO:1903034","regulation of response to wounding","4/147","85/8855",0.0470588235294118,2.83473389355742,2.20826895047182,0.0525889436042937,0.546383527792934,0.531324537871179,"TNFRSF12A/CD9/GIT1/KREMEN1",4
"GO:0031400","negative regulation of protein modification process","5/147","123/8855",0.040650406504065,2.44870305845916,2.10205601692951,0.0536931400458162,0.546383527792934,0.531324537871179,"FYN/U2AF2/CORO1C/PDCD4/RPS7",5
"GO:0043414","macromolecule methylation","4/147","86/8855",0.0465116279069767,2.80177187153931,2.18143968304778,0.0544717760956481,0.546383527792934,0.531324537871179,"PCMT1/METTL16/TRMO/TRMT61A",4
"GO:1901874","negative regulation of post-translational protein modification","3/147","52/8855",0.0576923076923077,3.47527472527473,2.32583522802729,0.0549117122374411,0.546383527792934,0.531324537871179,"FYN/U2AF2/RPS7",3
"GO:0000963","mitochondrial RNA processing","2/147","23/8855",0.0869565217391304,5.23809523809524,2.64407832327112,0.0551642361637418,0.546383527792934,0.531324537871179,"TBRG4/FASTK",2
"GO:0001893","maternal placenta development","2/147","23/8855",0.0869565217391304,5.23809523809524,2.64407832327112,0.0551642361637418,0.546383527792934,0.531324537871179,"DEDD/BMPR2",2
"GO:0002431","Fc receptor mediated stimulatory signaling pathway","2/147","23/8855",0.0869565217391304,5.23809523809524,2.64407832327112,0.0551642361637418,0.546383527792934,0.531324537871179,"FYN/LIMK1",2
"GO:0043516","regulation of DNA damage response, signal transduction by p53 class mediator","2/147","23/8855",0.0869565217391304,5.23809523809524,2.64407832327112,0.0551642361637418,0.546383527792934,0.531324537871179,"YJU2/TP53",2
"GO:1903715","regulation of aerobic respiration","2/147","23/8855",0.0869565217391304,5.23809523809524,2.64407832327112,0.0551642361637418,0.546383527792934,0.531324537871179,"PPIF/VCP",2
"GO:1905521","regulation of macrophage migration","2/147","23/8855",0.0869565217391304,5.23809523809524,2.64407832327112,0.0551642361637418,0.546383527792934,0.531324537871179,"CD9/C5",2
"GO:0061136","regulation of proteasomal protein catabolic process","5/147","124/8855",0.0403225806451613,2.428955453149,2.08193302642822,0.0552336982555101,0.546383527792934,0.531324537871179,"KEAP1/USP9X/GNA12/VCP/GABARAP",5
"GO:0060485","mesenchyme development","6/147","164/8855",0.0365853658536585,2.20383275261324,2.02172657615206,0.0552702989717502,0.546383527792934,0.531324537871179,"CORO1C/TBX3/PDCD4/RPS7/S100A4/BMPR2",6
"GO:0006753","nucleoside phosphate metabolic process","11/147","386/8855",0.0284974093264249,1.71662965704416,1.87043051432563,0.0560613461152853,0.546383527792934,0.531324537871179,"GTPBP1/GIT1/TPI1/OLA1/PPCDC/TP53/MDH2/VCP/IMPDH2/MPI/NUDT3",11
"GO:0042552","myelination","4/147","87/8855",0.0459770114942529,2.7695675971538,2.15499233119466,0.056390848792946,0.546383527792934,0.531324537871179,"CD9/PRX/SOS1/RARG",4
"GO:0050769","positive regulation of neurogenesis","5/147","125/8855",0.04,2.40952380952381,2.06200406442116,0.0567997177582586,0.546383527792934,0.531324537871179,"TNFRSF12A/LIMK1/ID2/MACF1/BMPR2",5
"GO:0009117","nucleotide metabolic process","9/147","295/8855",0.0305084745762712,1.83777239709443,1.90138204633223,0.0568230216385574,0.546383527792934,0.531324537871179,"GTPBP1/GIT1/TPI1/OLA1/TP53/MDH2/VCP/IMPDH2/NUDT3",9
"GO:0032436","positive regulation of proteasomal ubiquitin-dependent protein catabolic process","3/147","53/8855",0.0566037735849057,3.40970350404313,2.28602027494897,0.0575239717448612,0.546383527792934,0.531324537871179,"KEAP1/VCP/GABARAP",3
"GO:0097191","extrinsic apoptotic signaling pathway","5/147","126/8855",0.0396825396825397,2.39040060468632,2.04226544795661,0.0583911919530656,0.546383527792934,0.531324537871179,"TNFRSF12A/FYN/KRT18/DEDD/GABARAP",5
"GO:0006007","glucose catabolic process","2/147","24/8855",0.0833333333333333,5.01984126984127,2.56199807481268,0.0595404242273169,0.546383527792934,0.531324537871179,"TPI1/TP53",2
"GO:0010971","positive regulation of G2/M transition of mitotic cell cycle","2/147","24/8855",0.0833333333333333,5.01984126984127,2.56199807481268,0.0595404242273169,0.546383527792934,0.531324537871179,"RAB11A/CDC25A",2
"GO:0021591","ventricular system development","2/147","24/8855",0.0833333333333333,5.01984126984127,2.56199807481268,0.0595404242273169,0.546383527792934,0.531324537871179,"CORO1C/ANP32B",2
"GO:0034314","Arp2/3 complex-mediated actin nucleation","2/147","24/8855",0.0833333333333333,5.01984126984127,2.56199807481268,0.0595404242273169,0.546383527792934,0.531324537871179,"FCHSD2/ARF1",2
"GO:0048512","circadian behavior","2/147","24/8855",0.0833333333333333,5.01984126984127,2.56199807481268,0.0595404242273169,0.546383527792934,0.531324537871179,"ID2/TP53",2
"GO:1905710","positive regulation of membrane permeability","2/147","24/8855",0.0833333333333333,5.01984126984127,2.56199807481268,0.0595404242273169,0.546383527792934,0.531324537871179,"PPIF/TP53",2
"GO:0043484","regulation of RNA splicing","5/147","127/8855",0.0393700787401575,2.37157855268091,2.02271359364739,0.0600081073065995,0.546383527792934,0.531324537871179,"U2AF2/ACIN1/PRX/METTL16/FASTK",5
"GO:0106027","neuron projection organization","3/147","54/8855",0.0555555555555556,3.34656084656085,2.24714918427133,0.0601942605143653,0.546383527792934,0.531324537871179,"FYN/ZMYND8/ARF1",3
"GO:0007272","ensheathment of neurons","4/147","89/8855",0.0449438202247191,2.70733012306046,2.10320201407583,0.0603372274717878,0.546383527792934,0.531324537871179,"CD9/PRX/SOS1/RARG",4
"GO:0008366","axon ensheathment","4/147","89/8855",0.0449438202247191,2.70733012306046,2.10320201407583,0.0603372274717878,0.546383527792934,0.531324537871179,"CD9/PRX/SOS1/RARG",4
"GO:1902749","regulation of cell cycle G2/M phase transition","4/147","89/8855",0.0449438202247191,2.70733012306046,2.10320201407583,0.0603372274717878,0.546383527792934,0.531324537871179,"FOXN3/RAB11A/TP53/CDC25A",4
"GO:0009141","nucleoside triphosphate metabolic process","6/147","168/8855",0.0357142857142857,2.15136054421769,1.95749332016145,0.0607292660610391,0.546383527792934,0.531324537871179,"GTPBP1/GIT1/TPI1/OLA1/VCP/IMPDH2",6
"GO:0000910","cytokinesis","5/147","128/8855",0.0390625,2.3530505952381,2.00334501420563,0.0616504434135791,0.546383527792934,0.531324537871179,"RAB11A/GIT1/SPIRE1/ARF1/ALKBH4",5
"GO:0061640","cytoskeleton-dependent cytokinesis","4/147","90/8855",0.0444444444444444,2.67724867724868,2.07783935911798,0.0623642562701249,0.546383527792934,0.531324537871179,"RAB11A/SPIRE1/ARF1/ALKBH4",4
"GO:0048041","focal adhesion assembly","3/147","55/8855",0.0545454545454545,3.28571428571429,2.20918032800296,0.062921881618152,0.546383527792934,0.531324537871179,"TRIP6/CORO1C/MACF1",3
"GO:0003197","endocardial cushion development","2/147","25/8855",0.08,4.81904761904762,2.48435664744751,0.0640319027072031,0.546383527792934,0.531324537871179,"TBX3/BMPR2",2
"GO:0007622","rhythmic behavior","2/147","25/8855",0.08,4.81904761904762,2.48435664744751,0.0640319027072031,0.546383527792934,0.531324537871179,"ID2/TP53",2
"GO:0048013","ephrin receptor signaling pathway","2/147","25/8855",0.08,4.81904761904762,2.48435664744751,0.0640319027072031,0.546383527792934,0.531324537871179,"FYN/GIT1",2
"GO:0030218","erythrocyte differentiation","4/147","91/8855",0.043956043956044,2.64782836211408,2.05281920144821,0.0644269714932023,0.546383527792934,0.531324537871179,"ACIN1/RPS19/ID2/SLC48A1",4
"GO:0031503","protein-containing complex localization","3/147","56/8855",0.0535714285714286,3.22704081632653,2.17207465157717,0.0657061137259797,0.546383527792934,0.531324537871179,"RAB11A/GIT1/GABARAP",3
"GO:0006909","phagocytosis","5/147","131/8855",0.0381679389312977,2.29916394038531,1.94630542498096,0.0667296704653656,0.546383527792934,0.531324537871179,"FYN/LIMK1/CORO1C/LMAN2/SLC48A1",5
"GO:0009259","ribonucleotide metabolic process","7/147","216/8855",0.0324074074074074,1.95216049382716,1.84066397604485,0.0680215226381064,0.546383527792934,0.531324537871179,"GTPBP1/GIT1/TPI1/OLA1/VCP/IMPDH2/NUDT3",7
"GO:0016180","snRNA processing","2/147","26/8855",0.0769230769230769,4.63369963369963,2.41073324319944,0.0686336970868996,0.546383527792934,0.531324537871179,"METTL16/EXOSC2",2
"GO:0051150","regulation of smooth muscle cell differentiation","2/147","26/8855",0.0769230769230769,4.63369963369963,2.41073324319944,0.0686336970868996,0.546383527792934,0.531324537871179,"NFATC3/PDCD4",2
"GO:0071353","cellular response to interleukin-4","2/147","26/8855",0.0769230769230769,4.63369963369963,2.41073324319944,0.0686336970868996,0.546383527792934,0.531324537871179,"KEAP1/IMPDH2",2
"GO:1902410","mitotic cytokinetic process","2/147","26/8855",0.0769230769230769,4.63369963369963,2.41073324319944,0.0686336970868996,0.546383527792934,0.531324537871179,"RAB11A/ARF1",2
"GO:1902751","positive regulation of cell cycle G2/M phase transition","2/147","26/8855",0.0769230769230769,4.63369963369963,2.41073324319944,0.0686336970868996,0.546383527792934,0.531324537871179,"RAB11A/CDC25A",2
"GO:0055086","nucleobase-containing small molecule metabolic process","11/147","400/8855",0.0275,1.65654761904762,1.74585687085522,0.0686585988859939,0.546383527792934,0.531324537871179,"GTPBP1/GIT1/TPI1/OLA1/PPCDC/TP53/MDH2/VCP/IMPDH2/MPI/NUDT3",11
"GO:0030595","leukocyte chemotaxis","4/147","93/8855",0.043010752688172,2.59088581669227,2.00377094896038,0.0686587657148707,0.546383527792934,0.531324537871179,"RPS19/C5/CORO1C/PREX1",4
"GO:0050684","regulation of mRNA processing","4/147","93/8855",0.043010752688172,2.59088581669227,2.00377094896038,0.0686587657148707,0.546383527792934,0.531324537871179,"U2AF2/ALKBH5/ACIN1/METTL16",4
"GO:0042692","muscle cell differentiation","7/147","218/8855",0.0321100917431193,1.93425076452599,1.81459397657885,0.0707087223817726,0.546383527792934,0.531324537871179,"CD9/NFATC3/PPIF/ID2/TBX3/PDCD4/BMPR2",7
"GO:0006487","protein N-linked glycosylation","3/147","58/8855",0.0517241379310345,3.11576354679803,2.10030829245961,0.0714414125196993,0.546383527792934,0.531324537871179,"ALG8/DPAGT1/OST4",3
"GO:0010638","positive regulation of organelle organization","9/147","309/8855",0.029126213592233,1.75450762829404,1.75400427069015,0.0716288698288876,0.546383527792934,0.531324537871179,"MAP2K7/RAB11A/LIMK1/GIT1/SPIRE1/FCHSD2/TP53/DYNC1H1/RTEL1",9
"GO:0097190","apoptotic signaling pathway","10/147","356/8855",0.0280898876404494,1.69208132691279,1.73167916643996,0.0720200396638595,0.546383527792934,0.531324537871179,"TNFRSF12A/FYN/TMEM161A/PPIF/KRT18/TP53/DEDD/FASTK/GABARAP/RPS7",10
"GO:0048762","mesenchymal cell differentiation","5/147","134/8855",0.0373134328358209,2.24769012082445,1.89079832244008,0.0720363037363986,0.546383527792934,0.531324537871179,"CORO1C/TBX3/PDCD4/RPS7/S100A4",5
"GO:0000460","maturation of 5.8S rRNA","2/147","27/8855",0.0740740740740741,4.4620811287478,2.34076155838025,0.0733409642393536,0.546383527792934,0.531324537871179,"EXOSC2/RPS21",2
"GO:0000462","maturation of SSU-rRNA from tricistronic rRNA transcript (SSU-rRNA, 5.8S rRNA, LSU-rRNA)","2/147","27/8855",0.0740740740740741,4.4620811287478,2.34076155838025,0.0733409642393536,0.546383527792934,0.531324537871179,"RPS19/RPS21",2
"GO:0010634","positive regulation of epithelial cell migration","2/147","27/8855",0.0740740740740741,4.4620811287478,2.34076155838025,0.0733409642393536,0.546383527792934,0.531324537871179,"RAB11A/BMPR2",2
"GO:0032205","negative regulation of telomere maintenance","2/147","27/8855",0.0740740740740741,4.4620811287478,2.34076155838025,0.0733409642393536,0.546383527792934,0.531324537871179,"TP53/RTEL1",2
"GO:0070266","necroptotic process","2/147","27/8855",0.0740740740740741,4.4620811287478,2.34076155838025,0.0733409642393536,0.546383527792934,0.531324537871179,"PPIF/TP53",2
"GO:0070670","response to interleukin-4","2/147","27/8855",0.0740740740740741,4.4620811287478,2.34076155838025,0.0733409642393536,0.546383527792934,0.531324537871179,"KEAP1/IMPDH2",2
"GO:0090199","regulation of release of cytochrome c from mitochondria","2/147","27/8855",0.0740740740740741,4.4620811287478,2.34076155838025,0.0733409642393536,0.546383527792934,0.531324537871179,"PPIF/TP53",2
"GO:0009314","response to radiation","8/147","265/8855",0.030188679245283,1.81850853548967,1.75759489990619,0.0737644562078581,0.546383527792934,0.531324537871179,"TMEM161A/MAP2K7/ID2/NMT1/TP53/CDC25A/PER1/TOP1",8
"GO:0048589","developmental growth","10/147","358/8855",0.0279329608938547,1.68262835860601,1.71301926249557,0.074155863622036,0.546383527792934,0.531324537871179,"TNFRSF12A/CD9/LIMK1/ATN1/SOS1/USP9X/MACF1/TP53/RARG/BMPR2",10
"GO:0001510","RNA methylation","3/147","59/8855",0.0508474576271186,3.06295399515739,2.06558064073346,0.0743909277078336,0.546383527792934,0.531324537871179,"METTL16/TRMO/TRMT61A",3
"GO:1902414","protein localization to cell junction","3/147","59/8855",0.0508474576271186,3.06295399515739,2.06558064073346,0.0743909277078336,0.546383527792934,0.531324537871179,"RAB11A/GIT1/GABARAP",3
"GO:0019693","ribose phosphate metabolic process","7/147","222/8855",0.0315315315315315,1.8993993993994,1.76326434611688,0.0762717883570445,0.546383527792934,0.531324537871179,"GTPBP1/GIT1/TPI1/OLA1/VCP/IMPDH2/NUDT3",7
"GO:0044092","negative regulation of molecular function","6/147","179/8855",0.0335195530726257,2.01915403032721,1.78968165370114,0.0773446164222893,0.546383527792934,0.531324537871179,"CORO1C/ID2/TP53/PDCD4/UBLCP1/RPS7",6
"GO:0032008","positive regulation of TOR signaling","3/147","60/8855",0.05,3.01190476190476,2.03158191379852,0.0773939536427813,0.546383527792934,0.531324537871179,"USP9X/NMT1/LAMTOR4",3
"GO:0009166","nucleotide catabolic process","4/147","97/8855",0.0412371134020619,2.48404516445754,1.90941236607833,0.0775422660674715,0.546383527792934,0.531324537871179,"GIT1/TPI1/VCP/NUDT3",4
"GO:0035264","multicellular organism growth","4/147","97/8855",0.0412371134020619,2.48404516445754,1.90941236607833,0.0775422660674715,0.546383527792934,0.531324537871179,"ATN1/SOS1/TP53/RARG",4
"GO:0046651","lymphocyte proliferation","5/147","137/8855",0.0364963503649635,2.19847062912756,1.83674329236081,0.0775687191980906,0.546383527792934,0.531324537871179,"FYN/ALKBH5/SOS1/TP53/IMPDH2",5
"GO:1902115","regulation of organelle assembly","5/147","137/8855",0.0364963503649635,2.19847062912756,1.83674329236081,0.0775687191980906,0.546383527792934,0.531324537871179,"RAB11A/USP9X/TRAPPC12/TMEM39A/DYNC1H1",5
"GO:0010762","regulation of fibroblast migration","2/147","28/8855",0.0714285714285714,4.30272108843537,2.27412099607328,0.0781489894845893,0.546383527792934,0.531324537871179,"CORO1C/GNA12",2
"GO:0046902","regulation of mitochondrial membrane permeability","2/147","28/8855",0.0714285714285714,4.30272108843537,2.27412099607328,0.0781489894845893,0.546383527792934,0.531324537871179,"PPIF/TP53",2
"GO:0060324","face development","2/147","28/8855",0.0714285714285714,4.30272108843537,2.27412099607328,0.0781489894845893,0.546383527792934,0.531324537871179,"ANKRD11/RARG",2
"GO:0002323","natural killer cell activation involved in immune response","1/147","5/8855",0.2,12.047619047619,3.21034179612513,0.080311000091682,0.546383527792934,0.531324537871179,"LAMP1",1
"GO:0003344","pericardium morphogenesis","1/147","5/8855",0.2,12.047619047619,3.21034179612513,0.080311000091682,0.546383527792934,0.531324537871179,"SOS1",1
"GO:0014848","urinary tract smooth muscle contraction","1/147","5/8855",0.2,12.047619047619,3.21034179612513,0.080311000091682,0.546383527792934,0.531324537871179,"TBX3",1
"GO:0019405","alditol catabolic process","1/147","5/8855",0.2,12.047619047619,3.21034179612513,0.080311000091682,0.546383527792934,0.531324537871179,"TPI1",1
"GO:0033206","meiotic cytokinesis","1/147","5/8855",0.2,12.047619047619,3.21034179612513,0.080311000091682,0.546383527792934,0.531324537871179,"SPIRE1",1
"GO:0034499","late endosome to Golgi transport","1/147","5/8855",0.2,12.047619047619,3.21034179612513,0.080311000091682,0.546383527792934,0.531324537871179,"AP5Z1",1
"GO:0035617","stress granule disassembly","1/147","5/8855",0.2,12.047619047619,3.21034179612513,0.080311000091682,0.546383527792934,0.531324537871179,"VCP",1
"GO:0040016","embryonic cleavage","1/147","5/8855",0.2,12.047619047619,3.21034179612513,0.080311000091682,0.546383527792934,0.531324537871179,"TOP1",1
"GO:0040031","snRNA modification","1/147","5/8855",0.2,12.047619047619,3.21034179612513,0.080311000091682,0.546383527792934,0.531324537871179,"METTL16",1
"GO:0043320","natural killer cell degranulation","1/147","5/8855",0.2,12.047619047619,3.21034179612513,0.080311000091682,0.546383527792934,0.531324537871179,"LAMP1",1
"GO:0043456","regulation of pentose-phosphate shunt","1/147","5/8855",0.2,12.047619047619,3.21034179612513,0.080311000091682,0.546383527792934,0.531324537871179,"TP53",1
"GO:0043508","negative regulation of JUN kinase activity","1/147","5/8855",0.2,12.047619047619,3.21034179612513,0.080311000091682,0.546383527792934,0.531324537871179,"PDCD4",1
"GO:0044387","negative regulation of protein kinase activity by regulation of protein phosphorylation","1/147","5/8855",0.2,12.047619047619,3.21034179612513,0.080311000091682,0.546383527792934,0.531324537871179,"CORO1C",1
"GO:0045843","negative regulation of striated muscle tissue development","1/147","5/8855",0.2,12.047619047619,3.21034179612513,0.080311000091682,0.546383527792934,0.531324537871179,"FGF3",1
"GO:0045899","positive regulation of RNA polymerase II transcription preinitiation complex assembly","1/147","5/8855",0.2,12.047619047619,3.21034179612513,0.080311000091682,0.546383527792934,0.531324537871179,"TP53",1
"GO:0048752","semicircular canal morphogenesis","1/147","5/8855",0.2,12.047619047619,3.21034179612513,0.080311000091682,0.546383527792934,0.531324537871179,"TBX3",1
"GO:0051295","establishment of meiotic spindle localization","1/147","5/8855",0.2,12.047619047619,3.21034179612513,0.080311000091682,0.546383527792934,0.531324537871179,"SPIRE1",1
"GO:0051454","intracellular pH elevation","1/147","5/8855",0.2,12.047619047619,3.21034179612513,0.080311000091682,0.546383527792934,0.531324537871179,"LAMP1",1
"GO:0051674","localization of cell","1/147","5/8855",0.2,12.047619047619,3.21034179612513,0.080311000091682,0.546383527792934,0.531324537871179,"SLC48A1",1
"GO:0051956","negative regulation of amino acid transport","1/147","5/8855",0.2,12.047619047619,3.21034179612513,0.080311000091682,0.546383527792934,0.531324537871179,"SLC43A1",1
"GO:0060534","trachea cartilage development","1/147","5/8855",0.2,12.047619047619,3.21034179612513,0.080311000091682,0.546383527792934,0.531324537871179,"RARG",1
"GO:0060911","cardiac cell fate commitment","1/147","5/8855",0.2,12.047619047619,3.21034179612513,0.080311000091682,0.546383527792934,0.531324537871179,"TBX3",1
"GO:0061029","eyelid development in camera-type eye","1/147","5/8855",0.2,12.047619047619,3.21034179612513,0.080311000091682,0.546383527792934,0.531324537871179,"SOS1",1
"GO:0070245","positive regulation of thymocyte apoptotic process","1/147","5/8855",0.2,12.047619047619,3.21034179612513,0.080311000091682,0.546383527792934,0.531324537871179,"TP53",1
"GO:0090063","positive regulation of microtubule nucleation","1/147","5/8855",0.2,12.047619047619,3.21034179612513,0.080311000091682,0.546383527792934,0.531324537871179,"GIT1",1
"GO:0097749","membrane tubulation","1/147","5/8855",0.2,12.047619047619,3.21034179612513,0.080311000091682,0.546383527792934,0.531324537871179,"CORO1C",1
"GO:0106015","negative regulation of inflammatory response to wounding","1/147","5/8855",0.2,12.047619047619,3.21034179612513,0.080311000091682,0.546383527792934,0.531324537871179,"GIT1",1
"GO:0120252","hydrocarbon metabolic process","1/147","5/8855",0.2,12.047619047619,3.21034179612513,0.080311000091682,0.546383527792934,0.531324537871179,"EPHX1",1
"GO:0140507","granzyme-mediated programmed cell death signaling pathway","1/147","5/8855",0.2,12.047619047619,3.21034179612513,0.080311000091682,0.546383527792934,0.531324537871179,"LAMP1",1
"GO:0150032","positive regulation of protein localization to lysosome","1/147","5/8855",0.2,12.047619047619,3.21034179612513,0.080311000091682,0.546383527792934,0.531324537871179,"NMT1",1
"GO:0150093","amyloid-beta clearance by transcytosis","1/147","5/8855",0.2,12.047619047619,3.21034179612513,0.080311000091682,0.546383527792934,0.531324537871179,"RAB11A",1
"GO:1900449","regulation of glutamate receptor signaling pathway","1/147","5/8855",0.2,12.047619047619,3.21034179612513,0.080311000091682,0.546383527792934,0.531324537871179,"FYN",1
"GO:1901097","negative regulation of autophagosome maturation","1/147","5/8855",0.2,12.047619047619,3.21034179612513,0.080311000091682,0.546383527792934,0.531324537871179,"TMEM39A",1
"GO:1901862","negative regulation of muscle tissue development","1/147","5/8855",0.2,12.047619047619,3.21034179612513,0.080311000091682,0.546383527792934,0.531324537871179,"FGF3",1
"GO:1902523","positive regulation of protein K63-linked ubiquitination","1/147","5/8855",0.2,12.047619047619,3.21034179612513,0.080311000091682,0.546383527792934,0.531324537871179,"UBE2V2",1
"GO:1903003","positive regulation of protein deubiquitination","1/147","5/8855",0.2,12.047619047619,3.21034179612513,0.080311000091682,0.546383527792934,0.531324537871179,"VCP",1
"GO:1903450","regulation of G1 to G0 transition","1/147","5/8855",0.2,12.047619047619,3.21034179612513,0.080311000091682,0.546383527792934,0.531324537871179,"TP53",1
"GO:2000323","negative regulation of nuclear receptor-mediated glucocorticoid signaling pathway","1/147","5/8855",0.2,12.047619047619,3.21034179612513,0.080311000091682,0.546383527792934,0.531324537871179,"PER1",1
"GO:2000601","positive regulation of Arp2/3 complex-mediated actin nucleation","1/147","5/8855",0.2,12.047619047619,3.21034179612513,0.080311000091682,0.546383527792934,0.531324537871179,"FCHSD2",1
"GO:2000774","positive regulation of cellular senescence","1/147","5/8855",0.2,12.047619047619,3.21034179612513,0.080311000091682,0.546383527792934,0.531324537871179,"TP53",1
"GO:2000973","regulation of pro-B cell differentiation","1/147","5/8855",0.2,12.047619047619,3.21034179612513,0.080311000091682,0.546383527792934,0.531324537871179,"SOS1",1
"GO:0022612","gland morphogenesis","3/147","61/8855",0.0491803278688525,2.96252927400468,1.99828324277173,0.080449668374494,0.546383527792934,0.531324537871179,"TBX3/EDAR/RARG",3
"GO:0000377","RNA splicing, via transesterification reactions with bulged adenosine as nucleophile","7/147","225/8855",0.0311111111111111,1.87407407407407,1.72545372338865,0.0806090846110486,0.546383527792934,0.531324537871179,"GEMIN8/U2AF2/ACIN1/YJU2/METTL16/DDX46/GEMIN4",7
"GO:0000398","mRNA splicing, via spliceosome","7/147","225/8855",0.0311111111111111,1.87407407407407,1.72545372338865,0.0806090846110486,0.546383527792934,0.531324537871179,"GEMIN8/U2AF2/ACIN1/YJU2/METTL16/DDX46/GEMIN4",7
"GO:0010639","negative regulation of organelle organization","7/147","225/8855",0.0311111111111111,1.87407407407407,1.72545372338865,0.0806090846110486,0.546383527792934,0.531324537871179,"PPIF/USP9X/TP53/BUB3/TOM1L2/TMEM39A/RTEL1",7
"GO:0034101","erythrocyte homeostasis","4/147","99/8855",0.0404040404040404,2.43386243386243,1.86398075273505,0.0821903924072744,0.546383527792934,0.531324537871179,"ACIN1/RPS19/ID2/SLC48A1",4
"GO:0042098","T cell proliferation","4/147","99/8855",0.0404040404040404,2.43386243386243,1.86398075273505,0.0821903924072744,0.546383527792934,0.531324537871179,"FYN/ALKBH5/SOS1/TP53",4
"GO:0051668","localization within membrane","11/147","414/8855",0.0265700483091787,1.6005291005291,1.62594740709227,0.0829669308639509,0.546383527792934,0.531324537871179,"FYN/MADCAM1/ZMYND8/RAB11A/GIT1/KRT18/MACF1/TOMM40/NMT1/TSPAN5/GABARAP",11
"GO:0006301","postreplication repair","2/147","29/8855",0.0689655172413793,4.15435139573071,2.21052955394413,0.0830531837077673,0.546383527792934,0.531324537871179,"VCP/UBE2V2",2
"GO:0014044","Schwann cell development","2/147","29/8855",0.0689655172413793,4.15435139573071,2.21052955394413,0.0830531837077673,0.546383527792934,0.531324537871179,"PRX/SOS1",2
"GO:0031640","killing of cells of another organism","2/147","29/8855",0.0689655172413793,4.15435139573071,2.21052955394413,0.0830531837077673,0.546383527792934,0.531324537871179,"RPS19/C5",2
"GO:0141061","disruption of cell in another organism","2/147","29/8855",0.0689655172413793,4.15435139573071,2.21052955394413,0.0830531837077673,0.546383527792934,0.531324537871179,"RPS19/C5",2
"GO:1902116","negative regulation of organelle assembly","2/147","29/8855",0.0689655172413793,4.15435139573071,2.21052955394413,0.0830531837077673,0.546383527792934,0.531324537871179,"USP9X/TMEM39A",2
"GO:0006457","protein folding","5/147","140/8855",0.0357142857142857,2.15136054421769,1.7840658522976,0.0833247826393199,0.546383527792934,0.531324537871179,"PPIF/FKBP9/PDIA4/CHCHD4/HSPA4L",5
"GO:0051962","positive regulation of nervous system development","5/147","140/8855",0.0357142857142857,2.15136054421769,1.7840658522976,0.0833247826393199,0.546383527792934,0.531324537871179,"TNFRSF12A/LIMK1/ID2/MACF1/BMPR2",5
"GO:0003231","cardiac ventricle development","3/147","62/8855",0.0483870967741935,2.9147465437788,1.96565736730841,0.0835572337757655,0.546383527792934,0.531324537871179,"ID2/TBX3/BMPR2",3
"GO:0007044","cell-substrate junction assembly","3/147","62/8855",0.0483870967741935,2.9147465437788,1.96565736730841,0.0835572337757655,0.546383527792934,0.531324537871179,"TRIP6/CORO1C/MACF1",3
"GO:0008637","apoptotic mitochondrial changes","3/147","62/8855",0.0483870967741935,2.9147465437788,1.96565736730841,0.0835572337757655,0.546383527792934,0.531324537871179,"PPIF/TP53/FMC1",3
"GO:0042303","molting cycle","3/147","62/8855",0.0483870967741935,2.9147465437788,1.96565736730841,0.0835572337757655,0.546383527792934,0.531324537871179,"SOS1/EDAR/PER1",3
"GO:0042633","hair cycle","3/147","62/8855",0.0483870967741935,2.9147465437788,1.96565736730841,0.0835572337757655,0.546383527792934,0.531324537871179,"SOS1/EDAR/PER1",3
"GO:0007409","axonogenesis","7/147","227/8855",0.0308370044052863,1.8575624082232,1.70056333640056,0.0835790432414568,0.546383527792934,0.531324537871179,"TNFRSF12A/FYN/LIMK1/SOS1/USP9X/MACF1/BMPR2",7
"GO:0007254","JNK cascade","4/147","100/8855",0.04,2.40952380952381,1.84167739323337,0.0845651810615042,0.546383527792934,0.531324537871179,"MAP2K7/EDAR/PDCD4/PER1",4
"GO:1905475","regulation of protein localization to membrane","4/147","100/8855",0.04,2.40952380952381,1.84167739323337,0.0845651810615042,0.546383527792934,0.531324537871179,"FYN/ZMYND8/RAB11A/GABARAP",4
"GO:0032386","regulation of intracellular transport","6/147","184/8855",0.0326086956521739,1.96428571428571,1.71731224747617,0.0856711631792809,0.546383527792934,0.531324537871179,"ALKBH5/RAB11A/ANP32B/PKIG/LAMP1/DYNC1H1",6
"GO:0051301","cell division","11/147","417/8855",0.026378896882494,1.58901450268357,1.60082357362982,0.0862590711787939,0.546383527792934,0.531324537871179,"RAB11A/GIT1/USP9X/SPIRE1/ARF1/BUB3/ALKBH4/CDC25A/FGF3/DYNC1H1/TOP1",11
"GO:0000375","RNA splicing, via transesterification reactions","7/147","229/8855",0.0305676855895196,1.84133915574964,1.67592018478308,0.0866115933977047,0.546383527792934,0.531324537871179,"GEMIN8/U2AF2/ACIN1/YJU2/METTL16/DDX46/GEMIN4",7
"GO:0002062","chondrocyte differentiation","3/147","63/8855",0.0476190476190476,2.86848072562358,1.93367852135403,0.0867157967532232,0.546383527792934,0.531324537871179,"SERPINH1/RARG/BMPR2",3
"GO:0002761","regulation of myeloid leukocyte differentiation","3/147","63/8855",0.0476190476190476,2.86848072562358,1.93367852135403,0.0867157967532232,0.546383527792934,0.531324537871179,"ACIN1/CORO1C/ID2",3
"GO:0099072","regulation of postsynaptic membrane neurotransmitter receptor levels","3/147","63/8855",0.0476190476190476,2.86848072562358,1.93367852135403,0.0867157967532232,0.546383527792934,0.531324537871179,"RAB11A/GIT1/GABARAP",3
"GO:0002685","regulation of leukocyte migration","4/147","101/8855",0.0396039603960396,2.38566713814239,1.81964031103504,0.0869734284712586,0.546383527792934,0.531324537871179,"CD9/MADCAM1/C5/TNFRSF18",4
"GO:0043086","negative regulation of catalytic activity","4/147","101/8855",0.0396039603960396,2.38566713814239,1.81964031103504,0.0869734284712586,0.546383527792934,0.531324537871179,"CORO1C/TP53/PDCD4/RPS7",4
"GO:0032943","mononuclear cell proliferation","5/147","142/8855",0.0352112676056338,2.12105969148223,1.74967855400632,0.0872851307057093,0.546383527792934,0.531324537871179,"FYN/ALKBH5/SOS1/TP53/IMPDH2",5
"GO:0019229","regulation of vasoconstriction","2/147","30/8855",0.0666666666666667,4.01587301587302,2.14973802216081,0.0880490805364993,0.546383527792934,0.531324537871179,"ADRA1B/BMPR2",2
"GO:0019674","NAD+ metabolic process","2/147","30/8855",0.0666666666666667,4.01587301587302,2.14973802216081,0.0880490805364993,0.546383527792934,0.531324537871179,"MDH2/VCP",2
"GO:0030488","tRNA methylation","2/147","30/8855",0.0666666666666667,4.01587301587302,2.14973802216081,0.0880490805364993,0.546383527792934,0.531324537871179,"TRMO/TRMT61A",2
"GO:0045912","negative regulation of carbohydrate metabolic process","2/147","30/8855",0.0666666666666667,4.01587301587302,2.14973802216081,0.0880490805364993,0.546383527792934,0.531324537871179,"GIT1/TP53",2
"GO:0071025","RNA surveillance","2/147","30/8855",0.0666666666666667,4.01587301587302,2.14973802216081,0.0880490805364993,0.546383527792934,0.531324537871179,"GTPBP1/EXOSC2",2
"GO:0071459","protein localization to chromosome, centromeric region","2/147","30/8855",0.0666666666666667,4.01587301587302,2.14973802216081,0.0880490805364993,0.546383527792934,0.531324537871179,"BUB3/TRAPPC12",2
"GO:0072577","endothelial cell apoptotic process","2/147","30/8855",0.0666666666666667,4.01587301587302,2.14973802216081,0.0880490805364993,0.546383527792934,0.531324537871179,"PDCD4/BMPR2",2
"GO:1903311","regulation of mRNA metabolic process","7/147","230/8855",0.0304347826086957,1.83333333333333,1.66368973149643,0.0881512879069127,0.546383527792934,0.531324537871179,"U2AF2/ALKBH5/GTPBP1/ACIN1/METTL16/TBRG4/FASTK",7
"GO:0045927","positive regulation of growth","5/147","143/8855",0.034965034965035,2.10622710622711,1.73269689558829,0.0893018697093072,0.546383527792934,0.531324537871179,"TNFRSF12A/LIMK1/MACF1/EXOSC2/BMPR2",5
"GO:0051960","regulation of nervous system development","7/147","231/8855",0.0303030303030303,1.82539682539683,1.65151919695911,0.0897065626581781,0.546383527792934,0.531324537871179,"TNFRSF12A/LIMK1/ID2/MACF1/TP53/RARG/BMPR2",7
"GO:0045639","positive regulation of myeloid cell differentiation","3/147","64/8855",0.046875,2.82366071428571,1.90232232869212,0.0899244904159239,0.546383527792934,0.531324537871179,"ACIN1/CORO1C/ID2",3
"GO:0071675","regulation of mononuclear cell migration","3/147","64/8855",0.046875,2.82366071428571,1.90232232869212,0.0899244904159239,0.546383527792934,0.531324537871179,"CD9/MADCAM1/C5",3
"GO:2000060","positive regulation of ubiquitin-dependent protein catabolic process","3/147","64/8855",0.046875,2.82366071428571,1.90232232869212,0.0899244904159239,0.546383527792934,0.531324537871179,"KEAP1/VCP/GABARAP",3
"GO:0060341","regulation of cellular localization","9/147","324/8855",0.0277777777777778,1.67328042328042,1.60412326287555,0.0899476290430838,0.546383527792934,0.531324537871179,"FYN/ALKBH5/ZMYND8/RAB11A/ANP32B/PKIG/GABARAP/LAMP1/DYNC1H1",9
"GO:0031399","regulation of protein modification process","10/147","374/8855",0.0267379679144385,1.61064425770308,1.56772456338902,0.0926766233458264,0.546383527792934,0.531324537871179,"FYN/U2AF2/CORO1C/PDCD4/CDC25A/VCP/UBE2V2/GABARAP/RPS7/TNFRSF18",10
"GO:0016242","negative regulation of macroautophagy","2/147","31/8855",0.0645161290322581,3.8863287250384,2.09152521514816,0.0931323335762641,0.546383527792934,0.531324537871179,"TP53/TMEM39A",2
"GO:0043457","regulation of cellular respiration","2/147","31/8855",0.0645161290322581,3.8863287250384,2.09152521514816,0.0931323335762641,0.546383527792934,0.531324537871179,"PPIF/VCP",2
"GO:0045428","regulation of nitric oxide biosynthetic process","2/147","31/8855",0.0645161290322581,3.8863287250384,2.09152521514816,0.0931323335762641,0.546383527792934,0.531324537871179,"NFATC3/ASL",2
"GO:0002532","production of molecular mediator involved in inflammatory response","3/147","65/8855",0.0461538461538462,2.78021978021978,1.8715657073093,0.0931824352027255,0.546383527792934,0.531324537871179,"RPS19/PDCD4/PER1",3
"GO:0001667","ameboidal-type cell migration","5/147","145/8855",0.0344827586206897,2.07717569786535,1.69914595663765,0.0934078764180547,0.546383527792934,0.531324537871179,"RAB11A/CORO1C/MACF1/GNA12/BMPR2",5
"GO:0016049","cell growth","8/147","280/8855",0.0285714285714286,1.72108843537415,1.59301438617901,0.0941593815336495,0.546383527792934,0.531324537871179,"TNFRSF12A/LIMK1/USP9X/MACF1/EXOSC2/TP53/RARG/BMPR2",8
"GO:0051129","negative regulation of cellular component organization","11/147","425/8855",0.0258823529411765,1.55910364145658,1.53476615884579,0.0954304301487644,0.546383527792934,0.531324537871179,"FYN/PPIF/CORO1C/USP9X/RPS6/TP53/BUB3/TOM1L2/TMEM39A/KREMEN1/RTEL1",11
"GO:0000467","exonucleolytic trimming to generate mature 3'-end of 5.8S rRNA from tricistronic rRNA transcript (SSU-rRNA, 5.8S rRNA, LSU-rRNA)","1/147","6/8855",0.166666666666667,10.0396825396825,2.87773581998286,0.0955871902596509,0.546383527792934,0.531324537871179,"EXOSC2",1
"GO:0002328","pro-B cell differentiation","1/147","6/8855",0.166666666666667,10.0396825396825,2.87773581998286,0.0955871902596509,0.546383527792934,0.531324537871179,"SOS1",1
"GO:0003175","tricuspid valve development","1/147","6/8855",0.166666666666667,10.0396825396825,2.87773581998286,0.0955871902596509,0.546383527792934,0.531324537871179,"BMPR2",1
"GO:0003186","tricuspid valve morphogenesis","1/147","6/8855",0.166666666666667,10.0396825396825,2.87773581998286,0.0955871902596509,0.546383527792934,0.531324537871179,"BMPR2",1
"GO:0003418","growth plate cartilage chondrocyte differentiation","1/147","6/8855",0.166666666666667,10.0396825396825,2.87773581998286,0.0955871902596509,0.546383527792934,0.531324537871179,"RARG",1
"GO:0003431","growth plate cartilage chondrocyte development","1/147","6/8855",0.166666666666667,10.0396825396825,2.87773581998286,0.0955871902596509,0.546383527792934,0.531324537871179,"RARG",1
"GO:0006108","malate metabolic process","1/147","6/8855",0.166666666666667,10.0396825396825,2.87773581998286,0.0955871902596509,0.546383527792934,0.531324537871179,"MDH2",1
"GO:0007216","G protein-coupled glutamate receptor signaling pathway","1/147","6/8855",0.166666666666667,10.0396825396825,2.87773581998286,0.0955871902596509,0.546383527792934,0.531324537871179,"FYN",1
"GO:0007406","negative regulation of neuroblast proliferation","1/147","6/8855",0.166666666666667,10.0396825396825,2.87773581998286,0.0955871902596509,0.546383527792934,0.531324537871179,"TP53",1
"GO:0009298","GDP-mannose biosynthetic process","1/147","6/8855",0.166666666666667,10.0396825396825,2.87773581998286,0.0955871902596509,0.546383527792934,0.531324537871179,"MPI",1
"GO:0014908","myotube differentiation involved in skeletal muscle regeneration","1/147","6/8855",0.166666666666667,10.0396825396825,2.87773581998286,0.0955871902596509,0.546383527792934,0.531324537871179,"CD9",1
"GO:0032275","luteinizing hormone secretion","1/147","6/8855",0.166666666666667,10.0396825396825,2.87773581998286,0.0955871902596509,0.546383527792934,0.531324537871179,"TBX3",1
"GO:0032954","regulation of cytokinetic process","1/147","6/8855",0.166666666666667,10.0396825396825,2.87773581998286,0.0955871902596509,0.546383527792934,0.531324537871179,"RAB11A",1
"GO:0032988","protein-RNA complex disassembly","1/147","6/8855",0.166666666666667,10.0396825396825,2.87773581998286,0.0955871902596509,0.546383527792934,0.531324537871179,"VCP",1
"GO:0035520","monoubiquitinated protein deubiquitination","1/147","6/8855",0.166666666666667,10.0396825396825,2.87773581998286,0.0955871902596509,0.546383527792934,0.531324537871179,"USP9X",1
"GO:0036089","cleavage furrow formation","1/147","6/8855",0.166666666666667,10.0396825396825,2.87773581998286,0.0955871902596509,0.546383527792934,0.531324537871179,"SPIRE1",1
"GO:0042693","muscle cell fate commitment","1/147","6/8855",0.166666666666667,10.0396825396825,2.87773581998286,0.0955871902596509,0.546383527792934,0.531324537871179,"TBX3",1
"GO:0045838","positive regulation of membrane potential","1/147","6/8855",0.166666666666667,10.0396825396825,2.87773581998286,0.0955871902596509,0.546383527792934,0.531324537871179,"VCP",1
"GO:0048635","negative regulation of muscle organ development","1/147","6/8855",0.166666666666667,10.0396825396825,2.87773581998286,0.0955871902596509,0.546383527792934,0.531324537871179,"FGF3",1
"GO:0048715","negative regulation of oligodendrocyte differentiation","1/147","6/8855",0.166666666666667,10.0396825396825,2.87773581998286,0.0955871902596509,0.546383527792934,0.531324537871179,"ID2",1
"GO:0050966","detection of mechanical stimulus involved in sensory perception of pain","1/147","6/8855",0.166666666666667,10.0396825396825,2.87773581998286,0.0955871902596509,0.546383527792934,0.531324537871179,"FYN",1
"GO:0051127","positive regulation of actin nucleation","1/147","6/8855",0.166666666666667,10.0396825396825,2.87773581998286,0.0955871902596509,0.546383527792934,0.531324537871179,"FCHSD2",1
"GO:0051639","actin filament network formation","1/147","6/8855",0.166666666666667,10.0396825396825,2.87773581998286,0.0955871902596509,0.546383527792934,0.531324537871179,"SPIRE1",1
"GO:0051953","negative regulation of amine transport","1/147","6/8855",0.166666666666667,10.0396825396825,2.87773581998286,0.0955871902596509,0.546383527792934,0.531324537871179,"SLC43A1",1
"GO:0060426","lung vasculature development","1/147","6/8855",0.166666666666667,10.0396825396825,2.87773581998286,0.0955871902596509,0.546383527792934,0.531324537871179,"BMPR2",1
"GO:0060749","mammary gland alveolus development","1/147","6/8855",0.166666666666667,10.0396825396825,2.87773581998286,0.0955871902596509,0.546383527792934,0.531324537871179,"ID2",1
"GO:0061377","mammary gland lobule development","1/147","6/8855",0.166666666666667,10.0396825396825,2.87773581998286,0.0955871902596509,0.546383527792934,0.531324537871179,"ID2",1
"GO:0061502","early endosome to recycling endosome transport","1/147","6/8855",0.166666666666667,10.0396825396825,2.87773581998286,0.0955871902596509,0.546383527792934,0.531324537871179,"RAB11A",1
"GO:0061945","regulation of protein K48-linked ubiquitination","1/147","6/8855",0.166666666666667,10.0396825396825,2.87773581998286,0.0955871902596509,0.546383527792934,0.531324537871179,"GABARAP",1
"GO:0071035","nuclear polyadenylation-dependent rRNA catabolic process","1/147","6/8855",0.166666666666667,10.0396825396825,2.87773581998286,0.0955871902596509,0.546383527792934,0.531324537871179,"EXOSC2",1
"GO:0071038","TRAMP-dependent tRNA surveillance pathway","1/147","6/8855",0.166666666666667,10.0396825396825,2.87773581998286,0.0955871902596509,0.546383527792934,0.531324537871179,"EXOSC2",1
"GO:0071051","poly(A)-dependent snoRNA 3'-end processing","1/147","6/8855",0.166666666666667,10.0396825396825,2.87773581998286,0.0955871902596509,0.546383527792934,0.531324537871179,"EXOSC2",1
"GO:0090230","regulation of centromere complex assembly","1/147","6/8855",0.166666666666667,10.0396825396825,2.87773581998286,0.0955871902596509,0.546383527792934,0.531324537871179,"TRAPPC12",1
"GO:0090324","negative regulation of oxidative phosphorylation","1/147","6/8855",0.166666666666667,10.0396825396825,2.87773581998286,0.0955871902596509,0.546383527792934,0.531324537871179,"PPIF",1
"GO:0090400","stress-induced premature senescence","1/147","6/8855",0.166666666666667,10.0396825396825,2.87773581998286,0.0955871902596509,0.546383527792934,0.531324537871179,"TP53",1
"GO:0098887","neurotransmitter receptor transport, endosome to postsynaptic membrane","1/147","6/8855",0.166666666666667,10.0396825396825,2.87773581998286,0.0955871902596509,0.546383527792934,0.531324537871179,"RAB11A",1
"GO:0099639","neurotransmitter receptor transport, endosome to plasma membrane","1/147","6/8855",0.166666666666667,10.0396825396825,2.87773581998286,0.0955871902596509,0.546383527792934,0.531324537871179,"RAB11A",1
"GO:0110030","regulation of G2/MI transition of meiotic cell cycle","1/147","6/8855",0.166666666666667,10.0396825396825,2.87773581998286,0.0955871902596509,0.546383527792934,0.531324537871179,"CDC25A",1
"GO:0120186","negative regulation of protein localization to chromatin","1/147","6/8855",0.166666666666667,10.0396825396825,2.87773581998286,0.0955871902596509,0.546383527792934,0.531324537871179,"VCP",1
"GO:1902031","regulation of NADP metabolic process","1/147","6/8855",0.166666666666667,10.0396825396825,2.87773581998286,0.0955871902596509,0.546383527792934,0.531324537871179,"TP53",1
"GO:1902255","positive regulation of intrinsic apoptotic signaling pathway by p53 class mediator","1/147","6/8855",0.166666666666667,10.0396825396825,2.87773581998286,0.0955871902596509,0.546383527792934,0.531324537871179,"RPS7",1
"GO:1903436","regulation of mitotic cytokinetic process","1/147","6/8855",0.166666666666667,10.0396825396825,2.87773581998286,0.0955871902596509,0.546383527792934,0.531324537871179,"RAB11A",1
"GO:1903438","positive regulation of mitotic cytokinetic process","1/147","6/8855",0.166666666666667,10.0396825396825,2.87773581998286,0.0955871902596509,0.546383527792934,0.531324537871179,"RAB11A",1
"GO:1903799","negative regulation of miRNA processing","1/147","6/8855",0.166666666666667,10.0396825396825,2.87773581998286,0.0955871902596509,0.546383527792934,0.531324537871179,"TP53",1
"GO:1904515","positive regulation of TORC2 signaling","1/147","6/8855",0.166666666666667,10.0396825396825,2.87773581998286,0.0955871902596509,0.546383527792934,0.531324537871179,"USP9X",1
"GO:1904667","negative regulation of ubiquitin protein ligase activity","1/147","6/8855",0.166666666666667,10.0396825396825,2.87773581998286,0.0955871902596509,0.546383527792934,0.531324537871179,"RPS7",1
"GO:1904760","regulation of myofibroblast differentiation","1/147","6/8855",0.166666666666667,10.0396825396825,2.87773581998286,0.0955871902596509,0.546383527792934,0.531324537871179,"PDCD4",1
"GO:2000322","regulation of nuclear receptor-mediated glucocorticoid signaling pathway","1/147","6/8855",0.166666666666667,10.0396825396825,2.87773581998286,0.0955871902596509,0.546383527792934,0.531324537871179,"PER1",1
"GO:2000392","regulation of lamellipodium morphogenesis","1/147","6/8855",0.166666666666667,10.0396825396825,2.87773581998286,0.0955871902596509,0.546383527792934,0.531324537871179,"CORO1C",1
"GO:0008033","tRNA processing","4/147","105/8855",0.0380952380952381,2.29478458049887,1.73403299852808,0.096935250247477,0.546383527792934,0.531324537871179,"TRMO/RPP25L/TRMT61A/TSEN54",4
"GO:0010563","negative regulation of phosphorus metabolic process","4/147","105/8855",0.0380952380952381,2.29478458049887,1.73403299852808,0.096935250247477,0.546383527792934,0.531324537871179,"GIT1/CORO1C/TP53/PDCD4",4
"GO:0033002","muscle cell proliferation","4/147","105/8855",0.0380952380952381,2.29478458049887,1.73403299852808,0.096935250247477,0.546383527792934,0.531324537871179,"ID2/GNA12/PDCD4/BMPR2",4
"GO:0045936","negative regulation of phosphate metabolic process","4/147","105/8855",0.0380952380952381,2.29478458049887,1.73403299852808,0.096935250247477,0.546383527792934,0.531324537871179,"GIT1/CORO1C/TP53/PDCD4",4
"GO:0009416","response to light stimulus","6/147","191/8855",0.031413612565445,1.8922961854899,1.61970422195902,0.0981291427747434,0.546383527792934,0.531324537871179,"TMEM161A/MAP2K7/ID2/NMT1/TP53/PER1",6
"GO:0014037","Schwann cell differentiation","2/147","32/8855",0.0625,3.76488095238095,2.03569402605734,0.0982987137027965,0.546383527792934,0.531324537871179,"PRX/SOS1",2
"GO:0043470","regulation of carbohydrate catabolic process","2/147","32/8855",0.0625,3.76488095238095,2.03569402605734,0.0982987137027965,0.546383527792934,0.531324537871179,"GIT1/TP53",2
"GO:0060135","maternal process involved in female pregnancy","2/147","32/8855",0.0625,3.76488095238095,2.03569402605734,0.0982987137027965,0.546383527792934,0.531324537871179,"DEDD/BMPR2",2
"GO:0141060","disruption of anatomical structure in another organism","2/147","32/8855",0.0625,3.76488095238095,2.03569402605734,0.0982987137027965,0.546383527792934,0.531324537871179,"RPS19/C5",2
"GO:0007006","mitochondrial membrane organization","3/147","67/8855",0.0447761194029851,2.69722814498934,1.81176480240632,0.0998425030377815,0.546383527792934,0.531324537871179,"PPIF/TOMM40/TP53",3
"GO:0007498","mesoderm development","3/147","67/8855",0.0447761194029851,2.69722814498934,1.81176480240632,0.0998425030377815,0.546383527792934,0.531324537871179,"AHDC1/TBX3/BMPR2",3
"GO:0150115","cell-substrate junction organization","3/147","67/8855",0.0447761194029851,2.69722814498934,1.81176480240632,0.0998425030377815,0.546383527792934,0.531324537871179,"TRIP6/CORO1C/MACF1",3
"GO:0042063","gliogenesis","6/147","192/8855",0.03125,1.88244047619048,1.60609449480435,0.0999841014287493,0.546383527792934,0.531324537871179,"CD9/FYN/PRX/ID2/SOS1/TP53",6
"GO:0010720","positive regulation of cell development","7/147","238/8855",0.0294117647058824,1.77170868347339,1.56795298102495,0.101027128380326,0.546383527792934,0.531324537871179,"TNFRSF12A/ACIN1/LIMK1/CORO1C/ID2/MACF1/BMPR2",7
"GO:0033209","tumor necrosis factor-mediated signaling pathway","3/147","68/8855",0.0441176470588235,2.65756302521008,1.78268007190903,0.103242813204494,0.546383527792934,0.531324537871179,"KRT18/TP53/TNFRSF18",3
"GO:0051348","negative regulation of transferase activity","3/147","68/8855",0.0441176470588235,2.65756302521008,1.78268007190903,0.103242813204494,0.546383527792934,0.531324537871179,"CORO1C/PDCD4/RPS7",3
"GO:2001243","negative regulation of intrinsic apoptotic signaling pathway","3/147","68/8855",0.0441176470588235,2.65756302521008,1.78268007190903,0.103242813204494,0.546383527792934,0.531324537871179,"FYN/TMEM161A/PPIF",3
"GO:0010332","response to gamma radiation","2/147","33/8855",0.0606060606060606,3.65079365079365,1.98206814109537,0.103544106410337,0.546383527792934,0.531324537871179,"TP53/TOP1",2
"GO:0080164","regulation of nitric oxide metabolic process","2/147","33/8855",0.0606060606060606,3.65079365079365,1.98206814109537,0.103544106410337,0.546383527792934,0.531324537871179,"NFATC3/ASL",2
"GO:0006935","chemotaxis","6/147","194/8855",0.0309278350515464,1.86303387334315,1.5791155253962,0.103749736606205,0.546383527792934,0.531324537871179,"RPS19/C5/CORO1C/PREX1/S100A4/BMPR2",6
"GO:0006281","DNA repair","11/147","432/8855",0.025462962962963,1.53384038800705,1.47804996867293,0.10392354448277,0.546383527792934,0.531324537871179,"TMEM161A/KIF22/ZMYND8/MCM4/USP9X/SPIRE1/TP53/VCP/UBE2V2/AP5Z1/RTEL1",11
"GO:0016052","carbohydrate catabolic process","4/147","108/8855",0.037037037037037,2.2310405643739,1.67233736852968,0.104743271807121,0.546383527792934,0.531324537871179,"GIT1/TPI1/TP53/MPI",4
"GO:0042330","taxis","6/147","195/8855",0.0307692307692308,1.85347985347985,1.56574433719225,0.10566025137429,0.546383527792934,0.531324537871179,"RPS19/C5/CORO1C/PREX1/S100A4/BMPR2",6
"GO:0034599","cellular response to oxidative stress","5/147","151/8855",0.033112582781457,1.99463891516872,1.60163553368975,0.106296398538694,0.546383527792934,0.531324537871179,"FYN/TMEM161A/KEAP1/PPIF/TP53",5
"GO:0010821","regulation of mitochondrion organization","3/147","69/8855",0.0434782608695652,2.61904761904762,1.75411387658931,0.106688750716212,0.546383527792934,0.531324537871179,"PPIF/SPIRE1/TP53",3
"GO:0034655","nucleobase-containing compound catabolic process","10/147","385/8855",0.025974025974026,1.56462585034014,1.47169777480448,0.106891597302592,0.546383527792934,0.531324537871179,"ALKBH5/GTPBP1/GIT1/TPI1/METTL16/EXOSC2/TBRG4/FASTK/VCP/NUDT3",10
"GO:1901292","nucleoside phosphate catabolic process","4/147","109/8855",0.036697247706422,2.21057230231542,1.65222223174051,0.107408328940733,0.546383527792934,0.531324537871179,"GIT1/TPI1/VCP/NUDT3",4
"GO:0044089","positive regulation of cellular component biogenesis","8/147","289/8855",0.027681660899654,1.66749052562201,1.4989053442463,0.107811399622428,0.546383527792934,0.531324537871179,"ZMYND8/RAB11A/LIMK1/GIT1/FCHSD2/TP53/VCP/DYNC1H1",8
"GO:0061013","regulation of mRNA catabolic process","5/147","152/8855",0.0328947368421053,1.98151629072682,1.58582050993882,0.108526129355755,0.546383527792934,0.531324537871179,"ALKBH5/GTPBP1/METTL16/TBRG4/FASTK",5
"GO:0008347","glial cell migration","2/147","34/8855",0.0588235294117647,3.54341736694678,1.93048928698328,0.108864509214654,0.546383527792934,0.531324537871179,"CD9/FYN",2
"GO:0033260","nuclear DNA replication","2/147","34/8855",0.0588235294117647,3.54341736694678,1.93048928698328,0.108864509214654,0.546383527792934,0.531324537871179,"MCM4/RTEL1",2
"GO:0061035","regulation of cartilage development","2/147","34/8855",0.0588235294117647,3.54341736694678,1.93048928698328,0.108864509214654,0.546383527792934,0.531324537871179,"RARG/BMPR2",2
"GO:0071763","nuclear membrane organization","2/147","34/8855",0.0588235294117647,3.54341736694678,1.93048928698328,0.108864509214654,0.546383527792934,0.531324537871179,"TOR1AIP1/CDC25A",2
"GO:0006091","generation of precursor metabolites and energy","8/147","290/8855",0.0275862068965517,1.66174055829228,1.48864891361309,0.1093929499739,0.546383527792934,0.531324537871179,"CYB561/PPIF/GIT1/TPI1/TP53/MDH2/VCP/CXXC5",8
"GO:0031589","cell-substrate adhesion","6/147","197/8855",0.0304568527918782,1.8346627991298,1.53923381540334,0.109536246768667,0.546383527792934,0.531324537871179,"TNFRSF12A/TRIP6/MADCAM1/CORO1C/PREX1/MACF1",6
"GO:0042177","negative regulation of protein catabolic process","3/147","70/8855",0.0428571428571429,2.58163265306122,1.72604842388493,0.110179388206593,0.546383527792934,0.531324537871179,"FYN/USP9X/DEDD",3
"GO:0000050","urea cycle","1/147","7/8855",0.142857142857143,8.60544217687075,2.61529177424328,0.110611337963553,0.546383527792934,0.531324537871179,"ASL",1
"GO:0000447","endonucleolytic cleavage in ITS1 to separate SSU-rRNA from 5.8S rRNA and LSU-rRNA from tricistronic rRNA transcript (SSU-rRNA, 5.8S rRNA, LSU-rRNA)","1/147","7/8855",0.142857142857143,8.60544217687075,2.61529177424328,0.110611337963553,0.546383527792934,0.531324537871179,"RPS21",1
"GO:0002068","glandular epithelial cell development","1/147","7/8855",0.142857142857143,8.60544217687075,2.61529177424328,0.110611337963553,0.546383527792934,0.531324537871179,"RARG",1
"GO:0002679","respiratory burst involved in defense response","1/147","7/8855",0.142857142857143,8.60544217687075,2.61529177424328,0.110611337963553,0.546383527792934,0.531324537871179,"RPS19",1
"GO:0003228","atrial cardiac muscle tissue development","1/147","7/8855",0.142857142857143,8.60544217687075,2.61529177424328,0.110611337963553,0.546383527792934,0.531324537871179,"TBX3",1
"GO:0006183","GTP biosynthetic process","1/147","7/8855",0.142857142857143,8.60544217687075,2.61529177424328,0.110611337963553,0.546383527792934,0.531324537871179,"IMPDH2",1
"GO:0006307","DNA alkylation repair","1/147","7/8855",0.142857142857143,8.60544217687075,2.61529177424328,0.110611337963553,0.546383527792934,0.531324537871179,"USP9X",1
"GO:0006958","complement activation, classical pathway","1/147","7/8855",0.142857142857143,8.60544217687075,2.61529177424328,0.110611337963553,0.546383527792934,0.531324537871179,"C5",1
"GO:0007008","outer mitochondrial membrane organization","1/147","7/8855",0.142857142857143,8.60544217687075,2.61529177424328,0.110611337963553,0.546383527792934,0.531324537871179,"TOMM40",1
"GO:0007077","mitotic nuclear membrane disassembly","1/147","7/8855",0.142857142857143,8.60544217687075,2.61529177424328,0.110611337963553,0.546383527792934,0.531324537871179,"CDC25A",1
"GO:0014821","phasic smooth muscle contraction","1/147","7/8855",0.142857142857143,8.60544217687075,2.61529177424328,0.110611337963553,0.546383527792934,0.531324537871179,"TBX3",1
"GO:0015820","L-leucine transport","1/147","7/8855",0.142857142857143,8.60544217687075,2.61529177424328,0.110611337963553,0.546383527792934,0.531324537871179,"SLC43A1",1
"GO:0019627","urea metabolic process","1/147","7/8855",0.142857142857143,8.60544217687075,2.61529177424328,0.110611337963553,0.546383527792934,0.531324537871179,"ASL",1
"GO:0022400","regulation of opsin-mediated signaling pathway","1/147","7/8855",0.142857142857143,8.60544217687075,2.61529177424328,0.110611337963553,0.546383527792934,0.531324537871179,"NMT1",1
"GO:0032092","positive regulation of protein binding","1/147","7/8855",0.142857142857143,8.60544217687075,2.61529177424328,0.110611337963553,0.546383527792934,0.531324537871179,"USP9X",1
"GO:0032201","telomere maintenance via semi-conservative replication","1/147","7/8855",0.142857142857143,8.60544217687075,2.61529177424328,0.110611337963553,0.546383527792934,0.531324537871179,"RTEL1",1
"GO:0033615","mitochondrial proton-transporting ATP synthase complex assembly","1/147","7/8855",0.142857142857143,8.60544217687075,2.61529177424328,0.110611337963553,0.546383527792934,0.531324537871179,"FMC1",1
"GO:0034475","U4 snRNA 3'-end processing","1/147","7/8855",0.142857142857143,8.60544217687075,2.61529177424328,0.110611337963553,0.546383527792934,0.531324537871179,"EXOSC2",1
"GO:0034486","vacuolar transmembrane transport","1/147","7/8855",0.142857142857143,8.60544217687075,2.61529177424328,0.110611337963553,0.546383527792934,0.531324537871179,"SLC48A1",1
"GO:0036446","myofibroblast differentiation","1/147","7/8855",0.142857142857143,8.60544217687075,2.61529177424328,0.110611337963553,0.546383527792934,0.531324537871179,"PDCD4",1
"GO:0043461","proton-transporting ATP synthase complex assembly","1/147","7/8855",0.142857142857143,8.60544217687075,2.61529177424328,0.110611337963553,0.546383527792934,0.531324537871179,"FMC1",1
"GO:0043589","skin morphogenesis","1/147","7/8855",0.142857142857143,8.60544217687075,2.61529177424328,0.110611337963553,0.546383527792934,0.531324537871179,"AHDC1",1
"GO:0045040","protein insertion into mitochondrial outer membrane","1/147","7/8855",0.142857142857143,8.60544217687075,2.61529177424328,0.110611337963553,0.546383527792934,0.531324537871179,"TOMM40",1
"GO:0045898","regulation of RNA polymerase II transcription preinitiation complex assembly","1/147","7/8855",0.142857142857143,8.60544217687075,2.61529177424328,0.110611337963553,0.546383527792934,0.531324537871179,"TP53",1
"GO:0045906","negative regulation of vasoconstriction","1/147","7/8855",0.142857142857143,8.60544217687075,2.61529177424328,0.110611337963553,0.546383527792934,0.531324537871179,"BMPR2",1
"GO:0048537","mucosa-associated lymphoid tissue development","1/147","7/8855",0.142857142857143,8.60544217687075,2.61529177424328,0.110611337963553,0.546383527792934,0.531324537871179,"ID2",1
"GO:0048541","Peyer's patch development","1/147","7/8855",0.142857142857143,8.60544217687075,2.61529177424328,0.110611337963553,0.546383527792934,0.531324537871179,"ID2",1
"GO:0048711","positive regulation of astrocyte differentiation","1/147","7/8855",0.142857142857143,8.60544217687075,2.61529177424328,0.110611337963553,0.546383527792934,0.531324537871179,"ID2",1
"GO:0050665","hydrogen peroxide biosynthetic process","1/147","7/8855",0.142857142857143,8.60544217687075,2.61529177424328,0.110611337963553,0.546383527792934,0.531324537871179,"FYN",1
"GO:0060788","ectodermal placode formation","1/147","7/8855",0.142857142857143,8.60544217687075,2.61529177424328,0.110611337963553,0.546383527792934,0.531324537871179,"TBX3",1
"GO:0060836","lymphatic endothelial cell differentiation","1/147","7/8855",0.142857142857143,8.60544217687075,2.61529177424328,0.110611337963553,0.546383527792934,0.531324537871179,"BMPR2",1
"GO:0060872","semicircular canal development","1/147","7/8855",0.142857142857143,8.60544217687075,2.61529177424328,0.110611337963553,0.546383527792934,0.531324537871179,"TBX3",1
"GO:0062100","positive regulation of programmed necrotic cell death","1/147","7/8855",0.142857142857143,8.60544217687075,2.61529177424328,0.110611337963553,0.546383527792934,0.531324537871179,"TP53",1
"GO:0070234","positive regulation of T cell apoptotic process","1/147","7/8855",0.142857142857143,8.60544217687075,2.61529177424328,0.110611337963553,0.546383527792934,0.531324537871179,"TP53",1
"GO:0070837","dehydroascorbic acid transport","1/147","7/8855",0.142857142857143,8.60544217687075,2.61529177424328,0.110611337963553,0.546383527792934,0.531324537871179,"SLC2A3",1
"GO:0070988","demethylation","1/147","7/8855",0.142857142857143,8.60544217687075,2.61529177424328,0.110611337963553,0.546383527792934,0.531324537871179,"ALKBH4",1
"GO:0071236","cellular response to antibiotic","1/147","7/8855",0.142857142857143,8.60544217687075,2.61529177424328,0.110611337963553,0.546383527792934,0.531324537871179,"TP53",1
"GO:0071285","cellular response to lithium ion","1/147","7/8855",0.142857142857143,8.60544217687075,2.61529177424328,0.110611337963553,0.546383527792934,0.531324537871179,"ID2",1
"GO:0071696","ectodermal placode development","1/147","7/8855",0.142857142857143,8.60544217687075,2.61529177424328,0.110611337963553,0.546383527792934,0.531324537871179,"TBX3",1
"GO:0071697","ectodermal placode morphogenesis","1/147","7/8855",0.142857142857143,8.60544217687075,2.61529177424328,0.110611337963553,0.546383527792934,0.531324537871179,"TBX3",1
"GO:0090331","negative regulation of platelet aggregation","1/147","7/8855",0.142857142857143,8.60544217687075,2.61529177424328,0.110611337963553,0.546383527792934,0.531324537871179,"CD9",1
"GO:0097292","XMP metabolic process","1/147","7/8855",0.142857142857143,8.60544217687075,2.61529177424328,0.110611337963553,0.546383527792934,0.531324537871179,"IMPDH2",1
"GO:0097293","XMP biosynthetic process","1/147","7/8855",0.142857142857143,8.60544217687075,2.61529177424328,0.110611337963553,0.546383527792934,0.531324537871179,"IMPDH2",1
"GO:0097294","'de novo' XMP biosynthetic process","1/147","7/8855",0.142857142857143,8.60544217687075,2.61529177424328,0.110611337963553,0.546383527792934,0.531324537871179,"IMPDH2",1
"GO:0098693","regulation of synaptic vesicle cycle","1/147","7/8855",0.142857142857143,8.60544217687075,2.61529177424328,0.110611337963553,0.546383527792934,0.531324537871179,"ARHGDIA",1
"GO:0106014","regulation of inflammatory response to wounding","1/147","7/8855",0.142857142857143,8.60544217687075,2.61529177424328,0.110611337963553,0.546383527792934,0.531324537871179,"GIT1",1
"GO:0106354","tRNA surveillance","1/147","7/8855",0.142857142857143,8.60544217687075,2.61529177424328,0.110611337963553,0.546383527792934,0.531324537871179,"EXOSC2",1
"GO:0150031","regulation of protein localization to lysosome","1/147","7/8855",0.142857142857143,8.60544217687075,2.61529177424328,0.110611337963553,0.546383527792934,0.531324537871179,"NMT1",1
"GO:1900044","regulation of protein K63-linked ubiquitination","1/147","7/8855",0.142857142857143,8.60544217687075,2.61529177424328,0.110611337963553,0.546383527792934,0.531324537871179,"UBE2V2",1
"GO:1900264","positive regulation of DNA-directed DNA polymerase activity","1/147","7/8855",0.142857142857143,8.60544217687075,2.61529177424328,0.110611337963553,0.546383527792934,0.531324537871179,"DSCC1",1
"GO:1901856","negative regulation of cellular respiration","1/147","7/8855",0.142857142857143,8.60544217687075,2.61529177424328,0.110611337963553,0.546383527792934,0.531324537871179,"PPIF",1
"GO:1905456","regulation of lymphoid progenitor cell differentiation","1/147","7/8855",0.142857142857143,8.60544217687075,2.61529177424328,0.110611337963553,0.546383527792934,0.531324537871179,"SOS1",1
"GO:1905634","regulation of protein localization to chromatin","1/147","7/8855",0.142857142857143,8.60544217687075,2.61529177424328,0.110611337963553,0.546383527792934,0.531324537871179,"VCP",1
"GO:1905832","positive regulation of spindle assembly","1/147","7/8855",0.142857142857143,8.60544217687075,2.61529177424328,0.110611337963553,0.546383527792934,0.531324537871179,"DYNC1H1",1
"GO:2000646","positive regulation of receptor catabolic process","1/147","7/8855",0.142857142857143,8.60544217687075,2.61529177424328,0.110611337963553,0.546383527792934,0.531324537871179,"GIT1",1
"GO:0022604","regulation of cell morphogenesis","5/147","154/8855",0.0324675324675325,1.95578231292517,1.55454744602332,0.113054116791174,0.546383527792934,0.531324537871179,"FYN/CORO1C/MACF1/ZMYM4/GNA12",5
"GO:2001251","negative regulation of chromosome organization","3/147","71/8855",0.0422535211267606,2.54527162977867,1.69846678435133,0.113713791599419,0.546383527792934,0.531324537871179,"TP53/BUB3/RTEL1",3
"GO:0042310","vasoconstriction","2/147","35/8855",0.0571428571428571,3.4421768707483,1.88081491211038,0.114256029109769,0.546383527792934,0.531324537871179,"ADRA1B/BMPR2",2
"GO:0097300","programmed necrotic cell death","2/147","35/8855",0.0571428571428571,3.4421768707483,1.88081491211038,0.114256029109769,0.546383527792934,0.531324537871179,"PPIF/TP53",2
"GO:0010975","regulation of neuron projection development","7/147","246/8855",0.0284552845528455,1.71409214092141,1.4757563786445,0.114881105781984,0.546383527792934,0.531324537871179,"TNFRSF12A/FYN/LIMK1/PREX1/MACF1/KREMEN1/BMPR2",7
"GO:0050767","regulation of neurogenesis","6/147","200/8855",0.03,1.80714285714286,1.50003393986686,0.115486274751643,0.546383527792934,0.531324537871179,"TNFRSF12A/LIMK1/ID2/MACF1/TP53/BMPR2",6
"GO:0048738","cardiac muscle tissue development","4/147","112/8855",0.0357142857142857,2.15136054421769,1.59315976839001,0.115585784462846,0.546383527792934,0.531324537871179,"MBD3/ID2/TBX3/FGF3",4
"GO:0071482","cellular response to light stimulus","3/147","72/8855",0.0416666666666667,2.50992063492063,1.6713528381244,0.117291020977761,0.546383527792934,0.531324537871179,"TMEM161A/NMT1/TP53",3
"GO:1903322","positive regulation of protein modification by small protein conjugation or removal","3/147","72/8855",0.0416666666666667,2.50992063492063,1.6713528381244,0.117291020977761,0.546383527792934,0.531324537871179,"VCP/UBE2V2/GABARAP",3
"GO:0048667","cell morphogenesis involved in neuron differentiation","8/147","295/8855",0.0271186440677966,1.63357546408394,1.43794306972138,0.117492232421003,0.546383527792934,0.531324537871179,"TNFRSF12A/FYN/LIMK1/ID2/SOS1/USP9X/MACF1/BMPR2",8
"GO:0006260","DNA replication","6/147","201/8855",0.0298507462686567,1.79815209665956,1.48711467091892,0.117505503982697,0.546383527792934,0.531324537871179,"MCM4/DSCC1/TP53/CDC25A/TOP1/RTEL1",6
"GO:0006402","mRNA catabolic process","6/147","201/8855",0.0298507462686567,1.79815209665956,1.48711467091892,0.117505503982697,0.546383527792934,0.531324537871179,"ALKBH5/GTPBP1/METTL16/EXOSC2/TBRG4/FASTK",6
"GO:0006412","translation","12/147","493/8855",0.0243407707910751,1.46624166908143,1.38404011806378,0.117580308870458,0.546383527792934,0.531324537871179,"MRPS10/ALKBH5/GTPBP1/RPS19/RPL34/MRPS25/RPS6/LTO1/RPL29/RPS21/RPS7/FARSA",12
"GO:0001836","release of cytochrome c from mitochondria","2/147","36/8855",0.0555555555555556,3.34656084656085,1.83291622276998,0.119714880077337,0.546383527792934,0.531324537871179,"PPIF/TP53",2
"GO:0060322","head development","10/147","395/8855",0.0253164556962025,1.52501506931887,1.38692939009616,0.120852971184941,0.546383527792934,0.531324537871179,"FYN/GIT1/CORO1C/ID2/SOS1/TBX3/ANP32B/TP53/ANKRD11/RARG",10
"GO:1901875","positive regulation of post-translational protein modification","3/147","73/8855",0.0410958904109589,2.47553816046967,1.64469122540207,0.120910131420278,0.546383527792934,0.531324537871179,"VCP/UBE2V2/GABARAP",3
"GO:0051495","positive regulation of cytoskeleton organization","4/147","114/8855",0.0350877192982456,2.11361737677527,1.55480912419954,0.121185693777168,0.546383527792934,0.531324537871179,"LIMK1/GIT1/FCHSD2/DYNC1H1",4
"GO:0009887","animal organ morphogenesis","12/147","496/8855",0.0241935483870968,1.4573732718894,1.36208331563952,0.121414956630862,0.546383527792934,0.531324537871179,"FOXN3/ID2/SOS1/AHDC1/TBX3/EDAR/TP53/SERPINH1/PDCD4/ANKRD11/RARG/BMPR2",12
"GO:0051052","regulation of DNA metabolic process","9/147","346/8855",0.0260115606936416,1.56688687035508,1.39754049883726,0.121416052301282,0.546383527792934,0.531324537871179,"TMEM161A/MAP2K7/MCM4/SPIRE1/DSCC1/TP53/CDC25A/UBE2V2/RTEL1",9
"GO:0032102","negative regulation of response to external stimulus","6/147","203/8855",0.0295566502463054,1.78043631245602,1.46149201807859,0.121597172323228,0.546383527792934,0.531324537871179,"CD9/FYN/RPS19/C5/GIT1/KREMEN1",6
"GO:0002768","immune response-regulating cell surface receptor signaling pathway","5/147","159/8855",0.0314465408805031,1.8942797244684,1.47836406322049,0.124765522062566,0.546383527792934,0.531324537871179,"FYN/MAP2K7/LIMK1/SOS1/ELF1",5
"GO:0060284","regulation of cell development","11/147","448/8855",0.0245535714285714,1.47906037414966,1.35200391327435,0.124965646523572,0.546383527792934,0.531324537871179,"TNFRSF12A/ACIN1/RPS19/LIMK1/CORO1C/ID2/SOS1/MACF1/TP53/RARG/BMPR2",11
"GO:0000387","spliceosomal snRNP assembly","2/147","37/8855",0.0540540540540541,3.25611325611326,1.78667651187095,0.125237380647652,0.546383527792934,0.531324537871179,"GEMIN8/GEMIN4",2
"GO:0003151","outflow tract morphogenesis","2/147","37/8855",0.0540540540540541,3.25611325611326,1.78667651187095,0.125237380647652,0.546383527792934,0.531324537871179,"TBX3/BMPR2",2
"GO:0042733","embryonic digit morphogenesis","2/147","37/8855",0.0540540540540541,3.25611325611326,1.78667651187095,0.125237380647652,0.546383527792934,0.531324537871179,"TBX3/GNA12",2
"GO:0044786","cell cycle DNA replication","2/147","37/8855",0.0540540540540541,3.25611325611326,1.78667651187095,0.125237380647652,0.546383527792934,0.531324537871179,"MCM4/RTEL1",2
"GO:1900024","regulation of substrate adhesion-dependent cell spreading","2/147","37/8855",0.0540540540540541,3.25611325611326,1.78667651187095,0.125237380647652,0.546383527792934,0.531324537871179,"CORO1C/PREX1",2
"GO:1904705","regulation of vascular associated smooth muscle cell proliferation","2/147","37/8855",0.0540540540540541,3.25611325611326,1.78667651187095,0.125237380647652,0.546383527792934,0.531324537871179,"GNA12/PDCD4",2
"GO:0006265","DNA topological change","1/147","8/8855",0.125,7.52976190476191,2.40056539732709,0.125387573646121,0.546383527792934,0.531324537871179,"TOP1",1
"GO:0006983","ER overload response","1/147","8/8855",0.125,7.52976190476191,2.40056539732709,0.125387573646121,0.546383527792934,0.531324537871179,"TP53",1
"GO:0006995","cellular response to nitrogen starvation","1/147","8/8855",0.125,7.52976190476191,2.40056539732709,0.125387573646121,0.546383527792934,0.531324537871179,"GABARAP",1
"GO:0007342","fusion of sperm to egg plasma membrane involved in single fertilization","1/147","8/8855",0.125,7.52976190476191,2.40056539732709,0.125387573646121,0.546383527792934,0.531324537871179,"CD9",1
"GO:0008315","G2/MI transition of meiotic cell cycle","1/147","8/8855",0.125,7.52976190476191,2.40056539732709,0.125387573646121,0.546383527792934,0.531324537871179,"CDC25A",1
"GO:0010226","response to lithium ion","1/147","8/8855",0.125,7.52976190476191,2.40056539732709,0.125387573646121,0.546383527792934,0.531324537871179,"ID2",1
"GO:0010793","regulation of mRNA export from nucleus","1/147","8/8855",0.125,7.52976190476191,2.40056539732709,0.125387573646121,0.546383527792934,0.531324537871179,"ALKBH5",1
"GO:0010958","regulation of amino acid import across plasma membrane","1/147","8/8855",0.125,7.52976190476191,2.40056539732709,0.125387573646121,0.546383527792934,0.531324537871179,"SLC43A1",1
"GO:0015803","branched-chain amino acid transport","1/147","8/8855",0.125,7.52976190476191,2.40056539732709,0.125387573646121,0.546383527792934,0.531324537871179,"SLC43A1",1
"GO:0015886","heme transport","1/147","8/8855",0.125,7.52976190476191,2.40056539732709,0.125387573646121,0.546383527792934,0.531324537871179,"SLC48A1",1
"GO:0016056","G protein-coupled opsin signaling pathway","1/147","8/8855",0.125,7.52976190476191,2.40056539732709,0.125387573646121,0.546383527792934,0.531324537871179,"NMT1",1
"GO:0016562","protein import into peroxisome matrix, receptor recycling","1/147","8/8855",0.125,7.52976190476191,2.40056539732709,0.125387573646121,0.546383527792934,0.531324537871179,"USP9X",1
"GO:0030011","maintenance of cell polarity","1/147","8/8855",0.125,7.52976190476191,2.40056539732709,0.125387573646121,0.546383527792934,0.531324537871179,"ATN1",1
"GO:0030812","negative regulation of nucleotide catabolic process","1/147","8/8855",0.125,7.52976190476191,2.40056539732709,0.125387573646121,0.546383527792934,0.531324537871179,"GIT1",1
"GO:0030953","astral microtubule organization","1/147","8/8855",0.125,7.52976190476191,2.40056539732709,0.125387573646121,0.546383527792934,0.531324537871179,"RAB11A",1
"GO:0032287","peripheral nervous system myelin maintenance","1/147","8/8855",0.125,7.52976190476191,2.40056539732709,0.125387573646121,0.546383527792934,0.531324537871179,"PRX",1
"GO:0033122","negative regulation of purine nucleotide catabolic process","1/147","8/8855",0.125,7.52976190476191,2.40056539732709,0.125387573646121,0.546383527792934,0.531324537871179,"GIT1",1
"GO:0034086","maintenance of sister chromatid cohesion","1/147","8/8855",0.125,7.52976190476191,2.40056539732709,0.125387573646121,0.546383527792934,0.531324537871179,"DSCC1",1
"GO:0034088","maintenance of mitotic sister chromatid cohesion","1/147","8/8855",0.125,7.52976190476191,2.40056539732709,0.125387573646121,0.546383527792934,0.531324537871179,"DSCC1",1
"GO:0034111","negative regulation of homotypic cell-cell adhesion","1/147","8/8855",0.125,7.52976190476191,2.40056539732709,0.125387573646121,0.546383527792934,0.531324537871179,"CD9",1
"GO:0042921","nuclear receptor-mediated glucocorticoid signaling pathway","1/147","8/8855",0.125,7.52976190476191,2.40056539732709,0.125387573646121,0.546383527792934,0.531324537871179,"PER1",1
"GO:0043506","regulation of JUN kinase activity","1/147","8/8855",0.125,7.52976190476191,2.40056539732709,0.125387573646121,0.546383527792934,0.531324537871179,"PDCD4",1
"GO:0043562","cellular response to nitrogen levels","1/147","8/8855",0.125,7.52976190476191,2.40056539732709,0.125387573646121,0.546383527792934,0.531324537871179,"GABARAP",1
"GO:0045059","positive thymic T cell selection","1/147","8/8855",0.125,7.52976190476191,2.40056539732709,0.125387573646121,0.546383527792934,0.531324537871179,"NFATC3",1
"GO:0045657","positive regulation of monocyte differentiation","1/147","8/8855",0.125,7.52976190476191,2.40056539732709,0.125387573646121,0.546383527792934,0.531324537871179,"ACIN1",1
"GO:0045820","negative regulation of glycolytic process","1/147","8/8855",0.125,7.52976190476191,2.40056539732709,0.125387573646121,0.546383527792934,0.531324537871179,"GIT1",1
"GO:0048227","plasma membrane to endosome transport","1/147","8/8855",0.125,7.52976190476191,2.40056539732709,0.125387573646121,0.546383527792934,0.531324537871179,"RAB11A",1
"GO:0051290","protein heterotetramerization","1/147","8/8855",0.125,7.52976190476191,2.40056539732709,0.125387573646121,0.546383527792934,0.531324537871179,"FARSA",1
"GO:0051444","negative regulation of ubiquitin-protein transferase activity","1/147","8/8855",0.125,7.52976190476191,2.40056539732709,0.125387573646121,0.546383527792934,0.531324537871179,"RPS7",1
"GO:0061469","regulation of type B pancreatic cell proliferation","1/147","8/8855",0.125,7.52976190476191,2.40056539732709,0.125387573646121,0.546383527792934,0.531324537871179,"FMC1",1
"GO:0070475","rRNA base methylation","1/147","8/8855",0.125,7.52976190476191,2.40056539732709,0.125387573646121,0.546383527792934,0.531324537871179,"METTL16",1
"GO:0071361","cellular response to ethanol","1/147","8/8855",0.125,7.52976190476191,2.40056539732709,0.125387573646121,0.546383527792934,0.531324537871179,"RPS6",1
"GO:0071880","adenylate cyclase-activating adrenergic receptor signaling pathway","1/147","8/8855",0.125,7.52976190476191,2.40056539732709,0.125387573646121,0.546383527792934,0.531324537871179,"ADRA1B",1
"GO:0090160","Golgi to lysosome transport","1/147","8/8855",0.125,7.52976190476191,2.40056539732709,0.125387573646121,0.546383527792934,0.531324537871179,"LAMP1",1
"GO:0097152","mesenchymal cell apoptotic process","1/147","8/8855",0.125,7.52976190476191,2.40056539732709,0.125387573646121,0.546383527792934,0.531324537871179,"ETV6",1
"GO:0098528","skeletal muscle fiber differentiation","1/147","8/8855",0.125,7.52976190476191,2.40056539732709,0.125387573646121,0.546383527792934,0.531324537871179,"PPIF",1
"GO:0098696","regulation of neurotransmitter receptor localization to postsynaptic specialization membrane","1/147","8/8855",0.125,7.52976190476191,2.40056539732709,0.125387573646121,0.546383527792934,0.531324537871179,"GABARAP",1
"GO:0099532","synaptic vesicle endosomal processing","1/147","8/8855",0.125,7.52976190476191,2.40056539732709,0.125387573646121,0.546383527792934,0.531324537871179,"RAB11A",1
"GO:0106300","protein-DNA covalent cross-linking repair","1/147","8/8855",0.125,7.52976190476191,2.40056539732709,0.125387573646121,0.546383527792934,0.531324537871179,"VCP",1
"GO:1901678","iron coordination entity transport","1/147","8/8855",0.125,7.52976190476191,2.40056539732709,0.125387573646121,0.546383527792934,0.531324537871179,"SLC48A1",1
"GO:1902883","negative regulation of response to oxidative stress","1/147","8/8855",0.125,7.52976190476191,2.40056539732709,0.125387573646121,0.546383527792934,0.531324537871179,"KEAP1",1
"GO:1903789","regulation of amino acid transmembrane transport","1/147","8/8855",0.125,7.52976190476191,2.40056539732709,0.125387573646121,0.546383527792934,0.531324537871179,"SLC43A1",1
"GO:1904779","regulation of protein localization to centrosome","1/147","8/8855",0.125,7.52976190476191,2.40056539732709,0.125387573646121,0.546383527792934,0.531324537871179,"RAB11A",1
"GO:1905461","positive regulation of vascular associated smooth muscle cell apoptotic process","1/147","8/8855",0.125,7.52976190476191,2.40056539732709,0.125387573646121,0.546383527792934,0.531324537871179,"PDCD4",1
"GO:1905664","regulation of calcium ion import across plasma membrane","1/147","8/8855",0.125,7.52976190476191,2.40056539732709,0.125387573646121,0.546383527792934,0.531324537871179,"FYN",1
"GO:1905868","regulation of 3'-UTR-mediated mRNA stabilization","1/147","8/8855",0.125,7.52976190476191,2.40056539732709,0.125387573646121,0.546383527792934,0.531324537871179,"METTL16",1
"GO:1990144","intrinsic apoptotic signaling pathway in response to hypoxia","1/147","8/8855",0.125,7.52976190476191,2.40056539732709,0.125387573646121,0.546383527792934,0.531324537871179,"TP53",1
"GO:0000723","telomere maintenance","4/147","116/8855",0.0344827586206897,2.07717569786535,1.5172386162646,0.126900713947442,0.546383527792934,0.531324537871179,"MAP2K7/TP53/LTO1/RTEL1",4
"GO:0060491","regulation of cell projection assembly","4/147","116/8855",0.0344827586206897,2.07717569786535,1.5172386162646,0.126900713947442,0.546383527792934,0.531324537871179,"ZMYND8/RAB11A/CORO1C/USP9X",4
"GO:0120032","regulation of plasma membrane bounded cell projection assembly","4/147","116/8855",0.0344827586206897,2.07717569786535,1.5172386162646,0.126900713947442,0.546383527792934,0.531324537871179,"ZMYND8/RAB11A/CORO1C/USP9X",4
"GO:0009154","purine ribonucleotide catabolic process","3/147","75/8855",0.04,2.40952380952381,1.59266708981094,0.128270195585686,0.546383527792934,0.531324537871179,"GIT1/TPI1/NUDT3",3
"GO:0030509","BMP signaling pathway","3/147","75/8855",0.04,2.40952380952381,1.59266708981094,0.128270195585686,0.546383527792934,0.531324537871179,"USP9X/PDCD4/BMPR2",3
"GO:0048024","regulation of mRNA splicing, via spliceosome","3/147","75/8855",0.04,2.40952380952381,1.59266708981094,0.128270195585686,0.546383527792934,0.531324537871179,"U2AF2/ACIN1/METTL16",3
"GO:0070936","protein K48-linked ubiquitination","3/147","75/8855",0.04,2.40952380952381,1.59266708981094,0.128270195585686,0.546383527792934,0.531324537871179,"KEAP1/UBE2Q2/GABARAP",3
"GO:1901800","positive regulation of proteasomal protein catabolic process","3/147","75/8855",0.04,2.40952380952381,1.59266708981094,0.128270195585686,0.546383527792934,0.531324537871179,"KEAP1/VCP/GABARAP",3
"GO:0070661","leukocyte proliferation","5/147","161/8855",0.031055900621118,1.87074829931973,1.44865500429621,0.129602699419197,0.546383527792934,0.531324537871179,"FYN/ALKBH5/SOS1/TP53/IMPDH2",5
"GO:0002262","myeloid cell homeostasis","4/147","117/8855",0.0341880341880342,2.05942205942206,1.49873599666742,0.129800422043736,0.546383527792934,0.531324537871179,"ACIN1/RPS19/ID2/SLC48A1",4
"GO:0009952","anterior/posterior pattern specification","4/147","117/8855",0.0341880341880342,2.05942205942206,1.49873599666742,0.129800422043736,0.546383527792934,0.531324537871179,"TBX3/TP53/RARG/BMPR2",4
"GO:0044839","cell cycle G2/M phase transition","4/147","117/8855",0.0341880341880342,2.05942205942206,1.49873599666742,0.129800422043736,0.546383527792934,0.531324537871179,"FOXN3/RAB11A/TP53/CDC25A",4
"GO:0071168","protein localization to chromatin","2/147","38/8855",0.0526315789473684,3.17042606516291,1.74198972993014,0.130819951511274,0.546383527792934,0.531324537871179,"ZMYND8/VCP",2
"GO:1990874","vascular associated smooth muscle cell proliferation","2/147","38/8855",0.0526315789473684,3.17042606516291,1.74198972993014,0.130819951511274,0.546383527792934,0.531324537871179,"GNA12/PDCD4",2
"GO:0090150","establishment of protein localization to membrane","5/147","162/8855",0.0308641975308642,1.85920047031158,1.43395786240416,0.132053196429366,0.546383527792934,0.531324537871179,"FYN/RAB11A/KRT18/MACF1/TOMM40",5
"GO:0034330","cell junction organization","10/147","404/8855",0.0247524752475248,1.49104196133899,1.31257598311206,0.134248786174408,0.546383527792934,0.531324537871179,"CD9/FYN/TRIP6/ZMYND8/GIT1/CORO1C/MACF1/RPS6/ARF1/VCP",10
"GO:0008217","regulation of blood pressure","3/147","77/8855",0.038961038961039,2.3469387755102,1.54228503949931,0.135786354434908,0.546383527792934,0.531324537871179,"ID2/GNA12/BMPR2",3
"GO:0032204","regulation of telomere maintenance","3/147","77/8855",0.038961038961039,2.3469387755102,1.54228503949931,0.135786354434908,0.546383527792934,0.531324537871179,"MAP2K7/TP53/RTEL1",3
"GO:1903312","negative regulation of mRNA metabolic process","3/147","77/8855",0.038961038961039,2.3469387755102,1.54228503949931,0.135786354434908,0.546383527792934,0.531324537871179,"U2AF2/ACIN1/METTL16",3
"GO:0001707","mesoderm formation","2/147","39/8855",0.0512820512820513,3.08913308913309,1.69875925784338,0.136459113180268,0.546383527792934,0.531324537871179,"AHDC1/BMPR2",2
"GO:0061180","mammary gland epithelium development","2/147","39/8855",0.0512820512820513,3.08913308913309,1.69875925784338,0.136459113180268,0.546383527792934,0.531324537871179,"ID2/TBX3",2
"GO:0070301","cellular response to hydrogen peroxide","2/147","39/8855",0.0512820512820513,3.08913308913309,1.69875925784338,0.136459113180268,0.546383527792934,0.531324537871179,"FYN/PPIF",2
"GO:0090559","regulation of membrane permeability","2/147","39/8855",0.0512820512820513,3.08913308913309,1.69875925784338,0.136459113180268,0.546383527792934,0.531324537871179,"PPIF/TP53",2
"GO:2001244","positive regulation of intrinsic apoptotic signaling pathway","2/147","39/8855",0.0512820512820513,3.08913308913309,1.69875925784338,0.136459113180268,0.546383527792934,0.531324537871179,"TP53/RPS7",2
"GO:0099173","postsynapse organization","4/147","120/8855",0.0333333333333333,2.00793650793651,1.44431379796536,0.138663562916474,0.546383527792934,0.531324537871179,"FYN/ZMYND8/GIT1/ARF1",4
"GO:0001325","formation of extrachromosomal circular DNA","1/147","9/8855",0.111111111111111,6.69312169312169,2.22007410059661,0.139919960520092,0.546383527792934,0.531324537871179,"RTEL1",1
"GO:0002223","stimulatory C-type lectin receptor signaling pathway","1/147","9/8855",0.111111111111111,6.69312169312169,2.22007410059661,0.139919960520092,0.546383527792934,0.531324537871179,"FYN",1
"GO:0006089","lactate metabolic process","1/147","9/8855",0.111111111111111,6.69312169312169,2.22007410059661,0.139919960520092,0.546383527792934,0.531324537871179,"TP53",1
"GO:0006388","tRNA splicing, via endonucleolytic cleavage and ligation","1/147","9/8855",0.111111111111111,6.69312169312169,2.22007410059661,0.139919960520092,0.546383527792934,0.531324537871179,"TSEN54",1
"GO:0006878","intracellular copper ion homeostasis","1/147","9/8855",0.111111111111111,6.69312169312169,2.22007410059661,0.139919960520092,0.546383527792934,0.531324537871179,"ARF1",1
"GO:0010225","response to UV-C","1/147","9/8855",0.111111111111111,6.69312169312169,2.22007410059661,0.139919960520092,0.546383527792934,0.531324537871179,"TP53",1
"GO:0010310","regulation of hydrogen peroxide metabolic process","1/147","9/8855",0.111111111111111,6.69312169312169,2.22007410059661,0.139919960520092,0.546383527792934,0.531324537871179,"FYN",1
"GO:0015937","coenzyme A biosynthetic process","1/147","9/8855",0.111111111111111,6.69312169312169,2.22007410059661,0.139919960520092,0.546383527792934,0.531324537871179,"PPCDC",1
"GO:0016558","protein import into peroxisome matrix","1/147","9/8855",0.111111111111111,6.69312169312169,2.22007410059661,0.139919960520092,0.546383527792934,0.531324537871179,"USP9X",1
"GO:0019852","L-ascorbic acid metabolic process","1/147","9/8855",0.111111111111111,6.69312169312169,2.22007410059661,0.139919960520092,0.546383527792934,0.531324537871179,"SLC2A3",1
"GO:0030539","male genitalia development","1/147","9/8855",0.111111111111111,6.69312169312169,2.22007410059661,0.139919960520092,0.546383527792934,0.531324537871179,"TBX3",1
"GO:0030540","female genitalia development","1/147","9/8855",0.111111111111111,6.69312169312169,2.22007410059661,0.139919960520092,0.546383527792934,0.531324537871179,"TBX3",1
"GO:0031126","sno(s)RNA 3'-end processing","1/147","9/8855",0.111111111111111,6.69312169312169,2.22007410059661,0.139919960520092,0.546383527792934,0.531324537871179,"EXOSC2",1
"GO:0031958","nuclear receptor-mediated corticosteroid signaling pathway","1/147","9/8855",0.111111111111111,6.69312169312169,2.22007410059661,0.139919960520092,0.546383527792934,0.531324537871179,"PER1",1
"GO:0032274","gonadotropin secretion","1/147","9/8855",0.111111111111111,6.69312169312169,2.22007410059661,0.139919960520092,0.546383527792934,0.531324537871179,"TBX3",1
"GO:0038026","reelin-mediated signaling pathway","1/147","9/8855",0.111111111111111,6.69312169312169,2.22007410059661,0.139919960520092,0.546383527792934,0.531324537871179,"FYN",1
"GO:0042308","negative regulation of protein import into nucleus","1/147","9/8855",0.111111111111111,6.69312169312169,2.22007410059661,0.139919960520092,0.546383527792934,0.531324537871179,"PKIG",1
"GO:0043518","negative regulation of DNA damage response, signal transduction by p53 class mediator","1/147","9/8855",0.111111111111111,6.69312169312169,2.22007410059661,0.139919960520092,0.546383527792934,0.531324537871179,"YJU2",1
"GO:0044743","protein transmembrane import into intracellular organelle","1/147","9/8855",0.111111111111111,6.69312169312169,2.22007410059661,0.139919960520092,0.546383527792934,0.531324537871179,"USP9X",1
"GO:0045475","locomotor rhythm","1/147","9/8855",0.111111111111111,6.69312169312169,2.22007410059661,0.139919960520092,0.546383527792934,0.531324537871179,"ID2",1
"GO:0046629","gamma-delta T cell activation","1/147","9/8855",0.111111111111111,6.69312169312169,2.22007410059661,0.139919960520092,0.546383527792934,0.531324537871179,"ALKBH5",1
"GO:0048169","regulation of long-term neuronal synaptic plasticity","1/147","9/8855",0.111111111111111,6.69312169312169,2.22007410059661,0.139919960520092,0.546383527792934,0.531324537871179,"RAB11A",1
"GO:0048841","regulation of axon extension involved in axon guidance","1/147","9/8855",0.111111111111111,6.69312169312169,2.22007410059661,0.139919960520092,0.546383527792934,0.531324537871179,"BMPR2",1
"GO:0050872","white fat cell differentiation","1/147","9/8855",0.111111111111111,6.69312169312169,2.22007410059661,0.139919960520092,0.546383527792934,0.531324537871179,"ID2",1
"GO:0060263","regulation of respiratory burst","1/147","9/8855",0.111111111111111,6.69312169312169,2.22007410059661,0.139919960520092,0.546383527792934,0.531324537871179,"RPS19",1
"GO:0060413","atrial septum morphogenesis","1/147","9/8855",0.111111111111111,6.69312169312169,2.22007410059661,0.139919960520092,0.546383527792934,0.531324537871179,"BMPR2",1
"GO:0061298","retina vasculature development in camera-type eye","1/147","9/8855",0.111111111111111,6.69312169312169,2.22007410059661,0.139919960520092,0.546383527792934,0.531324537871179,"BMPR2",1
"GO:0071371","cellular response to gonadotropin stimulus","1/147","9/8855",0.111111111111111,6.69312169312169,2.22007410059661,0.139919960520092,0.546383527792934,0.531324537871179,"TOP1",1
"GO:0071676","negative regulation of mononuclear cell migration","1/147","9/8855",0.111111111111111,6.69312169312169,2.22007410059661,0.139919960520092,0.546383527792934,0.531324537871179,"C5",1
"GO:0071941","nitrogen cycle metabolic process","1/147","9/8855",0.111111111111111,6.69312169312169,2.22007410059661,0.139919960520092,0.546383527792934,0.531324537871179,"ASL",1
"GO:0090656","t-circle formation","1/147","9/8855",0.111111111111111,6.69312169312169,2.22007410059661,0.139919960520092,0.546383527792934,0.531324537871179,"RTEL1",1
"GO:0090737","telomere maintenance via telomere trimming","1/147","9/8855",0.111111111111111,6.69312169312169,2.22007410059661,0.139919960520092,0.546383527792934,0.531324537871179,"RTEL1",1
"GO:0097094","craniofacial suture morphogenesis","1/147","9/8855",0.111111111111111,6.69312169312169,2.22007410059661,0.139919960520092,0.546383527792934,0.531324537871179,"FOXN3",1
"GO:0098969","neurotransmitter receptor transport to postsynaptic membrane","1/147","9/8855",0.111111111111111,6.69312169312169,2.22007410059661,0.139919960520092,0.546383527792934,0.531324537871179,"RAB11A",1
"GO:1900025","negative regulation of substrate adhesion-dependent cell spreading","1/147","9/8855",0.111111111111111,6.69312169312169,2.22007410059661,0.139919960520092,0.546383527792934,0.531324537871179,"CORO1C",1
"GO:1901857","positive regulation of cellular respiration","1/147","9/8855",0.111111111111111,6.69312169312169,2.22007410059661,0.139919960520092,0.546383527792934,0.531324537871179,"VCP",1
"GO:1901993","regulation of meiotic cell cycle phase transition","1/147","9/8855",0.111111111111111,6.69312169312169,2.22007410059661,0.139919960520092,0.546383527792934,0.531324537871179,"CDC25A",1
"GO:1902065","response to L-glutamate","1/147","9/8855",0.111111111111111,6.69312169312169,2.22007410059661,0.139919960520092,0.546383527792934,0.531324537871179,"FYN",1
"GO:1902902","negative regulation of autophagosome assembly","1/147","9/8855",0.111111111111111,6.69312169312169,2.22007410059661,0.139919960520092,0.546383527792934,0.531324537871179,"TMEM39A",1
"GO:1903939","regulation of TORC2 signaling","1/147","9/8855",0.111111111111111,6.69312169312169,2.22007410059661,0.139919960520092,0.546383527792934,0.531324537871179,"USP9X",1
"GO:1904753","negative regulation of vascular associated smooth muscle cell migration","1/147","9/8855",0.111111111111111,6.69312169312169,2.22007410059661,0.139919960520092,0.546383527792934,0.531324537871179,"GNA12",1
"GO:1990840","response to lectin","1/147","9/8855",0.111111111111111,6.69312169312169,2.22007410059661,0.139919960520092,0.546383527792934,0.531324537871179,"FYN",1
"GO:1990858","cellular response to lectin","1/147","9/8855",0.111111111111111,6.69312169312169,2.22007410059661,0.139919960520092,0.546383527792934,0.531324537871179,"FYN",1
"GO:2001171","positive regulation of ATP biosynthetic process","1/147","9/8855",0.111111111111111,6.69312169312169,2.22007410059661,0.139919960520092,0.546383527792934,0.531324537871179,"VCP",1
"GO:0007264","small GTPase-mediated signal transduction","8/147","308/8855",0.025974025974026,1.56462585034014,1.31038369304248,0.140012092924238,0.546383527792934,0.531324537871179,"LIMK1/GIT1/SOS1/PREX1/TP53/ARHGDIA/GNA12/GABARAP",8
"GO:0071216","cellular response to biotic stimulus","4/147","121/8855",0.0330578512396694,1.99134199134199,1.42652310377373,0.141671260831391,0.546597759347841,0.531532864945694,"MAP2K7/GIT1/TP53/PDCD4",4
"GO:0006809","nitric oxide biosynthetic process","2/147","40/8855",0.05,3.01190476190476,1.6568968485557,0.142151483698113,0.546597759347841,0.531532864945694,"NFATC3/ASL",2
"GO:0008543","fibroblast growth factor receptor signaling pathway","2/147","40/8855",0.05,3.01190476190476,1.6568968485557,0.142151483698113,0.546597759347841,0.531532864945694,"SOS1/FGF3",2
"GO:0009988","cell-cell recognition","2/147","40/8855",0.05,3.01190476190476,1.6568968485557,0.142151483698113,0.546597759347841,0.531532864945694,"CD9/GIT1",2
"GO:0030490","maturation of SSU-rRNA","2/147","40/8855",0.05,3.01190476190476,1.6568968485557,0.142151483698113,0.546597759347841,0.531532864945694,"RPS19/RPS21",2
"GO:1904356","regulation of telomere maintenance via telomere lengthening","2/147","40/8855",0.05,3.01190476190476,1.6568968485557,0.142151483698113,0.546597759347841,0.531532864945694,"TP53/RTEL1",2
"GO:2000059","negative regulation of ubiquitin-dependent protein catabolic process","2/147","40/8855",0.05,3.01190476190476,1.6568968485557,0.142151483698113,0.546597759347841,0.531532864945694,"USP9X/RPS7",2
"GO:2001233","regulation of apoptotic signaling pathway","6/147","213/8855",0.028169014084507,1.69684775318578,1.33748768169969,0.143089903063993,0.546597759347841,0.531532864945694,"TNFRSF12A/FYN/TMEM161A/PPIF/TP53/RPS7",6
"GO:0009261","ribonucleotide catabolic process","3/147","79/8855",0.0379746835443038,2.2875226039783,1.49344528712223,0.143450946568941,0.546597759347841,0.531532864945694,"GIT1/TPI1/NUDT3",3
"GO:0034612","response to tumor necrosis factor","4/147","122/8855",0.0327868852459016,1.97501951600312,1.40890175432069,0.14470492924126,0.546597759347841,0.531532864945694,"MAP2K7/KRT18/TP53/TNFRSF18",4
"GO:1901796","regulation of signal transduction by p53 class mediator","3/147","80/8855",0.0375,2.25892857142857,1.46957493793805,0.147336507581226,0.546597759347841,0.531532864945694,"YJU2/TP53/RPS7",3
"GO:0045637","regulation of myeloid cell differentiation","4/147","123/8855",0.032520325203252,1.95896244676733,1.39144648688787,0.147764149046149,0.546597759347841,0.531532864945694,"ACIN1/CORO1C/ID2/RARG",4
"GO:0007080","mitotic metaphase chromosome alignment","2/147","41/8855",0.0487804878048781,2.93844367015099,1.61632171078824,0.147893776397296,0.546597759347841,0.531532864945694,"KIF22/RAB11A",2
"GO:0010761","fibroblast migration","2/147","41/8855",0.0487804878048781,2.93844367015099,1.61632171078824,0.147893776397296,0.546597759347841,0.531532864945694,"CORO1C/GNA12",2
"GO:0016073","snRNA metabolic process","2/147","41/8855",0.0487804878048781,2.93844367015099,1.61632171078824,0.147893776397296,0.546597759347841,0.531532864945694,"METTL16/EXOSC2",2
"GO:0055006","cardiac cell development","2/147","41/8855",0.0487804878048781,2.93844367015099,1.61632171078824,0.147893776397296,0.546597759347841,0.531532864945694,"TBX3/PDCD4",2
"GO:1902017","regulation of cilium assembly","2/147","41/8855",0.0487804878048781,2.93844367015099,1.61632171078824,0.147893776397296,0.546597759347841,0.531532864945694,"RAB11A/USP9X",2
"GO:0097435","supramolecular fiber organization","11/147","464/8855",0.0237068965517241,1.42805829228243,1.23062082556993,0.148225558093019,0.546597759347841,0.531532864945694,"RAB11A/LIMK1/GIT1/CORO1C/PREX1/USP9X/SPIRE1/FCHSD2/ARF1/KRT86/DYNC1H1",11
"GO:0072594","establishment of protein localization to organelle","8/147","314/8855",0.0254777070063694,1.53472854109797,1.25346740259125,0.151093978893957,0.546597759347841,0.531532864945694,"RAB11A/USP9X/TOMM40/NMT1/TP53/CHCHD4/PKIG/LAMP1",8
"GO:0006195","purine nucleotide catabolic process","3/147","81/8855",0.037037037037037,2.2310405643739,1.44605654061546,0.151256300360483,0.546597759347841,0.531532864945694,"GIT1/TPI1/NUDT3",3
"GO:2001235","positive regulation of apoptotic signaling pathway","3/147","81/8855",0.037037037037037,2.2310405643739,1.44605654061546,0.151256300360483,0.546597759347841,0.531532864945694,"TNFRSF12A/TP53/RPS7",3
"GO:0046649","lymphocyte activation","10/147","415/8855",0.0240963855421687,1.45152036718302,1.22405064280624,0.151660325327665,0.546597759347841,0.531532864945694,"FYN/NFATC3/ALKBH5/GIT1/ID2/SOS1/PREX1/TP53/IMPDH2/LAMP1",10
"GO:0005996","monosaccharide metabolic process","5/147","170/8855",0.0294117647058824,1.77170868347339,1.3199641997897,0.15239478074425,0.546597759347841,0.531532864945694,"SLC2A3/TPI1/TP53/MDH2/MPI",5
"GO:0051293","establishment of spindle localization","2/147","42/8855",0.0476190476190476,2.86848072562358,1.57695971278801,0.153682797703678,0.546597759347841,0.531532864945694,"SPIRE1/DYNC1H1",2
"GO:0051881","regulation of mitochondrial membrane potential","2/147","42/8855",0.0476190476190476,2.86848072562358,1.57695971278801,0.153682797703678,0.546597759347841,0.531532864945694,"PPIF/VCP",2
"GO:0141137","positive regulation of gene expression, epigenetic","2/147","42/8855",0.0476190476190476,2.86848072562358,1.57695971278801,0.153682797703678,0.546597759347841,0.531532864945694,"TP53/ALKBH4",2
"GO:0007160","cell-matrix adhesion","4/147","125/8855",0.032,1.92761904761905,1.35702159374744,0.153957547972699,0.546597759347841,0.531532864945694,"TRIP6/MADCAM1/CORO1C/MACF1",4
"GO:0000394","RNA splicing, via endonucleolytic cleavage and ligation","1/147","10/8855",0.1,6.02380952380952,2.06515884763969,0.154212495655017,0.546597759347841,0.531532864945694,"TSEN54",1
"GO:0006013","mannose metabolic process","1/147","10/8855",0.1,6.02380952380952,2.06515884763969,0.154212495655017,0.546597759347841,0.531532864945694,"MPI",1
"GO:0006071","glycerol metabolic process","1/147","10/8855",0.1,6.02380952380952,2.06515884763969,0.154212495655017,0.546597759347841,0.531532864945694,"TPI1",1
"GO:0006925","inflammatory cell apoptotic process","1/147","10/8855",0.1,6.02380952380952,2.06515884763969,0.154212495655017,0.546597759347841,0.531532864945694,"PLEKHO2",1
"GO:0016479","negative regulation of transcription by RNA polymerase I","1/147","10/8855",0.1,6.02380952380952,2.06515884763969,0.154212495655017,0.546597759347841,0.531532864945694,"DEDD",1
"GO:0019682","glyceraldehyde-3-phosphate metabolic process","1/147","10/8855",0.1,6.02380952380952,2.06515884763969,0.154212495655017,0.546597759347841,0.531532864945694,"TPI1",1
"GO:0021819","layer formation in cerebral cortex","1/147","10/8855",0.1,6.02380952380952,2.06515884763969,0.154212495655017,0.546597759347841,0.531532864945694,"FYN",1
"GO:0030810","positive regulation of nucleotide biosynthetic process","1/147","10/8855",0.1,6.02380952380952,2.06515884763969,0.154212495655017,0.546597759347841,0.531532864945694,"VCP",1
"GO:0032331","negative regulation of chondrocyte differentiation","1/147","10/8855",0.1,6.02380952380952,2.06515884763969,0.154212495655017,0.546597759347841,0.531532864945694,"RARG",1
"GO:0032510","endosome to lysosome transport via multivesicular body sorting pathway","1/147","10/8855",0.1,6.02380952380952,2.06515884763969,0.154212495655017,0.546597759347841,0.531532864945694,"VCP",1
"GO:0032891","negative regulation of organic acid transport","1/147","10/8855",0.1,6.02380952380952,2.06515884763969,0.154212495655017,0.546597759347841,0.531532864945694,"SLC43A1",1
"GO:0034349","glial cell apoptotic process","1/147","10/8855",0.1,6.02380952380952,2.06515884763969,0.154212495655017,0.546597759347841,0.531532864945694,"TP53",1
"GO:0034393","positive regulation of smooth muscle cell apoptotic process","1/147","10/8855",0.1,6.02380952380952,2.06515884763969,0.154212495655017,0.546597759347841,0.531532864945694,"PDCD4",1
"GO:0042531","positive regulation of tyrosine phosphorylation of STAT protein","1/147","10/8855",0.1,6.02380952380952,2.06515884763969,0.154212495655017,0.546597759347841,0.531532864945694,"TNFRSF18",1
"GO:0043144","sno(s)RNA processing","1/147","10/8855",0.1,6.02380952380952,2.06515884763969,0.154212495655017,0.546597759347841,0.531532864945694,"EXOSC2",1
"GO:0045026","plasma membrane fusion","1/147","10/8855",0.1,6.02380952380952,2.06515884763969,0.154212495655017,0.546597759347841,0.531532864945694,"CD9",1
"GO:0045651","positive regulation of macrophage differentiation","1/147","10/8855",0.1,6.02380952380952,2.06515884763969,0.154212495655017,0.546597759347841,0.531532864945694,"ID2",1
"GO:0048566","embryonic digestive tract development","1/147","10/8855",0.1,6.02380952380952,2.06515884763969,0.154212495655017,0.546597759347841,0.531532864945694,"ID2",1
"GO:0048681","negative regulation of axon regeneration","1/147","10/8855",0.1,6.02380952380952,2.06515884763969,0.154212495655017,0.546597759347841,0.531532864945694,"KREMEN1",1
"GO:0051895","negative regulation of focal adhesion assembly","1/147","10/8855",0.1,6.02380952380952,2.06515884763969,0.154212495655017,0.546597759347841,0.531532864945694,"CORO1C",1
"GO:0060039","pericardium development","1/147","10/8855",0.1,6.02380952380952,2.06515884763969,0.154212495655017,0.546597759347841,0.531532864945694,"SOS1",1
"GO:0060644","mammary gland epithelial cell differentiation","1/147","10/8855",0.1,6.02380952380952,2.06515884763969,0.154212495655017,0.546597759347841,0.531532864945694,"ID2",1
"GO:0070230","positive regulation of lymphocyte apoptotic process","1/147","10/8855",0.1,6.02380952380952,2.06515884763969,0.154212495655017,0.546597759347841,0.531532864945694,"TP53",1
"GO:0071166","ribonucleoprotein complex localization","1/147","10/8855",0.1,6.02380952380952,2.06515884763969,0.154212495655017,0.546597759347841,0.531532864945694,"ALKBH5",1
"GO:0072662","protein localization to peroxisome","1/147","10/8855",0.1,6.02380952380952,2.06515884763969,0.154212495655017,0.546597759347841,0.531532864945694,"USP9X",1
"GO:0090085","regulation of protein deubiquitination","1/147","10/8855",0.1,6.02380952380952,2.06515884763969,0.154212495655017,0.546597759347841,0.531532864945694,"VCP",1
"GO:0090399","replicative senescence","1/147","10/8855",0.1,6.02380952380952,2.06515884763969,0.154212495655017,0.546597759347841,0.531532864945694,"TP53",1
"GO:0098877","neurotransmitter receptor transport to plasma membrane","1/147","10/8855",0.1,6.02380952380952,2.06515884763969,0.154212495655017,0.546597759347841,0.531532864945694,"RAB11A",1
"GO:0099558","maintenance of synapse structure","1/147","10/8855",0.1,6.02380952380952,2.06515884763969,0.154212495655017,0.546597759347841,0.531532864945694,"GIT1",1
"GO:0150118","negative regulation of cell-substrate junction organization","1/147","10/8855",0.1,6.02380952380952,2.06515884763969,0.154212495655017,0.546597759347841,0.531532864945694,"CORO1C",1
"GO:1900373","positive regulation of purine nucleotide biosynthetic process","1/147","10/8855",0.1,6.02380952380952,2.06515884763969,0.154212495655017,0.546597759347841,0.531532864945694,"VCP",1
"GO:1901334","lactone metabolic process","1/147","10/8855",0.1,6.02380952380952,2.06515884763969,0.154212495655017,0.546597759347841,0.531532864945694,"SLC2A3",1
"GO:1901525","negative regulation of mitophagy","1/147","10/8855",0.1,6.02380952380952,2.06515884763969,0.154212495655017,0.546597759347841,0.531532864945694,"TP53",1
"GO:1902473","regulation of protein localization to synapse","1/147","10/8855",0.1,6.02380952380952,2.06515884763969,0.154212495655017,0.546597759347841,0.531532864945694,"GABARAP",1
"GO:1903147","negative regulation of autophagy of mitochondrion","1/147","10/8855",0.1,6.02380952380952,2.06515884763969,0.154212495655017,0.546597759347841,0.531532864945694,"TP53",1
"GO:1903427","negative regulation of reactive oxygen species biosynthetic process","1/147","10/8855",0.1,6.02380952380952,2.06515884763969,0.154212495655017,0.546597759347841,0.531532864945694,"FYN",1
"GO:1903540","establishment of protein localization to postsynaptic membrane","1/147","10/8855",0.1,6.02380952380952,2.06515884763969,0.154212495655017,0.546597759347841,0.531532864945694,"RAB11A",1
"GO:1905874","regulation of postsynaptic density organization","1/147","10/8855",0.1,6.02380952380952,2.06515884763969,0.154212495655017,0.546597759347841,0.531532864945694,"ZMYND8",1
"GO:2000197","regulation of ribonucleoprotein complex localization","1/147","10/8855",0.1,6.02380952380952,2.06515884763969,0.154212495655017,0.546597759347841,0.531532864945694,"ALKBH5",1
"GO:1990778","protein localization to cell periphery","6/147","218/8855",0.0275229357798165,1.65792922673657,1.27789503330734,0.154455877846397,0.546597759347841,0.531532864945694,"RAB11A/GIT1/KRT18/MACF1/TSPAN5/GABARAP",6
"GO:0010389","regulation of G2/M transition of mitotic cell cycle","3/147","82/8855",0.0365853658536585,2.20383275261324,1.42287986084951,0.155209367602427,0.546597759347841,0.531532864945694,"FOXN3/RAB11A/CDC25A",3
"GO:0045861","negative regulation of proteolysis","3/147","82/8855",0.0365853658536585,2.20383275261324,1.42287986084951,0.155209367602427,0.546597759347841,0.531532864945694,"USP9X/TP53/RPS7",3
"GO:0071772","response to BMP","3/147","82/8855",0.0365853658536585,2.20383275261324,1.42287986084951,0.155209367602427,0.546597759347841,0.531532864945694,"USP9X/PDCD4/BMPR2",3
"GO:0071773","cellular response to BMP stimulus","3/147","82/8855",0.0365853658536585,2.20383275261324,1.42287986084951,0.155209367602427,0.546597759347841,0.531532864945694,"USP9X/PDCD4/BMPR2",3
"GO:1903052","positive regulation of proteolysis involved in protein catabolic process","3/147","82/8855",0.0365853658536585,2.20383275261324,1.42287986084951,0.155209367602427,0.546597759347841,0.531532864945694,"KEAP1/VCP/GABARAP",3
"GO:0031334","positive regulation of protein-containing complex assembly","4/147","126/8855",0.0317460317460317,1.91232048374906,1.34004587968667,0.157090871120884,0.548034360413734,0.532929871551153,"GIT1/FCHSD2/TP53/VCP",4
"GO:0072655","establishment of protein localization to mitochondrion","3/147","83/8855",0.036144578313253,2.17728055077453,1.40003508743152,0.159194753748728,0.548034360413734,0.532929871551153,"TOMM40/NMT1/CHCHD4",3
"GO:0014033","neural crest cell differentiation","2/147","43/8855",0.0465116279069767,2.80177187153931,1.53874268792259,0.1595154449867,0.548034360413734,0.532929871551153,"CORO1C/RPS7",2
"GO:0031122","cytoplasmic microtubule organization","2/147","43/8855",0.0465116279069767,2.80177187153931,1.53874268792259,0.1595154449867,0.548034360413734,0.532929871551153,"RAB11A/DYNC1H1",2
"GO:0042255","ribosome assembly","2/147","43/8855",0.0465116279069767,2.80177187153931,1.53874268792259,0.1595154449867,0.548034360413734,0.532929871551153,"RPS19/RPS6",2
"GO:0045839","negative regulation of mitotic nuclear division","2/147","43/8855",0.0465116279069767,2.80177187153931,1.53874268792259,0.1595154449867,0.548034360413734,0.532929871551153,"BUB3/TOM1L2",2
"GO:0051893","regulation of focal adhesion assembly","2/147","43/8855",0.0465116279069767,2.80177187153931,1.53874268792259,0.1595154449867,0.548034360413734,0.532929871551153,"CORO1C/MACF1",2
"GO:0090109","regulation of cell-substrate junction assembly","2/147","43/8855",0.0465116279069767,2.80177187153931,1.53874268792259,0.1595154449867,0.548034360413734,0.532929871551153,"CORO1C/MACF1",2
"GO:0007041","lysosomal transport","3/147","84/8855",0.0357142857142857,2.15136054421769,1.37751280980794,0.163211505518716,0.548034360413734,0.532929871551153,"VCP/LAMP1/SLC48A1",3
"GO:0035148","tube formation","3/147","84/8855",0.0357142857142857,2.15136054421769,1.37751280980794,0.163211505518716,0.548034360413734,0.532929871551153,"EDAR/RPS7/RARG",3
"GO:0046822","regulation of nucleocytoplasmic transport","3/147","84/8855",0.0357142857142857,2.15136054421769,1.37751280980794,0.163211505518716,0.548034360413734,0.532929871551153,"ALKBH5/ANP32B/PKIG",3
"GO:0001501","skeletal system development","7/147","271/8855",0.025830258302583,1.5559655596556,1.20769396529277,0.164128445640479,0.548034360413734,0.532929871551153,"FOXN3/TBX3/TP53/SERPINH1/ANKRD11/RARG/BMPR2",7
"GO:0007062","sister chromatid cohesion","2/147","44/8855",0.0454545454545455,2.73809523809524,1.50160782704856,0.165388704454535,0.548034360413734,0.532929871551153,"KIF22/DSCC1",2
"GO:0046209","nitric oxide metabolic process","2/147","44/8855",0.0454545454545455,2.73809523809524,1.50160782704856,0.165388704454535,0.548034360413734,0.532929871551153,"NFATC3/ASL",2
"GO:0051784","negative regulation of nuclear division","2/147","44/8855",0.0454545454545455,2.73809523809524,1.50160782704856,0.165388704454535,0.548034360413734,0.532929871551153,"BUB3/TOM1L2",2
"GO:1902893","regulation of miRNA transcription","2/147","44/8855",0.0454545454545455,2.73809523809524,1.50160782704856,0.165388704454535,0.548034360413734,0.532929871551153,"NFATC3/TP53",2
"GO:1903578","regulation of ATP metabolic process","2/147","44/8855",0.0454545454545455,2.73809523809524,1.50160782704856,0.165388704454535,0.548034360413734,0.532929871551153,"GIT1/VCP",2
"GO:0009060","aerobic respiration","5/147","175/8855",0.0285714285714286,1.72108843537415,1.25174800608672,0.16573978250295,0.548034360413734,0.532929871551153,"PPIF/GIT1/TPI1/MDH2/VCP",5
"GO:0000479","endonucleolytic cleavage of tricistronic rRNA transcript (SSU-rRNA, 5.8S rRNA, LSU-rRNA)","1/147","11/8855",0.0909090909090909,5.47619047619048,1.9299664103764,0.168269111046618,0.548034360413734,0.532929871551153,"RPS21",1
"GO:0001771","immunological synapse formation","1/147","11/8855",0.0909090909090909,5.47619047619048,1.9299664103764,0.168269111046618,0.548034360413734,0.532929871551153,"GIT1",1
"GO:0003177","pulmonary valve development","1/147","11/8855",0.0909090909090909,5.47619047619048,1.9299664103764,0.168269111046618,0.548034360413734,0.532929871551153,"BMPR2",1
"GO:0003183","mitral valve morphogenesis","1/147","11/8855",0.0909090909090909,5.47619047619048,1.9299664103764,0.168269111046618,0.548034360413734,0.532929871551153,"BMPR2",1
"GO:0006002","fructose 6-phosphate metabolic process","1/147","11/8855",0.0909090909090909,5.47619047619048,1.9299664103764,0.168269111046618,0.548034360413734,0.532929871551153,"MPI",1
"GO:0006956","complement activation","1/147","11/8855",0.0909090909090909,5.47619047619048,1.9299664103764,0.168269111046618,0.548034360413734,0.532929871551153,"C5",1
"GO:0007603","phototransduction, visible light","1/147","11/8855",0.0909090909090909,5.47619047619048,1.9299664103764,0.168269111046618,0.548034360413734,0.532929871551153,"NMT1",1
"GO:0009084","glutamine family amino acid biosynthetic process","1/147","11/8855",0.0909090909090909,5.47619047619048,1.9299664103764,0.168269111046618,0.548034360413734,0.532929871551153,"ASL",1
"GO:0009584","detection of visible light","1/147","11/8855",0.0909090909090909,5.47619047619048,1.9299664103764,0.168269111046618,0.548034360413734,0.532929871551153,"NMT1",1
"GO:0010544","negative regulation of platelet activation","1/147","11/8855",0.0909090909090909,5.47619047619048,1.9299664103764,0.168269111046618,0.548034360413734,0.532929871551153,"CD9",1
"GO:0016074","sno(s)RNA metabolic process","1/147","11/8855",0.0909090909090909,5.47619047619048,1.9299664103764,0.168269111046618,0.548034360413734,0.532929871551153,"EXOSC2",1
"GO:0019673","GDP-mannose metabolic process","1/147","11/8855",0.0909090909090909,5.47619047619048,1.9299664103764,0.168269111046618,0.548034360413734,0.532929871551153,"MPI",1
"GO:0032781","positive regulation of ATP-dependent activity","1/147","11/8855",0.0909090909090909,5.47619047619048,1.9299664103764,0.168269111046618,0.548034360413734,0.532929871551153,"TOR1AIP1",1
"GO:0034755","iron ion transmembrane transport","1/147","11/8855",0.0909090909090909,5.47619047619048,1.9299664103764,0.168269111046618,0.548034360413734,0.532929871551153,"SLC48A1",1
"GO:0035988","chondrocyte proliferation","1/147","11/8855",0.0909090909090909,5.47619047619048,1.9299664103764,0.168269111046618,0.548034360413734,0.532929871551153,"BMPR2",1
"GO:0042509","regulation of tyrosine phosphorylation of STAT protein","1/147","11/8855",0.0909090909090909,5.47619047619048,1.9299664103764,0.168269111046618,0.548034360413734,0.532929871551153,"TNFRSF18",1
"GO:0044771","meiotic cell cycle phase transition","1/147","11/8855",0.0909090909090909,5.47619047619048,1.9299664103764,0.168269111046618,0.548034360413734,0.532929871551153,"CDC25A",1
"GO:0045662","negative regulation of myoblast differentiation","1/147","11/8855",0.0909090909090909,5.47619047619048,1.9299664103764,0.168269111046618,0.548034360413734,0.532929871551153,"TBX3",1
"GO:0045954","positive regulation of natural killer cell mediated cytotoxicity","1/147","11/8855",0.0909090909090909,5.47619047619048,1.9299664103764,0.168269111046618,0.548034360413734,0.532929871551153,"LAMP1",1
"GO:0046184","aldehyde biosynthetic process","1/147","11/8855",0.0909090909090909,5.47619047619048,1.9299664103764,0.168269111046618,0.548034360413734,0.532929871551153,"TPI1",1
"GO:0046827","positive regulation of protein export from nucleus","1/147","11/8855",0.0909090909090909,5.47619047619048,1.9299664103764,0.168269111046618,0.548034360413734,0.532929871551153,"ANP32B",1
"GO:0048846","axon extension involved in axon guidance","1/147","11/8855",0.0909090909090909,5.47619047619048,1.9299664103764,0.168269111046618,0.548034360413734,0.532929871551153,"BMPR2",1
"GO:0050901","leukocyte tethering or rolling","1/147","11/8855",0.0909090909090909,5.47619047619048,1.9299664103764,0.168269111046618,0.548034360413734,0.532929871551153,"MADCAM1",1
"GO:0051081","nuclear membrane disassembly","1/147","11/8855",0.0909090909090909,5.47619047619048,1.9299664103764,0.168269111046618,0.548034360413734,0.532929871551153,"CDC25A",1
"GO:0051382","kinetochore assembly","1/147","11/8855",0.0909090909090909,5.47619047619048,1.9299664103764,0.168269111046618,0.548034360413734,0.532929871551153,"TRAPPC12",1
"GO:0060512","prostate gland morphogenesis","1/147","11/8855",0.0909090909090909,5.47619047619048,1.9299664103764,0.168269111046618,0.548034360413734,0.532929871551153,"RARG",1
"GO:0060740","prostate gland epithelium morphogenesis","1/147","11/8855",0.0909090909090909,5.47619047619048,1.9299664103764,0.168269111046618,0.548034360413734,0.532929871551153,"RARG",1
"GO:0060841","venous blood vessel development","1/147","11/8855",0.0909090909090909,5.47619047619048,1.9299664103764,0.168269111046618,0.548034360413734,0.532929871551153,"BMPR2",1
"GO:0060965","negative regulation of miRNA-mediated gene silencing","1/147","11/8855",0.0909090909090909,5.47619047619048,1.9299664103764,0.168269111046618,0.548034360413734,0.532929871551153,"TP53",1
"GO:0070571","negative regulation of neuron projection regeneration","1/147","11/8855",0.0909090909090909,5.47619047619048,1.9299664103764,0.168269111046618,0.548034360413734,0.532929871551153,"KREMEN1",1
"GO:0072673","lamellipodium morphogenesis","1/147","11/8855",0.0909090909090909,5.47619047619048,1.9299664103764,0.168269111046618,0.548034360413734,0.532929871551153,"CORO1C",1
"GO:0090435","protein localization to nuclear envelope","1/147","11/8855",0.0909090909090909,5.47619047619048,1.9299664103764,0.168269111046618,0.548034360413734,0.532929871551153,"TOR1AIP1",1
"GO:0090594","inflammatory response to wounding","1/147","11/8855",0.0909090909090909,5.47619047619048,1.9299664103764,0.168269111046618,0.548034360413734,0.532929871551153,"GIT1",1
"GO:0150011","regulation of neuron projection arborization","1/147","11/8855",0.0909090909090909,5.47619047619048,1.9299664103764,0.168269111046618,0.548034360413734,0.532929871551153,"MACF1",1
"GO:1902284","neuron projection extension involved in neuron projection guidance","1/147","11/8855",0.0909090909090909,5.47619047619048,1.9299664103764,0.168269111046618,0.548034360413734,0.532929871551153,"BMPR2",1
"GO:1903579","negative regulation of ATP metabolic process","1/147","11/8855",0.0909090909090909,5.47619047619048,1.9299664103764,0.168269111046618,0.548034360413734,0.532929871551153,"GIT1",1
"GO:1903798","regulation of miRNA processing","1/147","11/8855",0.0909090909090909,5.47619047619048,1.9299664103764,0.168269111046618,0.548034360413734,0.532929871551153,"TP53",1
"GO:1904666","regulation of ubiquitin protein ligase activity","1/147","11/8855",0.0909090909090909,5.47619047619048,1.9299664103764,0.168269111046618,0.548034360413734,0.532929871551153,"RPS7",1
"GO:1905288","vascular associated smooth muscle cell apoptotic process","1/147","11/8855",0.0909090909090909,5.47619047619048,1.9299664103764,0.168269111046618,0.548034360413734,0.532929871551153,"PDCD4",1
"GO:1905459","regulation of vascular associated smooth muscle cell apoptotic process","1/147","11/8855",0.0909090909090909,5.47619047619048,1.9299664103764,0.168269111046618,0.548034360413734,0.532929871551153,"PDCD4",1
"GO:2000644","regulation of receptor catabolic process","1/147","11/8855",0.0909090909090909,5.47619047619048,1.9299664103764,0.168269111046618,0.548034360413734,0.532929871551153,"GIT1",1
"GO:2000671","regulation of motor neuron apoptotic process","1/147","11/8855",0.0909090909090909,5.47619047619048,1.9299664103764,0.168269111046618,0.548034360413734,0.532929871551153,"MAP2K7",1
"GO:0060326","cell chemotaxis","4/147","130/8855",0.0307692307692308,1.85347985347985,1.27365395443474,0.169858194790982,0.551586783758359,0.536384385817954,"RPS19/C5/CORO1C/PREX1",4
"GO:0007507","heart development","8/147","324/8855",0.0246913580246914,1.48736037624927,1.16115973361609,0.170479742734015,0.551586783758359,0.536384385817954,"MBD3/ID2/SOS1/TBX3/TP53/PDCD4/FGF3/BMPR2",8
"GO:0006998","nuclear envelope organization","2/147","45/8855",0.0444444444444444,2.67724867724868,1.4654971451019,0.171299649093302,0.551586783758359,0.536384385817954,"TOR1AIP1/CDC25A",2
"GO:0007422","peripheral nervous system development","2/147","45/8855",0.0444444444444444,2.67724867724868,1.4654971451019,0.171299649093302,0.551586783758359,0.536384385817954,"PRX/SOS1",2
"GO:0045471","response to ethanol","2/147","45/8855",0.0444444444444444,2.67724867724868,1.4654971451019,0.171299649093302,0.551586783758359,0.536384385817954,"FYN/RPS6",2
"GO:0061614","miRNA transcription","2/147","45/8855",0.0444444444444444,2.67724867724868,1.4654971451019,0.171299649093302,0.551586783758359,0.536384385817954,"NFATC3/TP53",2
"GO:2000177","regulation of neural precursor cell proliferation","2/147","45/8855",0.0444444444444444,2.67724867724868,1.4654971451019,0.171299649093302,0.551586783758359,0.536384385817954,"ID2/TP53",2
"GO:2001057","reactive nitrogen species metabolic process","2/147","45/8855",0.0444444444444444,2.67724867724868,1.4654971451019,0.171299649093302,0.551586783758359,0.536384385817954,"NFATC3/ASL",2
"GO:0009266","response to temperature stimulus","3/147","86/8855",0.0348837209302326,2.10132890365449,1.33339997835957,0.171335307224857,0.551586783758359,0.536384385817954,"MAP2K7/VCP/TOP1",3
"GO:0043161","proteasome-mediated ubiquitin-dependent protein catabolic process","8/147","325/8855",0.0246153846153846,1.48278388278388,1.15209726100276,0.172478984683954,0.551586783758359,0.536384385817954,"FYN/KEAP1/FBXW4/USP9X/GNA12/VCP/KLHDC2/GABARAP",8
"GO:0043254","regulation of protein-containing complex assembly","7/147","275/8855",0.0254545454545455,1.53333333333333,1.16732193651816,0.172784894875212,0.551586783758359,0.536384385817954,"GIT1/PREX1/FCHSD2/TP53/UBLCP1/VCP/TRAPPC12",7
"GO:0140053","mitochondrial gene expression","4/147","131/8855",0.0305343511450382,1.83933115230825,1.25742004092922,0.173106337289427,0.551586783758359,0.536384385817954,"MRPS10/MRPS25/TBRG4/FASTK",4
"GO:0007266","Rho protein signal transduction","3/147","87/8855",0.0344827586206897,2.07717569786535,1.31179242430903,0.175440466454568,0.551586783758359,0.536384385817954,"LIMK1/ARHGDIA/GNA12",3
"GO:0016358","dendrite development","4/147","132/8855",0.0303030303030303,1.82539682539683,1.24132653627977,0.176376118131133,0.551586783758359,0.536384385817954,"FYN/ZMYND8/GIT1/PREX1",4
"GO:0032200","telomere organization","4/147","132/8855",0.0303030303030303,1.82539682539683,1.24132653627977,0.176376118131133,0.551586783758359,0.536384385817954,"MAP2K7/TP53/LTO1/RTEL1",4
"GO:0033044","regulation of chromosome organization","5/147","179/8855",0.0279329608938547,1.68262835860601,1.19872699644926,0.176741095421203,0.551586783758359,0.536384385817954,"MAP2K7/TP53/BUB3/TRAPPC12/RTEL1",5
"GO:0000959","mitochondrial RNA metabolic process","2/147","46/8855",0.0434782608695652,2.61904761904762,1.43035701140935,0.177245436649466,0.551586783758359,0.536384385817954,"TBRG4/FASTK",2
"GO:0043543","protein acylation","2/147","46/8855",0.0434782608695652,2.61904761904762,1.43035701140935,0.177245436649466,0.551586783758359,0.536384385817954,"NMT1/DSCC1",2
"GO:0051653","spindle localization","2/147","46/8855",0.0434782608695652,2.61904761904762,1.43035701140935,0.177245436649466,0.551586783758359,0.536384385817954,"SPIRE1/DYNC1H1",2
"GO:0061462","protein localization to lysosome","2/147","46/8855",0.0434782608695652,2.61904761904762,1.43035701140935,0.177245436649466,0.551586783758359,0.536384385817954,"NMT1/LAMTOR4",2
"GO:0000727","double-strand break repair via break-induced replication","1/147","12/8855",0.0833333333333333,5.01984126984127,1.81037661496873,0.182093674668977,0.551586783758359,0.536384385817954,"MCM4",1
"GO:0001682","tRNA 5'-leader removal","1/147","12/8855",0.0833333333333333,5.01984126984127,1.81037661496873,0.182093674668977,0.551586783758359,0.536384385817954,"RPP25L",1
"GO:0001946","lymphangiogenesis","1/147","12/8855",0.0833333333333333,5.01984126984127,1.81037661496873,0.182093674668977,0.551586783758359,0.536384385817954,"BMPR2",1
"GO:0002320","lymphoid progenitor cell differentiation","1/147","12/8855",0.0833333333333333,5.01984126984127,1.81037661496873,0.182093674668977,0.551586783758359,0.536384385817954,"SOS1",1
"GO:0002455","humoral immune response mediated by circulating immunoglobulin","1/147","12/8855",0.0833333333333333,5.01984126984127,1.81037661496873,0.182093674668977,0.551586783758359,0.536384385817954,"C5",1
"GO:0003085","negative regulation of systemic arterial blood pressure","1/147","12/8855",0.0833333333333333,5.01984126984127,1.81037661496873,0.182093674668977,0.551586783758359,0.536384385817954,"BMPR2",1
"GO:0003174","mitral valve development","1/147","12/8855",0.0833333333333333,5.01984126984127,1.81037661496873,0.182093674668977,0.551586783758359,0.536384385817954,"BMPR2",1
"GO:0003417","growth plate cartilage development","1/147","12/8855",0.0833333333333333,5.01984126984127,1.81037661496873,0.182093674668977,0.551586783758359,0.536384385817954,"RARG",1
"GO:0006177","GMP biosynthetic process","1/147","12/8855",0.0833333333333333,5.01984126984127,1.81037661496873,0.182093674668977,0.551586783758359,0.536384385817954,"IMPDH2",1
"GO:0006541","glutamine metabolic process","1/147","12/8855",0.0833333333333333,5.01984126984127,1.81037661496873,0.182093674668977,0.551586783758359,0.536384385817954,"ASL",1
"GO:0007351","tripartite regional subdivision","1/147","12/8855",0.0833333333333333,5.01984126984127,1.81037661496873,0.182093674668977,0.551586783758359,0.536384385817954,"TBX3",1
"GO:0008595","anterior/posterior axis specification, embryo","1/147","12/8855",0.0833333333333333,5.01984126984127,1.81037661496873,0.182093674668977,0.551586783758359,0.536384385817954,"TBX3",1
"GO:0010575","positive regulation of vascular endothelial growth factor production","1/147","12/8855",0.0833333333333333,5.01984126984127,1.81037661496873,0.182093674668977,0.551586783758359,0.536384385817954,"C5",1
"GO:0015936","coenzyme A metabolic process","1/147","12/8855",0.0833333333333333,5.01984126984127,1.81037661496873,0.182093674668977,0.551586783758359,0.536384385817954,"PPCDC",1
"GO:0030397","membrane disassembly","1/147","12/8855",0.0833333333333333,5.01984126984127,1.81037661496873,0.182093674668977,0.551586783758359,0.536384385817954,"CDC25A",1
"GO:0031365","N-terminal protein amino acid modification","1/147","12/8855",0.0833333333333333,5.01984126984127,1.81037661496873,0.182093674668977,0.551586783758359,0.536384385817954,"NMT1",1
"GO:0031571","mitotic G1 DNA damage checkpoint signaling","1/147","12/8855",0.0833333333333333,5.01984126984127,1.81037661496873,0.182093674668977,0.551586783758359,0.536384385817954,"TP53",1
"GO:0032288","myelin assembly","1/147","12/8855",0.0833333333333333,5.01984126984127,1.81037661496873,0.182093674668977,0.551586783758359,0.536384385817954,"CD9",1
"GO:0033081","regulation of T cell differentiation in thymus","1/147","12/8855",0.0833333333333333,5.01984126984127,1.81037661496873,0.182093674668977,0.551586783758359,0.536384385817954,"SOS1",1
"GO:0043353","enucleate erythrocyte differentiation","1/147","12/8855",0.0833333333333333,5.01984126984127,1.81037661496873,0.182093674668977,0.551586783758359,0.536384385817954,"ID2",1
"GO:0045686","negative regulation of glial cell differentiation","1/147","12/8855",0.0833333333333333,5.01984126984127,1.81037661496873,0.182093674668977,0.551586783758359,0.536384385817954,"ID2",1
"GO:0055070","copper ion homeostasis","1/147","12/8855",0.0833333333333333,5.01984126984127,1.81037661496873,0.182093674668977,0.551586783758359,0.536384385817954,"ARF1",1
"GO:0060149","negative regulation of post-transcriptional gene silencing","1/147","12/8855",0.0833333333333333,5.01984126984127,1.81037661496873,0.182093674668977,0.551586783758359,0.536384385817954,"TP53",1
"GO:0060253","negative regulation of glial cell proliferation","1/147","12/8855",0.0833333333333333,5.01984126984127,1.81037661496873,0.182093674668977,0.551586783758359,0.536384385817954,"TP53",1
"GO:0060967","negative regulation of gene silencing by regulatory ncRNA","1/147","12/8855",0.0833333333333333,5.01984126984127,1.81037661496873,0.182093674668977,0.551586783758359,0.536384385817954,"TP53",1
"GO:0061635","regulation of protein complex stability","1/147","12/8855",0.0833333333333333,5.01984126984127,1.81037661496873,0.182093674668977,0.551586783758359,0.536384385817954,"TBX3",1
"GO:0070071","proton-transporting two-sector ATPase complex assembly","1/147","12/8855",0.0833333333333333,5.01984126984127,1.81037661496873,0.182093674668977,0.551586783758359,0.536384385817954,"FMC1",1
"GO:0070243","regulation of thymocyte apoptotic process","1/147","12/8855",0.0833333333333333,5.01984126984127,1.81037661496873,0.182093674668977,0.551586783758359,0.536384385817954,"TP53",1
"GO:0070920","regulation of regulatory ncRNA processing","1/147","12/8855",0.0833333333333333,5.01984126984127,1.81037661496873,0.182093674668977,0.551586783758359,0.536384385817954,"TP53",1
"GO:0071875","adrenergic receptor signaling pathway","1/147","12/8855",0.0833333333333333,5.01984126984127,1.81037661496873,0.182093674668977,0.551586783758359,0.536384385817954,"ADRA1B",1
"GO:0072663","establishment of protein localization to peroxisome","1/147","12/8855",0.0833333333333333,5.01984126984127,1.81037661496873,0.182093674668977,0.551586783758359,0.536384385817954,"USP9X",1
"GO:0097284","hepatocyte apoptotic process","1/147","12/8855",0.0833333333333333,5.01984126984127,1.81037661496873,0.182093674668977,0.551586783758359,0.536384385817954,"KRT18",1
"GO:0099638","endosome to plasma membrane protein transport","1/147","12/8855",0.0833333333333333,5.01984126984127,1.81037661496873,0.182093674668977,0.551586783758359,0.536384385817954,"RAB11A",1
"GO:0140627","ubiquitin-dependent protein catabolic process via the C-end degron rule pathway","1/147","12/8855",0.0833333333333333,5.01984126984127,1.81037661496873,0.182093674668977,0.551586783758359,0.536384385817954,"KLHDC2",1
"GO:1900369","negative regulation of post-transcriptional gene silencing by regulatory ncRNA","1/147","12/8855",0.0833333333333333,5.01984126984127,1.81037661496873,0.182093674668977,0.551586783758359,0.536384385817954,"TP53",1
"GO:1901836","regulation of transcription of nucleolar large rRNA by RNA polymerase I","1/147","12/8855",0.0833333333333333,5.01984126984127,1.81037661496873,0.182093674668977,0.551586783758359,0.536384385817954,"DEDD",1
"GO:1902683","regulation of receptor localization to synapse","1/147","12/8855",0.0833333333333333,5.01984126984127,1.81037661496873,0.182093674668977,0.551586783758359,0.536384385817954,"GABARAP",1
"GO:1903490","positive regulation of mitotic cytokinesis","1/147","12/8855",0.0833333333333333,5.01984126984127,1.81037661496873,0.182093674668977,0.551586783758359,0.536384385817954,"RAB11A",1
"GO:1904353","regulation of telomere capping","1/147","12/8855",0.0833333333333333,5.01984126984127,1.81037661496873,0.182093674668977,0.551586783758359,0.536384385817954,"RTEL1",1
"GO:2000353","positive regulation of endothelial cell apoptotic process","1/147","12/8855",0.0833333333333333,5.01984126984127,1.81037661496873,0.182093674668977,0.551586783758359,0.536384385817954,"PDCD4",1
"GO:1903051","negative regulation of proteolysis involved in protein catabolic process","2/147","47/8855",0.0425531914893617,2.56332320162107,1.39613773489993,0.183223307654583,0.553912707137362,0.538646203939493,"USP9X/RPS7",2
"GO:1901990","regulation of mitotic cell cycle phase transition","6/147","230/8855",0.0260869565217391,1.57142857142857,1.14081581588327,0.183287775351339,0.553912707137362,0.538646203939493,"FOXN3/RAB11A/ID2/TP53/BUB3/CDC25A",6
"GO:0045165","cell fate commitment","4/147","135/8855",0.0296296296296296,1.78483245149912,1.19386387157482,0.186310818268847,0.561366763724115,0.545894817724064,"MBD3/ID2/TBX3/TP53",4
"GO:0006888","endoplasmic reticulum to Golgi vesicle-mediated transport","3/147","90/8855",0.0333333333333333,2.00793650793651,1.24867002495891,0.187917721063684,0.561366763724115,0.545894817724064,"VCP/LMAN2/TRAPPC12",3
"GO:0072523","purine-containing compound catabolic process","3/147","90/8855",0.0333333333333333,2.00793650793651,1.24867002495891,0.187917721063684,0.561366763724115,0.545894817724064,"GIT1/TPI1/NUDT3",3
"GO:0001558","regulation of cell growth","6/147","232/8855",0.0258620689655172,1.55788177339901,1.11873232828583,0.188292280131699,0.561366763724115,0.545894817724064,"TNFRSF12A/LIMK1/MACF1/EXOSC2/TP53/BMPR2",6
"GO:0007059","chromosome segregation","7/147","282/8855",0.024822695035461,1.49527186761229,1.09817364839343,0.188401797306847,0.561366763724115,0.545894817724064,"KIF22/RAB11A/USP9X/BUB3/TRAPPC12/DYNC1H1/TOP1",7
"GO:0032206","positive regulation of telomere maintenance","2/147","48/8855",0.0416666666666667,2.50992063492063,1.36279319677636,0.189230583491556,0.561366763724115,0.545894817724064,"MAP2K7/RTEL1",2
"GO:0150116","regulation of cell-substrate junction organization","2/147","48/8855",0.0416666666666667,2.50992063492063,1.36279319677636,0.189230583491556,0.561366763724115,0.545894817724064,"CORO1C/MACF1",2
"GO:1904263","positive regulation of TORC1 signaling","2/147","48/8855",0.0416666666666667,2.50992063492063,1.36279319677636,0.189230583491556,0.561366763724115,0.545894817724064,"NMT1/LAMTOR4",2
"GO:0000724","double-strand break repair via homologous recombination","4/147","136/8855",0.0294117647058824,1.77170868347339,1.17830770738977,0.189662672905504,0.561366763724115,0.545894817724064,"ZMYND8/MCM4/AP5Z1/RTEL1",4
"GO:0046034","ATP metabolic process","4/147","137/8855",0.0291970802919708,1.75877650330205,1.16288010650338,0.193033919633547,0.561366763724115,0.545894817724064,"GIT1/TPI1/OLA1/VCP",4
"GO:0002534","cytokine production involved in inflammatory response","2/147","49/8855",0.0408163265306122,2.45869776482021,1.33028052434749,0.195264664501568,0.561366763724115,0.545894817724064,"PDCD4/PER1",2
"GO:1900015","regulation of cytokine production involved in inflammatory response","2/147","49/8855",0.0408163265306122,2.45869776482021,1.33028052434749,0.195264664501568,0.561366763724115,0.545894817724064,"PDCD4/PER1",2
"GO:0002066","columnar/cuboidal epithelial cell development","1/147","13/8855",0.0769230769230769,4.63369963369963,1.70339223042013,0.19568999150983,0.561366763724115,0.545894817724064,"RARG",1
"GO:0002717","positive regulation of natural killer cell mediated immunity","1/147","13/8855",0.0769230769230769,4.63369963369963,1.70339223042013,0.19568999150983,0.561366763724115,0.545894817724064,"LAMP1",1
"GO:0003272","endocardial cushion formation","1/147","13/8855",0.0769230769230769,4.63369963369963,1.70339223042013,0.19568999150983,0.561366763724115,0.545894817724064,"TBX3",1
"GO:0006271","DNA strand elongation involved in DNA replication","1/147","13/8855",0.0769230769230769,4.63369963369963,1.70339223042013,0.19568999150983,0.561366763724115,0.545894817724064,"MCM4",1
"GO:0006525","arginine metabolic process","1/147","13/8855",0.0769230769230769,4.63369963369963,1.70339223042013,0.19568999150983,0.561366763724115,0.545894817724064,"ASL",1
"GO:0010633","negative regulation of epithelial cell migration","1/147","13/8855",0.0769230769230769,4.63369963369963,1.70339223042013,0.19568999150983,0.561366763724115,0.545894817724064,"CORO1C",1
"GO:0010663","positive regulation of striated muscle cell apoptotic process","1/147","13/8855",0.0769230769230769,4.63369963369963,1.70339223042013,0.19568999150983,0.561366763724115,0.545894817724064,"TP53",1
"GO:0010666","positive regulation of cardiac muscle cell apoptotic process","1/147","13/8855",0.0769230769230769,4.63369963369963,1.70339223042013,0.19568999150983,0.561366763724115,0.545894817724064,"TP53",1
"GO:0010968","regulation of microtubule nucleation","1/147","13/8855",0.0769230769230769,4.63369963369963,1.70339223042013,0.19568999150983,0.561366763724115,0.545894817724064,"GIT1",1
"GO:0015919","peroxisomal membrane transport","1/147","13/8855",0.0769230769230769,4.63369963369963,1.70339223042013,0.19568999150983,0.561366763724115,0.545894817724064,"USP9X",1
"GO:0030174","regulation of DNA-templated DNA replication initiation","1/147","13/8855",0.0769230769230769,4.63369963369963,1.70339223042013,0.19568999150983,0.561366763724115,0.545894817724064,"MCM4",1
"GO:0032042","mitochondrial DNA metabolic process","1/147","13/8855",0.0769230769230769,4.63369963369963,1.70339223042013,0.19568999150983,0.561366763724115,0.545894817724064,"TP53",1
"GO:0032691","negative regulation of interleukin-1 beta production","1/147","13/8855",0.0769230769230769,4.63369963369963,1.70339223042013,0.19568999150983,0.561366763724115,0.545894817724064,"GIT1",1
"GO:0043248","proteasome assembly","1/147","13/8855",0.0769230769230769,4.63369963369963,1.70339223042013,0.19568999150983,0.561366763724115,0.545894817724064,"UBLCP1",1
"GO:0043407","negative regulation of MAP kinase activity","1/147","13/8855",0.0769230769230769,4.63369963369963,1.70339223042013,0.19568999150983,0.561366763724115,0.545894817724064,"PDCD4",1
"GO:0043574","peroxisomal transport","1/147","13/8855",0.0769230769230769,4.63369963369963,1.70339223042013,0.19568999150983,0.561366763724115,0.545894817724064,"USP9X",1
"GO:0044819","mitotic G1/S transition checkpoint signaling","1/147","13/8855",0.0769230769230769,4.63369963369963,1.70339223042013,0.19568999150983,0.561366763724115,0.545894817724064,"TP53",1
"GO:0045655","regulation of monocyte differentiation","1/147","13/8855",0.0769230769230769,4.63369963369963,1.70339223042013,0.19568999150983,0.561366763724115,0.545894817724064,"ACIN1",1
"GO:0051882","mitochondrial depolarization","1/147","13/8855",0.0769230769230769,4.63369963369963,1.70339223042013,0.19568999150983,0.561366763724115,0.545894817724064,"PPIF",1
"GO:0060292","long-term synaptic depression","1/147","13/8855",0.0769230769230769,4.63369963369963,1.70339223042013,0.19568999150983,0.561366763724115,0.545894817724064,"ARF1",1
"GO:0060325","face morphogenesis","1/147","13/8855",0.0769230769230769,4.63369963369963,1.70339223042013,0.19568999150983,0.561366763724115,0.545894817724064,"ANKRD11",1
"GO:0060438","trachea development","1/147","13/8855",0.0769230769230769,4.63369963369963,1.70339223042013,0.19568999150983,0.561366763724115,0.545894817724064,"RARG",1
"GO:0071103","DNA conformation change","1/147","13/8855",0.0769230769230769,4.63369963369963,1.70339223042013,0.19568999150983,0.561366763724115,0.545894817724064,"TOP1",1
"GO:0090200","positive regulation of release of cytochrome c from mitochondria","1/147","13/8855",0.0769230769230769,4.63369963369963,1.70339223042013,0.19568999150983,0.561366763724115,0.545894817724064,"TP53",1
"GO:0090235","regulation of metaphase plate congression","1/147","13/8855",0.0769230769230769,4.63369963369963,1.70339223042013,0.19568999150983,0.561366763724115,0.545894817724064,"DYNC1H1",1
"GO:0090314","positive regulation of protein targeting to membrane","1/147","13/8855",0.0769230769230769,4.63369963369963,1.70339223042013,0.19568999150983,0.561366763724115,0.545894817724064,"FYN",1
"GO:0097734","extracellular exosome biogenesis","1/147","13/8855",0.0769230769230769,4.63369963369963,1.70339223042013,0.19568999150983,0.561366763724115,0.545894817724064,"RAB11A",1
"GO:0099637","neurotransmitter receptor transport","1/147","13/8855",0.0769230769230769,4.63369963369963,1.70339223042013,0.19568999150983,0.561366763724115,0.545894817724064,"RAB11A",1
"GO:1900119","positive regulation of execution phase of apoptosis","1/147","13/8855",0.0769230769230769,4.63369963369963,1.70339223042013,0.19568999150983,0.561366763724115,0.545894817724064,"TP53",1
"GO:1901099","negative regulation of signal transduction in absence of ligand","1/147","13/8855",0.0769230769230769,4.63369963369963,1.70339223042013,0.19568999150983,0.561366763724115,0.545894817724064,"FYN",1
"GO:1902412","regulation of mitotic cytokinesis","1/147","13/8855",0.0769230769230769,4.63369963369963,1.70339223042013,0.19568999150983,0.561366763724115,0.545894817724064,"RAB11A",1
"GO:1990182","exosomal secretion","1/147","13/8855",0.0769230769230769,4.63369963369963,1.70339223042013,0.19568999150983,0.561366763724115,0.545894817724064,"RAB11A",1
"GO:2000269","regulation of fibroblast apoptotic process","1/147","13/8855",0.0769230769230769,4.63369963369963,1.70339223042013,0.19568999150983,0.561366763724115,0.545894817724064,"TP53",1
"GO:2001240","negative regulation of extrinsic apoptotic signaling pathway in absence of ligand","1/147","13/8855",0.0769230769230769,4.63369963369963,1.70339223042013,0.19568999150983,0.561366763724115,0.545894817724064,"FYN",1
"GO:0043488","regulation of mRNA stability","4/147","138/8855",0.0289855072463768,1.74603174603175,1.14757887416888,0.196424105982374,0.562851434893264,0.547338569562676,"ALKBH5/METTL16/TBRG4/FASTK",4
"GO:0007052","mitotic spindle organization","3/147","93/8855",0.032258064516129,1.9431643625192,1.187945313159,0.200618178012723,0.565179749063005,0.549602712581874,"RAB11A/VCP/DYNC1H1",3
"GO:0050728","negative regulation of inflammatory response","3/147","93/8855",0.032258064516129,1.9431643625192,1.187945313159,0.200618178012723,0.565179749063005,0.549602712581874,"FYN/RPS19/GIT1",3
"GO:0050851","antigen receptor-mediated signaling pathway","3/147","93/8855",0.032258064516129,1.9431643625192,1.187945313159,0.200618178012723,0.565179749063005,0.549602712581874,"FYN/SOS1/ELF1",3
"GO:0061014","positive regulation of mRNA catabolic process","3/147","93/8855",0.032258064516129,1.9431643625192,1.187945313159,0.200618178012723,0.565179749063005,0.549602712581874,"ALKBH5/GTPBP1/METTL16",3
"GO:0001942","hair follicle development","2/147","50/8855",0.04,2.40952380952381,1.29855980066904,0.201323028130907,0.565179749063005,0.549602712581874,"SOS1/EDAR",2
"GO:0030330","DNA damage response, signal transduction by p53 class mediator","2/147","50/8855",0.04,2.40952380952381,1.29855980066904,0.201323028130907,0.565179749063005,0.549602712581874,"YJU2/TP53",2
"GO:0042475","odontogenesis of dentin-containing tooth","2/147","50/8855",0.04,2.40952380952381,1.29855980066904,0.201323028130907,0.565179749063005,0.549602712581874,"EDAR/ANKRD11",2
"GO:0051591","response to cAMP","2/147","50/8855",0.04,2.40952380952381,1.29855980066904,0.201323028130907,0.565179749063005,0.549602712581874,"PER1/TOP1",2
"GO:0070585","protein localization to mitochondrion","2/147","50/8855",0.04,2.40952380952381,1.29855980066904,0.201323028130907,0.565179749063005,0.549602712581874,"TOMM40/CHCHD4",2
"GO:0071230","cellular response to amino acid stimulus","2/147","50/8855",0.04,2.40952380952381,1.29855980066904,0.201323028130907,0.565179749063005,0.549602712581874,"FYN/LAMTOR4",2
"GO:2000628","regulation of miRNA metabolic process","2/147","50/8855",0.04,2.40952380952381,1.29855980066904,0.201323028130907,0.565179749063005,0.549602712581874,"NFATC3/TP53",2
"GO:0120039","plasma membrane bounded cell projection morphogenesis","8/147","339/8855",0.023598820058997,1.42154797022054,1.02824887072488,0.201554062238149,0.565179749063005,0.549602712581874,"TNFRSF12A/FYN/LIMK1/CORO1C/SOS1/USP9X/MACF1/BMPR2",8
"GO:0000725","recombinational repair","4/147","140/8855",0.0285714285714286,1.72108843537415,1.11734700350692,0.203259484605953,0.565179749063005,0.549602712581874,"ZMYND8/MCM4/AP5Z1/RTEL1",4
"GO:0010001","glial cell differentiation","4/147","140/8855",0.0285714285714286,1.72108843537415,1.11734700350692,0.203259484605953,0.565179749063005,0.549602712581874,"CD9/PRX/ID2/SOS1",4
"GO:0045321","leukocyte activation","11/147","498/8855",0.0220883534136546,1.33056033658443,0.986528027911618,0.20450268045652,0.565179749063005,0.549602712581874,"FYN/NFATC3/ALKBH5/GIT1/ID2/SOS1/PREX1/TP53/ZNF3/IMPDH2/LAMP1",11
"GO:0016567","protein ubiquitination","10/147","445/8855",0.0224719101123595,1.35366506153023,0.994588381703098,0.204549412257321,0.565179749063005,0.549602712581874,"FYN/U2AF2/KEAP1/USP9X/UBE2Q2/VCP/KLHDC2/UBE2V2/GABARAP/RPS7",10
"GO:0071222","cellular response to lipopolysaccharide","3/147","94/8855",0.0319148936170213,1.92249240121581,1.16820510594481,0.204896992681396,0.565179749063005,0.549602712581874,"MAP2K7/GIT1/PDCD4",3
"GO:0051338","regulation of transferase activity","5/147","189/8855",0.0264550264550265,1.59360040312421,1.07172895181965,0.205396216769166,0.565179749063005,0.549602712581874,"CORO1C/DSCC1/PDCD4/CDC25A/RPS7",5
"GO:1901137","carbohydrate derivative biosynthetic process","8/147","341/8855",0.0234604105571848,1.41321044546851,1.01099934452932,0.205864945696909,0.565179749063005,0.549602712581874,"TPI1/ALG8/VCP/DPAGT1/IMPDH2/MPI/BMPR2/OST4",8
"GO:0001708","cell fate specification","2/147","51/8855",0.0392156862745098,2.36227824463119,1.26759380542834,0.207403227116882,0.565179749063005,0.549602712581874,"MBD3/TBX3",2
"GO:0010660","regulation of muscle cell apoptotic process","2/147","51/8855",0.0392156862745098,2.36227824463119,1.26759380542834,0.207403227116882,0.565179749063005,0.549602712581874,"TP53/PDCD4",2
"GO:0014013","regulation of gliogenesis","2/147","51/8855",0.0392156862745098,2.36227824463119,1.26759380542834,0.207403227116882,0.565179749063005,0.549602712581874,"ID2/TP53",2
"GO:0043112","receptor metabolic process","2/147","51/8855",0.0392156862745098,2.36227824463119,1.26759380542834,0.207403227116882,0.565179749063005,0.549602712581874,"GIT1/USP9X",2
"GO:0051781","positive regulation of cell division","2/147","51/8855",0.0392156862745098,2.36227824463119,1.26759380542834,0.207403227116882,0.565179749063005,0.549602712581874,"RAB11A/FGF3",2
"GO:0062197","cellular response to chemical stress","5/147","190/8855",0.0263157894736842,1.58521303258145,1.05943842932426,0.20834495616481,0.565179749063005,0.549602712581874,"FYN/TMEM161A/KEAP1/PPIF/TP53",5
"GO:0006929","substrate-dependent cell migration","1/147","14/8855",0.0714285714285714,4.30272108843537,1.60677267726123,0.20906180458923,0.565179749063005,0.549602712581874,"TNFRSF12A",1
"GO:0007000","nucleolus organization","1/147","14/8855",0.0714285714285714,4.30272108843537,1.60677267726123,0.20906180458923,0.565179749063005,0.549602712581874,"RPS19",1
"GO:0007260","tyrosine phosphorylation of STAT protein","1/147","14/8855",0.0714285714285714,4.30272108843537,1.60677267726123,0.20906180458923,0.565179749063005,0.549602712581874,"TNFRSF18",1
"GO:0007350","blastoderm segmentation","1/147","14/8855",0.0714285714285714,4.30272108843537,1.60677267726123,0.20906180458923,0.565179749063005,0.549602712581874,"TBX3",1
"GO:0007435","salivary gland morphogenesis","1/147","14/8855",0.0714285714285714,4.30272108843537,1.60677267726123,0.20906180458923,0.565179749063005,0.549602712581874,"EDAR",1
"GO:0009651","response to salt stress","1/147","14/8855",0.0714285714285714,4.30272108843537,1.60677267726123,0.20906180458923,0.565179749063005,0.549602712581874,"TP53",1
"GO:0010758","regulation of macrophage chemotaxis","1/147","14/8855",0.0714285714285714,4.30272108843537,1.60677267726123,0.20906180458923,0.565179749063005,0.549602712581874,"C5",1
"GO:0034698","response to gonadotropin","1/147","14/8855",0.0714285714285714,4.30272108843537,1.60677267726123,0.20906180458923,0.565179749063005,0.549602712581874,"TOP1",1
"GO:0036120","cellular response to platelet-derived growth factor stimulus","1/147","14/8855",0.0714285714285714,4.30272108843537,1.60677267726123,0.20906180458923,0.565179749063005,0.549602712581874,"FYN",1
"GO:0036303","lymph vessel morphogenesis","1/147","14/8855",0.0714285714285714,4.30272108843537,1.60677267726123,0.20906180458923,0.565179749063005,0.549602712581874,"BMPR2",1
"GO:0043217","myelin maintenance","1/147","14/8855",0.0714285714285714,4.30272108843537,1.60677267726123,0.20906180458923,0.565179749063005,0.549602712581874,"PRX",1
"GO:0043302","positive regulation of leukocyte degranulation","1/147","14/8855",0.0714285714285714,4.30272108843537,1.60677267726123,0.20906180458923,0.565179749063005,0.549602712581874,"LAMP1",1
"GO:0045056","transcytosis","1/147","14/8855",0.0714285714285714,4.30272108843537,1.60677267726123,0.20906180458923,0.565179749063005,0.549602712581874,"RAB11A",1
"GO:0045649","regulation of macrophage differentiation","1/147","14/8855",0.0714285714285714,4.30272108843537,1.60677267726123,0.20906180458923,0.565179749063005,0.549602712581874,"ID2",1
"GO:0048011","neurotrophin TRK receptor signaling pathway","1/147","14/8855",0.0714285714285714,4.30272108843537,1.60677267726123,0.20906180458923,0.565179749063005,0.549602712581874,"SOS1",1
"GO:0048710","regulation of astrocyte differentiation","1/147","14/8855",0.0714285714285714,4.30272108843537,1.60677267726123,0.20906180458923,0.565179749063005,0.549602712581874,"ID2",1
"GO:0050922","negative regulation of chemotaxis","1/147","14/8855",0.0714285714285714,4.30272108843537,1.60677267726123,0.20906180458923,0.565179749063005,0.549602712581874,"C5",1
"GO:0051383","kinetochore organization","1/147","14/8855",0.0714285714285714,4.30272108843537,1.60677267726123,0.20906180458923,0.565179749063005,0.549602712581874,"TRAPPC12",1
"GO:0060444","branching involved in mammary gland duct morphogenesis","1/147","14/8855",0.0714285714285714,4.30272108843537,1.60677267726123,0.20906180458923,0.565179749063005,0.549602712581874,"TBX3",1
"GO:0061037","negative regulation of cartilage development","1/147","14/8855",0.0714285714285714,4.30272108843537,1.60677267726123,0.20906180458923,0.565179749063005,0.549602712581874,"RARG",1
"GO:0062149","detection of stimulus involved in sensory perception of pain","1/147","14/8855",0.0714285714285714,4.30272108843537,1.60677267726123,0.20906180458923,0.565179749063005,0.549602712581874,"FYN",1
"GO:0090141","positive regulation of mitochondrial fission","1/147","14/8855",0.0714285714285714,4.30272108843537,1.60677267726123,0.20906180458923,0.565179749063005,0.549602712581874,"SPIRE1",1
"GO:0090201","negative regulation of release of cytochrome c from mitochondria","1/147","14/8855",0.0714285714285714,4.30272108843537,1.60677267726123,0.20906180458923,0.565179749063005,0.549602712581874,"PPIF",1
"GO:0140112","extracellular vesicle biogenesis","1/147","14/8855",0.0714285714285714,4.30272108843537,1.60677267726123,0.20906180458923,0.565179749063005,0.549602712581874,"RAB11A",1
"GO:1901096","regulation of autophagosome maturation","1/147","14/8855",0.0714285714285714,4.30272108843537,1.60677267726123,0.20906180458923,0.565179749063005,0.549602712581874,"TMEM39A",1
"GO:2000108","positive regulation of leukocyte apoptotic process","1/147","14/8855",0.0714285714285714,4.30272108843537,1.60677267726123,0.20906180458923,0.565179749063005,0.549602712581874,"TP53",1
"GO:2000810","regulation of bicellular tight junction assembly","1/147","14/8855",0.0714285714285714,4.30272108843537,1.60677267726123,0.20906180458923,0.565179749063005,0.549602712581874,"RPS6",1
"GO:2001169","regulation of ATP biosynthetic process","1/147","14/8855",0.0714285714285714,4.30272108843537,1.60677267726123,0.20906180458923,0.565179749063005,0.549602712581874,"VCP",1
"GO:0000045","autophagosome assembly","3/147","95/8855",0.0315789473684211,1.90225563909774,1.14870515662273,0.209196967525437,0.565179749063005,0.549602712581874,"GABARAP/TMEM39A/AP5Z1",3
"GO:0001837","epithelial to mesenchymal transition","3/147","95/8855",0.0315789473684211,1.90225563909774,1.14870515662273,0.209196967525437,0.565179749063005,0.549602712581874,"TBX3/PDCD4/S100A4",3
"GO:0048858","cell projection morphogenesis","8/147","343/8855",0.0233236151603499,1.40497015132584,0.993856043395949,0.210212894947679,0.567334697787142,0.55169826831653,"TNFRSF12A/FYN/LIMK1/CORO1C/SOS1/USP9X/MACF1/BMPR2",8
"GO:0006094","gluconeogenesis","2/147","52/8855",0.0384615384615385,2.31684981684982,1.23734778316805,0.213502887712059,0.571466534669044,0.555716226783733,"TPI1/MDH2",2
"GO:0009408","response to heat","2/147","52/8855",0.0384615384615385,2.31684981684982,1.23734778316805,0.213502887712059,0.571466534669044,0.555716226783733,"MAP2K7/VCP",2
"GO:0009791","post-embryonic development","2/147","52/8855",0.0384615384615385,2.31684981684982,1.23734778316805,0.213502887712059,0.571466534669044,0.555716226783733,"ATN1/ASL",2
"GO:0010833","telomere maintenance via telomere lengthening","2/147","52/8855",0.0384615384615385,2.31684981684982,1.23734778316805,0.213502887712059,0.571466534669044,0.555716226783733,"TP53/RTEL1",2
"GO:0022404","molting cycle process","2/147","52/8855",0.0384615384615385,2.31684981684982,1.23734778316805,0.213502887712059,0.571466534669044,0.555716226783733,"SOS1/EDAR",2
"GO:0022405","hair cycle process","2/147","52/8855",0.0384615384615385,2.31684981684982,1.23734778316805,0.213502887712059,0.571466534669044,0.555716226783733,"SOS1/EDAR",2
"GO:0044773","mitotic DNA damage checkpoint signaling","2/147","52/8855",0.0384615384615385,2.31684981684982,1.23734778316805,0.213502887712059,0.571466534669044,0.555716226783733,"FOXN3/TP53",2
"GO:0072332","intrinsic apoptotic signaling pathway by p53 class mediator","2/147","52/8855",0.0384615384615385,2.31684981684982,1.23734778316805,0.213502887712059,0.571466534669044,0.555716226783733,"TP53/RPS7",2
"GO:0007565","female pregnancy","3/147","97/8855",0.0309278350515464,1.86303387334315,1.11040256022683,0.217856836212395,0.574663384575131,0.558824967645406,"DEDD/RPL29/BMPR2",3
"GO:0006469","negative regulation of protein kinase activity","2/147","53/8855",0.0377358490566038,2.27313566936208,1.2077892354969,0.219619707946067,0.574663384575131,0.558824967645406,"CORO1C/PDCD4",2
"GO:0008625","extrinsic apoptotic signaling pathway via death domain receptors","2/147","53/8855",0.0377358490566038,2.27313566936208,1.2077892354969,0.219619707946067,0.574663384575131,0.558824967645406,"DEDD/GABARAP",2
"GO:0035282","segmentation","2/147","53/8855",0.0377358490566038,2.27313566936208,1.2077892354969,0.219619707946067,0.574663384575131,0.558824967645406,"TBX3/TP53",2
"GO:0044344","cellular response to fibroblast growth factor stimulus","2/147","53/8855",0.0377358490566038,2.27313566936208,1.2077892354969,0.219619707946067,0.574663384575131,0.558824967645406,"SOS1/FGF3",2
"GO:0060996","dendritic spine development","2/147","53/8855",0.0377358490566038,2.27313566936208,1.2077892354969,0.219619707946067,0.574663384575131,0.558824967645406,"ZMYND8/GIT1",2
"GO:0071229","cellular response to acid chemical","2/147","53/8855",0.0377358490566038,2.27313566936208,1.2077892354969,0.219619707946067,0.574663384575131,0.558824967645406,"FYN/LAMTOR4",2
"GO:0097194","execution phase of apoptosis","2/147","53/8855",0.0377358490566038,2.27313566936208,1.2077892354969,0.219619707946067,0.574663384575131,0.558824967645406,"ACIN1/TP53",2
"GO:0048872","homeostasis of number of cells","5/147","194/8855",0.0257731958762887,1.55252822778596,1.01097526952982,0.220277683129997,0.574663384575131,0.558824967645406,"ACIN1/RPS19/ID2/SOS1/SLC48A1",5
"GO:0046434","organophosphate catabolic process","4/147","145/8855",0.0275862068965517,1.66174055829228,1.04383509226368,0.220647620060043,0.574663384575131,0.558824967645406,"GIT1/TPI1/VCP/NUDT3",4
"GO:0001779","natural killer cell differentiation","1/147","15/8855",0.0666666666666667,4.01587301587302,1.51880411289607,0.222212795961856,0.574663384575131,0.558824967645406,"ID2",1
"GO:0002548","monocyte chemotaxis","1/147","15/8855",0.0666666666666667,4.01587301587302,1.51880411289607,0.222212795961856,0.574663384575131,0.558824967645406,"RPS19",1
"GO:0003283","atrial septum development","1/147","15/8855",0.0666666666666667,4.01587301587302,1.51880411289607,0.222212795961856,0.574663384575131,0.558824967645406,"BMPR2",1
"GO:0006896","Golgi to vacuole transport","1/147","15/8855",0.0666666666666667,4.01587301587302,1.51880411289607,0.222212795961856,0.574663384575131,0.558824967645406,"LAMP1",1
"GO:0008090","retrograde axonal transport","1/147","15/8855",0.0666666666666667,4.01587301587302,1.51880411289607,0.222212795961856,0.574663384575131,0.558824967645406,"DYNC1H1",1
"GO:0016078","tRNA decay","1/147","15/8855",0.0666666666666667,4.01587301587302,1.51880411289607,0.222212795961856,0.574663384575131,0.558824967645406,"EXOSC2",1
"GO:0036119","response to platelet-derived growth factor","1/147","15/8855",0.0666666666666667,4.01587301587302,1.51880411289607,0.222212795961856,0.574663384575131,0.558824967645406,"FYN",1
"GO:0042659","regulation of cell fate specification","1/147","15/8855",0.0666666666666667,4.01587301587302,1.51880411289607,0.222212795961856,0.574663384575131,0.558824967645406,"MBD3",1
"GO:0045061","thymic T cell selection","1/147","15/8855",0.0666666666666667,4.01587301587302,1.51880411289607,0.222212795961856,0.574663384575131,0.558824967645406,"NFATC3",1
"GO:0045672","positive regulation of osteoclast differentiation","1/147","15/8855",0.0666666666666667,4.01587301587302,1.51880411289607,0.222212795961856,0.574663384575131,0.558824967645406,"CORO1C",1
"GO:0050869","negative regulation of B cell activation","1/147","15/8855",0.0666666666666667,4.01587301587302,1.51880411289607,0.222212795961856,0.574663384575131,0.558824967645406,"ID2",1
"GO:0051291","protein heterooligomerization","1/147","15/8855",0.0666666666666667,4.01587301587302,1.51880411289607,0.222212795961856,0.574663384575131,0.558824967645406,"FARSA",1
"GO:0051438","regulation of ubiquitin-protein transferase activity","1/147","15/8855",0.0666666666666667,4.01587301587302,1.51880411289607,0.222212795961856,0.574663384575131,0.558824967645406,"RPS7",1
"GO:0070242","thymocyte apoptotic process","1/147","15/8855",0.0666666666666667,4.01587301587302,1.51880411289607,0.222212795961856,0.574663384575131,0.558824967645406,"TP53",1
"GO:0090330","regulation of platelet aggregation","1/147","15/8855",0.0666666666666667,4.01587301587302,1.51880411289607,0.222212795961856,0.574663384575131,0.558824967645406,"CD9",1
"GO:0090630","activation of GTPase activity","1/147","15/8855",0.0666666666666667,4.01587301587302,1.51880411289607,0.222212795961856,0.574663384575131,0.558824967645406,"CORO1C",1
"GO:0097049","motor neuron apoptotic process","1/147","15/8855",0.0666666666666667,4.01587301587302,1.51880411289607,0.222212795961856,0.574663384575131,0.558824967645406,"MAP2K7",1
"GO:0099116","tRNA 5'-end processing","1/147","15/8855",0.0666666666666667,4.01587301587302,1.51880411289607,0.222212795961856,0.574663384575131,0.558824967645406,"RPP25L",1
"GO:1902018","negative regulation of cilium assembly","1/147","15/8855",0.0666666666666667,4.01587301587302,1.51880411289607,0.222212795961856,0.574663384575131,0.558824967645406,"USP9X",1
"GO:1902230","negative regulation of intrinsic apoptotic signaling pathway in response to DNA damage","1/147","15/8855",0.0666666666666667,4.01587301587302,1.51880411289607,0.222212795961856,0.574663384575131,0.558824967645406,"TMEM161A",1
"GO:1904505","regulation of telomere maintenance in response to DNA damage","1/147","15/8855",0.0666666666666667,4.01587301587302,1.51880411289607,0.222212795961856,0.574663384575131,0.558824967645406,"RTEL1",1
"GO:2000178","negative regulation of neural precursor cell proliferation","1/147","15/8855",0.0666666666666667,4.01587301587302,1.51880411289607,0.222212795961856,0.574663384575131,0.558824967645406,"TP53",1
"GO:2001135","regulation of endocytic recycling","1/147","15/8855",0.0666666666666667,4.01587301587302,1.51880411289607,0.222212795961856,0.574663384575131,0.558824967645406,"RAB11A",1
"GO:0009411","response to UV","3/147","98/8855",0.0306122448979592,1.84402332361516,1.09158868936598,0.222214967871492,0.574663384575131,0.558824967645406,"TMEM161A/MAP2K7/TP53",3
"GO:0051056","regulation of small GTPase mediated signal transduction","5/147","195/8855",0.0256410256410256,1.54456654456654,0.999030006277171,0.223293931334094,0.574666677053262,0.558828169378863,"GIT1/SOS1/PREX1/ARHGDIA/GABARAP",5
"GO:0051248","negative regulation of protein metabolic process","8/147","349/8855",0.0229226361031519,1.38081593668986,0.943049208920997,0.223471205472598,0.574666677053262,0.558828169378863,"FYN/U2AF2/CORO1C/USP9X/TP53/PDCD4/DEDD/RPS7",8
"GO:0051604","protein maturation","8/147","349/8855",0.0229226361031519,1.38081593668986,0.943049208920997,0.223471205472598,0.574666677053262,0.558828169378863,"PPIF/FKBP9/SERPINH1/LTO1/PDIA4/CHCHD4/HSPA4L/TSPAN5",8
"GO:0001843","neural tube closure","2/147","54/8855",0.037037037037037,2.2310405643739,1.17888773440165,0.225751455924209,0.574666677053262,0.558828169378863,"RPS7/RARG",2
"GO:0010657","muscle cell apoptotic process","2/147","54/8855",0.037037037037037,2.2310405643739,1.17888773440165,0.225751455924209,0.574666677053262,0.558828169378863,"TP53/PDCD4",2
"GO:0033559","unsaturated fatty acid metabolic process","2/147","54/8855",0.037037037037037,2.2310405643739,1.17888773440165,0.225751455924209,0.574666677053262,0.558828169378863,"EPHX1/FADS3",2
"GO:0043648","dicarboxylic acid metabolic process","2/147","54/8855",0.037037037037037,2.2310405643739,1.17888773440165,0.225751455924209,0.574666677053262,0.558828169378863,"ASL/MDH2",2
"GO:0060606","tube closure","2/147","54/8855",0.037037037037037,2.2310405643739,1.17888773440165,0.225751455924209,0.574666677053262,0.558828169378863,"RPS7/RARG",2
"GO:1905477","positive regulation of protein localization to membrane","2/147","54/8855",0.037037037037037,2.2310405643739,1.17888773440165,0.225751455924209,0.574666677053262,0.558828169378863,"FYN/RAB11A",2
"GO:0032259","methylation","4/147","147/8855",0.0272108843537415,1.63913184321348,1.01521757851557,0.22771322415636,0.574666677053262,0.558828169378863,"PCMT1/METTL16/TRMO/TRMT61A",4
"GO:0097193","intrinsic apoptotic signaling pathway","5/147","197/8855",0.0253807106598985,1.5288856659415,0.975338426904865,0.229364171031133,0.574666677053262,0.558828169378863,"FYN/TMEM161A/PPIF/TP53/RPS7",5
"GO:0006986","response to unfolded protein","3/147","100/8855",0.03,1.80714285714286,1.05460918294951,0.230983278786499,0.574666677053262,0.558828169378863,"SERPINH1/HSPA4L/VCP",3
"GO:0007369","gastrulation","3/147","100/8855",0.03,1.80714285714286,1.05460918294951,0.230983278786499,0.574666677053262,0.558828169378863,"AHDC1/TP53/BMPR2",3
"GO:0043065","positive regulation of apoptotic process","7/147","300/8855",0.0233333333333333,1.40555555555556,0.928474950773445,0.231031110970647,0.574666677053262,0.558828169378863,"TNFRSF12A/ACIN1/RPS6/TP53/PDCD4/RPS7/RARG",7
"GO:0043487","regulation of RNA stability","4/147","148/8855",0.027027027027027,1.62805662805663,1.00107036424281,0.231267862585168,0.574666677053262,0.558828169378863,"ALKBH5/METTL16/TBRG4/FASTK",4
"GO:0022603","regulation of anatomical structure morphogenesis","10/147","459/8855",0.0217864923747277,1.31237680257288,0.892931449005182,0.231646637890485,0.574666677053262,0.558828169378863,"TNFRSF12A/FYN/NFATC3/LIMK1/CORO1C/MACF1/SPIRE1/ZMYM4/GNA12/BMPR2",10
"GO:0019319","hexose biosynthetic process","2/147","55/8855",0.0363636363636364,2.19047619047619,1.15061475416821,0.231895968162174,0.574666677053262,0.558828169378863,"TPI1/MDH2",2
"GO:0031398","positive regulation of protein ubiquitination","2/147","55/8855",0.0363636363636364,2.19047619047619,1.15061475416821,0.231895968162174,0.574666677053262,0.558828169378863,"UBE2V2/GABARAP",2
"GO:0042542","response to hydrogen peroxide","2/147","55/8855",0.0363636363636364,2.19047619047619,1.15061475416821,0.231895968162174,0.574666677053262,0.558828169378863,"FYN/PPIF",2
"GO:0051262","protein tetramerization","2/147","55/8855",0.0363636363636364,2.19047619047619,1.15061475416821,0.231895968162174,0.574666677053262,0.558828169378863,"TP53/FARSA",2
"GO:2000736","regulation of stem cell differentiation","2/147","55/8855",0.0363636363636364,2.19047619047619,1.15061475416821,0.231895968162174,0.574666677053262,0.558828169378863,"MBD3/TBX3",2
"GO:0003416","endochondral bone growth","1/147","16/8855",0.0625,3.76488095238095,1.43814964031247,0.235146587703214,0.574666677053262,0.558828169378863,"RARG",1
"GO:0006536","glutamate metabolic process","1/147","16/8855",0.0625,3.76488095238095,1.43814964031247,0.235146587703214,0.574666677053262,0.558828169378863,"ASL",1
"GO:0008156","negative regulation of DNA replication","1/147","16/8855",0.0625,3.76488095238095,1.43814964031247,0.235146587703214,0.574666677053262,0.558828169378863,"TP53",1
"GO:0010165","response to X-ray","1/147","16/8855",0.0625,3.76488095238095,1.43814964031247,0.235146587703214,0.574666677053262,0.558828169378863,"TP53",1
"GO:0021801","cerebral cortex radial glia-guided migration","1/147","16/8855",0.0625,3.76488095238095,1.43814964031247,0.235146587703214,0.574666677053262,0.558828169378863,"FYN",1
"GO:0022030","telencephalon glial cell migration","1/147","16/8855",0.0625,3.76488095238095,1.43814964031247,0.235146587703214,0.574666677053262,0.558828169378863,"FYN",1
"GO:0032011","ARF protein signal transduction","1/147","16/8855",0.0625,3.76488095238095,1.43814964031247,0.235146587703214,0.574666677053262,0.558828169378863,"GIT1",1
"GO:0032012","regulation of ARF protein signal transduction","1/147","16/8855",0.0625,3.76488095238095,1.43814964031247,0.235146587703214,0.574666677053262,0.558828169378863,"GIT1",1
"GO:0032402","melanosome transport","1/147","16/8855",0.0625,3.76488095238095,1.43814964031247,0.235146587703214,0.574666677053262,0.558828169378863,"RAB11A",1
"GO:0034390","smooth muscle cell apoptotic process","1/147","16/8855",0.0625,3.76488095238095,1.43814964031247,0.235146587703214,0.574666677053262,0.558828169378863,"PDCD4",1
"GO:0034391","regulation of smooth muscle cell apoptotic process","1/147","16/8855",0.0625,3.76488095238095,1.43814964031247,0.235146587703214,0.574666677053262,0.558828169378863,"PDCD4",1
"GO:0035115","embryonic forelimb morphogenesis","1/147","16/8855",0.0625,3.76488095238095,1.43814964031247,0.235146587703214,0.574666677053262,0.558828169378863,"TBX3",1
"GO:0038203","TORC2 signaling","1/147","16/8855",0.0625,3.76488095238095,1.43814964031247,0.235146587703214,0.574666677053262,0.558828169378863,"USP9X",1
"GO:0044342","type B pancreatic cell proliferation","1/147","16/8855",0.0625,3.76488095238095,1.43814964031247,0.235146587703214,0.574666677053262,0.558828169378863,"FMC1",1
"GO:0044346","fibroblast apoptotic process","1/147","16/8855",0.0625,3.76488095238095,1.43814964031247,0.235146587703214,0.574666677053262,0.558828169378863,"TP53",1
"GO:0045776","negative regulation of blood pressure","1/147","16/8855",0.0625,3.76488095238095,1.43814964031247,0.235146587703214,0.574666677053262,0.558828169378863,"BMPR2",1
"GO:0046697","decidualization","1/147","16/8855",0.0625,3.76488095238095,1.43814964031247,0.235146587703214,0.574666677053262,0.558828169378863,"DEDD",1
"GO:0046831","regulation of RNA export from nucleus","1/147","16/8855",0.0625,3.76488095238095,1.43814964031247,0.235146587703214,0.574666677053262,0.558828169378863,"ALKBH5",1
"GO:0048207","vesicle targeting, rough ER to cis-Golgi","1/147","16/8855",0.0625,3.76488095238095,1.43814964031247,0.235146587703214,0.574666677053262,0.558828169378863,"TRAPPC12",1
"GO:0048208","COPII vesicle coating","1/147","16/8855",0.0625,3.76488095238095,1.43814964031247,0.235146587703214,0.574666677053262,0.558828169378863,"TRAPPC12",1
"GO:0050805","negative regulation of synaptic transmission","1/147","16/8855",0.0625,3.76488095238095,1.43814964031247,0.235146587703214,0.574666677053262,0.558828169378863,"ARF1",1
"GO:0050974","detection of mechanical stimulus involved in sensory perception","1/147","16/8855",0.0625,3.76488095238095,1.43814964031247,0.235146587703214,0.574666677053262,0.558828169378863,"FYN",1
"GO:0050995","negative regulation of lipid catabolic process","1/147","16/8855",0.0625,3.76488095238095,1.43814964031247,0.235146587703214,0.574666677053262,0.558828169378863,"FMC1",1
"GO:0051491","positive regulation of filopodium assembly","1/147","16/8855",0.0625,3.76488095238095,1.43814964031247,0.235146587703214,0.574666677053262,0.558828169378863,"ZMYND8",1
"GO:0051955","regulation of amino acid transport","1/147","16/8855",0.0625,3.76488095238095,1.43814964031247,0.235146587703214,0.574666677053262,0.558828169378863,"SLC43A1",1
"GO:0070841","inclusion body assembly","1/147","16/8855",0.0625,3.76488095238095,1.43814964031247,0.235146587703214,0.574666677053262,0.558828169378863,"VCP",1
"GO:0071218","cellular response to misfolded protein","1/147","16/8855",0.0625,3.76488095238095,1.43814964031247,0.235146587703214,0.574666677053262,0.558828169378863,"VCP",1
"GO:0090313","regulation of protein targeting to membrane","1/147","16/8855",0.0625,3.76488095238095,1.43814964031247,0.235146587703214,0.574666677053262,0.558828169378863,"FYN",1
"GO:1900027","regulation of ruffle assembly","1/147","16/8855",0.0625,3.76488095238095,1.43814964031247,0.235146587703214,0.574666677053262,0.558828169378863,"CORO1C",1
"GO:1900117","regulation of execution phase of apoptosis","1/147","16/8855",0.0625,3.76488095238095,1.43814964031247,0.235146587703214,0.574666677053262,0.558828169378863,"TP53",1
"GO:1902894","negative regulation of miRNA transcription","1/147","16/8855",0.0625,3.76488095238095,1.43814964031247,0.235146587703214,0.574666677053262,0.558828169378863,"NFATC3",1
"GO:1902969","mitotic DNA replication","1/147","16/8855",0.0625,3.76488095238095,1.43814964031247,0.235146587703214,0.574666677053262,0.558828169378863,"MCM4",1
"GO:2000629","negative regulation of miRNA metabolic process","1/147","16/8855",0.0625,3.76488095238095,1.43814964031247,0.235146587703214,0.574666677053262,0.558828169378863,"NFATC3",1
"GO:0006486","protein glycosylation","3/147","101/8855",0.0297029702970297,1.78925035360679,1.03643344017443,0.235391743592067,0.574666677053262,0.558828169378863,"ALG8/DPAGT1/OST4",3
"GO:0007093","mitotic cell cycle checkpoint signaling","3/147","101/8855",0.0297029702970297,1.78925035360679,1.03643344017443,0.235391743592067,0.574666677053262,0.558828169378863,"FOXN3/TP53/BUB3",3
"GO:0031345","negative regulation of cell projection organization","3/147","101/8855",0.0297029702970297,1.78925035360679,1.03643344017443,0.235391743592067,0.574666677053262,0.558828169378863,"FYN/USP9X/KREMEN1",3
"GO:0043413","macromolecule glycosylation","3/147","101/8855",0.0297029702970297,1.78925035360679,1.03643344017443,0.235391743592067,0.574666677053262,0.558828169378863,"ALG8/DPAGT1/OST4",3
"GO:1905037","autophagosome organization","3/147","101/8855",0.0297029702970297,1.78925035360679,1.03643344017443,0.235391743592067,0.574666677053262,0.558828169378863,"GABARAP/TMEM39A/AP5Z1",3
"GO:0007249","canonical NF-kappaB signal transduction","5/147","199/8855",0.0251256281407035,1.51351998085666,0.951906904293682,0.235482882286158,0.574666677053262,0.558828169378863,"EDAR/VCP/CXXC5/PER1/S100A4",5
"GO:0044774","mitotic DNA integrity checkpoint signaling","2/147","56/8855",0.0357142857142857,2.15136054421769,1.12294351975391,0.238051147956107,0.577245219305668,0.561335643892553,"FOXN3/TP53",2
"GO:0060840","artery development","2/147","56/8855",0.0357142857142857,2.15136054421769,1.12294351975391,0.238051147956107,0.577245219305668,0.561335643892553,"NFATC3/BMPR2",2
"GO:0045333","cellular respiration","5/147","200/8855",0.025,1.50595238095238,0.94028676171595,0.238559718376787,0.577245219305668,0.561335643892553,"PPIF/GIT1/TPI1/MDH2/VCP",5
"GO:0048609","multicellular organismal reproductive process","10/147","463/8855",0.0215982721382289,1.30103877404093,0.864468973309669,0.23963600075691,0.577245219305668,0.561335643892553,"CD9/PAFAH1B3/ALKBH5/ATN1/SOS1/USP9X/SPIRE1/ETV6/DEDD/BMPR2",10
"GO:0044703","multi-organism reproductive process","3/147","102/8855",0.0294117647058824,1.77170868347339,1.01846058151564,0.239815285706807,0.577245219305668,0.561335643892553,"DEDD/RPL29/BMPR2",3
"GO:0071219","cellular response to molecule of bacterial origin","3/147","102/8855",0.0294117647058824,1.77170868347339,1.01846058151564,0.239815285706807,0.577245219305668,0.561335643892553,"MAP2K7/GIT1/PDCD4",3
"GO:0007005","mitochondrion organization","6/147","252/8855",0.0238095238095238,1.43424036281179,0.908604145164334,0.241034363745478,0.577245219305668,0.561335643892553,"PPIF/TOMM40/SPIRE1/TP53/CHCHD4/FMC1",6
"GO:0015980","energy derivation by oxidation of organic compounds","6/147","252/8855",0.0238095238095238,1.43424036281179,0.908604145164334,0.241034363745478,0.577245219305668,0.561335643892553,"PPIF/GIT1/TPI1/TP53/MDH2/VCP",6
"GO:0009611","response to wounding","7/147","305/8855",0.0229508196721311,1.38251366120219,0.88324874414951,0.243429291626788,0.577245219305668,0.561335643892553,"TNFRSF12A/CD9/MAP2K7/GIT1/MACF1/GNA12/KREMEN1",7
"GO:0045596","negative regulation of cell differentiation","8/147","358/8855",0.0223463687150838,1.34610268688481,0.868526134258276,0.243922625705763,0.577245219305668,0.561335643892553,"NFATC3/ID2/TBX3/ANP32B/TP53/PDCD4/RARG/BMPR2",8
"GO:0006839","mitochondrial transport","2/147","57/8855",0.0350877192982456,2.11361737677527,1.09584886973682,0.244214963787358,0.577245219305668,0.561335643892553,"PPIF/TP53",2
"GO:0032273","positive regulation of protein polymerization","2/147","57/8855",0.0350877192982456,2.11361737677527,1.09584886973682,0.244214963787358,0.577245219305668,0.561335643892553,"GIT1/FCHSD2",2
"GO:0033673","negative regulation of kinase activity","2/147","57/8855",0.0350877192982456,2.11361737677527,1.09584886973682,0.244214963787358,0.577245219305668,0.561335643892553,"CORO1C/PDCD4",2
"GO:0046364","monosaccharide biosynthetic process","2/147","57/8855",0.0350877192982456,2.11361737677527,1.09584886973682,0.244214963787358,0.577245219305668,0.561335643892553,"TPI1/MDH2",2
"GO:0007626","locomotory behavior","3/147","103/8855",0.029126213592233,1.75450762829404,1.00068596537984,0.244253069272111,0.577245219305668,0.561335643892553,"GIT1/ID2/ASL",3
"GO:0098876","vesicle-mediated transport to the plasma membrane","3/147","103/8855",0.029126213592233,1.75450762829404,1.00068596537984,0.244253069272111,0.577245219305668,0.561335643892553,"RAB11A/KRT18/MACF1",3
"GO:0014706","striated muscle tissue development","5/147","202/8855",0.0247524752475248,1.49104196133899,0.917234020853989,0.244746956156597,0.577245219305668,0.561335643892553,"MBD3/PPIF/ID2/TBX3/FGF3",5
"GO:0019318","hexose metabolic process","4/147","152/8855",0.0263157894736842,1.58521303258145,0.945519538003737,0.245621493170655,0.577245219305668,0.561335643892553,"TPI1/TP53/MDH2/MPI",4
"GO:0061448","connective tissue development","4/147","152/8855",0.0263157894736842,1.58521303258145,0.945519538003737,0.245621493170655,0.577245219305668,0.561335643892553,"ID2/SERPINH1/RARG/BMPR2",4
"GO:0001953","negative regulation of cell-matrix adhesion","1/147","17/8855",0.0588235294117647,3.54341736694678,1.36374857719691,0.247866742880002,0.577245219305668,0.561335643892553,"CORO1C",1
"GO:0002067","glandular epithelial cell differentiation","1/147","17/8855",0.0588235294117647,3.54341736694678,1.36374857719691,0.247866742880002,0.577245219305668,0.561335643892553,"RARG",1
"GO:0002686","negative regulation of leukocyte migration","1/147","17/8855",0.0588235294117647,3.54341736694678,1.36374857719691,0.247866742880002,0.577245219305668,0.561335643892553,"C5",1
"GO:0003181","atrioventricular valve morphogenesis","1/147","17/8855",0.0588235294117647,3.54341736694678,1.36374857719691,0.247866742880002,0.577245219305668,0.561335643892553,"BMPR2",1
"GO:0006098","pentose-phosphate shunt","1/147","17/8855",0.0588235294117647,3.54341736694678,1.36374857719691,0.247866742880002,0.577245219305668,0.561335643892553,"TP53",1
"GO:0006730","one-carbon metabolic process","1/147","17/8855",0.0588235294117647,3.54341736694678,1.36374857719691,0.247866742880002,0.577245219305668,0.561335643892553,"AHCY",1
"GO:0007431","salivary gland development","1/147","17/8855",0.0588235294117647,3.54341736694678,1.36374857719691,0.247866742880002,0.577245219305668,0.561335643892553,"EDAR",1
"GO:0009168","purine ribonucleoside monophosphate biosynthetic process","1/147","17/8855",0.0588235294117647,3.54341736694678,1.36374857719691,0.247866742880002,0.577245219305668,0.561335643892553,"IMPDH2",1
"GO:0010574","regulation of vascular endothelial growth factor production","1/147","17/8855",0.0588235294117647,3.54341736694678,1.36374857719691,0.247866742880002,0.577245219305668,0.561335643892553,"C5",1
"GO:0014912","negative regulation of smooth muscle cell migration","1/147","17/8855",0.0588235294117647,3.54341736694678,1.36374857719691,0.247866742880002,0.577245219305668,0.561335643892553,"GNA12",1
"GO:0022011","myelination in peripheral nervous system","1/147","17/8855",0.0588235294117647,3.54341736694678,1.36374857719691,0.247866742880002,0.577245219305668,0.561335643892553,"PRX",1
"GO:0030150","protein import into mitochondrial matrix","1/147","17/8855",0.0588235294117647,3.54341736694678,1.36374857719691,0.247866742880002,0.577245219305668,0.561335643892553,"TOMM40",1
"GO:0030808","regulation of nucleotide biosynthetic process","1/147","17/8855",0.0588235294117647,3.54341736694678,1.36374857719691,0.247866742880002,0.577245219305668,0.561335643892553,"VCP",1
"GO:0032211","negative regulation of telomere maintenance via telomerase","1/147","17/8855",0.0588235294117647,3.54341736694678,1.36374857719691,0.247866742880002,0.577245219305668,0.561335643892553,"TP53",1
"GO:0032292","peripheral nervous system axon ensheathment","1/147","17/8855",0.0588235294117647,3.54341736694678,1.36374857719691,0.247866742880002,0.577245219305668,0.561335643892553,"PRX",1
"GO:0032401","establishment of melanosome localization","1/147","17/8855",0.0588235294117647,3.54341736694678,1.36374857719691,0.247866742880002,0.577245219305668,0.561335643892553,"RAB11A",1
"GO:0032692","negative regulation of interleukin-1 production","1/147","17/8855",0.0588235294117647,3.54341736694678,1.36374857719691,0.247866742880002,0.577245219305668,0.561335643892553,"GIT1",1
"GO:0033598","mammary gland epithelial cell proliferation","1/147","17/8855",0.0588235294117647,3.54341736694678,1.36374857719691,0.247866742880002,0.577245219305668,0.561335643892553,"ID2",1
"GO:0042634","regulation of hair cycle","1/147","17/8855",0.0588235294117647,3.54341736694678,1.36374857719691,0.247866742880002,0.577245219305668,0.561335643892553,"PER1",1
"GO:0045730","respiratory burst","1/147","17/8855",0.0588235294117647,3.54341736694678,1.36374857719691,0.247866742880002,0.577245219305668,0.561335643892553,"RPS19",1
"GO:0045777","positive regulation of blood pressure","1/147","17/8855",0.0588235294117647,3.54341736694678,1.36374857719691,0.247866742880002,0.577245219305668,0.561335643892553,"ID2",1
"GO:0050860","negative regulation of T cell receptor signaling pathway","1/147","17/8855",0.0588235294117647,3.54341736694678,1.36374857719691,0.247866742880002,0.577245219305668,0.561335643892553,"ELF1",1
"GO:0051904","pigment granule transport","1/147","17/8855",0.0588235294117647,3.54341736694678,1.36374857719691,0.247866742880002,0.577245219305668,0.561335643892553,"RAB11A",1
"GO:0060323","head morphogenesis","1/147","17/8855",0.0588235294117647,3.54341736694678,1.36374857719691,0.247866742880002,0.577245219305668,0.561335643892553,"ANKRD11",1
"GO:0060603","mammary gland duct morphogenesis","1/147","17/8855",0.0588235294117647,3.54341736694678,1.36374857719691,0.247866742880002,0.577245219305668,0.561335643892553,"TBX3",1
"GO:0061036","positive regulation of cartilage development","1/147","17/8855",0.0588235294117647,3.54341736694678,1.36374857719691,0.247866742880002,0.577245219305668,0.561335643892553,"BMPR2",1
"GO:0061384","heart trabecula morphogenesis","1/147","17/8855",0.0588235294117647,3.54341736694678,1.36374857719691,0.247866742880002,0.577245219305668,0.561335643892553,"SOS1",1
"GO:0070314","G1 to G0 transition","1/147","17/8855",0.0588235294117647,3.54341736694678,1.36374857719691,0.247866742880002,0.577245219305668,0.561335643892553,"TP53",1
"GO:0099171","presynaptic modulation of chemical synaptic transmission","1/147","17/8855",0.0588235294117647,3.54341736694678,1.36374857719691,0.247866742880002,0.577245219305668,0.561335643892553,"GIT1",1
"GO:1900371","regulation of purine nucleotide biosynthetic process","1/147","17/8855",0.0588235294117647,3.54341736694678,1.36374857719691,0.247866742880002,0.577245219305668,0.561335643892553,"VCP",1
"GO:2000403","positive regulation of lymphocyte migration","1/147","17/8855",0.0588235294117647,3.54341736694678,1.36374857719691,0.247866742880002,0.577245219305668,0.561335643892553,"MADCAM1",1
"GO:2000737","negative regulation of stem cell differentiation","1/147","17/8855",0.0588235294117647,3.54341736694678,1.36374857719691,0.247866742880002,0.577245219305668,0.561335643892553,"TBX3",1
"GO:0110053","regulation of actin filament organization","4/147","153/8855",0.0261437908496732,1.57485216308746,0.931883370568078,0.249241432339222,0.579927021172459,0.563943532060944,"LIMK1/PREX1/FCHSD2/ARF1",4
"GO:0014020","primary neural tube formation","2/147","58/8855",0.0344827586206897,2.07717569786535,1.06930713221071,0.250385447761204,0.581028373867293,0.565014530145347,"RPS7/RARG",2
"GO:0048534","hematopoietic or lymphoid organ development","2/147","58/8855",0.0344827586206897,2.07717569786535,1.06930713221071,0.250385447761204,0.581028373867293,0.565014530145347,"ID2/TP53",2
"GO:0071774","response to fibroblast growth factor","2/147","58/8855",0.0344827586206897,2.07717569786535,1.06930713221071,0.250385447761204,0.581028373867293,0.565014530145347,"SOS1/FGF3",2
"GO:0098813","nuclear chromosome segregation","5/147","204/8855",0.0245098039215686,1.47642390289449,0.894426558272885,0.250977085730358,0.581881753624621,0.565844389725892,"KIF22/RAB11A/BUB3/TRAPPC12/DYNC1H1",5
"GO:0002429","immune response-activating cell surface receptor signaling pathway","4/147","154/8855",0.025974025974026,1.56462585034014,0.918344754590292,0.25287309408717,0.582790253187041,0.566727849943131,"FYN/LIMK1/SOS1/ELF1",4
"GO:0009101","glycoprotein biosynthetic process","4/147","154/8855",0.025974025974026,1.56462585034014,0.918344754590292,0.25287309408717,0.582790253187041,0.566727849943131,"ALG8/DPAGT1/BMPR2/OST4",4
"GO:1902905","positive regulation of supramolecular fiber organization","3/147","105/8855",0.0285714285714286,1.72108843537415,0.965713648917566,0.253168061938588,0.582790253187041,0.566727849943131,"LIMK1/GIT1/FCHSD2",3
"GO:0043068","positive regulation of programmed cell death","7/147","310/8855",0.0225806451612903,1.36021505376344,0.838795105997998,0.25603744615026,0.582790253187041,0.566727849943131,"TNFRSF12A/ACIN1/RPS6/TP53/PDCD4/RPS7/RARG",7
"GO:0034644","cellular response to UV","2/147","59/8855",0.0338983050847458,2.04196933010492,1.04329601220145,0.256560694078866,0.582790253187041,0.566727849943131,"TMEM161A/TP53",2
"GO:1903305","regulation of regulated secretory pathway","2/147","59/8855",0.0338983050847458,2.04196933010492,1.04329601220145,0.256560694078866,0.582790253187041,0.566727849943131,"GIT1/LAMP1",2
"GO:0009410","response to xenobiotic stimulus","5/147","206/8855",0.0242718446601942,1.46208969024503,0.871858802508611,0.25724787181705,0.582790253187041,0.566727849943131,"FYN/TP53/EPHX1/GNA12/TOP1",5
"GO:0000086","G2/M transition of mitotic cell cycle","3/147","106/8855",0.0283018867924528,1.70485175202156,0.948507401046995,0.257643644443155,0.582790253187041,0.566727849943131,"FOXN3/RAB11A/CDC25A",3
"GO:0044706","multi-multicellular organism process","3/147","106/8855",0.0283018867924528,1.70485175202156,0.948507401046995,0.257643644443155,0.582790253187041,0.566727849943131,"DEDD/RPL29/BMPR2",3
"GO:0051302","regulation of cell division","3/147","106/8855",0.0283018867924528,1.70485175202156,0.948507401046995,0.257643644443155,0.582790253187041,0.566727849943131,"RAB11A/GIT1/FGF3",3
"GO:0006401","RNA catabolic process","6/147","258/8855",0.0232558139534884,1.40088593576966,0.849036626914382,0.257678494758067,0.582790253187041,0.566727849943131,"ALKBH5/GTPBP1/METTL16/EXOSC2/TBRG4/FASTK",6
"GO:0000729","DNA double-strand break processing","1/147","18/8855",0.0555555555555556,3.34656084656085,1.29474684394119,0.260376766504876,0.582790253187041,0.566727849943131,"UBE2V2",1
"GO:0003171","atrioventricular valve development","1/147","18/8855",0.0555555555555556,3.34656084656085,1.29474684394119,0.260376766504876,0.582790253187041,0.566727849943131,"BMPR2",1
"GO:0007274","neuromuscular synaptic transmission","1/147","18/8855",0.0555555555555556,3.34656084656085,1.29474684394119,0.260376766504876,0.582790253187041,0.566727849943131,"FCHSD2",1
"GO:0010573","vascular endothelial growth factor production","1/147","18/8855",0.0555555555555556,3.34656084656085,1.29474684394119,0.260376766504876,0.582790253187041,0.566727849943131,"C5",1
"GO:0016202","regulation of striated muscle tissue development","1/147","18/8855",0.0555555555555556,3.34656084656085,1.29474684394119,0.260376766504876,0.582790253187041,0.566727849943131,"FGF3",1
"GO:0016233","telomere capping","1/147","18/8855",0.0555555555555556,3.34656084656085,1.29474684394119,0.260376766504876,0.582790253187041,0.566727849943131,"RTEL1",1
"GO:0022038","corpus callosum development","1/147","18/8855",0.0555555555555556,3.34656084656085,1.29474684394119,0.260376766504876,0.582790253187041,0.566727849943131,"CORO1C",1
"GO:0032239","regulation of nucleobase-containing compound transport","1/147","18/8855",0.0555555555555556,3.34656084656085,1.29474684394119,0.260376766504876,0.582790253187041,0.566727849943131,"ALKBH5",1
"GO:0033962","P-body assembly","1/147","18/8855",0.0555555555555556,3.34656084656085,1.29474684394119,0.260376766504876,0.582790253187041,0.566727849943131,"DYNC1H1",1
"GO:0045724","positive regulation of cilium assembly","1/147","18/8855",0.0555555555555556,3.34656084656085,1.29474684394119,0.260376766504876,0.582790253187041,0.566727849943131,"RAB11A",1
"GO:0048679","regulation of axon regeneration","1/147","18/8855",0.0555555555555556,3.34656084656085,1.29474684394119,0.260376766504876,0.582790253187041,0.566727849943131,"KREMEN1",1
"GO:0048854","brain morphogenesis","1/147","18/8855",0.0555555555555556,3.34656084656085,1.29474684394119,0.260376766504876,0.582790253187041,0.566727849943131,"SOS1",1
"GO:0051446","positive regulation of meiotic cell cycle","1/147","18/8855",0.0555555555555556,3.34656084656085,1.29474684394119,0.260376766504876,0.582790253187041,0.566727849943131,"CDC25A",1
"GO:0051788","response to misfolded protein","1/147","18/8855",0.0555555555555556,3.34656084656085,1.29474684394119,0.260376766504876,0.582790253187041,0.566727849943131,"VCP",1
"GO:0051905","establishment of pigment granule localization","1/147","18/8855",0.0555555555555556,3.34656084656085,1.29474684394119,0.260376766504876,0.582790253187041,0.566727849943131,"RAB11A",1
"GO:0065002","intracellular protein transmembrane transport","1/147","18/8855",0.0555555555555556,3.34656084656085,1.29474684394119,0.260376766504876,0.582790253187041,0.566727849943131,"USP9X",1
"GO:0090140","regulation of mitochondrial fission","1/147","18/8855",0.0555555555555556,3.34656084656085,1.29474684394119,0.260376766504876,0.582790253187041,0.566727849943131,"SPIRE1",1
"GO:0110154","RNA decapping","1/147","18/8855",0.0555555555555556,3.34656084656085,1.29474684394119,0.260376766504876,0.582790253187041,0.566727849943131,"NUDT3",1
"GO:1901861","regulation of muscle tissue development","1/147","18/8855",0.0555555555555556,3.34656084656085,1.29474684394119,0.260376766504876,0.582790253187041,0.566727849943131,"FGF3",1
"GO:1902692","regulation of neuroblast proliferation","1/147","18/8855",0.0555555555555556,3.34656084656085,1.29474684394119,0.260376766504876,0.582790253187041,0.566727849943131,"TP53",1
"GO:1904752","regulation of vascular associated smooth muscle cell migration","1/147","18/8855",0.0555555555555556,3.34656084656085,1.29474684394119,0.260376766504876,0.582790253187041,0.566727849943131,"GNA12",1
"GO:0006096","glycolytic process","2/147","60/8855",0.0333333333333333,2.00793650793651,1.01779448935863,0.262738857542179,0.582790253187041,0.566727849943131,"GIT1/TPI1",2
"GO:0034446","substrate adhesion-dependent cell spreading","2/147","60/8855",0.0333333333333333,2.00793650793651,1.01779448935863,0.262738857542179,0.582790253187041,0.566727849943131,"CORO1C/PREX1",2
"GO:0046330","positive regulation of JNK cascade","2/147","60/8855",0.0333333333333333,2.00793650793651,1.01779448935863,0.262738857542179,0.582790253187041,0.566727849943131,"MAP2K7/EDAR",2
"GO:0061041","regulation of wound healing","2/147","60/8855",0.0333333333333333,2.00793650793651,1.01779448935863,0.262738857542179,0.582790253187041,0.566727849943131,"TNFRSF12A/CD9",2
"GO:0006997","nucleus organization","3/147","108/8855",0.0277777777777778,1.67328042328042,0.914634370252442,0.266626985332855,0.582790253187041,0.566727849943131,"RPS19/TOR1AIP1/CDC25A",3
"GO:0045739","positive regulation of DNA repair","3/147","108/8855",0.0277777777777778,1.67328042328042,0.914634370252442,0.266626985332855,0.582790253187041,0.566727849943131,"TMEM161A/SPIRE1/UBE2V2",3
"GO:0045930","negative regulation of mitotic cell cycle","4/147","158/8855",0.0253164556962025,1.52501506931887,0.865136815143814,0.267508152129071,0.582790253187041,0.566727849943131,"FOXN3/TP53/BUB3/TOM1L2",4
"GO:0019751","polyol metabolic process","2/147","61/8855",0.0327868852459016,1.97501951600312,0.992782724829709,0.268918152090236,0.582790253187041,0.566727849943131,"TPI1/NUDT3",2
"GO:0030278","regulation of ossification","2/147","61/8855",0.0327868852459016,1.97501951600312,0.992782724829709,0.268918152090236,0.582790253187041,0.566727849943131,"KREMEN1/BMPR2",2
"GO:0032465","regulation of cytokinesis","2/147","61/8855",0.0327868852459016,1.97501951600312,0.992782724829709,0.268918152090236,0.582790253187041,0.566727849943131,"RAB11A/GIT1",2
"GO:0035150","regulation of tube size","2/147","61/8855",0.0327868852459016,1.97501951600312,0.992782724829709,0.268918152090236,0.582790253187041,0.566727849943131,"ADRA1B/BMPR2",2
"GO:0035296","regulation of tube diameter","2/147","61/8855",0.0327868852459016,1.97501951600312,0.992782724829709,0.268918152090236,0.582790253187041,0.566727849943131,"ADRA1B/BMPR2",2
"GO:0046032","ADP catabolic process","2/147","61/8855",0.0327868852459016,1.97501951600312,0.992782724829709,0.268918152090236,0.582790253187041,0.566727849943131,"GIT1/TPI1",2
"GO:0048709","oligodendrocyte differentiation","2/147","61/8855",0.0327868852459016,1.97501951600312,0.992782724829709,0.268918152090236,0.582790253187041,0.566727849943131,"CD9/ID2",2
"GO:0097746","blood vessel diameter maintenance","2/147","61/8855",0.0327868852459016,1.97501951600312,0.992782724829709,0.268918152090236,0.582790253187041,0.566727849943131,"ADRA1B/BMPR2",2
"GO:1902117","positive regulation of organelle assembly","2/147","61/8855",0.0327868852459016,1.97501951600312,0.992782724829709,0.268918152090236,0.582790253187041,0.566727849943131,"RAB11A/DYNC1H1",2
"GO:0007420","brain development","8/147","369/8855",0.021680216802168,1.30597496451155,0.780039829062734,0.269736053932642,0.582790253187041,0.566727849943131,"FYN/GIT1/CORO1C/ID2/SOS1/TBX3/ANP32B/TP53",8
"GO:0007411","axon guidance","3/147","109/8855",0.0275229357798165,1.65792922673657,0.897959827138652,0.271133173721311,0.582790253187041,0.566727849943131,"FYN/SOS1/BMPR2",3
"GO:0098739","import across plasma membrane","3/147","109/8855",0.0275229357798165,1.65792922673657,0.897959827138652,0.271133173721311,0.582790253187041,0.566727849943131,"FYN/SLC2A3/SLC43A1",3
"GO:0007015","actin filament organization","6/147","263/8855",0.0228136882129278,1.37425312330255,0.800507471020272,0.271783962950178,0.582790253187041,0.566727849943131,"LIMK1/CORO1C/PREX1/SPIRE1/FCHSD2/ARF1",6
"GO:0001782","B cell homeostasis","1/147","19/8855",0.0526315789473684,3.17042606516291,1.23044770116379,0.272680106475882,0.582790253187041,0.566727849943131,"SOS1",1
"GO:0003203","endocardial cushion morphogenesis","1/147","19/8855",0.0526315789473684,3.17042606516291,1.23044770116379,0.272680106475882,0.582790253187041,0.566727849943131,"TBX3",1
"GO:0009072","aromatic amino acid metabolic process","1/147","19/8855",0.0526315789473684,3.17042606516291,1.23044770116379,0.272680106475882,0.582790253187041,0.566727849943131,"HPDL",1
"GO:0009127","purine nucleoside monophosphate biosynthetic process","1/147","19/8855",0.0526315789473684,3.17042606516291,1.23044770116379,0.272680106475882,0.582790253187041,0.566727849943131,"IMPDH2",1
"GO:0021772","olfactory bulb development","1/147","19/8855",0.0526315789473684,3.17042606516291,1.23044770116379,0.272680106475882,0.582790253187041,0.566727849943131,"ID2",1
"GO:0030262","apoptotic nuclear changes","1/147","19/8855",0.0526315789473684,3.17042606516291,1.23044770116379,0.272680106475882,0.582790253187041,0.566727849943131,"ACIN1",1
"GO:0030279","negative regulation of ossification","1/147","19/8855",0.0526315789473684,3.17042606516291,1.23044770116379,0.272680106475882,0.582790253187041,0.566727849943131,"KREMEN1",1
"GO:0031167","rRNA methylation","1/147","19/8855",0.0526315789473684,3.17042606516291,1.23044770116379,0.272680106475882,0.582790253187041,0.566727849943131,"METTL16",1
"GO:0032094","response to food","1/147","19/8855",0.0526315789473684,3.17042606516291,1.23044770116379,0.272680106475882,0.582790253187041,0.566727849943131,"ATN1",1
"GO:0032400","melanosome localization","1/147","19/8855",0.0526315789473684,3.17042606516291,1.23044770116379,0.272680106475882,0.582790253187041,0.566727849943131,"RAB11A",1
"GO:0033028","myeloid cell apoptotic process","1/147","19/8855",0.0526315789473684,3.17042606516291,1.23044770116379,0.272680106475882,0.582790253187041,0.566727849943131,"PLEKHO2",1
"GO:0034110","regulation of homotypic cell-cell adhesion","1/147","19/8855",0.0526315789473684,3.17042606516291,1.23044770116379,0.272680106475882,0.582790253187041,0.566727849943131,"CD9",1
"GO:0034113","heterotypic cell-cell adhesion","1/147","19/8855",0.0526315789473684,3.17042606516291,1.23044770116379,0.272680106475882,0.582790253187041,0.566727849943131,"MADCAM1",1
"GO:0034472","snRNA 3'-end processing","1/147","19/8855",0.0526315789473684,3.17042606516291,1.23044770116379,0.272680106475882,0.582790253187041,0.566727849943131,"EXOSC2",1
"GO:0035136","forelimb morphogenesis","1/147","19/8855",0.0526315789473684,3.17042606516291,1.23044770116379,0.272680106475882,0.582790253187041,0.566727849943131,"TBX3",1
"GO:0035331","negative regulation of hippo signaling","1/147","19/8855",0.0526315789473684,3.17042606516291,1.23044770116379,0.272680106475882,0.582790253187041,0.566727849943131,"VCP",1
"GO:0042269","regulation of natural killer cell mediated cytotoxicity","1/147","19/8855",0.0526315789473684,3.17042606516291,1.23044770116379,0.272680106475882,0.582790253187041,0.566727849943131,"LAMP1",1
"GO:0042790","nucleolar large rRNA transcription by RNA polymerase I","1/147","19/8855",0.0526315789473684,3.17042606516291,1.23044770116379,0.272680106475882,0.582790253187041,0.566727849943131,"DEDD",1
"GO:0046037","GMP metabolic process","1/147","19/8855",0.0526315789473684,3.17042606516291,1.23044770116379,0.272680106475882,0.582790253187041,0.566727849943131,"IMPDH2",1
"GO:0046823","negative regulation of nucleocytoplasmic transport","1/147","19/8855",0.0526315789473684,3.17042606516291,1.23044770116379,0.272680106475882,0.582790253187041,0.566727849943131,"PKIG",1
"GO:0048048","embryonic eye morphogenesis","1/147","19/8855",0.0526315789473684,3.17042606516291,1.23044770116379,0.272680106475882,0.582790253187041,0.566727849943131,"RARG",1
"GO:0048546","digestive tract morphogenesis","1/147","19/8855",0.0526315789473684,3.17042606516291,1.23044770116379,0.272680106475882,0.582790253187041,0.566727849943131,"ID2",1
"GO:0050798","activated T cell proliferation","1/147","19/8855",0.0526315789473684,3.17042606516291,1.23044770116379,0.272680106475882,0.582790253187041,0.566727849943131,"FYN",1
"GO:0050918","positive chemotaxis","1/147","19/8855",0.0526315789473684,3.17042606516291,1.23044770116379,0.272680106475882,0.582790253187041,0.566727849943131,"S100A4",1
"GO:0051043","regulation of membrane protein ectodomain proteolysis","1/147","19/8855",0.0526315789473684,3.17042606516291,1.23044770116379,0.272680106475882,0.582790253187041,0.566727849943131,"TSPAN5",1
"GO:0051204","protein insertion into mitochondrial membrane","1/147","19/8855",0.0526315789473684,3.17042606516291,1.23044770116379,0.272680106475882,0.582790253187041,0.566727849943131,"TOMM40",1
"GO:0060333","type II interferon-mediated signaling pathway","1/147","19/8855",0.0526315789473684,3.17042606516291,1.23044770116379,0.272680106475882,0.582790253187041,0.566727849943131,"TP53",1
"GO:0060391","positive regulation of SMAD protein signal transduction","1/147","19/8855",0.0526315789473684,3.17042606516291,1.23044770116379,0.272680106475882,0.582790253187041,0.566727849943131,"BMPR2",1
"GO:0060964","regulation of miRNA-mediated gene silencing","1/147","19/8855",0.0526315789473684,3.17042606516291,1.23044770116379,0.272680106475882,0.582790253187041,0.566727849943131,"TP53",1
"GO:0061621","canonical glycolysis","1/147","19/8855",0.0526315789473684,3.17042606516291,1.23044770116379,0.272680106475882,0.582790253187041,0.566727849943131,"TPI1",1
"GO:0061718","glucose catabolic process to pyruvate","1/147","19/8855",0.0526315789473684,3.17042606516291,1.23044770116379,0.272680106475882,0.582790253187041,0.566727849943131,"TPI1",1
"GO:0061756","leukocyte adhesion to vascular endothelial cell","1/147","19/8855",0.0526315789473684,3.17042606516291,1.23044770116379,0.272680106475882,0.582790253187041,0.566727849943131,"MADCAM1",1
"GO:0070935","3'-UTR-mediated mRNA stabilization","1/147","19/8855",0.0526315789473684,3.17042606516291,1.23044770116379,0.272680106475882,0.582790253187041,0.566727849943131,"METTL16",1
"GO:0071404","cellular response to low-density lipoprotein particle stimulus","1/147","19/8855",0.0526315789473684,3.17042606516291,1.23044770116379,0.272680106475882,0.582790253187041,0.566727849943131,"CD9",1
"GO:0090279","regulation of calcium ion import","1/147","19/8855",0.0526315789473684,3.17042606516291,1.23044770116379,0.272680106475882,0.582790253187041,0.566727849943131,"FYN",1
"GO:0098815","modulation of excitatory postsynaptic potential","1/147","19/8855",0.0526315789473684,3.17042606516291,1.23044770116379,0.272680106475882,0.582790253187041,0.566727849943131,"ZMYND8",1
"GO:0140058","neuron projection arborization","1/147","19/8855",0.0526315789473684,3.17042606516291,1.23044770116379,0.272680106475882,0.582790253187041,0.566727849943131,"MACF1",1
"GO:1900744","regulation of p38MAPK cascade","1/147","19/8855",0.0526315789473684,3.17042606516291,1.23044770116379,0.272680106475882,0.582790253187041,0.566727849943131,"PER1",1
"GO:1903749","positive regulation of establishment of protein localization to mitochondrion","1/147","19/8855",0.0526315789473684,3.17042606516291,1.23044770116379,0.272680106475882,0.582790253187041,0.566727849943131,"NMT1",1
"GO:1904358","positive regulation of telomere maintenance via telomere lengthening","1/147","19/8855",0.0526315789473684,3.17042606516291,1.23044770116379,0.272680106475882,0.582790253187041,0.566727849943131,"RTEL1",1
"GO:1904738","vascular associated smooth muscle cell migration","1/147","19/8855",0.0526315789473684,3.17042606516291,1.23044770116379,0.272680106475882,0.582790253187041,0.566727849943131,"GNA12",1
"GO:2000300","regulation of synaptic vesicle exocytosis","1/147","19/8855",0.0526315789473684,3.17042606516291,1.23044770116379,0.272680106475882,0.582790253187041,0.566727849943131,"GIT1",1
"GO:2001239","regulation of extrinsic apoptotic signaling pathway in absence of ligand","1/147","19/8855",0.0526315789473684,3.17042606516291,1.23044770116379,0.272680106475882,0.582790253187041,0.566727849943131,"FYN",1
"GO:0031667","response to nutrient levels","7/147","317/8855",0.0220820189274448,1.33017875920084,0.777803517811641,0.274007687620566,0.582790253187041,0.566727849943131,"MBD3/ATN1/ASL/NMT1/TP53/GABARAP/BMPR2",7
"GO:0050821","protein stabilization","4/147","160/8855",0.025,1.50595238095238,0.839081330462681,0.274884613071032,0.582790253187041,0.566727849943131,"USP9X/TP53/RPS7/LAMP1",4
"GO:0000245","spliceosomal complex assembly","2/147","62/8855",0.032258064516129,1.9431643625192,0.968241976355688,0.275096849367385,0.582790253187041,0.566727849943131,"U2AF2/DDX46",2
"GO:0001841","neural tube formation","2/147","62/8855",0.032258064516129,1.9431643625192,0.968241976355688,0.275096849367385,0.582790253187041,0.566727849943131,"RPS7/RARG",2
"GO:0018108","peptidyl-tyrosine phosphorylation","2/147","62/8855",0.032258064516129,1.9431643625192,0.968241976355688,0.275096849367385,0.582790253187041,0.566727849943131,"FYN/TNFRSF18",2
"GO:2000278","regulation of DNA biosynthetic process","2/147","62/8855",0.032258064516129,1.9431643625192,0.968241976355688,0.275096849367385,0.582790253187041,0.566727849943131,"DSCC1/TP53",2
"GO:0051216","cartilage development","3/147","110/8855",0.0272727272727273,1.64285714285714,0.881454959051116,0.275648010244077,0.582790253187041,0.566727849943131,"SERPINH1/RARG/BMPR2",3
"GO:0070085","glycosylation","3/147","110/8855",0.0272727272727273,1.64285714285714,0.881454959051116,0.275648010244077,0.582790253187041,0.566727849943131,"ALG8/DPAGT1/OST4",3
"GO:0097485","neuron projection guidance","3/147","110/8855",0.0272727272727273,1.64285714285714,0.881454959051116,0.275648010244077,0.582790253187041,0.566727849943131,"FYN/SOS1/BMPR2",3
"GO:0060537","muscle tissue development","5/147","212/8855",0.0235849056603774,1.4207097933513,0.805540743809754,0.276281851109228,0.582790253187041,0.566727849943131,"MBD3/PPIF/ID2/TBX3/FGF3",5
"GO:0043009","chordate embryonic development","9/147","427/8855",0.0210772833723653,1.26965540314486,0.742044613384706,0.278399364220745,0.582790253187041,0.566727849943131,"MBD3/KEAP1/TRIP6/TBX3/NMT1/TP53/GNA12/RPS7/RARG",9
"GO:0043588","skin development","4/147","161/8855",0.0248447204968944,1.49659863945578,0.826186057137684,0.278586063100378,0.582790253187041,0.566727849943131,"SOS1/AHDC1/EDAR/KRT86",4
"GO:0071356","cellular response to tumor necrosis factor","3/147","111/8855",0.027027027027027,1.62805662805663,0.865116179136847,0.280170734321914,0.582790253187041,0.566727849943131,"KRT18/TP53/TNFRSF18",3
"GO:1902107","positive regulation of leukocyte differentiation","3/147","111/8855",0.027027027027027,1.62805662805663,0.865116179136847,0.280170734321914,0.582790253187041,0.566727849943131,"ACIN1/CORO1C/ID2",3
"GO:1903708","positive regulation of hemopoiesis","3/147","111/8855",0.027027027027027,1.62805662805663,0.865116179136847,0.280170734321914,0.582790253187041,0.566727849943131,"ACIN1/CORO1C/ID2",3
"GO:0009137","purine nucleoside diphosphate catabolic process","2/147","63/8855",0.0317460317460317,1.91232048374906,0.944154520742038,0.281273277321948,0.582790253187041,0.566727849943131,"GIT1/TPI1",2
"GO:0009181","purine ribonucleoside diphosphate catabolic process","2/147","63/8855",0.0317460317460317,1.91232048374906,0.944154520742038,0.281273277321948,0.582790253187041,0.566727849943131,"GIT1/TPI1",2
"GO:0009206","purine ribonucleoside triphosphate biosynthetic process","2/147","63/8855",0.0317460317460317,1.91232048374906,0.944154520742038,0.281273277321948,0.582790253187041,0.566727849943131,"VCP/IMPDH2",2
"GO:0010586","miRNA metabolic process","2/147","63/8855",0.0317460317460317,1.91232048374906,0.944154520742038,0.281273277321948,0.582790253187041,0.566727849943131,"NFATC3/TP53",2
"GO:0016579","protein deubiquitination","2/147","63/8855",0.0317460317460317,1.91232048374906,0.944154520742038,0.281273277321948,0.582790253187041,0.566727849943131,"USP9X/VCP",2
"GO:0018212","peptidyl-tyrosine modification","2/147","63/8855",0.0317460317460317,1.91232048374906,0.944154520742038,0.281273277321948,0.582790253187041,0.566727849943131,"FYN/TNFRSF18",2
"GO:0019364","pyridine nucleotide catabolic process","2/147","63/8855",0.0317460317460317,1.91232048374906,0.944154520742038,0.281273277321948,0.582790253187041,0.566727849943131,"GIT1/TPI1",2
"GO:0032526","response to retinoic acid","2/147","63/8855",0.0317460317460317,1.91232048374906,0.944154520742038,0.281273277321948,0.582790253187041,0.566727849943131,"TMEM161A/RARG",2
"GO:0071887","leukocyte apoptotic process","2/147","63/8855",0.0317460317460317,1.91232048374906,0.944154520742038,0.281273277321948,0.582790253187041,0.566727849943131,"TP53/PLEKHO2",2
"GO:0048638","regulation of developmental growth","4/147","162/8855",0.0246913580246914,1.48736037624927,0.813377398517308,0.282295755927492,0.582790253187041,0.566727849943131,"TNFRSF12A/LIMK1/MACF1/BMPR2",4
"GO:0071478","cellular response to radiation","3/147","112/8855",0.0267857142857143,1.61352040816327,0.848940009522449,0.284700595327209,0.582790253187041,0.566727849943131,"TMEM161A/NMT1/TP53",3
"GO:2000779","regulation of double-strand break repair","3/147","112/8855",0.0267857142857143,1.61352040816327,0.848940009522449,0.284700595327209,0.582790253187041,0.566727849943131,"SPIRE1/UBE2V2/RTEL1",3
"GO:0001945","lymph vessel development","1/147","20/8855",0.05,3.01190476190476,1.17027615320308,0.284780154500786,0.582790253187041,0.566727849943131,"BMPR2",1
"GO:0002360","T cell lineage commitment","1/147","20/8855",0.05,3.01190476190476,1.17027615320308,0.284780154500786,0.582790253187041,0.566727849943131,"TP53",1
"GO:0006740","NADPH regeneration","1/147","20/8855",0.05,3.01190476190476,1.17027615320308,0.284780154500786,0.582790253187041,0.566727849943131,"TP53",1
"GO:0007042","lysosomal lumen acidification","1/147","20/8855",0.05,3.01190476190476,1.17027615320308,0.284780154500786,0.582790253187041,0.566727849943131,"LAMP1",1
"GO:0007602","phototransduction","1/147","20/8855",0.05,3.01190476190476,1.17027615320308,0.284780154500786,0.582790253187041,0.566727849943131,"NMT1",1
"GO:0019985","translesion synthesis","1/147","20/8855",0.05,3.01190476190476,1.17027615320308,0.284780154500786,0.582790253187041,0.566727849943131,"VCP",1
"GO:0021988","olfactory lobe development","1/147","20/8855",0.05,3.01190476190476,1.17027615320308,0.284780154500786,0.582790253187041,0.566727849943131,"ID2",1
"GO:0034331","cell junction maintenance","1/147","20/8855",0.05,3.01190476190476,1.17027615320308,0.284780154500786,0.582790253187041,0.566727849943131,"GIT1",1
"GO:0034508","centromere complex assembly","1/147","20/8855",0.05,3.01190476190476,1.17027615320308,0.284780154500786,0.582790253187041,0.566727849943131,"TRAPPC12",1
"GO:0038179","neurotrophin signaling pathway","1/147","20/8855",0.05,3.01190476190476,1.17027615320308,0.284780154500786,0.582790253187041,0.566727849943131,"SOS1",1
"GO:0042119","neutrophil activation","1/147","20/8855",0.05,3.01190476190476,1.17027615320308,0.284780154500786,0.582790253187041,0.566727849943131,"PREX1",1
"GO:0043647","inositol phosphate metabolic process","1/147","20/8855",0.05,3.01190476190476,1.17027615320308,0.284780154500786,0.582790253187041,0.566727849943131,"NUDT3",1
"GO:0045577","regulation of B cell differentiation","1/147","20/8855",0.05,3.01190476190476,1.17027615320308,0.284780154500786,0.582790253187041,0.566727849943131,"ID2",1
"GO:0045687","positive regulation of glial cell differentiation","1/147","20/8855",0.05,3.01190476190476,1.17027615320308,0.284780154500786,0.582790253187041,0.566727849943131,"ID2",1
"GO:0048634","regulation of muscle organ development","1/147","20/8855",0.05,3.01190476190476,1.17027615320308,0.284780154500786,0.582790253187041,0.566727849943131,"FGF3",1
"GO:0048806","genitalia development","1/147","20/8855",0.05,3.01190476190476,1.17027615320308,0.284780154500786,0.582790253187041,0.566727849943131,"TBX3",1
"GO:0051875","pigment granule localization","1/147","20/8855",0.05,3.01190476190476,1.17027615320308,0.284780154500786,0.582790253187041,0.566727849943131,"RAB11A",1
"GO:0055094","response to lipoprotein particle","1/147","20/8855",0.05,3.01190476190476,1.17027615320308,0.284780154500786,0.582790253187041,0.566727849943131,"CD9",1
"GO:0061744","motor behavior","1/147","20/8855",0.05,3.01190476190476,1.17027615320308,0.284780154500786,0.582790253187041,0.566727849943131,"FMC1",1
"GO:0070570","regulation of neuron projection regeneration","1/147","20/8855",0.05,3.01190476190476,1.17027615320308,0.284780154500786,0.582790253187041,0.566727849943131,"KREMEN1",1
"GO:0071480","cellular response to gamma radiation","1/147","20/8855",0.05,3.01190476190476,1.17027615320308,0.284780154500786,0.582790253187041,0.566727849943131,"TP53",1
"GO:0090169","regulation of spindle assembly","1/147","20/8855",0.05,3.01190476190476,1.17027615320308,0.284780154500786,0.582790253187041,0.566727849943131,"DYNC1H1",1
"GO:0098868","bone growth","1/147","20/8855",0.05,3.01190476190476,1.17027615320308,0.284780154500786,0.582790253187041,0.566727849943131,"RARG",1
"GO:1900368","regulation of post-transcriptional gene silencing by regulatory ncRNA","1/147","20/8855",0.05,3.01190476190476,1.17027615320308,0.284780154500786,0.582790253187041,0.566727849943131,"TP53",1
"GO:1902176","negative regulation of oxidative stress-induced intrinsic apoptotic signaling pathway","1/147","20/8855",0.05,3.01190476190476,1.17027615320308,0.284780154500786,0.582790253187041,0.566727849943131,"FYN",1
"GO:1902686","mitochondrial outer membrane permeabilization involved in programmed cell death","1/147","20/8855",0.05,3.01190476190476,1.17027615320308,0.284780154500786,0.582790253187041,0.566727849943131,"PPIF",1
"GO:1904357","negative regulation of telomere maintenance via telomere lengthening","1/147","20/8855",0.05,3.01190476190476,1.17027615320308,0.284780154500786,0.582790253187041,0.566727849943131,"TP53",1
"GO:0051402","neuron apoptotic process","4/147","163/8855",0.0245398773006135,1.47823546596553,0.80065411425309,0.286013267042006,0.584853250229876,0.568733988295876,"FYN/MAP2K7/ATN1/TP53",4
"GO:0009145","purine nucleoside triphosphate biosynthetic process","2/147","64/8855",0.03125,1.88244047619048,0.920503582957509,0.287445818835045,0.586398495409955,0.570236644652519,"VCP/IMPDH2",2
"GO:0009581","detection of external stimulus","2/147","64/8855",0.03125,1.88244047619048,0.920503582957509,0.287445818835045,0.586398495409955,0.570236644652519,"FYN/NMT1",2
"GO:0009582","detection of abiotic stimulus","2/147","64/8855",0.03125,1.88244047619048,0.920503582957509,0.287445818835045,0.586398495409955,0.570236644652519,"FYN/NMT1",2
"GO:0071897","DNA biosynthetic process","3/147","113/8855",0.0265486725663717,1.5992414664981,0.832923077039384,0.289236852671649,0.589054210825066,0.572819165343344,"DSCC1/TP53/VCP",3
"GO:0030336","negative regulation of cell migration","4/147","165/8855",0.0242424242424242,1.46031746031746,0.775458834946336,0.293470059408721,0.589054210825066,0.572819165343344,"ZMYND8/C5/CORO1C/GNA12",4
"GO:0009191","ribonucleoside diphosphate catabolic process","2/147","65/8855",0.0307692307692308,1.85347985347985,0.897273271199728,0.293612910378928,0.589054210825066,0.572819165343344,"GIT1/TPI1",2
"GO:0072526","pyridine-containing compound catabolic process","2/147","65/8855",0.0307692307692308,1.85347985347985,0.897273271199728,0.293612910378928,0.589054210825066,0.572819165343344,"GIT1/TPI1",2
"GO:0031099","regeneration","3/147","114/8855",0.0263157894736842,1.58521303258145,0.817062109153624,0.293778775885013,0.589054210825066,0.572819165343344,"CD9/KREMEN1/TOP1",3
"GO:1902850","microtubule cytoskeleton organization involved in mitosis","3/147","114/8855",0.0263157894736842,1.58521303258145,0.817062109153624,0.293778775885013,0.589054210825066,0.572819165343344,"RAB11A/VCP/DYNC1H1",3
"GO:1903313","positive regulation of mRNA metabolic process","3/147","114/8855",0.0263157894736842,1.58521303258145,0.817062109153624,0.293778775885013,0.589054210825066,0.572819165343344,"ALKBH5/GTPBP1/METTL16",3
"GO:0061061","muscle structure development","8/147","379/8855",0.0211081794195251,1.27151652217615,0.701923219693774,0.293866387610149,0.589054210825066,0.572819165343344,"CD9/NFATC3/PPIF/ID2/TBX3/PDCD4/FGF3/BMPR2",8
"GO:0071363","cellular response to growth factor stimulus","8/147","380/8855",0.0210526315789474,1.26817042606516,0.694227867288848,0.296309599472815,0.589054210825066,0.572819165343344,"FYN/GIT1/SOS1/USP9X/TP53/PDCD4/FGF3/BMPR2",8
"GO:0002715","regulation of natural killer cell mediated immunity","1/147","21/8855",0.0476190476190476,2.86848072562358,1.11375274684658,0.296680247006545,0.589054210825066,0.572819165343344,"LAMP1",1
"GO:0006099","tricarboxylic acid cycle","1/147","21/8855",0.0476190476190476,2.86848072562358,1.11375274684658,0.296680247006545,0.589054210825066,0.572819165343344,"MDH2",1
"GO:0006921","cellular component disassembly involved in execution phase of apoptosis","1/147","21/8855",0.0476190476190476,2.86848072562358,1.11375274684658,0.296680247006545,0.589054210825066,0.572819165343344,"ACIN1",1
"GO:0007064","mitotic sister chromatid cohesion","1/147","21/8855",0.0476190476190476,2.86848072562358,1.11375274684658,0.296680247006545,0.589054210825066,0.572819165343344,"DSCC1",1
"GO:0009226","nucleotide-sugar biosynthetic process","1/147","21/8855",0.0476190476190476,2.86848072562358,1.11375274684658,0.296680247006545,0.589054210825066,0.572819165343344,"MPI",1
"GO:0019369","arachidonate metabolic process","1/147","21/8855",0.0476190476190476,2.86848072562358,1.11375274684658,0.296680247006545,0.589054210825066,0.572819165343344,"EPHX1",1
"GO:0030195","negative regulation of blood coagulation","1/147","21/8855",0.0476190476190476,2.86848072562358,1.11375274684658,0.296680247006545,0.589054210825066,0.572819165343344,"CD9",1
"GO:0030501","positive regulation of bone mineralization","1/147","21/8855",0.0476190476190476,2.86848072562358,1.11375274684658,0.296680247006545,0.589054210825066,0.572819165343344,"BMPR2",1
"GO:0030850","prostate gland development","1/147","21/8855",0.0476190476190476,2.86848072562358,1.11375274684658,0.296680247006545,0.589054210825066,0.572819165343344,"RARG",1
"GO:0030970","retrograde protein transport, ER to cytosol","1/147","21/8855",0.0476190476190476,2.86848072562358,1.11375274684658,0.296680247006545,0.589054210825066,0.572819165343344,"VCP",1
"GO:0045742","positive regulation of epidermal growth factor receptor signaling pathway","1/147","21/8855",0.0476190476190476,2.86848072562358,1.11375274684658,0.296680247006545,0.589054210825066,0.572819165343344,"SOS1",1
"GO:0046825","regulation of protein export from nucleus","1/147","21/8855",0.0476190476190476,2.86848072562358,1.11375274684658,0.296680247006545,0.589054210825066,0.572819165343344,"ANP32B",1
"GO:0048713","regulation of oligodendrocyte differentiation","1/147","21/8855",0.0476190476190476,2.86848072562358,1.11375274684658,0.296680247006545,0.589054210825066,0.572819165343344,"ID2",1
"GO:0050858","negative regulation of antigen receptor-mediated signaling pathway","1/147","21/8855",0.0476190476190476,2.86848072562358,1.11375274684658,0.296680247006545,0.589054210825066,0.572819165343344,"ELF1",1
"GO:0060147","regulation of post-transcriptional gene silencing","1/147","21/8855",0.0476190476190476,2.86848072562358,1.11375274684658,0.296680247006545,0.589054210825066,0.572819165343344,"TP53",1
"GO:0061615","glycolytic process through fructose-6-phosphate","1/147","21/8855",0.0476190476190476,2.86848072562358,1.11375274684658,0.296680247006545,0.589054210825066,0.572819165343344,"TPI1",1
"GO:0061620","glycolytic process through glucose-6-phosphate","1/147","21/8855",0.0476190476190476,2.86848072562358,1.11375274684658,0.296680247006545,0.589054210825066,0.572819165343344,"TPI1",1
"GO:0090151","establishment of protein localization to mitochondrial membrane","1/147","21/8855",0.0476190476190476,2.86848072562358,1.11375274684658,0.296680247006545,0.589054210825066,0.572819165343344,"TOMM40",1
"GO:0090317","negative regulation of intracellular protein transport","1/147","21/8855",0.0476190476190476,2.86848072562358,1.11375274684658,0.296680247006545,0.589054210825066,0.572819165343344,"PKIG",1
"GO:0099022","vesicle tethering","1/147","21/8855",0.0476190476190476,2.86848072562358,1.11375274684658,0.296680247006545,0.589054210825066,0.572819165343344,"TRAPPC12",1
"GO:1900047","negative regulation of hemostasis","1/147","21/8855",0.0476190476190476,2.86848072562358,1.11375274684658,0.296680247006545,0.589054210825066,0.572819165343344,"CD9",1
"GO:1903241","U2-type prespliceosome assembly","1/147","21/8855",0.0476190476190476,2.86848072562358,1.11375274684658,0.296680247006545,0.589054210825066,0.572819165343344,"DDX46",1
"GO:1903426","regulation of reactive oxygen species biosynthetic process","1/147","21/8855",0.0476190476190476,2.86848072562358,1.11375274684658,0.296680247006545,0.589054210825066,0.572819165343344,"FYN",1
"GO:1903513","endoplasmic reticulum to cytosol transport","1/147","21/8855",0.0476190476190476,2.86848072562358,1.11375274684658,0.296680247006545,0.589054210825066,0.572819165343344,"VCP",1
"GO:1903580","positive regulation of ATP metabolic process","1/147","21/8855",0.0476190476190476,2.86848072562358,1.11375274684658,0.296680247006545,0.589054210825066,0.572819165343344,"VCP",1
"GO:1905146","lysosomal protein catabolic process","1/147","21/8855",0.0476190476190476,2.86848072562358,1.11375274684658,0.296680247006545,0.589054210825066,0.572819165343344,"AP5Z1",1
"GO:0007034","vacuolar transport","3/147","115/8855",0.0260869565217391,1.57142857142857,0.801353930088197,0.298325644685416,0.591417506130736,0.575117325376116,"VCP/LAMP1/SLC48A1",3
"GO:0035966","response to topologically incorrect protein","3/147","115/8855",0.0260869565217391,1.57142857142857,0.801353930088197,0.298325644685416,0.591417506130736,0.575117325376116,"SERPINH1/HSPA4L/VCP",3
"GO:0009134","nucleoside diphosphate catabolic process","2/147","66/8855",0.0303030303030303,1.82539682539683,0.874448517341476,0.299773040704221,0.592479188433666,0.576149746432527,"GIT1/TPI1",2
"GO:0046031","ADP metabolic process","2/147","66/8855",0.0303030303030303,1.82539682539683,0.874448517341476,0.299773040704221,0.592479188433666,0.576149746432527,"GIT1/TPI1",2
"GO:0120034","positive regulation of plasma membrane bounded cell projection assembly","2/147","66/8855",0.0303030303030303,1.82539682539683,0.874448517341476,0.299773040704221,0.592479188433666,0.576149746432527,"ZMYND8/RAB11A",2
"GO:1901992","positive regulation of mitotic cell cycle phase transition","2/147","66/8855",0.0303030303030303,1.82539682539683,0.874448517341476,0.299773040704221,0.592479188433666,0.576149746432527,"RAB11A/CDC25A",2
"GO:0032886","regulation of microtubule-based process","4/147","167/8855",0.0239520958083832,1.44282862845737,0.750590797152056,0.300953098590903,0.594359500940545,0.577978235255766,"GIT1/MACF1/LAMP1/DYNC1H1",4
"GO:0030099","myeloid cell differentiation","6/147","274/8855",0.0218978102189781,1.31908237747654,0.697073167539249,0.303443569286167,0.59545999110164,0.579048394578902,"ACIN1/RPS19/CORO1C/ID2/RARG/SLC48A1",6
"GO:0048812","neuron projection morphogenesis","7/147","329/8855",0.0212765957446809,1.28166160081054,0.676428884109596,0.305546968943491,0.59545999110164,0.579048394578902,"TNFRSF12A/FYN/LIMK1/SOS1/USP9X/MACF1/BMPR2",7
"GO:0009792","embryo development ending in birth or egg hatching","9/147","439/8855",0.020501138952164,1.23494956068988,0.656029320383297,0.30572952379865,0.59545999110164,0.579048394578902,"MBD3/KEAP1/TRIP6/TBX3/NMT1/TP53/GNA12/RPS7/RARG",9
"GO:0008630","intrinsic apoptotic signaling pathway in response to DNA damage","2/147","67/8855",0.0298507462686567,1.79815209665956,0.852015022237144,0.305924749555496,0.59545999110164,0.579048394578902,"TMEM161A/TP53",2
"GO:0045667","regulation of osteoblast differentiation","2/147","67/8855",0.0298507462686567,1.79815209665956,0.852015022237144,0.305924749555496,0.59545999110164,0.579048394578902,"ID2/BMPR2",2
"GO:0046683","response to organophosphorus","2/147","67/8855",0.0298507462686567,1.79815209665956,0.852015022237144,0.305924749555496,0.59545999110164,0.579048394578902,"PER1/TOP1",2
"GO:0072593","reactive oxygen species metabolic process","3/147","117/8855",0.0256410256410256,1.54456654456654,0.770383697096046,0.307431389225438,0.59545999110164,0.579048394578902,"FYN/PREX1/TP53",3
"GO:0007031","peroxisome organization","1/147","22/8855",0.0454545454545455,2.73809523809524,1.06047396505222,0.30838366603417,0.59545999110164,0.579048394578902,"USP9X",1
"GO:0007143","female meiotic nuclear division","1/147","22/8855",0.0454545454545455,2.73809523809524,1.06047396505222,0.30838366603417,0.59545999110164,0.579048394578902,"SPIRE1",1
"GO:0021799","cerebral cortex radially oriented cell migration","1/147","22/8855",0.0454545454545455,2.73809523809524,1.06047396505222,0.30838366603417,0.59545999110164,0.579048394578902,"FYN",1
"GO:0030857","negative regulation of epithelial cell differentiation","1/147","22/8855",0.0454545454545455,2.73809523809524,1.06047396505222,0.30838366603417,0.59545999110164,0.579048394578902,"TBX3",1
"GO:0031116","positive regulation of microtubule polymerization","1/147","22/8855",0.0454545454545455,2.73809523809524,1.06047396505222,0.30838366603417,0.59545999110164,0.579048394578902,"GIT1",1
"GO:0031641","regulation of myelination","1/147","22/8855",0.0454545454545455,2.73809523809524,1.06047396505222,0.30838366603417,0.59545999110164,0.579048394578902,"RARG",1
"GO:0035020","regulation of Rac protein signal transduction","1/147","22/8855",0.0454545454545455,2.73809523809524,1.06047396505222,0.30838366603417,0.59545999110164,0.579048394578902,"GABARAP",1
"GO:0036257","multivesicular body organization","1/147","22/8855",0.0454545454545455,2.73809523809524,1.06047396505222,0.30838366603417,0.59545999110164,0.579048394578902,"RAB11A",1
"GO:0036258","multivesicular body assembly","1/147","22/8855",0.0454545454545455,2.73809523809524,1.06047396505222,0.30838366603417,0.59545999110164,0.579048394578902,"RAB11A",1
"GO:0042743","hydrogen peroxide metabolic process","1/147","22/8855",0.0454545454545455,2.73809523809524,1.06047396505222,0.30838366603417,0.59545999110164,0.579048394578902,"FYN",1
"GO:0045648","positive regulation of erythrocyte differentiation","1/147","22/8855",0.0454545454545455,2.73809523809524,1.06047396505222,0.30838366603417,0.59545999110164,0.579048394578902,"ID2",1
"GO:0048199","vesicle targeting, to, from or within Golgi","1/147","22/8855",0.0454545454545455,2.73809523809524,1.06047396505222,0.30838366603417,0.59545999110164,0.579048394578902,"TRAPPC12",1
"GO:0050731","positive regulation of peptidyl-tyrosine phosphorylation","1/147","22/8855",0.0454545454545455,2.73809523809524,1.06047396505222,0.30838366603417,0.59545999110164,0.579048394578902,"TNFRSF18",1
"GO:0051952","regulation of amine transport","1/147","22/8855",0.0454545454545455,2.73809523809524,1.06047396505222,0.30838366603417,0.59545999110164,0.579048394578902,"SLC43A1",1
"GO:0060966","regulation of gene silencing by regulatory ncRNA","1/147","22/8855",0.0454545454545455,2.73809523809524,1.06047396505222,0.30838366603417,0.59545999110164,0.579048394578902,"TP53",1
"GO:0060999","positive regulation of dendritic spine development","1/147","22/8855",0.0454545454545455,2.73809523809524,1.06047396505222,0.30838366603417,0.59545999110164,0.579048394578902,"ZMYND8",1
"GO:0062098","regulation of programmed necrotic cell death","1/147","22/8855",0.0454545454545455,2.73809523809524,1.06047396505222,0.30838366603417,0.59545999110164,0.579048394578902,"TP53",1
"GO:0070232","regulation of T cell apoptotic process","1/147","22/8855",0.0454545454545455,2.73809523809524,1.06047396505222,0.30838366603417,0.59545999110164,0.579048394578902,"TP53",1
"GO:1901186","positive regulation of ERBB signaling pathway","1/147","22/8855",0.0454545454545455,2.73809523809524,1.06047396505222,0.30838366603417,0.59545999110164,0.579048394578902,"SOS1",1
"GO:1902882","regulation of response to oxidative stress","1/147","22/8855",0.0454545454545455,2.73809523809524,1.06047396505222,0.30838366603417,0.59545999110164,0.579048394578902,"KEAP1",1
"GO:1904646","cellular response to amyloid-beta","1/147","22/8855",0.0454545454545455,2.73809523809524,1.06047396505222,0.30838366603417,0.59545999110164,0.579048394578902,"FYN",1
"GO:1990000","amyloid fibril formation","1/147","22/8855",0.0454545454545455,2.73809523809524,1.06047396505222,0.30838366603417,0.59545999110164,0.579048394578902,"USP9X",1
"GO:2000279","negative regulation of DNA biosynthetic process","1/147","22/8855",0.0454545454545455,2.73809523809524,1.06047396505222,0.30838366603417,0.59545999110164,0.579048394578902,"TP53",1
"GO:0050804","modulation of chemical synaptic transmission","5/147","223/8855",0.0224215246636771,1.35062993807388,0.688993185766218,0.311877047237586,0.595561297041385,0.579146908404595,"FYN/ZMYND8/RAB11A/GIT1/ARF1",5
"GO:0006959","humoral immune response","2/147","68/8855",0.0294117647058824,1.77170868347339,0.829959205426174,0.312066626414617,0.595561297041385,0.579146908404595,"RPS19/C5",2
"GO:0007032","endosome organization","2/147","68/8855",0.0294117647058824,1.77170868347339,0.829959205426174,0.312066626414617,0.595561297041385,0.579146908404595,"RAB11A/CORO1C",2
"GO:0033108","mitochondrial respiratory chain complex assembly","2/147","68/8855",0.0294117647058824,1.77170868347339,0.829959205426174,0.312066626414617,0.595561297041385,0.579146908404595,"CHCHD4/FMC1",2
"GO:0042476","odontogenesis","2/147","68/8855",0.0294117647058824,1.77170868347339,0.829959205426174,0.312066626414617,0.595561297041385,0.579146908404595,"EDAR/ANKRD11",2
"GO:0043200","response to amino acid","2/147","68/8855",0.0294117647058824,1.77170868347339,0.829959205426174,0.312066626414617,0.595561297041385,0.579146908404595,"FYN/LAMTOR4",2
"GO:0062014","negative regulation of small molecule metabolic process","2/147","68/8855",0.0294117647058824,1.77170868347339,0.829959205426174,0.312066626414617,0.595561297041385,0.579146908404595,"GIT1/TP53",2
"GO:0010256","endomembrane system organization","8/147","387/8855",0.020671834625323,1.24523194290636,0.640931051829912,0.313546391518581,0.595561297041385,0.579146908404595,"CD9/RAB11A/PRX/CORO1C/TOR1AIP1/CDC25A/TRAPPC12/AP5Z1",8
"GO:0001701","in utero embryonic development","6/147","278/8855",0.0215827338129496,1.30010277492292,0.660532088074393,0.3151312143793,0.595561297041385,0.579146908404595,"MBD3/KEAP1/TBX3/NMT1/TP53/GNA12",6
"GO:0099177","regulation of trans-synaptic signaling","5/147","224/8855",0.0223214285714286,1.34460034013605,0.678700811797303,0.31514803277635,0.595561297041385,0.579146908404595,"FYN/ZMYND8/RAB11A/GIT1/ARF1",5
"GO:0007033","vacuole organization","4/147","171/8855",0.0233918128654971,1.40907825118351,0.701800631193061,0.315984785286621,0.595561297041385,0.579146908404595,"GABARAP/TMEM39A/LAMP1/AP5Z1",4
"GO:0141188","nucleic acid catabolic process","6/147","279/8855",0.021505376344086,1.29544290834613,0.651482120585041,0.31806513712024,0.595561297041385,0.579146908404595,"ALKBH5/GTPBP1/METTL16/EXOSC2/TBRG4/FASTK",6
"GO:0000423","mitophagy","2/147","69/8855",0.0289855072463768,1.74603174603175,0.808268158820565,0.318197309271286,0.595561297041385,0.579146908404595,"TP53/GABARAP",2
"GO:0001838","embryonic epithelial tube formation","2/147","69/8855",0.0289855072463768,1.74603174603175,0.808268158820565,0.318197309271286,0.595561297041385,0.579146908404595,"RPS7/RARG",2
"GO:0001952","regulation of cell-matrix adhesion","2/147","69/8855",0.0289855072463768,1.74603174603175,0.808268158820565,0.318197309271286,0.595561297041385,0.579146908404595,"CORO1C/MACF1",2
"GO:0006400","tRNA modification","2/147","69/8855",0.0289855072463768,1.74603174603175,0.808268158820565,0.318197309271286,0.595561297041385,0.579146908404595,"TRMO/TRMT61A",2
"GO:0009201","ribonucleoside triphosphate biosynthetic process","2/147","69/8855",0.0289855072463768,1.74603174603175,0.808268158820565,0.318197309271286,0.595561297041385,0.579146908404595,"VCP/IMPDH2",2
"GO:0031123","RNA 3'-end processing","2/147","69/8855",0.0289855072463768,1.74603174603175,0.808268158820565,0.318197309271286,0.595561297041385,0.579146908404595,"EXOSC2/RPS21",2
"GO:0031623","receptor internalization","2/147","69/8855",0.0289855072463768,1.74603174603175,0.808268158820565,0.318197309271286,0.595561297041385,0.579146908404595,"CD9/ARF1",2
"GO:0050768","negative regulation of neurogenesis","2/147","69/8855",0.0289855072463768,1.74603174603175,0.808268158820565,0.318197309271286,0.595561297041385,0.579146908404595,"ID2/TP53",2
"GO:0051961","negative regulation of nervous system development","2/147","69/8855",0.0289855072463768,1.74603174603175,0.808268158820565,0.318197309271286,0.595561297041385,0.579146908404595,"ID2/TP53",2
"GO:0072665","protein localization to vacuole","2/147","69/8855",0.0289855072463768,1.74603174603175,0.808268158820565,0.318197309271286,0.595561297041385,0.579146908404595,"NMT1/LAMTOR4",2
"GO:0098773","skin epidermis development","2/147","69/8855",0.0289855072463768,1.74603174603175,0.808268158820565,0.318197309271286,0.595561297041385,0.579146908404595,"SOS1/EDAR",2
"GO:0007346","regulation of mitotic cell cycle","7/147","334/8855",0.0209580838323353,1.2624750499002,0.635309272064796,0.318911964365096,0.595561297041385,0.579146908404595,"FOXN3/RAB11A/ID2/TP53/BUB3/CDC25A/TOM1L2",7
"GO:0071345","cellular response to cytokine stimulus","9/147","445/8855",0.0202247191011236,1.21829855537721,0.613906293093591,0.319636019507682,0.595561297041385,0.579146908404595,"MAP2K7/KEAP1/KRT18/SOS1/EDAR/TP53/RARG/IMPDH2/TNFRSF18",9
"GO:0001912","positive regulation of leukocyte mediated cytotoxicity","1/147","23/8855",0.0434782608695652,2.61904761904762,1.01009733697998,0.31989364011919,0.595561297041385,0.579146908404595,"LAMP1",1
"GO:0001941","postsynaptic membrane organization","1/147","23/8855",0.0434782608695652,2.61904761904762,1.01009733697998,0.31989364011919,0.595561297041385,0.579146908404595,"ZMYND8",1
"GO:0002862","negative regulation of inflammatory response to antigenic stimulus","1/147","23/8855",0.0434782608695652,2.61904761904762,1.01009733697998,0.31989364011919,0.595561297041385,0.579146908404595,"FYN",1
"GO:0006346","DNA methylation-dependent constitutive heterochromatin formation","1/147","23/8855",0.0434782608695652,2.61904761904762,1.01009733697998,0.31989364011919,0.595561297041385,0.579146908404595,"MBD3",1
"GO:0006497","protein lipidation","1/147","23/8855",0.0434782608695652,2.61904761904762,1.01009733697998,0.31989364011919,0.595561297041385,0.579146908404595,"NMT1",1
"GO:0007039","protein catabolic process in the vacuole","1/147","23/8855",0.0434782608695652,2.61904761904762,1.01009733697998,0.31989364011919,0.595561297041385,0.579146908404595,"AP5Z1",1
"GO:0007097","nuclear migration","1/147","23/8855",0.0434782608695652,2.61904761904762,1.01009733697998,0.31989364011919,0.595561297041385,0.579146908404595,"DYNC1H1",1
"GO:0007520","myoblast fusion","1/147","23/8855",0.0434782608695652,2.61904761904762,1.01009733697998,0.31989364011919,0.595561297041385,0.579146908404595,"CD9",1
"GO:0010171","body morphogenesis","1/147","23/8855",0.0434782608695652,2.61904761904762,1.01009733697998,0.31989364011919,0.595561297041385,0.579146908404595,"ANKRD11",1
"GO:0032801","receptor catabolic process","1/147","23/8855",0.0434782608695652,2.61904761904762,1.01009733697998,0.31989364011919,0.595561297041385,0.579146908404595,"GIT1",1
"GO:0032924","activin receptor signaling pathway","1/147","23/8855",0.0434782608695652,2.61904761904762,1.01009733697998,0.31989364011919,0.595561297041385,0.579146908404595,"BMPR2",1
"GO:0033144","negative regulation of intracellular steroid hormone receptor signaling pathway","1/147","23/8855",0.0434782608695652,2.61904761904762,1.01009733697998,0.31989364011919,0.595561297041385,0.579146908404595,"PER1",1
"GO:0045070","positive regulation of viral genome replication","1/147","23/8855",0.0434782608695652,2.61904761904762,1.01009733697998,0.31989364011919,0.595561297041385,0.579146908404595,"TMEM39A",1
"GO:0045747","positive regulation of Notch signaling pathway","1/147","23/8855",0.0434782608695652,2.61904761904762,1.01009733697998,0.31989364011919,0.595561297041385,0.579146908404595,"TSPAN5",1
"GO:0045981","positive regulation of nucleotide metabolic process","1/147","23/8855",0.0434782608695652,2.61904761904762,1.01009733697998,0.31989364011919,0.595561297041385,0.579146908404595,"VCP",1
"GO:0050819","negative regulation of coagulation","1/147","23/8855",0.0434782608695652,2.61904761904762,1.01009733697998,0.31989364011919,0.595561297041385,0.579146908404595,"CD9",1
"GO:0050982","detection of mechanical stimulus","1/147","23/8855",0.0434782608695652,2.61904761904762,1.01009733697998,0.31989364011919,0.595561297041385,0.579146908404595,"FYN",1
"GO:0098703","calcium ion import across plasma membrane","1/147","23/8855",0.0434782608695652,2.61904761904762,1.01009733697998,0.31989364011919,0.595561297041385,0.579146908404595,"FYN",1
"GO:0120033","negative regulation of plasma membrane bounded cell projection assembly","1/147","23/8855",0.0434782608695652,2.61904761904762,1.01009733697998,0.31989364011919,0.595561297041385,0.579146908404595,"USP9X",1
"GO:1900544","positive regulation of purine nucleotide metabolic process","1/147","23/8855",0.0434782608695652,2.61904761904762,1.01009733697998,0.31989364011919,0.595561297041385,0.579146908404595,"VCP",1
"GO:1902108","regulation of mitochondrial membrane permeability involved in apoptotic process","1/147","23/8855",0.0434782608695652,2.61904761904762,1.01009733697998,0.31989364011919,0.595561297041385,0.579146908404595,"TP53",1
"GO:1902229","regulation of intrinsic apoptotic signaling pathway in response to DNA damage","1/147","23/8855",0.0434782608695652,2.61904761904762,1.01009733697998,0.31989364011919,0.595561297041385,0.579146908404595,"TMEM161A",1
"GO:1902656","calcium ion import into cytosol","1/147","23/8855",0.0434782608695652,2.61904761904762,1.01009733697998,0.31989364011919,0.595561297041385,0.579146908404595,"FYN",1
"GO:1902745","positive regulation of lamellipodium organization","1/147","23/8855",0.0434782608695652,2.61904761904762,1.01009733697998,0.31989364011919,0.595561297041385,0.579146908404595,"CORO1C",1
"GO:2000648","positive regulation of stem cell proliferation","1/147","23/8855",0.0434782608695652,2.61904761904762,1.01009733697998,0.31989364011919,0.595561297041385,0.579146908404595,"TBX3",1
"GO:0140694","membraneless organelle assembly","6/147","280/8855",0.0214285714285714,1.29081632653061,0.642465707633515,0.321003481052054,0.596117190016107,0.579687480297553,"ALKBH5/RAB11A/RPS19/RPS6/TRAPPC12/DYNC1H1",6
"GO:0006006","glucose metabolic process","3/147","120/8855",0.025,1.50595238095238,0.725000036380252,0.321109682963659,0.596117190016107,0.579687480297553,"TPI1/TP53/MDH2",3
"GO:0009451","RNA modification","3/147","120/8855",0.025,1.50595238095238,0.725000036380252,0.321109682963659,0.596117190016107,0.579687480297553,"METTL16/TRMO/TRMT61A",3
"GO:0010810","regulation of cell-substrate adhesion","3/147","120/8855",0.025,1.50595238095238,0.725000036380252,0.321109682963659,0.596117190016107,0.579687480297553,"CORO1C/PREX1/MACF1",3
"GO:0006282","regulation of DNA repair","4/147","173/8855",0.023121387283237,1.39278832920451,0.677861474667144,0.323526991130125,0.59864768565996,0.58214823242525,"TMEM161A/SPIRE1/UBE2V2/RTEL1",4
"GO:0001704","formation of primary germ layer","2/147","70/8855",0.0285714285714286,1.72108843537415,0.786929604007752,0.324315483420248,0.59864768565996,0.58214823242525,"AHDC1/BMPR2",2
"GO:0002687","positive regulation of leukocyte migration","2/147","70/8855",0.0285714285714286,1.72108843537415,0.786929604007752,0.324315483420248,0.59864768565996,0.58214823242525,"MADCAM1/TNFRSF18",2
"GO:0007265","Ras protein signal transduction","2/147","70/8855",0.0285714285714286,1.72108843537415,0.786929604007752,0.324315483420248,0.59864768565996,0.58214823242525,"SOS1/TP53",2
"GO:0043473","pigmentation","2/147","70/8855",0.0285714285714286,1.72108843537415,0.786929604007752,0.324315483420248,0.59864768565996,0.58214823242525,"RAB11A/EDAR",2
"GO:0050729","positive regulation of inflammatory response","2/147","70/8855",0.0285714285714286,1.72108843537415,0.786929604007752,0.324315483420248,0.59864768565996,0.58214823242525,"RPS19/PDCD4",2
"GO:1903432","regulation of TORC1 signaling","2/147","70/8855",0.0285714285714286,1.72108843537415,0.786929604007752,0.324315483420248,0.59864768565996,0.58214823242525,"NMT1/LAMTOR4",2
"GO:2001252","positive regulation of chromosome organization","2/147","70/8855",0.0285714285714286,1.72108843537415,0.786929604007752,0.324315483420248,0.59864768565996,0.58214823242525,"MAP2K7/RTEL1",2
"GO:2000146","negative regulation of cell motility","4/147","174/8855",0.0229885057471264,1.3847837985769,0.666002316447905,0.327303301246667,0.600714224749167,0.584157815201292,"ZMYND8/C5/CORO1C/GNA12",4
"GO:0003013","circulatory system process","6/147","283/8855",0.0212014134275618,1.2771327612317,0.615615040037503,0.3298431342179,0.600714224749167,0.584157815201292,"FYN/SLC2A3/ID2/GNA12/ADRA1B/BMPR2",6
"GO:0045862","positive regulation of proteolysis","3/147","122/8855",0.0245901639344262,1.48126463700234,0.695426686580227,0.330233863658584,0.600714224749167,0.584157815201292,"KEAP1/VCP/GABARAP",3
"GO:0007276","gamete generation","8/147","394/8855",0.0203045685279188,1.2231085327532,0.588603255125401,0.330989910258904,0.600714224749167,0.584157815201292,"PAFAH1B3/ALKBH5/ATN1/SOS1/USP9X/SPIRE1/ETV6/DEDD",8
"GO:0000578","embryonic axis specification","1/147","24/8855",0.0416666666666667,2.50992063492063,0.962329977755404,0.331213345157967,0.600714224749167,0.584157815201292,"TBX3",1
"GO:0001974","blood vessel remodeling","1/147","24/8855",0.0416666666666667,2.50992063492063,0.962329977755404,0.331213345157967,0.600714224749167,0.584157815201292,"BMPR2",1
"GO:0030224","monocyte differentiation","1/147","24/8855",0.0416666666666667,2.50992063492063,0.962329977755404,0.331213345157967,0.600714224749167,0.584157815201292,"ACIN1",1
"GO:0031295","T cell costimulation","1/147","24/8855",0.0416666666666667,2.50992063492063,0.962329977755404,0.331213345157967,0.600714224749167,0.584157815201292,"FYN",1
"GO:0031343","positive regulation of cell killing","1/147","24/8855",0.0416666666666667,2.50992063492063,0.962329977755404,0.331213345157967,0.600714224749167,0.584157815201292,"LAMP1",1
"GO:0032330","regulation of chondrocyte differentiation","1/147","24/8855",0.0416666666666667,2.50992063492063,0.962329977755404,0.331213345157967,0.600714224749167,0.584157815201292,"RARG",1
"GO:0035272","exocrine system development","1/147","24/8855",0.0416666666666667,2.50992063492063,0.962329977755404,0.331213345157967,0.600714224749167,0.584157815201292,"EDAR",1
"GO:0035751","regulation of lysosomal lumen pH","1/147","24/8855",0.0416666666666667,2.50992063492063,0.962329977755404,0.331213345157967,0.600714224749167,0.584157815201292,"LAMP1",1
"GO:0036230","granulocyte activation","1/147","24/8855",0.0416666666666667,2.50992063492063,0.962329977755404,0.331213345157967,0.600714224749167,0.584157815201292,"PREX1",1
"GO:0045879","negative regulation of smoothened signaling pathway","1/147","24/8855",0.0416666666666667,2.50992063492063,0.962329977755404,0.331213345157967,0.600714224749167,0.584157815201292,"VCP",1
"GO:0048147","negative regulation of fibroblast proliferation","1/147","24/8855",0.0416666666666667,2.50992063492063,0.962329977755404,0.331213345157967,0.600714224749167,0.584157815201292,"TP53",1
"GO:0048384","retinoic acid receptor signaling pathway","1/147","24/8855",0.0416666666666667,2.50992063492063,0.962329977755404,0.331213345157967,0.600714224749167,0.584157815201292,"RARG",1
"GO:0051156","glucose 6-phosphate metabolic process","1/147","24/8855",0.0416666666666667,2.50992063492063,0.962329977755404,0.331213345157967,0.600714224749167,0.584157815201292,"TP53",1
"GO:0060251","regulation of glial cell proliferation","1/147","24/8855",0.0416666666666667,2.50992063492063,0.962329977755404,0.331213345157967,0.600714224749167,0.584157815201292,"TP53",1
"GO:0060443","mammary gland morphogenesis","1/147","24/8855",0.0416666666666667,2.50992063492063,0.962329977755404,0.331213345157967,0.600714224749167,0.584157815201292,"TBX3",1
"GO:0071402","cellular response to lipoprotein particle stimulus","1/147","24/8855",0.0416666666666667,2.50992063492063,0.962329977755404,0.331213345157967,0.600714224749167,0.584157815201292,"CD9",1
"GO:0071901","negative regulation of protein serine/threonine kinase activity","1/147","24/8855",0.0416666666666667,2.50992063492063,0.962329977755404,0.331213345157967,0.600714224749167,0.584157815201292,"PDCD4",1
"GO:1901798","positive regulation of signal transduction by p53 class mediator","1/147","24/8855",0.0416666666666667,2.50992063492063,0.962329977755404,0.331213345157967,0.600714224749167,0.584157815201292,"RPS7",1
"GO:1902175","regulation of oxidative stress-induced intrinsic apoptotic signaling pathway","1/147","24/8855",0.0416666666666667,2.50992063492063,0.962329977755404,0.331213345157967,0.600714224749167,0.584157815201292,"FYN",1
"GO:1903307","positive regulation of regulated secretory pathway","1/147","24/8855",0.0416666666666667,2.50992063492063,0.962329977755404,0.331213345157967,0.600714224749167,0.584157815201292,"LAMP1",1
"GO:1904645","response to amyloid-beta","1/147","24/8855",0.0416666666666667,2.50992063492063,0.962329977755404,0.331213345157967,0.600714224749167,0.584157815201292,"FYN",1
"GO:0002521","leukocyte differentiation","7/147","339/8855",0.0206489675516224,1.24385447394297,0.594815074834521,0.332381708839401,0.60157385882563,0.584993756724383,"NFATC3/ACIN1/CORO1C/ID2/SOS1/PREX1/TP53",7
"GO:0007268","chemical synaptic transmission","7/147","339/8855",0.0206489675516224,1.24385447394297,0.594815074834521,0.332381708839401,0.60157385882563,0.584993756724383,"FYN/ZMYND8/RAB11A/GIT1/FCHSD2/ARF1/GABARAP",7
"GO:0098916","anterograde trans-synaptic signaling","7/147","339/8855",0.0206489675516224,1.24385447394297,0.594815074834521,0.332381708839401,0.60157385882563,0.584993756724383,"FYN/ZMYND8/RAB11A/GIT1/FCHSD2/ARF1/GABARAP",7
"GO:0141193","nuclear receptor-mediated signaling pathway","3/147","123/8855",0.024390243902439,1.46922183507549,0.680836956846222,0.334795606523895,0.605205105742729,0.588524922090801,"RARG/ESRRA/PER1",3
"GO:1902903","regulation of supramolecular fiber organization","5/147","230/8855",0.0217391304347826,1.30952380952381,0.617941900270104,0.334862979009277,0.605205105742729,0.588524922090801,"LIMK1/GIT1/PREX1/FCHSD2/ARF1",5
"GO:0007186","G protein-coupled receptor signaling pathway","7/147","340/8855",0.0205882352941176,1.24019607843137,0.58678940136964,0.335086628381603,0.605205105742729,0.588524922090801,"FYN/C5/GIT1/PREX1/NMT1/GNA12/ADRA1B",7
"GO:0006511","ubiquitin-dependent protein catabolic process","9/147","452/8855",0.0199115044247788,1.19943109987358,0.565475946341277,0.336027978495924,0.605695167143547,0.58900147680754,"FYN/KEAP1/FBXW4/USP9X/GNA12/VCP/KLHDC2/GABARAP/RPS7",9
"GO:0035239","tube morphogenesis","9/147","452/8855",0.0199115044247788,1.19943109987358,0.565475946341277,0.336027978495924,0.605695167143547,0.58900147680754,"TNFRSF12A/FYN/NFATC3/ID2/SOS1/TBX3/EDAR/RPS7/RARG",9
"GO:0014902","myotube differentiation","2/147","72/8855",0.0277777777777778,1.67328042328042,0.745263771007724,0.336509276264815,0.605695167143547,0.58900147680754,"CD9/PPIF",2
"GO:0070848","response to growth factor","8/147","398/8855",0.0201005025125628,1.21081598468533,0.559121411729924,0.341035201136183,0.605695167143547,0.58900147680754,"FYN/GIT1/SOS1/USP9X/TP53/PDCD4/FGF3/BMPR2",8
"GO:0006979","response to oxidative stress","5/147","232/8855",0.021551724137931,1.29823481116585,0.598056686166044,0.341462280150147,0.605695167143547,0.58900147680754,"FYN/TMEM161A/KEAP1/PPIF/TP53",5
"GO:0042110","T cell activation","6/147","287/8855",0.0209059233449477,1.25933300149328,0.58026746662358,0.341679721794186,0.605695167143547,0.58900147680754,"FYN/NFATC3/ALKBH5/SOS1/PREX1/TP53",6
"GO:1903131","mononuclear cell differentiation","6/147","287/8855",0.0209059233449477,1.25933300149328,0.58026746662358,0.341679721794186,0.605695167143547,0.58900147680754,"NFATC3/ACIN1/ID2/SOS1/PREX1/TP53",6
"GO:0003176","aortic valve development","1/147","25/8855",0.04,2.40952380952381,0.916919660404568,0.342345905260082,0.605695167143547,0.58900147680754,"BMPR2",1
"GO:0031294","lymphocyte costimulation","1/147","25/8855",0.04,2.40952380952381,0.916919660404568,0.342345905260082,0.605695167143547,0.58900147680754,"FYN",1
"GO:0032435","negative regulation of proteasomal ubiquitin-dependent protein catabolic process","1/147","25/8855",0.04,2.40952380952381,0.916919660404568,0.342345905260082,0.605695167143547,0.58900147680754,"USP9X",1
"GO:0042158","lipoprotein biosynthetic process","1/147","25/8855",0.04,2.40952380952381,0.916919660404568,0.342345905260082,0.605695167143547,0.58900147680754,"NMT1",1
"GO:0043247","telomere maintenance in response to DNA damage","1/147","25/8855",0.04,2.40952380952381,0.916919660404568,0.342345905260082,0.605695167143547,0.58900147680754,"RTEL1",1
"GO:0043368","positive T cell selection","1/147","25/8855",0.04,2.40952380952381,0.916919660404568,0.342345905260082,0.605695167143547,0.58900147680754,"NFATC3",1
"GO:0045778","positive regulation of ossification","1/147","25/8855",0.04,2.40952380952381,0.916919660404568,0.342345905260082,0.605695167143547,0.58900147680754,"BMPR2",1
"GO:0051647","nucleus localization","1/147","25/8855",0.04,2.40952380952381,0.916919660404568,0.342345905260082,0.605695167143547,0.58900147680754,"DYNC1H1",1
"GO:0061383","trabecula morphogenesis","1/147","25/8855",0.04,2.40952380952381,0.916919660404568,0.342345905260082,0.605695167143547,0.58900147680754,"SOS1",1
"GO:0070169","positive regulation of biomineral tissue development","1/147","25/8855",0.04,2.40952380952381,0.916919660404568,0.342345905260082,0.605695167143547,0.58900147680754,"BMPR2",1
"GO:0097178","ruffle assembly","1/147","25/8855",0.04,2.40952380952381,0.916919660404568,0.342345905260082,0.605695167143547,0.58900147680754,"CORO1C",1
"GO:0097242","amyloid-beta clearance","1/147","25/8855",0.04,2.40952380952381,0.916919660404568,0.342345905260082,0.605695167143547,0.58900147680754,"RAB11A",1
"GO:1900026","positive regulation of substrate adhesion-dependent cell spreading","1/147","25/8855",0.04,2.40952380952381,0.916919660404568,0.342345905260082,0.605695167143547,0.58900147680754,"PREX1",1
"GO:2000351","regulation of endothelial cell apoptotic process","1/147","25/8855",0.04,2.40952380952381,0.916919660404568,0.342345905260082,0.605695167143547,0.58900147680754,"PDCD4",1
"GO:1902105","regulation of leukocyte differentiation","4/147","178/8855",0.0224719101123595,1.35366506153023,0.619279318538032,0.342434253169519,0.605695167143547,0.58900147680754,"ACIN1/CORO1C/ID2/SOS1",4
"GO:0000281","mitotic cytokinesis","2/147","73/8855",0.0273972602739726,1.65035877364644,0.724914744352725,0.342582491612549,0.605695167143547,0.58900147680754,"RAB11A/ARF1",2
"GO:0001933","negative regulation of protein phosphorylation","2/147","73/8855",0.0273972602739726,1.65035877364644,0.724914744352725,0.342582491612549,0.605695167143547,0.58900147680754,"CORO1C/PDCD4",2
"GO:0008037","cell recognition","2/147","73/8855",0.0273972602739726,1.65035877364644,0.724914744352725,0.342582491612549,0.605695167143547,0.58900147680754,"CD9/GIT1",2
"GO:0009135","purine nucleoside diphosphate metabolic process","2/147","73/8855",0.0273972602739726,1.65035877364644,0.724914744352725,0.342582491612549,0.605695167143547,0.58900147680754,"GIT1/TPI1",2
"GO:0009179","purine ribonucleoside diphosphate metabolic process","2/147","73/8855",0.0273972602739726,1.65035877364644,0.724914744352725,0.342582491612549,0.605695167143547,0.58900147680754,"GIT1/TPI1",2
"GO:0019079","viral genome replication","2/147","73/8855",0.0273972602739726,1.65035877364644,0.724914744352725,0.342582491612549,0.605695167143547,0.58900147680754,"VCP/TMEM39A",2
"GO:0030879","mammary gland development","2/147","73/8855",0.0273972602739726,1.65035877364644,0.724914744352725,0.342582491612549,0.605695167143547,0.58900147680754,"ID2/TBX3",2
"GO:0035051","cardiocyte differentiation","2/147","73/8855",0.0273972602739726,1.65035877364644,0.724914744352725,0.342582491612549,0.605695167143547,0.58900147680754,"TBX3/PDCD4",2
"GO:0071900","regulation of protein serine/threonine kinase activity","2/147","73/8855",0.0273972602739726,1.65035877364644,0.724914744352725,0.342582491612549,0.605695167143547,0.58900147680754,"PDCD4/CDC25A",2
"GO:0099537","trans-synaptic signaling","7/147","343/8855",0.0204081632653061,1.22934888241011,0.562855736609567,0.343220726875489,0.60640147265794,0.589688315688914,"FYN/ZMYND8/RAB11A/GIT1/FCHSD2/ARF1/GABARAP",7
"GO:0003018","vascular process in circulatory system","3/147","125/8855",0.024,1.44571428571429,0.652039123073718,0.343915263831398,0.60640147265794,0.589688315688914,"SLC2A3/ADRA1B/BMPR2",3
"GO:0009755","hormone-mediated signaling pathway","3/147","125/8855",0.024,1.44571428571429,0.652039123073718,0.343915263831398,0.60640147265794,0.589688315688914,"RARG/ESRRA/PER1",3
"GO:0072331","signal transduction by p53 class mediator","3/147","125/8855",0.024,1.44571428571429,0.652039123073718,0.343915263831398,0.60640147265794,0.589688315688914,"YJU2/TP53/RPS7",3
"GO:0019220","regulation of phosphate metabolic process","7/147","344/8855",0.0203488372093023,1.22577519379845,0.55492509590937,0.345938060471313,0.609141611900367,0.592352933384412,"GIT1/CORO1C/TP53/PDCD4/CDC25A/VCP/TNFRSF18",7
"GO:0051174","regulation of phosphorus metabolic process","7/147","344/8855",0.0203488372093023,1.22577519379845,0.55492509590937,0.345938060471313,0.609141611900367,0.592352933384412,"GIT1/CORO1C/TP53/PDCD4/CDC25A/VCP/TNFRSF18",7
"GO:0060627","regulation of vesicle-mediated transport","6/147","289/8855",0.0207612456747405,1.25061789421651,0.562783270451401,0.347616230144349,0.611411048493342,0.594559821563968,"RAB11A/GIT1/ARHGDIA/ARF1/LMAN2/LAMP1",6
"GO:0001101","response to acid chemical","2/147","74/8855",0.027027027027027,1.62805662805663,0.704874647647575,0.348638389329408,0.611411048493342,0.594559821563968,"FYN/LAMTOR4",2
"GO:0007612","learning","2/147","74/8855",0.027027027027027,1.62805662805663,0.704874647647575,0.348638389329408,0.611411048493342,0.594559821563968,"FYN/GIT1",2
"GO:0009142","nucleoside triphosphate biosynthetic process","2/147","74/8855",0.027027027027027,1.62805662805663,0.704874647647575,0.348638389329408,0.611411048493342,0.594559821563968,"VCP/IMPDH2",2
"GO:0044272","sulfur compound biosynthetic process","2/147","74/8855",0.027027027027027,1.62805662805663,0.704874647647575,0.348638389329408,0.611411048493342,0.594559821563968,"METTL16/PPCDC",2
"GO:0072175","epithelial tube formation","2/147","74/8855",0.027027027027027,1.62805662805663,0.704874647647575,0.348638389329408,0.611411048493342,0.594559821563968,"RPS7/RARG",2
"GO:1901987","regulation of cell cycle phase transition","6/147","290/8855",0.0206896551724138,1.24630541871921,0.554087684967653,0.350588387193277,0.612028916188753,0.595160660079462,"FOXN3/RAB11A/ID2/TP53/BUB3/CDC25A",6
"GO:1902532","negative regulation of intracellular signal transduction","9/147","459/8855",0.0196078431372549,1.18113912231559,0.517787548974775,0.352569675793989,0.612028916188753,0.595160660079462,"FYN/TMEM161A/YJU2/PPIF/GIT1/PREX1/PDCD4/VCP/PER1",9
"GO:0000079","regulation of cyclin-dependent protein serine/threonine kinase activity","1/147","26/8855",0.0384615384615385,2.31684981684982,0.873647783195766,0.353294393587009,0.612028916188753,0.595160660079462,"CDC25A",1
"GO:0000266","mitochondrial fission","1/147","26/8855",0.0384615384615385,2.31684981684982,0.873647783195766,0.353294393587009,0.612028916188753,0.595160660079462,"SPIRE1",1
"GO:0006418","tRNA aminoacylation for protein translation","1/147","26/8855",0.0384615384615385,2.31684981684982,0.873647783195766,0.353294393587009,0.612028916188753,0.595160660079462,"FARSA",1
"GO:0006904","vesicle docking involved in exocytosis","1/147","26/8855",0.0384615384615385,2.31684981684982,0.873647783195766,0.353294393587009,0.612028916188753,0.595160660079462,"RAB11A",1
"GO:0007215","glutamate receptor signaling pathway","1/147","26/8855",0.0384615384615385,2.31684981684982,0.873647783195766,0.353294393587009,0.612028916188753,0.595160660079462,"FYN",1
"GO:0010453","regulation of cell fate commitment","1/147","26/8855",0.0384615384615385,2.31684981684982,0.873647783195766,0.353294393587009,0.612028916188753,0.595160660079462,"MBD3",1
"GO:0031076","embryonic camera-type eye development","1/147","26/8855",0.0384615384615385,2.31684981684982,0.873647783195766,0.353294393587009,0.612028916188753,0.595160660079462,"RARG",1
"GO:0031112","positive regulation of microtubule polymerization or depolymerization","1/147","26/8855",0.0384615384615385,2.31684981684982,0.873647783195766,0.353294393587009,0.612028916188753,0.595160660079462,"GIT1",1
"GO:0042220","response to cocaine","1/147","26/8855",0.0384615384615385,2.31684981684982,0.873647783195766,0.353294393587009,0.612028916188753,0.595160660079462,"FYN",1
"GO:0045123","cellular extravasation","1/147","26/8855",0.0384615384615385,2.31684981684982,0.873647783195766,0.353294393587009,0.612028916188753,0.595160660079462,"MADCAM1",1
"GO:0050853","B cell receptor signaling pathway","1/147","26/8855",0.0384615384615385,2.31684981684982,0.873647783195766,0.353294393587009,0.612028916188753,0.595160660079462,"SOS1",1
"GO:0071539","protein localization to centrosome","1/147","26/8855",0.0384615384615385,2.31684981684982,0.873647783195766,0.353294393587009,0.612028916188753,0.595160660079462,"RAB11A",1
"GO:2001222","regulation of neuron migration","1/147","26/8855",0.0384615384615385,2.31684981684982,0.873647783195766,0.353294393587009,0.612028916188753,0.595160660079462,"FYN",1
"GO:0030217","T cell differentiation","4/147","181/8855",0.0220994475138122,1.3312286240463,0.584960653696063,0.353798910825861,0.612028916188753,0.595160660079462,"NFATC3/SOS1/PREX1/TP53",4
"GO:0007040","lysosome organization","2/147","75/8855",0.0266666666666667,1.60634920634921,0.685133815661914,0.354675874089511,0.612028916188753,0.595160660079462,"LAMP1/AP5Z1",2
"GO:0050852","T cell receptor signaling pathway","2/147","75/8855",0.0266666666666667,1.60634920634921,0.685133815661914,0.354675874089511,0.612028916188753,0.595160660079462,"FYN/ELF1",2
"GO:0080171","lytic vacuole organization","2/147","75/8855",0.0266666666666667,1.60634920634921,0.685133815661914,0.354675874089511,0.612028916188753,0.595160660079462,"LAMP1/AP5Z1",2
"GO:0099175","regulation of postsynapse organization","2/147","75/8855",0.0266666666666667,1.60634920634921,0.685133815661914,0.354675874089511,0.612028916188753,0.595160660079462,"FYN/ZMYND8",2
"GO:1901989","positive regulation of cell cycle phase transition","2/147","75/8855",0.0266666666666667,1.60634920634921,0.685133815661914,0.354675874089511,0.612028916188753,0.595160660079462,"RAB11A/CDC25A",2
"GO:0019941","modification-dependent protein catabolic process","9/147","461/8855",0.0195227765726681,1.17601487449644,0.504294888934505,0.357318848931013,0.612028916188753,0.595160660079462,"FYN/KEAP1/FBXW4/USP9X/GNA12/VCP/KLHDC2/GABARAP/RPS7",9
"GO:0065004","protein-DNA complex assembly","3/147","128/8855",0.0234375,1.41183035714286,0.609761597669957,0.357576092727982,0.612028916188753,0.595160660079462,"ANP32B/TP53/TRAPPC12",3
"GO:1901991","negative regulation of mitotic cell cycle phase transition","3/147","128/8855",0.0234375,1.41183035714286,0.609761597669957,0.357576092727982,0.612028916188753,0.595160660079462,"FOXN3/TP53/BUB3",3
"GO:0040013","negative regulation of locomotion","4/147","182/8855",0.021978021978022,1.32391418105704,0.573654227951273,0.357588296261417,0.612028916188753,0.595160660079462,"ZMYND8/C5/CORO1C/GNA12",4
"GO:0043122","regulation of canonical NF-kappaB signal transduction","4/147","182/8855",0.021978021978022,1.32391418105704,0.573654227951273,0.357588296261417,0.612028916188753,0.595160660079462,"EDAR/CXXC5/PER1/S100A4",4
"GO:0072659","protein localization to plasma membrane","4/147","182/8855",0.021978021978022,1.32391418105704,0.573654227951273,0.357588296261417,0.612028916188753,0.595160660079462,"RAB11A/KRT18/MACF1/TSPAN5",4
"GO:0030098","lymphocyte differentiation","5/147","237/8855",0.0210970464135021,1.27084589109906,0.549113847185593,0.358001613732105,0.612028916188753,0.595160660079462,"NFATC3/ID2/SOS1/PREX1/TP53",5
"GO:0030335","positive regulation of cell migration","6/147","293/8855",0.0204778156996587,1.2335446123842,0.528184031948239,0.359518261706544,0.612028916188753,0.595160660079462,"TRIP6/MADCAM1/RAB11A/PREX1/TNFRSF18/BMPR2",6
"GO:1903706","regulation of hemopoiesis","5/147","238/8855",0.0210084033613445,1.26550620248099,0.539453877578456,0.361314519350606,0.612028916188753,0.595160660079462,"ACIN1/CORO1C/ID2/SOS1/RARG",5
"GO:0000209","protein polyubiquitination","4/147","183/8855",0.0218579234972678,1.31667967733542,0.562412960290395,0.361377664610813,0.612028916188753,0.595160660079462,"KEAP1/UBE2Q2/UBE2V2/GABARAP",4
"GO:0032271","regulation of protein polymerization","3/147","129/8855",0.0232558139534884,1.40088593576966,0.595905353491467,0.36212237742795,0.612028916188753,0.595160660079462,"GIT1/PREX1/FCHSD2",3
"GO:0044772","mitotic cell cycle phase transition","6/147","294/8855",0.0204081632653061,1.22934888241011,0.519609713250816,0.362498745775098,0.612028916188753,0.595160660079462,"FOXN3/RAB11A/ID2/TP53/BUB3/CDC25A",6
"GO:0000154","rRNA modification","1/147","27/8855",0.037037037037037,2.2310405643739,0.832323773687935,0.364061833177303,0.612028916188753,0.595160660079462,"METTL16",1
"GO:0001755","neural crest cell migration","1/147","27/8855",0.037037037037037,2.2310405643739,0.832323773687935,0.364061833177303,0.612028916188753,0.595160660079462,"CORO1C",1
"GO:0006110","regulation of glycolytic process","1/147","27/8855",0.037037037037037,2.2310405643739,0.832323773687935,0.364061833177303,0.612028916188753,0.595160660079462,"GIT1",1
"GO:0006270","DNA replication initiation","1/147","27/8855",0.037037037037037,2.2310405643739,0.832323773687935,0.364061833177303,0.612028916188753,0.595160660079462,"MCM4",1
"GO:0006473","protein acetylation","1/147","27/8855",0.037037037037037,2.2310405643739,0.832323773687935,0.364061833177303,0.612028916188753,0.595160660079462,"DSCC1",1
"GO:0006515","protein quality control for misfolded or incompletely synthesized proteins","1/147","27/8855",0.037037037037037,2.2310405643739,0.832323773687935,0.364061833177303,0.612028916188753,0.595160660079462,"VCP",1
"GO:0006901","vesicle coating","1/147","27/8855",0.037037037037037,2.2310405643739,0.832323773687935,0.364061833177303,0.612028916188753,0.595160660079462,"TRAPPC12",1
"GO:0010543","regulation of platelet activation","1/147","27/8855",0.037037037037037,2.2310405643739,0.832323773687935,0.364061833177303,0.612028916188753,0.595160660079462,"CD9",1
"GO:0015837","amine transport","1/147","27/8855",0.037037037037037,2.2310405643739,0.832323773687935,0.364061833177303,0.612028916188753,0.595160660079462,"SLC43A1",1
"GO:0021795","cerebral cortex cell migration","1/147","27/8855",0.037037037037037,2.2310405643739,0.832323773687935,0.364061833177303,0.612028916188753,0.595160660079462,"FYN",1
"GO:0030811","regulation of nucleotide catabolic process","1/147","27/8855",0.037037037037037,2.2310405643739,0.832323773687935,0.364061833177303,0.612028916188753,0.595160660079462,"GIT1",1
"GO:0031424","keratinization","1/147","27/8855",0.037037037037037,2.2310405643739,0.832323773687935,0.364061833177303,0.612028916188753,0.595160660079462,"KRT86",1
"GO:0032964","collagen biosynthetic process","1/147","27/8855",0.037037037037037,2.2310405643739,0.832323773687935,0.364061833177303,0.612028916188753,0.595160660079462,"SERPINH1",1
"GO:0033121","regulation of purine nucleotide catabolic process","1/147","27/8855",0.037037037037037,2.2310405643739,0.832323773687935,0.364061833177303,0.612028916188753,0.595160660079462,"GIT1",1
"GO:0034063","stress granule assembly","1/147","27/8855",0.037037037037037,2.2310405643739,0.832323773687935,0.364061833177303,0.612028916188753,0.595160660079462,"DYNC1H1",1
"GO:0042168","heme metabolic process","1/147","27/8855",0.037037037037037,2.2310405643739,0.832323773687935,0.364061833177303,0.612028916188753,0.595160660079462,"SLC48A1",1
"GO:0043300","regulation of leukocyte degranulation","1/147","27/8855",0.037037037037037,2.2310405643739,0.832323773687935,0.364061833177303,0.612028916188753,0.595160660079462,"LAMP1",1
"GO:0045454","cell redox homeostasis","1/147","27/8855",0.037037037037037,2.2310405643739,0.832323773687935,0.364061833177303,0.612028916188753,0.595160660079462,"GIT1",1
"GO:0046677","response to antibiotic","1/147","27/8855",0.037037037037037,2.2310405643739,0.832323773687935,0.364061833177303,0.612028916188753,0.595160660079462,"TP53",1
"GO:0051099","positive regulation of binding","1/147","27/8855",0.037037037037037,2.2310405643739,0.832323773687935,0.364061833177303,0.612028916188753,0.595160660079462,"USP9X",1
"GO:0051489","regulation of filopodium assembly","1/147","27/8855",0.037037037037037,2.2310405643739,0.832323773687935,0.364061833177303,0.612028916188753,0.595160660079462,"ZMYND8",1
"GO:0060218","hematopoietic stem cell differentiation","1/147","27/8855",0.037037037037037,2.2310405643739,0.832323773687935,0.364061833177303,0.612028916188753,0.595160660079462,"TP53",1
"GO:0071027","nuclear RNA surveillance","1/147","27/8855",0.037037037037037,2.2310405643739,0.832323773687935,0.364061833177303,0.612028916188753,0.595160660079462,"EXOSC2",1
"GO:0071425","hematopoietic stem cell proliferation","1/147","27/8855",0.037037037037037,2.2310405643739,0.832323773687935,0.364061833177303,0.612028916188753,0.595160660079462,"ETV6",1
"GO:0071526","semaphorin-plexin signaling pathway","1/147","27/8855",0.037037037037037,2.2310405643739,0.832323773687935,0.364061833177303,0.612028916188753,0.595160660079462,"ARHGDIA",1
"GO:0090497","mesenchymal cell migration","1/147","27/8855",0.037037037037037,2.2310405643739,0.832323773687935,0.364061833177303,0.612028916188753,0.595160660079462,"CORO1C",1
"GO:1900016","negative regulation of cytokine production involved in inflammatory response","1/147","27/8855",0.037037037037037,2.2310405643739,0.832323773687935,0.364061833177303,0.612028916188753,0.595160660079462,"PDCD4",1
"GO:1901797","negative regulation of signal transduction by p53 class mediator","1/147","27/8855",0.037037037037037,2.2310405643739,0.832323773687935,0.364061833177303,0.612028916188753,0.595160660079462,"YJU2",1
"GO:1903409","reactive oxygen species biosynthetic process","1/147","27/8855",0.037037037037037,2.2310405643739,0.832323773687935,0.364061833177303,0.612028916188753,0.595160660079462,"FYN",1
"GO:1905314","semi-lunar valve development","1/147","27/8855",0.037037037037037,2.2310405643739,0.832323773687935,0.364061833177303,0.612028916188753,0.595160660079462,"BMPR2",1
"GO:1905508","protein localization to microtubule organizing center","1/147","27/8855",0.037037037037037,2.2310405643739,0.832323773687935,0.364061833177303,0.612028916188753,0.595160660079462,"RAB11A",1
"GO:0043523","regulation of neuron apoptotic process","3/147","130/8855",0.0230769230769231,1.39010989010989,0.582163717370386,0.366664051033548,0.613559207923365,0.596648775125656,"FYN/MAP2K7/TP53",3
"GO:2001234","negative regulation of apoptotic signaling pathway","3/147","130/8855",0.0230769230769231,1.39010989010989,0.582163717370386,0.366664051033548,0.613559207923365,0.596648775125656,"FYN/TMEM161A/PPIF",3
"GO:0006090","pyruvate metabolic process","2/147","77/8855",0.025974025974026,1.56462585034014,0.6465134256487,0.366691425499094,0.613559207923365,0.596648775125656,"GIT1/TPI1",2
"GO:0010507","negative regulation of autophagy","2/147","77/8855",0.025974025974026,1.56462585034014,0.6465134256487,0.366691425499094,0.613559207923365,0.596648775125656,"TP53/TMEM39A",2
"GO:0043066","negative regulation of apoptotic process","9/147","465/8855",0.0193548387096774,1.16589861751152,0.477482521861301,0.366842942783635,0.613559207923365,0.596648775125656,"FYN/TMEM161A/PPIF/KRT18/TBX3/ANP32B/TP53/ARHGDIA/TNFRSF18",9
"GO:0043632","modification-dependent macromolecule catabolic process","9/147","465/8855",0.0193548387096774,1.16589861751152,0.477482521861301,0.366842942783635,0.613559207923365,0.596648775125656,"FYN/KEAP1/FBXW4/USP9X/GNA12/VCP/KLHDC2/GABARAP/RPS7",9
"GO:0001944","vasculature development","8/147","409/8855",0.019559902200489,1.17825125160088,0.479554443450458,0.368881153224798,0.613559207923365,0.596648775125656,"TNFRSF12A/FYN/NFATC3/SOS1/TBX3/ANP32B/PDCD4/BMPR2",8
"GO:0006897","endocytosis","8/147","409/8855",0.019559902200489,1.17825125160088,0.479554443450458,0.368881153224798,0.613559207923365,0.596648775125656,"CD9/FYN/LIMK1/CORO1C/FCHSD2/ARF1/LMAN2/SLC48A1",8
"GO:0031669","cellular response to nutrient levels","4/147","185/8855",0.0216216216216216,1.3024453024453,0.54012263156604,0.368954936616366,0.613559207923365,0.596648775125656,"NMT1/TP53/GABARAP/BMPR2",4
"GO:0009267","cellular response to starvation","3/147","131/8855",0.0229007633587786,1.37949836423119,0.568534656877483,0.371200559949425,0.613559207923365,0.596648775125656,"TP53/GABARAP/BMPR2",3
"GO:0043123","positive regulation of canonical NF-kappaB signal transduction","3/147","131/8855",0.0229007633587786,1.37949836423119,0.568534656877483,0.371200559949425,0.613559207923365,0.596648775125656,"EDAR/CXXC5/S100A4",3
"GO:0031647","regulation of protein stability","5/147","241/8855",0.020746887966805,1.24975301323849,0.510723733606653,0.371258889902573,0.613559207923365,0.596648775125656,"USP9X/TBX3/TP53/RPS7/LAMP1",5
"GO:0010498","proteasomal protein catabolic process","8/147","410/8855",0.0195121951219512,1.1753774680604,0.47242743832383,0.371425064567947,0.613559207923365,0.596648775125656,"FYN/KEAP1/FBXW4/USP9X/GNA12/VCP/KLHDC2/GABARAP",8
"GO:0007043","cell-cell junction assembly","2/147","78/8855",0.0256410256410256,1.54456654456654,0.627616604756609,0.372667500490691,0.613559207923365,0.596648775125656,"CD9/RPS6",2
"GO:0038202","TORC1 signaling","2/147","78/8855",0.0256410256410256,1.54456654456654,0.627616604756609,0.372667500490691,0.613559207923365,0.596648775125656,"NMT1/LAMTOR4",2
"GO:0070646","protein modification by small protein removal","2/147","78/8855",0.0256410256410256,1.54456654456654,0.627616604756609,0.372667500490691,0.613559207923365,0.596648775125656,"USP9X/VCP",2
"GO:2000781","positive regulation of double-strand break repair","2/147","78/8855",0.0256410256410256,1.54456654456654,0.627616604756609,0.372667500490691,0.613559207923365,0.596648775125656,"SPIRE1/UBE2V2",2
"GO:0140014","mitotic nuclear division","4/147","186/8855",0.021505376344086,1.29544290834613,0.5290719737777,0.372742143349749,0.613559207923365,0.596648775125656,"KIF22/RAB11A/BUB3/TOM1L2",4
"GO:0034329","cell junction assembly","5/147","242/8855",0.0206611570247934,1.24458874458874,0.501228945703562,0.374574760124987,0.613559207923365,0.596648775125656,"CD9/TRIP6/CORO1C/MACF1/RPS6",5
"GO:0000731","DNA synthesis involved in DNA repair","1/147","28/8855",0.0357142857142857,2.15136054421769,0.792780594408657,0.374651197758515,0.613559207923365,0.596648775125656,"VCP",1
"GO:0006636","unsaturated fatty acid biosynthetic process","1/147","28/8855",0.0357142857142857,2.15136054421769,0.792780594408657,0.374651197758515,0.613559207923365,0.596648775125656,"FADS3",1
"GO:0007035","vacuolar acidification","1/147","28/8855",0.0357142857142857,2.15136054421769,0.792780594408657,0.374651197758515,0.613559207923365,0.596648775125656,"LAMP1",1
"GO:0022616","DNA strand elongation","1/147","28/8855",0.0357142857142857,2.15136054421769,0.792780594408657,0.374651197758515,0.613559207923365,0.596648775125656,"MCM4",1
"GO:0032509","endosome transport via multivesicular body sorting pathway","1/147","28/8855",0.0357142857142857,2.15136054421769,0.792780594408657,0.374651197758515,0.613559207923365,0.596648775125656,"VCP",1
"GO:0032890","regulation of organic acid transport","1/147","28/8855",0.0357142857142857,2.15136054421769,0.792780594408657,0.374651197758515,0.613559207923365,0.596648775125656,"SLC43A1",1
"GO:0033173","calcineurin-NFAT signaling cascade","1/147","28/8855",0.0357142857142857,2.15136054421769,0.792780594408657,0.374651197758515,0.613559207923365,0.596648775125656,"NFATC3",1
"GO:0035036","sperm-egg recognition","1/147","28/8855",0.0357142857142857,2.15136054421769,0.792780594408657,0.374651197758515,0.613559207923365,0.596648775125656,"CD9",1
"GO:0042771","intrinsic apoptotic signaling pathway in response to DNA damage by p53 class mediator","1/147","28/8855",0.0357142857142857,2.15136054421769,0.792780594408657,0.374651197758515,0.613559207923365,0.596648775125656,"TP53",1
"GO:0043393","regulation of protein binding","1/147","28/8855",0.0357142857142857,2.15136054421769,0.792780594408657,0.374651197758515,0.613559207923365,0.596648775125656,"USP9X",1
"GO:0043403","skeletal muscle tissue regeneration","1/147","28/8855",0.0357142857142857,2.15136054421769,0.792780594408657,0.374651197758515,0.613559207923365,0.596648775125656,"CD9",1
"GO:0048286","lung alveolus development","1/147","28/8855",0.0357142857142857,2.15136054421769,0.792780594408657,0.374651197758515,0.613559207923365,0.596648775125656,"BMPR2",1
"GO:0050856","regulation of T cell receptor signaling pathway","1/147","28/8855",0.0357142857142857,2.15136054421769,0.792780594408657,0.374651197758515,0.613559207923365,0.596648775125656,"ELF1",1
"GO:0051180","vitamin transport","1/147","28/8855",0.0357142857142857,2.15136054421769,0.792780594408657,0.374651197758515,0.613559207923365,0.596648775125656,"SLC2A3",1
"GO:0060632","regulation of microtubule-based movement","1/147","28/8855",0.0357142857142857,2.15136054421769,0.792780594408657,0.374651197758515,0.613559207923365,0.596648775125656,"LAMP1",1
"GO:0072132","mesenchyme morphogenesis","1/147","28/8855",0.0357142857142857,2.15136054421769,0.792780594408657,0.374651197758515,0.613559207923365,0.596648775125656,"TBX3",1
"GO:0089718","amino acid import across plasma membrane","1/147","28/8855",0.0357142857142857,2.15136054421769,0.792780594408657,0.374651197758515,0.613559207923365,0.596648775125656,"SLC43A1",1
"GO:0090114","COPII-coated vesicle budding","1/147","28/8855",0.0357142857142857,2.15136054421769,0.792780594408657,0.374651197758515,0.613559207923365,0.596648775125656,"TRAPPC12",1
"GO:1900181","negative regulation of protein localization to nucleus","1/147","28/8855",0.0357142857142857,2.15136054421769,0.792780594408657,0.374651197758515,0.613559207923365,0.596648775125656,"PKIG",1
"GO:1903747","regulation of establishment of protein localization to mitochondrion","1/147","28/8855",0.0357142857142857,2.15136054421769,0.792780594408657,0.374651197758515,0.613559207923365,0.596648775125656,"NMT1",1
"GO:2000401","regulation of lymphocyte migration","1/147","28/8855",0.0357142857142857,2.15136054421769,0.792780594408657,0.374651197758515,0.613559207923365,0.596648775125656,"MADCAM1",1
"GO:2000772","regulation of cellular senescence","1/147","28/8855",0.0357142857142857,2.15136054421769,0.792780594408657,0.374651197758515,0.613559207923365,0.596648775125656,"TP53",1
"GO:0000070","mitotic sister chromatid segregation","3/147","132/8855",0.0227272727272727,1.36904761904762,0.555016191702014,0.375731360921944,0.614940684531569,0.597992176570056,"KIF22/RAB11A/BUB3",3
"GO:0009100","glycoprotein metabolic process","4/147","187/8855",0.0213903743315508,1.28851540616246,0.518083279923171,0.376527939215075,0.615856585286331,0.598882833993836,"ALG8/DPAGT1/BMPR2/OST4",4
"GO:0002244","hematopoietic progenitor cell differentiation","2/147","79/8855",0.0253164556962025,1.52501506931887,0.60898447803533,0.378621177215931,0.618150097101397,0.601113133853286,"SOS1/TP53",2
"GO:2000377","regulation of reactive oxygen species metabolic process","2/147","79/8855",0.0253164556962025,1.52501506931887,0.60898447803533,0.378621177215931,0.618150097101397,0.601113133853286,"FYN/TP53",2
"GO:0006468","protein phosphorylation","8/147","413/8855",0.0193704600484262,1.16683961720281,0.451149782841771,0.379065882460134,0.618150097101397,0.601113133853286,"FYN/LIMK1/CORO1C/PDCD4/CDC25A/FASTK/TNFRSF18/TOP1",8
"GO:0042770","signal transduction in response to DNA damage","3/147","133/8855",0.0225563909774436,1.35875402792696,0.541606391920446,0.380255921000698,0.618150097101397,0.601113133853286,"FOXN3/YJU2/TP53",3
"GO:0018193","peptidyl-amino acid modification","5/147","244/8855",0.0204918032786885,1.23438719750195,0.482359927147638,0.381206691822101,0.618150097101397,0.601113133853286,"FYN/ZMIZ2/NMT1/TNFRSF18/TOP1",5
"GO:0048285","organelle fission","6/147","301/8855",0.0199335548172757,1.20075937351685,0.460408860122162,0.383397694464567,0.618150097101397,0.601113133853286,"KIF22/RAB11A/CORO1C/SPIRE1/BUB3/TOM1L2",6
"GO:0099536","synaptic signaling","7/147","358/8855",0.0195530726256983,1.17783985102421,0.446279570139629,0.384204642001707,0.618150097101397,0.601113133853286,"FYN/ZMYND8/RAB11A/GIT1/FCHSD2/ARF1/GABARAP",7
"GO:0000422","autophagy of mitochondrion","2/147","80/8855",0.025,1.50595238095238,0.590609313119309,0.384551553360411,0.618150097101397,0.601113133853286,"TP53/GABARAP",2
"GO:0014074","response to purine-containing compound","2/147","80/8855",0.025,1.50595238095238,0.590609313119309,0.384551553360411,0.618150097101397,0.601113133853286,"PER1/TOP1",2
"GO:0030183","B cell differentiation","2/147","80/8855",0.025,1.50595238095238,0.590609313119309,0.384551553360411,0.618150097101397,0.601113133853286,"ID2/TP53",2
"GO:0042326","negative regulation of phosphorylation","2/147","80/8855",0.025,1.50595238095238,0.590609313119309,0.384551553360411,0.618150097101397,0.601113133853286,"CORO1C/PDCD4",2
"GO:0000075","cell cycle checkpoint signaling","3/147","134/8855",0.0223880597014925,1.34861407249467,0.528303376335437,0.384773717496083,0.618150097101397,0.601113133853286,"FOXN3/TP53/BUB3",3
"GO:0000966","RNA 5'-end processing","1/147","29/8855",0.0344827586206897,2.07717569786535,0.754871102231832,0.385065412546042,0.618150097101397,0.601113133853286,"RPP25L",1
"GO:0007095","mitotic G2 DNA damage checkpoint signaling","1/147","29/8855",0.0344827586206897,2.07717569786535,0.754871102231832,0.385065412546042,0.618150097101397,0.601113133853286,"FOXN3",1
"GO:0009167","purine ribonucleoside monophosphate metabolic process","1/147","29/8855",0.0344827586206897,2.07717569786535,0.754871102231832,0.385065412546042,0.618150097101397,0.601113133853286,"IMPDH2",1
"GO:0030193","regulation of blood coagulation","1/147","29/8855",0.0344827586206897,2.07717569786535,0.754871102231832,0.385065412546042,0.618150097101397,0.601113133853286,"CD9",1
"GO:0030261","chromosome condensation","1/147","29/8855",0.0344827586206897,2.07717569786535,0.754871102231832,0.385065412546042,0.618150097101397,0.601113133853286,"ACIN1",1
"GO:0043039","tRNA aminoacylation","1/147","29/8855",0.0344827586206897,2.07717569786535,0.754871102231832,0.385065412546042,0.618150097101397,0.601113133853286,"FARSA",1
"GO:0045668","negative regulation of osteoblast differentiation","1/147","29/8855",0.0344827586206897,2.07717569786535,0.754871102231832,0.385065412546042,0.618150097101397,0.601113133853286,"ID2",1
"GO:0048168","regulation of neuronal synaptic plasticity","1/147","29/8855",0.0344827586206897,2.07717569786535,0.754871102231832,0.385065412546042,0.618150097101397,0.601113133853286,"RAB11A",1
"GO:0050829","defense response to Gram-negative bacterium","1/147","29/8855",0.0344827586206897,2.07717569786535,0.754871102231832,0.385065412546042,0.618150097101397,0.601113133853286,"RPS19",1
"GO:0060236","regulation of mitotic spindle organization","1/147","29/8855",0.0344827586206897,2.07717569786535,0.754871102231832,0.385065412546042,0.618150097101397,0.601113133853286,"DYNC1H1",1
"GO:0060986","endocrine hormone secretion","1/147","29/8855",0.0344827586206897,2.07717569786535,0.754871102231832,0.385065412546042,0.618150097101397,0.601113133853286,"TBX3",1
"GO:0090329","regulation of DNA-templated DNA replication","1/147","29/8855",0.0344827586206897,2.07717569786535,0.754871102231832,0.385065412546042,0.618150097101397,0.601113133853286,"MCM4",1
"GO:0097192","extrinsic apoptotic signaling pathway in absence of ligand","1/147","29/8855",0.0344827586206897,2.07717569786535,0.754871102231832,0.385065412546042,0.618150097101397,0.601113133853286,"FYN",1
"GO:0170034","L-amino acid biosynthetic process","1/147","29/8855",0.0344827586206897,2.07717569786535,0.754871102231832,0.385065412546042,0.618150097101397,0.601113133853286,"ASL",1
"GO:0170038","proteinogenic amino acid biosynthetic process","1/147","29/8855",0.0344827586206897,2.07717569786535,0.754871102231832,0.385065412546042,0.618150097101397,0.601113133853286,"ASL",1
"GO:1900046","regulation of hemostasis","1/147","29/8855",0.0344827586206897,2.07717569786535,0.754871102231832,0.385065412546042,0.618150097101397,0.601113133853286,"CD9",1
"GO:2000785","regulation of autophagosome assembly","1/147","29/8855",0.0344827586206897,2.07717569786535,0.754871102231832,0.385065412546042,0.618150097101397,0.601113133853286,"TMEM39A",1
"GO:2001238","positive regulation of extrinsic apoptotic signaling pathway","1/147","29/8855",0.0344827586206897,2.07717569786535,0.754871102231832,0.385065412546042,0.618150097101397,0.601113133853286,"TNFRSF12A",1
"GO:0045786","negative regulation of cell cycle","5/147","246/8855",0.0203252032520325,1.22435152922958,0.463649130617777,0.387837316188373,0.621889708410889,0.604749676958565,"FOXN3/TP53/BUB3/TOM1L2/TSC22D2",5
"GO:0040029","epigenetic regulation of gene expression","4/147","190/8855",0.0210526315789474,1.26817042606516,0.485481421574714,0.387873496473279,0.621889708410889,0.604749676958565,"MBD3/TP53/ALKBH4/CDKN2B-AS1",4
"GO:0002573","myeloid leukocyte differentiation","3/147","135/8855",0.0222222222222222,1.33862433862434,0.515105310881721,0.389284237933066,0.623143776123551,0.605969181050464,"ACIN1/CORO1C/ID2",3
"GO:1901888","regulation of cell junction assembly","3/147","135/8855",0.0222222222222222,1.33862433862434,0.515105310881721,0.389284237933066,0.623143776123551,0.605969181050464,"CORO1C/MACF1/RPS6",3
"GO:0048729","tissue morphogenesis","6/147","303/8855",0.0198019801980198,1.19283356907119,0.44375097843924,0.389374948989861,0.623143776123551,0.605969181050464,"SOS1/AHDC1/TBX3/RPS7/RARG/BMPR2",6
"GO:0000077","DNA damage checkpoint signaling","2/147","81/8855",0.0246913580246914,1.48736037624927,0.572483702087019,0.390457762297118,0.623724477080645,0.606533877187837,"FOXN3/TP53",2
"GO:0009185","ribonucleoside diphosphate metabolic process","2/147","81/8855",0.0246913580246914,1.48736037624927,0.572483702087019,0.390457762297118,0.623724477080645,0.606533877187837,"GIT1/TPI1",2
"GO:0016331","morphogenesis of embryonic epithelium","2/147","81/8855",0.0246913580246914,1.48736037624927,0.572483702087019,0.390457762297118,0.623724477080645,0.606533877187837,"RPS7/RARG",2
"GO:0008544","epidermis development","4/147","191/8855",0.0209424083769634,1.2615307903266,0.474733089923165,0.391650303951908,0.624861350503996,0.60763941700658,"KEAP1/SOS1/EDAR/KRT86",4
"GO:0016197","endosomal transport","4/147","191/8855",0.0209424083769634,1.2615307903266,0.474733089923165,0.391650303951908,0.624861350503996,0.60763941700658,"RAB11A/CORO1C/VCP/AP5Z1",4
"GO:0001881","receptor recycling","1/147","30/8855",0.0333333333333333,2.00793650793651,0.718465075827428,0.395307355029129,0.625702689233074,0.608457567424155,"USP9X",1
"GO:0002861","regulation of inflammatory response to antigenic stimulus","1/147","30/8855",0.0333333333333333,2.00793650793651,0.718465075827428,0.395307355029129,0.625702689233074,0.608457567424155,"FYN",1
"GO:0006479","protein methylation","1/147","30/8855",0.0333333333333333,2.00793650793651,0.718465075827428,0.395307355029129,0.625702689233074,0.608457567424155,"PCMT1",1
"GO:0006826","iron ion transport","1/147","30/8855",0.0333333333333333,2.00793650793651,0.718465075827428,0.395307355029129,0.625702689233074,0.608457567424155,"SLC48A1",1
"GO:0008213","protein alkylation","1/147","30/8855",0.0333333333333333,2.00793650793651,0.718465075827428,0.395307355029129,0.625702689233074,0.608457567424155,"PCMT1",1
"GO:0009583","detection of light stimulus","1/147","30/8855",0.0333333333333333,2.00793650793651,0.718465075827428,0.395307355029129,0.625702689233074,0.608457567424155,"NMT1",1
"GO:0022029","telencephalon cell migration","1/147","30/8855",0.0333333333333333,2.00793650793651,0.718465075827428,0.395307355029129,0.625702689233074,0.608457567424155,"FYN",1
"GO:0038034","signal transduction in absence of ligand","1/147","30/8855",0.0333333333333333,2.00793650793651,0.718465075827428,0.395307355029129,0.625702689233074,0.608457567424155,"FYN",1
"GO:0043038","amino acid activation","1/147","30/8855",0.0333333333333333,2.00793650793651,0.718465075827428,0.395307355029129,0.625702689233074,0.608457567424155,"FARSA",1
"GO:0048663","neuron fate commitment","1/147","30/8855",0.0333333333333333,2.00793650793651,0.718465075827428,0.395307355029129,0.625702689233074,0.608457567424155,"ID2",1
"GO:0050766","positive regulation of phagocytosis","1/147","30/8855",0.0333333333333333,2.00793650793651,0.718465075827428,0.395307355029129,0.625702689233074,0.608457567424155,"LMAN2",1
"GO:0051496","positive regulation of stress fiber assembly","1/147","30/8855",0.0333333333333333,2.00793650793651,0.718465075827428,0.395307355029129,0.625702689233074,0.608457567424155,"LIMK1",1
"GO:1901532","regulation of hematopoietic progenitor cell differentiation","1/147","30/8855",0.0333333333333333,2.00793650793651,0.718465075827428,0.395307355029129,0.625702689233074,0.608457567424155,"SOS1",1
"GO:0030856","regulation of epithelial cell differentiation","2/147","82/8855",0.024390243902439,1.46922183507549,0.554600543929766,0.396338972164485,0.626191482465347,0.608932888924606,"KEAP1/TBX3",2
"GO:0034614","cellular response to reactive oxygen species","2/147","82/8855",0.024390243902439,1.46922183507549,0.554600543929766,0.396338972164485,0.626191482465347,0.608932888924606,"FYN/PPIF",2
"GO:1905039","carboxylic acid transmembrane transport","2/147","82/8855",0.024390243902439,1.46922183507549,0.554600543929766,0.396338972164485,0.626191482465347,0.608932888924606,"SLC43A1/SLC16A11",2
"GO:1901136","carbohydrate derivative catabolic process","3/147","137/8855",0.0218978102189781,1.31908237747654,0.489016920645946,0.398281451502128,0.62638659041572,0.609122619464225,"GIT1/TPI1/NUDT3",3
"GO:0050727","regulation of inflammatory response","4/147","193/8855",0.0207253886010363,1.24845793239576,0.453410577683461,0.399194411634823,0.62638659041572,0.609122619464225,"FYN/RPS19/GIT1/PDCD4",4
"GO:0141091","transforming growth factor beta receptor superfamily signaling pathway","4/147","193/8855",0.0207253886010363,1.24845793239576,0.453410577683461,0.399194411634823,0.62638659041572,0.609122619464225,"USP9X/TP53/PDCD4/BMPR2",4
"GO:0048568","embryonic organ development","5/147","250/8855",0.02,1.2047619047619,0.426690470713779,0.401087284381544,0.62638659041572,0.609122619464225,"MBD3/ID2/TBX3/TP53/RARG",5
"GO:2000147","positive regulation of cell motility","6/147","307/8855",0.0195439739413681,1.17729176361098,0.410766206453247,0.40132862001767,0.62638659041572,0.609122619464225,"TRIP6/MADCAM1/RAB11A/PREX1/TNFRSF18/BMPR2",6
"GO:0008277","regulation of G protein-coupled receptor signaling pathway","2/147","83/8855",0.0240963855421687,1.45152036718302,0.536953028171836,0.402194384964874,0.62638659041572,0.609122619464225,"GIT1/NMT1",2
"GO:0008360","regulation of cell shape","2/147","83/8855",0.0240963855421687,1.45152036718302,0.536953028171836,0.402194384964874,0.62638659041572,0.609122619464225,"FYN/GNA12",2
"GO:0017157","regulation of exocytosis","2/147","83/8855",0.0240963855421687,1.45152036718302,0.536953028171836,0.402194384964874,0.62638659041572,0.609122619464225,"GIT1/LAMP1",2
"GO:0030177","positive regulation of Wnt signaling pathway","2/147","83/8855",0.0240963855421687,1.45152036718302,0.536953028171836,0.402194384964874,0.62638659041572,0.609122619464225,"MACF1/VCP",2
"GO:2001236","regulation of extrinsic apoptotic signaling pathway","2/147","83/8855",0.0240963855421687,1.45152036718302,0.536953028171836,0.402194384964874,0.62638659041572,0.609122619464225,"TNFRSF12A/FYN",2
"GO:0045732","positive regulation of protein catabolic process","3/147","138/8855",0.0217391304347826,1.30952380952381,0.476123149921132,0.402767170291456,0.62638659041572,0.609122619464225,"KEAP1/VCP/GABARAP",3
"GO:0043069","negative regulation of programmed cell death","9/147","480/8855",0.01875,1.12946428571429,0.378919893360091,0.402771437234802,0.62638659041572,0.609122619464225,"FYN/TMEM161A/PPIF/KRT18/TBX3/ANP32B/TP53/ARHGDIA/TNFRSF18",9
"GO:0000768","syncytium formation by plasma membrane fusion","1/147","31/8855",0.032258064516129,1.9431643625192,0.683446770676406,0.405379855744225,0.62638659041572,0.609122619464225,"CD9",1
"GO:0006778","porphyrin-containing compound metabolic process","1/147","31/8855",0.032258064516129,1.9431643625192,0.683446770676406,0.405379855744225,0.62638659041572,0.609122619464225,"SLC48A1",1
"GO:0009156","ribonucleoside monophosphate biosynthetic process","1/147","31/8855",0.032258064516129,1.9431643625192,0.683446770676406,0.405379855744225,0.62638659041572,0.609122619464225,"IMPDH2",1
"GO:0009225","nucleotide-sugar metabolic process","1/147","31/8855",0.032258064516129,1.9431643625192,0.683446770676406,0.405379855744225,0.62638659041572,0.609122619464225,"MPI",1
"GO:0010812","negative regulation of cell-substrate adhesion","1/147","31/8855",0.032258064516129,1.9431643625192,0.683446770676406,0.405379855744225,0.62638659041572,0.609122619464225,"CORO1C",1
"GO:0019233","sensory perception of pain","1/147","31/8855",0.032258064516129,1.9431643625192,0.683446770676406,0.405379855744225,0.62638659041572,0.609122619464225,"FYN",1
"GO:0031103","axon regeneration","1/147","31/8855",0.032258064516129,1.9431643625192,0.683446770676406,0.405379855744225,0.62638659041572,0.609122619464225,"KREMEN1",1
"GO:0031529","ruffle organization","1/147","31/8855",0.032258064516129,1.9431643625192,0.683446770676406,0.405379855744225,0.62638659041572,0.609122619464225,"CORO1C",1
"GO:0032722","positive regulation of chemokine production","1/147","31/8855",0.032258064516129,1.9431643625192,0.683446770676406,0.405379855744225,0.62638659041572,0.609122619464225,"C5",1
"GO:0033120","positive regulation of RNA splicing","1/147","31/8855",0.032258064516129,1.9431643625192,0.683446770676406,0.405379855744225,0.62638659041572,0.609122619464225,"U2AF2",1
"GO:0035330","regulation of hippo signaling","1/147","31/8855",0.032258064516129,1.9431643625192,0.683446770676406,0.405379855744225,0.62638659041572,0.609122619464225,"VCP",1
"GO:0036297","interstrand cross-link repair","1/147","31/8855",0.032258064516129,1.9431643625192,0.683446770676406,0.405379855744225,0.62638659041572,0.609122619464225,"VCP",1
"GO:0045670","regulation of osteoclast differentiation","1/147","31/8855",0.032258064516129,1.9431643625192,0.683446770676406,0.405379855744225,0.62638659041572,0.609122619464225,"CORO1C",1
"GO:0060998","regulation of dendritic spine development","1/147","31/8855",0.032258064516129,1.9431643625192,0.683446770676406,0.405379855744225,0.62638659041572,0.609122619464225,"ZMYND8",1
"GO:0061844","antimicrobial humoral immune response mediated by antimicrobial peptide","1/147","31/8855",0.032258064516129,1.9431643625192,0.683446770676406,0.405379855744225,0.62638659041572,0.609122619464225,"RPS19",1
"GO:0070228","regulation of lymphocyte apoptotic process","1/147","31/8855",0.032258064516129,1.9431643625192,0.683446770676406,0.405379855744225,0.62638659041572,0.609122619464225,"TP53",1
"GO:0071985","multivesicular body sorting pathway","1/147","31/8855",0.032258064516129,1.9431643625192,0.683446770676406,0.405379855744225,0.62638659041572,0.609122619464225,"VCP",1
"GO:0072583","clathrin-dependent endocytosis","1/147","31/8855",0.032258064516129,1.9431643625192,0.683446770676406,0.405379855744225,0.62638659041572,0.609122619464225,"FCHSD2",1
"GO:0097720","calcineurin-mediated signaling","1/147","31/8855",0.032258064516129,1.9431643625192,0.683446770676406,0.405379855744225,0.62638659041572,0.609122619464225,"NFATC3",1
"GO:0098586","cellular response to virus","1/147","31/8855",0.032258064516129,1.9431643625192,0.683446770676406,0.405379855744225,0.62638659041572,0.609122619464225,"ARF1",1
"GO:0098927","vesicle-mediated transport between endosomal compartments","1/147","31/8855",0.032258064516129,1.9431643625192,0.683446770676406,0.405379855744225,0.62638659041572,0.609122619464225,"RAB11A",1
"GO:0140253","cell-cell fusion","1/147","31/8855",0.032258064516129,1.9431643625192,0.683446770676406,0.405379855744225,0.62638659041572,0.609122619464225,"CD9",1
"GO:1901799","negative regulation of proteasomal protein catabolic process","1/147","31/8855",0.032258064516129,1.9431643625192,0.683446770676406,0.405379855744225,0.62638659041572,0.609122619464225,"USP9X",1
"GO:1902895","positive regulation of miRNA transcription","1/147","31/8855",0.032258064516129,1.9431643625192,0.683446770676406,0.405379855744225,0.62638659041572,0.609122619464225,"TP53",1
"GO:2000573","positive regulation of DNA biosynthetic process","1/147","31/8855",0.032258064516129,1.9431643625192,0.683446770676406,0.405379855744225,0.62638659041572,0.609122619464225,"DSCC1",1
"GO:0007088","regulation of mitotic nuclear division","2/147","84/8855",0.0238095238095238,1.43424036281179,0.519534619553366,0.408023235683073,0.629722321579754,0.612366413848643,"BUB3/TOM1L2",2
"GO:0030833","regulation of actin filament polymerization","2/147","84/8855",0.0238095238095238,1.43424036281179,0.519534619553366,0.408023235683073,0.629722321579754,0.612366413848643,"PREX1/FCHSD2",2
"GO:0019752","carboxylic acid metabolic process","9/147","483/8855",0.0186335403726708,1.12244897959184,0.359569910435691,0.409979391940308,0.63192478442287,0.614508174155773,"SLC2A3/GIT1/TPI1/ASL/TP53/EPHX1/MDH2/HPDL/FADS3",9
"GO:0008285","negative regulation of cell population proliferation","7/147","368/8855",0.0190217391304348,1.14583333333333,0.371255440697653,0.411655424837481,0.63192478442287,0.614508174155773,"CD9/TBX3/TP53/GNA12/PDCD4/RARG/BMPR2",7
"GO:0009896","positive regulation of catabolic process","7/147","368/8855",0.0190217391304348,1.14583333333333,0.371255440697653,0.411655424837481,0.63192478442287,0.614508174155773,"KEAP1/ALKBH5/GTPBP1/GIT1/METTL16/VCP/GABARAP",7
"GO:0048608","reproductive structure development","3/147","140/8855",0.0214285714285714,1.29081632653061,0.450628154716234,0.411710471073508,0.63192478442287,0.614508174155773,"ATN1/TBX3/RARG",3
"GO:0010564","regulation of cell cycle process","9/147","484/8855",0.0185950413223141,1.12012987012987,0.353145952812714,0.412382551094627,0.63192478442287,0.614508174155773,"FOXN3/RAB11A/GIT1/ID2/TP53/BUB3/CDC25A/TOM1L2/DYNC1H1",9
"GO:0006119","oxidative phosphorylation","2/147","85/8855",0.0235294117647059,1.41736694677871,0.502339043695116,0.413824791424399,0.63192478442287,0.614508174155773,"PPIF/VCP",2
"GO:0009132","nucleoside diphosphate metabolic process","2/147","85/8855",0.0235294117647059,1.41736694677871,0.502339043695116,0.413824791424399,0.63192478442287,0.614508174155773,"GIT1/TPI1",2
"GO:1903825","organic acid transmembrane transport","2/147","85/8855",0.0235294117647059,1.41736694677871,0.502339043695116,0.413824791424399,0.63192478442287,0.614508174155773,"SLC43A1/SLC16A11",2
"GO:0001655","urogenital system development","1/147","32/8855",0.03125,1.88244047619048,0.649712894215285,0.415285699035884,0.63192478442287,0.614508174155773,"RARG",1
"GO:0006509","membrane protein ectodomain proteolysis","1/147","32/8855",0.03125,1.88244047619048,0.649712894215285,0.415285699035884,0.63192478442287,0.614508174155773,"TSPAN5",1
"GO:0009126","purine nucleoside monophosphate metabolic process","1/147","32/8855",0.03125,1.88244047619048,0.649712894215285,0.415285699035884,0.63192478442287,0.614508174155773,"IMPDH2",1
"GO:0010665","regulation of cardiac muscle cell apoptotic process","1/147","32/8855",0.03125,1.88244047619048,0.649712894215285,0.415285699035884,0.63192478442287,0.614508174155773,"TP53",1
"GO:0021885","forebrain cell migration","1/147","32/8855",0.03125,1.88244047619048,0.649712894215285,0.415285699035884,0.63192478442287,0.614508174155773,"FYN",1
"GO:0030838","positive regulation of actin filament polymerization","1/147","32/8855",0.03125,1.88244047619048,0.649712894215285,0.415285699035884,0.63192478442287,0.614508174155773,"FCHSD2",1
"GO:0035196","miRNA processing","1/147","32/8855",0.03125,1.88244047619048,0.649712894215285,0.415285699035884,0.63192478442287,0.614508174155773,"TP53",1
"GO:0043113","receptor clustering","1/147","32/8855",0.03125,1.88244047619048,0.649712894215285,0.415285699035884,0.63192478442287,0.614508174155773,"MADCAM1",1
"GO:0045646","regulation of erythrocyte differentiation","1/147","32/8855",0.03125,1.88244047619048,0.649712894215285,0.415285699035884,0.63192478442287,0.614508174155773,"ID2",1
"GO:0045740","positive regulation of DNA replication","1/147","32/8855",0.03125,1.88244047619048,0.649712894215285,0.415285699035884,0.63192478442287,0.614508174155773,"CDC25A",1
"GO:0050818","regulation of coagulation","1/147","32/8855",0.03125,1.88244047619048,0.649712894215285,0.415285699035884,0.63192478442287,0.614508174155773,"CD9",1
"GO:0051403","stress-activated MAPK cascade","1/147","32/8855",0.03125,1.88244047619048,0.649712894215285,0.415285699035884,0.63192478442287,0.614508174155773,"MAP2K7",1
"GO:0061045","negative regulation of wound healing","1/147","32/8855",0.03125,1.88244047619048,0.649712894215285,0.415285699035884,0.63192478442287,0.614508174155773,"CD9",1
"GO:0070231","T cell apoptotic process","1/147","32/8855",0.03125,1.88244047619048,0.649712894215285,0.415285699035884,0.63192478442287,0.614508174155773,"TP53",1
"GO:0090148","membrane fission","1/147","32/8855",0.03125,1.88244047619048,0.649712894215285,0.415285699035884,0.63192478442287,0.614508174155773,"CORO1C",1
"GO:0090224","regulation of spindle organization","1/147","32/8855",0.03125,1.88244047619048,0.649712894215285,0.415285699035884,0.63192478442287,0.614508174155773,"DYNC1H1",1
"GO:0040017","positive regulation of locomotion","6/147","312/8855",0.0192307692307692,1.15842490842491,0.370138938037508,0.416255256301978,0.633029497442271,0.61558243995014,"TRIP6/MADCAM1/RAB11A/PREX1/TNFRSF18/BMPR2",6
"GO:0050808","synapse organization","5/147","255/8855",0.0196078431372549,1.18113912231559,0.381331199643048,0.417610163406937,0.634718605084579,0.617224993745803,"FYN/ZMYND8/GIT1/ARF1/VCP",5
"GO:0006368","transcription elongation by RNA polymerase II","2/147","86/8855",0.0232558139534884,1.40088593576966,0.485360273671356,0.419598350572008,0.637367687397223,0.619801064150476,"ELOA/ZMYND8",2
"GO:0061458","reproductive system development","3/147","142/8855",0.0211267605633803,1.27263581488934,0.425512612745179,0.420613223953002,0.637708901021624,0.620132873515287,"ATN1/TBX3/RARG",3
"GO:0071824","protein-DNA complex organization","3/147","142/8855",0.0211267605633803,1.27263581488934,0.425512612745179,0.420613223953002,0.637708901021624,0.620132873515287,"ANP32B/TP53/TRAPPC12",3
"GO:0099003","vesicle-mediated transport in synapse","3/147","142/8855",0.0211267605633803,1.27263581488934,0.425512612745179,0.420613223953002,0.637708901021624,0.620132873515287,"RAB11A/GIT1/ARHGDIA",3
"GO:0032956","regulation of actin cytoskeleton organization","4/147","199/8855",0.0201005025125628,1.21081598468533,0.390787503580025,0.421728289282528,0.637708901021624,0.620132873515287,"LIMK1/PREX1/FCHSD2/ARF1",4
"GO:0051493","regulation of cytoskeleton organization","6/147","314/8855",0.0191082802547771,1.15104640582348,0.354070769421691,0.422216882263982,0.637708901021624,0.620132873515287,"LIMK1/GIT1/PREX1/FCHSD2/ARF1/DYNC1H1",6
"GO:0001756","somitogenesis","1/147","33/8855",0.0303030303030303,1.82539682539683,0.617170918185386,0.425027623805432,0.637708901021624,0.620132873515287,"TP53",1
"GO:0001947","heart looping","1/147","33/8855",0.0303030303030303,1.82539682539683,0.617170918185386,0.425027623805432,0.637708901021624,0.620132873515287,"TBX3",1
"GO:0006739","NADP+ metabolic process","1/147","33/8855",0.0303030303030303,1.82539682539683,0.617170918185386,0.425027623805432,0.637708901021624,0.620132873515287,"TP53",1
"GO:0006949","syncytium formation","1/147","33/8855",0.0303030303030303,1.82539682539683,0.617170918185386,0.425027623805432,0.637708901021624,0.620132873515287,"CD9",1
"GO:0007020","microtubule nucleation","1/147","33/8855",0.0303030303030303,1.82539682539683,0.617170918185386,0.425027623805432,0.637708901021624,0.620132873515287,"GIT1",1
"GO:0014015","positive regulation of gliogenesis","1/147","33/8855",0.0303030303030303,1.82539682539683,0.617170918185386,0.425027623805432,0.637708901021624,0.620132873515287,"ID2",1
"GO:0015804","neutral amino acid transport","1/147","33/8855",0.0303030303030303,1.82539682539683,0.617170918185386,0.425027623805432,0.637708901021624,0.620132873515287,"SLC43A1",1
"GO:0030199","collagen fibril organization","1/147","33/8855",0.0303030303030303,1.82539682539683,0.617170918185386,0.425027623805432,0.637708901021624,0.620132873515287,"SERPINH1",1
"GO:0031100","animal organ regeneration","1/147","33/8855",0.0303030303030303,1.82539682539683,0.617170918185386,0.425027623805432,0.637708901021624,0.620132873515287,"TOP1",1
"GO:0032467","positive regulation of cytokinesis","1/147","33/8855",0.0303030303030303,1.82539682539683,0.617170918185386,0.425027623805432,0.637708901021624,0.620132873515287,"RAB11A",1
"GO:0032527","protein exit from endoplasmic reticulum","1/147","33/8855",0.0303030303030303,1.82539682539683,0.617170918185386,0.425027623805432,0.637708901021624,0.620132873515287,"VCP",1
"GO:0042181","ketone biosynthetic process","1/147","33/8855",0.0303030303030303,1.82539682539683,0.617170918185386,0.425027623805432,0.637708901021624,0.620132873515287,"TPI1",1
"GO:0045109","intermediate filament organization","1/147","33/8855",0.0303030303030303,1.82539682539683,0.617170918185386,0.425027623805432,0.637708901021624,0.620132873515287,"KRT86",1
"GO:0045669","positive regulation of osteoblast differentiation","1/147","33/8855",0.0303030303030303,1.82539682539683,0.617170918185386,0.425027623805432,0.637708901021624,0.620132873515287,"BMPR2",1
"GO:0048009","insulin-like growth factor receptor signaling pathway","1/147","33/8855",0.0303030303030303,1.82539682539683,0.617170918185386,0.425027623805432,0.637708901021624,0.620132873515287,"SOS1",1
"GO:0048010","vascular endothelial growth factor receptor signaling pathway","1/147","33/8855",0.0303030303030303,1.82539682539683,0.617170918185386,0.425027623805432,0.637708901021624,0.620132873515287,"FYN",1
"GO:0071466","cellular response to xenobiotic stimulus","2/147","87/8855",0.0229885057471264,1.3847837985769,0.468592517423398,0.425343241963006,0.637708901021624,0.620132873515287,"TP53/EPHX1",2
"GO:0010948","negative regulation of cell cycle process","4/147","200/8855",0.02,1.2047619047619,0.380539583565043,0.425466423382645,0.637708901021624,0.620132873515287,"FOXN3/TP53/BUB3/TOM1L2",4
"GO:0043436","oxoacid metabolic process","9/147","491/8855",0.0183299389002037,1.10416060517893,0.308536426026135,0.42920272869119,0.642938266206573,0.625218111079963,"SLC2A3/GIT1/TPI1/ASL/TP53/EPHX1/MDH2/HPDL/FADS3",9
"GO:0030518","nuclear receptor-mediated steroid hormone signaling pathway","2/147","88/8855",0.0227272727272727,1.36904761904762,0.45203020595207,0.431058824083002,0.643250019771898,0.625521272340507,"ESRRA/PER1",2
"GO:0043401","steroid hormone receptor signaling pathway","2/147","88/8855",0.0227272727272727,1.36904761904762,0.45203020595207,0.431058824083002,0.643250019771898,0.625521272340507,"ESRRA/PER1",2
"GO:0045931","positive regulation of mitotic cell cycle","2/147","88/8855",0.0227272727272727,1.36904761904762,0.45203020595207,0.431058824083002,0.643250019771898,0.625521272340507,"RAB11A/CDC25A",2
"GO:0061157","mRNA destabilization","2/147","88/8855",0.0227272727272727,1.36904761904762,0.45203020595207,0.431058824083002,0.643250019771898,0.625521272340507,"ALKBH5/METTL16",2
"GO:0061351","neural precursor cell proliferation","2/147","88/8855",0.0227272727272727,1.36904761904762,0.45203020595207,0.431058824083002,0.643250019771898,0.625521272340507,"ID2/TP53",2
"GO:0019221","cytokine-mediated signaling pathway","5/147","260/8855",0.0192307692307692,1.15842490842491,0.336865406263139,0.434063975907741,0.643250019771898,0.625521272340507,"KRT18/SOS1/EDAR/TP53/TNFRSF18",5
"GO:0051656","establishment of organelle localization","5/147","260/8855",0.0192307692307692,1.15842490842491,0.336865406263139,0.434063975907741,0.643250019771898,0.625521272340507,"RAB11A/SPIRE1/TRAPPC12/LAMP1/DYNC1H1",5
"GO:0001910","regulation of leukocyte mediated cytotoxicity","1/147","34/8855",0.0294117647058824,1.77170868347339,0.585737663616622,0.434608324247577,0.643250019771898,0.625521272340507,"LAMP1",1
"GO:0009948","anterior/posterior axis specification","1/147","34/8855",0.0294117647058824,1.77170868347339,0.585737663616622,0.434608324247577,0.643250019771898,0.625521272340507,"TBX3",1
"GO:0010659","cardiac muscle cell apoptotic process","1/147","34/8855",0.0294117647058824,1.77170868347339,0.585737663616622,0.434608324247577,0.643250019771898,0.625521272340507,"TP53",1
"GO:0030593","neutrophil chemotaxis","1/147","34/8855",0.0294117647058824,1.77170868347339,0.585737663616622,0.434608324247577,0.643250019771898,0.625521272340507,"PREX1",1
"GO:0032387","negative regulation of intracellular transport","1/147","34/8855",0.0294117647058824,1.77170868347339,0.585737663616622,0.434608324247577,0.643250019771898,0.625521272340507,"PKIG",1
"GO:0034103","regulation of tissue remodeling","1/147","34/8855",0.0294117647058824,1.77170868347339,0.585737663616622,0.434608324247577,0.643250019771898,0.625521272340507,"TP53",1
"GO:0034605","cellular response to heat","1/147","34/8855",0.0294117647058824,1.77170868347339,0.585737663616622,0.434608324247577,0.643250019771898,0.625521272340507,"VCP",1
"GO:0038066","p38MAPK cascade","1/147","34/8855",0.0294117647058824,1.77170868347339,0.585737663616622,0.434608324247577,0.643250019771898,0.625521272340507,"PER1",1
"GO:0043405","regulation of MAP kinase activity","1/147","34/8855",0.0294117647058824,1.77170868347339,0.585737663616622,0.434608324247577,0.643250019771898,0.625521272340507,"PDCD4",1
"GO:0043525","positive regulation of neuron apoptotic process","1/147","34/8855",0.0294117647058824,1.77170868347339,0.585737663616622,0.434608324247577,0.643250019771898,0.625521272340507,"TP53",1
"GO:0045058","T cell selection","1/147","34/8855",0.0294117647058824,1.77170868347339,0.585737663616622,0.434608324247577,0.643250019771898,0.625521272340507,"NFATC3",1
"GO:0055117","regulation of cardiac muscle contraction","1/147","34/8855",0.0294117647058824,1.77170868347339,0.585737663616622,0.434608324247577,0.643250019771898,0.625521272340507,"ADRA1B",1
"GO:0070830","bicellular tight junction assembly","1/147","34/8855",0.0294117647058824,1.77170868347339,0.585737663616622,0.434608324247577,0.643250019771898,0.625521272340507,"RPS6",1
"GO:1902743","regulation of lamellipodium organization","1/147","34/8855",0.0294117647058824,1.77170868347339,0.585737663616622,0.434608324247577,0.643250019771898,0.625521272340507,"CORO1C",1
"GO:0006082","organic acid metabolic process","9/147","494/8855",0.0182186234817814,1.09745517640254,0.289606623794446,0.436405562409871,0.644042772277404,0.626292175629512,"SLC2A3/GIT1/TPI1/ASL/TP53/EPHX1/MDH2/HPDL/FADS3",9
"GO:0034097","response to cytokine","9/147","494/8855",0.0182186234817814,1.09745517640254,0.289606623794446,0.436405562409871,0.644042772277404,0.626292175629512,"MAP2K7/KEAP1/KRT18/SOS1/EDAR/TP53/RARG/IMPDH2/TNFRSF18",9
"GO:0016482","cytosolic transport","2/147","89/8855",0.0224719101123595,1.35366506153023,0.435667982232567,0.43674448427869,0.644042772277404,0.626292175629512,"LAMP1/AP5Z1",2
"GO:0031570","DNA integrity checkpoint signaling","2/147","89/8855",0.0224719101123595,1.35366506153023,0.435667982232567,0.43674448427869,0.644042772277404,0.626292175629512,"FOXN3/TP53",2
"GO:0050779","RNA destabilization","2/147","89/8855",0.0224719101123595,1.35366506153023,0.435667982232567,0.43674448427869,0.644042772277404,0.626292175629512,"ALKBH5/METTL16",2
"GO:0007610","behavior","6/147","319/8855",0.0188087774294671,1.13300492610837,0.314343931492668,0.437087206590963,0.644042772277404,0.626292175629512,"FYN/GIT1/ID2/ASL/TP53/FMC1",6
"GO:0006790","sulfur compound metabolic process","3/147","146/8855",0.0205479452054795,1.23776908023483,0.376371626988707,0.438283233939068,0.644042772277404,0.626292175629512,"AHCY/METTL16/PPCDC",3
"GO:0007051","spindle organization","3/147","146/8855",0.0205479452054795,1.23776908023483,0.376371626988707,0.438283233939068,0.644042772277404,0.626292175629512,"RAB11A/VCP/DYNC1H1",3
"GO:0080135","regulation of cellular response to stress","7/147","378/8855",0.0185185185185185,1.11552028218695,0.298230643392317,0.439053400694228,0.644042772277404,0.626292175629512,"TMEM161A/YJU2/SPIRE1/TP53/UBE2V2/KREMEN1/RTEL1",7
"GO:0071396","cellular response to lipid","6/147","320/8855",0.01875,1.12946428571429,0.306473142850893,0.440054243964825,0.644042772277404,0.626292175629512,"MAP2K7/GIT1/PDCD4/RARG/ESRRA/PER1",6
"GO:0007188","adenylate cyclase-modulating G protein-coupled receptor signaling pathway","2/147","90/8855",0.0222222222222222,1.33862433862434,0.419500690799845,0.442399637988122,0.644042772277404,0.626292175629512,"GNA12/ADRA1B",2
"GO:0048771","tissue remodeling","2/147","90/8855",0.0222222222222222,1.33862433862434,0.419500690799845,0.442399637988122,0.644042772277404,0.626292175629512,"TP53/BMPR2",2
"GO:0050920","regulation of chemotaxis","2/147","90/8855",0.0222222222222222,1.33862433862434,0.419500690799845,0.442399637988122,0.644042772277404,0.626292175629512,"C5/BMPR2",2
"GO:0000082","G1/S transition of mitotic cell cycle","3/147","147/8855",0.0204081632653061,1.22934888241011,0.364305142214406,0.442670109142874,0.644042772277404,0.626292175629512,"ID2/TP53/CDC25A",3
"GO:0045859","regulation of protein kinase activity","3/147","147/8855",0.0204081632653061,1.22934888241011,0.364305142214406,0.442670109142874,0.644042772277404,0.626292175629512,"CORO1C/PDCD4/CDC25A",3
"GO:0002252","immune effector process","6/147","321/8855",0.0186915887850467,1.12594570538496,0.298626796934549,0.443018583053797,0.644042772277404,0.626292175629512,"FYN/RPS19/LIMK1/C5/TP53/LAMP1",6
"GO:0003179","heart valve morphogenesis","1/147","35/8855",0.0285714285714286,1.72108843537415,0.555338107754038,0.44403045057516,0.644042772277404,0.626292175629512,"BMPR2",1
"GO:0007405","neuroblast proliferation","1/147","35/8855",0.0285714285714286,1.72108843537415,0.555338107754038,0.44403045057516,0.644042772277404,0.626292175629512,"TP53",1
"GO:0007631","feeding behavior","1/147","35/8855",0.0285714285714286,1.72108843537415,0.555338107754038,0.44403045057516,0.644042772277404,0.626292175629512,"FYN",1
"GO:0009064","glutamine family amino acid metabolic process","1/147","35/8855",0.0285714285714286,1.72108843537415,0.555338107754038,0.44403045057516,0.644042772277404,0.626292175629512,"ASL",1
"GO:0010662","regulation of striated muscle cell apoptotic process","1/147","35/8855",0.0285714285714286,1.72108843537415,0.555338107754038,0.44403045057516,0.644042772277404,0.626292175629512,"TP53",1
"GO:0016601","Rac protein signal transduction","1/147","35/8855",0.0285714285714286,1.72108843537415,0.555338107754038,0.44403045057516,0.644042772277404,0.626292175629512,"GABARAP",1
"GO:0031098","stress-activated protein kinase signaling cascade","1/147","35/8855",0.0285714285714286,1.72108843537415,0.555338107754038,0.44403045057516,0.644042772277404,0.626292175629512,"MAP2K7",1
"GO:0032210","regulation of telomere maintenance via telomerase","1/147","35/8855",0.0285714285714286,1.72108843537415,0.555338107754038,0.44403045057516,0.644042772277404,0.626292175629512,"TP53",1
"GO:0042440","pigment metabolic process","1/147","35/8855",0.0285714285714286,1.72108843537415,0.555338107754038,0.44403045057516,0.644042772277404,0.626292175629512,"SLC48A1",1
"GO:0045620","negative regulation of lymphocyte differentiation","1/147","35/8855",0.0285714285714286,1.72108843537415,0.555338107754038,0.44403045057516,0.644042772277404,0.626292175629512,"ID2",1
"GO:0045685","regulation of glial cell differentiation","1/147","35/8855",0.0285714285714286,1.72108843537415,0.555338107754038,0.44403045057516,0.644042772277404,0.626292175629512,"ID2",1
"GO:0050994","regulation of lipid catabolic process","1/147","35/8855",0.0285714285714286,1.72108843537415,0.555338107754038,0.44403045057516,0.644042772277404,0.626292175629512,"FMC1",1
"GO:0051123","RNA polymerase II preinitiation complex assembly","1/147","35/8855",0.0285714285714286,1.72108843537415,0.555338107754038,0.44403045057516,0.644042772277404,0.626292175629512,"TP53",1
"GO:0060612","adipose tissue development","1/147","35/8855",0.0285714285714286,1.72108843537415,0.555338107754038,0.44403045057516,0.644042772277404,0.626292175629512,"ID2",1
"GO:0061371","determination of heart left/right asymmetry","1/147","35/8855",0.0285714285714286,1.72108843537415,0.555338107754038,0.44403045057516,0.644042772277404,0.626292175629512,"TBX3",1
"GO:1903053","regulation of extracellular matrix organization","1/147","35/8855",0.0285714285714286,1.72108843537415,0.555338107754038,0.44403045057516,0.644042772277404,0.626292175629512,"ZNF469",1
"GO:1904888","cranial skeletal system development","1/147","35/8855",0.0285714285714286,1.72108843537415,0.555338107754038,0.44403045057516,0.644042772277404,0.626292175629512,"FOXN3",1
"GO:2000379","positive regulation of reactive oxygen species metabolic process","1/147","35/8855",0.0285714285714286,1.72108843537415,0.555338107754038,0.44403045057516,0.644042772277404,0.626292175629512,"TP53",1
"GO:2000630","positive regulation of miRNA metabolic process","1/147","35/8855",0.0285714285714286,1.72108843537415,0.555338107754038,0.44403045057516,0.644042772277404,0.626292175629512,"TP53",1
"GO:0044282","small molecule catabolic process","4/147","205/8855",0.0195121951219512,1.1753774680604,0.330074435066724,0.444064889542558,0.644042772277404,0.626292175629512,"TPI1/TP53/MPI/NUDT3",4
"GO:0032496","response to lipopolysaccharide","3/147","148/8855",0.0202702702702703,1.22104247104247,0.352323432497342,0.447043948726827,0.647062878864657,0.629229044431681,"MAP2K7/GIT1/PDCD4",3
"GO:1901293","nucleoside phosphate biosynthetic process","4/147","206/8855",0.0194174757281553,1.16967175219602,0.320132246643982,0.447764236428211,0.647062878864657,0.629229044431681,"PPCDC/VCP/IMPDH2/MPI",4
"GO:0006109","regulation of carbohydrate metabolic process","2/147","91/8855",0.021978021978022,1.32391418105704,0.403523367956952,0.448023727988285,0.647062878864657,0.629229044431681,"GIT1/TP53",2
"GO:0010212","response to ionizing radiation","2/147","91/8855",0.021978021978022,1.32391418105704,0.403523367956952,0.448023727988285,0.647062878864657,0.629229044431681,"TP53/TOP1",2
"GO:0046661","male sex differentiation","2/147","91/8855",0.021978021978022,1.32391418105704,0.403523367956952,0.448023727988285,0.647062878864657,0.629229044431681,"ATN1/TBX3",2
"GO:0051225","spindle assembly","2/147","91/8855",0.021978021978022,1.32391418105704,0.403523367956952,0.448023727988285,0.647062878864657,0.629229044431681,"RAB11A/DYNC1H1",2
"GO:0016055","Wnt signaling pathway","5/147","265/8855",0.0188679245283019,1.13656783468104,0.293254033793349,0.450423125716739,0.647062878864657,0.629229044431681,"FBXW4/MACF1/VCP/RARG/KREMEN1",5
"GO:0006898","receptor-mediated endocytosis","3/147","149/8855",0.0201342281879195,1.21284755512943,0.340425187103693,0.451404376627613,0.647062878864657,0.629229044431681,"CD9/FCHSD2/ARF1",3
"GO:0031348","negative regulation of defense response","3/147","149/8855",0.0201342281879195,1.21284755512943,0.340425187103693,0.451404376627613,0.647062878864657,0.629229044431681,"FYN/RPS19/GIT1",3
"GO:0002011","morphogenesis of an epithelial sheet","1/147","36/8855",0.0277777777777778,1.67328042328042,0.525904372824082,0.453296609732241,0.647062878864657,0.629229044431681,"SOS1",1
"GO:0006356","regulation of transcription by RNA polymerase I","1/147","36/8855",0.0277777777777778,1.67328042328042,0.525904372824082,0.453296609732241,0.647062878864657,0.629229044431681,"DEDD",1
"GO:0007094","mitotic spindle assembly checkpoint signaling","1/147","36/8855",0.0277777777777778,1.67328042328042,0.525904372824082,0.453296609732241,0.647062878864657,0.629229044431681,"BUB3",1
"GO:0014910","regulation of smooth muscle cell migration","1/147","36/8855",0.0277777777777778,1.67328042328042,0.525904372824082,0.453296609732241,0.647062878864657,0.629229044431681,"GNA12",1
"GO:0030500","regulation of bone mineralization","1/147","36/8855",0.0277777777777778,1.67328042328042,0.525904372824082,0.453296609732241,0.647062878864657,0.629229044431681,"BMPR2",1
"GO:0031102","neuron projection regeneration","1/147","36/8855",0.0277777777777778,1.67328042328042,0.525904372824082,0.453296609732241,0.647062878864657,0.629229044431681,"KREMEN1",1
"GO:0033013","tetrapyrrole metabolic process","1/147","36/8855",0.0277777777777778,1.67328042328042,0.525904372824082,0.453296609732241,0.647062878864657,0.629229044431681,"SLC48A1",1
"GO:0042267","natural killer cell mediated cytotoxicity","1/147","36/8855",0.0277777777777778,1.67328042328042,0.525904372824082,0.453296609732241,0.647062878864657,0.629229044431681,"LAMP1",1
"GO:0043433","negative regulation of DNA-binding transcription factor activity","1/147","36/8855",0.0277777777777778,1.67328042328042,0.525904372824082,0.453296609732241,0.647062878864657,0.629229044431681,"ID2",1
"GO:0045600","positive regulation of fat cell differentiation","1/147","36/8855",0.0277777777777778,1.67328042328042,0.525904372824082,0.453296609732241,0.647062878864657,0.629229044431681,"ID2",1
"GO:0045604","regulation of epidermal cell differentiation","1/147","36/8855",0.0277777777777778,1.67328042328042,0.525904372824082,0.453296609732241,0.647062878864657,0.629229044431681,"KEAP1",1
"GO:0045665","negative regulation of neuron differentiation","1/147","36/8855",0.0277777777777778,1.67328042328042,0.525904372824082,0.453296609732241,0.647062878864657,0.629229044431681,"ID2",1
"GO:0048844","artery morphogenesis","1/147","36/8855",0.0277777777777778,1.67328042328042,0.525904372824082,0.453296609732241,0.647062878864657,0.629229044431681,"NFATC3",1
"GO:0050730","regulation of peptidyl-tyrosine phosphorylation","1/147","36/8855",0.0277777777777778,1.67328042328042,0.525904372824082,0.453296609732241,0.647062878864657,0.629229044431681,"TNFRSF18",1
"GO:0051452","intracellular pH reduction","1/147","36/8855",0.0277777777777778,1.67328042328042,0.525904372824082,0.453296609732241,0.647062878864657,0.629229044431681,"LAMP1",1
"GO:0071173","spindle assembly checkpoint signaling","1/147","36/8855",0.0277777777777778,1.67328042328042,0.525904372824082,0.453296609732241,0.647062878864657,0.629229044431681,"BUB3",1
"GO:0071174","mitotic spindle checkpoint signaling","1/147","36/8855",0.0277777777777778,1.67328042328042,0.525904372824082,0.453296609732241,0.647062878864657,0.629229044431681,"BUB3",1
"GO:1901524","regulation of mitophagy","1/147","36/8855",0.0277777777777778,1.67328042328042,0.525904372824082,0.453296609732241,0.647062878864657,0.629229044431681,"TP53",1
"GO:0007009","plasma membrane organization","2/147","92/8855",0.0217391304347826,1.30952380952381,0.387731232562582,0.45361622365964,0.647062878864657,0.629229044431681,"CD9/PRX",2
"GO:0009152","purine ribonucleotide biosynthetic process","2/147","92/8855",0.0217391304347826,1.30952380952381,0.387731232562582,0.45361622365964,0.647062878864657,0.629229044431681,"VCP/IMPDH2",2
"GO:0051053","negative regulation of DNA metabolic process","2/147","92/8855",0.0217391304347826,1.30952380952381,0.387731232562582,0.45361622365964,0.647062878864657,0.629229044431681,"TP53/RTEL1",2
"GO:0005975","carbohydrate metabolic process","6/147","325/8855",0.0184615384615385,1.11208791208791,0.267482368639488,0.45484598054096,0.648461164797561,0.630588791915492,"SLC2A3/GIT1/TPI1/TP53/MDH2/MPI",6
"GO:1903829","positive regulation of protein localization","5/147","267/8855",0.0187265917602996,1.12805421794186,0.276040443793528,0.456934810573314,0.651082002565813,0.633137396229529,"FYN/RAB11A/NMT1/ANP32B/TRAPPC12",5
"GO:0001764","neuron migration","2/147","93/8855",0.021505376344086,1.29544290834613,0.372119677357624,0.459176620267265,0.651136951379889,0.633190830587924,"FYN/USP9X",2
"GO:1904375","regulation of protein localization to cell periphery","2/147","93/8855",0.021505376344086,1.29544290834613,0.372119677357624,0.459176620267265,0.651136951379889,0.633190830587924,"RAB11A/GABARAP",2
"GO:0050807","regulation of synapse organization","3/147","151/8855",0.0198675496688742,1.19678334910123,0.316873992714776,0.460083538904488,0.651136951379889,0.633190830587924,"FYN/ZMYND8/VCP",3
"GO:0051146","striated muscle cell differentiation","3/147","151/8855",0.0198675496688742,1.19678334910123,0.316873992714776,0.460083538904488,0.651136951379889,0.633190830587924,"CD9/PPIF/TBX3",3
"GO:0009124","nucleoside monophosphate biosynthetic process","1/147","37/8855",0.027027027027027,1.62805662805663,0.497374864685124,0.462409366095701,0.651136951379889,0.633190830587924,"IMPDH2",1
"GO:0010658","striated muscle cell apoptotic process","1/147","37/8855",0.027027027027027,1.62805662805663,0.497374864685124,0.462409366095701,0.651136951379889,0.633190830587924,"TP53",1
"GO:0014009","glial cell proliferation","1/147","37/8855",0.027027027027027,1.62805662805663,0.497374864685124,0.462409366095701,0.651136951379889,0.633190830587924,"TP53",1
"GO:0030901","midbrain development","1/147","37/8855",0.027027027027027,1.62805662805663,0.497374864685124,0.462409366095701,0.651136951379889,0.633190830587924,"SOS1",1
"GO:0031577","spindle checkpoint signaling","1/147","37/8855",0.027027027027027,1.62805662805663,0.497374864685124,0.462409366095701,0.651136951379889,0.633190830587924,"BUB3",1
"GO:0032233","positive regulation of actin filament bundle assembly","1/147","37/8855",0.027027027027027,1.62805662805663,0.497374864685124,0.462409366095701,0.651136951379889,0.633190830587924,"LIMK1",1
"GO:0033046","negative regulation of sister chromatid segregation","1/147","37/8855",0.027027027027027,1.62805662805663,0.497374864685124,0.462409366095701,0.651136951379889,0.633190830587924,"BUB3",1
"GO:0033048","negative regulation of mitotic sister chromatid segregation","1/147","37/8855",0.027027027027027,1.62805662805663,0.497374864685124,0.462409366095701,0.651136951379889,0.633190830587924,"BUB3",1
"GO:0045661","regulation of myoblast differentiation","1/147","37/8855",0.027027027027027,1.62805662805663,0.497374864685124,0.462409366095701,0.651136951379889,0.633190830587924,"TBX3",1
"GO:0045841","negative regulation of mitotic metaphase/anaphase transition","1/147","37/8855",0.027027027027027,1.62805662805663,0.497374864685124,0.462409366095701,0.651136951379889,0.633190830587924,"BUB3",1
"GO:0046928","regulation of neurotransmitter secretion","1/147","37/8855",0.027027027027027,1.62805662805663,0.497374864685124,0.462409366095701,0.651136951379889,0.633190830587924,"GIT1",1
"GO:0050854","regulation of antigen receptor-mediated signaling pathway","1/147","37/8855",0.027027027027027,1.62805662805663,0.497374864685124,0.462409366095701,0.651136951379889,0.633190830587924,"ELF1",1
"GO:0051205","protein insertion into membrane","1/147","37/8855",0.027027027027027,1.62805662805663,0.497374864685124,0.462409366095701,0.651136951379889,0.633190830587924,"TOMM40",1
"GO:0055013","cardiac muscle cell development","1/147","37/8855",0.027027027027027,1.62805662805663,0.497374864685124,0.462409366095701,0.651136951379889,0.633190830587924,"TBX3",1
"GO:1901607","alpha-amino acid biosynthetic process","1/147","37/8855",0.027027027027027,1.62805662805663,0.497374864685124,0.462409366095701,0.651136951379889,0.633190830587924,"ASL",1
"GO:2000816","negative regulation of mitotic sister chromatid separation","1/147","37/8855",0.027027027027027,1.62805662805663,0.497374864685124,0.462409366095701,0.651136951379889,0.633190830587924,"BUB3",1
"GO:0007178","cell surface receptor protein serine/threonine kinase signaling pathway","4/147","210/8855",0.019047619047619,1.14739229024943,0.280847868247261,0.462485114369864,0.651136951379889,0.633190830587924,"USP9X/TP53/PDCD4/BMPR2",4
"GO:0030900","forebrain development","4/147","210/8855",0.019047619047619,1.14739229024943,0.280847868247261,0.462485114369864,0.651136951379889,0.633190830587924,"FYN/CORO1C/ID2/TBX3",4
"GO:0002683","negative regulation of immune system process","5/147","269/8855",0.0185873605947955,1.11966719773411,0.258955437773209,0.463425974783958,0.652108342427453,0.634135448925018,"FYN/RPS19/C5/ID2/ELF1",5
"GO:0008064","regulation of actin polymerization or depolymerization","2/147","94/8855",0.0212765957446809,1.28166160081054,0.356684260793694,0.464704438258262,0.653200018947119,0.635197037521327,"PREX1/FCHSD2",2
"GO:0030832","regulation of actin filament length","2/147","94/8855",0.0212765957446809,1.28166160081054,0.356684260793694,0.464704438258262,0.653200018947119,0.635197037521327,"PREX1/FCHSD2",2
"GO:0031401","positive regulation of protein modification process","4/147","211/8855",0.018957345971564,1.14195441209659,0.271145224542519,0.466144960845831,0.654780255685872,0.636733721027026,"VCP/UBE2V2/GABARAP/TNFRSF18",4
"GO:0000280","nuclear division","5/147","270/8855",0.0185185185185185,1.11552028218695,0.250460468974591,0.466663407344763,0.654780255685872,0.636733721027026,"KIF22/RAB11A/SPIRE1/BUB3/TOM1L2",5
"GO:0048562","embryonic organ morphogenesis","3/147","153/8855",0.0196078431372549,1.18113912231559,0.293641646816795,0.468704769357576,0.654780255685872,0.636733721027026,"ID2/TBX3/RARG",3
"GO:0050790","regulation of catalytic activity","6/147","330/8855",0.0181818181818182,1.0952380952381,0.229081328508779,0.469551942530634,0.654780255685872,0.636733721027026,"CORO1C/DSCC1/TP53/PDCD4/CDC25A/RPS7",6
"GO:0001890","placenta development","2/147","95/8855",0.0210526315789474,1.26817042606516,0.341420699329533,0.470199222575097,0.654780255685872,0.636733721027026,"DEDD/BMPR2",2
"GO:0002228","natural killer cell mediated immunity","1/147","38/8855",0.0263157894736842,1.58521303258145,0.469693535725969,0.471371242165551,0.654780255685872,0.636733721027026,"LAMP1",1
"GO:0003143","embryonic heart tube morphogenesis","1/147","38/8855",0.0263157894736842,1.58521303258145,0.469693535725969,0.471371242165551,0.654780255685872,0.636733721027026,"TBX3",1
"GO:0006801","superoxide metabolic process","1/147","38/8855",0.0263157894736842,1.58521303258145,0.469693535725969,0.471371242165551,0.654780255685872,0.636733721027026,"PREX1",1
"GO:0007566","embryo implantation","1/147","38/8855",0.0263157894736842,1.58521303258145,0.469693535725969,0.471371242165551,0.654780255685872,0.636733721027026,"RPL29",1
"GO:0008631","intrinsic apoptotic signaling pathway in response to oxidative stress","1/147","38/8855",0.0263157894736842,1.58521303258145,0.469693535725969,0.471371242165551,0.654780255685872,0.636733721027026,"FYN",1
"GO:0009299","mRNA transcription","1/147","38/8855",0.0263157894736842,1.58521303258145,0.469693535725969,0.471371242165551,0.654780255685872,0.636733721027026,"TP53",1
"GO:0031341","regulation of cell killing","1/147","38/8855",0.0263157894736842,1.58521303258145,0.469693535725969,0.471371242165551,0.654780255685872,0.636733721027026,"LAMP1",1
"GO:0042149","cellular response to glucose starvation","1/147","38/8855",0.0263157894736842,1.58521303258145,0.469693535725969,0.471371242165551,0.654780255685872,0.636733721027026,"TP53",1
"GO:0045815","transcription initiation-coupled chromatin remodeling","1/147","38/8855",0.0263157894736842,1.58521303258145,0.469693535725969,0.471371242165551,0.654780255685872,0.636733721027026,"TP53",1
"GO:0051985","negative regulation of chromosome segregation","1/147","38/8855",0.0263157894736842,1.58521303258145,0.469693535725969,0.471371242165551,0.654780255685872,0.636733721027026,"BUB3",1
"GO:0060390","regulation of SMAD protein signal transduction","1/147","38/8855",0.0263157894736842,1.58521303258145,0.469693535725969,0.471371242165551,0.654780255685872,0.636733721027026,"BMPR2",1
"GO:0070527","platelet aggregation","1/147","38/8855",0.0263157894736842,1.58521303258145,0.469693535725969,0.471371242165551,0.654780255685872,0.636733721027026,"CD9",1
"GO:0072698","protein localization to microtubule cytoskeleton","1/147","38/8855",0.0263157894736842,1.58521303258145,0.469693535725969,0.471371242165551,0.654780255685872,0.636733721027026,"RAB11A",1
"GO:0120192","tight junction assembly","1/147","38/8855",0.0263157894736842,1.58521303258145,0.469693535725969,0.471371242165551,0.654780255685872,0.636733721027026,"RPS6",1
"GO:0140719","constitutive heterochromatin formation","1/147","38/8855",0.0263157894736842,1.58521303258145,0.469693535725969,0.471371242165551,0.654780255685872,0.636733721027026,"MBD3",1
"GO:1902100","negative regulation of metaphase/anaphase transition of cell cycle","1/147","38/8855",0.0263157894736842,1.58521303258145,0.469693535725969,0.471371242165551,0.654780255685872,0.636733721027026,"BUB3",1
"GO:1905819","negative regulation of chromosome separation","1/147","38/8855",0.0263157894736842,1.58521303258145,0.469693535725969,0.471371242165551,0.654780255685872,0.636733721027026,"BUB3",1
"GO:0050803","regulation of synapse structure or activity","3/147","154/8855",0.0194805194805195,1.1734693877551,0.282142063157258,0.472992815886127,0.656509182933236,0.638414996951337,"FYN/ZMYND8/VCP",3
"GO:0016236","macroautophagy","5/147","272/8855",0.0183823529411765,1.10731792717087,0.233564259853427,0.473121084891862,0.656509182933236,0.638414996951337,"TP53/VCP/GABARAP/TMEM39A/AP5Z1",5
"GO:0050778","positive regulation of immune response","7/147","391/8855",0.0179028132992327,1.07843137254902,0.20609126387061,0.474387466512484,0.657915168338285,0.639782231700541,"FYN/RPS19/LIMK1/C5/SOS1/ELF1/LAMP1",7
"GO:0006354","DNA-templated transcription elongation","2/147","96/8855",0.0208333333333333,1.25496031746032,0.326324860163814,0.475660541984533,0.65862639777187,0.640473858791948,"ELOA/ZMYND8",2
"GO:0007030","Golgi organization","2/147","96/8855",0.0208333333333333,1.25496031746032,0.326324860163814,0.475660541984533,0.65862639777187,0.640473858791948,"TRAPPC12/AP5Z1",2
"GO:0030308","negative regulation of cell growth","2/147","96/8855",0.0208333333333333,1.25496031746032,0.326324860163814,0.475660541984533,0.65862639777187,0.640473858791948,"TP53/BMPR2",2
"GO:0042594","response to starvation","3/147","155/8855",0.0193548387096774,1.16589861751152,0.270718668731286,0.477265383904853,0.659619495409854,0.641439585459614,"TP53/GABARAP/BMPR2",3
"GO:0002028","regulation of sodium ion transport","1/147","39/8855",0.0256410256410256,1.54456654456654,0.442809251313937,0.480184719244111,0.659619495409854,0.641439585459614,"PER1",1
"GO:0006890","retrograde vesicle-mediated transport, Golgi to endoplasmic reticulum","1/147","39/8855",0.0256410256410256,1.54456654456654,0.442809251313937,0.480184719244111,0.659619495409854,0.641439585459614,"LMAN2",1
"GO:0009880","embryonic pattern specification","1/147","39/8855",0.0256410256410256,1.54456654456654,0.442809251313937,0.480184719244111,0.659619495409854,0.641439585459614,"TBX3",1
"GO:0014032","neural crest cell development","1/147","39/8855",0.0256410256410256,1.54456654456654,0.442809251313937,0.480184719244111,0.659619495409854,0.641439585459614,"CORO1C",1
"GO:0014909","smooth muscle cell migration","1/147","39/8855",0.0256410256410256,1.54456654456654,0.442809251313937,0.480184719244111,0.659619495409854,0.641439585459614,"GNA12",1
"GO:0016925","protein sumoylation","1/147","39/8855",0.0256410256410256,1.54456654456654,0.442809251313937,0.480184719244111,0.659619495409854,0.641439585459614,"ZMIZ2",1
"GO:0030225","macrophage differentiation","1/147","39/8855",0.0256410256410256,1.54456654456654,0.442809251313937,0.480184719244111,0.659619495409854,0.641439585459614,"ID2",1
"GO:0044088","regulation of vacuole organization","1/147","39/8855",0.0256410256410256,1.54456654456654,0.442809251313937,0.480184719244111,0.659619495409854,0.641439585459614,"TMEM39A",1
"GO:0045682","regulation of epidermis development","1/147","39/8855",0.0256410256410256,1.54456654456654,0.442809251313937,0.480184719244111,0.659619495409854,0.641439585459614,"KEAP1",1
"GO:0045910","negative regulation of DNA recombination","1/147","39/8855",0.0256410256410256,1.54456654456654,0.442809251313937,0.480184719244111,0.659619495409854,0.641439585459614,"RTEL1",1
"GO:0048661","positive regulation of smooth muscle cell proliferation","1/147","39/8855",0.0256410256410256,1.54456654456654,0.442809251313937,0.480184719244111,0.659619495409854,0.641439585459614,"ID2",1
"GO:0070509","calcium ion import","1/147","39/8855",0.0256410256410256,1.54456654456654,0.442809251313937,0.480184719244111,0.659619495409854,0.641439585459614,"FYN",1
"GO:0071364","cellular response to epidermal growth factor stimulus","1/147","39/8855",0.0256410256410256,1.54456654456654,0.442809251313937,0.480184719244111,0.659619495409854,0.641439585459614,"GIT1",1
"GO:1902475","L-alpha-amino acid transmembrane transport","1/147","39/8855",0.0256410256410256,1.54456654456654,0.442809251313937,0.480184719244111,0.659619495409854,0.641439585459614,"SLC43A1",1
"GO:0021915","neural tube development","2/147","97/8855",0.0206185567010309,1.24202258222877,0.311392754375329,0.481087988421841,0.660162450849189,0.641967576391285,"RPS7/RARG",2
"GO:0071248","cellular response to metal ion","2/147","97/8855",0.0206185567010309,1.24202258222877,0.311392754375329,0.481087988421841,0.660162450849189,0.641967576391285,"PPIF/ID2",2
"GO:0006886","intracellular protein transport","8/147","454/8855",0.0176211453744493,1.0614642332704,0.17468439838833,0.483407173258142,0.662994851344544,0.644721912508151,"RAB11A/USP9X/ANP32B/TP53/ARF1/VCP/PKIG/AP5Z1",8
"GO:0001503","ossification","4/147","216/8855",0.0185185185185185,1.11552028218695,0.223317416866752,0.484310072363804,0.663807192702708,0.645511864757377,"GIT1/ID2/KREMEN1/BMPR2",4
"GO:0002237","response to molecule of bacterial origin","3/147","157/8855",0.0191082802547771,1.15104640582348,0.248095985077538,0.485762838079915,0.663807192702708,0.645511864757377,"MAP2K7/GIT1/PDCD4",3
"GO:0033157","regulation of intracellular protein transport","2/147","98/8855",0.0204081632653061,1.22934888241011,0.296620530443721,0.486481176349973,0.663807192702708,0.645511864757377,"ANP32B/PKIG",2
"GO:0048839","inner ear development","2/147","98/8855",0.0204081632653061,1.22934888241011,0.296620530443721,0.486481176349973,0.663807192702708,0.645511864757377,"TBX3/ANP32B",2
"GO:0001656","metanephros development","1/147","40/8855",0.025,1.50595238095238,0.416675242979984,0.488852238104264,0.663807192702708,0.645511864757377,"ID2",1
"GO:0002090","regulation of receptor internalization","1/147","40/8855",0.025,1.50595238095238,0.416675242979984,0.488852238104264,0.663807192702708,0.645511864757377,"ARF1",1
"GO:0003170","heart valve development","1/147","40/8855",0.025,1.50595238095238,0.416675242979984,0.488852238104264,0.663807192702708,0.645511864757377,"BMPR2",1
"GO:0006611","protein export from nucleus","1/147","40/8855",0.025,1.50595238095238,0.416675242979984,0.488852238104264,0.663807192702708,0.645511864757377,"ANP32B",1
"GO:0031146","SCF-dependent proteasomal ubiquitin-dependent protein catabolic process","1/147","40/8855",0.025,1.50595238095238,0.416675242979984,0.488852238104264,0.663807192702708,0.645511864757377,"FBXW4",1
"GO:0032412","regulation of monoatomic ion transmembrane transporter activity","1/147","40/8855",0.025,1.50595238095238,0.416675242979984,0.488852238104264,0.663807192702708,0.645511864757377,"PPIF",1
"GO:0032611","interleukin-1 beta production","1/147","40/8855",0.025,1.50595238095238,0.416675242979984,0.488852238104264,0.663807192702708,0.645511864757377,"GIT1",1
"GO:0032651","regulation of interleukin-1 beta production","1/147","40/8855",0.025,1.50595238095238,0.416675242979984,0.488852238104264,0.663807192702708,0.645511864757377,"GIT1",1
"GO:0045921","positive regulation of exocytosis","1/147","40/8855",0.025,1.50595238095238,0.416675242979984,0.488852238104264,0.663807192702708,0.645511864757377,"LAMP1",1
"GO:0046847","filopodium assembly","1/147","40/8855",0.025,1.50595238095238,0.416675242979984,0.488852238104264,0.663807192702708,0.645511864757377,"ZMYND8",1
"GO:0048278","vesicle docking","1/147","40/8855",0.025,1.50595238095238,0.416675242979984,0.488852238104264,0.663807192702708,0.645511864757377,"RAB11A",1
"GO:0048864","stem cell development","1/147","40/8855",0.025,1.50595238095238,0.416675242979984,0.488852238104264,0.663807192702708,0.645511864757377,"CORO1C",1
"GO:0051058","negative regulation of small GTPase mediated signal transduction","1/147","40/8855",0.025,1.50595238095238,0.416675242979984,0.488852238104264,0.663807192702708,0.645511864757377,"GIT1",1
"GO:0071300","cellular response to retinoic acid","1/147","40/8855",0.025,1.50595238095238,0.416675242979984,0.488852238104264,0.663807192702708,0.645511864757377,"RARG",1
"GO:1903146","regulation of autophagy of mitochondrion","1/147","40/8855",0.025,1.50595238095238,0.416675242979984,0.488852238104264,0.663807192702708,0.645511864757377,"TP53",1
"GO:0044843","cell cycle G1/S phase transition","3/147","158/8855",0.0189873417721519,1.14376130198915,0.236894524008955,0.489987122324125,0.66500079943624,0.646672574247752,"ID2/TP53/CDC25A",3
"GO:0051640","organelle localization","7/147","397/8855",0.017632241813602,1.06213266162888,0.164569968963629,0.490523621687417,0.6653814680405,0.647042751165525,"KIF22/RAB11A/SPIRE1/BUB3/TRAPPC12/LAMP1/DYNC1H1",7
"GO:0003002","regionalization","4/147","218/8855",0.018348623853211,1.10528615115771,0.204497146764322,0.49150932288271,0.665776817606591,0.64742720442009,"TBX3/TP53/RARG/BMPR2",4
"GO:0030041","actin filament polymerization","2/147","99/8855",0.0202020202020202,1.21693121693122,0.282004468125966,0.49183974213338,0.665776817606591,0.64742720442009,"PREX1/FCHSD2",2
"GO:0051017","actin filament bundle assembly","2/147","99/8855",0.0202020202020202,1.21693121693122,0.282004468125966,0.49183974213338,0.665776817606591,0.64742720442009,"LIMK1/SPIRE1",2
"GO:0051783","regulation of nuclear division","2/147","99/8855",0.0202020202020202,1.21693121693122,0.282004468125966,0.49183974213338,0.665776817606591,0.64742720442009,"BUB3/TOM1L2",2
"GO:0043549","regulation of kinase activity","3/147","159/8855",0.0188679245283019,1.13656783468104,0.225764907176337,0.494194724043724,0.668397488563802,0.6499756465206,"CORO1C/PDCD4/CDC25A",3
"GO:0032543","mitochondrial translation","2/147","100/8855",0.02,1.2047619047619,0.267540972665658,0.497163343426173,0.668397488563802,0.6499756465206,"MRPS10/MRPS25",2
"GO:0051606","detection of stimulus","2/147","100/8855",0.02,1.2047619047619,0.267540972665658,0.497163343426173,0.668397488563802,0.6499756465206,"FYN/NMT1",2
"GO:0061572","actin filament bundle organization","2/147","100/8855",0.02,1.2047619047619,0.267540972665658,0.497163343426173,0.668397488563802,0.6499756465206,"LIMK1/SPIRE1",2
"GO:0002437","inflammatory response to antigenic stimulus","1/147","41/8855",0.024390243902439,1.46922183507549,0.391248634606619,0.497376199646938,0.668397488563802,0.6499756465206,"FYN",1
"GO:0006984","ER-nucleus signaling pathway","1/147","41/8855",0.024390243902439,1.46922183507549,0.391248634606619,0.497376199646938,0.668397488563802,0.6499756465206,"TP53",1
"GO:0022898","regulation of transmembrane transporter activity","1/147","41/8855",0.024390243902439,1.46922183507549,0.391248634606619,0.497376199646938,0.668397488563802,0.6499756465206,"PPIF",1
"GO:0032968","positive regulation of transcription elongation by RNA polymerase II","1/147","41/8855",0.024390243902439,1.46922183507549,0.391248634606619,0.497376199646938,0.668397488563802,0.6499756465206,"ZMYND8",1
"GO:0035329","hippo signaling","1/147","41/8855",0.024390243902439,1.46922183507549,0.391248634606619,0.497376199646938,0.668397488563802,0.6499756465206,"VCP",1
"GO:0043297","apical junction assembly","1/147","41/8855",0.024390243902439,1.46922183507549,0.391248634606619,0.497376199646938,0.668397488563802,0.6499756465206,"RPS6",1
"GO:0048708","astrocyte differentiation","1/147","41/8855",0.024390243902439,1.46922183507549,0.391248634606619,0.497376199646938,0.668397488563802,0.6499756465206,"ID2",1
"GO:0071347","cellular response to interleukin-1","1/147","41/8855",0.024390243902439,1.46922183507549,0.391248634606619,0.497376199646938,0.668397488563802,0.6499756465206,"MAP2K7",1
"GO:1903533","regulation of protein targeting","1/147","41/8855",0.024390243902439,1.46922183507549,0.391248634606619,0.497376199646938,0.668397488563802,0.6499756465206,"FYN",1
"GO:2000134","negative regulation of G1/S transition of mitotic cell cycle","1/147","41/8855",0.024390243902439,1.46922183507549,0.391248634606619,0.497376199646938,0.668397488563802,0.6499756465206,"TP53",1
"GO:0021537","telencephalon development","3/147","160/8855",0.01875,1.12946428571429,0.214706105147804,0.498385363106896,0.669095342719966,0.650654266973386,"FYN/CORO1C/ID2",3
"GO:0042060","wound healing","4/147","220/8855",0.0181818181818182,1.0952380952381,0.18584893913766,0.49866782564393,0.669095342719966,0.650654266973386,"TNFRSF12A/CD9/MACF1/GNA12",4
"GO:0045787","positive regulation of cell cycle","4/147","220/8855",0.0181818181818182,1.0952380952381,0.18584893913766,0.49866782564393,0.669095342719966,0.650654266973386,"RAB11A/TBX3/CDC25A/DYNC1H1",4
"GO:0040008","regulation of growth","6/147","341/8855",0.0175953079178886,1.05990783410138,0.146576113147374,0.501518126286066,0.672051373576668,0.653528826049525,"TNFRSF12A/LIMK1/MACF1/EXOSC2/TP53/BMPR2",6
"GO:0002764","immune response-regulating signaling pathway","5/147","281/8855",0.0177935943060498,1.07185222843586,0.159027004449314,0.501863457081928,0.672051373576668,0.653528826049525,"FYN/MAP2K7/LIMK1/SOS1/ELF1",5
"GO:0032388","positive regulation of intracellular transport","2/147","101/8855",0.0198019801980198,1.19283356907119,0.253226569313825,0.502451658574337,0.672051373576668,0.653528826049525,"ANP32B/DYNC1H1",2
"GO:0043409","negative regulation of MAPK cascade","2/147","101/8855",0.0198019801980198,1.19283356907119,0.253226569313825,0.502451658574337,0.672051373576668,0.653528826049525,"PDCD4/PER1",2
"GO:0071560","cellular response to transforming growth factor beta stimulus","3/147","161/8855",0.0186335403726708,1.12244897959184,0.203717109979155,0.502558767537399,0.672051373576668,0.653528826049525,"FYN/USP9X/TP53",3
"GO:0002260","lymphocyte homeostasis","1/147","42/8855",0.0238095238095238,1.43424036281179,0.366490030338477,0.505758965547994,0.672051373576668,0.653528826049525,"SOS1",1
"GO:0008608","attachment of spindle microtubules to kinetochore","1/147","42/8855",0.0238095238095238,1.43424036281179,0.366490030338477,0.505758965547994,0.672051373576668,0.653528826049525,"BUB3",1
"GO:0019730","antimicrobial humoral response","1/147","42/8855",0.0238095238095238,1.43424036281179,0.366490030338477,0.505758965547994,0.672051373576668,0.653528826049525,"RPS19",1
"GO:0031644","regulation of nervous system process","1/147","42/8855",0.0238095238095238,1.43424036281179,0.366490030338477,0.505758965547994,0.672051373576668,0.653528826049525,"ZMYND8",1
"GO:0033047","regulation of mitotic sister chromatid segregation","1/147","42/8855",0.0238095238095238,1.43424036281179,0.366490030338477,0.505758965547994,0.672051373576668,0.653528826049525,"BUB3",1
"GO:0044818","mitotic G2/M transition checkpoint","1/147","42/8855",0.0238095238095238,1.43424036281179,0.366490030338477,0.505758965547994,0.672051373576668,0.653528826049525,"FOXN3",1
"GO:0051057","positive regulation of small GTPase mediated signal transduction","1/147","42/8855",0.0238095238095238,1.43424036281179,0.366490030338477,0.505758965547994,0.672051373576668,0.653528826049525,"SOS1",1
"GO:0051588","regulation of neurotransmitter transport","1/147","42/8855",0.0238095238095238,1.43424036281179,0.366490030338477,0.505758965547994,0.672051373576668,0.653528826049525,"GIT1",1
"GO:0070849","response to epidermal growth factor","1/147","42/8855",0.0238095238095238,1.43424036281179,0.366490030338477,0.505758965547994,0.672051373576668,0.653528826049525,"GIT1",1
"GO:0071277","cellular response to calcium ion","1/147","42/8855",0.0238095238095238,1.43424036281179,0.366490030338477,0.505758965547994,0.672051373576668,0.653528826049525,"PPIF",1
"GO:0072676","lymphocyte migration","1/147","42/8855",0.0238095238095238,1.43424036281179,0.366490030338477,0.505758965547994,0.672051373576668,0.653528826049525,"MADCAM1",1
"GO:0120193","tight junction organization","1/147","42/8855",0.0238095238095238,1.43424036281179,0.366490030338477,0.505758965547994,0.672051373576668,0.653528826049525,"RPS6",1
"GO:1903078","positive regulation of protein localization to plasma membrane","1/147","42/8855",0.0238095238095238,1.43424036281179,0.366490030338477,0.505758965547994,0.672051373576668,0.653528826049525,"RAB11A",1
"GO:0032970","regulation of actin filament-based process","4/147","222/8855",0.018018018018018,1.08537108537109,0.167369236764731,0.505783950256238,0.672051373576668,0.653528826049525,"LIMK1/PREX1/FCHSD2/ARF1",4
"GO:0006520","amino acid metabolic process","3/147","162/8855",0.0185185185185185,1.11552028218695,0.19279693463046,0.506714673416832,0.672256986324832,0.65372877186202,"ASL/FARSA/HPDL",3
"GO:0051321","meiotic cell cycle","3/147","162/8855",0.0185185185185185,1.11552028218695,0.19279693463046,0.506714673416832,0.672256986324832,0.65372877186202,"SPIRE1/BUB3/CDC25A",3
"GO:0072522","purine-containing compound biosynthetic process","3/147","162/8855",0.0185185185185185,1.11552028218695,0.19279693463046,0.506714673416832,0.672256986324832,0.65372877186202,"PPCDC/VCP/IMPDH2",3
"GO:0030855","epithelial cell differentiation","6/147","343/8855",0.0174927113702624,1.05372761349438,0.131855429823185,0.507262879837532,0.672640930968238,0.654102134527344,"KEAP1/ID2/TBX3/KRT86/RARG/BMPR2",6
"GO:0016032","viral process","4/147","224/8855",0.0178571428571429,1.07568027210884,0.149054589142406,0.512856130596983,0.674693651650153,0.656098279748088,"TP53/VCP/TMEM39A/LAMP1",4
"GO:2000045","regulation of G1/S transition of mitotic cell cycle","2/147","103/8855",0.0194174757281553,1.16967175219602,0.22503170912647,0.512921243789303,0.674693651650153,0.656098279748088,"ID2/TP53",2
"GO:0003073","regulation of systemic arterial blood pressure","1/147","43/8855",0.0232558139534884,1.40088593576966,0.342363154903489,0.514002858894691,0.674693651650153,0.656098279748088,"BMPR2",1
"GO:0006081","aldehyde metabolic process","1/147","43/8855",0.0232558139534884,1.40088593576966,0.342363154903489,0.514002858894691,0.674693651650153,0.656098279748088,"TPI1",1
"GO:0006939","smooth muscle contraction","1/147","43/8855",0.0232558139534884,1.40088593576966,0.342363154903489,0.514002858894691,0.674693651650153,0.656098279748088,"TBX3",1
"GO:0008333","endosome to lysosome transport","1/147","43/8855",0.0232558139534884,1.40088593576966,0.342363154903489,0.514002858894691,0.674693651650153,0.656098279748088,"VCP",1
"GO:0008652","amino acid biosynthetic process","1/147","43/8855",0.0232558139534884,1.40088593576966,0.342363154903489,0.514002858894691,0.674693651650153,0.656098279748088,"ASL",1
"GO:0030166","proteoglycan biosynthetic process","1/147","43/8855",0.0232558139534884,1.40088593576966,0.342363154903489,0.514002858894691,0.674693651650153,0.656098279748088,"BMPR2",1
"GO:0031113","regulation of microtubule polymerization","1/147","43/8855",0.0232558139534884,1.40088593576966,0.342363154903489,0.514002858894691,0.674693651650153,0.656098279748088,"GIT1",1
"GO:0033619","membrane protein proteolysis","1/147","43/8855",0.0232558139534884,1.40088593576966,0.342363154903489,0.514002858894691,0.674693651650153,0.656098279748088,"TSPAN5",1
"GO:0034394","protein localization to cell surface","1/147","43/8855",0.0232558139534884,1.40088593576966,0.342363154903489,0.514002858894691,0.674693651650153,0.656098279748088,"RAB11A",1
"GO:0042306","regulation of protein import into nucleus","1/147","43/8855",0.0232558139534884,1.40088593576966,0.342363154903489,0.514002858894691,0.674693651650153,0.656098279748088,"PKIG",1
"GO:0043299","leukocyte degranulation","1/147","43/8855",0.0232558139534884,1.40088593576966,0.342363154903489,0.514002858894691,0.674693651650153,0.656098279748088,"LAMP1",1
"GO:0044380","protein localization to cytoskeleton","1/147","43/8855",0.0232558139534884,1.40088593576966,0.342363154903489,0.514002858894691,0.674693651650153,0.656098279748088,"RAB11A",1
"GO:0060261","positive regulation of transcription initiation by RNA polymerase II","1/147","43/8855",0.0232558139534884,1.40088593576966,0.342363154903489,0.514002858894691,0.674693651650153,0.656098279748088,"TP53",1
"GO:0070059","intrinsic apoptotic signaling pathway in response to endoplasmic reticulum stress","1/147","43/8855",0.0232558139534884,1.40088593576966,0.342363154903489,0.514002858894691,0.674693651650153,0.656098279748088,"TP53",1
"GO:0070897","transcription preinitiation complex assembly","1/147","43/8855",0.0232558139534884,1.40088593576966,0.342363154903489,0.514002858894691,0.674693651650153,0.656098279748088,"TP53",1
"GO:0070918","regulatory ncRNA processing","1/147","43/8855",0.0232558139534884,1.40088593576966,0.342363154903489,0.514002858894691,0.674693651650153,0.656098279748088,"TP53",1
"GO:1902807","negative regulation of cell cycle G1/S phase transition","1/147","43/8855",0.0232558139534884,1.40088593576966,0.342363154903489,0.514002858894691,0.674693651650153,0.656098279748088,"TP53",1
"GO:1990266","neutrophil migration","1/147","43/8855",0.0232558139534884,1.40088593576966,0.342363154903489,0.514002858894691,0.674693651650153,0.656098279748088,"PREX1",1
"GO:0000819","sister chromatid segregation","3/147","164/8855",0.0182926829268293,1.10191637630662,0.17115919638914,0.51497297354798,0.67562582445795,0.657004760747469,"KIF22/RAB11A/BUB3",3
"GO:0016051","carbohydrate biosynthetic process","2/147","104/8855",0.0192307692307692,1.15842490842491,0.211144857495099,0.518101968818136,0.678703133547548,0.659997255481931,"TPI1/MDH2",2
"GO:0031507","heterochromatin formation","2/147","104/8855",0.0192307692307692,1.15842490842491,0.211144857495099,0.518101968818136,0.678703133547548,0.659997255481931,"MBD3/CDKN2B-AS1",2
"GO:0070507","regulation of microtubule cytoskeleton organization","2/147","104/8855",0.0192307692307692,1.15842490842491,0.211144857495099,0.518101968818136,0.678703133547548,0.659997255481931,"GIT1/DYNC1H1",2
"GO:0043408","regulation of MAPK cascade","6/147","347/8855",0.0172910662824208,1.04158089748868,0.102663028551693,0.518682008193748,0.679120674708086,0.660403288703799,"MAP2K7/EDAR/PDCD4/ADRA1B/PER1/FGF3",6
"GO:0016310","phosphorylation","8/147","469/8855",0.0170575692963753,1.02751548380546,0.0795527801718701,0.520723102932324,0.68086518732872,0.66209972044967,"FYN/LIMK1/CORO1C/PDCD4/CDC25A/FASTK/TNFRSF18/TOP1",8
"GO:0006879","intracellular iron ion homeostasis","1/147","44/8855",0.0227272727272727,1.36904761904762,0.3188345386199,0.522110164811904,0.68086518732872,0.66209972044967,"CYB561",1
"GO:0008344","adult locomotory behavior","1/147","44/8855",0.0227272727272727,1.36904761904762,0.3188345386199,0.522110164811904,0.68086518732872,0.66209972044967,"ID2",1
"GO:0031297","replication fork processing","1/147","44/8855",0.0227272727272727,1.36904761904762,0.3188345386199,0.522110164811904,0.68086518732872,0.66209972044967,"RTEL1",1
"GO:0042157","lipoprotein metabolic process","1/147","44/8855",0.0227272727272727,1.36904761904762,0.3188345386199,0.522110164811904,0.68086518732872,0.66209972044967,"NMT1",1
"GO:0048524","positive regulation of viral process","1/147","44/8855",0.0227272727272727,1.36904761904762,0.3188345386199,0.522110164811904,0.68086518732872,0.66209972044967,"TMEM39A",1
"GO:0050886","endocrine process","1/147","44/8855",0.0227272727272727,1.36904761904762,0.3188345386199,0.522110164811904,0.68086518732872,0.66209972044967,"TBX3",1
"GO:0061512","protein localization to cilium","1/147","44/8855",0.0227272727272727,1.36904761904762,0.3188345386199,0.522110164811904,0.68086518732872,0.66209972044967,"RAB11A",1
"GO:0071559","response to transforming growth factor beta","3/147","166/8855",0.0180722891566265,1.08864027538726,0.149785391217766,0.523158309564423,0.681321230785203,0.662543194797705,"FYN/USP9X/TP53",3
"GO:0050866","negative regulation of cell activation","2/147","105/8855",0.019047619047619,1.14739229024943,0.19739429930705,0.523246316524535,0.681321230785203,0.662543194797705,"CD9/ID2",2
"GO:1900180","regulation of protein localization to nucleus","2/147","105/8855",0.019047619047619,1.14739229024943,0.19739429930705,0.523246316524535,0.681321230785203,0.662543194797705,"FYN/PKIG",2
"GO:0033993","response to lipid","8/147","471/8855",0.0169851380042463,1.02315236073198,0.0670886905372598,0.525634381810829,0.684088011179942,0.66523371938318,"TMEM161A/MBD3/MAP2K7/GIT1/PDCD4/RARG/ESRRA/PER1",8
"GO:0009260","ribonucleotide biosynthetic process","2/147","106/8855",0.0188679245283019,1.13656783468104,0.183777087264682,0.528354060218407,0.686250871478473,0.667336968639684,"VCP/IMPDH2",2
"GO:0022411","cellular component disassembly","5/147","290/8855",0.0172413793103448,1.03858784893268,0.0868070706449324,0.530001799208359,0.686250871478473,0.667336968639684,"ACIN1/CDC25A/VCP/GABARAP/TMEM39A",5
"GO:0006903","vesicle targeting","1/147","45/8855",0.0222222222222222,1.33862433862434,0.295873240651487,0.530083131078236,0.686250871478473,0.667336968639684,"TRAPPC12",1
"GO:0035050","embryonic heart tube development","1/147","45/8855",0.0222222222222222,1.33862433862434,0.295873240651487,0.530083131078236,0.686250871478473,0.667336968639684,"TBX3",1
"GO:0050764","regulation of phagocytosis","1/147","45/8855",0.0222222222222222,1.33862433862434,0.295873240651487,0.530083131078236,0.686250871478473,0.667336968639684,"LMAN2",1
"GO:0061053","somite development","1/147","45/8855",0.0222222222222222,1.33862433862434,0.295873240651487,0.530083131078236,0.686250871478473,0.667336968639684,"TP53",1
"GO:0070227","lymphocyte apoptotic process","1/147","45/8855",0.0222222222222222,1.33862433862434,0.295873240651487,0.530083131078236,0.686250871478473,0.667336968639684,"TP53",1
"GO:0071677","positive regulation of mononuclear cell migration","1/147","45/8855",0.0222222222222222,1.33862433862434,0.295873240651487,0.530083131078236,0.686250871478473,0.667336968639684,"MADCAM1",1
"GO:0090307","mitotic spindle assembly","1/147","45/8855",0.0222222222222222,1.33862433862434,0.295873240651487,0.530083131078236,0.686250871478473,0.667336968639684,"RAB11A",1
"GO:0098930","axonal transport","1/147","45/8855",0.0222222222222222,1.33862433862434,0.295873240651487,0.530083131078236,0.686250871478473,0.667336968639684,"DYNC1H1",1
"GO:0030036","actin cytoskeleton organization","7/147","412/8855",0.0169902912621359,1.02346278317152,0.0633649295771385,0.530200750261167,0.686250871478473,0.667336968639684,"LIMK1/CORO1C/PREX1/SPIRE1/FCHSD2/ARF1/ALKBH4",7
"GO:0032984","protein-containing complex disassembly","3/147","168/8855",0.0178571428571429,1.07568027210884,0.128668320158323,0.531268850123233,0.686949125109593,0.668015977557414,"VCP/GABARAP/TMEM39A",3
"GO:0060562","epithelial tube morphogenesis","3/147","168/8855",0.0178571428571429,1.07568027210884,0.128668320158323,0.531268850123233,0.686949125109593,0.668015977557414,"TBX3/RPS7/RARG",3
"GO:0043604","amide biosynthetic process","2/147","107/8855",0.0186915887850467,1.12594570538496,0.170290366735636,0.533424990593754,0.688367204842684,0.669394973300373,"ASL/PPCDC",2
"GO:0045055","regulated exocytosis","2/147","107/8855",0.0186915887850467,1.12594570538496,0.170290366735636,0.533424990593754,0.688367204842684,0.669394973300373,"GIT1/LAMP1",2
"GO:1902600","proton transmembrane transport","2/147","107/8855",0.0186915887850467,1.12594570538496,0.170290366735636,0.533424990593754,0.688367204842684,0.669394973300373,"PPIF/LAMP1",2
"GO:1903522","regulation of blood circulation","2/147","107/8855",0.0186915887850467,1.12594570538496,0.170290366735636,0.533424990593754,0.688367204842684,0.669394973300373,"ADRA1B/BMPR2",2
"GO:0008015","blood circulation","4/147","230/8855",0.0173913043478261,1.04761904761905,0.095067984656939,0.533794294782265,0.688501921657125,0.669525977156702,"ID2/GNA12/ADRA1B/BMPR2",4
"GO:0006942","regulation of striated muscle contraction","1/147","46/8855",0.0217391304347826,1.30952380952381,0.273450605122376,0.537923968732208,0.688701672283256,0.669720222414329,"ADRA1B",1
"GO:0007004","telomere maintenance via telomerase","1/147","46/8855",0.0217391304347826,1.30952380952381,0.273450605122376,0.537923968732208,0.688701672283256,0.669720222414329,"TP53",1
"GO:0007200","phospholipase C-activating G protein-coupled receptor signaling pathway","1/147","46/8855",0.0217391304347826,1.30952380952381,0.273450605122376,0.537923968732208,0.688701672283256,0.669720222414329,"ADRA1B",1
"GO:0010965","regulation of mitotic sister chromatid separation","1/147","46/8855",0.0217391304347826,1.30952380952381,0.273450605122376,0.537923968732208,0.688701672283256,0.669720222414329,"BUB3",1
"GO:0032409","regulation of transporter activity","1/147","46/8855",0.0217391304347826,1.30952380952381,0.273450605122376,0.537923968732208,0.688701672283256,0.669720222414329,"PPIF",1
"GO:0032602","chemokine production","1/147","46/8855",0.0217391304347826,1.30952380952381,0.273450605122376,0.537923968732208,0.688701672283256,0.669720222414329,"C5",1
"GO:0032642","regulation of chemokine production","1/147","46/8855",0.0217391304347826,1.30952380952381,0.273450605122376,0.537923968732208,0.688701672283256,0.669720222414329,"C5",1
"GO:0032786","positive regulation of DNA-templated transcription, elongation","1/147","46/8855",0.0217391304347826,1.30952380952381,0.273450605122376,0.537923968732208,0.688701672283256,0.669720222414329,"ZMYND8",1
"GO:0035914","skeletal muscle cell differentiation","1/147","46/8855",0.0217391304347826,1.30952380952381,0.273450605122376,0.537923968732208,0.688701672283256,0.669720222414329,"PPIF",1
"GO:0046323","D-glucose import","1/147","46/8855",0.0217391304347826,1.30952380952381,0.273450605122376,0.537923968732208,0.688701672283256,0.669720222414329,"SLC2A3",1
"GO:0046824","positive regulation of nucleocytoplasmic transport","1/147","46/8855",0.0217391304347826,1.30952380952381,0.273450605122376,0.537923968732208,0.688701672283256,0.669720222414329,"ANP32B",1
"GO:0051445","regulation of meiotic cell cycle","1/147","46/8855",0.0217391304347826,1.30952380952381,0.273450605122376,0.537923968732208,0.688701672283256,0.669720222414329,"CDC25A",1
"GO:0070534","protein K63-linked ubiquitination","1/147","46/8855",0.0217391304347826,1.30952380952381,0.273450605122376,0.537923968732208,0.688701672283256,0.669720222414329,"UBE2V2",1
"GO:2000106","regulation of leukocyte apoptotic process","1/147","46/8855",0.0217391304347826,1.30952380952381,0.273450605122376,0.537923968732208,0.688701672283256,0.669720222414329,"TP53",1
"GO:2000243","positive regulation of reproductive process","1/147","46/8855",0.0217391304347826,1.30952380952381,0.273450605122376,0.537923968732208,0.688701672283256,0.669720222414329,"CDC25A",1
"GO:0000302","response to reactive oxygen species","2/147","108/8855",0.0185185185185185,1.11552028218695,0.156931371975206,0.538458915221318,0.688708031820968,0.6697264066755,"FYN/PPIF",2
"GO:0048167","regulation of synaptic plasticity","2/147","108/8855",0.0185185185185185,1.11552028218695,0.156931371975206,0.538458915221318,0.688708031820968,0.6697264066755,"RAB11A/ARF1",2
"GO:0002253","activation of immune response","5/147","293/8855",0.0170648464163823,1.0279538436535,0.0632203573382722,0.539228857445684,0.689353566404984,0.670354149546736,"FYN/LIMK1/C5/SOS1/ELF1",5
"GO:0045216","cell-cell junction organization","2/147","109/8855",0.018348623853211,1.10528615115771,0.143697422536796,0.543455658053094,0.69378913017901,0.674667463826088,"CD9/RPS6",2
"GO:0001932","regulation of protein phosphorylation","4/147","233/8855",0.0171673819742489,1.03413039035357,0.0685937304773797,0.544098313091337,0.69378913017901,0.674667463826088,"CORO1C/PDCD4/CDC25A/TNFRSF18",4
"GO:0043410","positive regulation of MAPK cascade","4/147","233/8855",0.0171673819742489,1.03413039035357,0.0685937304773797,0.544098313091337,0.69378913017901,0.674667463826088,"MAP2K7/EDAR/ADRA1B/FGF3",4
"GO:0006278","RNA-templated DNA biosynthetic process","1/147","47/8855",0.0212765957446809,1.28166160081054,0.251540045562009,0.545634852668679,0.69378913017901,0.674667463826088,"TP53",1
"GO:0032612","interleukin-1 production","1/147","47/8855",0.0212765957446809,1.28166160081054,0.251540045562009,0.545634852668679,0.69378913017901,0.674667463826088,"GIT1",1
"GO:0032652","regulation of interleukin-1 production","1/147","47/8855",0.0212765957446809,1.28166160081054,0.251540045562009,0.545634852668679,0.69378913017901,0.674667463826088,"GIT1",1
"GO:0034109","homotypic cell-cell adhesion","1/147","47/8855",0.0212765957446809,1.28166160081054,0.251540045562009,0.545634852668679,0.69378913017901,0.674667463826088,"CD9",1
"GO:0042246","tissue regeneration","1/147","47/8855",0.0212765957446809,1.28166160081054,0.251540045562009,0.545634852668679,0.69378913017901,0.674667463826088,"CD9",1
"GO:0060079","excitatory postsynaptic potential","1/147","47/8855",0.0212765957446809,1.28166160081054,0.251540045562009,0.545634852668679,0.69378913017901,0.674667463826088,"ZMYND8",1
"GO:0070167","regulation of biomineral tissue development","1/147","47/8855",0.0212765957446809,1.28166160081054,0.251540045562009,0.545634852668679,0.69378913017901,0.674667463826088,"BMPR2",1
"GO:2000144","positive regulation of DNA-templated transcription initiation","1/147","47/8855",0.0212765957446809,1.28166160081054,0.251540045562009,0.545634852668679,0.69378913017901,0.674667463826088,"TP53",1
"GO:0044770","cell cycle phase transition","6/147","357/8855",0.0168067226890756,1.01240496198479,0.0310842503731778,0.546777597968593,0.694810500977701,0.675660684412005,"FOXN3/RAB11A/ID2/TP53/BUB3/CDC25A",6
"GO:0019058","viral life cycle","3/147","172/8855",0.0174418604651163,1.05066445182724,0.087176993449992,0.547258813280479,0.694810500977701,0.675660684412005,"VCP/TMEM39A/LAMP1",3
"GO:0006310","DNA recombination","4/147","234/8855",0.0170940170940171,1.02971102971103,0.0598433677328952,0.547507466718866,0.694810500977701,0.675660684412005,"ZMYND8/MCM4/AP5Z1/RTEL1",4
"GO:0034504","protein localization to nucleus","4/147","234/8855",0.0170940170940171,1.02971102971103,0.0598433677328952,0.547507466718866,0.694810500977701,0.675660684412005,"FYN/TP53/TOR1AIP1/PKIG",4
"GO:0003015","heart process","2/147","110/8855",0.0181818181818182,1.0952380952381,0.130585919859425,0.548415058938446,0.695283286917572,0.676120439800364,"FYN/ADRA1B",2
"GO:0043583","ear development","2/147","110/8855",0.0181818181818182,1.0952380952381,0.130585919859425,0.548415058938446,0.695283286917572,0.676120439800364,"TBX3/ANP32B",2
"GO:0002220","innate immune response activating cell surface receptor signaling pathway","1/147","48/8855",0.0208333333333333,1.25496031746032,0.230116853857769,0.553217922225639,0.698117860786889,0.678876889390381,"FYN",1
"GO:0006414","translational elongation","1/147","48/8855",0.0208333333333333,1.25496031746032,0.230116853857769,0.553217922225639,0.698117860786889,0.678876889390381,"GTPBP1",1
"GO:0014812","muscle cell migration","1/147","48/8855",0.0208333333333333,1.25496031746032,0.230116853857769,0.553217922225639,0.698117860786889,0.678876889390381,"GNA12",1
"GO:0016079","synaptic vesicle exocytosis","1/147","48/8855",0.0208333333333333,1.25496031746032,0.230116853857769,0.553217922225639,0.698117860786889,0.678876889390381,"GIT1",1
"GO:0034248","regulation of amide metabolic process","1/147","48/8855",0.0208333333333333,1.25496031746032,0.230116853857769,0.553217922225639,0.698117860786889,0.678876889390381,"TP53",1
"GO:0042058","regulation of epidermal growth factor receptor signaling pathway","1/147","48/8855",0.0208333333333333,1.25496031746032,0.230116853857769,0.553217922225639,0.698117860786889,0.678876889390381,"SOS1",1
"GO:0045005","DNA-templated DNA replication maintenance of fidelity","1/147","48/8855",0.0208333333333333,1.25496031746032,0.230116853857769,0.553217922225639,0.698117860786889,0.678876889390381,"RTEL1",1
"GO:0050906","detection of stimulus involved in sensory perception","1/147","48/8855",0.0208333333333333,1.25496031746032,0.230116853857769,0.553217922225639,0.698117860786889,0.678876889390381,"FYN",1
"GO:0007596","blood coagulation","2/147","111/8855",0.018018018018018,1.08537108537109,0.117594344022017,0.553336973151593,0.698117860786889,0.678876889390381,"CD9/GNA12",2
"GO:0046390","ribose phosphate biosynthetic process","2/147","111/8855",0.018018018018018,1.08537108537109,0.117594344022017,0.553336973151593,0.698117860786889,0.678876889390381,"VCP/IMPDH2",2
"GO:0070201","regulation of establishment of protein localization","5/147","298/8855",0.0167785234899329,1.0107062959412,0.0244261953427637,0.554423321862635,0.699149060417752,0.679879667913984,"FYN/RAB11A/NMT1/ANP32B/PKIG",5
"GO:0090068","positive regulation of cell cycle process","3/147","174/8855",0.0172413793103448,1.03858784893268,0.0667897059880188,0.555135157356838,0.699707213370718,0.680422437497456,"RAB11A/CDC25A/DYNC1H1",3
"GO:0048732","gland development","4/147","237/8855",0.0168776371308017,1.01667671287924,0.0338104223415462,0.55765630338417,0.702262678216042,0.682907470645275,"ID2/TBX3/EDAR/RARG",4
"GO:0050777","negative regulation of immune response","2/147","112/8855",0.0178571428571429,1.07568027210884,0.104720250654883,0.558221270930219,0.702262678216042,0.682907470645275,"FYN/RPS19",2
"GO:0050817","coagulation","2/147","112/8855",0.0178571428571429,1.07568027210884,0.104720250654883,0.558221270930219,0.702262678216042,0.682907470645275,"CD9/GNA12",2
"GO:0060070","canonical Wnt signaling pathway","3/147","175/8855",0.0171428571428571,1.03265306122449,0.0566829285775116,0.559043051412311,0.702262678216042,0.682907470645275,"VCP/RARG/KREMEN1",3
"GO:0002065","columnar/cuboidal epithelial cell differentiation","1/147","49/8855",0.0204081632653061,1.22934888241011,0.20915803047702,0.560675281761557,0.702262678216042,0.682907470645275,"RARG",1
"GO:0006805","xenobiotic metabolic process","1/147","49/8855",0.0204081632653061,1.22934888241011,0.20915803047702,0.560675281761557,0.702262678216042,0.682907470645275,"EPHX1",1
"GO:0018105","peptidyl-serine phosphorylation","1/147","49/8855",0.0204081632653061,1.22934888241011,0.20915803047702,0.560675281761557,0.702262678216042,0.682907470645275,"TOP1",1
"GO:0033059","cellular pigmentation","1/147","49/8855",0.0204081632653061,1.22934888241011,0.20915803047702,0.560675281761557,0.702262678216042,0.682907470645275,"RAB11A",1
"GO:0051306","mitotic sister chromatid separation","1/147","49/8855",0.0204081632653061,1.22934888241011,0.20915803047702,0.560675281761557,0.702262678216042,0.682907470645275,"BUB3",1
"GO:0060395","SMAD protein signal transduction","1/147","49/8855",0.0204081632653061,1.22934888241011,0.20915803047702,0.560675281761557,0.702262678216042,0.682907470645275,"BMPR2",1
"GO:0071479","cellular response to ionizing radiation","1/147","49/8855",0.0204081632653061,1.22934888241011,0.20915803047702,0.560675281761557,0.702262678216042,0.682907470645275,"TP53",1
"GO:0071621","granulocyte chemotaxis","1/147","49/8855",0.0204081632653061,1.22934888241011,0.20915803047702,0.560675281761557,0.702262678216042,0.682907470645275,"PREX1",1
"GO:1904377","positive regulation of protein localization to cell periphery","1/147","49/8855",0.0204081632653061,1.22934888241011,0.20915803047702,0.560675281761557,0.702262678216042,0.682907470645275,"RAB11A",1
"GO:0050776","regulation of immune response","8/147","486/8855",0.0164609053497942,0.991573584166177,-0.024825239896864,0.561883309975714,0.703436764271137,0.684049197470687,"FYN/MAP2K7/RPS19/LIMK1/C5/SOS1/ELF1/LAMP1",8
"GO:0031032","actomyosin structure organization","2/147","113/8855",0.0176991150442478,1.0661609776654,0.0919612679994256,0.563067837024968,0.704241245634211,0.684831506355781,"LIMK1/ALKBH4",2
"GO:1902806","regulation of cell cycle G1/S phase transition","2/147","113/8855",0.0176991150442478,1.0661609776654,0.0919612679994256,0.563067837024968,0.704241245634211,0.684831506355781,"ID2/TP53",2
"GO:0007389","pattern specification process","4/147","239/8855",0.0167364016736402,1.00816895795975,0.0166334364162074,0.564355280330884,0.705511964203928,0.686067202387004,"TBX3/TP53/RARG/BMPR2",4
"GO:0018209","peptidyl-serine modification","1/147","50/8855",0.02,1.2047619047619,0.188642133205299,0.568009001223407,0.708715983763627,0.689182915297976,"TOP1",1
"GO:0048255","mRNA stabilization","1/147","50/8855",0.02,1.2047619047619,0.188642133205299,0.568009001223407,0.708715983763627,0.689182915297976,"METTL16",1
"GO:0140029","exocytic process","1/147","50/8855",0.02,1.2047619047619,0.188642133205299,0.568009001223407,0.708715983763627,0.689182915297976,"RAB11A",1
"GO:2001237","negative regulation of extrinsic apoptotic signaling pathway","1/147","50/8855",0.02,1.2047619047619,0.188642133205299,0.568009001223407,0.708715983763627,0.689182915297976,"FYN",1
"GO:1901988","negative regulation of cell cycle phase transition","3/147","178/8855",0.0168539325842697,1.01524879614767,0.0267011506480091,0.570643702341287,0.711661699800866,0.692047443843535,"FOXN3/TP53/BUB3",3
"GO:0007423","sensory organ development","5/147","304/8855",0.0164473684210526,0.990758145363408,-0.0213037809476442,0.572335232218261,0.713428905772308,0.693765943484057,"SOS1/TBX3/ANP32B/RARG/BMPR2",5
"GO:0006367","transcription initiation at RNA polymerase II promoter","2/147","115/8855",0.0173913043478261,1.04761904761905,0.0667794941740164,0.572647383101631,0.713475814324611,0.693811559180005,"ELOA/TP53",2
"GO:0051258","protein polymerization","3/147","179/8855",0.0167597765363128,1.00957701516361,0.0168176819455079,0.574469080358242,0.714285562502481,0.694598989720117,"GIT1/PREX1/FCHSD2",3
"GO:0006626","protein targeting to mitochondrion","1/147","51/8855",0.0196078431372549,1.18113912231559,0.168549142051472,0.575221116705537,0.714285562502481,0.694598989720117,"TOMM40",1
"GO:0015807","L-amino acid transport","1/147","51/8855",0.0196078431372549,1.18113912231559,0.168549142051472,0.575221116705537,0.714285562502481,0.694598989720117,"SLC43A1",1
"GO:0036465","synaptic vesicle recycling","1/147","51/8855",0.0196078431372549,1.18113912231559,0.168549142051472,0.575221116705537,0.714285562502481,0.694598989720117,"GIT1",1
"GO:0043279","response to alkaloid","1/147","51/8855",0.0196078431372549,1.18113912231559,0.168549142051472,0.575221116705537,0.714285562502481,0.694598989720117,"FYN",1
"GO:0060260","regulation of transcription initiation by RNA polymerase II","1/147","51/8855",0.0196078431372549,1.18113912231559,0.168549142051472,0.575221116705537,0.714285562502481,0.694598989720117,"TP53",1
"GO:0070555","response to interleukin-1","1/147","51/8855",0.0196078431372549,1.18113912231559,0.168549142051472,0.575221116705537,0.714285562502481,0.694598989720117,"MAP2K7",1
"GO:0007599","hemostasis","2/147","116/8855",0.0172413793103448,1.03858784893268,0.054352297991186,0.57738020124304,0.716282168511056,0.696540566855691,"CD9/GNA12",2
"GO:0008154","actin polymerization or depolymerization","2/147","116/8855",0.0172413793103448,1.03858784893268,0.054352297991186,0.57738020124304,0.716282168511056,0.696540566855691,"PREX1/FCHSD2",2
"GO:0006887","exocytosis","3/147","180/8855",0.0166666666666667,1.00396825396825,0.00698827820546732,0.57827347381332,0.7170480717752,0.697285360900854,"RAB11A/GIT1/LAMP1",3
"GO:0006954","inflammatory response","7/147","431/8855",0.0162412993039443,0.978344934261408,-0.0598836382898187,0.578701348696213,0.717236435508564,0.69746853310223,"FYN/NFATC3/RPS19/C5/GIT1/PDCD4/PER1",7
"GO:0032870","cellular response to hormone stimulus","6/147","370/8855",0.0162162162162162,0.976833976833977,-0.0591419501694831,0.582200304172537,0.717947403684901,0.698159906136955,"FYN/SOS1/RARG/ESRRA/PER1/TOP1",6
"GO:0001676","long-chain fatty acid metabolic process","1/147","52/8855",0.0192307692307692,1.15842490842491,0.148860338308813,0.582313630999527,0.717947403684901,0.698159906136955,"EPHX1",1
"GO:0010232","vascular transport","1/147","52/8855",0.0192307692307692,1.15842490842491,0.148860338308813,0.582313630999527,0.717947403684901,0.698159906136955,"SLC2A3",1
"GO:0033143","regulation of intracellular steroid hormone receptor signaling pathway","1/147","52/8855",0.0192307692307692,1.15842490842491,0.148860338308813,0.582313630999527,0.717947403684901,0.698159906136955,"PER1",1
"GO:0045069","regulation of viral genome replication","1/147","52/8855",0.0192307692307692,1.15842490842491,0.148860338308813,0.582313630999527,0.717947403684901,0.698159906136955,"TMEM39A",1
"GO:0048678","response to axon injury","1/147","52/8855",0.0192307692307692,1.15842490842491,0.148860338308813,0.582313630999527,0.717947403684901,0.698159906136955,"KREMEN1",1
"GO:0051899","membrane depolarization","1/147","52/8855",0.0192307692307692,1.15842490842491,0.148860338308813,0.582313630999527,0.717947403684901,0.698159906136955,"PPIF",1
"GO:0099565","chemical synaptic transmission, postsynaptic","1/147","52/8855",0.0192307692307692,1.15842490842491,0.148860338308813,0.582313630999527,0.717947403684901,0.698159906136955,"ZMYND8",1
"GO:0150104","transport across blood-brain barrier","1/147","52/8855",0.0192307692307692,1.15842490842491,0.148860338308813,0.582313630999527,0.717947403684901,0.698159906136955,"SLC2A3",1
"GO:1901184","regulation of ERBB signaling pathway","1/147","52/8855",0.0192307692307692,1.15842490842491,0.148860338308813,0.582313630999527,0.717947403684901,0.698159906136955,"SOS1",1
"GO:1904019","epithelial cell apoptotic process","1/147","52/8855",0.0192307692307692,1.15842490842491,0.148860338308813,0.582313630999527,0.717947403684901,0.698159906136955,"KRT18",1
"GO:0006913","nucleocytoplasmic transport","4/147","245/8855",0.0163265306122449,0.983479105928086,-0.0340709488951176,0.584119698383088,0.719491514738221,0.699661459624742,"ALKBH5/ANP32B/TP53/PKIG",4
"GO:0051169","nuclear transport","4/147","245/8855",0.0163265306122449,0.983479105928086,-0.0340709488951176,0.584119698383088,0.719491514738221,0.699661459624742,"ALKBH5/ANP32B/TP53/PKIG",4
"GO:0099504","synaptic vesicle cycle","2/147","118/8855",0.0169491525423729,1.02098466505246,0.0298147445980933,0.586731619869272,0.722366404566669,0.702457114017364,"GIT1/ARHGDIA",2
"GO:0006360","transcription by RNA polymerase I","1/147","53/8855",0.0188679245283019,1.13656783468104,0.129558196044833,0.589288514135171,0.72380002279646,0.703851219997286,"DEDD",1
"GO:0007204","positive regulation of cytosolic calcium ion concentration","1/147","53/8855",0.0188679245283019,1.13656783468104,0.129558196044833,0.589288514135171,0.72380002279646,0.703851219997286,"ADRA1B",1
"GO:0035023","regulation of Rho protein signal transduction","1/147","53/8855",0.0188679245283019,1.13656783468104,0.129558196044833,0.589288514135171,0.72380002279646,0.703851219997286,"ARHGDIA",1
"GO:0042273","ribosomal large subunit biogenesis","1/147","53/8855",0.0188679245283019,1.13656783468104,0.129558196044833,0.589288514135171,0.72380002279646,0.703851219997286,"LTO1",1
"GO:0051453","regulation of intracellular pH","1/147","53/8855",0.0188679245283019,1.13656783468104,0.129558196044833,0.589288514135171,0.72380002279646,0.703851219997286,"LAMP1",1
"GO:0006164","purine nucleotide biosynthetic process","2/147","119/8855",0.0168067226890756,1.01240496198479,0.0177003486841271,0.591350134226653,0.725646363954236,0.705646673762832,"VCP/IMPDH2",2
"GO:1903046","meiotic cell cycle process","2/147","119/8855",0.0168067226890756,1.01240496198479,0.0177003486841271,0.591350134226653,0.725646363954236,0.705646673762832,"SPIRE1/CDC25A",2
"GO:1904951","positive regulation of establishment of protein localization","3/147","184/8855",0.016304347826087,0.982142857142857,-0.0318020786569662,0.593278697610141,0.727669341712485,0.707613895810809,"FYN/NMT1/ANP32B",3
"GO:0009913","epidermal cell differentiation","2/147","120/8855",0.0166666666666667,1.00396825396825,0.0056862747951392,0.595930480858229,0.727753819854016,0.70769604563273,"KEAP1/KRT86",2
"GO:0060541","respiratory system development","2/147","120/8855",0.0166666666666667,1.00396825396825,0.0056862747951392,0.595930480858229,0.727753819854016,0.70769604563273,"RARG/BMPR2",2
"GO:0008589","regulation of smoothened signaling pathway","1/147","54/8855",0.0185185185185185,1.11552028218695,0.11062628453196,0.596147703912736,0.727753819854016,0.70769604563273,"VCP",1
"GO:0010972","negative regulation of G2/M transition of mitotic cell cycle","1/147","54/8855",0.0185185185185185,1.11552028218695,0.11062628453196,0.596147703912736,0.727753819854016,0.70769604563273,"FOXN3",1
"GO:0032963","collagen metabolic process","1/147","54/8855",0.0185185185185185,1.11552028218695,0.11062628453196,0.596147703912736,0.727753819854016,0.70769604563273,"SERPINH1",1
"GO:0042472","inner ear morphogenesis","1/147","54/8855",0.0185185185185185,1.11552028218695,0.11062628453196,0.596147703912736,0.727753819854016,0.70769604563273,"TBX3",1
"GO:0043242","negative regulation of protein-containing complex disassembly","1/147","54/8855",0.0185185185185185,1.11552028218695,0.11062628453196,0.596147703912736,0.727753819854016,0.70769604563273,"TMEM39A",1
"GO:0045824","negative regulation of innate immune response","1/147","54/8855",0.0185185185185185,1.11552028218695,0.11062628453196,0.596147703912736,0.727753819854016,0.70769604563273,"RPS19",1
"GO:0051492","regulation of stress fiber assembly","1/147","54/8855",0.0185185185185185,1.11552028218695,0.11062628453196,0.596147703912736,0.727753819854016,0.70769604563273,"LIMK1",1
"GO:0060078","regulation of postsynaptic membrane potential","1/147","54/8855",0.0185185185185185,1.11552028218695,0.11062628453196,0.596147703912736,0.727753819854016,0.70769604563273,"ZMYND8",1
"GO:0006261","DNA-templated DNA replication","2/147","121/8855",0.0165289256198347,0.995670995670996,-0.00622935853176298,0.600472645633213,0.731753963610483,0.711585940596087,"MCM4/RTEL1",2
"GO:1903828","negative regulation of protein localization","2/147","121/8855",0.0165289256198347,0.995670995670996,-0.00622935853176298,0.600472645633213,0.731753963610483,0.711585940596087,"VCP/PKIG",2
"GO:0000041","transition metal ion transport","1/147","55/8855",0.0181818181818182,1.0952380952381,0.0920491803334568,0.602893106426635,0.731753963610483,0.711585940596087,"SLC48A1",1
"GO:0002688","regulation of leukocyte chemotaxis","1/147","55/8855",0.0181818181818182,1.0952380952381,0.0920491803334568,0.602893106426635,0.731753963610483,0.711585940596087,"C5",1
"GO:0002698","negative regulation of immune effector process","1/147","55/8855",0.0181818181818182,1.0952380952381,0.0920491803334568,0.602893106426635,0.731753963610483,0.711585940596087,"RPS19",1
"GO:0006406","mRNA export from nucleus","1/147","55/8855",0.0181818181818182,1.0952380952381,0.0920491803334568,0.602893106426635,0.731753963610483,0.711585940596087,"ALKBH5",1
"GO:0006900","vesicle budding from membrane","1/147","55/8855",0.0181818181818182,1.0952380952381,0.0920491803334568,0.602893106426635,0.731753963610483,0.711585940596087,"TRAPPC12",1
"GO:0009123","nucleoside monophosphate metabolic process","1/147","55/8855",0.0181818181818182,1.0952380952381,0.0920491803334568,0.602893106426635,0.731753963610483,0.711585940596087,"IMPDH2",1
"GO:0009798","axis specification","1/147","55/8855",0.0181818181818182,1.0952380952381,0.0920491803334568,0.602893106426635,0.731753963610483,0.711585940596087,"TBX3",1
"GO:0090100","positive regulation of transmembrane receptor protein serine/threonine kinase signaling pathway","1/147","55/8855",0.0181818181818182,1.0952380952381,0.0920491803334568,0.602893106426635,0.731753963610483,0.711585940596087,"BMPR2",1
"GO:0120162","positive regulation of cold-induced thermogenesis","1/147","55/8855",0.0181818181818182,1.0952380952381,0.0920491803334568,0.602893106426635,0.731753963610483,0.711585940596087,"DYNC1H1",1
"GO:2000142","regulation of DNA-templated transcription initiation","1/147","55/8855",0.0181818181818182,1.0952380952381,0.0920491803334568,0.602893106426635,0.731753963610483,0.711585940596087,"TP53",1
"GO:0002009","morphogenesis of an epithelium","4/147","251/8855",0.0159362549800797,0.959969645228609,-0.0835882657864752,0.603366196235962,0.731753963610483,0.711585940596087,"SOS1/TBX3/RPS7/RARG",4
"GO:0043434","response to peptide hormone","4/147","251/8855",0.0159362549800797,0.959969645228609,-0.0835882657864752,0.603366196235962,0.731753963610483,0.711585940596087,"FYN/SOS1/RPS6/TOP1",4
"GO:0043010","camera-type eye development","3/147","187/8855",0.0160427807486631,0.966386554621849,-0.0603592170784276,0.604306514230379,0.732552532875352,0.712362500327543,"SOS1/RARG/BMPR2",3
"GO:0045814","negative regulation of gene expression, epigenetic","2/147","122/8855",0.0163934426229508,0.987509758001561,-0.0180483811602329,0.60497662533279,0.733022960018612,0.712819961930575,"MBD3/CDKN2B-AS1",2
"GO:0006338","chromatin remodeling","7/147","442/8855",0.0158371040723982,0.953996983408748,-0.12891136801001,0.605687761690713,0.733067850306847,0.71286361498825,"MBD3/ANP32B/TP53/ALKBH4/PER1/TOP1/CDKN2B-AS1",7
"GO:0002285","lymphocyte activation involved in immune response","2/147","123/8855",0.016260162601626,0.979481223383663,-0.0297725731954208,0.609442427296574,0.733067850306847,0.71286361498825,"TP53/LAMP1",2
"GO:0010970","transport along microtubule","2/147","123/8855",0.016260162601626,0.979481223383663,-0.0297725731954208,0.609442427296574,0.733067850306847,0.71286361498825,"LAMP1/DYNC1H1",2
"GO:0042180","ketone metabolic process","2/147","123/8855",0.016260162601626,0.979481223383663,-0.0297725731954208,0.609442427296574,0.733067850306847,0.71286361498825,"TPI1/NMT1",2
"GO:0006029","proteoglycan metabolic process","1/147","56/8855",0.0178571428571429,1.07568027210884,0.0738123879306483,0.609526596580645,0.733067850306847,0.71286361498825,"BMPR2",1
"GO:0006690","icosanoid metabolic process","1/147","56/8855",0.0178571428571429,1.07568027210884,0.0738123879306483,0.609526596580645,0.733067850306847,0.71286361498825,"EPHX1",1
"GO:0006754","ATP biosynthetic process","1/147","56/8855",0.0178571428571429,1.07568027210884,0.0738123879306483,0.609526596580645,0.733067850306847,0.71286361498825,"VCP",1
"GO:0030641","regulation of cellular pH","1/147","56/8855",0.0178571428571429,1.07568027210884,0.0738123879306483,0.609526596580645,0.733067850306847,0.71286361498825,"LAMP1",1
"GO:0045833","negative regulation of lipid metabolic process","1/147","56/8855",0.0178571428571429,1.07568027210884,0.0738123879306483,0.609526596580645,0.733067850306847,0.71286361498825,"FMC1",1
"GO:0046660","female sex differentiation","1/147","56/8855",0.0178571428571429,1.07568027210884,0.0738123879306483,0.609526596580645,0.733067850306847,0.71286361498825,"TBX3",1
"GO:0048145","regulation of fibroblast proliferation","1/147","56/8855",0.0178571428571429,1.07568027210884,0.0738123879306483,0.609526596580645,0.733067850306847,0.71286361498825,"TP53",1
"GO:0055007","cardiac muscle cell differentiation","1/147","56/8855",0.0178571428571429,1.07568027210884,0.0738123879306483,0.609526596580645,0.733067850306847,0.71286361498825,"TBX3",1
"GO:0140056","organelle localization by membrane tethering","1/147","56/8855",0.0178571428571429,1.07568027210884,0.0738123879306483,0.609526596580645,0.733067850306847,0.71286361498825,"RAB11A",1
"GO:1902750","negative regulation of cell cycle G2/M phase transition","1/147","56/8855",0.0178571428571429,1.07568027210884,0.0738123879306483,0.609526596580645,0.733067850306847,0.71286361498825,"FOXN3",1
"GO:1905818","regulation of chromosome separation","1/147","56/8855",0.0178571428571429,1.07568027210884,0.0738123879306483,0.609526596580645,0.733067850306847,0.71286361498825,"BUB3",1
"GO:1990830","cellular response to leukemia inhibitory factor","1/147","56/8855",0.0178571428571429,1.07568027210884,0.0738123879306483,0.609526596580645,0.733067850306847,0.71286361498825,"RARG",1
"GO:0030111","regulation of Wnt signaling pathway","3/147","189/8855",0.0158730158730159,0.956160241874528,-0.079151459090246,0.611549259705555,0.735160280284337,0.714898375068424,"MACF1/VCP/KREMEN1",3
"GO:0001649","osteoblast differentiation","2/147","124/8855",0.0161290322580645,0.9715821812596,-0.0414036667443399,0.613870069077652,0.736144367047317,0.715855339211684,"ID2/BMPR2",2
"GO:0051168","nuclear export","2/147","124/8855",0.0161290322580645,0.9715821812596,-0.0414036667443399,0.613870069077652,0.736144367047317,0.715855339211684,"ALKBH5/ANP32B",2
"GO:0003333","amino acid transmembrane transport","1/147","57/8855",0.0175438596491228,1.05680868838764,0.0559022679235585,0.616050018594811,0.736144367047317,0.715855339211684,"SLC43A1",1
"GO:0006334","nucleosome assembly","1/147","57/8855",0.0175438596491228,1.05680868838764,0.0559022679235585,0.616050018594811,0.736144367047317,0.715855339211684,"ANP32B",1
"GO:0008088","axo-dendritic transport","1/147","57/8855",0.0175438596491228,1.05680868838764,0.0559022679235585,0.616050018594811,0.736144367047317,0.715855339211684,"DYNC1H1",1
"GO:0008593","regulation of Notch signaling pathway","1/147","57/8855",0.0175438596491228,1.05680868838764,0.0559022679235585,0.616050018594811,0.736144367047317,0.715855339211684,"TSPAN5",1
"GO:0030316","osteoclast differentiation","1/147","57/8855",0.0175438596491228,1.05680868838764,0.0559022679235585,0.616050018594811,0.736144367047317,0.715855339211684,"CORO1C",1
"GO:0043124","negative regulation of canonical NF-kappaB signal transduction","1/147","57/8855",0.0175438596491228,1.05680868838764,0.0559022679235585,0.616050018594811,0.736144367047317,0.715855339211684,"PER1",1
"GO:0043547","positive regulation of GTPase activity","1/147","57/8855",0.0175438596491228,1.05680868838764,0.0559022679235585,0.616050018594811,0.736144367047317,0.715855339211684,"CORO1C",1
"GO:0045445","myoblast differentiation","1/147","57/8855",0.0175438596491228,1.05680868838764,0.0559022679235585,0.616050018594811,0.736144367047317,0.715855339211684,"TBX3",1
"GO:0045446","endothelial cell differentiation","1/147","57/8855",0.0175438596491228,1.05680868838764,0.0559022679235585,0.616050018594811,0.736144367047317,0.715855339211684,"BMPR2",1
"GO:0071346","cellular response to type II interferon","1/147","57/8855",0.0175438596491228,1.05680868838764,0.0559022679235585,0.616050018594811,0.736144367047317,0.715855339211684,"TP53",1
"GO:1990823","response to leukemia inhibitory factor","1/147","57/8855",0.0175438596491228,1.05680868838764,0.0559022679235585,0.616050018594811,0.736144367047317,0.715855339211684,"RARG",1
"GO:0006606","protein import into nucleus","2/147","125/8855",0.016,0.963809523809524,-0.0529433476000028,0.618259578106047,0.738105945566199,0.717762854257485,"TP53/PKIG",2
"GO:0097305","response to alcohol","2/147","125/8855",0.016,0.963809523809524,-0.0529433476000028,0.618259578106047,0.738105945566199,0.717762854257485,"FYN/RPS6",2
"GO:0042325","regulation of phosphorylation","4/147","256/8855",0.015625,0.941220238095238,-0.123991823418635,0.618994002254394,0.738643439788417,0.718285534489779,"CORO1C/PDCD4/CDC25A/TNFRSF18",4
"GO:0006605","protein targeting","3/147","192/8855",0.015625,0.941220238095238,-0.106982685572971,0.622248053302756,0.739902133765735,0.719509537340893,"FYN/TOMM40/GABARAP",3
"GO:0010906","regulation of glucose metabolic process","1/147","58/8855",0.0172413793103448,1.03858784893268,0.0383059719618167,0.622465186504172,0.739902133765735,0.719509537340893,"TP53",1
"GO:0032456","endocytic recycling","1/147","58/8855",0.0172413793103448,1.03858784893268,0.0383059719618167,0.622465186504172,0.739902133765735,0.719509537340893,"RAB11A",1
"GO:0097530","granulocyte migration","1/147","58/8855",0.0172413793103448,1.03858784893268,0.0383059719618167,0.622465186504172,0.739902133765735,0.719509537340893,"PREX1",1
"GO:1904659","D-glucose transmembrane transport","1/147","58/8855",0.0172413793103448,1.03858784893268,0.0383059719618167,0.622465186504172,0.739902133765735,0.719509537340893,"SLC2A3",1
"GO:0002520","immune system development","2/147","126/8855",0.0158730158730159,0.956160241874528,-0.0643932568532117,0.622610991360394,0.739902133765735,0.719509537340893,"ID2/TP53",2
"GO:0045619","regulation of lymphocyte differentiation","2/147","126/8855",0.0158730158730159,0.956160241874528,-0.0643932568532117,0.622610991360394,0.739902133765735,0.719509537340893,"ID2/SOS1",2
"GO:0045926","negative regulation of growth","2/147","126/8855",0.0158730158730159,0.956160241874528,-0.0643932568532117,0.622610991360394,0.739902133765735,0.719509537340893,"TP53/BMPR2",2
"GO:0071383","cellular response to steroid hormone stimulus","2/147","126/8855",0.0158730158730159,0.956160241874528,-0.0643932568532117,0.622610991360394,0.739902133765735,0.719509537340893,"ESRRA/PER1",2
"GO:0071375","cellular response to peptide hormone stimulus","3/147","193/8855",0.0155440414507772,0.936343449296817,-0.11616676171036,0.625769952908039,0.742810602819948,0.722337845475262,"FYN/SOS1/TOP1",3
"GO:0001568","blood vessel development","6/147","387/8855",0.0155038759689922,0.933923957179771,-0.172694417878907,0.626355415720758,0.742810602819948,0.722337845475262,"TNFRSF12A/FYN/NFATC3/SOS1/TBX3/BMPR2",6
"GO:0001776","leukocyte homeostasis","1/147","59/8855",0.0169491525423729,1.02098466505246,0.0210113836694327,0.628773884649437,0.742810602819948,0.722337845475262,"SOS1",1
"GO:0001909","leukocyte mediated cytotoxicity","1/147","59/8855",0.0169491525423729,1.02098466505246,0.0210113836694327,0.628773884649437,0.742810602819948,0.722337845475262,"LAMP1",1
"GO:0006885","regulation of pH","1/147","59/8855",0.0169491525423729,1.02098466505246,0.0210113836694327,0.628773884649437,0.742810602819948,0.722337845475262,"LAMP1",1
"GO:0016525","negative regulation of angiogenesis","1/147","59/8855",0.0169491525423729,1.02098466505246,0.0210113836694327,0.628773884649437,0.742810602819948,0.722337845475262,"FYN",1
"GO:0030512","negative regulation of transforming growth factor beta receptor signaling pathway","1/147","59/8855",0.0169491525423729,1.02098466505246,0.0210113836694327,0.628773884649437,0.742810602819948,0.722337845475262,"TP53",1
"GO:0032355","response to estradiol","1/147","59/8855",0.0169491525423729,1.02098466505246,0.0210113836694327,0.628773884649437,0.742810602819948,0.722337845475262,"MBD3",1
"GO:0050773","regulation of dendrite development","1/147","59/8855",0.0169491525423729,1.02098466505246,0.0210113836694327,0.628773884649437,0.742810602819948,0.722337845475262,"PREX1",1
"GO:0097306","cellular response to alcohol","1/147","59/8855",0.0169491525423729,1.02098466505246,0.0210113836694327,0.628773884649437,0.742810602819948,0.722337845475262,"RPS6",1
"GO:0110020","regulation of actomyosin structure organization","1/147","59/8855",0.0169491525423729,1.02098466505246,0.0210113836694327,0.628773884649437,0.742810602819948,0.722337845475262,"LIMK1",1
"GO:1902106","negative regulation of leukocyte differentiation","1/147","59/8855",0.0169491525423729,1.02098466505246,0.0210113836694327,0.628773884649437,0.742810602819948,0.722337845475262,"ID2",1
"GO:1902373","negative regulation of mRNA catabolic process","1/147","59/8855",0.0169491525423729,1.02098466505246,0.0210113836694327,0.628773884649437,0.742810602819948,0.722337845475262,"METTL16",1
"GO:0034976","response to endoplasmic reticulum stress","3/147","194/8855",0.0154639175257732,0.931516936671576,-0.125305242202941,0.629269568719108,0.742916203573519,0.722440535744525,"TP53/PDIA4/VCP",3
"GO:0045597","positive regulation of cell differentiation","7/147","452/8855",0.0154867256637168,0.932890855457227,-0.190284298900895,0.629434967398572,0.742916203573519,0.722440535744525,"TNFRSF12A/ACIN1/LIMK1/CORO1C/ID2/MACF1/BMPR2",7
"GO:0030155","regulation of cell adhesion","6/147","389/8855",0.0154241645244216,0.929122291590158,-0.185743896678919,0.631374568131691,0.744867227677832,0.72433778726817,"CD9/FYN/CORO1C/PREX1/MACF1/TNFRSF18",6
"GO:0043269","regulation of monoatomic ion transport","3/147","195/8855",0.0153846153846154,0.926739926739927,-0.134398655552983,0.632746847255433,0.746147484581157,0.725582758745006,"FYN/PPIF/PER1",3
"GO:0002708","positive regulation of lymphocyte mediated immunity","1/147","60/8855",0.0166666666666667,1.00396825396825,0.00400706491873474,0.634977868159729,0.746609939502666,0.726032467850347,"LAMP1",1
"GO:0006289","nucleotide-excision repair","1/147","60/8855",0.0166666666666667,1.00396825396825,0.00400706491873474,0.634977868159729,0.746609939502666,0.726032467850347,"TP53",1
"GO:0030282","bone mineralization","1/147","60/8855",0.0166666666666667,1.00396825396825,0.00400706491873474,0.634977868159729,0.746609939502666,0.726032467850347,"BMPR2",1
"GO:0097581","lamellipodium organization","1/147","60/8855",0.0166666666666667,1.00396825396825,0.00400706491873474,0.634977868159729,0.746609939502666,0.726032467850347,"CORO1C",1
"GO:1903008","organelle disassembly","1/147","60/8855",0.0166666666666667,1.00396825396825,0.00400706491873474,0.634977868159729,0.746609939502666,0.726032467850347,"VCP",1
"GO:2000181","negative regulation of blood vessel morphogenesis","1/147","60/8855",0.0166666666666667,1.00396825396825,0.00400706491873474,0.634977868159729,0.746609939502666,0.726032467850347,"FYN",1
"GO:0007611","learning or memory","2/147","129/8855",0.0155038759689922,0.933923957179771,-0.0982201273250209,0.635437162824123,0.746609939502666,0.726032467850347,"FYN/GIT1",2
"GO:1904062","regulation of monoatomic cation transmembrane transport","2/147","129/8855",0.0155038759689922,0.933923957179771,-0.0982201273250209,0.635437162824123,0.746609939502666,0.726032467850347,"FYN/PPIF",2
"GO:0032103","positive regulation of response to external stimulus","5/147","327/8855",0.0152905198776758,0.921071792631426,-0.188952105502293,0.637385321293266,0.748560528712697,0.727929296465923,"FYN/RPS19/PDCD4/LAMP1/BMPR2",5
"GO:0030029","actin filament-based process","7/147","456/8855",0.0153508771929825,0.924707602339181,-0.214481073186426,0.638711829810135,0.749779605093289,0.729114773629123,"LIMK1/CORO1C/PREX1/SPIRE1/FCHSD2/ARF1/ALKBH4",7
"GO:0051170","import into nucleus","2/147","130/8855",0.0153846153846154,0.926739926739927,-0.109326519693969,0.639636742695851,0.750186387234674,0.7295103443634,"TP53/PKIG",2
"GO:0008645","hexose transmembrane transport","1/147","61/8855",0.0163934426229508,0.987509758001561,-0.01271779311231,0.641078863427554,0.750186387234674,0.7295103443634,"SLC2A3",1
"GO:0034763","negative regulation of transmembrane transport","1/147","61/8855",0.0163934426229508,0.987509758001561,-0.01271779311231,0.641078863427554,0.750186387234674,0.7295103443634,"SLC43A1",1
"GO:0043489","RNA stabilization","1/147","61/8855",0.0163934426229508,0.987509758001561,-0.01271779311231,0.641078863427554,0.750186387234674,0.7295103443634,"METTL16",1
"GO:0051304","chromosome separation","1/147","61/8855",0.0163934426229508,0.987509758001561,-0.01271779311231,0.641078863427554,0.750186387234674,0.7295103443634,"BUB3",1
"GO:0060048","cardiac muscle contraction","1/147","61/8855",0.0163934426229508,0.987509758001561,-0.01271779311231,0.641078863427554,0.750186387234674,0.7295103443634,"ADRA1B",1
"GO:1901343","negative regulation of vasculature development","1/147","61/8855",0.0163934426229508,0.987509758001561,-0.01271779311231,0.641078863427554,0.750186387234674,0.7295103443634,"FYN",1
"GO:0042391","regulation of membrane potential","3/147","198/8855",0.0151515151515152,0.912698412698413,-0.161413644136827,0.643044195167523,0.752014568899213,0.731288139133274,"ZMYND8/PPIF/VCP",3
"GO:0002699","positive regulation of immune effector process","2/147","131/8855",0.0152671755725191,0.919665576154126,-0.120350727174256,0.643798543978741,0.752014568899213,0.731288139133274,"RPS19/LAMP1",2
"GO:0009636","response to toxic substance","2/147","131/8855",0.0152671755725191,0.919665576154126,-0.120350727174256,0.643798543978741,0.752014568899213,0.731288139133274,"EPHX1/FMC1",2
"GO:0051650","establishment of vesicle localization","2/147","131/8855",0.0152671755725191,0.919665576154126,-0.120350727174256,0.643798543978741,0.752014568899213,0.731288139133274,"RAB11A/TRAPPC12",2
"GO:0007229","integrin-mediated signaling pathway","1/147","62/8855",0.0161290322580645,0.9715821812596,-0.0291734145970363,0.647078568576081,0.754489546760536,0.73369490361558,"MADCAM1",1
"GO:0010569","regulation of double-strand break repair via homologous recombination","1/147","62/8855",0.0161290322580645,0.9715821812596,-0.0291734145970363,0.647078568576081,0.754489546760536,0.73369490361558,"RTEL1",1
"GO:0032007","negative regulation of TOR signaling","1/147","62/8855",0.0161290322580645,0.9715821812596,-0.0291734145970363,0.647078568576081,0.754489546760536,0.73369490361558,"PREX1",1
"GO:0032231","regulation of actin filament bundle assembly","1/147","62/8855",0.0161290322580645,0.9715821812596,-0.0291734145970363,0.647078568576081,0.754489546760536,0.73369490361558,"LIMK1",1
"GO:0007179","transforming growth factor beta receptor signaling pathway","2/147","133/8855",0.0150375939849624,0.905836018617974,-0.142158164745586,0.65200916950237,0.758493447287943,0.737588451808733,"USP9X/TP53",2
"GO:0016241","regulation of macroautophagy","2/147","133/8855",0.0150375939849624,0.905836018617974,-0.142158164745586,0.65200916950237,0.758493447287943,0.737588451808733,"TP53/TMEM39A",2
"GO:0007189","adenylate cyclase-activating G protein-coupled receptor signaling pathway","1/147","63/8855",0.0158730158730159,0.956160241874528,-0.045369479869957,0.65297865391889,0.758493447287943,0.737588451808733,"ADRA1B",1
"GO:0021549","cerebellum development","1/147","63/8855",0.0158730158730159,0.956160241874528,-0.045369479869957,0.65297865391889,0.758493447287943,0.737588451808733,"TP53",1
"GO:0048565","digestive tract development","1/147","63/8855",0.0158730158730159,0.956160241874528,-0.045369479869957,0.65297865391889,0.758493447287943,0.737588451808733,"ID2",1
"GO:0051224","negative regulation of protein transport","1/147","63/8855",0.0158730158730159,0.956160241874528,-0.045369479869957,0.65297865391889,0.758493447287943,0.737588451808733,"PKIG",1
"GO:0090263","positive regulation of canonical Wnt signaling pathway","1/147","63/8855",0.0158730158730159,0.956160241874528,-0.045369479869957,0.65297865391889,0.758493447287943,0.737588451808733,"VCP",1
"GO:1903707","negative regulation of hemopoiesis","1/147","63/8855",0.0158730158730159,0.956160241874528,-0.045369479869957,0.65297865391889,0.758493447287943,0.737588451808733,"ID2",1
"GO:0062012","regulation of small molecule metabolic process","3/147","201/8855",0.0149253731343284,0.89907604832978,-0.188041213954129,0.653139028484193,0.758493447287943,0.737588451808733,"GIT1/TP53/VCP",3
"GO:0007548","sex differentiation","2/147","134/8855",0.0149253731343284,0.89907604832978,-0.152944096716885,0.656058191502465,0.761203232015584,0.740223551596532,"ATN1/TBX3",2
"GO:0010721","negative regulation of cell development","2/147","134/8855",0.0149253731343284,0.89907604832978,-0.152944096716885,0.656058191502465,0.761203232015584,0.740223551596532,"ID2/TP53",2
"GO:0015695","organic cation transport","1/147","64/8855",0.015625,0.941220238095238,-0.0613151627771023,0.658780762412284,0.76164199355406,0.740650220337092,"SLC43A1",1
"GO:0015749","monosaccharide transmembrane transport","1/147","64/8855",0.015625,0.941220238095238,-0.0613151627771023,0.658780762412284,0.76164199355406,0.740650220337092,"SLC2A3",1
"GO:0022037","metencephalon development","1/147","64/8855",0.015625,0.941220238095238,-0.0613151627771023,0.658780762412284,0.76164199355406,0.740650220337092,"TP53",1
"GO:0022406","membrane docking","1/147","64/8855",0.015625,0.941220238095238,-0.0613151627771023,0.658780762412284,0.76164199355406,0.740650220337092,"RAB11A",1
"GO:0030038","contractile actin filament bundle assembly","1/147","64/8855",0.015625,0.941220238095238,-0.0613151627771023,0.658780762412284,0.76164199355406,0.740650220337092,"LIMK1",1
"GO:0043149","stress fiber assembly","1/147","64/8855",0.015625,0.941220238095238,-0.0613151627771023,0.658780762412284,0.76164199355406,0.740650220337092,"LIMK1",1
"GO:0098659","inorganic cation import across plasma membrane","1/147","64/8855",0.015625,0.941220238095238,-0.0613151627771023,0.658780762412284,0.76164199355406,0.740650220337092,"FYN",1
"GO:0099587","inorganic ion import across plasma membrane","1/147","64/8855",0.015625,0.941220238095238,-0.0613151627771023,0.658780762412284,0.76164199355406,0.740650220337092,"FYN",1
"GO:0071214","cellular response to abiotic stimulus","3/147","203/8855",0.0147783251231527,0.890218156228008,-0.205584089107538,0.659756043623466,0.762091536612172,0.741087373445586,"TMEM161A/NMT1/TP53",3
"GO:0104004","cellular response to environmental stimulus","3/147","203/8855",0.0147783251231527,0.890218156228008,-0.205584089107538,0.659756043623466,0.762091536612172,0.741087373445586,"TMEM161A/NMT1/TP53",3
"GO:0031349","positive regulation of defense response","4/147","271/8855",0.014760147601476,0.889123176946055,-0.240851735809019,0.663540347415956,0.765514379322116,0.744415878476499,"FYN/RPS19/PDCD4/LAMP1",4
"GO:0002286","T cell activation involved in immune response","1/147","65/8855",0.0153846153846154,0.926739926739927,-0.0770191649098479,0.664486510100305,0.765514379322116,0.744415878476499,"TP53",1
"GO:0010927","cellular component assembly involved in morphogenesis","1/147","65/8855",0.0153846153846154,0.926739926739927,-0.0770191649098479,0.664486510100305,0.765514379322116,0.744415878476499,"CD9",1
"GO:0032989","cellular anatomical entity morphogenesis","1/147","65/8855",0.0153846153846154,0.926739926739927,-0.0770191649098479,0.664486510100305,0.765514379322116,0.744415878476499,"CD9",1
"GO:0042471","ear morphogenesis","1/147","65/8855",0.0153846153846154,0.926739926739927,-0.0770191649098479,0.664486510100305,0.765514379322116,0.744415878476499,"TBX3",1
"GO:0050921","positive regulation of chemotaxis","1/147","65/8855",0.0153846153846154,0.926739926739927,-0.0770191649098479,0.664486510100305,0.765514379322116,0.744415878476499,"BMPR2",1
"GO:0001654","eye development","3/147","205/8855",0.0146341463414634,0.881533101045296,-0.222964187925866,0.666282601771056,0.766339789855255,0.745218539698454,"SOS1/RARG/BMPR2",3
"GO:0034762","regulation of transmembrane transport","3/147","205/8855",0.0146341463414634,0.881533101045296,-0.222964187925866,0.666282601771056,0.766339789855255,0.745218539698454,"FYN/PPIF/SLC43A1",3
"GO:0150063","visual system development","3/147","205/8855",0.0146341463414634,0.881533101045296,-0.222964187925866,0.666282601771056,0.766339789855255,0.745218539698454,"SOS1/RARG/BMPR2",3
"GO:0044093","positive regulation of molecular function","4/147","272/8855",0.0147058823529412,0.885854341736695,-0.248423976222568,0.666382425961092,0.766339789855255,0.745218539698454,"CORO1C/USP9X/DSCC1/TOR1AIP1",4
"GO:0030705","cytoskeleton-dependent intracellular transport","2/147","137/8855",0.0145985401459854,0.879388251651025,-0.184846265211485,0.66798142671151,0.767838888997442,0.746676321857742,"LAMP1/DYNC1H1",2
"GO:0007259","cell surface receptor signaling pathway via JAK-STAT","1/147","66/8855",0.0151515151515152,0.912698412698413,-0.0924897470265021,0.670097486552553,0.767893901036192,0.746729817698264,"TNFRSF18",1
"GO:0016064","immunoglobulin mediated immune response","1/147","66/8855",0.0151515151515152,0.912698412698413,-0.0924897470265021,0.670097486552553,0.767893901036192,0.746729817698264,"C5",1
"GO:0034243","regulation of transcription elongation by RNA polymerase II","1/147","66/8855",0.0151515151515152,0.912698412698413,-0.0924897470265021,0.670097486552553,0.767893901036192,0.746729817698264,"ZMYND8",1
"GO:0048144","fibroblast proliferation","1/147","66/8855",0.0151515151515152,0.912698412698413,-0.0924897470265021,0.670097486552553,0.767893901036192,0.746729817698264,"TP53",1
"GO:0051098","regulation of binding","1/147","66/8855",0.0151515151515152,0.912698412698413,-0.0924897470265021,0.670097486552553,0.767893901036192,0.746729817698264,"USP9X",1
"GO:0051345","positive regulation of hydrolase activity","1/147","66/8855",0.0151515151515152,0.912698412698413,-0.0924897470265021,0.670097486552553,0.767893901036192,0.746729817698264,"CORO1C",1
"GO:0090316","positive regulation of intracellular protein transport","1/147","66/8855",0.0151515151515152,0.912698412698413,-0.0924897470265021,0.670097486552553,0.767893901036192,0.746729817698264,"ANP32B",1
"GO:0034765","regulation of monoatomic ion transmembrane transport","2/147","138/8855",0.0144927536231884,0.873015873015873,-0.195332574326618,0.671881636364746,0.769201823108695,0.748001691858803,"FYN/PPIF",2
"GO:0002757","immune response-activating signaling pathway","4/147","274/8855",0.0145985401459854,0.879388251651025,-0.263490619973986,0.672018004500721,0.769201823108695,0.748001691858803,"FYN/LIMK1/SOS1/ELF1",4
"GO:0006914","autophagy","6/147","406/8855",0.0147783251231527,0.890218156228008,-0.29421180752731,0.672442506947213,0.769201823108695,0.748001691858803,"KEAP1/TP53/VCP/GABARAP/TMEM39A/AP5Z1",6
"GO:0061919","process utilizing autophagic mechanism","6/147","406/8855",0.0147783251231527,0.890218156228008,-0.29421180752731,0.672442506947213,0.769201823108695,0.748001691858803,"KEAP1/TP53/VCP/GABARAP/TMEM39A/AP5Z1",6
"GO:0048880","sensory system development","3/147","207/8855",0.0144927536231884,0.873015873015873,-0.240185057732291,0.672718639448274,0.769201823108695,0.748001691858803,"SOS1/RARG/BMPR2",3
"GO:0031110","regulation of microtubule polymerization or depolymerization","1/147","67/8855",0.0149253731343284,0.89907604832978,-0.107734757932034,0.675615255294932,0.77130485838437,0.750046764942335,"GIT1",1
"GO:0042147","retrograde transport, endosome to Golgi","1/147","67/8855",0.0149253731343284,0.89907604832978,-0.107734757932034,0.675615255294932,0.77130485838437,0.750046764942335,"AP5Z1",1
"GO:0072384","organelle transport along microtubule","1/147","67/8855",0.0149253731343284,0.89907604832978,-0.107734757932034,0.675615255294932,0.77130485838437,0.750046764942335,"LAMP1",1
"GO:0051648","vesicle localization","2/147","139/8855",0.0143884892086331,0.866735183281946,-0.205747000100573,0.675744964425244,0.77130485838437,0.750046764942335,"RAB11A/TRAPPC12",2
"GO:0032787","monocarboxylic acid metabolic process","5/147","343/8855",0.0145772594752187,0.878106344578648,-0.299144876963196,0.678926792969284,0.774596459581725,0.753247645635253,"GIT1/TPI1/TP53/EPHX1/FADS3",5
"GO:0000226","microtubule cytoskeleton organization","6/147","409/8855",0.0146699266503667,0.883688438700664,-0.312916322016334,0.679384651915665,0.774628656303161,0.75327895497616,"RAB11A/GIT1/SPIRE1/VCP/GABARAP/DYNC1H1",6
"GO:0003158","endothelium development","1/147","68/8855",0.0147058823529412,0.885854341736695,-0.122761661056684,0.681041354233444,0.774628656303161,0.75327895497616,"BMPR2",1
"GO:0007368","determination of left/right symmetry","1/147","68/8855",0.0147058823529412,0.885854341736695,-0.122761661056684,0.681041354233444,0.774628656303161,0.75327895497616,"TBX3",1
"GO:0019724","B cell mediated immunity","1/147","68/8855",0.0147058823529412,0.885854341736695,-0.122761661056684,0.681041354233444,0.774628656303161,0.75327895497616,"C5",1
"GO:0021761","limbic system development","1/147","68/8855",0.0147058823529412,0.885854341736695,-0.122761661056684,0.681041354233444,0.774628656303161,0.75327895497616,"TBX3",1
"GO:0030168","platelet activation","1/147","68/8855",0.0147058823529412,0.885854341736695,-0.122761661056684,0.681041354233444,0.774628656303161,0.75327895497616,"CD9",1
"GO:1903169","regulation of calcium ion transmembrane transport","1/147","68/8855",0.0147058823529412,0.885854341736695,-0.122761661056684,0.681041354233444,0.774628656303161,0.75327895497616,"FYN",1
"GO:0000165","MAPK cascade","6/147","410/8855",0.0146341463414634,0.881533101045296,-0.319123170258481,0.681677890636797,0.775013489835973,0.753653182032025,"MAP2K7/EDAR/PDCD4/ADRA1B/PER1/FGF3",6
"GO:0002449","lymphocyte mediated immunity","2/147","141/8855",0.0141843971631206,0.854441067207025,-0.226364780642066,0.683361542836269,0.776587953577378,0.755184251651155,"C5/LAMP1",2
"GO:0007018","microtubule-based movement","4/147","279/8855",0.014336917562724,0.863628605564089,-0.300713006555429,0.685822426034403,0.778313522028294,0.756862261351505,"KIF22/RAB11A/LAMP1/DYNC1H1",4
"GO:0030968","endoplasmic reticulum unfolded protein response","1/147","69/8855",0.0144927536231884,0.873015873015873,-0.137577558948181,0.686377296071123,0.778313522028294,0.756862261351505,"VCP",1
"GO:0046718","symbiont entry into host cell","1/147","69/8855",0.0144927536231884,0.873015873015873,-0.137577558948181,0.686377296071123,0.778313522028294,0.756862261351505,"LAMP1",1
"GO:0048259","regulation of receptor-mediated endocytosis","1/147","69/8855",0.0144927536231884,0.873015873015873,-0.137577558948181,0.686377296071123,0.778313522028294,0.756862261351505,"ARF1",1
"GO:0120254","olefinic compound metabolic process","1/147","69/8855",0.0144927536231884,0.873015873015873,-0.137577558948181,0.686377296071123,0.778313522028294,0.756862261351505,"EPHX1",1
"GO:0009165","nucleotide biosynthetic process","2/147","142/8855",0.0140845070422535,0.848423876592891,-0.236570357885389,0.687115090248887,0.778810344333562,0.757345390634002,"VCP/IMPDH2",2
"GO:0090092","regulation of transmembrane receptor protein serine/threonine kinase signaling pathway","2/147","143/8855",0.013986013986014,0.842490842490842,-0.246708498378465,0.690832349761531,0.780856756776151,0.759335401478114,"TP53/BMPR2",2
"GO:0006612","protein targeting to membrane","1/147","70/8855",0.0142857142857143,0.860544217687075,-0.152189215869424,0.691624568718237,0.780856756776151,0.759335401478114,"FYN",1
"GO:0022900","electron transport chain","1/147","70/8855",0.0142857142857143,0.860544217687075,-0.152189215869424,0.691624568718237,0.780856756776151,0.759335401478114,"CYB561",1
"GO:0034728","nucleosome organization","1/147","70/8855",0.0142857142857143,0.860544217687075,-0.152189215869424,0.691624568718237,0.780856756776151,0.759335401478114,"ANP32B",1
"GO:0051592","response to calcium ion","1/147","70/8855",0.0142857142857143,0.860544217687075,-0.152189215869424,0.691624568718237,0.780856756776151,0.759335401478114,"PPIF",1
"GO:0061982","meiosis I cell cycle process","1/147","70/8855",0.0142857142857143,0.860544217687075,-0.152189215869424,0.691624568718237,0.780856756776151,0.759335401478114,"CDC25A",1
"GO:0140888","interferon-mediated signaling pathway","1/147","70/8855",0.0142857142857143,0.860544217687075,-0.152189215869424,0.691624568718237,0.780856756776151,0.759335401478114,"TP53",1
"GO:1900182","positive regulation of protein localization to nucleus","1/147","70/8855",0.0142857142857143,0.860544217687075,-0.152189215869424,0.691624568718237,0.780856756776151,0.759335401478114,"FYN",1
"GO:1902369","negative regulation of RNA catabolic process","1/147","70/8855",0.0142857142857143,0.860544217687075,-0.152189215869424,0.691624568718237,0.780856756776151,0.759335401478114,"METTL16",1
"GO:0090596","sensory organ morphogenesis","2/147","144/8855",0.0138888888888889,0.836640211640212,-0.256780249961186,0.694513482472288,0.783777916172591,0.762176050193552,"TBX3/RARG",2
"GO:0045598","regulation of fat cell differentiation","1/147","71/8855",0.0140845070422535,0.848423876592891,-0.166603078673351,0.696784635695861,0.784977576148046,0.763342646091192,"ID2",1
"GO:0046785","microtubule polymerization","1/147","71/8855",0.0140845070422535,0.848423876592891,-0.166603078673351,0.696784635695861,0.784977576148046,0.763342646091192,"GIT1",1
"GO:0055123","digestive system development","1/147","71/8855",0.0140845070422535,0.848423876592891,-0.166603078673351,0.696784635695861,0.784977576148046,0.763342646091192,"ID2",1
"GO:0060972","left/right pattern formation","1/147","71/8855",0.0140845070422535,0.848423876592891,-0.166603078673351,0.696784635695861,0.784977576148046,0.763342646091192,"TBX3",1
"GO:0006352","DNA-templated transcription initiation","2/147","145/8855",0.0137931034482759,0.830870279146141,-0.266786636484265,0.698158654137123,0.785924763485158,0.764263727801327,"ELOA/TP53",2
"GO:0009617","response to bacterium","4/147","284/8855",0.0140845070422535,0.848423876592891,-0.337321042749684,0.69921866060029,0.785924763485158,0.764263727801327,"MAP2K7/RPS19/GIT1/PDCD4",4
"GO:0003006","developmental process involved in reproduction","7/147","484/8855",0.0144628099173554,0.871212121212121,-0.378597913375793,0.699843767686084,0.785924763485158,0.764263727801327,"PAFAH1B3/ALKBH5/ATN1/TBX3/DEDD/RARG/BMPR2",7
"GO:0015711","organic anion transport","3/147","216/8855",0.0138888888888889,0.836640211640212,-0.315798102859281,0.700561898469127,0.785924763485158,0.764263727801327,"SLC2A3/SLC43A1/SLC16A11",3
"GO:0045089","positive regulation of innate immune response","3/147","216/8855",0.0138888888888889,0.836640211640212,-0.315798102859281,0.700561898469127,0.785924763485158,0.764263727801327,"FYN/RPS19/LAMP1",3
"GO:0002705","positive regulation of leukocyte mediated immunity","1/147","72/8855",0.0138888888888889,0.836640211640212,-0.180825296108947,0.701858936532918,0.785924763485158,0.764263727801327,"LAMP1",1
"GO:0002832","negative regulation of response to biotic stimulus","1/147","72/8855",0.0138888888888889,0.836640211640212,-0.180825296108947,0.701858936532918,0.785924763485158,0.764263727801327,"RPS19",1
"GO:0010977","negative regulation of neuron projection development","1/147","72/8855",0.0138888888888889,0.836640211640212,-0.180825296108947,0.701858936532918,0.785924763485158,0.764263727801327,"KREMEN1",1
"GO:0030071","regulation of mitotic metaphase/anaphase transition","1/147","72/8855",0.0138888888888889,0.836640211640212,-0.180825296108947,0.701858936532918,0.785924763485158,0.764263727801327,"BUB3",1
"GO:0030534","adult behavior","1/147","72/8855",0.0138888888888889,0.836640211640212,-0.180825296108947,0.701858936532918,0.785924763485158,0.764263727801327,"ID2",1
"GO:0032784","regulation of DNA-templated transcription elongation","1/147","72/8855",0.0138888888888889,0.836640211640212,-0.180825296108947,0.701858936532918,0.785924763485158,0.764263727801327,"ZMYND8",1
"GO:0034219","carbohydrate transmembrane transport","1/147","72/8855",0.0138888888888889,0.836640211640212,-0.180825296108947,0.701858936532918,0.785924763485158,0.764263727801327,"SLC2A3",1
"GO:0044409","symbiont entry into host","1/147","72/8855",0.0138888888888889,0.836640211640212,-0.180825296108947,0.701858936532918,0.785924763485158,0.764263727801327,"LAMP1",1
"GO:1904950","negative regulation of establishment of protein localization","1/147","72/8855",0.0138888888888889,0.836640211640212,-0.180825296108947,0.701858936532918,0.785924763485158,0.764263727801327,"PKIG",1
"GO:0007162","negative regulation of cell adhesion","2/147","147/8855",0.0136054421768707,0.819565921606738,-0.286607294086757,0.705341799467418,0.787103795081642,0.765410263863034,"CD9/CORO1C",2
"GO:0030198","extracellular matrix organization","2/147","147/8855",0.0136054421768707,0.819565921606738,-0.286607294086757,0.705341799467418,0.787103795081642,0.765410263863034,"SERPINH1/ZNF469",2
"GO:0043062","extracellular structure organization","2/147","147/8855",0.0136054421768707,0.819565921606738,-0.286607294086757,0.705341799467418,0.787103795081642,0.765410263863034,"SERPINH1/ZNF469",2
"GO:0045229","external encapsulating structure organization","2/147","147/8855",0.0136054421768707,0.819565921606738,-0.286607294086757,0.705341799467418,0.787103795081642,0.765410263863034,"SERPINH1/ZNF469",2
"GO:0099111","microtubule-based transport","2/147","147/8855",0.0136054421768707,0.819565921606738,-0.286607294086757,0.705341799467418,0.787103795081642,0.765410263863034,"LAMP1/DYNC1H1",2
"GO:0009799","specification of symmetry","1/147","73/8855",0.0136986301369863,0.825179386823222,-0.19486173669662,0.706848887156811,0.787103795081642,0.765410263863034,"TBX3",1
"GO:0009855","determination of bilateral symmetry","1/147","73/8855",0.0136986301369863,0.825179386823222,-0.19486173669662,0.706848887156811,0.787103795081642,0.765410263863034,"TBX3",1
"GO:0021987","cerebral cortex development","1/147","73/8855",0.0136986301369863,0.825179386823222,-0.19486173669662,0.706848887156811,0.787103795081642,0.765410263863034,"FYN",1
"GO:0034341","response to type II interferon","1/147","73/8855",0.0136986301369863,0.825179386823222,-0.19486173669662,0.706848887156811,0.787103795081642,0.765410263863034,"TP53",1
"GO:0048813","dendrite morphogenesis","1/147","73/8855",0.0136986301369863,0.825179386823222,-0.19486173669662,0.706848887156811,0.787103795081642,0.765410263863034,"FYN",1
"GO:1902099","regulation of metaphase/anaphase transition of cell cycle","1/147","73/8855",0.0136986301369863,0.825179386823222,-0.19486173669662,0.706848887156811,0.787103795081642,0.765410263863034,"BUB3",1
"GO:1903076","regulation of protein localization to plasma membrane","1/147","73/8855",0.0136986301369863,0.825179386823222,-0.19486173669662,0.706848887156811,0.787103795081642,0.765410263863034,"RAB11A",1
"GO:1903900","regulation of viral life cycle","1/147","73/8855",0.0136986301369863,0.825179386823222,-0.19486173669662,0.706848887156811,0.787103795081642,0.765410263863034,"TMEM39A",1
"GO:0051259","protein complex oligomerization","2/147","148/8855",0.0135135135135135,0.814028314028314,-0.296423499248127,0.708880126189892,0.788689832177881,0.76695258786136,"TP53/FARSA",2
"GO:0060828","regulation of canonical Wnt signaling pathway","2/147","148/8855",0.0135135135135135,0.814028314028314,-0.296423499248127,0.708880126189892,0.788689832177881,0.76695258786136,"VCP/KREMEN1",2
"GO:0050673","epithelial cell proliferation","3/147","219/8855",0.0136986301369863,0.825179386823222,-0.34035144263654,0.709437761726951,0.7889725043767,0.767227469272982,"ID2/FMC1/BMPR2",3
"GO:0006405","RNA export from nucleus","1/147","74/8855",0.0135135135135135,0.814028314028314,-0.208718005297284,0.711755880277735,0.789860603262952,0.768091091081326,"ALKBH5",1
"GO:0007269","neurotransmitter secretion","1/147","74/8855",0.0135135135135135,0.814028314028314,-0.208718005297284,0.711755880277735,0.789860603262952,0.768091091081326,"GIT1",1
"GO:0034620","cellular response to unfolded protein","1/147","74/8855",0.0135135135135135,0.814028314028314,-0.208718005297284,0.711755880277735,0.789860603262952,0.768091091081326,"VCP",1
"GO:0050864","regulation of B cell activation","1/147","74/8855",0.0135135135135135,0.814028314028314,-0.208718005297284,0.711755880277735,0.789860603262952,0.768091091081326,"ID2",1
"GO:0099643","signal release from synapse","1/147","74/8855",0.0135135135135135,0.814028314028314,-0.208718005297284,0.711755880277735,0.789860603262952,0.768091091081326,"GIT1",1
"GO:0010811","positive regulation of cell-substrate adhesion","1/147","75/8855",0.0133333333333333,0.803174603174603,-0.222399458487113,0.716581285766765,0.793859659722004,0.771979928714499,"PREX1",1
"GO:0045807","positive regulation of endocytosis","1/147","75/8855",0.0133333333333333,0.803174603174603,-0.222399458487113,0.716581285766765,0.793859659722004,0.771979928714499,"LMAN2",1
"GO:0090090","negative regulation of canonical Wnt signaling pathway","1/147","75/8855",0.0133333333333333,0.803174603174603,-0.222399458487113,0.716581285766765,0.793859659722004,0.771979928714499,"KREMEN1",1
"GO:0097696","cell surface receptor signaling pathway via STAT","1/147","75/8855",0.0133333333333333,0.803174603174603,-0.222399458487113,0.716581285766765,0.793859659722004,0.771979928714499,"TNFRSF18",1
"GO:0009725","response to hormone","7/147","494/8855",0.01417004048583,0.85357624831309,-0.435126074721824,0.719986302012596,0.797292031926176,0.775317700595269,"FYN/SOS1/RPS6/RARG/ESRRA/PER1/TOP1",7
"GO:0007091","metaphase/anaphase transition of mitotic cell cycle","1/147","76/8855",0.0131578947368421,0.792606516290727,-0.235911218838995,0.721326451027845,0.798095975402882,0.776099486418793,"BUB3",1
"GO:0008643","carbohydrate transport","1/147","76/8855",0.0131578947368421,0.792606516290727,-0.235911218838995,0.721326451027845,0.798095975402882,0.776099486418793,"SLC2A3",1
"GO:0042113","B cell activation","2/147","152/8855",0.0131578947368421,0.792606516290727,-0.335082405866421,0.722682759648729,0.798916415281602,0.776897313983567,"ID2/TP53",2
"GO:0050890","cognition","2/147","152/8855",0.0131578947368421,0.792606516290727,-0.335082405866421,0.722682759648729,0.798916415281602,0.776897313983567,"FYN/GIT1",2
"GO:0048871","multicellular organismal-level homeostasis","6/147","429/8855",0.013986013986014,0.842490842490842,-0.434503163970136,0.72324050972064,0.799193063249976,0.777166337199811,"ACIN1/RPS19/ID2/SOS1/DYNC1H1/SLC48A1",6
"GO:0015718","monocarboxylic acid transport","1/147","77/8855",0.012987012987013,0.782312925170068,-0.249258188201908,0.72599270136375,0.80059201964254,0.778526736664603,"SLC16A11",1
"GO:0035265","organ growth","1/147","77/8855",0.012987012987013,0.782312925170068,-0.249258188201908,0.72599270136375,0.80059201964254,0.778526736664603,"RARG",1
"GO:0044784","metaphase/anaphase transition of cell cycle","1/147","77/8855",0.012987012987013,0.782312925170068,-0.249258188201908,0.72599270136375,0.80059201964254,0.778526736664603,"BUB3",1
"GO:0048754","branching morphogenesis of an epithelial tube","1/147","77/8855",0.012987012987013,0.782312925170068,-0.249258188201908,0.72599270136375,0.80059201964254,0.778526736664603,"TBX3",1
"GO:0045765","regulation of angiogenesis","2/147","153/8855",0.0130718954248366,0.787426081543729,-0.344600076934487,0.726046706540003,0.80059201964254,0.778526736664603,"TNFRSF12A/FYN",2
"GO:0008584","male gonad development","1/147","78/8855",0.0128205128205128,0.772283272283272,-0.262445060060779,0.730581340336127,0.804227405139176,0.782061926546308,"ATN1",1
"GO:0018205","peptidyl-lysine modification","1/147","78/8855",0.0128205128205128,0.772283272283272,-0.262445060060779,0.730581340336127,0.804227405139176,0.782061926546308,"ZMIZ2",1
"GO:0042129","regulation of T cell proliferation","1/147","78/8855",0.0128205128205128,0.772283272283272,-0.262445060060779,0.730581340336127,0.804227405139176,0.782061926546308,"SOS1",1
"GO:0051250","negative regulation of lymphocyte activation","1/147","78/8855",0.0128205128205128,0.772283272283272,-0.262445060060779,0.730581340336127,0.804227405139176,0.782061926546308,"ID2",1
"GO:0006937","regulation of muscle contraction","1/147","79/8855",0.0126582278481013,0.762507534659433,-0.275476331051573,0.73509365011972,0.80816768048272,0.785893603142509,"ADRA1B",1
"GO:0046546","development of primary male sexual characteristics","1/147","79/8855",0.0126582278481013,0.762507534659433,-0.275476331051573,0.73509365011972,0.80816768048272,0.785893603142509,"ATN1",1
"GO:0120161","regulation of cold-induced thermogenesis","1/147","79/8855",0.0126582278481013,0.762507534659433,-0.275476331051573,0.73509365011972,0.80816768048272,0.785893603142509,"DYNC1H1",1
"GO:0001818","negative regulation of cytokine production","2/147","156/8855",0.0128205128205128,0.772283272283272,-0.372813632102757,0.735933616696269,0.808407214621135,0.786126535430771,"GIT1/PDCD4",2
"GO:1901342","regulation of vasculature development","2/147","156/8855",0.0128205128205128,0.772283272283272,-0.372813632102757,0.735933616696269,0.808407214621135,0.786126535430771,"TNFRSF12A/FYN",2
"GO:0002833","positive regulation of response to biotic stimulus","3/147","229/8855",0.0131004366812227,0.78914535246413,-0.420015587585281,0.737578765843434,0.809872079605866,0.78755102696733,"FYN/RPS19/LAMP1",3
"GO:0007338","single fertilization","1/147","80/8855",0.0125,0.75297619047619,-0.288356311699427,0.73953089185085,0.810987674228,0.788635874454315,"CD9",1
"GO:0036503","ERAD pathway","1/147","80/8855",0.0125,0.75297619047619,-0.288356311699427,0.73953089185085,0.810987674228,0.788635874454315,"VCP",1
"GO:0055002","striated muscle cell development","1/147","80/8855",0.0125,0.75297619047619,-0.288356311699427,0.73953089185085,0.810987674228,0.788635874454315,"TBX3",1
"GO:0008286","insulin receptor signaling pathway","1/147","81/8855",0.0123456790123457,0.743680188124633,-0.301089136441424,0.743894305970272,0.815084865605707,0.792620142289262,"SOS1",1
"GO:0106106","cold-induced thermogenesis","1/147","81/8855",0.0123456790123457,0.743680188124633,-0.301089136441424,0.743894305970272,0.815084865605707,0.792620142289262,"DYNC1H1",1
"GO:0007173","epidermal growth factor receptor signaling pathway","1/147","82/8855",0.0121951219512195,0.734610917537747,-0.313678772989979,0.748185112560467,0.818750782124064,0.796185021720856,"SOS1",1
"GO:0033045","regulation of sister chromatid segregation","1/147","82/8855",0.0121951219512195,0.734610917537747,-0.313678772989979,0.748185112560467,0.818750782124064,0.796185021720856,"BUB3",1
"GO:0070374","positive regulation of ERK1 and ERK2 cascade","1/147","82/8855",0.0121951219512195,0.734610917537747,-0.313678772989979,0.748185112560467,0.818750782124064,0.796185021720856,"MAP2K7",1
"GO:0006936","muscle contraction","2/147","160/8855",0.0125,0.75297619047619,-0.409669120167074,0.748645718439503,0.818910026188665,0.796339876826709,"TBX3/ADRA1B",2
"GO:0007283","spermatogenesis","4/147","305/8855",0.0131147540983607,0.790007806401249,-0.484885535053506,0.7510246758025,0.821166652255237,0.798534307553441,"PAFAH1B3/ALKBH5/ATN1/DEDD",4
"GO:0006865","amino acid transport","1/147","83/8855",0.0120481927710843,0.725760183591509,-0.326129031087849,0.752404511677486,0.821983743526602,0.799328878802524,"SLC43A1",1
"GO:0030216","keratinocyte differentiation","1/147","83/8855",0.0120481927710843,0.725760183591509,-0.326129031087849,0.752404511677486,0.821983743526602,0.799328878802524,"KRT86",1
"GO:0008016","regulation of heart contraction","1/147","84/8855",0.0119047619047619,0.717120181405896,-0.338443570701213,0.756553683677419,0.825475660737872,0.802724554558081,"ADRA1B",1
"GO:0030902","hindbrain development","1/147","84/8855",0.0119047619047619,0.717120181405896,-0.338443570701213,0.756553683677419,0.825475660737872,0.802724554558081,"TP53",1
"GO:0043244","regulation of protein-containing complex disassembly","1/147","84/8855",0.0119047619047619,0.717120181405896,-0.338443570701213,0.756553683677419,0.825475660737872,0.802724554558081,"TMEM39A",1
"GO:0090407","organophosphate biosynthetic process","5/147","379/8855",0.0131926121372032,0.794697826360096,-0.530746201286269,0.760444552255381,0.828883529982455,0.806038498810422,"TPI1/PPCDC/VCP/IMPDH2/MPI",5
"GO:0043524","negative regulation of neuron apoptotic process","1/147","85/8855",0.0117647058823529,0.708683473389356,-0.350625909693236,0.760633789537574,0.828883529982455,0.806038498810422,"FYN",1
"GO:0090101","negative regulation of transmembrane receptor protein serine/threonine kinase signaling pathway","1/147","85/8855",0.0117647058823529,0.708683473389356,-0.350625909693236,0.760633789537574,0.828883529982455,0.806038498810422,"TP53",1
"GO:0030100","regulation of endocytosis","2/147","165/8855",0.0121212121212121,0.73015873015873,-0.454579317037508,0.76379907543259,0.831512501705954,0.808595012898077,"ARF1/LMAN2",2
"GO:0002706","regulation of lymphocyte mediated immunity","1/147","86/8855",0.0116279069767442,0.700442967884828,-0.362679431016856,0.764645971172463,0.831512501705954,0.808595012898077,"LAMP1",1
"GO:0017015","regulation of transforming growth factor beta receptor signaling pathway","1/147","86/8855",0.0116279069767442,0.700442967884828,-0.362679431016856,0.764645971172463,0.831512501705954,0.808595012898077,"TP53",1
"GO:0031214","biomineral tissue development","1/147","86/8855",0.0116279069767442,0.700442967884828,-0.362679431016856,0.764645971172463,0.831512501705954,0.808595012898077,"BMPR2",1
"GO:0048592","eye morphogenesis","1/147","86/8855",0.0116279069767442,0.700442967884828,-0.362679431016856,0.764645971172463,0.831512501705954,0.808595012898077,"RARG",1
"GO:0048232","male gamete generation","4/147","312/8855",0.0128205128205128,0.772283272283272,-0.532030149857382,0.766711118737166,0.833085675363682,0.810124827989794,"PAFAH1B3/ALKBH5/ATN1/DEDD",4
"GO:0046942","carboxylic acid transport","2/147","166/8855",0.0120481927710843,0.725760183591509,-0.463413702278915,0.766733718918787,0.833085675363682,0.810124827989794,"SLC43A1/SLC16A11",2
"GO:0044057","regulation of system process","3/147","241/8855",0.012448132780083,0.749851807943094,-0.511531840780081,0.768478791706295,0.833362087269248,0.810393621649405,"ZMYND8/ADRA1B/BMPR2",3
"GO:0001889","liver development","1/147","87/8855",0.0114942528735632,0.692391899288451,-0.374607389462233,0.768591351744666,0.833362087269248,0.810393621649405,"TBX3",1
"GO:0007224","smoothened signaling pathway","1/147","87/8855",0.0114942528735632,0.692391899288451,-0.374607389462233,0.768591351744666,0.833362087269248,0.810393621649405,"VCP",1
"GO:0035967","cellular response to topologically incorrect protein","1/147","87/8855",0.0114942528735632,0.692391899288451,-0.374607389462233,0.768591351744666,0.833362087269248,0.810393621649405,"VCP",1
"GO:0043087","regulation of GTPase activity","1/147","87/8855",0.0114942528735632,0.692391899288451,-0.374607389462233,0.768591351744666,0.833362087269248,0.810393621649405,"CORO1C",1
"GO:0015849","organic acid transport","2/147","167/8855",0.0119760479041916,0.721414314228686,-0.472200392026761,0.769636878674973,0.833783358000115,0.81080328165014,"SLC43A1/SLC16A11",2
"GO:0001935","endothelial cell proliferation","1/147","88/8855",0.0113636363636364,0.68452380952381,-0.386412917991285,0.772471035970662,0.833783358000115,0.81080328165014,"BMPR2",1
"GO:0006941","striated muscle contraction","1/147","88/8855",0.0113636363636364,0.68452380952381,-0.386412917991285,0.772471035970662,0.833783358000115,0.81080328165014,"ADRA1B",1
"GO:0045664","regulation of neuron differentiation","1/147","88/8855",0.0113636363636364,0.68452380952381,-0.386412917991285,0.772471035970662,0.833783358000115,0.81080328165014,"ID2",1
"GO:0050792","regulation of viral process","1/147","88/8855",0.0113636363636364,0.68452380952381,-0.386412917991285,0.772471035970662,0.833783358000115,0.81080328165014,"TMEM39A",1
"GO:0051347","positive regulation of transferase activity","1/147","88/8855",0.0113636363636364,0.68452380952381,-0.386412917991285,0.772471035970662,0.833783358000115,0.81080328165014,"DSCC1",1
"GO:0061008","hepaticobiliary system development","1/147","88/8855",0.0113636363636364,0.68452380952381,-0.386412917991285,0.772471035970662,0.833783358000115,0.81080328165014,"TBX3",1
"GO:0062013","positive regulation of small molecule metabolic process","1/147","88/8855",0.0113636363636364,0.68452380952381,-0.386412917991285,0.772471035970662,0.833783358000115,0.81080328165014,"VCP",1
"GO:0097553","calcium ion transmembrane import into cytosol","1/147","88/8855",0.0113636363636364,0.68452380952381,-0.386412917991285,0.772471035970662,0.833783358000115,0.81080328165014,"FYN",1
"GO:1903844","regulation of cellular response to transforming growth factor beta stimulus","1/147","88/8855",0.0113636363636364,0.68452380952381,-0.386412917991285,0.772471035970662,0.833783358000115,0.81080328165014,"TP53",1
"GO:0032868","response to insulin","2/147","168/8855",0.0119047619047619,0.717120181405896,-0.480940013176052,0.772508782633428,0.833783358000115,0.81080328165014,"SOS1/RPS6",2
"GO:0045785","positive regulation of cell adhesion","3/147","243/8855",0.0123456790123457,0.743680188124633,-0.526383803558403,0.773332775868443,0.83432622851062,0.811331189993722,"FYN/PREX1/TNFRSF18",3
"GO:0050865","regulation of cell activation","4/147","316/8855",0.0126582278481013,0.762507534659433,-0.558546180520036,0.775326907328581,0.836130552758083,0.813085784885749,"CD9/FYN/ID2/SOS1",4
"GO:0016050","vesicle organization","3/147","244/8855",0.0122950819672131,0.740632318501171,-0.533768811972699,0.775728690525548,0.836216867140564,0.813169720339602,"RAB11A/CORO1C/TRAPPC12",3
"GO:0051223","regulation of protein transport","3/147","245/8855",0.0122448979591837,0.737609329446064,-0.541126835393044,0.778104008609959,0.838142215374761,0.815042003651121,"RAB11A/ANP32B/PKIG",3
"GO:0010959","regulation of metal ion transport","2/147","170/8855",0.0117647058823529,0.708683473389356,-0.498280496472338,0.778159740553789,0.838142215374761,0.815042003651121,"FYN/PER1",2
"GO:0010976","positive regulation of neuron projection development","1/147","90/8855",0.0111111111111111,0.669312169312169,-0.409668643359224,0.780037643819837,0.839469083348968,0.816332301541431,"FYN",1
"GO:0050954","sensory perception of mechanical stimulus","1/147","90/8855",0.0111111111111111,0.669312169312169,-0.409668643359224,0.780037643819837,0.839469083348968,0.816332301541431,"FYN",1
"GO:0002366","leukocyte activation involved in immune response","2/147","172/8855",0.0116279069767442,0.700442967884828,-0.515439928485744,0.783688437426305,0.842044506146453,0.818836742576146,"TP53/LAMP1",2
"GO:0002695","negative regulation of leukocyte activation","1/147","91/8855",0.010989010989011,0.661957090528519,-0.421124548788677,0.783726687329077,0.842044506146453,0.818836742576146,"ID2",1
"GO:0071456","cellular response to hypoxia","1/147","91/8855",0.010989010989011,0.661957090528519,-0.421124548788677,0.783726687329077,0.842044506146453,0.818836742576146,"TP53",1
"GO:1990845","adaptive thermogenesis","1/147","91/8855",0.010989010989011,0.661957090528519,-0.421124548788677,0.783726687329077,0.842044506146453,0.818836742576146,"DYNC1H1",1
"GO:0010562","positive regulation of phosphorus metabolic process","2/147","173/8855",0.0115606936416185,0.696394164602257,-0.523953193102915,0.786407518309575,0.844197095839179,0.820930004297146,"VCP/TNFRSF18",2
"GO:0045937","positive regulation of phosphate metabolic process","2/147","173/8855",0.0115606936416185,0.696394164602257,-0.523953193102915,0.786407518309575,0.844197095839179,0.820930004297146,"VCP/TNFRSF18",2
"GO:0006633","fatty acid biosynthetic process","1/147","92/8855",0.0108695652173913,0.654761904761905,-0.432469451704418,0.787354274841928,0.844197095839179,0.820930004297146,"FADS3",1
"GO:0038127","ERBB signaling pathway","1/147","92/8855",0.0108695652173913,0.654761904761905,-0.432469451704418,0.787354274841928,0.844197095839179,0.820930004297146,"SOS1",1
"GO:0170039","proteinogenic amino acid metabolic process","1/147","92/8855",0.0108695652173913,0.654761904761905,-0.432469451704418,0.787354274841928,0.844197095839179,0.820930004297146,"ASL",1
"GO:0001817","regulation of cytokine production","5/147","394/8855",0.0126903553299492,0.764442832970752,-0.621445148558726,0.789506598994414,0.845927892615598,0.822613098224034,"C5/GIT1/ELF1/PDCD4/PER1",5
"GO:0010506","regulation of autophagy","3/147","250/8855",0.012,0.722857142857143,-0.577520590593998,0.789674948969318,0.845927892615598,0.822613098224034,"KEAP1/TP53/TMEM39A",3
"GO:0001659","temperature homeostasis","1/147","93/8855",0.010752688172043,0.647721454173067,-0.443705958443752,0.790921423261217,0.845927892615598,0.822613098224034,"DYNC1H1",1
"GO:0007519","skeletal muscle tissue development","1/147","93/8855",0.010752688172043,0.647721454173067,-0.443705958443752,0.790921423261217,0.845927892615598,0.822613098224034,"PPIF",1
"GO:0051090","regulation of DNA-binding transcription factor activity","1/147","93/8855",0.010752688172043,0.647721454173067,-0.443705958443752,0.790921423261217,0.845927892615598,0.822613098224034,"ID2",1
"GO:0055001","muscle cell development","1/147","93/8855",0.010752688172043,0.647721454173067,-0.443705958443752,0.790921423261217,0.845927892615598,0.822613098224034,"TBX3",1
"GO:0002263","cell activation involved in immune response","2/147","175/8855",0.0114285714285714,0.68843537414966,-0.540849610177091,0.791756311929219,0.846472502963406,0.823142698452902,"TP53/LAMP1",2
"GO:0001816","cytokine production","5/147","396/8855",0.0126262626262626,0.760582010582011,-0.633306690140206,0.79316879571611,0.847238947923023,0.823888019263756,"C5/GIT1/ELF1/PDCD4/PER1",5
"GO:0001666","response to hypoxia","2/147","176/8855",0.0113636363636364,0.68452380952381,-0.549233847575729,0.794386493186849,0.847238947923023,0.823888019263756,"ALKBH5/TP53",2
"GO:0006066","alcohol metabolic process","2/147","176/8855",0.0113636363636364,0.68452380952381,-0.549233847575729,0.794386493186849,0.847238947923023,0.823888019263756,"TPI1/NUDT3",2
"GO:0043085","positive regulation of catalytic activity","2/147","176/8855",0.0113636363636364,0.68452380952381,-0.549233847575729,0.794386493186849,0.847238947923023,0.823888019263756,"CORO1C/DSCC1",2
"GO:0006665","sphingolipid metabolic process","1/147","94/8855",0.0106382978723404,0.640830800405269,-0.454836584357426,0.794429132777378,0.847238947923023,0.823888019263756,"FADS3",1
"GO:0060041","retina development in camera-type eye","1/147","94/8855",0.0106382978723404,0.640830800405269,-0.454836584357426,0.794429132777378,0.847238947923023,0.823888019263756,"BMPR2",1
"GO:0010608","post-transcriptional regulation of gene expression","6/147","468/8855",0.0128205128205128,0.772283272283272,-0.657633238440095,0.796444366638474,0.849039749341015,0.825639188419747,"ALKBH5/METTL16/TBRG4/TP53/FASTK/PER1",6
"GO:0046394","carboxylic acid biosynthetic process","2/147","177/8855",0.0112994350282486,0.680656443368308,-0.557576144048329,0.7969875105299,0.849270414049697,0.825863495730472,"ASL/FADS3",2
"GO:0051701","biological process involved in interaction with host","1/147","95/8855",0.0105263157894737,0.634085213032581,-0.465863757963661,0.797878387141232,0.849871282041009,0.826447803074245,"LAMP1",1
"GO:0010038","response to metal ion","2/147","178/8855",0.0112359550561798,0.676832530765115,-0.565877017242014,0.799559599259316,0.850347541882479,0.82691093661928,"PPIF/ID2",2
"GO:0016053","organic acid biosynthetic process","2/147","178/8855",0.0112359550561798,0.676832530765115,-0.565877017242014,0.799559599259316,0.850347541882479,0.82691093661928,"ASL/FADS3",2
"GO:0008284","positive regulation of cell population proliferation","6/147","470/8855",0.0127659574468085,0.768996960486322,-0.668627609470126,0.799764532754801,0.850347541882479,0.82691093661928,"ID2/TBX3/TBRG4/RPS6/RARG/FGF3",6
"GO:0051249","regulation of lymphocyte activation","3/147","255/8855",0.0117647058823529,0.708683473389356,-0.613274919013562,0.8007454387312,0.850347541882479,0.82691093661928,"FYN/ID2/SOS1",3
"GO:0000956","nuclear-transcribed mRNA catabolic process","1/147","96/8855",0.0104166666666667,0.627480158730159,-0.476789824869697,0.801270153932355,0.850347541882479,0.82691093661928,"EXOSC2",1
"GO:0009566","fertilization","1/147","96/8855",0.0104166666666667,0.627480158730159,-0.476789824869697,0.801270153932355,0.850347541882479,0.82691093661928,"CD9",1
"GO:0030178","negative regulation of Wnt signaling pathway","1/147","96/8855",0.0104166666666667,0.627480158730159,-0.476789824869697,0.801270153932355,0.850347541882479,0.82691093661928,"KREMEN1",1
"GO:0061138","morphogenesis of a branching epithelium","1/147","96/8855",0.0104166666666667,0.627480158730159,-0.476789824869697,0.801270153932355,0.850347541882479,0.82691093661928,"TBX3",1
"GO:0170033","L-amino acid metabolic process","1/147","96/8855",0.0104166666666667,0.627480158730159,-0.476789824869697,0.801270153932355,0.850347541882479,0.82691093661928,"ASL",1
"GO:0007219","Notch signaling pathway","1/147","97/8855",0.0103092783505155,0.621011291114384,-0.487617051476174,0.80460538482309,0.853203593997598,0.829688272488703,"TSPAN5",1
"GO:0016042","lipid catabolic process","2/147","180/8855",0.0111111111111111,0.669312169312169,-0.58235651712228,0.804617933392887,0.853203593997598,0.829688272488703,"PAFAH1B3/FMC1",2
"GO:0030522","intracellular receptor signaling pathway","3/147","257/8855",0.0116731517509728,0.703168426903836,-0.627403808965062,0.805036344508618,0.853299126989355,0.829781172475827,"RARG/ESRRA/PER1",3
"GO:0031109","microtubule polymerization or depolymerization","1/147","98/8855",0.0102040816326531,0.614674441205053,-0.498347628478539,0.807885015838277,0.854923923519414,0.831361187651167,"GIT1",1
"GO:0036294","cellular response to decreased oxygen levels","1/147","98/8855",0.0102040816326531,0.614674441205053,-0.498347628478539,0.807885015838277,0.854923923519414,0.831361187651167,"TP53",1
"GO:0051028","mRNA transport","1/147","98/8855",0.0102040816326531,0.614674441205053,-0.498347628478539,0.807885015838277,0.854923923519414,0.831361187651167,"ALKBH5",1
"GO:0051983","regulation of chromosome segregation","1/147","98/8855",0.0102040816326531,0.614674441205053,-0.498347628478539,0.807885015838277,0.854923923519414,0.831361187651167,"BUB3",1
"GO:0007517","muscle organ development","2/147","182/8855",0.010989010989011,0.661957090528519,-0.598676302514575,0.809563382229909,0.856351335130457,0.83274925807425,"PPIF/FGF3",2
"GO:0048514","blood vessel morphogenesis","4/147","334/8855",0.0119760479041916,0.721414314228686,-0.67430435503238,0.811056025887637,0.857520155028303,0.833885863884067,"TNFRSF12A/FYN/NFATC3/SOS1",4
"GO:0045088","regulation of innate immune response","3/147","260/8855",0.0115384615384615,0.695054945054945,-0.648417227084539,0.811328226708194,0.857520155028303,0.833885863884067,"FYN/RPS19/LAMP1",3
"GO:0030003","intracellular monoatomic cation homeostasis","3/147","261/8855",0.0114942528735632,0.692391899288451,-0.65537453596661,0.81338742187739,0.859347117666397,0.835662473225337,"CYB561/ARF1/LAMP1",3
"GO:0060538","skeletal muscle organ development","1/147","100/8855",0.01,0.602380952380952,-0.519527237618196,0.814281145632842,0.859715665771078,0.836020863699139,"PPIF",1
"GO:0050863","regulation of T cell activation","2/147","184/8855",0.0108695652173913,0.654761904761905,-0.614840187368012,0.814397833446862,0.859715665771078,0.836020863699139,"FYN/SOS1",2
"GO:0048545","response to steroid hormone","2/147","185/8855",0.0108108108108108,0.651222651222651,-0.622864821933604,0.816774024609974,0.861874011352546,0.838119722669636,"ESRRA/PER1",2
"GO:0022408","negative regulation of cell-cell adhesion","1/147","101/8855",0.0099009900990099,0.596416784535596,-0.529980301546783,0.817399440503427,0.862183906602438,0.838421076832164,"CD9",1
"GO:0036293","response to decreased oxygen levels","2/147","186/8855",0.010752688172043,0.647721454173067,-0.630851850882249,0.819123173654732,0.863651573358479,0.83984829291983,"ALKBH5/TP53",2
"GO:0000018","regulation of DNA recombination","1/147","102/8855",0.00980392156862745,0.590569561157796,-0.540344785232437,0.820465728171464,0.863665624754004,0.839861957041925,"RTEL1",1
"GO:0001763","morphogenesis of a branching structure","1/147","102/8855",0.00980392156862745,0.590569561157796,-0.540344785232437,0.820465728171464,0.863665624754004,0.839861957041925,"TBX3",1
"GO:0006836","neurotransmitter transport","1/147","102/8855",0.00980392156862745,0.590569561157796,-0.540344785232437,0.820465728171464,0.863665624754004,0.839861957041925,"GIT1",1
"GO:0060047","heart contraction","1/147","102/8855",0.00980392156862745,0.590569561157796,-0.540344785232437,0.820465728171464,0.863665624754004,0.839861957041925,"ADRA1B",1
"GO:0006873","intracellular monoatomic ion homeostasis","3/147","266/8855",0.0112781954887218,0.67937701396348,-0.689816196970707,0.82340255896902,0.865787533003792,0.841925382937609,"CYB561/ARF1/LAMP1",3
"GO:0009612","response to mechanical stimulus","1/147","103/8855",0.00970873786407767,0.584835876098012,-0.550622547126895,0.823480870175211,0.865787533003792,0.841925382937609,"FYN",1
"GO:0140013","meiotic nuclear division","1/147","103/8855",0.00970873786407767,0.584835876098012,-0.550622547126895,0.823480870175211,0.865787533003792,0.841925382937609,"SPIRE1",1
"GO:0050878","regulation of body fluid levels","2/147","189/8855",0.0105820105820106,0.637440161249685,-0.654591664545195,0.826010719875671,0.868096183160886,0.844170403908097,"CD9/GNA12",2
"GO:0019722","calcium-mediated signaling","1/147","105/8855",0.00952380952380952,0.573696145124717,-0.570925050303467,0.829361092698411,0.869858547184491,0.845884195050713,"NFATC3",1
"GO:0030324","lung development","1/147","105/8855",0.00952380952380952,0.573696145124717,-0.570925050303467,0.829361092698411,0.869858547184491,0.845884195050713,"BMPR2",1
"GO:0048469","cell maturation","1/147","105/8855",0.00952380952380952,0.573696145124717,-0.570925050303467,0.829361092698411,0.869858547184491,0.845884195050713,"ID2",1
"GO:0050670","regulation of lymphocyte proliferation","1/147","105/8855",0.00952380952380952,0.573696145124717,-0.570925050303467,0.829361092698411,0.869858547184491,0.845884195050713,"SOS1",1
"GO:0051924","regulation of calcium ion transport","1/147","105/8855",0.00952380952380952,0.573696145124717,-0.570925050303467,0.829361092698411,0.869858547184491,0.845884195050713,"FYN",1
"GO:0045580","regulation of T cell differentiation","1/147","106/8855",0.00943396226415094,0.568283917340521,-0.580953226517631,0.832227826341077,0.872513158798088,0.848465642362127,"SOS1",1
"GO:0007159","leukocyte cell-cell adhesion","2/147","193/8855",0.0103626943005181,0.624228966197878,-0.685744101104182,0.834829760876834,0.874058166703835,0.849968067984005,"FYN/MADCAM1",2
"GO:0045087","innate immune response","6/147","493/8855",0.0121703853955375,0.733120834540713,-0.792231789146512,0.835028890833037,0.874058166703835,0.849968067984005,"FYN/RPS19/C5/SPIRE1/TP53/LAMP1",6
"GO:0071453","cellular response to oxygen levels","1/147","107/8855",0.00934579439252336,0.562972852692479,-0.59090155524521,0.835046721017939,0.874058166703835,0.849968067984005,"TP53",1
"GO:2000241","regulation of reproductive process","1/147","107/8855",0.00934579439252336,0.562972852692479,-0.59090155524521,0.835046721017939,0.874058166703835,0.849968067984005,"CDC25A",1
"GO:0032940","secretion by cell","5/147","422/8855",0.0118483412322275,0.71372150756037,-0.782930321518903,0.836398840891358,0.874845505252296,0.85073370653116,"RAB11A/GIT1/TBX3/PDIA4/LAMP1",5
"GO:0044283","small molecule biosynthetic process","4/147","349/8855",0.0114613180515759,0.690407968344931,-0.766670962035737,0.837200514382488,0.874845505252296,0.85073370653116,"TPI1/ASL/MDH2/FADS3",4
"GO:0030323","respiratory tube development","1/147","108/8855",0.00925925925925926,0.557760141093474,-0.60077162630203,0.837818569670244,0.874845505252296,0.85073370653116,"BMPR2",1
"GO:0032944","regulation of mononuclear cell proliferation","1/147","108/8855",0.00925925925925926,0.557760141093474,-0.60077162630203,0.837818569670244,0.874845505252296,0.85073370653116,"SOS1",1
"GO:0051336","regulation of hydrolase activity","1/147","108/8855",0.00925925925925926,0.557760141093474,-0.60077162630203,0.837818569670244,0.874845505252296,0.85073370653116,"CORO1C",1
"GO:0051897","positive regulation of phosphatidylinositol 3-kinase/protein kinase B signal transduction","1/147","108/8855",0.00925925925925926,0.557760141093474,-0.60077162630203,0.837818569670244,0.874845505252296,0.85073370653116,"FYN",1
"GO:0007169","cell surface receptor protein tyrosine kinase signaling pathway","4/147","350/8855",0.0114285714285714,0.68843537414966,-0.772705889595118,0.838831892764253,0.875551843090078,0.851420576845053,"FYN/GIT1/SOS1/FGF3",4
"GO:0120031","plasma membrane bounded cell projection assembly","4/147","351/8855",0.0113960113960114,0.686474019807353,-0.778726013736949,0.840449708732793,0.876634932395417,0.852473814901034,"ZMYND8/RAB11A/CORO1C/USP9X",4
"GO:0021543","pallium development","1/147","109/8855",0.00917431192660551,0.552643075578856,-0.610564982065059,0.840544152185217,0.876634932395417,0.852473814901034,"FYN",1
"GO:0043603","amide metabolic process","3/147","276/8855",0.0108695652173913,0.654761904761905,-0.757049252490108,0.842073276172054,0.877877434725699,0.853682072366458,"ASL/PPCDC/TP53",3
"GO:0008406","gonad development","1/147","110/8855",0.00909090909090909,0.547619047619048,-0.620283119332267,0.8432242356095,0.878043468180392,0.853843529738613,"ATN1",1
"GO:0061025","membrane fusion","1/147","110/8855",0.00909090909090909,0.547619047619048,-0.620283119332267,0.8432242356095,0.878043468180392,0.853843529738613,"CD9",1
"GO:0002697","regulation of immune effector process","2/147","197/8855",0.0101522842639594,0.611554266376601,-0.716347738590548,0.843246054858892,0.878043468180392,0.853843529738613,"RPS19/LAMP1",2
"GO:0044403","biological process involved in symbiotic interaction","1/147","111/8855",0.00900900900900901,0.542685542685543,-0.629927491092813,0.845859574359117,0.879707496502339,0.855461695430273,"LAMP1",1
"GO:0045137","development of primary sexual characteristics","1/147","111/8855",0.00900900900900901,0.542685542685543,-0.629927491092813,0.845859574359117,0.879707496502339,0.855461695430273,"ATN1",1
"GO:1901605","alpha-amino acid metabolic process","1/147","111/8855",0.00900900900900901,0.542685542685543,-0.629927491092813,0.845859574359117,0.879707496502339,0.855461695430273,"ASL",1
"GO:0070482","response to oxygen levels","2/147","199/8855",0.0100502512562814,0.605407992342666,-0.731451297847288,0.847307786282306,0.880861174619085,0.856583576784765,"ALKBH5/TP53",2
"GO:0006413","translational initiation","1/147","112/8855",0.00892857142857143,0.537840136054422,-0.639499508212683,0.848450910426044,0.881344490886206,0.857053572271838,"LTO1",1
"GO:0006814","sodium ion transport","1/147","112/8855",0.00892857142857143,0.537840136054422,-0.639499508212683,0.848450910426044,0.881344490886206,0.857053572271838,"PER1",1
"GO:0002443","leukocyte mediated immunity","2/147","201/8855",0.00995024875621891,0.599384032219853,-0.746426508911812,0.851274344076603,0.883702136529441,0.859346238353694,"C5/LAMP1",2
"GO:0030031","cell projection assembly","4/147","358/8855",0.0111731843575419,0.673051343442405,-0.820460122216311,0.851400596333098,0.883702136529441,0.859346238353694,"ZMYND8/RAB11A/CORO1C/USP9X",4
"GO:0019216","regulation of lipid metabolic process","2/147","202/8855",0.0099009900990099,0.596416784535596,-0.753866847672601,0.853222499149836,0.884825746954323,0.860438880718223,"ID2/FMC1",2
"GO:0002064","epithelial cell development","1/147","114/8855",0.0087719298245614,0.528404344193818,-0.658431920938217,0.853504481575409,0.884825746954323,0.860438880718223,"RARG",1
"GO:0042742","defense response to bacterium","1/147","114/8855",0.0087719298245614,0.528404344193818,-0.658431920938217,0.853504481575409,0.884825746954323,0.860438880718223,"RPS19",1
"GO:0002250","adaptive immune response","2/147","203/8855",0.00985221674876847,0.593478770818672,-0.761276124836247,0.855147538508307,0.886175619052269,0.861751548710839,"FYN/C5",2
"GO:0031347","regulation of defense response","5/147","437/8855",0.011441647597254,0.68922305764411,-0.865673779397058,0.857826217053654,0.888597185381605,0.864106373747487,"FYN/RPS19/GIT1/PDCD4/LAMP1",5
"GO:0019725","cellular homeostasis","5/147","439/8855",0.0113895216400911,0.686083089272155,-0.876523016246196,0.86050042190959,0.890939141626427,0.8663837828497,"CYB561/GIT1/ASL/ARF1/LAMP1",5
"GO:0090257","regulation of muscle system process","1/147","117/8855",0.00854700854700855,0.514855514855515,-0.686320902046701,0.860772675884555,0.890939141626427,0.8663837828497,"ADRA1B",1
"GO:0002694","regulation of leukocyte activation","3/147","288/8855",0.0104166666666667,0.627480158730159,-0.835026937240821,0.862220949069471,0.892082900729122,0.867496018570147,"FYN/ID2/SOS1",3
"GO:0051051","negative regulation of transport","2/147","208/8855",0.00961538461538462,0.579212454212454,-0.797867970852301,0.864433800753035,0.894016493496673,0.869376319185724,"SLC43A1/PKIG",2
"GO:0050657","nucleic acid transport","1/147","119/8855",0.00840336134453781,0.506202480992397,-0.70458807342622,0.865417998428361,0.894322615473285,0.869674004070941,"ALKBH5",1
"GO:0050658","RNA transport","1/147","119/8855",0.00840336134453781,0.506202480992397,-0.70458807342622,0.865417998428361,0.894322615473285,0.869674004070941,"ALKBH5",1
"GO:0003012","muscle system process","2/147","211/8855",0.00947867298578199,0.570977206048296,-0.819470702472702,0.86974233911613,0.89789293015572,0.873145916568673,"TBX3/ADRA1B",2
"GO:0051236","establishment of RNA localization","1/147","121/8855",0.00826446280991736,0.497835497835498,-0.72260558968451,0.869909349031205,0.89789293015572,0.873145916568673,"ALKBH5",1
"GO:0070663","regulation of leukocyte proliferation","1/147","121/8855",0.00826446280991736,0.497835497835498,-0.72260558968451,0.869909349031205,0.89789293015572,0.873145916568673,"SOS1",1
"GO:0055082","intracellular chemical homeostasis","4/147","372/8855",0.010752688172043,0.647721454173067,-0.901887042457935,0.871417537243181,0.899081704829438,0.874301927176639,"CYB561/ASL/ARF1/LAMP1",4
"GO:0002274","myeloid leukocyte activation","1/147","122/8855",0.00819672131147541,0.493754879000781,-0.731523448900693,0.872098875673341,0.899081704829438,0.874301927176639,"PREX1",1
"GO:0050870","positive regulation of T cell activation","1/147","122/8855",0.00819672131147541,0.493754879000781,-0.731523448900693,0.872098875673341,0.899081704829438,0.874301927176639,"FYN",1
"GO:0055080","monoatomic cation homeostasis","3/147","295/8855",0.0101694915254237,0.612590799031477,-0.879251813332821,0.872911005091157,0.899517189783896,0.874725409639794,"CYB561/ARF1/LAMP1",3
"GO:1901699","cellular response to nitrogen compound","4/147","374/8855",0.0106951871657754,0.644257703081232,-0.913307429130302,0.874080946938947,0.899517189783896,0.874725409639794,"FYN/SOS1/TP53/TOP1",4
"GO:0002703","regulation of leukocyte mediated immunity","1/147","123/8855",0.00813008130081301,0.489740611691831,-0.740382103237064,0.874251797381347,0.899517189783896,0.874725409639794,"LAMP1",1
"GO:0006643","membrane lipid metabolic process","1/147","123/8855",0.00813008130081301,0.489740611691831,-0.740382103237064,0.874251797381347,0.899517189783896,0.874725409639794,"FADS3",1
"GO:0019827","stem cell population maintenance","1/147","123/8855",0.00813008130081301,0.489740611691831,-0.740382103237064,0.874251797381347,0.899517189783896,0.874725409639794,"TBX3",1
"GO:0072330","monocarboxylic acid biosynthetic process","1/147","124/8855",0.00806451612903226,0.4857910906298,-0.749182564468528,0.876368722001702,0.901338467939226,0.876496491169511,"FADS3",1
"GO:0050801","monoatomic ion homeostasis","3/147","298/8855",0.0100671140939597,0.606423777564717,-0.897936106406371,0.877265479343292,0.901903868992569,0.87704630908696,"CYB561/ARF1/LAMP1",3
"GO:0098727","maintenance of cell number","1/147","125/8855",0.008,0.481904761904762,-0.757925818273724,0.8784502473557,0.90276480540825,0.877883517055227,"TBX3",1
"GO:0006631","fatty acid metabolic process","2/147","217/8855",0.00921658986175115,0.555189817862629,-0.861920486214493,0.879794385707369,0.903788778044843,0.878879267769251,"EPHX1/FADS3",2
"GO:0002831","regulation of response to biotic stimulus","3/147","302/8855",0.00993377483443709,0.598391674550615,-0.922605753808061,0.882867110840282,0.906586970001538,0.881600338176097,"FYN/RPS19/LAMP1",3
"GO:0001934","positive regulation of protein phosphorylation","1/147","130/8855",0.00769230769230769,0.463369963369963,-0.800816756758325,0.888347127580906,0.911493953644996,0.886372079423922,"TNFRSF18",1
"GO:1903039","positive regulation of leukocyte cell-cell adhesion","1/147","130/8855",0.00769230769230769,0.463369963369963,-0.800816756758325,0.888347127580906,0.911493953644996,0.886372079423922,"FYN",1
"GO:0045444","fat cell differentiation","1/147","132/8855",0.00757575757575758,0.456349206349206,-0.817604497453505,0.89207793172287,0.914960751597372,0.889743328237699,"ID2",1
"GO:0140352","export from cell","5/147","466/8855",0.0107296137339056,0.646331493970979,-1.01906870537849,0.892689761310989,0.915227096507795,0.890002332360712,"RAB11A/GIT1/TBX3/PDIA4/LAMP1",5
"GO:0035195","miRNA-mediated post-transcriptional gene silencing","1/147","133/8855",0.0075187969924812,0.452918009308987,-0.825922721411619,0.893896634466965,0.916103057168628,0.89085415048779,"TP53",1
"GO:0098662","inorganic cation transmembrane transport","4/147","393/8855",0.0101781170483461,0.613110384102751,-1.01933292910267,0.897110693749004,0.919012968984055,0.893683861619132,"FYN/PPIF/LAMP1/SLC48A1",4
"GO:0032869","cellular response to insulin stimulus","1/147","135/8855",0.00740740740740741,0.44620811287478,-0.84241181050448,0.897443214806284,0.919012968984055,0.893683861619132,"SOS1",1
"GO:0060271","cilium assembly","2/147","231/8855",0.00865800865800866,0.521541950113379,-0.957336677358168,0.900541796337499,0.921797795360814,0.896391934817567,"RAB11A/USP9X",2
"GO:0070372","regulation of ERK1 and ERK2 cascade","1/147","137/8855",0.0072992700729927,0.439694125825513,-0.858709451068917,0.900872027786251,0.921797795360814,0.896391934817567,"MAP2K7",1
"GO:0023061","signal release","2/147","232/8855",0.00862068965517241,0.519293924466338,-0.963970240193306,0.901889175501644,0.922475390448159,0.897050854565938,"GIT1/TBX3",2
"GO:0042593","glucose homeostasis","1/147","138/8855",0.0072463768115942,0.436507936507937,-0.866788298574368,0.902543490497357,0.922781483793325,0.897348511608826,"RPS6",1
"GO:0033500","carbohydrate homeostasis","1/147","139/8855",0.00719424460431655,0.433367591640973,-0.874821434874929,0.90418695807759,0.923664409141775,0.898207102468319,"RPS6",1
"GO:1903532","positive regulation of secretion by cell","1/147","139/8855",0.00719424460431655,0.433367591640973,-0.874821434874929,0.90418695807759,0.923664409141775,0.898207102468319,"LAMP1",1
"GO:0022407","regulation of cell-cell adhesion","2/147","234/8855",0.00854700854700855,0.514855514855515,-0.977168415583712,0.904533352994848,0.923664409141775,0.898207102468319,"CD9/FYN",2
"GO:0051247","positive regulation of protein metabolic process","5/147","478/8855",0.0104602510460251,0.630105598724846,-1.08023107003696,0.904828620883017,0.923664409141775,0.898207102468319,"KEAP1/VCP/UBE2V2/GABARAP/TNFRSF18",5
"GO:0042327","positive regulation of phosphorylation","1/147","140/8855",0.00714285714285714,0.430272108843537,-0.882809542865136,0.905802896255951,0.92429592751049,0.898821215428074,"TNFRSF18",1
"GO:0035194","regulatory ncRNA-mediated post-transcriptional gene silencing","1/147","144/8855",0.00694444444444444,0.418320105820106,-0.914324817169487,0.912000402831034,0.929889779112537,0.904260893723984,"TP53",1
"GO:0071695","anatomical structure maturation","1/147","144/8855",0.00694444444444444,0.418320105820106,-0.914324817169487,0.912000402831034,0.929889779112537,0.904260893723984,"ID2",1
"GO:0046903","secretion","5/147","488/8855",0.0102459016393443,0.617193598750976,-1.13024718463821,0.914022152624295,0.931585715557076,0.90591008811184,"RAB11A/GIT1/TBX3/PDIA4/LAMP1",5
"GO:0051222","positive regulation of protein transport","1/147","146/8855",0.00684931506849315,0.412589693411611,-0.929828944042059,0.914945534836822,0.932161287746334,0.906469796836415,"ANP32B",1
"GO:0046879","hormone secretion","1/147","147/8855",0.00680272108843537,0.409782960803369,-0.937519730387921,0.9163811768599,0.933258102922758,0.907536382461895,"TBX3",1
"GO:0098655","monoatomic cation transmembrane transport","4/147","413/8855",0.00968523002421308,0.583419808601407,-1.12647143428287,0.917303905129791,0.933831903420417,0.90809436832483,"FYN/PPIF/LAMP1/SLC48A1",4
"GO:0051047","positive regulation of secretion","1/147","148/8855",0.00675675675675676,0.407014157014157,-0.945170430993597,0.917792748633165,0.933913413589446,0.908173631975157,"LAMP1",1
"GO:0001822","kidney development","1/147","149/8855",0.00671140939597315,0.404282518376478,-0.952781604746672,0.919180651004926,0.933913413589446,0.908173631975157,"ID2",1
"GO:0006403","RNA localization","1/147","149/8855",0.00671140939597315,0.404282518376478,-0.952781604746672,0.919180651004926,0.933913413589446,0.908173631975157,"ALKBH5",1
"GO:0007163","establishment or maintenance of cell polarity","1/147","149/8855",0.00671140939597315,0.404282518376478,-0.952781604746672,0.919180651004926,0.933913413589446,0.908173631975157,"ATN1",1
"GO:0016441","post-transcriptional gene silencing","1/147","149/8855",0.00671140939597315,0.404282518376478,-0.952781604746672,0.919180651004926,0.933913413589446,0.908173631975157,"TP53",1
"GO:0051050","positive regulation of transport","4/147","418/8855",0.00956937799043062,0.576441102756892,-1.15259608814049,0.921769769798726,0.935808520815917,0.910016507757647,"ANP32B/LMAN2/LAMP1/DYNC1H1",4
"GO:0098609","cell-cell adhesion","4/147","418/8855",0.00956937799043062,0.576441102756892,-1.15259608814049,0.921769769798726,0.935808520815917,0.910016507757647,"CD9/FYN/MADCAM1/KRT18",4
"GO:0044782","cilium organization","2/147","249/8855",0.00803212851405622,0.483840122394339,-1.07337743571673,0.922352478674467,0.935808520815917,0.910016507757647,"RAB11A/USP9X",2
"GO:0009914","hormone transport","1/147","152/8855",0.00657894736842105,0.396303258145363,-0.975383377801499,0.923206251393617,0.935808520815917,0.910016507757647,"TBX3",1
"GO:0070371","ERK1 and ERK2 cascade","1/147","152/8855",0.00657894736842105,0.396303258145363,-0.975383377801499,0.923206251393617,0.935808520815917,0.910016507757647,"MAP2K7",1
"GO:0072001","renal system development","1/147","152/8855",0.00657894736842105,0.396303258145363,-0.975383377801499,0.923206251393617,0.935808520815917,0.910016507757647,"ID2",1
"GO:0022409","positive regulation of cell-cell adhesion","1/147","153/8855",0.0065359477124183,0.393713040771864,-0.982841800685769,0.924503353662391,0.93639291354971,0.910584793921894,"FYN",1
"GO:0070588","calcium ion transmembrane transport","1/147","153/8855",0.0065359477124183,0.393713040771864,-0.982841800685769,0.924503353662391,0.93639291354971,0.910584793921894,"FYN",1
"GO:0051896","regulation of phosphatidylinositol 3-kinase/protein kinase B signal transduction","1/147","154/8855",0.00649350649350649,0.391156462585034,-0.990263319708808,0.925778693470669,0.937319370600026,0.911485716696974,"FYN",1
"GO:0002460","adaptive immune response based on somatic recombination of immune receptors built from immunoglobulin superfamily domains","1/147","155/8855",0.00645161290322581,0.38863287250384,-0.997648427361592,0.927032633484438,0.938223447985224,0.912364876617534,"C5",1
"GO:0098771","inorganic ion homeostasis","2/147","256/8855",0.0078125,0.470610119047619,-1.11671116914378,0.929557957728567,0.940413052602782,0.914494133087333,"CYB561/ARF1",2
"GO:0098660","inorganic ion transmembrane transport","4/147","430/8855",0.00930232558139535,0.560354374307863,-1.21428672022587,0.931624739583641,0.942137236645091,0.916170796535049,"FYN/PPIF/LAMP1/SLC48A1",4
"GO:1903530","regulation of secretion by cell","2/147","259/8855",0.00772200772200772,0.465159036587608,-1.13499920432627,0.932449868078031,0.942604903591911,0.916625574015989,"GIT1/LAMP1",2
"GO:0015931","nucleobase-containing compound transport","1/147","160/8855",0.00625,0.376488095238095,-1.03404434548195,0.932993615234005,0.942787871692527,0.916803499294772,"ALKBH5",1
"GO:0090287","regulation of cellular response to growth factor stimulus","1/147","162/8855",0.00617283950617284,0.371840094062316,-1.04836399314324,0.935240247232224,0.944690789955907,0.91865397083256,"TP53",1
"GO:0002758","innate immune response-activating signaling pathway","1/147","169/8855",0.00591715976331361,0.35643843336151,-1.09747024930142,0.942530212844111,0.951684546690694,0.925454971185013,"FYN",1
"GO:0051251","positive regulation of lymphocyte activation","1/147","173/8855",0.00578034682080925,0.348197082301129,-1.12486052698794,0.946323625174155,0.955143728865099,0.928818814120857,"FYN",1
"GO:1903037","regulation of leukocyte cell-cell adhesion","1/147","174/8855",0.00574712643678161,0.346195949644226,-1.13163551493175,0.947232451147364,0.955689883746894,0.929349916314491,"FYN",1
"GO:0051046","regulation of secretion","2/147","283/8855",0.00706713780918728,0.425710920410567,-1.27570985528112,0.951875212425287,0.960001426889143,0.933542628120464,"GIT1/LAMP1",2
"GO:0002218","activation of innate immune response","1/147","182/8855",0.00549450549450549,0.33097854526426,-1.1848415677475,0.953973724108569,0.96137173670344,0.934875170541285,"FYN",1
"GO:0043491","phosphatidylinositol 3-kinase/protein kinase B signal transduction","1/147","182/8855",0.00549450549450549,0.33097854526426,-1.1848415677475,0.953973724108569,0.96137173670344,0.934875170541285,"FYN",1
"GO:0001525","angiogenesis","2/147","287/8855",0.00696864111498258,0.419777667164427,-1.29826956543996,0.954547143179135,0.961412322904497,0.934914638137623,"TNFRSF12A/FYN",2
"GO:0031047","regulatory ncRNA-mediated gene silencing","1/147","183/8855",0.00546448087431694,0.329169919333854,-1.19137272935796,0.95475383047961,0.961412322904497,0.934914638137623,"TP53",1
"GO:0009306","protein secretion","1/147","184/8855",0.00543478260869565,0.327380952380952,-1.19787829607906,0.955520803140992,0.961439631189871,0.93494119377367,"PDIA4",1
"GO:0050678","regulation of epithelial cell proliferation","1/147","184/8855",0.00543478260869565,0.327380952380952,-1.19787829607906,0.955520803140992,0.961439631189871,0.93494119377367,"FMC1",1
"GO:0002696","positive regulation of leukocyte activation","1/147","185/8855",0.00540540540540541,0.325611325611326,-1.20435854868343,0.956274861719965,0.96145391319543,0.934955082149907,"FYN",1
"GO:0035592","establishment of protein localization to extracellular region","1/147","185/8855",0.00540540540540541,0.325611325611326,-1.20435854868343,0.956274861719965,0.96145391319543,0.934955082149907,"PDIA4",1
"GO:0071692","protein localization to extracellular region","1/147","186/8855",0.00537634408602151,0.323860727086534,-1.21081376321222,0.957016222195993,0.961827208618478,0.935318089100248,"PDIA4",1
"GO:0034220","monoatomic ion transmembrane transport","4/147","473/8855",0.00845665961945032,0.509413067552602,-1.42476072236239,0.958438268243021,0.962884058432011,0.936345810856507,"FYN/PPIF/LAMP1/SLC48A1",4
"GO:0021700","developmental maturation","1/147","189/8855",0.00529100529100529,0.318720080624843,-1.23003187000014,0.959166221340956,0.963243048402297,0.936694906629641,"ID2",1
"GO:0050867","positive regulation of cell activation","1/147","193/8855",0.00518134715025907,0.312114483098939,-1.255321440498,0.961867602234585,0.965582811204205,0.938970182742875,"FYN",1
"GO:0006816","calcium ion transport","1/147","199/8855",0.0050251256281407,0.302703996171333,-1.29257069856094,0.965590373149973,0.96869829545621,0.941999800486163,"FYN",1
"GO:0030001","metal ion transport","3/147","401/8855",0.00748129675810474,0.450659066619166,-1.46268982958766,0.965716538486741,0.96869829545621,0.941999800486163,"FYN/PER1/SLC48A1",3
"GO:0022412","cellular process involved in reproduction in multicellular organism","1/147","206/8855",0.00485436893203883,0.292417938049006,-1.3350474209499,0.969479567558046,0.972097760834631,0.945305572493043,"CD9",1
"GO:0009615","response to virus","1/147","223/8855",0.00448430493273543,0.270125987614777,-1.4342135864488,0.977201256253484,0.979462423834479,0.952467256485929,"ARF1",1
"GO:0010817","regulation of hormone levels","1/147","228/8855",0.0043859649122807,0.264202172096909,-1.4623968466928,0.979077948218232,0.980965145496987,0.953928561324504,"TBX3",1
"GO:0001819","positive regulation of cytokine production","1/147","237/8855",0.00421940928270042,0.254169178219811,-1.51209985219059,0.982077552208673,0.983591351903792,0.956482386310931,"C5",1
"GO:0007600","sensory perception","1/147","240/8855",0.00416666666666667,0.250992063492063,-1.52838798693826,0.982979227149886,0.984115181572633,0.956991778601442,"FYN",1
"GO:0050877","nervous system process","3/147","493/8855",0.00608519269776876,0.366560417270356,-1.88036774275166,0.990089073406991,0.990851560178965,0.963542494477509,"FYN/ZMYND8/GIT1",3
"GO:0006417","regulation of translation","1/147","276/8855",0.0036231884057971,0.218253968253968,-1.71423796253507,0.99085156403096,0.991232954163381,0.963913376783086,"ALKBH5",1
"GO:0008610","lipid biosynthetic process","1/147","411/8855",0.0024330900243309,0.146564708608504,-2.3019008460358,0.999129117300258,0.999129117300258,0.971591912127304,"FADS3",1
