"ID","Description","GeneRatio","BgRatio","RichFactor","FoldEnrichment","zScore","pvalue","p.adjust","qvalue","geneID","Count"
"GO:0048702","embryonic neurocranium morphogenesis","2/39","7/8855",0.285714285714286,64.8717948717949,11.2435085664136,0.000391456872532973,0.306589708718827,0.272590898914756,"TULP3/MTHFD1L",2
"GO:1901186","positive regulation of ERBB signaling pathway","2/39","22/8855",0.0909090909090909,20.6410256410256,6.13461990416389,0.0041300824890061,0.306589708718827,0.272590898914756,"RTN4/FASLG",2
"GO:0008053","mitochondrial fusion","2/39","23/8855",0.0869565217391304,19.7435897435897,5.9862304170095,0.0045108877691515,0.306589708718827,0.272590898914756,"MSTO1/PARL",2
"GO:0045332","phospholipid translocation","2/39","23/8855",0.0869565217391304,19.7435897435897,5.9862304170095,0.0045108877691515,0.306589708718827,0.272590898914756,"ATP11A/FASLG",2
"GO:0048701","embryonic cranial skeleton morphogenesis","2/39","23/8855",0.0869565217391304,19.7435897435897,5.9862304170095,0.0045108877691515,0.306589708718827,0.272590898914756,"TULP3/MTHFD1L",2
"GO:0016331","morphogenesis of embryonic epithelium","3/39","81/8855",0.037037037037037,8.40930674264007,4.45540862018994,0.0053171114118065,0.306589708718827,0.272590898914756,"TULP3/MTHFD1L/ALDH1A2",3
"GO:0034204","lipid translocation","2/39","25/8855",0.08,18.1641025641026,5.71580001340281,0.00531928490994203,0.306589708718827,0.272590898914756,"ATP11A/FASLG",2
"GO:0031076","embryonic camera-type eye development","2/39","26/8855",0.0769230769230769,17.465483234714,5.59205801310059,0.00574660176055782,0.306589708718827,0.272590898914756,"TULP3/ALDH1A2",2
"GO:0097035","regulation of membrane lipid distribution","2/39","27/8855",0.0740740740740741,16.8186134852801,5.4750161675288,0.00618914888261453,0.306589708718827,0.272590898914756,"ATP11A/FASLG",2
"GO:0030308","negative regulation of cell growth","3/39","96/8855",0.03125,7.09535256410256,3.99368176972484,0.00850950093381331,0.306589708718827,0.272590898914756,"RTN4/ACVR1B/GDF9",3
"GO:0021915","neural tube development","3/39","97/8855",0.0309278350515464,7.02220459952419,3.96647913885278,0.00875460519616773,0.306589708718827,0.272590898914756,"TULP3/MTHFD1L/ALDH1A2",3
"GO:1905168","positive regulation of double-strand break repair via homologous recombination","2/39","34/8855",0.0588235294117647,13.3559577677225,4.80090634894828,0.00970216061190104,0.306589708718827,0.272590898914756,"RNF8/ACTR2",2
"GO:1904888","cranial skeletal system development","2/39","35/8855",0.0571428571428571,12.974358974359,4.72082905678921,0.0102617467317547,0.306589708718827,0.272590898914756,"TULP3/MTHFD1L",2
"GO:0001654","eye development","4/39","205/8855",0.0195121951219512,4.4302689180738,3.30493799941773,0.0121798782456048,0.306589708718827,0.272590898914756,"TULP3/FASLG/ALDH1A2/ELP6",4
"GO:0150063","visual system development","4/39","205/8855",0.0195121951219512,4.4302689180738,3.30493799941773,0.0121798782456048,0.306589708718827,0.272590898914756,"TULP3/FASLG/ALDH1A2/ELP6",4
"GO:0048880","sensory system development","4/39","207/8855",0.0193236714975845,4.38746438746439,3.27995844862146,0.0125866523495707,0.306589708718827,0.272590898914756,"TULP3/FASLG/ALDH1A2/ELP6",4
"GO:0009952","anterior/posterior pattern specification","3/39","117/8855",0.0256410256410256,5.82182774490467,3.49192473093394,0.014541908538605,0.306589708718827,0.272590898914756,"TULP3/ALDH1A2/HHEX",3
"GO:0048705","skeletal system morphogenesis","3/39","120/8855",0.025,5.67628205128205,3.43025288146479,0.0155584987544911,0.306589708718827,0.272590898914756,"TULP3/MTHFD1L/COL27A1",3
"GO:0061512","protein localization to cilium","2/39","44/8855",0.0454545454545455,10.3205128205128,4.12211228240177,0.0159147223595706,0.306589708718827,0.272590898914756,"GDI2/TULP3",2
"GO:0051865","protein autoubiquitination","2/39","45/8855",0.0444444444444444,10.0911680911681,4.06634536867494,0.0166090657857379,0.306589708718827,0.272590898914756,"NFX1/RNF8",2
"GO:0002440","production of molecular mediator of immune response","3/39","123/8855",0.024390243902439,5.53783614759224,3.3706276112831,0.0166144975129901,0.306589708718827,0.272590898914756,"RNF8/RTN4/MCM3AP",3
"GO:0045926","negative regulation of growth","3/39","126/8855",0.0238095238095238,5.40598290598291,3.31292882249712,0.0177100684934148,0.306589708718827,0.272590898914756,"RTN4/ACVR1B/GDF9",3
"GO:0048704","embryonic skeletal system morphogenesis","2/39","49/8855",0.0408163265306122,9.26739926739927,3.85961408903416,0.0195132241223888,0.306589708718827,0.272590898914756,"TULP3/MTHFD1L",2
"GO:0009887","animal organ morphogenesis","6/39","496/8855",0.0120967741935484,2.74658808933002,2.66268898328856,0.0202291542838498,0.306589708718827,0.272590898914756,"TULP3/RTN4/FASLG/MTHFD1L/ALDH1A2/COL27A1",6
"GO:0000724","double-strand break repair via homologous recombination","3/39","136/8855",0.0220588235294118,5.00848416289593,3.13315989614375,0.0216493405375303,0.306589708718827,0.272590898914756,"RNF8/ACTR2/MCM7",3
"GO:1901184","regulation of ERBB signaling pathway","2/39","52/8855",0.0384615384615385,8.732741617357,3.71951308896329,0.0218211466599186,0.306589708718827,0.272590898914756,"RTN4/FASLG",2
"GO:0002138","retinoic acid biosynthetic process","1/39","5/8855",0.2,45.4102564102564,6.60637039066796,0.0218332198264126,0.306589708718827,0.272590898914756,"ALDH1A2",1
"GO:0009256","10-formyltetrahydrofolate metabolic process","1/39","5/8855",0.2,45.4102564102564,6.60637039066796,0.0218332198264126,0.306589708718827,0.272590898914756,"MTHFD1L",1
"GO:0016102","diterpenoid biosynthetic process","1/39","5/8855",0.2,45.4102564102564,6.60637039066796,0.0218332198264126,0.306589708718827,0.272590898914756,"ALDH1A2",1
"GO:0018026","peptidyl-lysine monomethylation","1/39","5/8855",0.2,45.4102564102564,6.60637039066796,0.0218332198264126,0.306589708718827,0.272590898914756,"SMYD2",1
"GO:0030002","intracellular monoatomic anion homeostasis","1/39","5/8855",0.2,45.4102564102564,6.60637039066796,0.0218332198264126,0.306589708718827,0.272590898914756,"FASLG",1
"GO:0030644","intracellular chloride ion homeostasis","1/39","5/8855",0.2,45.4102564102564,6.60637039066796,0.0218332198264126,0.306589708718827,0.272590898914756,"FASLG",1
"GO:0033206","meiotic cytokinesis","1/39","5/8855",0.2,45.4102564102564,6.60637039066796,0.0218332198264126,0.306589708718827,0.272590898914756,"ACTR2",1
"GO:0033625","positive regulation of integrin activation","1/39","5/8855",0.2,45.4102564102564,6.60637039066796,0.0218332198264126,0.306589708718827,0.272590898914756,"SKAP1",1
"GO:0034165","positive regulation of toll-like receptor 9 signaling pathway","1/39","5/8855",0.2,45.4102564102564,6.60637039066796,0.0218332198264126,0.306589708718827,0.272590898914756,"RTN4",1
"GO:0051305","chromosome movement towards spindle pole","1/39","5/8855",0.2,45.4102564102564,6.60637039066796,0.0218332198264126,0.306589708718827,0.272590898914756,"ACTR2",1
"GO:0071787","endoplasmic reticulum tubular network formation","1/39","5/8855",0.2,45.4102564102564,6.60637039066796,0.0218332198264126,0.306589708718827,0.272590898914756,"RTN4",1
"GO:0086067","AV node cell to bundle of His cell communication","1/39","5/8855",0.2,45.4102564102564,6.60637039066796,0.0218332198264126,0.306589708718827,0.272590898914756,"SCN4B",1
"GO:1901165","positive regulation of trophoblast cell migration","1/39","5/8855",0.2,45.4102564102564,6.60637039066796,0.0218332198264126,0.306589708718827,0.272590898914756,"ACVR1B",1
"GO:1905550","regulation of protein localization to endoplasmic reticulum","1/39","5/8855",0.2,45.4102564102564,6.60637039066796,0.0218332198264126,0.306589708718827,0.272590898914756,"RTN4",1
"GO:2001138","regulation of phospholipid transport","1/39","5/8855",0.2,45.4102564102564,6.60637039066796,0.0218332198264126,0.306589708718827,0.272590898914756,"FASLG",1
"GO:2001140","positive regulation of phospholipid transport","1/39","5/8855",0.2,45.4102564102564,6.60637039066796,0.0218332198264126,0.306589708718827,0.272590898914756,"FASLG",1
"GO:0007420","brain development","5/39","369/8855",0.013550135501355,3.07657563755125,2.71003996517296,0.0219680104496617,0.306589708718827,0.272590898914756,"TULP3/CDK5RAP1/RTN4/ALDH1A2/NCOA6",5
"GO:0016445","somatic diversification of immunoglobulins","2/39","53/8855",0.0377358490566038,8.56797290759555,3.67530252492817,0.0226145553230957,0.306589708718827,0.272590898914756,"RNF8/MCM3AP",2
"GO:0000725","recombinational repair","3/39","140/8855",0.0214285714285714,4.86538461538461,3.06612112585738,0.0233493128183606,0.306589708718827,0.272590898914756,"RNF8/ACTR2/MCM7",3
"GO:0001843","neural tube closure","2/39","54/8855",0.037037037037037,8.40930674264007,3.63224149717809,0.0234198225425991,0.306589708718827,0.272590898914756,"TULP3/MTHFD1L",2
"GO:0015914","phospholipid transport","2/39","54/8855",0.037037037037037,8.40930674264007,3.63224149717809,0.0234198225425991,0.306589708718827,0.272590898914756,"ATP11A/FASLG",2
"GO:0060606","tube closure","2/39","54/8855",0.037037037037037,8.40930674264007,3.63224149717809,0.0234198225425991,0.306589708718827,0.272590898914756,"TULP3/MTHFD1L",2
"GO:0006406","mRNA export from nucleus","2/39","55/8855",0.0363636363636364,8.25641025641026,3.59027825520852,0.0242368342098695,0.306589708718827,0.272590898914756,"HHEX/MCM3AP",2
"GO:0071346","cellular response to type II interferon","2/39","57/8855",0.0350877192982456,7.96671165092218,3.50945401581795,0.0259056380978593,0.306589708718827,0.272590898914756,"FASLG/ACTR2",2
"GO:0001553","luteinization","1/39","6/8855",0.166666666666667,37.8418803418803,6.0039433649907,0.0261437852983644,0.306589708718827,0.272590898914756,"GDF9",1
"GO:0003418","growth plate cartilage chondrocyte differentiation","1/39","6/8855",0.166666666666667,37.8418803418803,6.0039433649907,0.0261437852983644,0.306589708718827,0.272590898914756,"COL27A1",1
"GO:0003431","growth plate cartilage chondrocyte development","1/39","6/8855",0.166666666666667,37.8418803418803,6.0039433649907,0.0261437852983644,0.306589708718827,0.272590898914756,"COL27A1",1
"GO:0007494","midgut development","1/39","6/8855",0.166666666666667,37.8418803418803,6.0039433649907,0.0261437852983644,0.306589708718827,0.272590898914756,"ALDH1A2",1
"GO:0015942","formate metabolic process","1/39","6/8855",0.166666666666667,37.8418803418803,6.0039433649907,0.0261437852983644,0.306589708718827,0.272590898914756,"MTHFD1L",1
"GO:0042574","retinal metabolic process","1/39","6/8855",0.166666666666667,37.8418803418803,6.0039433649907,0.0261437852983644,0.306589708718827,0.272590898914756,"ALDH1A2",1
"GO:0043650","dicarboxylic acid biosynthetic process","1/39","6/8855",0.166666666666667,37.8418803418803,6.0039433649907,0.0261437852983644,0.306589708718827,0.272590898914756,"MTHFD1L",1
"GO:0048703","embryonic viscerocranium morphogenesis","1/39","6/8855",0.166666666666667,37.8418803418803,6.0039433649907,0.0261437852983644,0.306589708718827,0.272590898914756,"MTHFD1L",1
"GO:0097527","necroptotic signaling pathway","1/39","6/8855",0.166666666666667,37.8418803418803,6.0039433649907,0.0261437852983644,0.306589708718827,0.272590898914756,"FASLG",1
"GO:1901983","regulation of protein acetylation","1/39","6/8855",0.166666666666667,37.8418803418803,6.0039433649907,0.0261437852983644,0.306589708718827,0.272590898914756,"DIP2A",1
"GO:1901985","positive regulation of protein acetylation","1/39","6/8855",0.166666666666667,37.8418803418803,6.0039433649907,0.0261437852983644,0.306589708718827,0.272590898914756,"DIP2A",1
"GO:1990809","endoplasmic reticulum tubular network membrane organization","1/39","6/8855",0.166666666666667,37.8418803418803,6.0039433649907,0.0261437852983644,0.306589708718827,0.272590898914756,"RTN4",1
"GO:2000194","regulation of female gonad development","1/39","6/8855",0.166666666666667,37.8418803418803,6.0039433649907,0.0261437852983644,0.306589708718827,0.272590898914756,"GDF9",1
"GO:2000347","positive regulation of hepatocyte proliferation","1/39","6/8855",0.166666666666667,37.8418803418803,6.0039433649907,0.0261437852983644,0.306589708718827,0.272590898914756,"RTN4",1
"GO:0014020","primary neural tube formation","2/39","58/8855",0.0344827586206897,7.82935455349249,3.47050466538301,0.0267572057340203,0.306589708718827,0.272590898914756,"TULP3/MTHFD1L",2
"GO:0016525","negative regulation of angiogenesis","2/39","59/8855",0.0338983050847458,7.69665362885702,3.43247595444878,0.0276200686409936,0.306589708718827,0.272590898914756,"FASLG/HHEX",2
"GO:0060322","head development","5/39","395/8855",0.0126582278481013,2.87406686140863,2.53433907161023,0.0284711414998565,0.306589708718827,0.272590898914756,"TULP3/CDK5RAP1/RTN4/ALDH1A2/NCOA6",5
"GO:0045911","positive regulation of DNA recombination","2/39","60/8855",0.0333333333333333,7.56837606837607,3.39532995472822,0.0284941163192653,0.306589708718827,0.272590898914756,"RNF8/ACTR2",2
"GO:2000181","negative regulation of blood vessel morphogenesis","2/39","60/8855",0.0333333333333333,7.56837606837607,3.39532995472822,0.0284941163192653,0.306589708718827,0.272590898914756,"FASLG/HHEX",2
"GO:0070848","response to growth factor","5/39","398/8855",0.0125628140703518,2.85240304084525,2.51498342722964,0.0292930275079266,0.306589708718827,0.272590898914756,"FASLG/ACVR1B/HHEX/GDF9/MCM7",5
"GO:0045765","regulation of angiogenesis","3/39","153/8855",0.0196078431372549,4.45198592257416,2.86464931127774,0.0293654451517289,0.306589708718827,0.272590898914756,"RTN4/FASLG/HHEX",3
"GO:0002200","somatic diversification of immune receptors","2/39","61/8855",0.0327868852459016,7.44430432955023,3.35903090834394,0.0293792389794406,0.306589708718827,0.272590898914756,"RNF8/MCM3AP",2
"GO:1901343","negative regulation of vasculature development","2/39","61/8855",0.0327868852459016,7.44430432955023,3.35903090834394,0.0293792389794406,0.306589708718827,0.272590898914756,"FASLG/HHEX",2
"GO:0001841","neural tube formation","2/39","62/8855",0.032258064516129,7.32423490488007,3.32354507025463,0.0302753275383907,0.306589708718827,0.272590898914756,"TULP3/MTHFD1L",2
"GO:0010569","regulation of double-strand break repair via homologous recombination","2/39","62/8855",0.032258064516129,7.32423490488007,3.32354507025463,0.0302753275383907,0.306589708718827,0.272590898914756,"RNF8/ACTR2",2
"GO:0010944","negative regulation of transcription by competitive promoter binding","1/39","7/8855",0.142857142857143,32.4358974358974,5.53373805797793,0.0304358400360032,0.306589708718827,0.272590898914756,"HHEX",1
"GO:0014733","regulation of skeletal muscle adaptation","1/39","7/8855",0.142857142857143,32.4358974358974,5.53373805797793,0.0304358400360032,0.306589708718827,0.272590898914756,"GTF2IRD1",1
"GO:0032483","regulation of Rab protein signal transduction","1/39","7/8855",0.142857142857143,32.4358974358974,5.53373805797793,0.0304358400360032,0.306589708718827,0.272590898914756,"DENND3",1
"GO:0033632","regulation of cell-cell adhesion mediated by integrin","1/39","7/8855",0.142857142857143,32.4358974358974,5.53373805797793,0.0304358400360032,0.306589708718827,0.272590898914756,"SKAP1",1
"GO:0046654","tetrahydrofolate biosynthetic process","1/39","7/8855",0.142857142857143,32.4358974358974,5.53373805797793,0.0304358400360032,0.306589708718827,0.272590898914756,"MTHFD1L",1
"GO:0061548","ganglion development","1/39","7/8855",0.142857142857143,32.4358974358974,5.53373805797793,0.0304358400360032,0.306589708718827,0.272590898914756,"TULP3",1
"GO:0072189","ureter development","1/39","7/8855",0.142857142857143,32.4358974358974,5.53373805797793,0.0304358400360032,0.306589708718827,0.272590898914756,"ALDH1A2",1
"GO:1903564","regulation of protein localization to cilium","1/39","7/8855",0.142857142857143,32.4358974358974,5.53373805797793,0.0304358400360032,0.306589708718827,0.272590898914756,"GDI2",1
"GO:1901342","regulation of vasculature development","3/39","156/8855",0.0192307692307692,4.3663708086785,2.82134280215267,0.0308602857490229,0.306589708718827,0.272590898914756,"RTN4/FASLG/HHEX",3
"GO:0090263","positive regulation of canonical Wnt signaling pathway","2/39","63/8855",0.0317460317460317,7.20797720797721,3.28884056445992,0.0311822736154199,0.306589708718827,0.272590898914756,"LGR6/HHEX",2
"GO:0003433","chondrocyte development involved in endochondral bone morphogenesis","1/39","8/8855",0.125,28.3814102564103,5.15310585457384,0.0347094614463325,0.306589708718827,0.272590898914756,"COL27A1",1
"GO:0006465","signal peptide processing","1/39","8/8855",0.125,28.3814102564103,5.15310585457384,0.0347094614463325,0.306589708718827,0.272590898914756,"PARL",1
"GO:0010793","regulation of mRNA export from nucleus","1/39","8/8855",0.125,28.3814102564103,5.15310585457384,0.0347094614463325,0.306589708718827,0.272590898914756,"HHEX",1
"GO:0010831","positive regulation of myotube differentiation","1/39","8/8855",0.125,28.3814102564103,5.15310585457384,0.0347094614463325,0.306589708718827,0.272590898914756,"ATP11A",1
"GO:0033631","cell-cell adhesion mediated by integrin","1/39","8/8855",0.125,28.3814102564103,5.15310585457384,0.0347094614463325,0.306589708718827,0.272590898914756,"SKAP1",1
"GO:0034114","regulation of heterotypic cell-cell adhesion","1/39","8/8855",0.125,28.3814102564103,5.15310585457384,0.0347094614463325,0.306589708718827,0.272590898914756,"SKAP1",1
"GO:0034163","regulation of toll-like receptor 9 signaling pathway","1/39","8/8855",0.125,28.3814102564103,5.15310585457384,0.0347094614463325,0.306589708718827,0.272590898914756,"RTN4",1
"GO:0035092","sperm DNA condensation","1/39","8/8855",0.125,28.3814102564103,5.15310585457384,0.0347094614463325,0.306589708718827,0.272590898914756,"RNF8",1
"GO:0035999","tetrahydrofolate interconversion","1/39","8/8855",0.125,28.3814102564103,5.15310585457384,0.0347094614463325,0.306589708718827,0.272590898914756,"MTHFD1L",1
"GO:0038092","nodal signaling pathway","1/39","8/8855",0.125,28.3814102564103,5.15310585457384,0.0347094614463325,0.306589708718827,0.272590898914756,"ACVR1B",1
"GO:0038129","ERBB3 signaling pathway","1/39","8/8855",0.125,28.3814102564103,5.15310585457384,0.0347094614463325,0.306589708718827,0.272590898914756,"RTN4",1
"GO:0045736","negative regulation of cyclin-dependent protein serine/threonine kinase activity","1/39","8/8855",0.125,28.3814102564103,5.15310585457384,0.0347094614463325,0.306589708718827,0.272590898914756,"CDK5RAP1",1
"GO:0051292","nuclear pore complex assembly","1/39","8/8855",0.125,28.3814102564103,5.15310585457384,0.0347094614463325,0.306589708718827,0.272590898914756,"RTN4",1
"GO:0060433","bronchus development","1/39","8/8855",0.125,28.3814102564103,5.15310585457384,0.0347094614463325,0.306589708718827,0.272590898914756,"TULP3",1
"GO:0070900","mitochondrial tRNA modification","1/39","8/8855",0.125,28.3814102564103,5.15310585457384,0.0347094614463325,0.306589708718827,0.272590898914756,"CDK5RAP1",1
"GO:1904688","regulation of cytoplasmic translational initiation","1/39","8/8855",0.125,28.3814102564103,5.15310585457384,0.0347094614463325,0.306589708718827,0.272590898914756,"HHEX",1
"GO:0032368","regulation of lipid transport","2/39","67/8855",0.0298507462686567,6.77765021048603,3.15725670430352,0.0349164898624581,0.306589708718827,0.272590898914756,"FASLG/GDF9",2
"GO:0048706","embryonic skeletal system development","2/39","67/8855",0.0298507462686567,6.77765021048603,3.15725670430352,0.0349164898624581,0.306589708718827,0.272590898914756,"TULP3/MTHFD1L",2
"GO:0001508","action potential","2/39","68/8855",0.0294117647058824,6.67797888386124,3.12603753085526,0.0358761221386081,0.306589708718827,0.272590898914756,"KCNS1/SCN4B",2
"GO:0001838","embryonic epithelial tube formation","2/39","69/8855",0.0289855072463768,6.58119658119658,3.09544104536106,0.0368459761874305,0.306589708718827,0.272590898914756,"TULP3/MTHFD1L",2
"GO:0006400","tRNA modification","2/39","69/8855",0.0289855072463768,6.58119658119658,3.09544104536106,0.0368459761874305,0.306589708718827,0.272590898914756,"CDK5RAP1/ELP6",2
"GO:0010821","regulation of mitochondrion organization","2/39","69/8855",0.0289855072463768,6.58119658119658,3.09544104536106,0.0368459761874305,0.306589708718827,0.272590898914756,"MSTO1/PARL",2
"GO:0030326","embryonic limb morphogenesis","2/39","69/8855",0.0289855072463768,6.58119658119658,3.09544104536106,0.0368459761874305,0.306589708718827,0.272590898914756,"TULP3/ALDH1A2",2
"GO:0035113","embryonic appendage morphogenesis","2/39","69/8855",0.0289855072463768,6.58119658119658,3.09544104536106,0.0368459761874305,0.306589708718827,0.272590898914756,"TULP3/ALDH1A2",2
"GO:0043009","chordate embryonic development","5/39","427/8855",0.0117096018735363,2.65868011769651,2.33657962060361,0.0380280707861286,0.306589708718827,0.272590898914756,"TULP3/RTN4/MTHFD1L/ALDH1A2/ACVR1B",5
"GO:0030335","positive regulation of cell migration","4/39","293/8855",0.0136518771331058,3.09967620547825,2.43088714298363,0.0389517990068863,0.306589708718827,0.272590898914756,"RTN4/LGR6/ACVR1B/ELP6",4
"GO:0002523","leukocyte migration involved in inflammatory response","1/39","9/8855",0.111111111111111,25.2279202279202,4.83648888275623,0.038964726621374,0.306589708718827,0.272590898914756,"RTN4",1
"GO:0007413","axonal fasciculation","1/39","9/8855",0.111111111111111,25.2279202279202,4.83648888275623,0.038964726621374,0.306589708718827,0.272590898914756,"RTN4",1
"GO:0009396","folic acid-containing compound biosynthetic process","1/39","9/8855",0.111111111111111,25.2279202279202,4.83648888275623,0.038964726621374,0.306589708718827,0.272590898914756,"MTHFD1L",1
"GO:0010992","ubiquitin recycling","1/39","9/8855",0.111111111111111,25.2279202279202,4.83648888275623,0.038964726621374,0.306589708718827,0.272590898914756,"ELP6",1
"GO:0016114","terpenoid biosynthetic process","1/39","9/8855",0.111111111111111,25.2279202279202,4.83648888275623,0.038964726621374,0.306589708718827,0.272590898914756,"ALDH1A2",1
"GO:0018394","peptidyl-lysine acetylation","1/39","9/8855",0.111111111111111,25.2279202279202,4.83648888275623,0.038964726621374,0.306589708718827,0.272590898914756,"DIP2A",1
"GO:0030948","negative regulation of vascular endothelial growth factor receptor signaling pathway","1/39","9/8855",0.111111111111111,25.2279202279202,4.83648888275623,0.038964726621374,0.306589708718827,0.272590898914756,"HHEX",1
"GO:0033599","regulation of mammary gland epithelial cell proliferation","1/39","9/8855",0.111111111111111,25.2279202279202,4.83648888275623,0.038964726621374,0.306589708718827,0.272590898914756,"RTN4",1
"GO:0033623","regulation of integrin activation","1/39","9/8855",0.111111111111111,25.2279202279202,4.83648888275623,0.038964726621374,0.306589708718827,0.272590898914756,"SKAP1",1
"GO:0055064","chloride ion homeostasis","1/39","9/8855",0.111111111111111,25.2279202279202,4.83648888275623,0.038964726621374,0.306589708718827,0.272590898914756,"FASLG",1
"GO:0055081","monoatomic anion homeostasis","1/39","9/8855",0.111111111111111,25.2279202279202,4.83648888275623,0.038964726621374,0.306589708718827,0.272590898914756,"FASLG",1
"GO:0106030","neuron projection fasciculation","1/39","9/8855",0.111111111111111,25.2279202279202,4.83648888275623,0.038964726621374,0.306589708718827,0.272590898914756,"RTN4",1
"GO:1900864","mitochondrial RNA modification","1/39","9/8855",0.111111111111111,25.2279202279202,4.83648888275623,0.038964726621374,0.306589708718827,0.272590898914756,"CDK5RAP1",1
"GO:1901163","regulation of trophoblast cell migration","1/39","9/8855",0.111111111111111,25.2279202279202,4.83648888275623,0.038964726621374,0.306589708718827,0.272590898914756,"ACVR1B",1
"GO:1903729","regulation of plasma membrane organization","1/39","9/8855",0.111111111111111,25.2279202279202,4.83648888275623,0.038964726621374,0.306589708718827,0.272590898914756,"FASLG",1
"GO:1904030","negative regulation of cyclin-dependent protein kinase activity","1/39","9/8855",0.111111111111111,25.2279202279202,4.83648888275623,0.038964726621374,0.306589708718827,0.272590898914756,"CDK5RAP1",1
"GO:2000345","regulation of hepatocyte proliferation","1/39","9/8855",0.111111111111111,25.2279202279202,4.83648888275623,0.038964726621374,0.306589708718827,0.272590898914756,"RTN4",1
"GO:0002377","immunoglobulin production","2/39","72/8855",0.0277777777777778,6.30698005698006,3.00717383526091,0.0398158366340577,0.306589708718827,0.272590898914756,"RNF8/MCM3AP",2
"GO:0034341","response to type II interferon","2/39","73/8855",0.0273972602739726,6.22058306989814,2.97885933544037,0.0408255487852109,0.306589708718827,0.272590898914756,"FASLG/ACTR2",2
"GO:0006405","RNA export from nucleus","2/39","74/8855",0.027027027027027,6.13652113652114,2.95106803788112,0.0418449715495994,0.306589708718827,0.272590898914756,"HHEX/MCM3AP",2
"GO:0072175","epithelial tube formation","2/39","74/8855",0.027027027027027,6.13652113652114,2.95106803788112,0.0418449715495994,0.306589708718827,0.272590898914756,"TULP3/MTHFD1L",2
"GO:0009792","embryo development ending in birth or egg hatching","5/39","439/8855",0.0113895216400911,2.58600549033351,2.26699391649864,0.0420703022787903,0.306589708718827,0.272590898914756,"TULP3/RTN4/MTHFD1L/ALDH1A2/ACVR1B",5
"GO:0003413","chondrocyte differentiation involved in endochondral bone morphogenesis","1/39","10/8855",0.1,22.7051282051282,4.56751211936631,0.0432017123394121,0.306589708718827,0.272590898914756,"COL27A1",1
"GO:0006925","inflammatory cell apoptotic process","1/39","10/8855",0.1,22.7051282051282,4.56751211936631,0.0432017123394121,0.306589708718827,0.272590898914756,"FASLG",1
"GO:0010623","programmed cell death involved in cell development","1/39","10/8855",0.1,22.7051282051282,4.56751211936631,0.0432017123394121,0.306589708718827,0.272590898914756,"FASLG",1
"GO:0033189","response to vitamin A","1/39","10/8855",0.1,22.7051282051282,4.56751211936631,0.0432017123394121,0.306589708718827,0.272590898914756,"ALDH1A2",1
"GO:0033630","positive regulation of cell adhesion mediated by integrin","1/39","10/8855",0.1,22.7051282051282,4.56751211936631,0.0432017123394121,0.306589708718827,0.272590898914756,"SKAP1",1
"GO:0043501","skeletal muscle adaptation","1/39","10/8855",0.1,22.7051282051282,4.56751211936631,0.0432017123394121,0.306589708718827,0.272590898914756,"GTF2IRD1",1
"GO:0045346","regulation of MHC class II biosynthetic process","1/39","10/8855",0.1,22.7051282051282,4.56751211936631,0.0432017123394121,0.306589708718827,0.272590898914756,"NFX1",1
"GO:0046931","pore complex assembly","1/39","10/8855",0.1,22.7051282051282,4.56751211936631,0.0432017123394121,0.306589708718827,0.272590898914756,"RTN4",1
"GO:0048566","embryonic digestive tract development","1/39","10/8855",0.1,22.7051282051282,4.56751211936631,0.0432017123394121,0.306589708718827,0.272590898914756,"ALDH1A2",1
"GO:0071166","ribonucleoprotein complex localization","1/39","10/8855",0.1,22.7051282051282,4.56751211936631,0.0432017123394121,0.306589708718827,0.272590898914756,"HHEX",1
"GO:1905939","regulation of gonad development","1/39","10/8855",0.1,22.7051282051282,4.56751211936631,0.0432017123394121,0.306589708718827,0.272590898914756,"GDF9",1
"GO:2000197","regulation of ribonucleoprotein complex localization","1/39","10/8855",0.1,22.7051282051282,4.56751211936631,0.0432017123394121,0.306589708718827,0.272590898914756,"HHEX",1
"GO:2001212","regulation of vasculogenesis","1/39","10/8855",0.1,22.7051282051282,4.56751211936631,0.0432017123394121,0.306589708718827,0.272590898914756,"RTN4",1
"GO:0007423","sensory organ development","4/39","304/8855",0.0131578947368421,2.98751686909582,2.34533796428807,0.0436522294051619,0.306589708718827,0.272590898914756,"TULP3/FASLG/ALDH1A2/ELP6",4
"GO:2000147","positive regulation of cell motility","4/39","307/8855",0.0130293159609121,2.95832289317631,2.32266996232489,0.0449880516622339,0.306589708718827,0.272590898914756,"RTN4/LGR6/ACVR1B/ELP6",4
"GO:0018205","peptidyl-lysine modification","2/39","78/8855",0.0256410256410256,5.82182774490467,2.84480311818069,0.0460177736568812,0.306589708718827,0.272590898914756,"SMYD2/DIP2A",2
"GO:2000781","positive regulation of double-strand break repair","2/39","78/8855",0.0256410256410256,5.82182774490467,2.84480311818069,0.0460177736568812,0.306589708718827,0.272590898914756,"RNF8/ACTR2",2
"GO:0035239","tube morphogenesis","5/39","452/8855",0.0110619469026549,2.511629226231,2.19413622322223,0.0467376511658532,0.306589708718827,0.272590898914756,"TULP3/RTN4/FASLG/MTHFD1L/HHEX",5
"GO:0040017","positive regulation of locomotion","4/39","312/8855",0.0128205128205128,2.91091387245233,2.28549080644824,0.0472657741773382,0.306589708718827,0.272590898914756,"RTN4/LGR6/ACVR1B/ELP6",4
"GO:0002098","tRNA wobble uridine modification","1/39","11/8855",0.0909090909090909,20.6410256410256,4.33513283858833,0.0474204950662366,0.306589708718827,0.272590898914756,"ELP6",1
"GO:0006999","nuclear pore organization","1/39","11/8855",0.0909090909090909,20.6410256410256,4.33513283858833,0.0474204950662366,0.306589708718827,0.272590898914756,"RTN4",1
"GO:0008356","asymmetric cell division","1/39","11/8855",0.0909090909090909,20.6410256410256,4.33513283858833,0.0474204950662366,0.306589708718827,0.272590898914756,"ACTR2",1
"GO:0010635","regulation of mitochondrial fusion","1/39","11/8855",0.0909090909090909,20.6410256410256,4.33513283858833,0.0474204950662366,0.306589708718827,0.272590898914756,"MSTO1",1
"GO:0016446","somatic hypermutation of immunoglobulin genes","1/39","11/8855",0.0909090909090909,20.6410256410256,4.33513283858833,0.0474204950662366,0.306589708718827,0.272590898914756,"MCM3AP",1
"GO:0019228","neuronal action potential","1/39","11/8855",0.0909090909090909,20.6410256410256,4.33513283858833,0.0474204950662366,0.306589708718827,0.272590898914756,"SCN4B",1
"GO:0021904","dorsal/ventral neural tube patterning","1/39","11/8855",0.0909090909090909,20.6410256410256,4.33513283858833,0.0474204950662366,0.306589708718827,0.272590898914756,"TULP3",1
"GO:0032925","regulation of activin receptor signaling pathway","1/39","11/8855",0.0909090909090909,20.6410256410256,4.33513283858833,0.0474204950662366,0.306589708718827,0.272590898914756,"ACVR1B",1
"GO:0045342","MHC class II biosynthetic process","1/39","11/8855",0.0909090909090909,20.6410256410256,4.33513283858833,0.0474204950662366,0.306589708718827,0.272590898914756,"NFX1",1
"GO:0060307","regulation of ventricular cardiac muscle cell membrane repolarization","1/39","11/8855",0.0909090909090909,20.6410256410256,4.33513283858833,0.0474204950662366,0.306589708718827,0.272590898914756,"SCN4B",1
"GO:2000831","regulation of steroid hormone secretion","1/39","11/8855",0.0909090909090909,20.6410256410256,4.33513283858833,0.0474204950662366,0.306589708718827,0.272590898914756,"GDF9",1
"GO:1905952","regulation of lipid localization","2/39","80/8855",0.025,5.67628205128205,2.79439889170553,0.0481598629624046,0.306589708718827,0.272590898914756,"FASLG/GDF9",2
"GO:0043010","camera-type eye development","3/39","187/8855",0.0160427807486631,3.64253393665158,2.42911567757402,0.0486112301233809,0.306589708718827,0.272590898914756,"TULP3/ALDH1A2/ELP6",3
"GO:0035107","appendage morphogenesis","2/39","81/8855",0.0246913580246914,5.60620449509338,2.76983042093411,0.0492444895839387,0.306589708718827,0.272590898914756,"TULP3/ALDH1A2",2
"GO:0035108","limb morphogenesis","2/39","81/8855",0.0246913580246914,5.60620449509338,2.76983042093411,0.0492444895839387,0.306589708718827,0.272590898914756,"TULP3/ALDH1A2",2
"GO:0030177","positive regulation of Wnt signaling pathway","2/39","83/8855",0.0240963855421687,5.47111523015137,2.72189814092587,0.0514404280692395,0.306589708718827,0.272590898914756,"LGR6/HHEX",2
"GO:0000727","double-strand break repair via break-induced replication","1/39","12/8855",0.0833333333333333,18.9209401709402,4.1315962259383,0.0516211509563792,0.306589708718827,0.272590898914756,"MCM7",1
"GO:0002566","somatic diversification of immune receptors via somatic mutation","1/39","12/8855",0.0833333333333333,18.9209401709402,4.1315962259383,0.0516211509563792,0.306589708718827,0.272590898914756,"MCM3AP",1
"GO:0003417","growth plate cartilage development","1/39","12/8855",0.0833333333333333,18.9209401709402,4.1315962259383,0.0516211509563792,0.306589708718827,0.272590898914756,"COL27A1",1
"GO:0006450","regulation of translational fidelity","1/39","12/8855",0.0833333333333333,18.9209401709402,4.1315962259383,0.0516211509563792,0.306589708718827,0.272590898914756,"CDK5RAP1",1
"GO:0017121","plasma membrane phospholipid scrambling","1/39","12/8855",0.0833333333333333,18.9209401709402,4.1315962259383,0.0516211509563792,0.306589708718827,0.272590898914756,"FASLG",1
"GO:0018022","peptidyl-lysine methylation","1/39","12/8855",0.0833333333333333,18.9209401709402,4.1315962259383,0.0516211509563792,0.306589708718827,0.272590898914756,"SMYD2",1
"GO:0033622","integrin activation","1/39","12/8855",0.0833333333333333,18.9209401709402,4.1315962259383,0.0516211509563792,0.306589708718827,0.272590898914756,"SKAP1",1
"GO:0048388","endosomal lumen acidification","1/39","12/8855",0.0833333333333333,18.9209401709402,4.1315962259383,0.0516211509563792,0.306589708718827,0.272590898914756,"FASLG",1
"GO:0061450","trophoblast cell migration","1/39","12/8855",0.0833333333333333,18.9209401709402,4.1315962259383,0.0516211509563792,0.306589708718827,0.272590898914756,"ACVR1B",1
"GO:0086012","membrane depolarization during cardiac muscle cell action potential","1/39","12/8855",0.0833333333333333,18.9209401709402,4.1315962259383,0.0516211509563792,0.306589708718827,0.272590898914756,"SCN4B",1
"GO:0090646","mitochondrial tRNA processing","1/39","12/8855",0.0833333333333333,18.9209401709402,4.1315962259383,0.0516211509563792,0.306589708718827,0.272590898914756,"CDK5RAP1",1
"GO:0140627","ubiquitin-dependent protein catabolic process via the C-end degron rule pathway","1/39","12/8855",0.0833333333333333,18.9209401709402,4.1315962259383,0.0516211509563792,0.306589708718827,0.272590898914756,"DCAF12",1
"GO:2000353","positive regulation of endothelial cell apoptotic process","1/39","12/8855",0.0833333333333333,18.9209401709402,4.1315962259383,0.0516211509563792,0.306589708718827,0.272590898914756,"FASLG",1
"GO:0035148","tube formation","2/39","84/8855",0.0238095238095238,5.40598290598291,2.6985108400128,0.0525515503415978,0.310400640753943,0.275979223309259,"TULP3/MTHFD1L",2
"GO:0007507","heart development","4/39","324/8855",0.0123456790123457,2.80310224754669,2.1991718127641,0.0529939897684056,0.31130349180894,0.276781954039185,"RTN4/ALDH1A2/SMYD2/NCOA6",4
"GO:0006271","DNA strand elongation involved in DNA replication","1/39","13/8855",0.0769230769230769,17.465483234714,3.95127424340501,0.0558037558543435,0.311430020256157,0.276894451302414,"MCM7",1
"GO:0009954","proximal/distal pattern formation","1/39","13/8855",0.0769230769230769,17.465483234714,3.95127424340501,0.0558037558543435,0.311430020256157,0.276894451302414,"ALDH1A2",1
"GO:0030174","regulation of DNA-templated DNA replication initiation","1/39","13/8855",0.0769230769230769,17.465483234714,3.95127424340501,0.0558037558543435,0.311430020256157,0.276894451302414,"MCM7",1
"GO:0042573","retinoic acid metabolic process","1/39","13/8855",0.0769230769230769,17.465483234714,3.95127424340501,0.0558037558543435,0.311430020256157,0.276894451302414,"ALDH1A2",1
"GO:0060907","positive regulation of macrophage cytokine production","1/39","13/8855",0.0769230769230769,17.465483234714,3.95127424340501,0.0558037558543435,0.311430020256157,0.276894451302414,"RTN4",1
"GO:0071103","DNA conformation change","1/39","13/8855",0.0769230769230769,17.465483234714,3.95127424340501,0.0558037558543435,0.311430020256157,0.276894451302414,"HHEX",1
"GO:0099625","ventricular cardiac muscle cell membrane repolarization","1/39","13/8855",0.0769230769230769,17.465483234714,3.95127424340501,0.0558037558543435,0.311430020256157,0.276894451302414,"SCN4B",1
"GO:0001889","liver development","2/39","87/8855",0.0229885057471264,5.21956970232832,2.63053323167228,0.055936404805843,0.311430020256157,0.276894451302414,"RTN4/ALDH1A2",2
"GO:0061008","hepaticobiliary system development","2/39","88/8855",0.0227272727272727,5.16025641025641,2.60856824299213,0.0570815434236243,0.311430020256157,0.276894451302414,"RTN4/ALDH1A2",2
"GO:0032482","Rab protein signal transduction","1/39","14/8855",0.0714285714285714,16.2179487179487,3.78996946009455,0.0599683852958367,0.311430020256157,0.276894451302414,"DENND3",1
"GO:0034162","toll-like receptor 9 signaling pathway","1/39","14/8855",0.0714285714285714,16.2179487179487,3.78996946009455,0.0599683852958367,0.311430020256157,0.276894451302414,"RTN4",1
"GO:0035022","positive regulation of Rac protein signal transduction","1/39","14/8855",0.0714285714285714,16.2179487179487,3.78996946009455,0.0599683852958367,0.311430020256157,0.276894451302414,"RTN4",1
"GO:0035929","steroid hormone secretion","1/39","14/8855",0.0714285714285714,16.2179487179487,3.78996946009455,0.0599683852958367,0.311430020256157,0.276894451302414,"GDF9",1
"GO:0042559","pteridine-containing compound biosynthetic process","1/39","14/8855",0.0714285714285714,16.2179487179487,3.78996946009455,0.0599683852958367,0.311430020256157,0.276894451302414,"MTHFD1L",1
"GO:0048311","mitochondrion distribution","1/39","14/8855",0.0714285714285714,16.2179487179487,3.78996946009455,0.0599683852958367,0.311430020256157,0.276894451302414,"MSTO1",1
"GO:0070525","tRNA threonylcarbamoyladenosine metabolic process","1/39","14/8855",0.0714285714285714,16.2179487179487,3.78996946009455,0.0599683852958367,0.311430020256157,0.276894451302414,"CDK5RAP1",1
"GO:0072574","hepatocyte proliferation","1/39","14/8855",0.0714285714285714,16.2179487179487,3.78996946009455,0.0599683852958367,0.311430020256157,0.276894451302414,"RTN4",1
"GO:0072575","epithelial cell proliferation involved in liver morphogenesis","1/39","14/8855",0.0714285714285714,16.2179487179487,3.78996946009455,0.0599683852958367,0.311430020256157,0.276894451302414,"RTN4",1
"GO:0072576","liver morphogenesis","1/39","14/8855",0.0714285714285714,16.2179487179487,3.78996946009455,0.0599683852958367,0.311430020256157,0.276894451302414,"RTN4",1
"GO:0086019","cell-cell signaling involved in cardiac conduction","1/39","14/8855",0.0714285714285714,16.2179487179487,3.78996946009455,0.0599683852958367,0.311430020256157,0.276894451302414,"SCN4B",1
"GO:0090158","endoplasmic reticulum membrane organization","1/39","14/8855",0.0714285714285714,16.2179487179487,3.78996946009455,0.0599683852958367,0.311430020256157,0.276894451302414,"RTN4",1
"GO:0090201","negative regulation of release of cytochrome c from mitochondria","1/39","14/8855",0.0714285714285714,16.2179487179487,3.78996946009455,0.0599683852958367,0.311430020256157,0.276894451302414,"PARL",1
"GO:0099623","regulation of cardiac muscle cell membrane repolarization","1/39","14/8855",0.0714285714285714,16.2179487179487,3.78996946009455,0.0599683852958367,0.311430020256157,0.276894451302414,"SCN4B",1
"GO:1902430","negative regulation of amyloid-beta formation","1/39","14/8855",0.0714285714285714,16.2179487179487,3.78996946009455,0.0599683852958367,0.311430020256157,0.276894451302414,"RTN4",1
"GO:0015748","organophosphate ester transport","2/39","91/8855",0.021978021978022,4.99013806706115,2.54462451419743,0.0605662409977819,0.31302263977219,0.278310459645678,"ATP11A/FASLG",2
"GO:0038127","ERBB signaling pathway","2/39","92/8855",0.0217391304347826,4.93589743589744,2.52393143200328,0.0617439334426807,0.316163982097069,0.281103447485081,"RTN4/FASLG",2
"GO:0002097","tRNA wobble base modification","1/39","15/8855",0.0666666666666667,15.1367521367521,3.64447866404981,0.0641151145089871,0.316163982097069,0.281103447485081,"ELP6",1
"GO:0007289","spermatid nucleus differentiation","1/39","15/8855",0.0666666666666667,15.1367521367521,3.64447866404981,0.0641151145089871,0.316163982097069,0.281103447485081,"RNF8",1
"GO:0008299","isoprenoid biosynthetic process","1/39","15/8855",0.0666666666666667,15.1367521367521,3.64447866404981,0.0641151145089871,0.316163982097069,0.281103447485081,"ALDH1A2",1
"GO:0046653","tetrahydrofolate metabolic process","1/39","15/8855",0.0666666666666667,15.1367521367521,3.64447866404981,0.0641151145089871,0.316163982097069,0.281103447485081,"MTHFD1L",1
"GO:0070131","positive regulation of mitochondrial translation","1/39","15/8855",0.0666666666666667,15.1367521367521,3.64447866404981,0.0641151145089871,0.316163982097069,0.281103447485081,"CDK5RAP1",1
"GO:1902018","negative regulation of cilium assembly","1/39","15/8855",0.0666666666666667,15.1367521367521,3.64447866404981,0.0641151145089871,0.316163982097069,0.281103447485081,"GDI2",1
"GO:1902992","negative regulation of amyloid precursor protein catabolic process","1/39","15/8855",0.0666666666666667,15.1367521367521,3.64447866404981,0.0641151145089871,0.316163982097069,0.281103447485081,"RTN4",1
"GO:1903514","release of sequestered calcium ion into cytosol by endoplasmic reticulum","1/39","15/8855",0.0666666666666667,15.1367521367521,3.64447866404981,0.0641151145089871,0.316163982097069,0.281103447485081,"FASLG",1
"GO:1990166","protein localization to site of double-strand break","1/39","15/8855",0.0666666666666667,15.1367521367521,3.64447866404981,0.0641151145089871,0.316163982097069,0.281103447485081,"RNF8",1
"GO:0003416","endochondral bone growth","1/39","16/8855",0.0625,14.1907051282051,3.51230893063183,0.0682440184155649,0.316696725802302,0.281577113369391,"COL27A1",1
"GO:0021801","cerebral cortex radial glia-guided migration","1/39","16/8855",0.0625,14.1907051282051,3.51230893063183,0.0682440184155649,0.316696725802302,0.281577113369391,"RTN4",1
"GO:0022030","telencephalon glial cell migration","1/39","16/8855",0.0625,14.1907051282051,3.51230893063183,0.0682440184155649,0.316696725802302,0.281577113369391,"RTN4",1
"GO:0022602","ovulation cycle process","1/39","16/8855",0.0625,14.1907051282051,3.51230893063183,0.0682440184155649,0.316696725802302,0.281577113369391,"GDF9",1
"GO:0030947","regulation of vascular endothelial growth factor receptor signaling pathway","1/39","16/8855",0.0625,14.1907051282051,3.51230893063183,0.0682440184155649,0.316696725802302,0.281577113369391,"HHEX",1
"GO:0035115","embryonic forelimb morphogenesis","1/39","16/8855",0.0625,14.1907051282051,3.51230893063183,0.0682440184155649,0.316696725802302,0.281577113369391,"ALDH1A2",1
"GO:0042572","retinol metabolic process","1/39","16/8855",0.0625,14.1907051282051,3.51230893063183,0.0682440184155649,0.316696725802302,0.281577113369391,"ALDH1A2",1
"GO:0046831","regulation of RNA export from nucleus","1/39","16/8855",0.0625,14.1907051282051,3.51230893063183,0.0682440184155649,0.316696725802302,0.281577113369391,"HHEX",1
"GO:0048799","animal organ maturation","1/39","16/8855",0.0625,14.1907051282051,3.51230893063183,0.0682440184155649,0.316696725802302,0.281577113369391,"ALDH1A2",1
"GO:0051155","positive regulation of striated muscle cell differentiation","1/39","16/8855",0.0625,14.1907051282051,3.51230893063183,0.0682440184155649,0.316696725802302,0.281577113369391,"ATP11A",1
"GO:0085020","protein K6-linked ubiquitination","1/39","16/8855",0.0625,14.1907051282051,3.51230893063183,0.0682440184155649,0.316696725802302,0.281577113369391,"RNF8",1
"GO:0140861","DNA repair-dependent chromatin remodeling","1/39","16/8855",0.0625,14.1907051282051,3.51230893063183,0.0682440184155649,0.316696725802302,0.281577113369391,"RNF8",1
"GO:1905523","positive regulation of macrophage migration","1/39","16/8855",0.0625,14.1907051282051,3.51230893063183,0.0682440184155649,0.316696725802302,0.281577113369391,"RTN4",1
"GO:0051028","mRNA transport","2/39","98/8855",0.0204081632653061,4.63369963369963,2.40575091522983,0.0689732181175123,0.316696725802302,0.281577113369391,"HHEX/MCM3AP",2
"GO:0003002","regionalization","3/39","218/8855",0.0137614678899083,3.12455892731122,2.11242763276418,0.0703988517509007,0.316696725802302,0.281577113369391,"TULP3/ALDH1A2/HHEX",3
"GO:0048589","developmental growth","4/39","358/8855",0.0111731843575419,2.53688583297522,1.97431562710319,0.0712136115420807,0.316696725802302,0.281577113369391,"RTN4/LGR6/GDF9/COL27A1",4
"GO:0048736","appendage development","2/39","100/8855",0.02,4.54102564102564,2.36846661753639,0.0714430412529124,0.316696725802302,0.281577113369391,"TULP3/ALDH1A2",2
"GO:0060173","limb development","2/39","100/8855",0.02,4.54102564102564,2.36846661753639,0.0714430412529124,0.316696725802302,0.281577113369391,"TULP3/ALDH1A2",2
"GO:0006085","acetyl-CoA biosynthetic process","1/39","17/8855",0.0588235294117647,13.3559577677225,3.39148693897444,0.0723551716321946,0.316696725802302,0.281577113369391,"DIP2A",1
"GO:0006730","one-carbon metabolic process","1/39","17/8855",0.0588235294117647,13.3559577677225,3.39148693897444,0.0723551716321946,0.316696725802302,0.281577113369391,"MTHFD1L",1
"GO:0033598","mammary gland epithelial cell proliferation","1/39","17/8855",0.0588235294117647,13.3559577677225,3.39148693897444,0.0723551716321946,0.316696725802302,0.281577113369391,"RTN4",1
"GO:0034244","negative regulation of transcription elongation by RNA polymerase II","1/39","17/8855",0.0588235294117647,13.3559577677225,3.39148693897444,0.0723551716321946,0.316696725802302,0.281577113369391,"RNF8",1
"GO:0086010","membrane depolarization during action potential","1/39","17/8855",0.0588235294117647,13.3559577677225,3.39148693897444,0.0723551716321946,0.316696725802302,0.281577113369391,"SCN4B",1
"GO:0099622","cardiac muscle cell membrane repolarization","1/39","17/8855",0.0588235294117647,13.3559577677225,3.39148693897444,0.0723551716321946,0.316696725802302,0.281577113369391,"SCN4B",1
"GO:1902624","positive regulation of neutrophil migration","1/39","17/8855",0.0588235294117647,13.3559577677225,3.39148693897444,0.0723551716321946,0.316696725802302,0.281577113369391,"RTN4",1
"GO:0031345","negative regulation of cell projection organization","2/39","101/8855",0.0198019801980198,4.4960649911145,2.35019114069865,0.0726888302739469,0.316696725802302,0.281577113369391,"GDI2/RTN4",2
"GO:0006869","lipid transport","3/39","222/8855",0.0135135135135135,3.06826056826057,2.07571221236912,0.0734877972467244,0.316696725802302,0.281577113369391,"ATP11A/FASLG/GDF9",3
"GO:0000018","regulation of DNA recombination","2/39","102/8855",0.0196078431372549,4.45198592257416,2.3321523043157,0.0739417590294096,0.316696725802302,0.281577113369391,"RNF8/ACTR2",2
"GO:0002063","chondrocyte development","1/39","18/8855",0.0555555555555556,12.6139601139601,3.28042737065835,0.0764486484715645,0.316696725802302,0.281577113369391,"COL27A1",1
"GO:0016973","poly(A)+ mRNA export from nucleus","1/39","18/8855",0.0555555555555556,12.6139601139601,3.28042737065835,0.0764486484715645,0.316696725802302,0.281577113369391,"MCM3AP",1
"GO:0032239","regulation of nucleobase-containing compound transport","1/39","18/8855",0.0555555555555556,12.6139601139601,3.28042737065835,0.0764486484715645,0.316696725802302,0.281577113369391,"HHEX",1
"GO:0034249","negative regulation of amide metabolic process","1/39","18/8855",0.0555555555555556,12.6139601139601,3.28042737065835,0.0764486484715645,0.316696725802302,0.281577113369391,"RTN4",1
"GO:0035279","miRNA-mediated gene silencing by mRNA destabilization","1/39","18/8855",0.0555555555555556,12.6139601139601,3.28042737065835,0.0764486484715645,0.316696725802302,0.281577113369391,"DCAF12",1
"GO:0060306","regulation of membrane repolarization","1/39","18/8855",0.0555555555555556,12.6139601139601,3.28042737065835,0.0764486484715645,0.316696725802302,0.281577113369391,"SCN4B",1
"GO:0060317","cardiac epithelial to mesenchymal transition","1/39","18/8855",0.0555555555555556,12.6139601139601,3.28042737065835,0.0764486484715645,0.316696725802302,0.281577113369391,"RTN4",1
"GO:0086091","regulation of heart rate by cardiac conduction","1/39","18/8855",0.0555555555555556,12.6139601139601,3.28042737065835,0.0764486484715645,0.316696725802302,0.281577113369391,"SCN4B",1
"GO:0008033","tRNA processing","2/39","105/8855",0.019047619047619,4.32478632478633,2.27940047365627,0.0777425542962977,0.316696725802302,0.281577113369391,"CDK5RAP1/ELP6",2
"GO:2000241","regulation of reproductive process","2/39","107/8855",0.0186915887850467,4.24394919722022,2.24531779044762,0.0803106056560293,0.316696725802302,0.281577113369391,"ACVR1B/GDF9",2
"GO:0006760","folic acid-containing compound metabolic process","1/39","19/8855",0.0526315789473684,11.9500674763833,3.17783990174299,0.0805245229436258,0.316696725802302,0.281577113369391,"MTHFD1L",1
"GO:0008038","neuron recognition","1/39","19/8855",0.0526315789473684,11.9500674763833,3.17783990174299,0.0805245229436258,0.316696725802302,0.281577113369391,"RTN4",1
"GO:0010592","positive regulation of lamellipodium assembly","1/39","19/8855",0.0526315789473684,11.9500674763833,3.17783990174299,0.0805245229436258,0.316696725802302,0.281577113369391,"ACTR2",1
"GO:0010765","positive regulation of sodium ion transport","1/39","19/8855",0.0526315789473684,11.9500674763833,3.17783990174299,0.0805245229436258,0.316696725802302,0.281577113369391,"SCN4B",1
"GO:0010934","macrophage cytokine production","1/39","19/8855",0.0526315789473684,11.9500674763833,3.17783990174299,0.0805245229436258,0.316696725802302,0.281577113369391,"RTN4",1
"GO:0010935","regulation of macrophage cytokine production","1/39","19/8855",0.0526315789473684,11.9500674763833,3.17783990174299,0.0805245229436258,0.316696725802302,0.281577113369391,"RTN4",1
"GO:0021983","pituitary gland development","1/39","19/8855",0.0526315789473684,11.9500674763833,3.17783990174299,0.0805245229436258,0.316696725802302,0.281577113369391,"ALDH1A2",1
"GO:0030279","negative regulation of ossification","1/39","19/8855",0.0526315789473684,11.9500674763833,3.17783990174299,0.0805245229436258,0.316696725802302,0.281577113369391,"ACVR1B",1
"GO:0030517","negative regulation of axon extension","1/39","19/8855",0.0526315789473684,11.9500674763833,3.17783990174299,0.0805245229436258,0.316696725802302,0.281577113369391,"RTN4",1
"GO:0034113","heterotypic cell-cell adhesion","1/39","19/8855",0.0526315789473684,11.9500674763833,3.17783990174299,0.0805245229436258,0.316696725802302,0.281577113369391,"SKAP1",1
"GO:0035136","forelimb morphogenesis","1/39","19/8855",0.0526315789473684,11.9500674763833,3.17783990174299,0.0805245229436258,0.316696725802302,0.281577113369391,"ALDH1A2",1
"GO:0044060","regulation of endocrine process","1/39","19/8855",0.0526315789473684,11.9500674763833,3.17783990174299,0.0805245229436258,0.316696725802302,0.281577113369391,"GDF9",1
"GO:0060351","cartilage development involved in endochondral bone morphogenesis","1/39","19/8855",0.0526315789473684,11.9500674763833,3.17783990174299,0.0805245229436258,0.316696725802302,0.281577113369391,"COL27A1",1
"GO:0061081","positive regulation of myeloid leukocyte cytokine production involved in immune response","1/39","19/8855",0.0526315789473684,11.9500674763833,3.17783990174299,0.0805245229436258,0.316696725802302,0.281577113369391,"RTN4",1
"GO:0010876","lipid localization","3/39","231/8855",0.012987012987013,2.94871794871795,1.99602911979342,0.080658780646965,0.316696725802302,0.281577113369391,"ATP11A/FASLG/GDF9",3
"GO:0001558","regulation of cell growth","3/39","232/8855",0.0129310344827586,2.93600795755968,1.98741337864961,0.0814741031641071,0.316696725802302,0.281577113369391,"RTN4/ACVR1B/GDF9",3
"GO:0006997","nucleus organization","2/39","108/8855",0.0185185185185185,4.20465337132004,2.22858727982348,0.0816046446951048,0.316696725802302,0.281577113369391,"RNF8/RTN4",2
"GO:0030323","respiratory tube development","2/39","108/8855",0.0185185185185185,4.20465337132004,2.22858727982348,0.0816046446951048,0.316696725802302,0.281577113369391,"TULP3/ALDH1A2",2
"GO:0045739","positive regulation of DNA repair","2/39","108/8855",0.0185185185185185,4.20465337132004,2.22858727982348,0.0816046446951048,0.316696725802302,0.281577113369391,"RNF8/ACTR2",2
"GO:0048284","organelle fusion","2/39","108/8855",0.0185185185185185,4.20465337132004,2.22858727982348,0.0816046446951048,0.316696725802302,0.281577113369391,"MSTO1/PARL",2
"GO:0051260","protein homooligomerization","2/39","108/8855",0.0185185185185185,4.20465337132004,2.22858727982348,0.0816046446951048,0.316696725802302,0.281577113369391,"KCNS1/ALDH1A2",2
"GO:0006302","double-strand break repair","3/39","233/8855",0.0128755364806867,2.92340706503797,1.97884341389293,0.082293081968765,0.318219651497922,0.282931156484811,"RNF8/ACTR2/MCM7",3
"GO:0006310","DNA recombination","3/39","234/8855",0.0128205128205128,2.91091387245233,1.97031875350461,0.0831157023569157,0.319040645310733,0.283661107409689,"RNF8/ACTR2/MCM7",3
"GO:0071363","cellular response to growth factor stimulus","4/39","380/8855",0.0105263157894737,2.39001349527665,1.84207468051314,0.0845363598048474,0.319040645310733,0.283661107409689,"ACVR1B/HHEX/GDF9/MCM7",4
"GO:0032785","negative regulation of DNA-templated transcription, elongation","1/39","20/8855",0.05,11.3525641025641,3.0826620844708,0.0845828687567989,0.319040645310733,0.283661107409689,"RNF8",1
"GO:0061744","motor behavior","1/39","20/8855",0.05,11.3525641025641,3.0826620844708,0.0845828687567989,0.319040645310733,0.283661107409689,"ELP6",1
"GO:0071786","endoplasmic reticulum tubular network organization","1/39","20/8855",0.05,11.3525641025641,3.0826620844708,0.0845828687567989,0.319040645310733,0.283661107409689,"RTN4",1
"GO:0098868","bone growth","1/39","20/8855",0.05,11.3525641025641,3.0826620844708,0.0845828687567989,0.319040645310733,0.283661107409689,"COL27A1",1
"GO:1902622","regulation of neutrophil migration","1/39","20/8855",0.05,11.3525641025641,3.0826620844708,0.0845828687567989,0.319040645310733,0.283661107409689,"RTN4",1
"GO:2000779","regulation of double-strand break repair","2/39","112/8855",0.0178571428571429,4.05448717948718,2.16363177248553,0.0868456984477064,0.324972209492831,0.288934899602928,"RNF8/ACTR2",2
"GO:0007389","pattern specification process","3/39","239/8855",0.0125523012552301,2.85001609269392,1.92835897337681,0.0872829081162266,0.324972209492831,0.288934899602928,"TULP3/ALDH1A2/HHEX",3
"GO:0021532","neural tube patterning","1/39","21/8855",0.0476190476190476,10.8119658119658,2.99401000860637,0.0886237593191632,0.324972209492831,0.288934899602928,"TULP3",1
"GO:0045742","positive regulation of epidermal growth factor receptor signaling pathway","1/39","21/8855",0.0476190476190476,10.8119658119658,2.99401000860637,0.0886237593191632,0.324972209492831,0.288934899602928,"FASLG",1
"GO:0140353","lipid export from cell","1/39","21/8855",0.0476190476190476,10.8119658119658,2.99401000860637,0.0886237593191632,0.324972209492831,0.288934899602928,"GDF9",1
"GO:0044057","regulation of system process","3/39","241/8855",0.012448132780083,2.82636450686243,1.91187642375023,0.0889747585122388,0.324972209492831,0.288934899602928,"GTF2IRD1/GDF9/SCN4B",3
"GO:0001568","blood vessel development","4/39","387/8855",0.0103359173126615,2.34678327701584,1.80189319252644,0.089020599921823,0.324972209492831,0.288934899602928,"RTN4/FASLG/ALDH1A2/HHEX",4
"GO:0060348","bone development","2/39","114/8855",0.0175438596491228,3.98335582546109,2.13227488681918,0.0895040659629009,0.324972209492831,0.288934899602928,"TULP3/COL27A1",2
"GO:0018193","peptidyl-amino acid modification","3/39","244/8855",0.0122950819672131,2.79161412358134,1.88746482811359,0.0915389053767523,0.324972209492831,0.288934899602928,"ACVR1B/SMYD2/DIP2A",3
"GO:0060491","regulation of cell projection assembly","2/39","116/8855",0.0172413793103448,3.91467727674624,2.10162328544082,0.0921868368249704,0.324972209492831,0.288934899602928,"GDI2/ACTR2",2
"GO:0120032","regulation of plasma membrane bounded cell projection assembly","2/39","116/8855",0.0172413793103448,3.91467727674624,2.10162328544082,0.0921868368249704,0.324972209492831,0.288934899602928,"GDI2/ACTR2",2
"GO:0010830","regulation of myotube differentiation","1/39","22/8855",0.0454545454545455,10.3205128205128,2.91114142971746,0.0926472677396466,0.324972209492831,0.288934899602928,"ATP11A",1
"GO:0021799","cerebral cortex radially oriented cell migration","1/39","22/8855",0.0454545454545455,10.3205128205128,2.91114142971746,0.0926472677396466,0.324972209492831,0.288934899602928,"RTN4",1
"GO:0035020","regulation of Rac protein signal transduction","1/39","22/8855",0.0454545454545455,10.3205128205128,2.91114142971746,0.0926472677396466,0.324972209492831,0.288934899602928,"RTN4",1
"GO:0045648","positive regulation of erythrocyte differentiation","1/39","22/8855",0.0454545454545455,10.3205128205128,2.91114142971746,0.0926472677396466,0.324972209492831,0.288934899602928,"ACVR1B",1
"GO:0048873","homeostasis of number of cells within a tissue","1/39","22/8855",0.0454545454545455,10.3205128205128,2.91114142971746,0.0926472677396466,0.324972209492831,0.288934899602928,"ELP6",1
"GO:0050919","negative chemotaxis","1/39","22/8855",0.0454545454545455,10.3205128205128,2.91114142971746,0.0926472677396466,0.324972209492831,0.288934899602928,"LGR6",1
"GO:0070129","regulation of mitochondrial translation","1/39","22/8855",0.0454545454545455,10.3205128205128,2.91114142971746,0.0926472677396466,0.324972209492831,0.288934899602928,"CDK5RAP1",1
"GO:0070972","protein localization to endoplasmic reticulum","1/39","22/8855",0.0454545454545455,10.3205128205128,2.91114142971746,0.0926472677396466,0.324972209492831,0.288934899602928,"RTN4",1
"GO:0101023","vascular endothelial cell proliferation","1/39","22/8855",0.0454545454545455,10.3205128205128,2.91114142971746,0.0926472677396466,0.324972209492831,0.288934899602928,"ALDH1A2",1
"GO:1905562","regulation of vascular endothelial cell proliferation","1/39","22/8855",0.0454545454545455,10.3205128205128,2.91114142971746,0.0926472677396466,0.324972209492831,0.288934899602928,"ALDH1A2",1
"GO:0048588","developmental cell growth","2/39","117/8855",0.0170940170940171,3.88121849660311,2.08655278781877,0.0935371834038636,0.324972209492831,0.288934899602928,"RTN4/GDF9",2
"GO:0050657","nucleic acid transport","2/39","119/8855",0.0168067226890756,3.81598793363499,2.05690497756378,0.0962554231880389,0.324972209492831,0.288934899602928,"HHEX/MCM3AP",2
"GO:0050658","RNA transport","2/39","119/8855",0.0168067226890756,3.81598793363499,2.05690497756378,0.0962554231880389,0.324972209492831,0.288934899602928,"HHEX/MCM3AP",2
"GO:0000963","mitochondrial RNA processing","1/39","23/8855",0.0434782608695652,9.87179487179487,2.83342780339985,0.0966534668292148,0.324972209492831,0.288934899602928,"CDK5RAP1",1
"GO:0014888","striated muscle adaptation","1/39","23/8855",0.0434782608695652,9.87179487179487,2.83342780339985,0.0966534668292148,0.324972209492831,0.288934899602928,"GTF2IRD1",1
"GO:0032924","activin receptor signaling pathway","1/39","23/8855",0.0434782608695652,9.87179487179487,2.83342780339985,0.0966534668292148,0.324972209492831,0.288934899602928,"ACVR1B",1
"GO:0043516","regulation of DNA damage response, signal transduction by p53 class mediator","1/39","23/8855",0.0434782608695652,9.87179487179487,2.83342780339985,0.0966534668292148,0.324972209492831,0.288934899602928,"SMYD2",1
"GO:0060688","regulation of morphogenesis of a branching structure","1/39","23/8855",0.0434782608695652,9.87179487179487,2.83342780339985,0.0966534668292148,0.324972209492831,0.288934899602928,"RTN4",1
"GO:0120033","negative regulation of plasma membrane bounded cell projection assembly","1/39","23/8855",0.0434782608695652,9.87179487179487,2.83342780339985,0.0966534668292148,0.324972209492831,0.288934899602928,"GDI2",1
"GO:1902745","positive regulation of lamellipodium organization","1/39","23/8855",0.0434782608695652,9.87179487179487,2.83342780339985,0.0966534668292148,0.324972209492831,0.288934899602928,"ACTR2",1
"GO:1905521","regulation of macrophage migration","1/39","23/8855",0.0434782608695652,9.87179487179487,2.83342780339985,0.0966534668292148,0.324972209492831,0.288934899602928,"RTN4",1
"GO:0048568","embryonic organ development","3/39","250/8855",0.012,2.72461538461538,1.83972578165495,0.0967606041322225,0.324972209492831,0.288934899602928,"TULP3/MTHFD1L/ALDH1A2",3
"GO:0002753","cytoplasmic pattern recognition receptor signaling pathway","2/39","120/8855",0.0166666666666667,3.78418803418803,2.04232099819448,0.0976231676699636,0.324972209492831,0.288934899602928,"RTN4/ELP6",2
"GO:0009451","RNA modification","2/39","120/8855",0.0166666666666667,3.78418803418803,2.04232099819448,0.0976231676699636,0.324972209492831,0.288934899602928,"CDK5RAP1/ELP6",2
"GO:0060541","respiratory system development","2/39","120/8855",0.0166666666666667,3.78418803418803,2.04232099819448,0.0976231676699636,0.324972209492831,0.288934899602928,"TULP3/ALDH1A2",2
"GO:0099173","postsynapse organization","2/39","120/8855",0.0166666666666667,3.78418803418803,2.04232099819448,0.0976231676699636,0.324972209492831,0.288934899602928,"RTN4/DIP2A",2
"GO:0002009","morphogenesis of an epithelium","3/39","251/8855",0.0119521912350598,2.71376034324242,1.83190530536897,0.0976428127127297,0.324972209492831,0.288934899602928,"TULP3/MTHFD1L/ALDH1A2",3
"GO:0051236","establishment of RNA localization","2/39","121/8855",0.0165289256198347,3.75291375291375,2.02789268377789,0.098996563580796,0.325875335194883,0.289737874523333,"HHEX/MCM3AP",2
"GO:0034314","Arp2/3 complex-mediated actin nucleation","1/39","24/8855",0.0416666666666667,9.46047008547009,2.7603327890052,0.100642429102048,0.325875335194883,0.289737874523333,"ACTR2",1
"GO:0042558","pteridine-containing compound metabolic process","1/39","24/8855",0.0416666666666667,9.46047008547009,2.7603327890052,0.100642429102048,0.325875335194883,0.289737874523333,"MTHFD1L",1
"GO:0043162","ubiquitin-dependent protein catabolic process via the multivesicular body sorting pathway","1/39","24/8855",0.0416666666666667,9.46047008547009,2.7603327890052,0.100642429102048,0.325875335194883,0.289737874523333,"UBAP1L",1
"GO:0045879","negative regulation of smoothened signaling pathway","1/39","24/8855",0.0416666666666667,9.46047008547009,2.7603327890052,0.100642429102048,0.325875335194883,0.289737874523333,"TULP3",1
"GO:0048384","retinoic acid receptor signaling pathway","1/39","24/8855",0.0416666666666667,9.46047008547009,2.7603327890052,0.100642429102048,0.325875335194883,0.289737874523333,"ALDH1A2",1
"GO:0071901","negative regulation of protein serine/threonine kinase activity","1/39","24/8855",0.0416666666666667,9.46047008547009,2.7603327890052,0.100642429102048,0.325875335194883,0.289737874523333,"CDK5RAP1",1
"GO:0086065","cell communication involved in cardiac conduction","1/39","24/8855",0.0416666666666667,9.46047008547009,2.7603327890052,0.100642429102048,0.325875335194883,0.289737874523333,"SCN4B",1
"GO:1902003","regulation of amyloid-beta formation","1/39","24/8855",0.0416666666666667,9.46047008547009,2.7603327890052,0.100642429102048,0.325875335194883,0.289737874523333,"RTN4",1
"GO:0030522","intracellular receptor signaling pathway","3/39","257/8855",0.0116731517509728,2.65040407063753,1.78576537913818,0.10300617222274,0.329795582947135,0.293223392231088,"RTN4/ALDH1A2/ELP6",3
"GO:0051168","nuclear export","2/39","124/8855",0.0161290322580645,3.66211745244003,1.98551116092465,0.103149931512455,0.329795582947135,0.293223392231088,"HHEX/MCM3AP",2
"GO:0072330","monocarboxylic acid biosynthetic process","2/39","124/8855",0.0161290322580645,3.66211745244003,1.98551116092465,0.103149931512455,0.329795582947135,0.293223392231088,"MTHFD1L/ALDH1A2",2
"GO:0001944","vasculature development","4/39","409/8855",0.0097799511002445,2.22055043570936,1.68096285647789,0.103859344913872,0.329795582947135,0.293223392231088,"RTN4/FASLG/ALDH1A2/HHEX",4
"GO:0086002","cardiac muscle cell action potential involved in contraction","1/39","25/8855",0.04,9.08205128205128,2.69139552468564,0.104614226776719,0.329795582947135,0.293223392231088,"SCN4B",1
"GO:0086009","membrane repolarization","1/39","25/8855",0.04,9.08205128205128,2.69139552468564,0.104614226776719,0.329795582947135,0.293223392231088,"SCN4B",1
"GO:0140894","endolysosomal toll-like receptor signaling pathway","1/39","25/8855",0.04,9.08205128205128,2.69139552468564,0.104614226776719,0.329795582947135,0.293223392231088,"RTN4",1
"GO:1903214","regulation of protein targeting to mitochondrion","1/39","25/8855",0.04,9.08205128205128,2.69139552468564,0.104614226776719,0.329795582947135,0.293223392231088,"PARL",1
"GO:2000351","regulation of endothelial cell apoptotic process","1/39","25/8855",0.04,9.08205128205128,2.69139552468564,0.104614226776719,0.329795582947135,0.293223392231088,"FASLG",1
"GO:0002520","immune system development","2/39","126/8855",0.0158730158730159,3.6039886039886,1.95798056499345,0.105945774027309,0.332045793234278,0.295224068794834,"RNF8/MCM3AP",2
"GO:0097191","extrinsic apoptotic signaling pathway","2/39","126/8855",0.0158730158730159,3.6039886039886,1.95798056499345,0.105945774027309,0.332045793234278,0.295224068794834,"FASLG/ACVR1B",2
"GO:0000079","regulation of cyclin-dependent protein serine/threonine kinase activity","1/39","26/8855",0.0384615384615385,8.732741617357,2.62621747009593,0.108568931777365,0.334417196735436,0.29733249903136,"CDK5RAP1",1
"GO:0006084","acetyl-CoA metabolic process","1/39","26/8855",0.0384615384615385,8.732741617357,2.62621747009593,0.108568931777365,0.334417196735436,0.29733249903136,"DIP2A",1
"GO:0010591","regulation of lamellipodium assembly","1/39","26/8855",0.0384615384615385,8.732741617357,2.62621747009593,0.108568931777365,0.334417196735436,0.29733249903136,"ACTR2",1
"GO:0018107","peptidyl-threonine phosphorylation","1/39","26/8855",0.0384615384615385,8.732741617357,2.62621747009593,0.108568931777365,0.334417196735436,0.29733249903136,"ACVR1B",1
"GO:0018210","peptidyl-threonine modification","1/39","26/8855",0.0384615384615385,8.732741617357,2.62621747009593,0.108568931777365,0.334417196735436,0.29733249903136,"ACVR1B",1
"GO:0033628","regulation of cell adhesion mediated by integrin","1/39","26/8855",0.0384615384615385,8.732741617357,2.62621747009593,0.108568931777365,0.334417196735436,0.29733249903136,"SKAP1",1
"GO:0006270","DNA replication initiation","1/39","27/8855",0.037037037037037,8.40930674264007,2.56445195047486,0.112506615734856,0.337834111494329,0.300370500109523,"MCM7",1
"GO:0006473","protein acetylation","1/39","27/8855",0.037037037037037,8.40930674264007,2.56445195047486,0.112506615734856,0.337834111494329,0.300370500109523,"DIP2A",1
"GO:0010634","positive regulation of epithelial cell migration","1/39","27/8855",0.037037037037037,8.40930674264007,2.56445195047486,0.112506615734856,0.337834111494329,0.300370500109523,"RTN4",1
"GO:0021795","cerebral cortex cell migration","1/39","27/8855",0.037037037037037,8.40930674264007,2.56445195047486,0.112506615734856,0.337834111494329,0.300370500109523,"RTN4",1
"GO:0042698","ovulation cycle","1/39","27/8855",0.037037037037037,8.40930674264007,2.56445195047486,0.112506615734856,0.337834111494329,0.300370500109523,"GDF9",1
"GO:0050771","negative regulation of axonogenesis","1/39","27/8855",0.037037037037037,8.40930674264007,2.56445195047486,0.112506615734856,0.337834111494329,0.300370500109523,"RTN4",1
"GO:0061082","myeloid leukocyte cytokine production","1/39","27/8855",0.037037037037037,8.40930674264007,2.56445195047486,0.112506615734856,0.337834111494329,0.300370500109523,"RTN4",1
"GO:0070266","necroptotic process","1/39","27/8855",0.037037037037037,8.40930674264007,2.56445195047486,0.112506615734856,0.337834111494329,0.300370500109523,"FASLG",1
"GO:0090199","regulation of release of cytochrome c from mitochondria","1/39","27/8855",0.037037037037037,8.40930674264007,2.56445195047486,0.112506615734856,0.337834111494329,0.300370500109523,"PARL",1
"GO:0042770","signal transduction in response to DNA damage","2/39","133/8855",0.0150375939849624,3.41430499325236,1.8658476654401,0.115892020309117,0.341033790836646,0.303215355769571,"RNF8/SMYD2",2
"GO:0001501","skeletal system development","3/39","271/8855",0.011070110701107,2.51348282713596,1.68299784584182,0.115972183515289,0.341033790836646,0.303215355769571,"TULP3/MTHFD1L/COL27A1",3
"GO:0019226","transmission of nerve impulse","1/39","28/8855",0.0357142857142857,8.10897435897436,2.50579576987118,0.116427349987953,0.341033790836646,0.303215355769571,"SCN4B",1
"GO:0022616","DNA strand elongation","1/39","28/8855",0.0357142857142857,8.10897435897436,2.50579576987118,0.116427349987953,0.341033790836646,0.303215355769571,"MCM7",1
"GO:0060324","face development","1/39","28/8855",0.0357142857142857,8.10897435897436,2.50579576987118,0.116427349987953,0.341033790836646,0.303215355769571,"ALDH1A2",1
"GO:0150052","regulation of postsynapse assembly","1/39","28/8855",0.0357142857142857,8.10897435897436,2.50579576987118,0.116427349987953,0.341033790836646,0.303215355769571,"RTN4",1
"GO:1902991","regulation of amyloid precursor protein catabolic process","1/39","28/8855",0.0357142857142857,8.10897435897436,2.50579576987118,0.116427349987953,0.341033790836646,0.303215355769571,"RTN4",1
"GO:1903747","regulation of establishment of protein localization to mitochondrion","1/39","28/8855",0.0357142857142857,8.10897435897436,2.50579576987118,0.116427349987953,0.341033790836646,0.303215355769571,"PARL",1
"GO:2000765","regulation of cytoplasmic translation","1/39","28/8855",0.0357142857142857,8.10897435897436,2.50579576987118,0.116427349987953,0.341033790836646,0.303215355769571,"HHEX",1
"GO:0048762","mesenchymal cell differentiation","2/39","134/8855",0.0149253731343284,3.38882510524302,1.85318971870886,0.117332414300168,0.34275093851272,0.30474208290776,"RTN4/ALDH1A2",2
"GO:0002757","immune response-activating signaling pathway","3/39","274/8855",0.0109489051094891,2.48596294216732,1.66180698799109,0.118829635766659,0.343119485419911,0.305069760353762,"RTN4/SKAP1/ELP6",3
"GO:0001895","retina homeostasis","1/39","29/8855",0.0344827586206897,7.82935455349249,2.44998242613624,0.120331205584471,0.343119485419911,0.305069760353762,"ELP6",1
"GO:0042398","modified amino acid biosynthetic process","1/39","29/8855",0.0344827586206897,7.82935455349249,2.44998242613624,0.120331205584471,0.343119485419911,0.305069760353762,"MTHFD1L",1
"GO:0060986","endocrine hormone secretion","1/39","29/8855",0.0344827586206897,7.82935455349249,2.44998242613624,0.120331205584471,0.343119485419911,0.305069760353762,"GDF9",1
"GO:0062125","regulation of mitochondrial gene expression","1/39","29/8855",0.0344827586206897,7.82935455349249,2.44998242613624,0.120331205584471,0.343119485419911,0.305069760353762,"CDK5RAP1",1
"GO:0090329","regulation of DNA-templated DNA replication","1/39","29/8855",0.0344827586206897,7.82935455349249,2.44998242613624,0.120331205584471,0.343119485419911,0.305069760353762,"MCM7",1
"GO:1902116","negative regulation of organelle assembly","1/39","29/8855",0.0344827586206897,7.82935455349249,2.44998242613624,0.120331205584471,0.343119485419911,0.305069760353762,"GDI2",1
"GO:1905517","macrophage migration","1/39","29/8855",0.0344827586206897,7.82935455349249,2.44998242613624,0.120331205584471,0.343119485419911,0.305069760353762,"RTN4",1
"GO:2001238","positive regulation of extrinsic apoptotic signaling pathway","1/39","29/8855",0.0344827586206897,7.82935455349249,2.44998242613624,0.120331205584471,0.343119485419911,0.305069760353762,"FASLG",1
"GO:0006417","regulation of translation","3/39","276/8855",0.0108695652173913,2.46794871794872,1.64783363275188,0.120749569993893,0.343401554876811,0.305320550137718,"CDK5RAP1/HHEX/ELP6",3
"GO:0003007","heart morphogenesis","2/39","137/8855",0.0145985401459854,3.3146172562231,1.81592249865023,0.121681369707201,0.345138449697206,0.306864834590025,"RTN4/ALDH1A2",2
"GO:0006479","protein methylation","1/39","30/8855",0.0333333333333333,7.56837606837607,2.39677657806948,0.124218253282432,0.346843174749649,0.308380516692956,"SMYD2",1
"GO:0008213","protein alkylation","1/39","30/8855",0.0333333333333333,7.56837606837607,2.39677657806948,0.124218253282432,0.346843174749649,0.308380516692956,"SMYD2",1
"GO:0022029","telencephalon cell migration","1/39","30/8855",0.0333333333333333,7.56837606837607,2.39677657806948,0.124218253282432,0.346843174749649,0.308380516692956,"RTN4",1
"GO:0045010","actin nucleation","1/39","30/8855",0.0333333333333333,7.56837606837607,2.39677657806948,0.124218253282432,0.346843174749649,0.308380516692956,"ACTR2",1
"GO:0072577","endothelial cell apoptotic process","1/39","30/8855",0.0333333333333333,7.56837606837607,2.39677657806948,0.124218253282432,0.346843174749649,0.308380516692956,"FASLG",1
"GO:1901379","regulation of potassium ion transmembrane transport","1/39","30/8855",0.0333333333333333,7.56837606837607,2.39677657806948,0.124218253282432,0.346843174749649,0.308380516692956,"KCNS1",1
"GO:0016049","cell growth","3/39","280/8855",0.0107142857142857,2.43269230769231,1.62024672395579,0.124624750137964,0.34707670051376,0.308588145964743,"RTN4/ACVR1B/GDF9",3
"GO:0002764","immune response-regulating signaling pathway","3/39","281/8855",0.0106761565836299,2.4240350396934,1.61342346028923,0.125600803072203,0.348891119645009,0.310201357784742,"RTN4/SKAP1/ELP6",3
"GO:0001523","retinoid metabolic process","1/39","31/8855",0.032258064516129,7.32423490488007,2.34596950032311,0.128088563551212,0.350369480451789,0.311515777968396,"ALDH1A2",1
"GO:0032370","positive regulation of lipid transport","1/39","31/8855",0.032258064516129,7.32423490488007,2.34596950032311,0.128088563551212,0.350369480451789,0.311515777968396,"FASLG",1
"GO:0034205","amyloid-beta formation","1/39","31/8855",0.032258064516129,7.32423490488007,2.34596950032311,0.128088563551212,0.350369480451789,0.311515777968396,"RTN4",1
"GO:0036297","interstrand cross-link repair","1/39","31/8855",0.032258064516129,7.32423490488007,2.34596950032311,0.128088563551212,0.350369480451789,0.311515777968396,"RNF8",1
"GO:0060997","dendritic spine morphogenesis","1/39","31/8855",0.032258064516129,7.32423490488007,2.34596950032311,0.128088563551212,0.350369480451789,0.311515777968396,"DIP2A",1
"GO:0072583","clathrin-dependent endocytosis","1/39","31/8855",0.032258064516129,7.32423490488007,2.34596950032311,0.128088563551212,0.350369480451789,0.311515777968396,"GPR107",1
"GO:0001525","angiogenesis","3/39","287/8855",0.0104529616724739,2.37335834896811,1.57308200506544,0.131516778525285,0.356376562978995,0.316856714012169,"RTN4/FASLG/HHEX",3
"GO:0021885","forebrain cell migration","1/39","32/8855",0.03125,7.09535256410256,2.29737532408556,0.131942206572688,0.356376562978995,0.316856714012169,"RTN4",1
"GO:0045646","regulation of erythrocyte differentiation","1/39","32/8855",0.03125,7.09535256410256,2.29737532408556,0.131942206572688,0.356376562978995,0.316856714012169,"ACVR1B",1
"GO:0048599","oocyte development","1/39","32/8855",0.03125,7.09535256410256,2.29737532408556,0.131942206572688,0.356376562978995,0.316856714012169,"GDF9",1
"GO:0070231","T cell apoptotic process","1/39","32/8855",0.03125,7.09535256410256,2.29737532408556,0.131942206572688,0.356376562978995,0.316856714012169,"FASLG",1
"GO:0001667","ameboidal-type cell migration","2/39","145/8855",0.0137931034482759,3.13174182139699,1.72137622613831,0.133470812671791,0.359601813589411,0.319724305252568,"RTN4/ACVR1B",2
"GO:0046530","photoreceptor cell differentiation","1/39","33/8855",0.0303030303030303,6.88034188034188,2.25082790778351,0.135779252242377,0.359879503437329,0.319971201097767,"ELP6",1
"GO:0048010","vascular endothelial growth factor receptor signaling pathway","1/39","33/8855",0.0303030303030303,6.88034188034188,2.25082790778351,0.135779252242377,0.359879503437329,0.319971201097767,"HHEX",1
"GO:0050885","neuromuscular process controlling balance","1/39","33/8855",0.0303030303030303,6.88034188034188,2.25082790778351,0.135779252242377,0.359879503437329,0.319971201097767,"ELP6",1
"GO:0060350","endochondral bone morphogenesis","1/39","33/8855",0.0303030303030303,6.88034188034188,2.25082790778351,0.135779252242377,0.359879503437329,0.319971201097767,"COL27A1",1
"GO:0141084","inflammasome-mediated signaling pathway","1/39","33/8855",0.0303030303030303,6.88034188034188,2.25082790778351,0.135779252242377,0.359879503437329,0.319971201097767,"ELP6",1
"GO:0002253","activation of immune response","3/39","293/8855",0.0102389078498294,2.32475715410869,1.53372940317952,0.137532361043258,0.359879503437329,0.319971201097767,"RTN4/SKAP1/ELP6",3
"GO:0051259","protein complex oligomerization","2/39","148/8855",0.0135135135135135,3.06826056826057,1.68759453058005,0.137959064148393,0.359879503437329,0.319971201097767,"KCNS1/ALDH1A2",2
"GO:0060828","regulation of canonical Wnt signaling pathway","2/39","148/8855",0.0135135135135135,3.06826056826057,1.68759453058005,0.137959064148393,0.359879503437329,0.319971201097767,"LGR6/HHEX",2
"GO:0006403","RNA localization","2/39","149/8855",0.0134228187919463,3.04766821545345,1.67652356988979,0.139462801530902,0.359879503437329,0.319971201097767,"HHEX/MCM3AP",2
"GO:0048667","cell morphogenesis involved in neuron differentiation","3/39","295/8855",0.0101694915254237,2.30899608865711,1.5208232597628,0.139559050514099,0.359879503437329,0.319971201097767,"RTN4/LGR6/DIP2A",3
"GO:0001825","blastocyst formation","1/39","34/8855",0.0294117647058824,6.67797888386124,2.20617821662791,0.139599770170573,0.359879503437329,0.319971201097767,"RTN4",1
"GO:0008347","glial cell migration","1/39","34/8855",0.0294117647058824,6.67797888386124,2.20617821662791,0.139599770170573,0.359879503437329,0.319971201097767,"RTN4",1
"GO:0009994","oocyte differentiation","1/39","34/8855",0.0294117647058824,6.67797888386124,2.20617821662791,0.139599770170573,0.359879503437329,0.319971201097767,"GDF9",1
"GO:0016101","diterpenoid metabolic process","1/39","34/8855",0.0294117647058824,6.67797888386124,2.20617821662791,0.139599770170573,0.359879503437329,0.319971201097767,"ALDH1A2",1
"GO:0035384","thioester biosynthetic process","1/39","34/8855",0.0294117647058824,6.67797888386124,2.20617821662791,0.139599770170573,0.359879503437329,0.319971201097767,"DIP2A",1
"GO:0043525","positive regulation of neuron apoptotic process","1/39","34/8855",0.0294117647058824,6.67797888386124,2.20617821662791,0.139599770170573,0.359879503437329,0.319971201097767,"FASLG",1
"GO:0071616","acyl-CoA biosynthetic process","1/39","34/8855",0.0294117647058824,6.67797888386124,2.20617821662791,0.139599770170573,0.359879503437329,0.319971201097767,"DIP2A",1
"GO:1902743","regulation of lamellipodium organization","1/39","34/8855",0.0294117647058824,6.67797888386124,2.20617821662791,0.139599770170573,0.359879503437329,0.319971201097767,"ACTR2",1
"GO:0002181","cytoplasmic translation","2/39","150/8855",0.0133333333333333,3.02735042735043,1.66554486690211,0.140970265322554,0.362543146463506,0.322339463391788,"HHEX/RPL12",2
"GO:0022603","regulation of anatomical structure morphogenesis","4/39","459/8855",0.00871459694989107,1.97866041003296,1.43208375881447,0.141517984427352,0.363083134270653,0.322819570054103,"RTN4/FASLG/MSTO1/HHEX",4
"GO:0016601","Rac protein signal transduction","1/39","35/8855",0.0285714285714286,6.48717948717949,2.16329211595908,0.14340382968348,0.364442356760617,0.324028063587407,"RTN4",1
"GO:0021536","diencephalon development","1/39","35/8855",0.0285714285714286,6.48717948717949,2.16329211595908,0.14340382968348,0.364442356760617,0.324028063587407,"ALDH1A2",1
"GO:0051149","positive regulation of muscle cell differentiation","1/39","35/8855",0.0285714285714286,6.48717948717949,2.16329211595908,0.14340382968348,0.364442356760617,0.324028063587407,"ATP11A",1
"GO:0097300","programmed necrotic cell death","1/39","35/8855",0.0285714285714286,6.48717948717949,2.16329211595908,0.14340382968348,0.364442356760617,0.324028063587407,"FASLG",1
"GO:0042113","B cell activation","2/39","152/8855",0.0131578947368421,2.98751686909582,1.64385836977109,0.143996134258651,0.365084538509553,0.324599031546315,"RNF8/HHEX",2
"GO:0006399","tRNA metabolic process","2/39","153/8855",0.0130718954248366,2.96799061504944,1.63314772610615,0.145514421531591,0.365429243212842,0.32490551073416,"CDK5RAP1/ELP6",2
"GO:0048562","embryonic organ morphogenesis","2/39","153/8855",0.0130718954248366,2.96799061504944,1.63314772610615,0.145514421531591,0.365429243212842,0.32490551073416,"TULP3/MTHFD1L",2
"GO:0001836","release of cytochrome c from mitochondria","1/39","36/8855",0.0277777777777778,6.30698005698006,2.12204850326675,0.147191499824335,0.365429243212842,0.32490551073416,"PARL",1
"GO:0033627","cell adhesion mediated by integrin","1/39","36/8855",0.0277777777777778,6.30698005698006,2.12204850326675,0.147191499824335,0.365429243212842,0.32490551073416,"SKAP1",1
"GO:0048844","artery morphogenesis","1/39","36/8855",0.0277777777777778,6.30698005698006,2.12204850326675,0.147191499824335,0.365429243212842,0.32490551073416,"RTN4",1
"GO:0051452","intracellular pH reduction","1/39","36/8855",0.0277777777777778,6.30698005698006,2.12204850326675,0.147191499824335,0.365429243212842,0.32490551073416,"FASLG",1
"GO:0051646","mitochondrion localization","1/39","36/8855",0.0277777777777778,6.30698005698006,2.12204850326675,0.147191499824335,0.365429243212842,0.32490551073416,"MSTO1",1
"GO:0086001","cardiac muscle cell action potential","1/39","36/8855",0.0277777777777778,6.30698005698006,2.12204850326675,0.147191499824335,0.365429243212842,0.32490551073416,"SCN4B",1
"GO:1901524","regulation of mitophagy","1/39","36/8855",0.0277777777777778,6.30698005698006,2.12204850326675,0.147191499824335,0.365429243212842,0.32490551073416,"PARL",1
"GO:0048729","tissue morphogenesis","3/39","303/8855",0.0099009900990099,2.24803249555725,1.47021088271639,0.147769616315613,0.36601921092001,0.32543005484981,"TULP3/MTHFD1L/ALDH1A2",3
"GO:0010608","post-transcriptional regulation of gene expression","4/39","468/8855",0.00854700854700855,1.94060924830156,1.39057725361555,0.148830012402005,0.367798306510701,0.327011860280751,"CDK5RAP1/HHEX/ELP6/DCAF12",4
"GO:0008284","positive regulation of cell population proliferation","4/39","470/8855",0.00851063829787234,1.93235133660666,1.3814757467819,0.150475408020959,0.369669847508264,0.328675859522647,"RTN4/FASLG/ALDH1A2/GDF9",4
"GO:0042733","embryonic digit morphogenesis","1/39","37/8855",0.027027027027027,6.13652113652114,2.08233771907709,0.150962849354538,0.369669847508264,0.328675859522647,"TULP3",1
"GO:0045947","negative regulation of translational initiation","1/39","37/8855",0.027027027027027,6.13652113652114,2.08233771907709,0.150962849354538,0.369669847508264,0.328675859522647,"HHEX",1
"GO:0051289","protein homotetramerization","1/39","37/8855",0.027027027027027,6.13652113652114,2.08233771907709,0.150962849354538,0.369669847508264,0.328675859522647,"ALDH1A2",1
"GO:0007264","small GTPase-mediated signal transduction","3/39","308/8855",0.00974025974025974,2.21153846153846,1.4393684654475,0.152982763232939,0.37376470562593,0.332316624439015,"GDI2/DENND3/RTN4",3
"GO:0002183","cytoplasmic translational initiation","1/39","38/8855",0.0263157894736842,5.97503373819163,2.04406018876844,0.154717946754761,0.374598632345423,0.333058074095123,"HHEX",1
"GO:0007566","embryo implantation","1/39","38/8855",0.0263157894736842,5.97503373819163,2.04406018876844,0.154717946754761,0.374598632345423,0.333058074095123,"ACVR1B",1
"GO:0031016","pancreas development","1/39","38/8855",0.0263157894736842,5.97503373819163,2.04406018876844,0.154717946754761,0.374598632345423,0.333058074095123,"ALDH1A2",1
"GO:0034308","primary alcohol metabolic process","1/39","38/8855",0.0263157894736842,5.97503373819163,2.04406018876844,0.154717946754761,0.374598632345423,0.333058074095123,"ALDH1A2",1
"GO:0015931","nucleobase-containing compound transport","2/39","160/8855",0.0125,2.83814102564103,1.5605234455471,0.156236958724261,0.37686089544918,0.335069466896309,"HHEX/MCM3AP",2
"GO:0002028","regulation of sodium ion transport","1/39","39/8855",0.0256410256410256,5.82182774490467,2.00712525664559,0.158456860226074,0.37686089544918,0.335069466896309,"SCN4B",1
"GO:0002720","positive regulation of cytokine production involved in immune response","1/39","39/8855",0.0256410256410256,5.82182774490467,2.00712525664559,0.158456860226074,0.37686089544918,0.335069466896309,"RTN4",1
"GO:0014032","neural crest cell development","1/39","39/8855",0.0256410256410256,5.82182774490467,2.00712525664559,0.158456860226074,0.37686089544918,0.335069466896309,"ALDH1A2",1
"GO:0043266","regulation of potassium ion transport","1/39","39/8855",0.0256410256410256,5.82182774490467,2.00712525664559,0.158456860226074,0.37686089544918,0.335069466896309,"KCNS1",1
"GO:0061180","mammary gland epithelium development","1/39","39/8855",0.0256410256410256,5.82182774490467,2.00712525664559,0.158456860226074,0.37686089544918,0.335069466896309,"RTN4",1
"GO:0071364","cellular response to epidermal growth factor stimulus","1/39","39/8855",0.0256410256410256,5.82182774490467,2.00712525664559,0.158456860226074,0.37686089544918,0.335069466896309,"MCM7",1
"GO:0086003","cardiac muscle cell contraction","1/39","39/8855",0.0256410256410256,5.82182774490467,2.00712525664559,0.158456860226074,0.37686089544918,0.335069466896309,"SCN4B",1
"GO:0002221","pattern recognition receptor signaling pathway","2/39","162/8855",0.0123456790123457,2.80310224754669,1.54049145537289,0.159329228129084,0.377140267633451,0.335317858517673,"RTN4/ELP6",2
"GO:0051402","neuron apoptotic process","2/39","163/8855",0.0122699386503067,2.78590530124272,1.53058918874332,0.160879866984794,0.377140267633451,0.335317858517673,"FASLG/ELP6",2
"GO:0001954","positive regulation of cell-matrix adhesion","1/39","40/8855",0.025,5.67628205128205,1.97145018089004,0.162179657691045,0.377140267633451,0.335317858517673,"SKAP1",1
"GO:0002027","regulation of heart rate","1/39","40/8855",0.025,5.67628205128205,1.97145018089004,0.162179657691045,0.377140267633451,0.335317858517673,"SCN4B",1
"GO:0006721","terpenoid metabolic process","1/39","40/8855",0.025,5.67628205128205,1.97145018089004,0.162179657691045,0.377140267633451,0.335317858517673,"ALDH1A2",1
"GO:0042987","amyloid precursor protein catabolic process","1/39","40/8855",0.025,5.67628205128205,1.97145018089004,0.162179657691045,0.377140267633451,0.335317858517673,"RTN4",1
"GO:0048864","stem cell development","1/39","40/8855",0.025,5.67628205128205,1.97145018089004,0.162179657691045,0.377140267633451,0.335317858517673,"ALDH1A2",1
"GO:0071300","cellular response to retinoic acid","1/39","40/8855",0.025,5.67628205128205,1.97145018089004,0.162179657691045,0.377140267633451,0.335317858517673,"ALDH1A2",1
"GO:1903146","regulation of autophagy of mitochondrion","1/39","40/8855",0.025,5.67628205128205,1.97145018089004,0.162179657691045,0.377140267633451,0.335317858517673,"PARL",1
"GO:1905954","positive regulation of lipid localization","1/39","40/8855",0.025,5.67628205128205,1.97145018089004,0.162179657691045,0.377140267633451,0.335317858517673,"FASLG",1
"GO:0060485","mesenchyme development","2/39","164/8855",0.0121951219512195,2.76891807379612,1.52076125729996,0.162433436199338,0.377140267633451,0.335317858517673,"RTN4/ALDH1A2",2
"GO:0002204","somatic recombination of immunoglobulin genes involved in immune response","1/39","41/8855",0.024390243902439,5.53783614759224,1.93695926377237,0.16588640679485,0.378615471984,0.336629472275615,"RNF8",1
"GO:0002208","somatic diversification of immunoglobulins involved in immune response","1/39","41/8855",0.024390243902439,5.53783614759224,1.93695926377237,0.16588640679485,0.378615471984,0.336629472275615,"RNF8",1
"GO:0010632","regulation of epithelial cell migration","1/39","41/8855",0.024390243902439,5.53783614759224,1.93695926377237,0.16588640679485,0.378615471984,0.336629472275615,"RTN4",1
"GO:0045190","isotype switching","1/39","41/8855",0.024390243902439,5.53783614759224,1.93695926377237,0.16588640679485,0.378615471984,0.336629472275615,"RNF8",1
"GO:0051153","regulation of striated muscle cell differentiation","1/39","41/8855",0.024390243902439,5.53783614759224,1.93695926377237,0.16588640679485,0.378615471984,0.336629472275615,"ATP11A",1
"GO:0062208","positive regulation of pattern recognition receptor signaling pathway","1/39","41/8855",0.024390243902439,5.53783614759224,1.93695926377237,0.16588640679485,0.378615471984,0.336629472275615,"RTN4",1
"GO:1902017","regulation of cilium assembly","1/39","41/8855",0.024390243902439,5.53783614759224,1.93695926377237,0.16588640679485,0.378615471984,0.336629472275615,"GDI2",1
"GO:1903533","regulation of protein targeting","1/39","41/8855",0.024390243902439,5.53783614759224,1.93695926377237,0.16588640679485,0.378615471984,0.336629472275615,"PARL",1
"GO:0060562","epithelial tube morphogenesis","2/39","168/8855",0.0119047619047619,2.70299145299145,1.48217154043784,0.168675946317105,0.3789060468006,0.336887824230056,"TULP3/MTHFD1L",2
"GO:0001570","vasculogenesis","1/39","42/8855",0.0238095238095238,5.40598290598291,1.9035830961086,0.169577174906378,0.3789060468006,0.336887824230056,"RTN4",1
"GO:0002381","immunoglobulin production involved in immunoglobulin-mediated immune response","1/39","42/8855",0.0238095238095238,5.40598290598291,1.9035830961086,0.169577174906378,0.3789060468006,0.336887824230056,"RNF8",1
"GO:0009953","dorsal/ventral pattern formation","1/39","42/8855",0.0238095238095238,5.40598290598291,1.9035830961086,0.169577174906378,0.3789060468006,0.336887824230056,"TULP3",1
"GO:0050435","amyloid-beta metabolic process","1/39","42/8855",0.0238095238095238,5.40598290598291,1.9035830961086,0.169577174906378,0.3789060468006,0.336887824230056,"RTN4",1
"GO:0051057","positive regulation of small GTPase mediated signal transduction","1/39","42/8855",0.0238095238095238,5.40598290598291,1.9035830961086,0.169577174906378,0.3789060468006,0.336887824230056,"RTN4",1
"GO:0061337","cardiac conduction","1/39","42/8855",0.0238095238095238,5.40598290598291,1.9035830961086,0.169577174906378,0.3789060468006,0.336887824230056,"SCN4B",1
"GO:0070849","response to epidermal growth factor","1/39","42/8855",0.0238095238095238,5.40598290598291,1.9035830961086,0.169577174906378,0.3789060468006,0.336887824230056,"MCM7",1
"GO:0006412","translation","4/39","493/8855",0.00811359026369168,1.84220107141,1.27982455736502,0.169908298710792,0.3789060468006,0.336887824230056,"CDK5RAP1/HHEX/ELP6/RPL12",4
"GO:0045087","innate immune response","4/39","493/8855",0.00811359026369168,1.84220107141,1.27982455736502,0.169908298710792,0.3789060468006,0.336887824230056,"RTN4/FASLG/ACTR2/ELP6",4
"GO:0048598","embryonic morphogenesis","3/39","324/8855",0.00925925925925926,2.10232668566002,1.34446384216955,0.170058338693851,0.3789060468006,0.336887824230056,"TULP3/MTHFD1L/ALDH1A2",3
"GO:0002758","innate immune response-activating signaling pathway","2/39","169/8855",0.0118343195266272,2.68699742072523,1.47269946810389,0.170243368004363,0.3789060468006,0.336887824230056,"RTN4/ELP6",2
"GO:0010959","regulation of metal ion transport","2/39","170/8855",0.0117647058823529,2.67119155354449,1.46329555334121,0.171813403049298,0.380871025160058,0.338634899236556,"KCNS1/SCN4B",2
"GO:0006081","aldehyde metabolic process","1/39","43/8855",0.0232558139534884,5.28026237328563,1.87125789862434,0.173252029119319,0.380871025160058,0.338634899236556,"ALDH1A2",1
"GO:0008333","endosome to lysosome transport","1/39","43/8855",0.0232558139534884,5.28026237328563,1.87125789862434,0.173252029119319,0.380871025160058,0.338634899236556,"DENND3",1
"GO:0014033","neural crest cell differentiation","1/39","43/8855",0.0232558139534884,5.28026237328563,1.87125789862434,0.173252029119319,0.380871025160058,0.338634899236556,"ALDH1A2",1
"GO:0033619","membrane protein proteolysis","1/39","43/8855",0.0232558139534884,5.28026237328563,1.87125789862434,0.173252029119319,0.380871025160058,0.338634899236556,"PARL",1
"GO:1990266","neutrophil migration","1/39","43/8855",0.0232558139534884,5.28026237328563,1.87125789862434,0.173252029119319,0.380871025160058,0.338634899236556,"RTN4",1
"GO:0048812","neuron projection morphogenesis","3/39","329/8855",0.00911854103343465,2.07037643207856,1.31591577884921,0.175509591508168,0.385046552798532,0.34234738794719,"RTN4/LGR6/DIP2A",3
"GO:0006282","regulation of DNA repair","2/39","173/8855",0.0115606936416185,2.62487031273158,1.43548327336689,0.176538675428221,0.385759358970104,0.342981148538414,"RNF8/ACTR2",2
"GO:0050886","endocrine process","1/39","44/8855",0.0227272727272727,5.16025641025641,1.83992494585884,0.176911036253267,0.385759358970104,0.342981148538414,"GDF9",1
"GO:0097352","autophagosome maturation","1/39","44/8855",0.0227272727272727,5.16025641025641,1.83992494585884,0.176911036253267,0.385759358970104,0.342981148538414,"ELP6",1
"GO:0060070","canonical Wnt signaling pathway","2/39","175/8855",0.0114285714285714,2.59487179487179,1.41726548572666,0.179700990105542,0.389750667809059,0.34652984711934,"LGR6/HHEX",2
"GO:0030516","regulation of axon extension","1/39","45/8855",0.0222222222222222,5.04558404558405,1.80953006064507,0.180554262854801,0.389750667809059,0.34652984711934,"RTN4",1
"GO:0070227","lymphocyte apoptotic process","1/39","45/8855",0.0222222222222222,5.04558404558405,1.80953006064507,0.180554262854801,0.389750667809059,0.34652984711934,"FASLG",1
"GO:0071677","positive regulation of mononuclear cell migration","1/39","45/8855",0.0222222222222222,5.04558404558405,1.80953006064507,0.180554262854801,0.389750667809059,0.34652984711934,"RTN4",1
"GO:0099068","postsynapse assembly","1/39","45/8855",0.0222222222222222,5.04558404558405,1.80953006064507,0.180554262854801,0.389750667809059,0.34652984711934,"RTN4",1
"GO:0048514","blood vessel morphogenesis","3/39","334/8855",0.00898203592814371,2.03938277291571,1.28786320916498,0.181011953988259,0.389955612299356,0.346712064595168,"RTN4/FASLG/HHEX",3
"GO:0046394","carboxylic acid biosynthetic process","2/39","177/8855",0.0112994350282486,2.56555120961901,1.39929847216456,0.18287254572029,0.39034702950365,0.347060076170687,"MTHFD1L/ALDH1A2",2
"GO:0000959","mitochondrial RNA metabolic process","1/39","46/8855",0.0217391304347826,4.93589743589744,1.78002316916084,0.184181775198577,0.39034702950365,0.347060076170687,"CDK5RAP1",1
"GO:0043502","regulation of muscle adaptation","1/39","46/8855",0.0217391304347826,4.93589743589744,1.78002316916084,0.184181775198577,0.39034702950365,0.347060076170687,"GTF2IRD1",1
"GO:0043543","protein acylation","1/39","46/8855",0.0217391304347826,4.93589743589744,1.78002316916084,0.184181775198577,0.39034702950365,0.347060076170687,"DIP2A",1
"GO:0051653","spindle localization","1/39","46/8855",0.0217391304347826,4.93589743589744,1.78002316916084,0.184181775198577,0.39034702950365,0.347060076170687,"ACTR2",1
"GO:0061462","protein localization to lysosome","1/39","46/8855",0.0217391304347826,4.93589743589744,1.78002316916084,0.184181775198577,0.39034702950365,0.347060076170687,"RTN4",1
"GO:0070534","protein K63-linked ubiquitination","1/39","46/8855",0.0217391304347826,4.93589743589744,1.78002316916084,0.184181775198577,0.39034702950365,0.347060076170687,"RNF8",1
"GO:2000243","positive regulation of reproductive process","1/39","46/8855",0.0217391304347826,4.93589743589744,1.78002316916084,0.184181775198577,0.39034702950365,0.347060076170687,"ACVR1B",1
"GO:0016053","organic acid biosynthetic process","2/39","178/8855",0.0112359550561798,2.5511380005762,1.39040689111422,0.184461666035213,0.39034702950365,0.347060076170687,"MTHFD1L/ALDH1A2",2
"GO:0120039","plasma membrane bounded cell projection morphogenesis","3/39","339/8855",0.00884955752212389,2.0093033809848,1.26028864213328,0.18656329423758,0.392759070496168,0.349204637464402,"RTN4/LGR6/DIP2A",3
"GO:0016447","somatic recombination of immunoglobulin gene segments","1/39","47/8855",0.0212765957446809,4.83087834151664,1.75135790814805,0.1877936392884,0.392759070496168,0.349204637464402,"RNF8",1
"GO:0030032","lamellipodium assembly","1/39","47/8855",0.0212765957446809,4.83087834151664,1.75135790814805,0.1877936392884,0.392759070496168,0.349204637464402,"ACTR2",1
"GO:0042246","tissue regeneration","1/39","47/8855",0.0212765957446809,4.83087834151664,1.75135790814805,0.1877936392884,0.392759070496168,0.349204637464402,"LGR6",1
"GO:0045132","meiotic chromosome segregation","1/39","47/8855",0.0212765957446809,4.83087834151664,1.75135790814805,0.1877936392884,0.392759070496168,0.349204637464402,"ACTR2",1
"GO:0097061","dendritic spine organization","1/39","47/8855",0.0212765957446809,4.83087834151664,1.75135790814805,0.1877936392884,0.392759070496168,0.349204637464402,"DIP2A",1
"GO:0040008","regulation of growth","3/39","341/8855",0.00879765395894428,1.99751861042184,1.24938890544877,0.188797068531576,0.394090968294067,0.350388836436732,"RTN4/ACVR1B/GDF9",3
"GO:0002218","activation of innate immune response","2/39","182/8855",0.010989010989011,2.49506903353057,1.35543450965794,0.19083930332111,0.394902427874629,0.351110310413869,"RTN4/ELP6",2
"GO:0048858","cell projection morphogenesis","3/39","343/8855",0.0087463556851312,1.98587127158556,1.23856195473229,0.191038204464752,0.394902427874629,0.351110310413869,"RTN4/LGR6/DIP2A",3
"GO:0006720","isoprenoid metabolic process","1/39","48/8855",0.0208333333333333,4.73023504273504,1.72349127721527,0.191389920858309,0.394902427874629,0.351110310413869,"ALDH1A2",1
"GO:0008585","female gonad development","1/39","48/8855",0.0208333333333333,4.73023504273504,1.72349127721527,0.191389920858309,0.394902427874629,0.351110310413869,"GDF9",1
"GO:0034248","regulation of amide metabolic process","1/39","48/8855",0.0208333333333333,4.73023504273504,1.72349127721527,0.191389920858309,0.394902427874629,0.351110310413869,"RTN4",1
"GO:0042058","regulation of epidermal growth factor receptor signaling pathway","1/39","48/8855",0.0208333333333333,4.73023504273504,1.72349127721527,0.191389920858309,0.394902427874629,0.351110310413869,"FASLG",1
"GO:0050678","regulation of epithelial cell proliferation","2/39","184/8855",0.0108695652173913,2.46794871794872,1.33829382458272,0.194040150530013,0.399603758275409,0.355290293771428,"RTN4/ALDH1A2",2
"GO:0051052","regulation of DNA metabolic process","3/39","346/8855",0.00867052023121387,1.96865273454869,1.22245580724029,0.194413416394978,0.399606926624477,0.355293110771139,"RNF8/ACTR2/MCM7",3
"GO:0046545","development of primary female sexual characteristics","1/39","49/8855",0.0204081632653061,4.63369963369963,1.6963833302268,0.19497068537364,0.399987570184471,0.35563154342962,"GDF9",1
"GO:0051248","negative regulation of protein metabolic process","3/39","349/8855",0.00859598853868195,1.95173021820586,1.20650785740121,0.197804434632319,0.404216283872181,0.359391320201655,"CDK5RAP1/RTN4/HHEX",3
"GO:0001942","hair follicle development","1/39","50/8855",0.02,4.54102564102564,1.6699969006839,0.198535998032104,0.404216283872181,0.359391320201655,"ACVR1B",1
"GO:0030330","DNA damage response, signal transduction by p53 class mediator","1/39","50/8855",0.02,4.54102564102564,1.6699969006839,0.198535998032104,0.404216283872181,0.359391320201655,"SMYD2",1
"GO:0042982","amyloid precursor protein metabolic process","1/39","50/8855",0.02,4.54102564102564,1.6699969006839,0.198535998032104,0.404216283872181,0.359391320201655,"RTN4",1
"GO:0007169","cell surface receptor protein tyrosine kinase signaling pathway","3/39","350/8855",0.00857142857142857,1.94615384615385,1.2012264706929,0.19893820837084,0.404269516065507,0.359438649290066,"RTN4/FASLG/HHEX",3
"GO:0007281","germ cell development","2/39","189/8855",0.0105820105820106,2.40265906932574,1.2964027853269,0.202074372046813,0.40606050102281,0.361031025633989,"RNF8/GDF9",2
"GO:0030111","regulation of Wnt signaling pathway","2/39","189/8855",0.0105820105820106,2.40265906932574,1.2964027853269,0.202074372046813,0.40606050102281,0.361031025633989,"LGR6/HHEX",2
"GO:0006626","protein targeting to mitochondrion","1/39","51/8855",0.0196078431372549,4.45198592257416,1.64429735675555,0.20208592376484,0.40606050102281,0.361031025633989,"PARL",1
"GO:0033273","response to vitamin","1/39","51/8855",0.0196078431372549,4.45198592257416,1.64429735675555,0.20208592376484,0.40606050102281,0.361031025633989,"ALDH1A2",1
"GO:0048640","negative regulation of developmental growth","1/39","51/8855",0.0196078431372549,4.45198592257416,1.64429735675555,0.20208592376484,0.40606050102281,0.361031025633989,"RTN4",1
"GO:0070252","actin-mediated cell contraction","1/39","51/8855",0.0196078431372549,4.45198592257416,1.64429735675555,0.20208592376484,0.40606050102281,0.361031025633989,"SCN4B",1
"GO:0022404","molting cycle process","1/39","52/8855",0.0192307692307692,4.3663708086785,1.61925238224413,0.205620527237486,0.410399150089098,0.364888546664285,"ACVR1B",1
"GO:0022405","hair cycle process","1/39","52/8855",0.0192307692307692,4.3663708086785,1.61925238224413,0.205620527237486,0.410399150089098,0.364888546664285,"ACVR1B",1
"GO:0051899","membrane depolarization","1/39","52/8855",0.0192307692307692,4.3663708086785,1.61925238224413,0.205620527237486,0.410399150089098,0.364888546664285,"SCN4B",1
"GO:0097190","apoptotic signaling pathway","3/39","356/8855",0.00842696629213483,1.91335350043215,1.16989329926839,0.205775743906049,0.410399150089098,0.364888546664285,"FASLG/ACVR1B/PARL",3
"GO:0120035","regulation of plasma membrane bounded cell projection organization","3/39","357/8855",0.00840336134453781,1.9079939668175,1.16472924198153,0.206920993686545,0.410399150089098,0.364888546664285,"GDI2/RTN4/ACTR2",3
"GO:0141091","transforming growth factor beta receptor superfamily signaling pathway","2/39","193/8855",0.0103626943005181,2.35286302643816,1.26383292160944,0.208531791245898,0.410399150089098,0.364888546664285,"ACVR1B/GDF9",2
"GO:0006469","negative regulation of protein kinase activity","1/39","53/8855",0.0188679245283019,4.28398645379777,1.59483178029869,0.209139872851224,0.410399150089098,0.364888546664285,"CDK5RAP1",1
"GO:0008625","extrinsic apoptotic signaling pathway via death domain receptors","1/39","53/8855",0.0188679245283019,4.28398645379777,1.59483178029869,0.209139872851224,0.410399150089098,0.364888546664285,"FASLG",1
"GO:0051453","regulation of intracellular pH","1/39","53/8855",0.0188679245283019,4.28398645379777,1.59483178029869,0.209139872851224,0.410399150089098,0.364888546664285,"FASLG",1
"GO:0060349","bone morphogenesis","1/39","53/8855",0.0188679245283019,4.28398645379777,1.59483178029869,0.209139872851224,0.410399150089098,0.364888546664285,"COL27A1",1
"GO:0060996","dendritic spine development","1/39","53/8855",0.0188679245283019,4.28398645379777,1.59483178029869,0.209139872851224,0.410399150089098,0.364888546664285,"DIP2A",1
"GO:0097194","execution phase of apoptosis","1/39","53/8855",0.0188679245283019,4.28398645379777,1.59483178029869,0.209139872851224,0.410399150089098,0.364888546664285,"FASLG",1
"GO:0048872","homeostasis of number of cells","2/39","194/8855",0.0103092783505155,2.34073486650806,1.25581602557555,0.210149950984047,0.410399150089098,0.364888546664285,"ACVR1B/ELP6",2
"GO:0043269","regulation of monoatomic ion transport","2/39","195/8855",0.0102564102564103,2.32873109796187,1.24784812479059,0.211769546334576,0.410399150089098,0.364888546664285,"KCNS1/SCN4B",2
"GO:0051056","regulation of small GTPase mediated signal transduction","2/39","195/8855",0.0102564102564103,2.32873109796187,1.24784812479059,0.211769546334576,0.410399150089098,0.364888546664285,"DENND3/RTN4",2
"GO:0002562","somatic diversification of immune receptors via germline recombination within a single locus","1/39","54/8855",0.0185185185185185,4.20465337132004,1.57100729713246,0.21264402474384,0.410399150089098,0.364888546664285,"RNF8",1
"GO:0008589","regulation of smoothened signaling pathway","1/39","54/8855",0.0185185185185185,4.20465337132004,1.57100729713246,0.21264402474384,0.410399150089098,0.364888546664285,"TULP3",1
"GO:0016444","somatic cell DNA recombination","1/39","54/8855",0.0185185185185185,4.20465337132004,1.57100729713246,0.21264402474384,0.410399150089098,0.364888546664285,"RNF8",1
"GO:0043648","dicarboxylic acid metabolic process","1/39","54/8855",0.0185185185185185,4.20465337132004,1.57100729713246,0.21264402474384,0.410399150089098,0.364888546664285,"MTHFD1L",1
"GO:0061387","regulation of extent of cell growth","1/39","54/8855",0.0185185185185185,4.20465337132004,1.57100729713246,0.21264402474384,0.410399150089098,0.364888546664285,"RTN4",1
"GO:0090288","negative regulation of cellular response to growth factor stimulus","1/39","54/8855",0.0185185185185185,4.20465337132004,1.57100729713246,0.21264402474384,0.410399150089098,0.364888546664285,"HHEX",1
"GO:0106027","neuron projection organization","1/39","54/8855",0.0185185185185185,4.20465337132004,1.57100729713246,0.21264402474384,0.410399150089098,0.364888546664285,"DIP2A",1
"GO:0002367","cytokine production involved in immune response","1/39","55/8855",0.0181818181818182,4.12820512820513,1.54775246337611,0.216133046790765,0.414158690374461,0.368231178320696,"RTN4",1
"GO:0002718","regulation of cytokine production involved in immune response","1/39","55/8855",0.0181818181818182,4.12820512820513,1.54775246337611,0.216133046790765,0.414158690374461,0.368231178320696,"RTN4",1
"GO:0051262","protein tetramerization","1/39","55/8855",0.0181818181818182,4.12820512820513,1.54775246337611,0.216133046790765,0.414158690374461,0.368231178320696,"ALDH1A2",1
"GO:0090100","positive regulation of transmembrane receptor protein serine/threonine kinase signaling pathway","1/39","55/8855",0.0181818181818182,4.12820512820513,1.54775246337611,0.216133046790765,0.414158690374461,0.368231178320696,"ACVR1B",1
"GO:0042391","regulation of membrane potential","2/39","198/8855",0.0101010101010101,2.29344729344729,1.22423247098233,0.216636521694771,0.414384805732881,0.36843221895271,"KCNS1/SCN4B",2
"GO:0031344","regulation of cell projection organization","3/39","366/8855",0.00819672131147541,1.86107608238756,1.11897420141714,0.217297061902709,0.414910020506949,0.368899190815481,"GDI2/RTN4/ACTR2",3
"GO:0030641","regulation of cellular pH","1/39","56/8855",0.0178571428571429,4.05448717948718,1.52504245101644,0.219607002606124,0.415429079156873,0.369360689228338,"FASLG",1
"GO:0046660","female sex differentiation","1/39","56/8855",0.0178571428571429,4.05448717948718,1.52504245101644,0.219607002606124,0.415429079156873,0.369360689228338,"GDF9",1
"GO:0048477","oogenesis","1/39","56/8855",0.0178571428571429,4.05448717948718,1.52504245101644,0.219607002606124,0.415429079156873,0.369360689228338,"GDF9",1
"GO:0051209","release of sequestered calcium ion into cytosol","1/39","56/8855",0.0178571428571429,4.05448717948718,1.52504245101644,0.219607002606124,0.415429079156873,0.369360689228338,"FASLG",1
"GO:0060840","artery development","1/39","56/8855",0.0178571428571429,4.05448717948718,1.52504245101644,0.219607002606124,0.415429079156873,0.369360689228338,"RTN4",1
"GO:0051054","positive regulation of DNA metabolic process","2/39","200/8855",0.01,2.27051282051282,1.20872299724287,0.21988757771187,0.415429079156873,0.369360689228338,"RNF8/ACTR2",2
"GO:0006303","double-strand break repair via nonhomologous end joining","1/39","57/8855",0.0175438596491228,3.98335582546109,1.50285394414055,0.223065955543772,0.417762895835462,0.371435700777086,"RNF8",1
"GO:0010631","epithelial cell migration","1/39","57/8855",0.0175438596491228,3.98335582546109,1.50285394414055,0.223065955543772,0.417762895835462,0.371435700777086,"RTN4",1
"GO:0033673","negative regulation of kinase activity","1/39","57/8855",0.0175438596491228,3.98335582546109,1.50285394414055,0.223065955543772,0.417762895835462,0.371435700777086,"CDK5RAP1",1
"GO:0051283","negative regulation of sequestering of calcium ion","1/39","57/8855",0.0175438596491228,3.98335582546109,1.50285394414055,0.223065955543772,0.417762895835462,0.371435700777086,"FASLG",1
"GO:0090132","epithelium migration","1/39","57/8855",0.0175438596491228,3.98335582546109,1.50285394414055,0.223065955543772,0.417762895835462,0.371435700777086,"RTN4",1
"GO:0002250","adaptive immune response","2/39","203/8855",0.00985221674876847,2.236958443855,1.18579917736004,0.224772947641454,0.420227684720979,0.37362716056465,"RNF8/SKAP1",2
"GO:0002312","B cell activation involved in immune response","1/39","58/8855",0.0172413793103448,3.91467727674624,1.48116502193618,0.226509968698329,0.420549596460628,0.373913374380661,"RNF8",1
"GO:0006637","acyl-CoA metabolic process","1/39","58/8855",0.0172413793103448,3.91467727674624,1.48116502193618,0.226509968698329,0.420549596460628,0.373913374380661,"DIP2A",1
"GO:0035383","thioester metabolic process","1/39","58/8855",0.0172413793103448,3.91467727674624,1.48116502193618,0.226509968698329,0.420549596460628,0.373913374380661,"DIP2A",1
"GO:0097530","granulocyte migration","1/39","58/8855",0.0172413793103448,3.91467727674624,1.48116502193618,0.226509968698329,0.420549596460628,0.373913374380661,"RTN4",1
"GO:0022412","cellular process involved in reproduction in multicellular organism","2/39","206/8855",0.00970873786407767,2.20438137913866,1.1632711717197,0.229667894354331,0.423261194818802,0.376324274071454,"RNF8/GDF9",2
"GO:0006885","regulation of pH","1/39","59/8855",0.0169491525423729,3.84832681442851,1.45995505259636,0.229939104906214,0.423261194818802,0.376324274071454,"FASLG",1
"GO:0032355","response to estradiol","1/39","59/8855",0.0169491525423729,3.84832681442851,1.45995505259636,0.229939104906214,0.423261194818802,0.376324274071454,"ALDH1A2",1
"GO:0051282","regulation of sequestering of calcium ion","1/39","59/8855",0.0169491525423729,3.84832681442851,1.45995505259636,0.229939104906214,0.423261194818802,0.376324274071454,"FASLG",1
"GO:0090130","tissue migration","1/39","59/8855",0.0169491525423729,3.84832681442851,1.45995505259636,0.229939104906214,0.423261194818802,0.376324274071454,"RTN4",1
"GO:0080135","regulation of cellular response to stress","3/39","378/8855",0.00793650793650794,1.8019943019943,1.05989382671831,0.231309467274537,0.425055858666884,0.377919921341034,"RNF8/ACTR2/SMYD2",3
"GO:0043500","muscle adaptation","1/39","60/8855",0.0166666666666667,3.78418803418803,1.43920459694563,0.233353426746671,0.427350824110172,0.379960390004442,"GTF2IRD1",1
"GO:0097581","lamellipodium organization","1/39","60/8855",0.0166666666666667,3.78418803418803,1.43920459694563,0.233353426746671,0.427350824110172,0.379960390004442,"ACTR2",1
"GO:0007178","cell surface receptor protein serine/threonine kinase signaling pathway","2/39","210/8855",0.00952380952380952,2.16239316239316,1.13382614385274,0.236207552053713,0.429189664896292,0.381595315276213,"ACVR1B/GDF9",2
"GO:0030900","forebrain development","2/39","210/8855",0.00952380952380952,2.16239316239316,1.13382614385274,0.236207552053713,0.429189664896292,0.381595315276213,"RTN4/ALDH1A2",2
"GO:0022612","gland morphogenesis","1/39","61/8855",0.0163934426229508,3.72215216477512,1.41889532075111,0.236752996542792,0.429189664896292,0.381595315276213,"RTN4",1
"GO:0030278","regulation of ossification","1/39","61/8855",0.0163934426229508,3.72215216477512,1.41889532075111,0.236752996542792,0.429189664896292,0.381595315276213,"ACVR1B",1
"GO:0048675","axon extension","1/39","61/8855",0.0163934426229508,3.72215216477512,1.41889532075111,0.236752996542792,0.429189664896292,0.381595315276213,"RTN4",1
"GO:0060048","cardiac muscle contraction","1/39","61/8855",0.0163934426229508,3.72215216477512,1.41889532075111,0.236752996542792,0.429189664896292,0.381595315276213,"SCN4B",1
"GO:0003012","muscle system process","2/39","211/8855",0.00947867298578199,2.15214485356665,1.12656746400601,0.237844542476173,0.430442564245599,0.382709276215426,"GTF2IRD1/SCN4B",2
"GO:0008637","apoptotic mitochondrial changes","1/39","62/8855",0.0161290322580645,3.66211745244003,1.39900991480703,0.240137876362536,0.431685981755394,0.383814806789619,"PARL",1
"GO:0042303","molting cycle","1/39","62/8855",0.0161290322580645,3.66211745244003,1.39900991480703,0.240137876362536,0.431685981755394,0.383814806789619,"ACVR1B",1
"GO:0042633","hair cycle","1/39","62/8855",0.0161290322580645,3.66211745244003,1.39900991480703,0.240137876362536,0.431685981755394,0.383814806789619,"ACVR1B",1
"GO:0051208","sequestering of calcium ion","1/39","62/8855",0.0161290322580645,3.66211745244003,1.39900991480703,0.240137876362536,0.431685981755394,0.383814806789619,"FASLG",1
"GO:2001233","regulation of apoptotic signaling pathway","2/39","213/8855",0.00938967136150235,2.13193692066932,1.11216997911308,0.241120750480804,0.432729226655867,0.384742362598313,"FASLG/PARL",2
"GO:0002062","chondrocyte differentiation","1/39","63/8855",0.0158730158730159,3.6039886039886,1.37953202199007,0.243508128019747,0.433396088776868,0.385335274036129,"COL27A1",1
"GO:0016579","protein deubiquitination","1/39","63/8855",0.0158730158730159,3.6039886039886,1.37953202199007,0.243508128019747,0.433396088776868,0.385335274036129,"USP35",1
"GO:0032526","response to retinoic acid","1/39","63/8855",0.0158730158730159,3.6039886039886,1.37953202199007,0.243508128019747,0.433396088776868,0.385335274036129,"ALDH1A2",1
"GO:0048565","digestive tract development","1/39","63/8855",0.0158730158730159,3.6039886039886,1.37953202199007,0.243508128019747,0.433396088776868,0.385335274036129,"ALDH1A2",1
"GO:0071887","leukocyte apoptotic process","1/39","63/8855",0.0158730158730159,3.6039886039886,1.37953202199007,0.243508128019747,0.433396088776868,0.385335274036129,"FASLG",1
"GO:0045089","positive regulation of innate immune response","2/39","216/8855",0.00925925925925926,2.10232668566002,1.09086681731391,0.24604007578571,0.435761246397048,0.387438151019358,"RTN4/ELP6",2
"GO:0050778","positive regulation of immune response","3/39","391/8855",0.00767263427109974,1.7420814479638,0.998201911765685,0.246689207440387,0.435761246397048,0.387438151019358,"RTN4/SKAP1/ELP6",3
"GO:0035270","endocrine system development","1/39","64/8855",0.015625,3.54767628205128,1.36044617057733,0.246863813075165,0.435761246397048,0.387438151019358,"ALDH1A2",1
"GO:0045639","positive regulation of myeloid cell differentiation","1/39","64/8855",0.015625,3.54767628205128,1.36044617057733,0.246863813075165,0.435761246397048,0.387438151019358,"ACVR1B",1
"GO:0071675","regulation of mononuclear cell migration","1/39","64/8855",0.015625,3.54767628205128,1.36044617057733,0.246863813075165,0.435761246397048,0.387438151019358,"RTN4",1
"GO:0098662","inorganic cation transmembrane transport","3/39","393/8855",0.00763358778625954,1.73321589352124,0.988912591435889,0.249071630612809,0.438881200454288,0.390212122411254,"FASLG/KCNS1/SCN4B",3
"GO:0002821","positive regulation of adaptive immune response","1/39","65/8855",0.0153846153846154,3.4930966469428,1.34173771320007,0.250204992837429,0.438881200454288,0.390212122411254,"SKAP1",1
"GO:0007029","endoplasmic reticulum organization","1/39","65/8855",0.0153846153846154,3.4930966469428,1.34173771320007,0.250204992837429,0.438881200454288,0.390212122411254,"RTN4",1
"GO:0007276","gamete generation","3/39","394/8855",0.00761421319796954,1.72881686841078,0.984287456852998,0.250264349654399,0.438881200454288,0.390212122411254,"RNF8/GDF9/DCAF12",3
"GO:0050673","epithelial cell proliferation","2/39","219/8855",0.0091324200913242,2.07352768996605,1.06990511311434,0.25096454555466,0.439392323243093,0.39066656499851,"RTN4/ALDH1A2",2
"GO:0016064","immunoglobulin mediated immune response","1/39","66/8855",0.0151515151515152,3.44017094017094,1.32339277087829,0.253531728364089,0.441728700148129,0.392743852861201,"RNF8",1
"GO:0034243","regulation of transcription elongation by RNA polymerase II","1/39","66/8855",0.0151515151515152,3.44017094017094,1.32339277087829,0.253531728364089,0.441728700148129,0.392743852861201,"RNF8",1
"GO:0120034","positive regulation of plasma membrane bounded cell projection assembly","1/39","66/8855",0.0151515151515152,3.44017094017094,1.32339277087829,0.253531728364089,0.441728700148129,0.392743852861201,"ACTR2",1
"GO:0030048","actin filament-based movement","1/39","67/8855",0.0149253731343284,3.38882510524302,1.30539818164288,0.256844080462599,0.4467757063063,0.397231178777107,"SCN4B",1
"GO:0030001","metal ion transport","3/39","401/8855",0.00748129675810474,1.69863802033378,0.952268794026959,0.258640102375289,0.448735271112685,0.398973440558451,"FASLG/KCNS1/SCN4B",3
"GO:0007032","endosome organization","1/39","68/8855",0.0147058823529412,3.33898944193062,1.28774145330689,0.260142109691315,0.448735271112685,0.398973440558451,"FASLG",1
"GO:0019724","B cell mediated immunity","1/39","68/8855",0.0147058823529412,3.33898944193062,1.28774145330689,0.260142109691315,0.448735271112685,0.398973440558451,"RNF8",1
"GO:0051348","negative regulation of transferase activity","1/39","68/8855",0.0147058823529412,3.33898944193062,1.28774145330689,0.260142109691315,0.448735271112685,0.398973440558451,"CDK5RAP1",1
"GO:2001243","negative regulation of intrinsic apoptotic signaling pathway","1/39","68/8855",0.0147058823529412,3.33898944193062,1.28774145330689,0.260142109691315,0.448735271112685,0.398973440558451,"PARL",1
"GO:0010639","negative regulation of organelle organization","2/39","225/8855",0.00888888888888889,2.01823361823362,1.02896254043647,0.260825105861363,0.448735271112685,0.398973440558451,"GDI2/PARL",2
"GO:0000423","mitophagy","1/39","69/8855",0.0144927536231884,3.29059829059829,1.27041071999505,0.26342587636049,0.448735271112685,0.398973440558451,"PARL",1
"GO:0001952","regulation of cell-matrix adhesion","1/39","69/8855",0.0144927536231884,3.29059829059829,1.27041071999505,0.26342587636049,0.448735271112685,0.398973440558451,"SKAP1",1
"GO:0050768","negative regulation of neurogenesis","1/39","69/8855",0.0144927536231884,3.29059829059829,1.27041071999505,0.26342587636049,0.448735271112685,0.398973440558451,"RTN4",1
"GO:0051961","negative regulation of nervous system development","1/39","69/8855",0.0144927536231884,3.29059829059829,1.27041071999505,0.26342587636049,0.448735271112685,0.398973440558451,"RTN4",1
"GO:0072665","protein localization to vacuole","1/39","69/8855",0.0144927536231884,3.29059829059829,1.27041071999505,0.26342587636049,0.448735271112685,0.398973440558451,"RTN4",1
"GO:0098773","skin epidermis development","1/39","69/8855",0.0144927536231884,3.29059829059829,1.27041071999505,0.26342587636049,0.448735271112685,0.398973440558451,"ACVR1B",1
"GO:0120254","olefinic compound metabolic process","1/39","69/8855",0.0144927536231884,3.29059829059829,1.27041071999505,0.26342587636049,0.448735271112685,0.398973440558451,"ALDH1A2",1
"GO:0007409","axonogenesis","2/39","227/8855",0.00881057268722467,2.00045182424037,1.01559443488356,0.264114396025796,0.448735271112685,0.398973440558451,"RTN4/LGR6",2
"GO:0006914","autophagy","3/39","406/8855",0.00738916256157635,1.67771883289125,0.929771409703575,0.26464945291669,0.448735271112685,0.398973440558451,"ELP6/PARL/DCAF12",3
"GO:0061919","process utilizing autophagic mechanism","3/39","406/8855",0.00738916256157635,1.67771883289125,0.929771409703575,0.26464945291669,0.448735271112685,0.398973440558451,"ELP6/PARL/DCAF12",3
"GO:0010817","regulation of hormone levels","2/39","228/8855",0.0087719298245614,1.99167791273054,1.00896113247014,0.265759347347444,0.449907556533074,0.400015727130508,"ALDH1A2/GDF9",2
"GO:0002687","positive regulation of leukocyte migration","1/39","70/8855",0.0142857142857143,3.24358974358974,1.25339470208253,0.266695440533258,0.450074723034933,0.400164355951745,"RTN4",1
"GO:0034728","nucleosome organization","1/39","70/8855",0.0142857142857143,3.24358974358974,1.25339470208253,0.266695440533258,0.450074723034933,0.400164355951745,"MCM3AP",1
"GO:0002833","positive regulation of response to biotic stimulus","2/39","229/8855",0.00873362445414847,1.98298062926884,1.00236119567224,0.267404459104698,0.45056393971403,0.40059932167475,"RTN4/ELP6",2
"GO:0055123","digestive system development","1/39","71/8855",0.0140845070422535,3.19790538100397,1.23668266923098,0.269950862026622,0.454142686508011,0.403781208665139,"ALDH1A2",1
"GO:0060271","cilium assembly","2/39","231/8855",0.00865800865800866,1.96581196581197,0.989260046213404,0.270695034372169,0.454683065547002,0.404261663174226,"GDI2/ACTR2",2
"GO:0098655","monoatomic cation transmembrane transport","3/39","413/8855",0.00726392251815981,1.64928292046936,0.898778349653734,0.273095930125558,0.455055097465152,0.404592439166079,"FASLG/KCNS1/SCN4B",3
"GO:0010977","negative regulation of neuron projection development","1/39","72/8855",0.0138888888888889,3.15349002849003,1.2202644062423,0.273192200412433,0.455055097465152,0.404592439166079,"RTN4",1
"GO:0014902","myotube differentiation","1/39","72/8855",0.0138888888888889,3.15349002849003,1.2202644062423,0.273192200412433,0.455055097465152,0.404592439166079,"ATP11A",1
"GO:0032784","regulation of DNA-templated transcription elongation","1/39","72/8855",0.0138888888888889,3.15349002849003,1.2202644062423,0.273192200412433,0.455055097465152,0.404592439166079,"RNF8",1
"GO:0046649","lymphocyte activation","3/39","415/8855",0.0072289156626506,1.64133456904541,0.890028157331218,0.275515748893266,0.455055097465152,0.404592439166079,"RNF8/HHEX/DCAF12",3
"GO:0001933","negative regulation of protein phosphorylation","1/39","73/8855",0.0136986301369863,3.11029153494907,1.20413018147923,0.276419515018366,0.455055097465152,0.404592439166079,"CDK5RAP1",1
"GO:0008037","cell recognition","1/39","73/8855",0.0136986301369863,3.11029153494907,1.20413018147923,0.276419515018366,0.455055097465152,0.404592439166079,"RTN4",1
"GO:0009799","specification of symmetry","1/39","73/8855",0.0136986301369863,3.11029153494907,1.20413018147923,0.276419515018366,0.455055097465152,0.404592439166079,"ALDH1A2",1
"GO:0009855","determination of bilateral symmetry","1/39","73/8855",0.0136986301369863,3.11029153494907,1.20413018147923,0.276419515018366,0.455055097465152,0.404592439166079,"ALDH1A2",1
"GO:0021987","cerebral cortex development","1/39","73/8855",0.0136986301369863,3.11029153494907,1.20413018147923,0.276419515018366,0.455055097465152,0.404592439166079,"RTN4",1
"GO:0030879","mammary gland development","1/39","73/8855",0.0136986301369863,3.11029153494907,1.20413018147923,0.276419515018366,0.455055097465152,0.404592439166079,"RTN4",1
"GO:0048813","dendrite morphogenesis","1/39","73/8855",0.0136986301369863,3.11029153494907,1.20413018147923,0.276419515018366,0.455055097465152,0.404592439166079,"DIP2A",1
"GO:0071900","regulation of protein serine/threonine kinase activity","1/39","73/8855",0.0136986301369863,3.11029153494907,1.20413018147923,0.276419515018366,0.455055097465152,0.404592439166079,"CDK5RAP1",1
"GO:0002040","sprouting angiogenesis","1/39","74/8855",0.0135135135135135,3.06826056826057,1.18827071762766,0.279632864928897,0.458239832010007,0.407424007309754,"RTN4",1
"GO:0039531","regulation of cytoplasmic pattern recognition receptor signaling pathway","1/39","74/8855",0.0135135135135135,3.06826056826057,1.18827071762766,0.279632864928897,0.458239832010007,0.407424007309754,"RTN4",1
"GO:0044272","sulfur compound biosynthetic process","1/39","74/8855",0.0135135135135135,3.06826056826057,1.18827071762766,0.279632864928897,0.458239832010007,0.407424007309754,"DIP2A",1
"GO:0048732","gland development","2/39","237/8855",0.00843881856540084,1.91604457427242,0.950722575104272,0.280567290071644,0.459071288930011,0.408163261051114,"RTN4/ALDH1A2",2
"GO:0002702","positive regulation of production of molecular mediator of immune response","1/39","75/8855",0.0133333333333333,3.02735042735043,1.17267716459763,0.282832308986268,0.459282072749605,0.408350670312501,"RTN4",1
"GO:0010811","positive regulation of cell-substrate adhesion","1/39","75/8855",0.0133333333333333,3.02735042735043,1.17267716459763,0.282832308986268,0.459282072749605,0.408350670312501,"SKAP1",1
"GO:0050852","T cell receptor signaling pathway","1/39","75/8855",0.0133333333333333,3.02735042735043,1.17267716459763,0.282832308986268,0.459282072749605,0.408350670312501,"SKAP1",1
"GO:0070936","protein K48-linked ubiquitination","1/39","75/8855",0.0133333333333333,3.02735042735043,1.17267716459763,0.282832308986268,0.459282072749605,0.408350670312501,"RNF8",1
"GO:0099175","regulation of postsynapse organization","1/39","75/8855",0.0133333333333333,3.02735042735043,1.17267716459763,0.282832308986268,0.459282072749605,0.408350670312501,"RTN4",1
"GO:0031647","regulation of protein stability","2/39","241/8855",0.00829875518672199,1.88424300457495,0.925644003133414,0.287146765472819,0.465584876143711,0.41395453369742,"RTN4/USP35",2
"GO:0051129","negative regulation of cellular component organization","3/39","425/8855",0.00705882352941176,1.6027149321267,0.84695219996993,0.28765297690656,0.465703238214686,0.414059770182556,"GDI2/RTN4/PARL",3
"GO:0001936","regulation of endothelial cell proliferation","1/39","77/8855",0.012987012987013,2.94871794871795,1.14225437769603,0.289189713705127,0.466785198548065,0.4150217481338,"ALDH1A2",1
"GO:0035265","organ growth","1/39","77/8855",0.012987012987013,2.94871794871795,1.14225437769603,0.289189713705127,0.466785198548065,0.4150217481338,"COL27A1",1
"GO:0034502","protein localization to chromosome","1/39","78/8855",0.0128205128205128,2.91091387245233,1.12740936228418,0.292347790848611,0.469766629539995,0.417672557769709,"RNF8",1
"GO:0051963","regulation of synapse assembly","1/39","78/8855",0.0128205128205128,2.91091387245233,1.12740936228418,0.292347790848611,0.469766629539995,0.417672557769709,"RTN4",1
"GO:0070646","protein modification by small protein removal","1/39","78/8855",0.0128205128205128,2.91091387245233,1.12740936228418,0.292347790848611,0.469766629539995,0.417672557769709,"USP35",1
"GO:0006913","nucleocytoplasmic transport","2/39","245/8855",0.00816326530612245,1.85347985347985,0.901033653276287,0.293722389281272,0.469900458458917,0.41779154592969,"HHEX/MCM3AP",2
"GO:0051169","nuclear transport","2/39","245/8855",0.00816326530612245,1.85347985347985,0.901033653276287,0.293722389281272,0.469900458458917,0.41779154592969,"HHEX/MCM3AP",2
"GO:0098660","inorganic ion transmembrane transport","3/39","430/8855",0.00697674418604651,1.58407871198569,0.825822901270667,0.293742426125016,0.469900458458917,0.41779154592969,"FASLG/KCNS1/SCN4B",3
"GO:0006954","inflammatory response","3/39","431/8855",0.00696055684454756,1.58040335534535,0.821628777561328,0.294961760238177,0.469902529197783,0.417793387037049,"NFX1/RTN4/ELP6",3
"GO:0006446","regulation of translational initiation","1/39","79/8855",0.0126582278481013,2.87406686140863,1.11279865270004,0.295492195104838,0.469902529197783,0.417793387037049,"HHEX",1
"GO:0050770","regulation of axonogenesis","1/39","79/8855",0.0126582278481013,2.87406686140863,1.11279865270004,0.295492195104838,0.469902529197783,0.417793387037049,"RTN4",1
"GO:2000377","regulation of reactive oxygen species metabolic process","1/39","79/8855",0.0126582278481013,2.87406686140863,1.11279865270004,0.295492195104838,0.469902529197783,0.417793387037049,"PARL",1
"GO:0006281","DNA repair","3/39","432/8855",0.00694444444444444,1.57674501424501,0.817445097444395,0.296181543770204,0.47030304217573,0.418149485723929,"RNF8/ACTR2/MCM7",3
"GO:0000422","autophagy of mitochondrion","1/39","80/8855",0.0125,2.83814102564103,1.09841519149632,0.298622984119299,0.471394578455575,0.419119977711297,"PARL",1
"GO:0030183","B cell differentiation","1/39","80/8855",0.0125,2.83814102564103,1.09841519149632,0.298622984119299,0.471394578455575,0.419119977711297,"HHEX",1
"GO:0042326","negative regulation of phosphorylation","1/39","80/8855",0.0125,2.83814102564103,1.09841519149632,0.298622984119299,0.471394578455575,0.419119977711297,"CDK5RAP1",1
"GO:1901796","regulation of signal transduction by p53 class mediator","1/39","80/8855",0.0125,2.83814102564103,1.09841519149632,0.298622984119299,0.471394578455575,0.419119977711297,"SMYD2",1
"GO:0044782","cilium organization","2/39","249/8855",0.00803212851405622,1.82370507671713,0.876873644288707,0.300292322958775,0.47333467328546,0.42084492861023,"GDI2/ACTR2",2
"GO:0050000","chromosome localization","1/39","81/8855",0.0123456790123457,2.80310224754669,1.08425222167828,0.301740215300991,0.473565109550529,0.421049810988377,"ACTR2",1
"GO:2001235","positive regulation of apoptotic signaling pathway","1/39","81/8855",0.0123456790123457,2.80310224754669,1.08425222167828,0.301740215300991,0.473565109550529,0.421049810988377,"FASLG",1
"GO:0010506","regulation of autophagy","2/39","250/8855",0.008,1.81641025641026,0.870902005469723,0.301933707788022,0.473565109550529,0.421049810988377,"PARL/DCAF12",2
"GO:0019725","cellular homeostasis","3/39","439/8855",0.00683371298405467,1.55160329420011,0.788447026125551,0.304731473604628,0.473565109550529,0.421049810988377,"RTN4/FASLG/ELP6",3
"GO:0007173","epidermal growth factor receptor signaling pathway","1/39","82/8855",0.0121951219512195,2.76891807379612,1.07030327033182,0.30484394582336,0.473565109550529,0.421049810988377,"FASLG",1
"GO:0045766","positive regulation of angiogenesis","1/39","82/8855",0.0121951219512195,2.76891807379612,1.07030327033182,0.30484394582336,0.473565109550529,0.421049810988377,"RTN4",1
"GO:0071805","potassium ion transmembrane transport","1/39","82/8855",0.0121951219512195,2.76891807379612,1.07030327033182,0.30484394582336,0.473565109550529,0.421049810988377,"KCNS1",1
"GO:0007005","mitochondrion organization","2/39","252/8855",0.00793650793650794,1.8019943019943,0.859038964755467,0.305214968208346,0.473565109550529,0.421049810988377,"MSTO1/PARL",2
"GO:0008277","regulation of G protein-coupled receptor signaling pathway","1/39","83/8855",0.0120481927710843,2.73555761507569,1.05656213333252,0.307934232625239,0.473565109550529,0.421049810988377,"TULP3",1
"GO:0046777","protein autophosphorylation","1/39","83/8855",0.0120481927710843,2.73555761507569,1.05656213333252,0.307934232625239,0.473565109550529,0.421049810988377,"ACVR1B",1
"GO:0051147","regulation of muscle cell differentiation","1/39","83/8855",0.0120481927710843,2.73555761507569,1.05656213333252,0.307934232625239,0.473565109550529,0.421049810988377,"ATP11A",1
"GO:0072655","establishment of protein localization to mitochondrion","1/39","83/8855",0.0120481927710843,2.73555761507569,1.05656213333252,0.307934232625239,0.473565109550529,0.421049810988377,"PARL",1
"GO:1904018","positive regulation of vasculature development","1/39","83/8855",0.0120481927710843,2.73555761507569,1.05656213333252,0.307934232625239,0.473565109550529,0.421049810988377,"RTN4",1
"GO:2001236","regulation of extrinsic apoptotic signaling pathway","1/39","83/8855",0.0120481927710843,2.73555761507569,1.05656213333252,0.307934232625239,0.473565109550529,0.421049810988377,"FASLG",1
"GO:0006338","chromatin remodeling","3/39","442/8855",0.00678733031674208,1.54107205012182,0.776170374443322,0.308401122694455,0.473565109550529,0.421049810988377,"RNF8/SMYD2/MCM3AP",3
"GO:0050808","synapse organization","2/39","255/8855",0.00784313725490196,1.78079436902966,0.841441269657136,0.310132685433915,0.473565109550529,0.421049810988377,"RTN4/DIP2A",2
"GO:0001824","blastocyst development","1/39","84/8855",0.0119047619047619,2.70299145299145,1.04302286105247,0.311011132411789,0.473565109550529,0.421049810988377,"RTN4",1
"GO:0006275","regulation of DNA replication","1/39","84/8855",0.0119047619047619,2.70299145299145,1.04302286105247,0.311011132411789,0.473565109550529,0.421049810988377,"MCM7",1
"GO:0007041","lysosomal transport","1/39","84/8855",0.0119047619047619,2.70299145299145,1.04302286105247,0.311011132411789,0.473565109550529,0.421049810988377,"DENND3",1
"GO:0007292","female gamete generation","1/39","84/8855",0.0119047619047619,2.70299145299145,1.04302286105247,0.311011132411789,0.473565109550529,0.421049810988377,"GDF9",1
"GO:0008016","regulation of heart contraction","1/39","84/8855",0.0119047619047619,2.70299145299145,1.04302286105247,0.311011132411789,0.473565109550529,0.421049810988377,"SCN4B",1
"GO:0030902","hindbrain development","1/39","84/8855",0.0119047619047619,2.70299145299145,1.04302286105247,0.311011132411789,0.473565109550529,0.421049810988377,"ALDH1A2",1
"GO:0042445","hormone metabolic process","1/39","84/8855",0.0119047619047619,2.70299145299145,1.04302286105247,0.311011132411789,0.473565109550529,0.421049810988377,"ALDH1A2",1
"GO:0046822","regulation of nucleocytoplasmic transport","1/39","84/8855",0.0119047619047619,2.70299145299145,1.04302286105247,0.311011132411789,0.473565109550529,0.421049810988377,"HHEX",1
"GO:0042325","regulation of phosphorylation","2/39","256/8855",0.0078125,1.77383814102564,0.835626898368178,0.311770706477164,0.473840399502962,0.421294573070932,"CDK5RAP1/MCM7",2
"GO:0016567","protein ubiquitination","3/39","445/8855",0.00674157303370787,1.53068280034572,0.763982290214046,0.312073491021486,0.473840399502962,0.421294573070932,"NFX1/RNF8/DCAF12",3
"GO:0006368","transcription elongation by RNA polymerase II","1/39","86/8855",0.0116279069767442,2.64013118664281,1.01652730524172,0.317124996596753,0.47947872199931,0.426307642179069,"RNF8",1
"GO:0043414","macromolecule methylation","1/39","86/8855",0.0116279069767442,2.64013118664281,1.01652730524172,0.317124996596753,0.47947872199931,0.426307642179069,"SMYD2",1
"GO:0048592","eye morphogenesis","1/39","86/8855",0.0116279069767442,2.64013118664281,1.01652730524172,0.317124996596753,0.47947872199931,0.426307642179069,"FASLG",1
"GO:0045088","regulation of innate immune response","2/39","260/8855",0.00769230769230769,1.7465483234714,0.812620790904021,0.318316014932602,0.480603533781668,0.427307719631583,"RTN4/ELP6",2
"GO:0007224","smoothened signaling pathway","1/39","87/8855",0.0114942528735632,2.60978485116416,1.00356027878703,0.320162073245485,0.481865376470139,0.428429632151664,"TULP3",1
"GO:0071466","cellular response to xenobiotic stimulus","1/39","87/8855",0.0114942528735632,2.60978485116416,1.00356027878703,0.320162073245485,0.481865376470139,0.428429632151664,"MCM7",1
"GO:0006511","ubiquitin-dependent protein catabolic process","3/39","452/8855",0.00663716814159292,1.5069775357386,0.735880040039669,0.320650951119672,0.481865376470139,0.428429632151664,"RNF8/DCAF12/UBAP1L",3
"GO:0001935","endothelial cell proliferation","1/39","88/8855",0.0113636363636364,2.58012820512821,0.990773608470819,0.323185987381368,0.481865376470139,0.428429632151664,"ALDH1A2",1
"GO:0006941","striated muscle contraction","1/39","88/8855",0.0113636363636364,2.58012820512821,0.990773608470819,0.323185987381368,0.481865376470139,0.428429632151664,"SCN4B",1
"GO:0035725","sodium ion transmembrane transport","1/39","88/8855",0.0113636363636364,2.58012820512821,0.990773608470819,0.323185987381368,0.481865376470139,0.428429632151664,"SCN4B",1
"GO:0045664","regulation of neuron differentiation","1/39","88/8855",0.0113636363636364,2.58012820512821,0.990773608470819,0.323185987381368,0.481865376470139,0.428429632151664,"CDK5RAP1",1
"GO:0061157","mRNA destabilization","1/39","88/8855",0.0113636363636364,2.58012820512821,0.990773608470819,0.323185987381368,0.481865376470139,0.428429632151664,"DCAF12",1
"GO:0097553","calcium ion transmembrane import into cytosol","1/39","88/8855",0.0113636363636364,2.58012820512821,0.990773608470819,0.323185987381368,0.481865376470139,0.428429632151664,"FASLG",1
"GO:0061564","axon development","2/39","264/8855",0.00757575757575758,1.72008547008547,0.790006061080553,0.324849280646614,0.483425029869211,0.429816330106481,"RTN4/LGR6",2
"GO:0016482","cytosolic transport","1/39","89/8855",0.0112359550561798,2.5511380005762,0.978162432687132,0.326196794555102,0.483425029869211,0.429816330106481,"ACTR2",1
"GO:0043270","positive regulation of monoatomic ion transport","1/39","89/8855",0.0112359550561798,2.5511380005762,0.978162432687132,0.326196794555102,0.483425029869211,0.429816330106481,"SCN4B",1
"GO:0050779","RNA destabilization","1/39","89/8855",0.0112359550561798,2.5511380005762,0.978162432687132,0.326196794555102,0.483425029869211,0.429816330106481,"DCAF12",1
"GO:0016055","Wnt signaling pathway","2/39","265/8855",0.00754716981132075,1.71359458151911,0.784411894159618,0.326480531800044,0.483425029869211,0.429816330106481,"LGR6/HHEX",2
"GO:0061640","cytoskeleton-dependent cytokinesis","1/39","90/8855",0.0111111111111111,2.52279202279202,0.965722075681592,0.329194550089251,0.486773234313542,0.432793240398233,"ACTR2",1
"GO:0019941","modification-dependent protein catabolic process","3/39","461/8855",0.00650759219088937,1.47755715000834,0.700418492061137,0.331690990918174,0.488498983939936,0.434327615586254,"RNF8/DCAF12/UBAP1L",3
"GO:0010212","response to ionizing radiation","1/39","91/8855",0.010989010989011,2.49506903353057,0.953448038438779,0.332179309079157,0.488498983939936,0.434327615586254,"RNF8",1
"GO:0030218","erythrocyte differentiation","1/39","91/8855",0.010989010989011,2.49506903353057,0.953448038438779,0.332179309079157,0.488498983939936,0.434327615586254,"ACVR1B",1
"GO:0071456","cellular response to hypoxia","1/39","91/8855",0.010989010989011,2.49506903353057,0.953448038438779,0.332179309079157,0.488498983939936,0.434327615586254,"RTN4",1
"GO:0048609","multicellular organismal reproductive process","3/39","463/8855",0.00647948164146868,1.47117461372321,0.692637359254278,0.334145322442456,0.489190189673881,0.434942171088259,"RNF8/GDF9/DCAF12",3
"GO:0007009","plasma membrane organization","1/39","92/8855",0.0108695652173913,2.46794871794872,0.941335990111974,0.335151126393843,0.489190189673881,0.434942171088259,"FASLG",1
"GO:0071674","mononuclear cell migration","1/39","92/8855",0.0108695652173913,2.46794871794872,0.941335990111974,0.335151126393843,0.489190189673881,0.434942171088259,"RTN4",1
"GO:1990138","neuron projection extension","1/39","92/8855",0.0108695652173913,2.46794871794872,0.941335990111974,0.335151126393843,0.489190189673881,0.434942171088259,"RTN4",1
"GO:0031349","positive regulation of defense response","2/39","271/8855",0.00738007380073801,1.67565521809064,0.75133080877447,0.336248868162158,0.489190189673881,0.434942171088259,"RTN4/ELP6",2
"GO:0043632","modification-dependent macromolecule catabolic process","3/39","465/8855",0.00645161290322581,1.46484698097601,0.684891509439616,0.33659980120025,0.489190189673881,0.434942171088259,"RNF8/DCAF12/UBAP1L",3
"GO:0016236","macroautophagy","2/39","272/8855",0.00735294117647059,1.66949472096531,0.74589607911372,0.337873514207926,0.489190189673881,0.434942171088259,"ELP6/PARL",2
"GO:0007584","response to nutrient","1/39","93/8855",0.010752688172043,2.44141163496002,0.929381759957396,0.338110056676924,0.489190189673881,0.434942171088259,"ALDH1A2",1
"GO:0050851","antigen receptor-mediated signaling pathway","1/39","93/8855",0.010752688172043,2.44141163496002,0.929381759957396,0.338110056676924,0.489190189673881,0.434942171088259,"SKAP1",1
"GO:0050905","neuromuscular process","1/39","93/8855",0.010752688172043,2.44141163496002,0.929381759957396,0.338110056676924,0.489190189673881,0.434942171088259,"ELP6",1
"GO:0061014","positive regulation of mRNA catabolic process","1/39","93/8855",0.010752688172043,2.44141163496002,0.929381759957396,0.338110056676924,0.489190189673881,0.434942171088259,"DCAF12",1
"GO:0097529","myeloid leukocyte migration","1/39","93/8855",0.010752688172043,2.44141163496002,0.929381759957396,0.338110056676924,0.489190189673881,0.434942171088259,"RTN4",1
"GO:0006575","modified amino acid metabolic process","1/39","94/8855",0.0106382978723404,2.41543917075832,0.917581329738152,0.341056154347501,0.490804780412488,0.436377714188043,"MTHFD1L",1
"GO:0030317","flagellated sperm motility","1/39","94/8855",0.0106382978723404,2.41543917075832,0.917581329738152,0.341056154347501,0.490804780412488,0.436377714188043,"RIBC2",1
"GO:0060041","retina development in camera-type eye","1/39","94/8855",0.0106382978723404,2.41543917075832,0.917581329738152,0.341056154347501,0.490804780412488,0.436377714188043,"ELP6",1
"GO:0030099","myeloid cell differentiation","2/39","274/8855",0.0072992700729927,1.65730862811155,0.735092404033595,0.34111968088731,0.490804780412488,0.436377714188043,"ACVR1B/NCOA6",2
"GO:0016310","phosphorylation","3/39","469/8855",0.00639658848614072,1.45235361653272,0.669504238396074,0.341508814649805,0.490804780412488,0.436377714188043,"CDK5RAP1/ACVR1B/MCM7",3
"GO:0001837","epithelial to mesenchymal transition","1/39","95/8855",0.0105263157894737,2.39001349527665,0.905930826565832,0.343989473601063,0.492927628696017,0.43826515236816,"RTN4",1
"GO:0097722","sperm motility","1/39","95/8855",0.0105263157894737,2.39001349527665,0.905930826565832,0.343989473601063,0.492927628696017,0.43826515236816,"RIBC2",1
"GO:0043603","amide metabolic process","2/39","276/8855",0.0072463768115942,1.64529914529915,0.724375192272298,0.344361534093682,0.492927628696017,0.43826515236816,"RTN4/DIP2A",2
"GO:0034220","monoatomic ion transmembrane transport","3/39","473/8855",0.00634249471458774,1.44007155635063,0.654253889113749,0.346417267519331,0.495210854499044,0.440295183241256,"FASLG/KCNS1/SCN4B",3
"GO:0006354","DNA-templated transcription elongation","1/39","96/8855",0.0104166666666667,2.36511752136752,0.894426516150199,0.346910068410373,0.495256737770453,0.440335978355517,"RNF8",1
"GO:0001701","in utero embryonic development","2/39","278/8855",0.00719424460431655,1.63346246080059,0.713742977143976,0.347598901154289,0.495581987719974,0.44062516019558,"RTN4/ACVR1B",2
"GO:0007018","microtubule-based movement","2/39","279/8855",0.00716845878136201,1.62760775664001,0.708458294759609,0.349215849296829,0.497227864892836,0.442088520267021,"RIBC2/ACTR2",2
"GO:0007565","female pregnancy","1/39","97/8855",0.0103092783505155,2.34073486650806,0.883064796429695,0.349817992526367,0.4974263782617,0.442265019791063,"ACVR1B",1
"GO:0002700","regulation of production of molecular mediator of immune response","1/39","98/8855",0.0102040816326531,2.31684981684982,0.871842191557584,0.352713299479036,0.498903680184163,0.443578498513802,"RTN4",1
"GO:0006813","potassium ion transport","1/39","98/8855",0.0102040816326531,2.31684981684982,0.871842191557584,0.352713299479036,0.498903680184163,0.443578498513802,"KCNS1",1
"GO:0008361","regulation of cell size","1/39","98/8855",0.0102040816326531,2.31684981684982,0.871842191557584,0.352713299479036,0.498903680184163,0.443578498513802,"RTN4",1
"GO:0036294","cellular response to decreased oxygen levels","1/39","98/8855",0.0102040816326531,2.31684981684982,0.871842191557584,0.352713299479036,0.498903680184163,0.443578498513802,"RTN4",1
"GO:0034101","erythrocyte homeostasis","1/39","99/8855",0.0101010101010101,2.29344729344729,0.860755346220431,0.355596042578307,0.501003598652267,0.445445549646275,"ACVR1B",1
"GO:0060294","cilium movement involved in cell motility","1/39","99/8855",0.0101010101010101,2.29344729344729,0.860755346220431,0.355596042578307,0.501003598652267,0.445445549646275,"RIBC2",1
"GO:0062207","regulation of pattern recognition receptor signaling pathway","1/39","99/8855",0.0101010101010101,2.29344729344729,0.860755346220431,0.355596042578307,0.501003598652267,0.445445549646275,"RTN4",1
"GO:0006986","response to unfolded protein","1/39","100/8855",0.01,2.27051282051282,0.849801020267403,0.358466274914927,0.503069511140401,0.447282365841355,"ELP6",1
"GO:0032543","mitochondrial translation","1/39","100/8855",0.01,2.27051282051282,0.849801020267403,0.358466274914927,0.503069511140401,0.447282365841355,"CDK5RAP1",1
"GO:0055088","lipid homeostasis","1/39","100/8855",0.01,2.27051282051282,0.849801020267403,0.358466274914927,0.503069511140401,0.447282365841355,"RTN4",1
"GO:0003006","developmental process involved in reproduction","3/39","484/8855",0.00619834710743802,1.40734265734266,0.612999575359498,0.359906533705537,0.503791638214575,0.447924413707549,"RNF8/GDF9/DCAF12",3
"GO:0001539","cilium or flagellum-dependent cell motility","1/39","101/8855",0.0099009900990099,2.24803249555725,0.838976083630424,0.361324049361337,0.503791638214575,0.447924413707549,"RIBC2",1
"GO:0002685","regulation of leukocyte migration","1/39","101/8855",0.0099009900990099,2.24803249555725,0.838976083630424,0.361324049361337,0.503791638214575,0.447924413707549,"RTN4",1
"GO:0043086","negative regulation of catalytic activity","1/39","101/8855",0.0099009900990099,2.24803249555725,0.838976083630424,0.361324049361337,0.503791638214575,0.447924413707549,"CDK5RAP1",1
"GO:0060285","cilium-dependent cell motility","1/39","101/8855",0.0099009900990099,2.24803249555725,0.838976083630424,0.361324049361337,0.503791638214575,0.447924413707549,"RIBC2",1
"GO:0050776","regulation of immune response","3/39","486/8855",0.00617283950617284,1.40155112377335,0.6056036275818,0.362356873122475,0.504577252081167,0.448622908092729,"RTN4/SKAP1/ELP6",3
"GO:0001763","morphogenesis of a branching structure","1/39","102/8855",0.00980392156862745,2.22599296128708,0.828277511516725,0.364169418572544,0.505138225761916,0.449121673431403,"RTN4",1
"GO:0044703","multi-organism reproductive process","1/39","102/8855",0.00980392156862745,2.22599296128708,0.828277511516725,0.364169418572544,0.505138225761916,0.449121673431403,"ACVR1B",1
"GO:0060047","heart contraction","1/39","102/8855",0.00980392156862745,2.22599296128708,0.828277511516725,0.364169418572544,0.505138225761916,0.449121673431403,"SCN4B",1
"GO:0044089","positive regulation of cellular component biogenesis","2/39","289/8855",0.0069204152249135,1.57128914914382,0.65672285885372,0.365316814617583,0.506076772827192,0.449956141715633,"ACTR2/SKAP1",2
"GO:0007626","locomotory behavior","1/39","103/8855",0.00970873786407767,2.20438137913866,0.817702379856637,0.367002434986993,0.506453937883206,0.450291481613661,"ELP6",1
"GO:0050679","positive regulation of epithelial cell proliferation","1/39","103/8855",0.00970873786407767,2.20438137913866,0.817702379856637,0.367002434986993,0.506453937883206,0.450291481613661,"RTN4",1
"GO:0140013","meiotic nuclear division","1/39","103/8855",0.00970873786407767,2.20438137913866,0.817702379856637,0.367002434986993,0.506453937883206,0.450291481613661,"ACTR2",1
"GO:0021953","central nervous system neuron differentiation","1/39","104/8855",0.00961538461538462,2.18318540433925,0.807247860990748,0.36982315082743,0.509039548193966,0.452590364514195,"TULP3",1
"GO:0045727","positive regulation of translation","1/39","104/8855",0.00961538461538462,2.18318540433925,0.807247860990748,0.36982315082743,0.509039548193966,0.452590364514195,"CDK5RAP1",1
"GO:0034097","response to cytokine","3/39","494/8855",0.00607287449392713,1.37885393958268,0.576331612770235,0.372148188783855,0.510291706317708,0.453703666424949,"FASLG/ALDH1A2/ACTR2",3
"GO:0010563","negative regulation of phosphorus metabolic process","1/39","105/8855",0.00952380952380952,2.16239316239316,0.796911219581628,0.372631618101768,0.510291706317708,0.453703666424949,"CDK5RAP1",1
"GO:0030324","lung development","1/39","105/8855",0.00952380952380952,2.16239316239316,0.796911219581628,0.372631618101768,0.510291706317708,0.453703666424949,"ALDH1A2",1
"GO:0045936","negative regulation of phosphate metabolic process","1/39","105/8855",0.00952380952380952,2.16239316239316,0.796911219581628,0.372631618101768,0.510291706317708,0.453703666424949,"CDK5RAP1",1
"GO:0061024","membrane organization","3/39","496/8855",0.00604838709677419,1.37329404466501,0.569090071281794,0.374593074851626,0.512325134180023,0.45551160032848,"ATP11A/RTN4/FASLG",3
"GO:0044706","multi-multicellular organism process","1/39","106/8855",0.00943396226415094,2.14199322689889,0.786689808736421,0.375427888603943,0.512708593894553,0.455852536848229,"ACVR1B",1
"GO:0045321","leukocyte activation","3/39","498/8855",0.00602409638554217,1.36777880753784,0.561878536049542,0.3770366135835,0.512708593894553,0.455852536848229,"RNF8/HHEX/DCAF12",3
"GO:0002819","regulation of adaptive immune response","1/39","107/8855",0.00934579439252336,2.12197459861011,0.77658106632753,0.378212013914773,0.512708593894553,0.455852536848229,"SKAP1",1
"GO:0007286","spermatid development","1/39","107/8855",0.00934579439252336,2.12197459861011,0.77658106632753,0.378212013914773,0.512708593894553,0.455852536848229,"RNF8",1
"GO:0043604","amide biosynthetic process","1/39","107/8855",0.00934579439252336,2.12197459861011,0.77658106632753,0.378212013914773,0.512708593894553,0.455852536848229,"DIP2A",1
"GO:0071453","cellular response to oxygen levels","1/39","107/8855",0.00934579439252336,2.12197459861011,0.77658106632753,0.378212013914773,0.512708593894553,0.455852536848229,"RTN4",1
"GO:1903522","regulation of blood circulation","1/39","107/8855",0.00934579439252336,2.12197459861011,0.77658106632753,0.378212013914773,0.512708593894553,0.455852536848229,"SCN4B",1
"GO:0051897","positive regulation of phosphatidylinositol 3-kinase/protein kinase B signal transduction","1/39","108/8855",0.00925925925925926,2.10232668566002,0.766582511499511,0.380984045402807,0.515815930488687,0.458615289971826,"RTN4",1
"GO:0043065","positive regulation of apoptotic process","2/39","300/8855",0.00666666666666667,1.51367521367521,0.602012490784492,0.382867596132503,0.516122898978988,0.458888217647903,"FASLG/ALDH1A2",2
"GO:0007411","axon guidance","1/39","109/8855",0.00917431192660551,2.08303928487415,0.756691741351123,0.383744034225179,0.516122898978988,0.458888217647903,"LGR6",1
"GO:0007416","synapse assembly","1/39","109/8855",0.00917431192660551,2.08303928487415,0.756691741351123,0.383744034225179,0.516122898978988,0.458888217647903,"RTN4",1
"GO:0021543","pallium development","1/39","109/8855",0.00917431192660551,2.08303928487415,0.756691741351123,0.383744034225179,0.516122898978988,0.458888217647903,"RTN4",1
"GO:0002831","regulation of response to biotic stimulus","2/39","302/8855",0.00662251655629139,1.5036508745118,0.592297772579537,0.386038787538033,0.516122898978988,0.458888217647903,"RTN4/ELP6",2
"GO:0003015","heart process","1/39","110/8855",0.00909090909090909,2.06410256410256,0.746906427782209,0.386492031328451,0.516122898978988,0.458888217647903,"SCN4B",1
"GO:0008406","gonad development","1/39","110/8855",0.00909090909090909,2.06410256410256,0.746906427782209,0.386492031328451,0.516122898978988,0.458888217647903,"GDF9",1
"GO:0051216","cartilage development","1/39","110/8855",0.00909090909090909,2.06410256410256,0.746906427782209,0.386492031328451,0.516122898978988,0.458888217647903,"COL27A1",1
"GO:0051651","maintenance of location in cell","1/39","110/8855",0.00909090909090909,2.06410256410256,0.746906427782209,0.386492031328451,0.516122898978988,0.458888217647903,"FASLG",1
"GO:0097485","neuron projection guidance","1/39","110/8855",0.00909090909090909,2.06410256410256,0.746906427782209,0.386492031328451,0.516122898978988,0.458888217647903,"LGR6",1
"GO:2001242","regulation of intrinsic apoptotic signaling pathway","1/39","110/8855",0.00909090909090909,2.06410256410256,0.746906427782209,0.386492031328451,0.516122898978988,0.458888217647903,"PARL",1
"GO:0045137","development of primary sexual characteristics","1/39","111/8855",0.00900900900900901,2.04550704550705,0.737224314495806,0.389228087449457,0.519131754352563,0.461563410479439,"GDF9",1
"GO:0007283","spermatogenesis","2/39","305/8855",0.00655737704918033,1.48886086591005,0.577854376149287,0.390783432931571,0.520183545802283,0.462498565080512,"RNF8/DCAF12",2
"GO:0006413","translational initiation","1/39","112/8855",0.00892857142857143,2.02724358974359,0.727643214146499,0.391952253116139,0.520183545802283,0.462498565080512,"HHEX",1
"GO:0006814","sodium ion transport","1/39","112/8855",0.00892857142857143,2.02724358974359,0.727643214146499,0.391952253116139,0.520183545802283,0.462498565080512,"SCN4B",1
"GO:0048738","cardiac muscle tissue development","1/39","112/8855",0.00892857142857143,2.02724358974359,0.727643214146499,0.391952253116139,0.520183545802283,0.462498565080512,"ALDH1A2",1
"GO:0051235","maintenance of location","1/39","113/8855",0.00884955752212389,2.0093033809848,0.718161005626646,0.39466457864839,0.523137388467348,0.465124845756036,"FASLG",1
"GO:0031099","regeneration","1/39","114/8855",0.0087719298245614,1.99167791273054,0.708775631482643,0.397365114158881,0.525421276409345,0.467155465341185,"LGR6",1
"GO:1903313","positive regulation of mRNA metabolic process","1/39","114/8855",0.0087719298245614,1.99167791273054,0.708775631482643,0.397365114158881,0.525421276409345,0.467155465341185,"DCAF12",1
"GO:0043068","positive regulation of programmed cell death","2/39","310/8855",0.00645161290322581,1.46484698097601,0.554116522049376,0.398657716718256,0.526482856845362,0.468099323393477,"FASLG/ALDH1A2",2
"GO:0007034","vacuolar transport","1/39","115/8855",0.00869565217391304,1.97435897435897,0.699485095453904,0.400053909553894,0.52703180486573,0.468587396639494,"DENND3",1
"GO:0035966","response to topologically incorrect protein","1/39","115/8855",0.00869565217391304,1.97435897435897,0.699485095453904,0.400053909553894,0.52703180486573,0.468587396639494,"ELP6",1
"GO:0048232","male gamete generation","2/39","312/8855",0.00641025641025641,1.45545693622617,0.544735508744889,0.401795353095728,0.528678096178589,0.470051124925492,"RNF8/DCAF12",2
"GO:0048515","spermatid differentiation","1/39","116/8855",0.00862068965517241,1.95733863837312,0.690287460127725,0.402731014534145,0.529261418855998,0.470569760902077,"RNF8",1
"GO:0002262","myeloid cell homeostasis","1/39","117/8855",0.00854700854700855,1.94060924830156,0.681180844703595,0.405396478595613,0.5301717937838,0.471379181156123,"ACVR1B",1
"GO:0046883","regulation of hormone secretion","1/39","117/8855",0.00854700854700855,1.94060924830156,0.681180844703595,0.405396478595613,0.5301717937838,0.471379181156123,"GDF9",1
"GO:0072593","reactive oxygen species metabolic process","1/39","117/8855",0.00854700854700855,1.94060924830156,0.681180844703595,0.405396478595613,0.5301717937838,0.471379181156123,"PARL",1
"GO:0090257","regulation of muscle system process","1/39","117/8855",0.00854700854700855,1.94060924830156,0.681180844703595,0.405396478595613,0.5301717937838,0.471379181156123,"GTF2IRD1",1
"GO:0017148","negative regulation of translation","1/39","118/8855",0.00847457627118644,1.92416340721425,0.672163422860974,0.408050351030354,0.532994079413889,0.47388849361842,"HHEX",1
"GO:1903046","meiotic cell cycle process","1/39","119/8855",0.00840336134453781,1.9079939668175,0.663233420724905,0.410692680927323,0.535794456306884,0.476378326880442,"ACTR2",1
"GO:0010810","regulation of cell-substrate adhesion","1/39","120/8855",0.00833333333333333,1.89209401709402,0.654389114924171,0.413323517173183,0.538573067831724,0.478848808412441,"SKAP1",1
"GO:0002252","immune effector process","2/39","321/8855",0.00623052959501558,1.41464973240674,0.503296439403127,0.415825367474255,0.539371081528472,0.479558327567053,"RNF8/RTN4",2
"GO:0006261","DNA-templated DNA replication","1/39","121/8855",0.00826446280991736,1.87645687645688,0.645628830737074,0.41594290845312,0.539371081528472,0.479558327567053,"MCM7",1
"GO:0070663","regulation of leukocyte proliferation","1/39","121/8855",0.00826446280991736,1.87645687645688,0.645628830737074,0.41594290845312,0.539371081528472,0.479558327567053,"HHEX",1
"GO:1903828","negative regulation of protein localization","1/39","121/8855",0.00826446280991736,1.87645687645688,0.645628830737074,0.41594290845312,0.539371081528472,0.479558327567053,"GDI2",1
"GO:0001894","tissue homeostasis","1/39","123/8855",0.00813008130081301,1.84594538253075,0.628353861015564,0.421147549853408,0.541547387670351,0.481493295475818,"ELP6",1
"GO:0002285","lymphocyte activation involved in immune response","1/39","123/8855",0.00813008130081301,1.84594538253075,0.628353861015564,0.421147549853408,0.541547387670351,0.481493295475818,"RNF8",1
"GO:0016485","protein processing","1/39","123/8855",0.00813008130081301,1.84594538253075,0.628353861015564,0.421147549853408,0.541547387670351,0.481493295475818,"PARL",1
"GO:0031400","negative regulation of protein modification process","1/39","123/8855",0.00813008130081301,1.84594538253075,0.628353861015564,0.421147549853408,0.541547387670351,0.481493295475818,"CDK5RAP1",1
"GO:0045637","regulation of myeloid cell differentiation","1/39","123/8855",0.00813008130081301,1.84594538253075,0.628353861015564,0.421147549853408,0.541547387670351,0.481493295475818,"ACVR1B",1
"GO:0060249","anatomical structure homeostasis","1/39","123/8855",0.00813008130081301,1.84594538253075,0.628353861015564,0.421147549853408,0.541547387670351,0.481493295475818,"ELP6",1
"GO:0141193","nuclear receptor-mediated signaling pathway","1/39","123/8855",0.00813008130081301,1.84594538253075,0.628353861015564,0.421147549853408,0.541547387670351,0.481493295475818,"ALDH1A2",1
"GO:0032103","positive regulation of response to external stimulus","2/39","327/8855",0.00611620795107034,1.38869285658276,0.476346645594817,0.425093889843351,0.545571446317249,0.485071112123439,"RTN4/ELP6",2
"GO:0007160","cell-matrix adhesion","1/39","125/8855",0.008,1.81641025641026,0.611396021401292,0.426306990610688,0.545571446317249,0.485071112123439,"SKAP1",1
"GO:0009755","hormone-mediated signaling pathway","1/39","125/8855",0.008,1.81641025641026,0.611396021401292,0.426306990610688,0.545571446317249,0.485071112123439,"ALDH1A2",1
"GO:0072331","signal transduction by p53 class mediator","1/39","125/8855",0.008,1.81641025641026,0.611396021401292,0.426306990610688,0.545571446317249,0.485071112123439,"SMYD2",1
"GO:0031334","positive regulation of protein-containing complex assembly","1/39","126/8855",0.00793650793650794,1.8019943019943,0.603032307489776,0.428869880343355,0.548198717442457,0.487407035924359,"SKAP1",1
"GO:0003341","cilium movement","1/39","127/8855",0.0078740157480315,1.78780537048254,0.594743494589452,0.431421613035142,0.55080550357812,0.489724746388184,"RIBC2",1
"GO:0000910","cytokinesis","1/39","128/8855",0.0078125,1.77383814102564,0.58652820305743,0.433962235983312,0.553391937938388,0.492024361956481,"ACTR2",1
"GO:1904062","regulation of monoatomic cation transmembrane transport","1/39","129/8855",0.00775193798449612,1.76008745776188,0.578385089717569,0.436491796290021,0.555958152857551,0.494306000288525,"KCNS1",1
"GO:0043523","regulation of neuron apoptotic process","1/39","130/8855",0.00769230769230769,1.7465483234714,0.570312846615821,0.4390103408631,0.556528439183765,0.494813045560694,"FASLG",1
"GO:0060560","developmental growth involved in morphogenesis","1/39","130/8855",0.00769230769230769,1.7465483234714,0.570312846615821,0.4390103408631,0.556528439183765,0.494813045560694,"RTN4",1
"GO:1903039","positive regulation of leukocyte cell-cell adhesion","1/39","130/8855",0.00769230769230769,1.7465483234714,0.570312846615821,0.4390103408631,0.556528439183765,0.494813045560694,"SKAP1",1
"GO:2001234","negative regulation of apoptotic signaling pathway","1/39","130/8855",0.00769230769230769,1.7465483234714,0.570312846615821,0.4390103408631,0.556528439183765,0.494813045560694,"PARL",1
"GO:0002699","positive regulation of immune effector process","1/39","131/8855",0.00763358778625954,1.73321589352124,0.562310199827394,0.441517916416836,0.557734148235133,0.495885049299878,"RTN4",1
"GO:0043123","positive regulation of canonical NF-kappaB signal transduction","1/39","131/8855",0.00763358778625954,1.73321589352124,0.562310199827394,0.441517916416836,0.557734148235133,0.495885049299878,"FASLG",1
"GO:0140053","mitochondrial gene expression","1/39","131/8855",0.00763358778625954,1.73321589352124,0.562310199827394,0.441517916416836,0.557734148235133,0.495885049299878,"CDK5RAP1",1
"GO:0006874","intracellular calcium ion homeostasis","1/39","132/8855",0.00757575757575758,1.72008547008547,0.554375908313193,0.444014569472744,0.559572874775146,0.497519872994696,"FASLG",1
"GO:0016358","dendrite development","1/39","132/8855",0.00757575757575758,1.72008547008547,0.554375908313193,0.444014569472744,0.559572874775146,0.497519872994696,"DIP2A",1
"GO:0007186","G protein-coupled receptor signaling pathway","2/39","340/8855",0.00588235294117647,1.33559577677225,0.419691226823182,0.444927942304102,0.560067374680222,0.497959536068193,"TULP3/LGR6",2
"GO:0007179","transforming growth factor beta receptor signaling pathway","1/39","133/8855",0.0075187969924812,1.70715249662618,0.546508762823148,0.446500346360347,0.560079197593201,0.497970047896819,"GDF9",1
"GO:0016241","regulation of macroautophagy","1/39","133/8855",0.0075187969924812,1.70715249662618,0.546508762823148,0.446500346360347,0.560079197593201,0.497970047896819,"PARL",1
"GO:0035195","miRNA-mediated post-transcriptional gene silencing","1/39","133/8855",0.0075187969924812,1.70715249662618,0.546508762823148,0.446500346360347,0.560079197593201,0.497970047896819,"DCAF12",1
"GO:0007548","sex differentiation","1/39","134/8855",0.00746268656716418,1.69441255262151,0.538707584844158,0.448975293217942,0.561818494970799,0.499516468478321,"GDF9",1
"GO:0010721","negative regulation of cell development","1/39","134/8855",0.00746268656716418,1.69441255262151,0.538707584844158,0.448975293217942,0.561818494970799,0.499516468478321,"RTN4",1
"GO:0032787","monocarboxylic acid metabolic process","2/39","343/8855",0.00583090379008746,1.32391418105704,0.406937287674781,0.449454795976639,0.561818494970799,0.499516468478321,"MTHFD1L/ALDH1A2",2
"GO:0019220","regulation of phosphate metabolic process","2/39","344/8855",0.00581395348837209,1.32006559332141,0.402711645053591,0.450959435187786,0.562337676932645,0.499978076528608,"CDK5RAP1/MCM7",2
"GO:0051174","regulation of phosphorus metabolic process","2/39","344/8855",0.00581395348837209,1.32006559332141,0.402711645053591,0.450959435187786,0.562337676932645,0.499978076528608,"CDK5RAP1/MCM7",2
"GO:1901888","regulation of cell junction assembly","1/39","135/8855",0.00740740740740741,1.68186134852802,0.530971225590528,0.45143945599337,0.562337676932645,0.499978076528608,"RTN4",1
"GO:1902115","regulation of organelle assembly","1/39","137/8855",0.0072992700729927,1.65730862811155,0.515688510977571,0.456335612141375,0.567778684087938,0.504815711286999,"GDI2",1
"GO:0044283","small molecule biosynthetic process","2/39","349/8855",0.00573065902578797,1.30115347880391,0.381772094139847,0.458449824358414,0.568174278455101,0.505167436805122,"MTHFD1L/ALDH1A2",2
"GO:0051604","protein maturation","2/39","349/8855",0.00573065902578797,1.30115347880391,0.381772094139847,0.458449824358414,0.568174278455101,0.505167436805122,"ELP6/PARL",2
"GO:0034765","regulation of monoatomic ion transmembrane transport","1/39","138/8855",0.0072463768115942,1.64529914529915,0.508139998152977,0.458767696464211,0.568174278455101,0.505167436805122,"KCNS1",1
"GO:0043488","regulation of mRNA stability","1/39","138/8855",0.0072463768115942,1.64529914529915,0.508139998152977,0.458767696464211,0.568174278455101,0.505167436805122,"DCAF12",1
"GO:0120031","plasma membrane bounded cell projection assembly","2/39","351/8855",0.0056980056980057,1.2937394988677,0.373482754949801,0.461430483029027,0.570814464046264,0.507514842941501,"GDI2/ACTR2",2
"GO:0006457","protein folding","1/39","140/8855",0.00714285714285714,1.62179487179487,0.493223464690159,0.463600103576428,0.572181528524294,0.508730308837267,"ELP6",1
"GO:0048608","reproductive structure development","1/39","140/8855",0.00714285714285714,1.62179487179487,0.493223464690159,0.463600103576428,0.572181528524294,0.508730308837267,"GDF9",1
"GO:0002449","lymphocyte mediated immunity","1/39","141/8855",0.00709219858156028,1.61029278050555,0.485853440627404,0.466000516193814,0.574484581316916,0.510777968015432,"RNF8",1
"GO:0048863","stem cell differentiation","1/39","142/8855",0.00704225352112676,1.59895269050199,0.478540949391884,0.468390461094944,0.575451137916645,0.511637339758447,"ALDH1A2",1
"GO:0061458","reproductive system development","1/39","142/8855",0.00704225352112676,1.59895269050199,0.478540949391884,0.468390461094944,0.575451137916645,0.511637339758447,"GDF9",1
"GO:0071824","protein-DNA complex organization","1/39","142/8855",0.00704225352112676,1.59895269050199,0.478540949391884,0.468390461094944,0.575451137916645,0.511637339758447,"MCM3AP",1
"GO:0090092","regulation of transmembrane receptor protein serine/threonine kinase signaling pathway","1/39","143/8855",0.00699300699300699,1.58777120315582,0.471285048152654,0.470769982731268,0.57667183647772,0.512722670767951,"ACVR1B",1
"GO:0030031","cell projection assembly","2/39","358/8855",0.00558659217877095,1.26844291648761,0.34484737488968,0.471791646565491,0.57667183647772,0.512722670767951,"GDI2/ACTR2",2
"GO:0045596","negative regulation of cell differentiation","2/39","358/8855",0.00558659217877095,1.26844291648761,0.34484737488968,0.471791646565491,0.57667183647772,0.512722670767951,"RTN4/ACVR1B",2
"GO:0035194","regulatory ncRNA-mediated post-transcriptional gene silencing","1/39","144/8855",0.00694444444444444,1.57674501424501,0.464084816332198,0.473139125370557,0.57667183647772,0.512722670767951,"DCAF12",1
"GO:0055074","calcium ion homeostasis","1/39","144/8855",0.00694444444444444,1.57674501424501,0.464084816332198,0.473139125370557,0.57667183647772,0.512722670767951,"FASLG",1
"GO:0071695","anatomical structure maturation","1/39","144/8855",0.00694444444444444,1.57674501424501,0.464084816332198,0.473139125370557,0.57667183647772,0.512722670767951,"ALDH1A2",1
"GO:0090596","sensory organ morphogenesis","1/39","144/8855",0.00694444444444444,1.57674501424501,0.464084816332198,0.473139125370557,0.57667183647772,0.512722670767951,"FASLG",1
"GO:0006352","DNA-templated transcription initiation","1/39","145/8855",0.00689655172413793,1.5658709106985,0.456939354926801,0.475497933097632,0.578890462151703,0.514695265247243,"NCOA6",1
"GO:0006790","sulfur compound metabolic process","1/39","146/8855",0.00684931506849315,1.55514576747453,0.449847785852279,0.477846449815105,0.579347444654791,0.515101571355252,"DIP2A",1
"GO:0000082","G1/S transition of mitotic cell cycle","1/39","147/8855",0.00680272108843537,1.54456654456654,0.442809251313937,0.480184719244111,0.579347444654791,0.515101571355252,"ACVR1B",1
"GO:0030198","extracellular matrix organization","1/39","147/8855",0.00680272108843537,1.54456654456654,0.442809251313937,0.480184719244111,0.579347444654791,0.515101571355252,"COL27A1",1
"GO:0032259","methylation","1/39","147/8855",0.00680272108843537,1.54456654456654,0.442809251313937,0.480184719244111,0.579347444654791,0.515101571355252,"SMYD2",1
"GO:0043062","extracellular structure organization","1/39","147/8855",0.00680272108843537,1.54456654456654,0.442809251313937,0.480184719244111,0.579347444654791,0.515101571355252,"COL27A1",1
"GO:0045229","external encapsulating structure organization","1/39","147/8855",0.00680272108843537,1.54456654456654,0.442809251313937,0.480184719244111,0.579347444654791,0.515101571355252,"COL27A1",1
"GO:0045859","regulation of protein kinase activity","1/39","147/8855",0.00680272108843537,1.54456654456654,0.442809251313937,0.480184719244111,0.579347444654791,0.515101571355252,"CDK5RAP1",1
"GO:0046879","hormone secretion","1/39","147/8855",0.00680272108843537,1.54456654456654,0.442809251313937,0.480184719244111,0.579347444654791,0.515101571355252,"GDF9",1
"GO:0032496","response to lipopolysaccharide","1/39","148/8855",0.00675675675675676,1.53413028413028,0.435822913199723,0.482512784925034,0.580852456656676,0.516439687289363,"FASLG",1
"GO:0043487","regulation of RNA stability","1/39","148/8855",0.00675675675675676,1.53413028413028,0.435822913199723,0.482512784925034,0.580852456656676,0.516439687289363,"DCAF12",1
"GO:0001822","kidney development","1/39","149/8855",0.00671140939597315,1.52383410772673,0.428887952495546,0.484830690218237,0.581040124843484,0.516606544291685,"ALDH1A2",1
"GO:0006898","receptor-mediated endocytosis","1/39","149/8855",0.00671140939597315,1.52383410772673,0.428887952495546,0.484830690218237,0.581040124843484,0.516606544291685,"GPR107",1
"GO:0007163","establishment or maintenance of cell polarity","1/39","149/8855",0.00671140939597315,1.52383410772673,0.428887952495546,0.484830690218237,0.581040124843484,0.516606544291685,"ACTR2",1
"GO:0016441","post-transcriptional gene silencing","1/39","149/8855",0.00671140939597315,1.52383410772673,0.428887952495546,0.484830690218237,0.581040124843484,0.516606544291685,"DCAF12",1
"GO:0008285","negative regulation of cell population proliferation","2/39","368/8855",0.00543478260869565,1.23397435897436,0.304916794793892,0.486396578631765,0.582267619186133,0.517697917474672,"ALDH1A2/SMYD2",2
"GO:0050807","regulation of synapse organization","1/39","151/8855",0.00662251655629139,1.5036508745118,0.415168979390344,0.489436192187165,0.584604340668003,0.519775511702861,"RTN4",1
"GO:0051146","striated muscle cell differentiation","1/39","151/8855",0.00662251655629139,1.5036508745118,0.415168979390344,0.489436192187165,0.584604340668003,0.519775511702861,"ATP11A",1
"GO:0009914","hormone transport","1/39","152/8855",0.00657894736842105,1.49375843454791,0.408383419480563,0.491723874690003,0.584624368501261,0.519793318579334,"GDF9",1
"GO:0061013","regulation of mRNA catabolic process","1/39","152/8855",0.00657894736842105,1.49375843454791,0.408383419480563,0.491723874690003,0.584624368501261,0.519793318579334,"DCAF12",1
"GO:0061448","connective tissue development","1/39","152/8855",0.00657894736842105,1.49375843454791,0.408383419480563,0.491723874690003,0.584624368501261,0.519793318579334,"COL27A1",1
"GO:0072001","renal system development","1/39","152/8855",0.00657894736842105,1.49375843454791,0.408383419480563,0.491723874690003,0.584624368501261,0.519793318579334,"ALDH1A2",1
"GO:0055082","intracellular chemical homeostasis","2/39","372/8855",0.00537634408602151,1.22070581748001,0.289252278520731,0.492172142784783,0.584624368501261,0.519793318579334,"RTN4/FASLG",2
"GO:0022409","positive regulation of cell-cell adhesion","1/39","153/8855",0.0065359477124183,1.48399530752472,0.401646140934562,0.494001568460782,0.585503512784279,0.520574971464504,"SKAP1",1
"GO:0070588","calcium ion transmembrane transport","1/39","153/8855",0.0065359477124183,1.48399530752472,0.401646140934562,0.494001568460782,0.585503512784279,0.520574971464504,"FASLG",1
"GO:0031399","regulation of protein modification process","2/39","374/8855",0.0053475935828877,1.21417797888386,0.281483768715947,0.495045453084063,0.585608687890609,0.520668483333829,"CDK5RAP1/DIP2A",2
"GO:0002429","immune response-activating cell surface receptor signaling pathway","1/39","154/8855",0.00649350649350649,1.47435897435897,0.39495641216983,0.496269315970553,0.585608687890609,0.520668483333829,"SKAP1",1
"GO:0050803","regulation of synapse structure or activity","1/39","154/8855",0.00649350649350649,1.47435897435897,0.39495641216983,0.496269315970553,0.585608687890609,0.520668483333829,"RTN4",1
"GO:0051896","regulation of phosphatidylinositol 3-kinase/protein kinase B signal transduction","1/39","154/8855",0.00649350649350649,1.47435897435897,0.39495641216983,0.496269315970553,0.585608687890609,0.520668483333829,"RTN4",1
"GO:0002460","adaptive immune response based on somatic recombination of immune receptors built from immunoglobulin superfamily domains","1/39","155/8855",0.00645161290322581,1.46484698097601,0.388313517609159,0.498527159514646,0.587627956664742,0.522463828300206,"RNF8",1
"GO:0048511","rhythmic process","1/39","156/8855",0.00641025641025641,1.45545693622617,0.381716757226945,0.500775141213373,0.589631190366239,0.524244916379481,"GDF9",1
"GO:0002237","response to molecule of bacterial origin","1/39","157/8855",0.00636942675159236,1.44618650988078,0.375165446111198,0.503013303012738,0.591618490961372,0.526011838230527,"FASLG",1
"GO:0044843","cell cycle G1/S phase transition","1/39","158/8855",0.00632911392405063,1.43703343070432,0.368658914040654,0.505241686685135,0.593589959766689,0.527764683934544,"ACVR1B",1
"GO:0002768","immune response-regulating cell surface receptor signaling pathway","1/39","159/8855",0.00628930817610063,1.42799548459926,0.362196505076336,0.507460333830045,0.594896247401634,0.528926112744855,"SKAP1",1
"GO:0043549","regulation of kinase activity","1/39","159/8855",0.00628930817610063,1.42799548459926,0.362196505076336,0.507460333830045,0.594896247401634,0.528926112744855,"CDK5RAP1",1
"GO:0006936","muscle contraction","1/39","160/8855",0.00625,1.41907051282051,0.355777577167015,0.509669285874735,0.595487758328965,0.529452028947565,"SCN4B",1
"GO:0021537","telencephalon development","1/39","160/8855",0.00625,1.41907051282051,0.355777577167015,0.509669285874735,0.595487758328965,0.529452028947565,"RTN4",1
"GO:0050821","protein stabilization","1/39","160/8855",0.00625,1.41907051282051,0.355777577167015,0.509669285874735,0.595487758328965,0.529452028947565,"RTN4",1
"GO:0043588","skin development","1/39","161/8855",0.0062111801242236,1.41025641025641,0.349401501767997,0.511868584074952,0.595487758328965,0.529452028947565,"ACVR1B",1
"GO:0070661","leukocyte proliferation","1/39","161/8855",0.0062111801242236,1.41025641025641,0.349401501767997,0.511868584074952,0.595487758328965,0.529452028947565,"HHEX",1
"GO:0071560","cellular response to transforming growth factor beta stimulus","1/39","161/8855",0.0062111801242236,1.41025641025641,0.349401501767997,0.511868584074952,0.595487758328965,0.529452028947565,"GDF9",1
"GO:0010256","endomembrane system organization","2/39","387/8855",0.00516795865633075,1.17339163850792,0.23198477320026,0.513482619173081,0.595487758328965,0.529452028947565,"RTN4/FASLG",2
"GO:0048638","regulation of developmental growth","1/39","162/8855",0.00617283950617284,1.40155112377335,0.343067663472702,0.514058269515609,0.595487758328965,0.529452028947565,"RTN4",1
"GO:0051321","meiotic cell cycle","1/39","162/8855",0.00617283950617284,1.40155112377335,0.343067663472702,0.514058269515609,0.595487758328965,0.529452028947565,"ACTR2",1
"GO:0072522","purine-containing compound biosynthetic process","1/39","162/8855",0.00617283950617284,1.40155112377335,0.343067663472702,0.514058269515609,0.595487758328965,0.529452028947565,"DIP2A",1
"GO:0090287","regulation of cellular response to growth factor stimulus","1/39","162/8855",0.00617283950617284,1.40155112377335,0.343067663472702,0.514058269515609,0.595487758328965,0.529452028947565,"HHEX",1
"GO:0050900","leukocyte migration","1/39","164/8855",0.00609756097560976,1.38445903689806,0.330524300132633,0.518408965607872,0.599881203475202,0.533358269528013,"RTN4",1
"GO:0071559","response to transforming growth factor beta","1/39","166/8855",0.00602409638554217,1.36777880753784,0.318142813415379,0.522721699440283,0.604221319245488,0.537217094614348,"GDF9",1
"GO:0032984","protein-containing complex disassembly","1/39","168/8855",0.00595238095238095,1.35149572649573,0.305918718195765,0.526996793612041,0.608294221174396,0.540838338140858,"ELP6",1
"GO:0051640","organelle localization","2/39","397/8855",0.00503778337531486,1.14383517406187,0.195026123208803,0.527376943380965,0.608294221174396,0.540838338140858,"MSTO1/ACTR2",2
"GO:0002366","leukocyte activation involved in immune response","1/39","172/8855",0.00581395348837209,1.32006559332141,0.281925646508442,0.535435340052189,0.616927106705363,0.548513892669248,"RNF8",1
"GO:0034330","cell junction organization","2/39","404/8855",0.00495049504950495,1.12401624777862,0.169699862539108,0.536950754649692,0.618010772214581,0.549477386703393,"RTN4/DIP2A",2
"GO:1903037","regulation of leukocyte cell-cell adhesion","1/39","174/8855",0.00574712643678161,1.30489242558208,0.270148557543142,0.539599424264965,0.620395059983783,0.551597272426218,"SKAP1",1
"GO:0002263","cell activation involved in immune response","1/39","175/8855",0.00571428571428571,1.2974358974359,0.2643131774024,0.541667806070479,0.622107790091629,0.553120071875838,"RNF8",1
"GO:0001666","response to hypoxia","1/39","176/8855",0.00568181818181818,1.2900641025641,0.258512618375799,0.543727132748273,0.623141436785067,0.554039093856393,"RTN4",1
"GO:0006066","alcohol metabolic process","1/39","176/8855",0.00568181818181818,1.2900641025641,0.258512618375799,0.543727132748273,0.623141436785067,0.554039093856393,"ALDH1A2",1
"GO:0006468","protein phosphorylation","2/39","413/8855",0.00484261501210654,1.09952194697957,0.137764552925505,0.549072987703354,0.628597935869122,0.558890502589143,"CDK5RAP1/ACVR1B",2
"GO:0044092","negative regulation of molecular function","1/39","179/8855",0.00558659217877095,1.26844291648761,0.241315358785108,0.549851167250204,0.628819154036138,0.559087189096512,"CDK5RAP1",1
"GO:0051301","cell division","2/39","417/8855",0.00479616306954436,1.08897497386706,0.123789100633418,0.554392478698525,0.632367425593906,0.562241980356687,"RNF8/ACTR2",2
"GO:0051050","positive regulation of transport","2/39","418/8855",0.00478468899521531,1.0863697705803,0.120315658937319,0.555715757475434,0.632367425593906,0.562241980356687,"FASLG/SCN4B",2
"GO:0043122","regulation of canonical NF-kappaB signal transduction","1/39","182/8855",0.00549450549450549,1.24753451676529,0.224415608129382,0.555895085754643,0.632367425593906,0.562241980356687,"FASLG",1
"GO:0043491","phosphatidylinositol 3-kinase/protein kinase B signal transduction","1/39","182/8855",0.00549450549450549,1.24753451676529,0.224415608129382,0.555895085754643,0.632367425593906,0.562241980356687,"RTN4",1
"GO:0072659","protein localization to plasma membrane","1/39","182/8855",0.00549450549450549,1.24753451676529,0.224415608129382,0.555895085754643,0.632367425593906,0.562241980356687,"SKAP1",1
"GO:0000209","protein polyubiquitination","1/39","183/8855",0.00546448087431694,1.24071738825837,0.218846519768585,0.557892098513269,0.633298844669234,0.563070111098814,"RNF8",1
"GO:0031047","regulatory ncRNA-mediated gene silencing","1/39","183/8855",0.00546448087431694,1.24071738825837,0.218846519768585,0.557892098513269,0.633298844669234,0.563070111098814,"DCAF12",1
"GO:0032386","regulation of intracellular transport","1/39","184/8855",0.00543478260869565,1.23397435897436,0.213308841036111,0.559880360524107,0.634885429919214,0.564480754336985,"HHEX",1
"GO:0036293","response to decreased oxygen levels","1/39","186/8855",0.00537634408602151,1.22070581748001,0.202326152485134,0.563830781508534,0.638691348916411,0.567864621606953,"RTN4",1
"GO:0021700","developmental maturation","1/39","189/8855",0.00529100529100529,1.20132953466287,0.186078124908126,0.569691710858173,0.643754178848068,0.572366016542517,"ALDH1A2",1
"GO:0051338","regulation of transferase activity","1/39","189/8855",0.00529100529100529,1.20132953466287,0.186078124908126,0.569691710858173,0.643754178848068,0.572366016542517,"CDK5RAP1",1
"GO:0048871","multicellular organismal-level homeostasis","2/39","429/8855",0.00466200466200466,1.05851413543721,0.0826313756316366,0.570096723965917,0.643754178848068,0.572366016542517,"ACVR1B/ELP6",2
"GO:0040029","epigenetic regulation of gene expression","1/39","190/8855",0.00526315789473684,1.19500674763833,0.180720919523536,0.571628247123639,0.644806259871891,0.573301428605803,"RNF8",1
"GO:0008544","epidermis development","1/39","191/8855",0.00523560209424084,1.18875016780776,0.175392524775435,0.57355629078921,0.646302948216353,0.574632143922104,"ACVR1B",1
"GO:0006605","protein targeting","1/39","192/8855",0.00520833333333333,1.18255876068376,0.17009259523703,0.575475878122916,0.647109381780475,0.575349149235419,"PARL",1
"GO:0042063","gliogenesis","1/39","192/8855",0.00520833333333333,1.18255876068376,0.17009259523703,0.575475878122916,0.647109381780475,0.575349149235419,"RTN4",1
"GO:0007159","leukocyte cell-cell adhesion","1/39","193/8855",0.00518134715025907,1.17643151321908,0.164820791505189,0.577387045242067,0.648580014247881,0.5766566981024,"SKAP1",1
"GO:0006935","chemotaxis","1/39","194/8855",0.00515463917525773,1.17036743325403,0.15957678006377,0.57928982811387,0.650038168290616,0.577953152321057,"LGR6",1
"GO:0031347","regulation of defense response","2/39","437/8855",0.0045766590389016,1.0391363022942,0.0558061830485113,0.580352731837351,0.650551810975133,0.578409835363937,"RTN4/ELP6",2
"GO:0042330","taxis","1/39","195/8855",0.00512820512820513,1.16436554898093,0.154360233150741,0.581184262556031,0.650805294008056,0.578635208772891,"LGR6",1
"GO:0002697","regulation of immune effector process","1/39","197/8855",0.0050761421319797,1.15254457894052,0.144008249860664,0.584948228678375,0.652979590684583,0.580568390052976,"RTN4",1
"GO:0031589","cell-substrate adhesion","1/39","197/8855",0.0050761421319797,1.15254457894052,0.144008249860664,0.584948228678375,0.652979590684583,0.580568390052976,"SKAP1",1
"GO:0097193","intrinsic apoptotic signaling pathway","1/39","197/8855",0.0050761421319797,1.15254457894052,0.144008249860664,0.584948228678375,0.652979590684583,0.580568390052976,"PARL",1
"GO:0006816","calcium ion transport","1/39","199/8855",0.0050251256281407,1.1409612163381,0.133762329799424,0.588679227183648,0.655103694847227,0.582456944843361,"FASLG",1
"GO:0007249","canonical NF-kappaB signal transduction","1/39","199/8855",0.0050251256281407,1.1409612163381,0.133762329799424,0.588679227183648,0.655103694847227,0.582456944843361,"FASLG",1
"GO:0070482","response to oxygen levels","1/39","199/8855",0.0050251256281407,1.1409612163381,0.133762329799424,0.588679227183648,0.655103694847227,0.582456944843361,"RTN4",1
"GO:0071345","cellular response to cytokine stimulus","2/39","445/8855",0.00449438202247191,1.02045520023048,0.0294477429995643,0.59043675745024,0.655808249400121,0.583083368866888,"FASLG/ACTR2",2
"GO:0050767","regulation of neurogenesis","1/39","200/8855",0.005,1.13525641025641,0.128678381643918,0.590532451552853,0.655808249400121,0.583083368866888,"RTN4",1
"GO:0002443","leukocyte mediated immunity","1/39","201/8855",0.00497512437810945,1.12960836841434,0.123620045288487,0.592377539292823,0.655824773161467,0.583098060250293,"RNF8",1
"GO:0006260","DNA replication","1/39","201/8855",0.00497512437810945,1.12960836841434,0.123620045288487,0.592377539292823,0.655824773161467,0.583098060250293,"MCM7",1
"GO:0006402","mRNA catabolic process","1/39","201/8855",0.00497512437810945,1.12960836841434,0.123620045288487,0.592377539292823,0.655824773161467,0.583098060250293,"DCAF12",1
"GO:0060284","regulation of cell development","2/39","448/8855",0.00446428571428571,1.01362179487179,0.0196797279679803,0.594173772880909,0.656506284255823,0.583703996185348,"RTN4/ACVR1B",2
"GO:0014706","striated muscle tissue development","1/39","202/8855",0.00495049504950495,1.12401624777862,0.11858702982365,0.594214525191549,0.656506284255823,0.583703996185348,"ALDH1A2",1
"GO:0098813","nuclear chromosome segregation","1/39","204/8855",0.00490196078431373,1.11299648064354,0.108595821893731,0.597864329894165,0.65986052837395,0.586686276390254,"ACTR2",1
"GO:0045597","positive regulation of cell differentiation","2/39","452/8855",0.00442477876106195,1.0046516904924,0.00675194844838907,0.599118628755731,0.660505132038084,0.587259397689675,"ATP11A/ACVR1B",2
"GO:0034762","regulation of transmembrane transport","1/39","205/8855",0.0048780487804878,1.10756722951845,0.103637071267065,0.599677217552716,0.660505132038084,0.587259397689675,"KCNS1",1
"GO:0009410","response to xenobiotic stimulus","1/39","206/8855",0.00485436893203883,1.10219068956933,0.0987025250084617,0.601482141080513,0.66113834525721,0.587822391670548,"MCM7",1
"GO:1901293","nucleoside phosphate biosynthetic process","1/39","206/8855",0.00485436893203883,1.10219068956933,0.0987025250084617,0.601482141080513,0.66113834525721,0.587822391670548,"DIP2A",1
"GO:0031346","positive regulation of cell projection organization","1/39","207/8855",0.00483091787439614,1.0968660968661,0.0937919152675606,0.603279134547719,0.662436230478853,0.588976349840684,"ACTR2",1
"GO:0030029","actin filament-based process","2/39","456/8855",0.0043859649122807,0.995838956365272,-0.00606788263852044,0.604020199434052,0.662573177950619,0.589098110726229,"ACTR2/SCN4B",2
"GO:0032535","regulation of cellular component size","1/39","209/8855",0.00478468899521531,1.0863697705803,0.084041455455314,0.606849466872442,0.664998141577854,0.591254161618302,"RTN4",1
"GO:0031401","positive regulation of protein modification process","1/39","211/8855",0.004739336492891,1.07607242678333,0.0743836338432406,0.610388484261951,0.66819513297515,0.594096627408995,"DIP2A",1
"GO:0060537","muscle tissue development","1/39","212/8855",0.00471698113207547,1.07099661344944,0.069588837065202,0.612146333534717,0.669437750305005,0.595201446538012,"ALDH1A2",1
"GO:0001503","ossification","1/39","216/8855",0.00462962962962963,1.05116334283001,0.0506314449991702,0.619100774850684,0.67635501317529,0.601351629829291,"ACVR1B",1
"GO:0033993","response to lipid","2/39","471/8855",0.00424628450106157,0.964124339920518,-0.053217073807027,0.622015062992132,0.678036679910915,0.602846810633156,"FASLG/ALDH1A2",2
"GO:0042692","muscle cell differentiation","1/39","218/8855",0.00458715596330275,1.04151964243707,0.0412825640461582,0.62253228192751,0.678036679910915,0.602846810633156,"ATP11A",1
"GO:1990778","protein localization to cell periphery","1/39","218/8855",0.00458715596330275,1.04151964243707,0.0412825640461582,0.62253228192751,0.678036679910915,0.602846810633156,"SKAP1",1
"GO:0051247","positive regulation of protein metabolic process","2/39","478/8855",0.00418410041841004,0.950005364231306,-0.0747410803126698,0.630204027963671,0.685697702490837,0.609658275507153,"CDK5RAP1/DIP2A",2
"GO:0050804","modulation of chemical synaptic transmission","1/39","223/8855",0.00448430493273543,1.01816718408647,0.0182747146391828,0.63097979992571,0.685847608614902,0.609791558014522,"RTN4",1
"GO:0099177","regulation of trans-synaptic signaling","1/39","224/8855",0.00446428571428571,1.01362179487179,0.0137339056167427,0.632647059865804,0.686965241773474,0.610785252906061,"RTN4",1
"GO:0019752","carboxylic acid metabolic process","2/39","483/8855",0.0041407867494824,0.94017094017094,-0.0899367946814097,0.635972087267028,0.689878903947583,0.613375808846419,"MTHFD1L/ALDH1A2",2
"GO:0030162","regulation of proteolysis","1/39","229/8855",0.00436681222707424,0.99149031463442,-0.00867746336383317,0.640873879490333,0.694495383520271,0.617480350782282,"PARL",1
"GO:0008015","blood circulation","1/39","230/8855",0.00434782608695652,0.987179487179487,-0.0131025563162998,0.64249756586871,0.694854007352981,0.617799205558391,"SCN4B",1
"GO:1903311","regulation of mRNA metabolic process","1/39","230/8855",0.00434782608695652,0.987179487179487,-0.0131025563162998,0.64249756586871,0.694854007352981,0.617799205558391,"DCAF12",1
"GO:0051960","regulation of nervous system development","1/39","231/8855",0.00432900432900433,0.982905982905983,-0.0175090273666088,0.644114098614347,0.695503651476111,0.618376808362603,"RTN4",1
"GO:0043436","oxoacid metabolic process","2/39","491/8855",0.00407331975560081,0.92485247271398,-0.11395009730094,0.64506048707214,0.695503651476111,0.618376808362603,"MTHFD1L/ALDH1A2",2
"GO:0023061","signal release","1/39","232/8855",0.00431034482758621,0.978669319186561,-0.0218970589758163,0.645723508418851,0.695503651476111,0.618376808362603,"GDF9",1
"GO:0050877","nervous system process","2/39","493/8855",0.00405679513184584,0.921100535704998,-0.119897106992079,0.647305617562644,0.695503651476111,0.618376808362603,"ELP6/SCN4B",2
"GO:0001932","regulation of protein phosphorylation","1/39","233/8855",0.00429184549356223,0.974469021679322,-0.0262668309888522,0.647325825845694,0.695503651476111,0.618376808362603,"CDK5RAP1",1
"GO:0006082","organic acid metabolic process","2/39","494/8855",0.00404858299595142,0.91923595972179,-0.12286230846287,0.648424143695891,0.695503651476111,0.618376808362603,"MTHFD1L/ALDH1A2",2
"GO:0009725","response to hormone","2/39","494/8855",0.00404858299595142,0.91923595972179,-0.12286230846287,0.648424143695891,0.695503651476111,0.618376808362603,"ALDH1A2/NCOA6",2
"GO:0022407","regulation of cell-cell adhesion","1/39","234/8855",0.00427350427350427,0.970304624150778,-0.030618520683511,0.648921081330734,0.695503651476111,0.618376808362603,"SKAP1",1
"GO:0034504","protein localization to nucleus","1/39","234/8855",0.00427350427350427,0.970304624150778,-0.030618520683511,0.648921081330734,0.695503651476111,0.618376808362603,"HHEX",1
"GO:0001819","positive regulation of cytokine production","1/39","237/8855",0.00421940928270042,0.958022287136211,-0.0435668311256002,0.653664778590288,0.699193668641353,0.621657626561908,"RTN4",1
"GO:0030098","lymphocyte differentiation","1/39","237/8855",0.00421940928270042,0.958022287136211,-0.0435668311256002,0.653664778590288,0.699193668641353,0.621657626561908,"HHEX",1
"GO:1903706","regulation of hemopoiesis","1/39","238/8855",0.00420168067226891,0.953996983408748,-0.047847914634352,0.655232088132523,0.700173454018352,0.622528760096611,"ACVR1B",1
"GO:0034329","cell junction assembly","1/39","242/8855",0.00413223140495868,0.938228438228438,-0.0648015378768836,0.661432505905151,0.706097263006988,0.627795657097033,"RTN4",1
"GO:0045785","positive regulation of cell adhesion","1/39","243/8855",0.00411522633744856,0.934367415848897,-0.0689980634798356,0.6629655527262,0.707031715457009,0.628626484832278,"SKAP1",1
"GO:0016050","vesicle organization","1/39","244/8855",0.00409836065573771,0.930538041193779,-0.0731781483596153,0.664491835058258,0.707957108709244,0.629449257976003,"FASLG",1
"GO:0010975","regulation of neuron projection development","1/39","246/8855",0.0040650406504065,0.922972691265374,-0.0814896017746569,0.667524222397293,0.709780948642028,0.631070845891761,"RTN4",1
"GO:0045786","negative regulation of cell cycle","1/39","246/8855",0.0040650406504065,0.922972691265374,-0.0814896017746569,0.667524222397293,0.709780948642028,0.631070845891761,"CDK5RAP1",1
"GO:0098771","inorganic ion homeostasis","1/39","256/8855",0.00390625,0.88691907051282,-0.122110117558591,0.6822900522055,0.724764630554261,0.644392934681292,"FASLG",1
"GO:0072657","protein localization to membrane","1/39","257/8855",0.00389105058365759,0.883468023545845,-0.126089587887402,0.683730997427501,0.725578304278937,0.645116377268323,"SKAP1",1
"GO:0006401","RNA catabolic process","1/39","258/8855",0.00387596899224806,0.880043728880938,-0.130054570235219,0.685165574201207,0.726383621564396,0.645832390091037,"DCAF12",1
"GO:1903530","regulation of secretion by cell","1/39","259/8855",0.00386100386100386,0.876645876645877,-0.134005190795895,0.686593809935318,0.727180636138391,0.646541020919128,"GDF9",1
"GO:0030003","intracellular monoatomic cation homeostasis","1/39","261/8855",0.00383141762452107,0.869928283721387,-0.141863843289305,0.689431367346081,0.729467243993147,0.648574058796355,"FASLG",1
"GO:0007015","actin filament organization","1/39","263/8855",0.00380228136882129,0.863312859510578,-0.149666523125057,0.692243886642035,0.731722889026733,0.650579567428419,"ACTR2",1
"GO:0009314","response to radiation","1/39","265/8855",0.00377358490566038,0.856797290759555,-0.15741418350593,0.695031582991157,0.733227626806176,0.651917439549579,"RNF8",1
"GO:0090066","regulation of anatomical structure size","1/39","265/8855",0.00377358490566038,0.856797290759555,-0.15741418350593,0.695031582991157,0.733227626806176,0.651917439549579,"RTN4",1
"GO:0006873","intracellular monoatomic ion homeostasis","1/39","266/8855",0.0037593984962406,0.85357624831309,-0.161267672761095,0.696416189308193,0.733968042653243,0.652575748082394,"FASLG",1
"GO:1903829","positive regulation of protein localization","1/39","267/8855",0.00374531835205993,0.850379333525401,-0.165107753884348,0.697794669761911,0.734700558270376,0.653227032469524,"RTN4",1
"GO:0000280","nuclear division","1/39","270/8855",0.0037037037037037,0.840930674264008,-0.176548667509229,0.701893619313216,0.738293190569186,0.656421265152333,"ACTR2",1
"GO:0043254","regulation of protein-containing complex assembly","1/39","275/8855",0.00363636363636364,0.825641025641026,-0.195358935540757,0.708605126263859,0.744624155164857,0.662050166844249,"SKAP1",1
"GO:0141188","nucleic acid catabolic process","1/39","279/8855",0.003584229390681,0.813803878320007,-0.210182531144087,0.713868114799749,0.749422093173565,0.666316044652726,"DCAF12",1
"GO:0007059","chromosome segregation","1/39","282/8855",0.00354609929078014,0.805146390252773,-0.221173387454939,0.717754459153308,0.752644911431408,0.669181473272674,"ACTR2",1
"GO:0003013","circulatory system process","1/39","283/8855",0.00353356890459364,0.80230135000453,-0.224813357590694,0.719038440967494,0.752644911431408,0.669181473272674,"SCN4B",1
"GO:0051046","regulation of secretion","1/39","283/8855",0.00353356890459364,0.80230135000453,-0.224813357590694,0.719038440967494,0.752644911431408,0.669181473272674,"GDF9",1
"GO:0009617","response to bacterium","1/39","284/8855",0.00352112676056338,0.799476345250993,-0.228441659036614,0.720316730841767,0.753249499664299,0.669719016592591,"FASLG",1
"GO:0042110","T cell activation","1/39","287/8855",0.00348432055749129,0.791119449656035,-0.239257463429808,0.724117694023799,0.755753903956877,0.671945698695564,"DCAF12",1
"GO:1903131","mononuclear cell differentiation","1/39","287/8855",0.00348432055749129,0.791119449656035,-0.239257463429808,0.724117694023799,0.755753903956877,0.671945698695564,"HHEX",1
"GO:0022411","cellular component disassembly","1/39","290/8855",0.00344827586206897,0.782935455349248,-0.2499714897168,0.727868308147984,0.758931553112593,0.674770967173791,"ELP6",1
"GO:0044772","mitotic cell cycle phase transition","1/39","294/8855",0.00340136054421769,0.772283272283272,-0.26410256712323,0.732791927844969,0.763324924838509,0.678677142475756,"ACVR1B",1
"GO:0055080","monoatomic cation homeostasis","1/39","295/8855",0.00338983050847458,0.769665362885702,-0.267608342521343,0.734009205594536,0.76385275509596,0.679146439781769,"FASLG",1
"GO:0050801","monoatomic ion homeostasis","1/39","298/8855",0.00335570469798658,0.761917053863363,-0.278062181514609,0.737628709367564,0.766136099101576,0.681176575749553,"FASLG",1
"GO:0070201","regulation of establishment of protein localization","1/39","298/8855",0.00335570469798658,0.761917053863363,-0.278062181514609,0.737628709367564,0.766136099101576,0.681176575749553,"PARL",1
"GO:0048285","organelle fission","1/39","301/8855",0.00332225913621262,0.754323196183661,-0.288422442169212,0.741200206406166,0.769102530778599,0.683814049397276,"ACTR2",1
"GO:0010638","positive regulation of organelle organization","1/39","309/8855",0.00323624595469256,0.73479379304622,-0.315607816950382,0.750494190759538,0.777995424364999,0.691720778774462,"MSTO1",1
"GO:0072594","establishment of protein localization to organelle","1/39","314/8855",0.00318471337579618,0.723093254940389,-0.332284642347735,0.756136921043797,0.783089778537651,0.696250202117197,"PARL",1
"GO:0031667","response to nutrient levels","1/39","317/8855",0.00315457413249211,0.716250101108145,-0.342179149808647,0.75946266818347,0.785777062846228,0.698639484028763,"ALDH1A2",1
"GO:0007610","behavior","1/39","319/8855",0.00313479623824451,0.711759504862953,-0.348730076486257,0.76165523731612,0.787287865495028,0.699982748464613,"ELP6",1
"GO:0071396","cellular response to lipid","1/39","320/8855",0.003125,0.709535256410256,-0.351992105800901,0.762744207061278,0.787656121605067,0.70031016736098,"ALDH1A2",1
"GO:0060341","regulation of cellular localization","1/39","324/8855",0.00308641975308642,0.700775561886673,-0.364952099019534,0.7670518120903,0.790924813694021,0.703216382701759,"HHEX",1
"GO:0043161","proteasome-mediated ubiquitin-dependent protein catabolic process","1/39","325/8855",0.00307692307692308,0.69861932938856,-0.368170367816112,0.768116749299124,0.790924813694021,0.703216382701759,"DCAF12",1
"GO:0072521","purine-containing compound metabolic process","1/39","325/8855",0.00307692307692308,0.69861932938856,-0.368170367816112,0.768116749299124,0.790924813694021,0.703216382701759,"DIP2A",1
"GO:0050790","regulation of catalytic activity","1/39","330/8855",0.00303030303030303,0.688034188034188,-0.384134266931924,0.773370683382734,0.795572712570755,0.707348859744671,"CDK5RAP1",1
"GO:0002521","leukocyte differentiation","1/39","339/8855",0.00294985250737463,0.669767793661599,-0.412351634558897,0.782536981030581,0.802697762030414,0.713683787440505,"HHEX",1
"GO:0007268","chemical synaptic transmission","1/39","339/8855",0.00294985250737463,0.669767793661599,-0.412351634558897,0.782536981030581,0.802697762030414,0.713683787440505,"RTN4",1
"GO:0098916","anterograde trans-synaptic signaling","1/39","339/8855",0.00294985250737463,0.669767793661599,-0.412351634558897,0.782536981030581,0.802697762030414,0.713683787440505,"RTN4",1
"GO:0099537","trans-synaptic signaling","1/39","343/8855",0.00291545189504373,0.661957090528519,-0.424687379382727,0.786493979273536,0.805987633669258,0.716608833656486,"RTN4",1
"GO:0044770","cell cycle phase transition","1/39","357/8855",0.00280112044817927,0.635997988939165,-0.466923572090049,0.79979864468639,0.818841469559875,0.728037262531571,"ACVR1B",1
"GO:0099536","synaptic signaling","1/39","358/8855",0.00279329608938547,0.634221458243805,-0.469886751217075,0.800717431795972,0.819002130523949,0.72818010723696,"RTN4",1
"GO:0009896","positive regulation of catabolic process","1/39","368/8855",0.00271739130434783,0.61698717948718,-0.499144616135207,0.809682237308003,0.827384415500098,0.735632851186379,"DCAF12",1
"GO:0032870","cellular response to hormone stimulus","1/39","370/8855",0.0027027027027027,0.613652113652114,-0.504916718362583,0.811427441536195,0.828380341549297,0.736518335497441,"ALDH1A2",1
"GO:0051276","chromosome organization","1/39","379/8855",0.00263852242744063,0.599079899871456,-0.530576771403736,0.819089800222496,0.833827211400742,0.741361182817012,"HHEX",1
"GO:0061061","muscle structure development","1/39","379/8855",0.00263852242744063,0.599079899871456,-0.530576771403736,0.819089800222496,0.833827211400742,0.741361182817012,"ATP11A",1
"GO:0090407","organophosphate biosynthetic process","1/39","379/8855",0.00263852242744063,0.599079899871456,-0.530576771403736,0.819089800222496,0.833827211400742,0.741361182817012,"DIP2A",1
"GO:0034655","nucleobase-containing compound catabolic process","1/39","385/8855",0.0025974025974026,0.58974358974359,-0.547406949736561,0.824028593460335,0.838061246896746,0.745125691243325,"DCAF12",1
"GO:0006753","nucleoside phosphate metabolic process","1/39","386/8855",0.00259067357512953,0.588215756609539,-0.550191126933007,0.824838851412525,0.838092405735789,0.745153394769249,"DIP2A",1
"GO:0030155","regulation of cell adhesion","1/39","389/8855",0.0025706940874036,0.583679388306638,-0.558508584983738,0.827247875209534,0.839746426676345,0.746623995517377,"SKAP1",1
"GO:0001817","regulation of cytokine production","1/39","394/8855",0.00253807106598985,0.576272289470259,-0.572256061395649,0.831191359721315,0.842953501604163,0.74947542664047,"RTN4",1
"GO:0001816","cytokine production","1/39","396/8855",0.00252525252525253,0.573361823361823,-0.577715562416048,0.832744072462017,0.843732212909206,0.750167783913399,"RTN4",1
"GO:0055086","nucleobase-containing small molecule metabolic process","1/39","400/8855",0.0025,0.567628205128205,-0.588568231460274,0.835807862365686,0.846039032055662,0.75221879178119,"DIP2A",1
"GO:0006897","endocytosis","1/39","409/8855",0.00244498777506112,0.55513760892734,-0.612672064798762,0.842502807673172,0.851806168345822,0.75734639006904,"GPR107",1
"GO:0010498","proteasomal protein catabolic process","1/39","410/8855",0.0024390243902439,0.553783614759225,-0.615324045508642,0.843230062054033,0.851806168345822,0.75734639006904,"DCAF12",1
"GO:0008610","lipid biosynthetic process","1/39","411/8855",0.0024330900243309,0.552436209370516,-0.617970884091334,0.84395404400547,0.851806168345822,0.75734639006904,"ALDH1A2",1
"GO:0030036","actin cytoskeleton organization","1/39","412/8855",0.00242718446601942,0.551095344784665,-0.620612607832345,0.844674767866648,0.851806168345822,0.75734639006904,"ACTR2",1
"GO:0051668","localization within membrane","1/39","414/8855",0.00241545893719807,0.548433048433048,-0.625880818861287,0.846106498369425,0.852450314664604,0.757919104739741,"SKAP1",1
"GO:0098609","cell-cell adhesion","1/39","418/8855",0.00239234449760766,0.543184885290148,-0.636357039848161,0.848931486459503,0.85449564414229,0.759737620446706,"SKAP1",1
"GO:0032940","secretion by cell","1/39","422/8855",0.0023696682464455,0.538036213391664,-0.646754381244199,0.851705922738876,0.856486311453968,0.761507535667274,"GDF9",1
"GO:1902532","negative regulation of intracellular signal transduction","1/39","459/8855",0.00217864923747277,0.49466510250824,-0.739461709129269,0.87512428882571,0.879213654661345,0.781714563948593,"PARL",1
"GO:0097435","supramolecular fiber organization","1/39","464/8855",0.0021551724137931,0.48933465959328,-0.751544643818173,0.877998429566315,0.880768587363274,0.783097064700958,"ACTR2",1
"GO:0043066","negative regulation of apoptotic process","1/39","465/8855",0.0021505376344086,0.488282326992004,-0.7539493721945,0.878565472975553,0.880768587363274,0.783097064700958,"PARL",1
"GO:0140352","export from cell","1/39","466/8855",0.00214592274678112,0.487234510839661,-0.756350190720095,0.879129948130971,0.880768587363274,0.783097064700958,"GDF9",1
"GO:0043069","negative regulation of programmed cell death","1/39","480/8855",0.00208333333333333,0.473023504273504,-0.789561071237312,0.886769189388193,0.887594859024495,0.789166347117984,"PARL",1
"GO:0046903","secretion","1/39","488/8855",0.00204918032786885,0.465269020596889,-0.808214510828011,0.890921051877564,0.890921051877564,0.792123686761154,"GDF9",1
