gene_id,Gene,chr,start,end,strand
ENSG00000136997.22,MYC,chr8,127735433,127742951,+
ENSG00000204822.9,MRPL53,chr2,74471956,74472699,-
ENSG00000293564.1,ENSG00000293564,chr1,179882315,179882393,+
ENSG00000221821.4,PEX39,chr6,42890264,42890821,-
ENSG00000214309.7,MBLAC1,chr7,100126693,100128498,+
ENSG00000276966.3,H4C5,chr6,26204609,26205021,+
ENSG00000197061.5,H4C3,chr6,26103932,26104337,+
ENSG00000277157.2,H4C4,chr6,26188709,26189112,-
ENSG00000253293.7,HOXA10,chr7,27170591,27180261,-
ENSG00000278463.2,H2AC4,chr6,26033091,26033618,-
ENSG00000257184.4,HOXA10-HOXA9,chr7,27162437,27180239,-
ENSG00000146066.4,HIGD2A,chr5,176388731,176389768,+
ENSG00000273983.2,H3C8,chr6,26270917,26271413,-
ENSG00000274997.2,H2AC12,chr6,27147105,27147562,+
ENSG00000078399.20,HOXA9,chr7,27162437,27175180,-
ENSG00000197956.12,S100A6,chr1,153532725,153536549,-
ENSG00000196747.5,H2AC13,chr6,27808172,27808667,+
ENSG00000106211.12,HSPB1,chr7,76302665,76305813,+
ENSG00000122592.9,HOXA7,chr7,27153715,27157936,-
ENSG00000177721.5,ANXA2R,chr5,43039232,43043170,-
ENSG00000169564.7,PCBP1,chr2,70087476,70089203,+
ENSG00000184357.5,H1-5,chr6,27866791,27867588,-
ENSG00000160813.9,PPP1R35,chr7,100435260,100436546,-
ENSG00000277224.3,H2BC7,chr6,26199515,26199988,+
ENSG00000276368.2,H2AC14,chr6,27814301,27814777,-
ENSG00000197238.5,H4C11,chr6,27824091,27824480,+
ENSG00000184260.6,H2AC20,chr1,149886917,149887411,+
ENSG00000128564.10,VGF,chr7,101162508,101167245,-
ENSG00000184270.6,H2AC21,chr1,149887468,149887965,-
ENSG00000106366.11,SERPINE1,chr7,101122157,101139263,+
ENSG00000275714.3,H3C1,chr6,26020450,26021487,+
ENSG00000288634.1,ENSG00000288634,chr7,112450486,112450645,+
ENSG00000146834.17,MEPCE,chr7,100428321,100435138,+
ENSG00000198841.4,KTI12,chr1,52032102,52033810,-
ENSG00000106268.18,NUDT1,chr7,2242202,2251824,+
ENSG00000278705.4,H4C2,chr6,26025801,26027283,-
ENSG00000168090.12,COPS6,chr7,100088947,100095185,+
ENSG00000233276.10,GPX1,chr3,49357173,49358605,-
ENSG00000106004.6,HOXA5,chr7,27141051,27143719,-
ENSG00000131435.15,PDLIM4,chr5,132257639,132273712,+
ENSG00000155876.6,RRAGA,chr9,19049426,19051025,+
ENSG00000273703.2,H2BC14,chr6,27815021,27815489,+
ENSG00000273542.3,H4C12,chr6,27830917,27831560,-
ENSG00000136634.7,IL10,chr1,206767601,206774541,-
ENSG00000115738.12,ID2,chr2,8678844,8684461,+
ENSG00000188015.12,S100A3,chr1,153547328,153550151,-
ENSG00000184924.8,PTRHD1,chr2,24788910,24793395,-
ENSG00000175793.12,SFN,chr1,26863148,26864456,+
ENSG00000187837.5,H1-2,chr6,26054759,26056470,-
ENSG00000182795.15,C1orf116,chr1,207018049,207032821,-
ENSG00000106006.7,HOXA6,chr7,27144102,27150603,-
ENSG00000203852.4,H3C15,chr1,149852607,149853125,+
ENSG00000134107.7,BHLHE40,chr3,4978714,4985323,+
ENSG00000288825.1,H2AC18,chr1,149842217,149842750,-
ENSG00000184292.7,TACSTD2,chr1,58575432,58577252,-
ENSG00000105997.25,HOXA3,chr7,27106183,27152610,-
ENSG00000278588.2,H2BC10,chr6,26272930,26273412,+
ENSG00000164400.7,CSF2,chr5,132073783,132076170,+
ENSG00000204335.5,SP5,chr2,170715286,170718078,+
ENSG00000274641.2,H2BC17,chr6,27893424,27893891,+
ENSG00000170458.17,CD14,chr5,140630401,140633711,-
ENSG00000247626.5,MARS2,chr2,197705368,197708395,+
ENSG00000288570.1,ENSG00000288570,chr9,130713625,130713724,+
ENSG00000115289.16,PCGF1,chr2,74505040,74508361,-
ENSG00000159450.13,TCHH,chr1,152106316,152115444,-
ENSG00000188784.4,PLA2G2E,chr1,19920008,19923617,-
ENSG00000188396.6,DYNLT4,chr1,44805884,44807417,-
ENSG00000278828.2,H3C10,chr6,27810050,27811300,+
ENSG00000135925.11,WNT10A,chr2,218880851,218899581,+
ENSG00000276903.2,H2AC16,chr6,27865316,27865798,+
ENSG00000196154.14,S100A4,chr1,153543612,153552135,-
ENSG00000166997.10,CNPY4,chr7,100119613,100125511,+
ENSG00000176532.6,PRR15,chr7,29563774,29568145,+
ENSG00000273802.4,H2BC8,chr6,26214569,26217252,-
ENSG00000163825.6,RTP3,chr3,46494610,46501506,+
ENSG00000168209.8,DDIT4,chr10,72273918,72276039,+
ENSG00000179528.17,LBX2,chr2,74497454,74503316,-
ENSG00000184678.11,H2BC21,chr1,149884458,149886682,-
ENSG00000223658.8,C1GALT1C1L,chr2,43675150,43676429,-
ENSG00000289763.1,ENSG00000289763,chr3,10249041,10249366,+
ENSG00000005073.7,HOXA11,chr7,27181156,27185253,-
ENSG00000277075.4,H2AC8,chr6,26216920,26218515,+
ENSG00000188483.8,IER5L,chr9,129175551,129178261,-
ENSG00000274049.4,INO80B-WBP1,chr2,74455087,74460884,+
ENSG00000115274.16,INO80B,chr2,74455077,74457958,+
ENSG00000114315.6,HES1,chr3,194136138,194138732,+
ENSG00000288859.2,H2AC19,chr1,149851060,149851652,+
ENSG00000169976.7,SF3B5,chr6,144094883,144095573,-
ENSG00000117394.26,SLC2A1,chr1,42925352,42958904,-
ENSG00000131188.14,PRR7,chr5,177446444,177456291,+
ENSG00000179041.4,RRS1,chr8,66429013,66430733,+
ENSG00000176714.12,CCDC121,chr2,27625534,27629018,-
ENSG00000135211.8,TMEM60,chr7,77793727,77799723,-
ENSG00000203811.2,H3C14,chr1,149840686,149841208,-
ENSG00000158525.16,CPA5,chr7,130344815,130368730,+
ENSG00000178826.13,TMEM139,chr7,143279936,143288240,+
ENSG00000115317.15,HTRA2,chr2,74529273,74533966,+
ENSG00000225556.3,C2CD4D,chr1,151837817,151840557,-
ENSG00000117407.19,ARTN,chr1,43933271,43937244,+
ENSG00000167011.10,NAT16,chr7,101170495,101180301,-
ENSG00000278637.3,H4C1,chr6,26021648,26022847,+
ENSG00000115661.16,STK16,chr2,219245211,219250339,+
ENSG00000171604.14,CXXC5,chr5,139646374,139683882,+
ENSG00000196866.3,H2AC7,chr6,26198783,26199293,-
ENSG00000277775.2,H3C7,chr6,26250141,26250635,-
ENSG00000188643.13,S100A16,chr1,153606881,153614012,-
ENSG00000189143.10,CLDN4,chr7,73799541,73832690,+
ENSG00000278677.2,H2AC17,chr6,27892698,27893185,-
ENSG00000186577.16,SMIM29,chr6,34245864,34249113,-
ENSG00000275221.3,H2AC15,chr6,27835507,27838375,-
ENSG00000105991.11,HOXA1,chr7,27092992,27096039,-
ENSG00000130222.13,GADD45G,chr9,89604938,89609775,+
ENSG00000168672.6,LRATD2,chr8,126552438,126558484,-
ENSG00000136908.20,DPM2,chr9,127935089,127937879,-
ENSG00000239779.9,WBP1,chr2,74458262,74461077,+
ENSG00000143570.21,SLC39A1,chr1,153959098,153968667,-
ENSG00000275126.2,H4C13,chr6,27873147,27873534,-
ENSG00000284733.2,OR4F29,chr1,450739,451678,-
ENSG00000196196.3,HRCT1,chr9,35906201,35907136,+
ENSG00000293584.1,ENSG00000293584,chr2,111121152,111123765,+
ENSG00000284042.1,TAF11L6,chr5,17528668,17529265,+
ENSG00000152518.10,ZFP36L2,chr2,43221824,43226612,-
ENSG00000284662.2,OR4F16,chr1,685715,686654,-
ENSG00000183891.8,TTC32,chr2,19896630,19902282,-
ENSG00000276180.3,H4C9,chr6,27139281,27140640,+
ENSG00000168298.7,H1-4,chr6,26156328,26157115,+
ENSG00000165802.25,NSMF,chr9,137447569,137459576,-
ENSG00000145040.4,UCN2,chr3,48561717,48563781,-
ENSG00000164032.14,H2AZ1,chr4,99948050,99950540,-
ENSG00000159884.13,CCDC107,chr9,35658276,35661524,+
ENSG00000272031.4,ANKRD34A,chr1,145959440,145964575,-
ENSG00000173080.6,RXFP4,chr1,155941637,155943087,+
ENSG00000121966.8,CXCR4,chr2,136114348,136119177,-
ENSG00000160050.18,CCDC28B,chr1,32200382,32205453,+
ENSG00000179010.18,MRFAP1,chr4,6640090,6642731,+
ENSG00000164620.11,RELL2,chr5,141636949,141641065,+
ENSG00000054148.20,PHPT1,chr9,136847993,136851043,+
ENSG00000163874.13,ZC3H12A,chr1,37474495,37484379,+
ENSG00000050344.11,NFE2L3,chr7,26152189,26190901,+
ENSG00000186603.7,HPDL,chr1,45326894,45328710,+
ENSG00000187514.19,PTMA,chr2,231706894,231713552,+
ENSG00000169241.21,SLC50A1,chr1,155135343,155138857,+
ENSG00000005448.19,WDR54,chr2,74421476,74425770,+
ENSG00000168264.14,IRF2BP2,chr1,234602294,234610189,-
ENSG00000157778.11,PSMG3,chr7,1567331,1571078,-
ENSG00000215717.9,TMEM167B,chr1,109090361,109096935,+
ENSG00000128524.6,ATP6V1F,chr7,128862815,128865849,+
ENSG00000169228.16,RAB24,chr5,177301197,177303766,-
ENSG00000196787.5,H2AC11,chr6,27133042,27135292,+
ENSG00000287080.2,H3C3,chr6,26045383,26045869,+
ENSG00000187186.17,ENSG00000187186,chr9,34664162,34666122,-
ENSG00000148229.15,POLE3,chr9,113407231,113410723,-
ENSG00000106003.14,LFNG,chr7,2512528,2529177,+
ENSG00000164967.12,RPP25L,chr9,34610485,34612605,-
ENSG00000138085.20,ATRAID,chr2,27212011,27217178,+
ENSG00000204628.14,RACK1,chr5,181235390,181248096,-
ENSG00000233198.5,RNF224,chr9,137226907,137229640,+
ENSG00000282988.2,ENSG00000282988,chr6,26195594,26199293,-
ENSG00000284234.1,TAF11L5,chr5,17525234,17525831,+
ENSG00000230178.1,OR4F3,chr5,181367267,181368262,+
ENSG00000284356.1,TAF11L10,chr5,17597231,17597828,-
ENSG00000284976.2,ENSG00000284976,chr9,137217493,137219361,+
ENSG00000169230.12,PRELID1,chr5,177303786,177306958,+
ENSG00000283988.1,TAF11L9,chr5,17593797,17594394,-
ENSG00000213347.13,MXD3,chr5,177301460,177312757,-
ENSG00000124762.17,CDKN1A,chr6,36676440,36688042,+
ENSG00000217236.3,SP9,chr2,174334947,174338707,+
ENSG00000137133.13,HINT2,chr9,35812959,35815354,-
ENSG00000284283.1,TAF11L4,chr5,17521800,17522397,+
ENSG00000244187.10,TMEM141,chr9,136791302,136793317,+
ENSG00000106333.15,PCOLCE,chr7,100602320,100608175,+
ENSG00000075618.20,FSCN1,chr7,5592805,5606656,+
ENSG00000157593.21,SLC35B2,chr6,44253871,44257890,-
ENSG00000176410.8,DNAJC30,chr7,73680917,73683453,-
ENSG00000034510.8,TMSB10,chr2,84904922,84906680,+
ENSG00000187678.12,SPRY4,chr5,142310419,142326455,-
ENSG00000214022.14,REPIN1,chr7,150368066,150374045,+
ENSG00000158050.8,DUSP2,chr2,96143165,96145447,-
ENSG00000275713.3,H2BC9,chr6,26251613,26252075,+
ENSG00000198755.13,RPL10A,chr6,35468365,35470786,+
ENSG00000213689.14,TREX1,chr3,48465810,48467645,+
ENSG00000176101.14,SSNA1,chr9,137188639,137190371,+
ENSG00000077454.19,LRCH4,chr7,100574010,100586236,-
ENSG00000185130.7,H2BC13,chr6,27805408,27807936,-
ENSG00000198517.12,MAFK,chr7,1530686,1543049,+
ENSG00000172936.20,MYD88,chr3,38138551,38143024,+
ENSG00000159377.13,PSMB4,chr1,151399555,151401941,+
ENSG00000176402.6,GJC3,chr7,99923265,99929620,-
ENSG00000160789.27,LMNA,chr1,156082571,156140085,+
ENSG00000188060.9,RAB42,chr1,28592199,28596280,+
ENSG00000127377.11,CRYGN,chr7,151428292,151440813,-
ENSG00000189433.9,GJB4,chr1,34759739,34763724,+
ENSG00000164442.13,CITED2,chr6,139370965,139375909,-
ENSG00000135637.17,CCDC142,chr2,74471956,74483408,-
ENSG00000197409.9,H3C4,chr6,26195163,26197286,-
ENSG00000136710.12,VMA22,chr2,130337921,130342699,-
ENSG00000142684.10,ZNF593,chr1,26169891,26170873,+
ENSG00000107175.14,CREB3,chr9,35732295,35738887,+
ENSG00000115828.19,QPCT,chr2,37342826,37373323,+
ENSG00000137309.23,HMGA1,chr6,34235617,34246236,+
ENSG00000115325.16,DOK1,chr2,74548874,74557554,+
ENSG00000115307.19,AUP1,chr2,74526635,74529966,-
ENSG00000114383.12,TUSC2,chr3,50320026,50328251,-
ENSG00000197153.5,H3C12,chr6,27890314,27893106,-
ENSG00000106290.18,TAF6,chr7,100106875,100127187,-
ENSG00000198885.12,ITPRIPL1,chr2,96324976,96330517,+
ENSG00000124659.7,TBCC,chr6,42744497,42746103,-
ENSG00000164405.13,UQCRQ,chr5,132866622,132868847,+
ENSG00000164897.16,TMUB1,chr7,151081081,151083533,-
ENSG00000176125.7,UFSP1,chr7,100888720,100889715,-
ENSG00000166508.21,MCM7,chr7,100092232,100101940,-
ENSG00000142871.20,CCN1,chr1,85580115,85584589,+
ENSG00000087085.18,ACHE,chr7,100889992,100897022,-
ENSG00000173334.5,TRIB1,chr8,125430151,125438957,+
ENSG00000183718.8,TRIM52,chr5,181254076,181262068,-
ENSG00000168875.3,SOX14,chr3,137764314,137766334,+
ENSG00000197576.16,HOXA4,chr7,27127886,27130780,-
ENSG00000172354.12,GNB2,chr7,100673476,100679174,+
ENSG00000164898.14,FMC1,chr7,139339456,139347031,+
ENSG00000198142.5,SOWAHC,chr2,109614363,109618990,+
ENSG00000187608.11,ISG15,chr1,1001137,1014540,+
ENSG00000171421.15,MRPL36,chr5,1793018,1802029,-
ENSG00000162783.11,IER5,chr1,181088699,181092900,+
ENSG00000068001.16,HYAL2,chr3,50313395,50324687,-
ENSG00000142669.17,SH3BGRL3,chr1,26279127,26281522,+
ENSG00000117410.16,ATP6V0B,chr1,43974486,43978299,+
ENSG00000281406.4,BLACAT1,chr1,205434851,205457390,-
ENSG00000155366.19,RHOC,chr1,112699764,112707897,-
ENSG00000123989.17,CHPF,chr2,219538948,219543818,-
ENSG00000136802.14,LRRC8A,chr9,128882119,128918042,+
ENSG00000158604.18,TMED4,chr7,44576391,44582309,-
ENSG00000122566.25,HNRNPA2B1,chr7,26169260,26201529,-
ENSG00000164850.18,GPER1,chr7,1082207,1094516,+
ENSG00000134222.18,PSRC1,chr1,109279052,109284107,-
ENSG00000146826.19,TRAPPC14,chr7,100154419,100158737,-
ENSG00000174721.11,FGFBP3,chr10,91906495,91909506,-
ENSG00000165171.13,METTL27,chr7,73832678,73842540,-
ENSG00000289761.1,ENSG00000289761,chr4,41143021,41143099,-
ENSG00000105808.21,RASA4,chr7,102579645,102616779,-
ENSG00000116586.14,LAMTOR2,chr1,156053915,156058817,+
ENSG00000143320.11,CRABP2,chr1,156699591,156708094,-
ENSG00000143314.14,MRPL24,chr1,156737291,156741590,-
ENSG00000126088.16,UROD,chr1,45010949,45015577,+
ENSG00000170667.18,RASA4B,chr7,102479975,102517800,-
ENSG00000115129.16,TP53I3,chr2,24077432,24085861,-
ENSG00000197461.15,PDGFA,chr7,497257,520705,-
ENSG00000160691.21,SHC1,chr1,154962283,154974452,-
ENSG00000152669.10,CCNO,chr5,55231151,55233649,-
ENSG00000143947.17,RPS27A,chr2,55229446,55236649,+
ENSG00000214253.11,FIS1,chr7,101239457,101252321,-
ENSG00000106330.14,MOSPD3,chr7,100612101,100616004,+
ENSG00000183598.4,H3C13,chr1,149813224,149813693,-
ENSG00000253368.6,TRNP1,chr1,26993648,27002812,+
ENSG00000144579.11,CTDSP1,chr2,218397135,218405942,+
ENSG00000176269.4,OR4F21,chr8,166085,167024,-
ENSG00000143878.10,RHOB,chr2,20447073,20449440,+
ENSG00000164104.14,HMGB2,chr4,173331375,173335152,-
ENSG00000175283.8,DOLK,chr9,128945529,128947603,-
ENSG00000162892.16,IL24,chr1,206897442,206904139,+
ENSG00000228672.4,PROB1,chr5,139390591,139395104,-
ENSG00000143578.18,CREB3L4,chr1,153963718,153974366,+
ENSG00000125347.17,IRF1,chr5,132440439,132508719,-
ENSG00000106351.15,AGFG2,chr7,100539168,100569429,+
ENSG00000183386.13,FHL3,chr1,37994393,38006380,-
ENSG00000137285.12,TUBB2B,chr6,3223323,3231730,-
ENSG00000062582.16,MRPS24,chr7,43866555,43869893,-
ENSG00000176087.18,SLC35A4,chr5,140564439,140569215,+
ENSG00000293600.3,ENSG00000293600,chr5,140564439,140569215,+
ENSG00000270276.3,H4C15,chr1,149854044,149861159,-
ENSG00000163121.12,NEURL3,chr2,96497643,96508153,-
ENSG00000178896.11,EXOSC4,chr8,144078559,144081408,+
ENSG00000167106.14,EEIG1,chr9,127939490,127981075,-
ENSG00000148335.17,NTMT1,chr9,129587809,129636744,+
ENSG00000143409.20,MINDY1,chr1,150995124,151008376,-
ENSG00000189266.15,PNRC2,chr1,23956838,23963776,+
ENSG00000310560.3,PAXX,chr9,136992399,136994074,+
ENSG00000188186.12,LAMTOR4,chr7,100148887,100155945,+
ENSG00000197958.15,RPL12,chr9,127447421,127452094,-
ENSG00000142937.14,RPS8,chr1,44775250,44779124,+
ENSG00000153234.18,NR4A2,chr2,156324431,156342348,-
ENSG00000133048.15,CHI3L1,chr1,203176895,203186800,-
ENSG00000162511.10,LAPTM5,chr1,30732458,30757855,-
ENSG00000173207.15,CKS1B,chr1,154974640,154979256,+
ENSG00000270882.3,H4C14,chr1,149832656,149839767,+
ENSG00000178149.19,DALRD3,chr3,49015473,49022293,-
ENSG00000078579.10,FGF20,chr8,16992165,17002352,-
ENSG00000119335.20,SET,chr9,128683423,128696400,+
ENSG00000270170.2,NCBP2AS2,chr3,196942673,196943543,+
ENSG00000172215.8,CXCR6,chr3,45940914,45948640,+
ENSG00000106538.12,RARRES2,chr7,150338313,150342144,-
ENSG00000291317.3,TMEM276,chr8,144463816,144466890,-
ENSG00000197355.13,UAP1L1,chr9,137077469,137084544,+
ENSG00000179774.9,ATOH7,chr10,68230594,68232113,-
ENSG00000285779.1,ENSG00000285779,chr1,153959150,153975887,-
ENSG00000158246.9,TENT5B,chr1,27000132,27012884,-
ENSG00000170469.13,SPATA24,chr5,139396562,139404094,-
ENSG00000184492.7,FOXD4L1,chr2,113498664,113501150,+
ENSG00000138435.16,CHRNA1,chr2,174747591,174787935,-
ENSG00000169242.14,EFNA1,chr1,155127451,155134899,+
ENSG00000012171.22,SEMA3B,chr3,50267506,50277573,+
ENSG00000106336.15,FBXO24,chr7,100583981,100601117,+
ENSG00000162543.8,UBXN10,chr1,20183292,20196050,+
ENSG00000147571.7,CRH,chr8,66175906,66178632,-
ENSG00000118960.15,HS1BP3,chr2,20560447,20651158,-
ENSG00000048162.24,NOP16,chr5,176383932,176389007,-
ENSG00000142627.15,EPHA2,chr1,16124336,16156141,-
ENSG00000168899.7,VAMP5,chr2,85584396,85593421,+
ENSG00000188042.9,ARL4C,chr2,234493040,234497095,-
ENSG00000177954.16,RPS27,chr1,153990748,153992344,+
ENSG00000095739.13,BAMBI,chr10,28677509,28684890,+
ENSG00000143543.17,JTB,chr1,153974268,153978011,-
ENSG00000179085.10,DPM3,chr1,155138456,155140595,-
ENSG00000198055.13,GRK6,chr5,177403203,177442901,+
ENSG00000143590.16,EFNA3,chr1,155078822,155087538,+
ENSG00000143443.11,C1orf56,chr1,151047745,151051986,+
ENSG00000168894.12,RNF181,chr2,85595619,85598589,+
ENSG00000271810.5,ENSG00000271810,chr1,112702613,112711433,-
ENSG00000197070.16,ARRDC1,chr9,137605618,137617859,+
ENSG00000138135.7,CH25H,chr10,89205628,89207317,-
ENSG00000144063.6,MALL,chr2,110083869,110116075,-
ENSG00000180667.11,YOD1,chr1,207043848,207052980,-
ENSG00000178403.4,NEUROG2,chr4,112513515,112516180,-
ENSG00000197191.7,CYSRT1,chr9,137225173,137226315,+
ENSG00000283967.1,TAF11L8,chr5,17590363,17590960,-
ENSG00000135245.12,HILPDA,chr7,128455824,128458423,+
ENSG00000075426.14,FOSL2,chr2,28392447,28417317,+
ENSG00000069812.13,HES2,chr1,6412417,6424690,-
ENSG00000136918.10,WDR38,chr9,124853265,124859596,+
ENSG00000215845.13,TSTD1,chr1,161037618,161039118,-
ENSG00000115844.12,DLX2,chr2,172099437,172102909,-
ENSG00000197747.11,S100A10,chr1,151981696,151993891,-
ENSG00000106244.15,PDAP1,chr7,99392047,99408831,-
ENSG00000136718.12,IMP4,chr2,130342402,130348550,+
ENSG00000189077.13,TMEM120A,chr7,75973303,75994669,-
ENSG00000106367.17,AP1S1,chr7,101154351,101161596,+
ENSG00000123975.7,CKS2,chr9,89311154,89316715,+
ENSG00000136942.17,RPL35,chr9,124857872,124862017,-
ENSG00000182154.9,MRPL41,chr9,137550423,137552555,+
ENSG00000005075.18,POLR2J,chr7,102473109,102478936,-
ENSG00000116717.14,GADD45A,chr1,67685047,67691165,+
ENSG00000019549.14,SNAI2,chr8,48917283,48921740,-
ENSG00000164690.8,SHH,chr7,155799979,155812463,-
ENSG00000143575.18,HAX1,chr1,154272325,154275882,+
ENSG00000106236.6,NPTX2,chr7,98617253,98629870,+
ENSG00000124688.16,MAD2L1BP,chr6,43629493,43640960,+
ENSG00000165655.18,ZNF503,chr10,75397829,75402399,-
ENSG00000175756.16,AURKAIP1,chr1,1373709,1375521,-
ENSG00000205236.6,ENSG00000205236,chr7,102582522,102642869,-
ENSG00000187616.6,MYMK,chr9,133514585,133528612,-
ENSG00000119403.17,PHF19,chr9,120854421,120894903,-
ENSG00000166925.11,TSC22D4,chr7,100466507,100479257,-
ENSG00000106400.14,ZNHIT1,chr7,101218116,101224195,+
ENSG00000197982.15,C1orf122,chr1,37806978,37809886,+
ENSG00000288608.1,ENSG00000288608,chr7,151061927,151061978,+
ENSG00000164896.23,FASTK,chr7,151076584,151080881,-
ENSG00000228049.9,POLR2J2,chr7,102665367,102671752,-
ENSG00000290230.1,ENSG00000290230,chr8,144078641,144084330,+
ENSG00000132467.4,UTP3,chr4,70688531,70690551,+
ENSG00000106077.21,ABHD11,chr7,73736090,73738864,-
ENSG00000186130.7,ZBTB6,chr9,122908052,122913333,-
ENSG00000006606.10,CCL26,chr7,75769532,75789896,-
ENSG00000181449.4,SOX2,chr3,181711924,181714436,+
ENSG00000256671.8,LIMS4,chr2,110445882,110473075,-
ENSG00000160401.16,CFAP157,chr9,127706978,127716002,+
ENSG00000163499.14,CRYBA2,chr2,218990188,218994270,-
ENSG00000075624.19,ACTB,chr7,5526408,5563902,-
ENSG00000286522.3,H3C2,chr6,26028849,26032102,-
ENSG00000115204.17,MPV17,chr2,27309485,27325680,-
ENSG00000187713.7,TMEM203,chr9,137204081,137205648,-
ENSG00000038274.20,MAT2B,chr5,163503108,163519588,+
ENSG00000256977.14,LIMS3,chr2,109898427,109925625,+
ENSG00000188910.10,GJB3,chr1,34781174,34786369,+
ENSG00000227268.5,KLLN,chr10,87859157,87863533,-
ENSG00000131187.13,F12,chr5,177402132,177416583,-
ENSG00000205808.7,PLPP6,chr9,4662293,4665258,+
ENSG00000106397.14,PLOD3,chr7,101205976,101219968,-
ENSG00000164051.16,CCDC51,chr3,48432163,48440456,-
ENSG00000272899.5,SPMIP1,chr7,128866329,128872047,+
ENSG00000137135.20,ARHGEF39,chr9,35658873,35675866,-
ENSG00000148444.18,COMMD3,chr10,22315979,22320430,+
ENSG00000173846.16,PLK3,chr1,44799914,44805995,+
ENSG00000117308.17,GALE,chr1,23795598,23800804,-
ENSG00000286095.4,SPEGNB,chr2,219496128,219498287,+
ENSG00000160051.14,IQCC,chr1,32205637,32208688,+
ENSG00000125611.17,CHCHD5,chr2,112584239,112589275,+
ENSG00000162244.14,RPL29,chr3,51993521,51996021,-
ENSG00000136271.13,DDX56,chr7,44565415,44575388,-
ENSG00000114388.16,NPRL2,chr3,50347329,50350826,-
ENSG00000112514.20,CUTA,chr6,33416441,33418381,-
ENSG00000113140.13,SPARC,chr5,151661095,151687352,-
ENSG00000122644.15,ARL4A,chr7,12686601,12692543,+
ENSG00000107185.12,RGP1,chr9,35748612,35759600,+
ENSG00000169962.6,TAS1R3,chr1,1331274,1335314,+
ENSG00000143384.15,MCL1,chr1,150560894,150579738,-
ENSG00000163463.15,KRTCAP2,chr1,155169181,155173475,-
ENSG00000128713.15,HOXD11,chr2,176104215,176109754,+
ENSG00000177494.8,ZBED2,chr3,111592899,111595394,-
ENSG00000116016.16,EPAS1,chr2,46293666,46386702,+
ENSG00000123689.8,G0S2,chr1,209675404,209676390,+
ENSG00000169871.15,TRIM56,chr7,101085233,101097967,+
ENSG00000146083.15,RNF44,chr5,176526699,176543514,-
ENSG00000117036.13,ETV3,chr1,157121190,157138952,-
ENSG00000198435.4,NRARP,chr9,137299630,137302271,-
ENSG00000147955.20,SIGMAR1,chr9,34631715,34637844,-
ENSG00000137193.16,PIM1,chr6,37170151,37175428,+
ENSG00000117318.11,ID3,chr1,23557439,23560586,-
ENSG00000068028.20,RASSF1,chr3,50329781,50340980,-
ENSG00000162496.12,DHRS3,chr1,12563618,12620183,-
ENSG00000179091.7,CYC1,chr8,144095038,144097525,+
ENSG00000125618.20,PAX8,chr2,113215996,113279001,-
ENSG00000164404.10,GDF9,chr5,132861180,132866884,-
ENSG00000188833.12,ENTPD8,chr9,137434361,137441881,-
ENSG00000121851.15,POLR3GL,chr1,145957025,145978849,+
ENSG00000138080.16,EMILIN1,chr2,27078043,27086408,+
ENSG00000114115.13,RBP1,chr3,139517433,139540396,-
ENSG00000067082.17,KLF6,chr10,3775995,3785281,-
ENSG00000114395.13,CYB561D2,chr3,50350833,50358460,+
ENSG00000168476.14,REEP4,chr8,22138006,22141951,-
ENSG00000310650.1,ENSG00000310650,chr8,20255054,20255279,-
ENSG00000124766.7,SOX4,chr6,21593750,21598619,+
ENSG00000126524.14,SBDS,chr7,66987678,66995693,-
ENSG00000074582.17,BCS1L,chr2,218658763,218668759,+
ENSG00000172586.9,CHCHD1,chr10,73782038,73783652,+
ENSG00000127129.12,EDN2,chr1,41478773,41500502,-
ENSG00000106031.9,HOXA13,chr7,27193502,27200091,-
ENSG00000143222.14,UFC1,chr1,161152775,161159368,+
ENSG00000180644.10,PRF1,chr10,70596400,70602788,-
ENSG00000160753.19,RUSC1,chr1,155320738,155331422,+
ENSG00000181016.11,LSMEM1,chr7,112480852,112491418,+
ENSG00000124593.16,ENSG00000124593,chr6,41780348,41790141,+
ENSG00000205208.7,C4orf46,chr4,158666674,158672255,-
ENSG00000148331.14,ASB6,chr9,129634600,129642363,-
ENSG00000196754.15,S100A2,chr1,153560949,153586676,-
ENSG00000164611.15,PTTG1,chr5,160421800,160428748,+
ENSG00000122861.18,PLAU,chr10,73909176,73917501,+
ENSG00000126062.6,TMEM115,chr3,50352819,50359566,-
ENSG00000265972.8,TXNIP,chr1,145992434,145996580,-
ENSG00000117472.12,TSPAN1,chr1,46173779,46196490,+
ENSG00000182180.16,MRPS16,chr10,73248759,73252693,-
ENSG00000163191.8,S100A11,chr1,152032503,152047907,-
ENSG00000181274.8,FRAT2,chr10,97329254,97334729,-
ENSG00000164056.13,SPRY1,chr4,123396753,123407429,+
ENSG00000185127.7,C6orf120,chr6,169702125,169706360,+
ENSG00000115649.18,CNPPD1,chr2,219170703,219182664,-
ENSG00000197093.13,GAL3ST4,chr7,100159243,100168953,-
ENSG00000162894.14,FCMR,chr1,206903266,206923247,-
ENSG00000123454.14,DBH,chr9,133634455,133659329,+
ENSG00000167103.13,PIP5KL1,chr9,127920880,127930823,-
ENSG00000167700.11,SLC33A2,chr8,144508262,144511317,+
ENSG00000174307.8,PHLDA3,chr1,201463857,201469430,-
ENSG00000106245.13,BUD31,chr7,99408609,99419618,+
ENSG00000163435.17,ELF3,chr1,202007944,202017183,+
ENSG00000078401.9,EDN1,chr6,12287458,12297194,+
ENSG00000136950.15,ARPC5L,chr9,124862108,124877750,+
ENSG00000135924.19,DNAJB2,chr2,219279307,219286900,+
ENSG00000148339.15,SLC25A25,chr9,128068168,128109245,+
ENSG00000288914.1,ENSG00000288914,chr7,105040857,105040956,+
ENSG00000148346.14,LCN2,chr9,128149070,128153454,+
ENSG00000278224.9,PRICKLE4,chr6,41780738,41787452,+
ENSG00000122515.18,ZMIZ2,chr7,44748547,44770112,+
ENSG00000143319.20,ISG20L2,chr1,156720650,156728836,-
ENSG00000105963.17,ADAP1,chr7,896337,955407,-
ENSG00000169972.15,PUSL1,chr1,1308546,1311679,+
ENSG00000258728.2,ENSG00000258728,chr9,34646630,34661886,+
ENSG00000127824.17,TUBA4A,chr2,219249709,219277902,-
ENSG00000106038.14,EVX1,chr7,27242699,27250493,+
ENSG00000164889.17,SLC4A2,chr7,151057209,151076527,+
ENSG00000288654.2,ENSG00000288654,chr3,88058138,88059047,-
ENSG00000172336.7,POP7,chr7,100695901,100708628,+
ENSG00000284465.1,TAF11L7,chr5,17585161,17585758,-
ENSG00000122565.21,CBX3,chr7,26200567,26213607,+
ENSG00000138395.17,CDK15,chr2,201790460,201895550,+
ENSG00000148204.14,CRB2,chr9,123356169,123380324,+
ENSG00000177556.14,ATOX1,chr5,151728918,151772532,-
ENSG00000142634.15,EFHD2,chr1,15409571,15430343,+
ENSG00000221829.13,FANCG,chr9,35073792,35082444,-
ENSG00000178057.17,NDUFAF3,chr3,49020458,49027593,+
ENSG00000248235.6,ENSG00000248235,chr8,22589273,22602084,+
ENSG00000197903.11,H2BC12,chr6,27135927,27146863,-
ENSG00000132436.15,FIGNL1,chr7,50439721,50450406,-
ENSG00000236782.10,ZNF593OS,chr1,26169515,26171832,-
ENSG00000248767.2,FOXL3,chr7,290169,294422,+
ENSG00000144567.13,RETREG2,chr2,219176224,219185917,+
ENSG00000072682.22,P4HA2,chr5,132190093,132295315,-
ENSG00000142910.18,TINAGL1,chr1,31576356,31587691,+
ENSG00000198715.15,GLMP,chr1,156290087,156295699,-
ENSG00000272896.1,ENSG00000272896,chr9,136791378,136800595,+
ENSG00000178096.11,BOLA1,chr1,149886405,149900798,+
ENSG00000144355.16,DLX1,chr2,172084468,172089677,+
ENSG00000160678.14,S100A1,chr1,153608922,153632044,+
ENSG00000221986.9,MYBPHL,chr1,109292362,109307213,-
ENSG00000171169.10,NAIF1,chr9,128061232,128068206,-
ENSG00000142327.15,RNPEPL1,chr2,240565803,240581372,+
ENSG00000213930.14,GALT,chr9,34637366,34651754,+
ENSG00000170498.12,KISS1,chr1,204190336,204196638,-
ENSG00000185920.19,PTCH1,chr9,95442979,95517057,-
ENSG00000146232.19,NFKBIE,chr6,44258165,44265788,-
ENSG00000138074.17,SLC5A6,chr2,27199586,27212958,-
ENSG00000163545.12,NUAK2,chr1,205302058,205321781,-
ENSG00000162775.18,RBM15,chr1,110338505,110346681,+
ENSG00000174748.24,RPL15,chr3,23916590,23924374,+
ENSG00000124575.7,H1-3,chr6,26234211,26234987,-
ENSG00000284691.3,ENSG00000284691,chr7,150400701,150412470,+
ENSG00000164096.15,ARLN,chr4,119296418,119304445,-
ENSG00000120913.26,PDLIM2,chr8,22578057,22598025,+
ENSG00000184160.8,ADRA2C,chr4,3766347,3768526,+
ENSG00000188163.8,CIMIP2A,chr9,137243583,137247770,-
ENSG00000114738.13,MAPKAPK3,chr3,50611486,50651017,+
ENSG00000176058.15,TPRN,chr9,137191616,137204193,-
ENSG00000142765.20,SYTL1,chr1,27342008,27353937,+
ENSG00000131183.13,SLC34A1,chr5,177379234,177398848,+
ENSG00000106178.9,CCL24,chr7,75810824,75823943,-
ENSG00000198113.5,TOR4A,chr9,137274853,137282641,+
ENSG00000164920.12,OSR2,chr8,98940115,98952336,+
ENSG00000167136.9,ENDOG,chr9,128818450,128822683,+
ENSG00000186193.11,SAPCD2,chr9,137062126,137070593,-
ENSG00000284439.1,TAF11L3,chr5,17518366,17518963,+
ENSG00000113758.16,DBN1,chr5,177456224,177474401,-
ENSG00000163516.16,ANKZF1,chr2,219229768,219236679,+
ENSG00000120738.9,EGR1,chr5,138465189,138471204,+
ENSG00000136830.14,NIBAN2,chr9,127505338,127579049,-
ENSG00000251246.1,EFNA4-EFNA3,chr1,155063747,155086807,+
ENSG00000240230.7,COX19,chr7,964851,975549,-
ENSG00000129055.15,ANAPC13,chr3,134476250,134486716,-
ENSG00000129071.12,MBD4,chr3,129430281,129440543,-
ENSG00000127920.7,GNG11,chr7,93921442,93928610,+
ENSG00000159214.15,CCDC24,chr1,43991351,43996529,+
ENSG00000143333.9,RGS16,chr1,182598622,182604394,-
ENSG00000196981.5,WDR5B,chr3,122411845,122416464,-
ENSG00000115718.20,PROC,chr2,127415932,127429762,+
ENSG00000115234.13,SNX17,chr2,27370495,27377535,+
ENSG00000146063.22,TRIM41,chr5,181222498,181235808,+
ENSG00000144655.17,CSRNP1,chr3,39141853,39154852,-
ENSG00000160345.15,PIERCE1,chr9,135494520,135501756,-
ENSG00000289690.1,ENSG00000289690,chr7,100397576,100434107,+
ENSG00000310608.1,ENSG00000310608,chr7,898777,975549,-
ENSG00000179674.4,ARL14,chr3,160677159,160678448,+
ENSG00000115318.14,LOXL3,chr2,74531715,74555718,-
ENSG00000180592.17,SKIDA1,chr10,21513474,21526368,-
ENSG00000114503.12,NCBP2,chr3,196935401,196942594,-
ENSG00000178209.19,PLEC,chr8,143915151,143977039,-
ENSG00000205108.7,SPATA31F1,chr9,34719195,34729538,-
ENSG00000164296.9,TIGD6,chr5,149992251,150001160,-
ENSG00000196659.10,IFT70B,chr2,177548997,177552796,-
ENSG00000114779.22,ABHD14B,chr3,51968509,51983409,-
ENSG00000106089.14,STX1A,chr7,73699204,73719706,-
ENSG00000164855.18,TMEM184A,chr7,1542234,1560821,-
ENSG00000164078.17,MST1R,chr3,49886901,49906130,-
ENSG00000066322.17,ELOVL1,chr1,43363140,43368075,-
ENSG00000134262.17,AP4B1,chr1,113894193,113905722,-
ENSG00000267368.3,UPK3BL1,chr7,102637023,102642980,-
ENSG00000136826.17,KLF4,chr9,107484453,107490482,-
ENSG00000171159.6,BBLN,chr9,128160218,128163928,+
ENSG00000116096.9,SPR,chr2,72887373,72892158,+
ENSG00000115486.15,GGCX,chr2,85544719,85561838,-
ENSG00000169756.19,LIMS1,chr2,108533670,108687347,+
ENSG00000221838.14,AP4M1,chr7,100100840,100110345,+
ENSG00000185129.8,PURA,chr5,140107776,140125619,+
ENSG00000143224.20,PPOX,chr1,161165836,161178576,+
ENSG00000197375.16,SLC22A5,chr5,132369492,132395615,+
ENSG00000170385.11,SLC30A1,chr1,211571567,211579218,-
ENSG00000196420.10,S100A5,chr1,153537146,153543074,-
ENSG00000115875.21,SRSF7,chr2,38743598,38751498,-
ENSG00000189171.18,S100A13,chr1,153618611,153634442,-
ENSG00000120708.18,TGFBI,chr5,136028853,136103902,+
ENSG00000137070.21,IL11RA,chr9,34651581,34661902,+
ENSG00000143842.17,SOX13,chr1,204073105,204127744,+
ENSG00000275379.2,H3C11,chr6,27871844,27872346,-
ENSG00000165283.18,STOML2,chr9,35099468,35103195,-
ENSG00000005238.22,ATOSB,chr9,35104111,35116357,-
ENSG00000018280.20,SLC11A1,chr2,218382005,218396906,+
ENSG00000021355.15,SERPINB1,chr6,2832331,2842035,-
ENSG00000285641.1,ENSG00000285641,chr1,153975849,153986246,-
ENSG00000221886.6,FAM200C,chr5,160392276,160400091,-
ENSG00000156976.19,EIF4A2,chr3,186783204,186789901,+
ENSG00000122678.19,POLM,chr7,44070914,44082985,-
ENSG00000165644.13,COMTD1,chr10,75230308,75236088,-
ENSG00000286053.3,ASDURF,chr2,189661384,189666437,+
ENSG00000143774.20,GUK1,chr1,228139961,228148984,+
ENSG00000145191.17,EIF2B5,chr3,184134985,184146127,+
ENSG00000168758.13,SEMA4C,chr2,96859717,96873840,-
ENSG00000163501.8,IHH,chr2,219054423,219061064,-
ENSG00000131495.10,NDUFA2,chr5,140638739,140647823,-
ENSG00000221869.6,CEBPD,chr8,47735633,47738164,-
ENSG00000087077.16,TRIP6,chr7,100867125,100873524,+
ENSG00000002745.14,WNT16,chr7,121325366,121341252,+
ENSG00000254402.8,LRRC24,chr8,144522384,144527608,-
ENSG00000128709.14,HOXD9,chr2,176121228,176127570,+
ENSG00000147535.19,PLPP5,chr8,38263094,38269519,-
ENSG00000292277.1,ENSG00000292277,chr7,100205356,100221488,+
ENSG00000145901.20,TNIP1,chr5,151029934,151093577,-
ENSG00000112658.10,SRF,chr6,43170909,43181506,+
ENSG00000114993.18,RTKN,chr2,74424130,74442422,-
ENSG00000260596.6,DUX4,chr4,190173773,190196133,+
ENSG00000186222.5,BLOC1S4,chr4,6716173,6717664,+
ENSG00000060642.14,PIGV,chr1,26787053,26800659,+
ENSG00000106404.15,CLDN15,chr7,101232091,101238820,-
ENSG00000118655.10,DCLRE1B,chr1,113904402,113914140,+
ENSG00000143321.19,HDGF,chr1,156742108,156766925,-
ENSG00000163882.12,POLR2H,chr3,184360855,184368596,+
ENSG00000107317.15,PTGDS,chr9,136975052,136981750,+
ENSG00000248487.12,ABHD14A,chr3,51971425,51982398,+
ENSG00000135956.13,TMEM127,chr2,96248499,96266082,-
ENSG00000119383.23,PTPA,chr9,129110549,129148946,+
ENSG00000196290.19,NIF3L1,chr2,200888991,200905579,+
ENSG00000289565.1,ENSG00000289565,chr1,145917713,145926741,-
ENSG00000179902.15,CFAP276,chr1,109105950,109113857,-
ENSG00000284981.3,UPK3BL2,chr7,102537918,102543759,-
ENSG00000158710.17,TAGLN2,chr1,159918105,159925546,-
ENSG00000117399.16,CDC20,chr1,43358906,43363212,+
ENSG00000180198.19,RCC1,chr1,28505931,28539300,+
ENSG00000163584.20,RPL22L1,chr3,170864874,170870475,-
ENSG00000213420.10,GPC2,chr7,100169601,100177389,-
ENSG00000130762.17,ARHGEF16,chr1,3454549,3485968,+
ENSG00000186364.14,NUDT17,chr1,145845602,145848954,+
ENSG00000177383.6,MAGEF1,chr3,184708748,184712073,-
ENSG00000179388.9,EGR3,chr8,22687658,22693480,-
ENSG00000284308.3,C2orf81,chr2,74414175,74421655,-
ENSG00000135960.12,EDAR,chr2,108894470,108989372,-
ENSG00000132781.24,MUTYH,chr1,45329162,45340893,-
ENSG00000243477.8,NAA80,chr3,50296401,50299437,-
ENSG00000168528.14,SERINC2,chr1,31409564,31434680,+
ENSG00000165879.9,FRAT1,chr10,97319270,97321915,+
ENSG00000164976.11,MYORG,chr9,34366622,34377150,-
ENSG00000114353.19,GNAI2,chr3,50226291,50259362,+
ENSG00000148677.9,ANKRD1,chr10,90912091,90921277,-
ENSG00000069011.17,PITX1,chr5,135027733,135034813,-
ENSG00000042493.18,CAPG,chr2,85388143,85422017,-
ENSG00000114019.17,AMOTL2,chr3,134355346,134375479,-
ENSG00000115657.16,ABCB6,chr2,219209764,219219012,-
ENSG00000135926.17,TMBIM1,chr2,218274192,218292589,-
ENSG00000176092.18,CRYBG2,chr1,26321697,26360080,-
ENSG00000293562.1,ENSG00000293562,chr1,174022121,174022298,-
ENSG00000170122.6,FOXD4,chr9,116230,118417,-
ENSG00000146910.14,CNPY1,chr7,155474205,155555450,-
ENSG00000183615.8,FAM167B,chr1,32247214,32248856,+
ENSG00000232434.4,AJM1,chr9,136842477,136848801,+
ENSG00000128590.7,DNAJB9,chr7,108569779,108574850,+
ENSG00000133069.19,TMCC2,chr1,205227911,205285632,+
ENSG00000130429.18,ARPC1B,chr7,99374225,99398124,+
ENSG00000205307.13,SAP25,chr7,100572227,100573916,-
ENSG00000268279.4,ENSG00000268279,chr3,14135216,14148252,+
ENSG00000117362.15,APH1A,chr1,150265041,150269580,-
ENSG00000244623.2,OR2AE1,chr7,99876061,99877033,-
ENSG00000197343.13,ZNF655,chr7,99558388,99578948,+
ENSG00000006625.20,GGCT,chr7,30496615,30504866,-
ENSG00000132773.14,TOE1,chr1,45339937,45345623,+
ENSG00000142676.16,RPL11,chr1,23691684,23698426,+
ENSG00000160087.23,UBE2J2,chr1,1253906,1274477,-
ENSG00000164849.12,GPR146,chr7,1044536,1059275,+
ENSG00000009950.18,MLXIPL,chr7,73593193,73624575,-
ENSG00000163344.8,PMVK,chr1,154924731,154937008,-
ENSG00000096384.22,HSP90AB1,chr6,44237394,44253888,+
ENSG00000143933.22,CALM2,chr2,47160083,47176921,-
ENSG00000184897.7,H1-10,chr3,129314770,129316286,-
ENSG00000074800.18,ENO1,chr1,8854042,8879308,-
ENSG00000169894.20,MUC3A,chr7,100949413,100968348,+
ENSG00000186889.12,TMEM17,chr2,62500217,62511894,-
ENSG00000030110.16,BAK1,chr6,33568790,33580305,-
ENSG00000213213.15,CCDC183,chr9,136796337,136807741,+
ENSG00000178988.13,MRFAP1L1,chr4,6702280,6709923,-
ENSG00000197859.13,ADAMTSL2,chr9,133532163,133575522,+
ENSG00000006704.13,GTF2IRD1,chr7,74452462,74602619,+
ENSG00000289360.1,ENSG00000289360,chr7,105040847,105040925,+
ENSG00000158850.17,B4GALT3,chr1,161171303,161178652,-
ENSG00000136270.16,TBRG4,chr7,45097496,45112048,-
ENSG00000272104.1,ENSG00000272104,chr3,50350891,50367923,+
ENSG00000131584.21,ACAP3,chr1,1292375,1309609,-
ENSG00000288658.2,RNF228,chr2,222314147,222320155,-
ENSG00000171806.14,METTL18,chr1,169791740,169794991,-
ENSG00000162755.16,KLHDC9,chr1,161098342,161100346,+
ENSG00000214160.12,ALG3,chr3,184242300,184249571,-
ENSG00000159388.7,BTG2,chr1,203305490,203311424,+
ENSG00000116903.7,EXOC8,chr1,231332752,231337852,-
ENSG00000136877.18,FPGS,chr9,127794596,127815065,+
ENSG00000196456.15,ZNF775,chr7,150368789,150398634,+
ENSG00000204923.6,FBXO48,chr2,68459421,68467317,-
ENSG00000237330.3,RNF223,chr1,1070966,1074306,-
ENSG00000189043.12,COXFA4,chr7,10931117,10940531,-
ENSG00000241468.10,ATP5MF,chr7,99448474,99466201,-
ENSG00000146828.20,SLC12A9,chr7,100826819,100867017,+
ENSG00000157259.9,GATAD1,chr7,92447447,92460075,+
ENSG00000005981.15,ASB4,chr7,95478443,95540233,+
ENSG00000078808.22,SDF4,chr1,1216886,1240964,-
ENSG00000178809.13,TRIM73,chr7,75395062,75410996,+
ENSG00000143390.20,RFX5,chr1,151340639,151347339,-
ENSG00000165119.25,HNRNPK,chr9,83966673,83981586,-
ENSG00000188747.11,NOXA1,chr9,137422751,137434451,+
ENSG00000196187.14,TMEM63A,chr1,225845531,225884122,-
ENSG00000182899.19,RPL35A,chr3,197949956,197956610,+
ENSG00000163795.16,ZNF513,chr2,27377234,27380790,-
ENSG00000185681.15,MORN5,chr9,122159902,122200088,+
ENSG00000115596.5,WNT6,chr2,218859794,218874233,+
ENSG00000118640.13,VAMP8,chr2,85561561,85582032,+
ENSG00000004838.16,ZMYND10,chr3,50341109,50345746,-
ENSG00000164647.11,STEAP1,chr7,90154179,90164829,+
ENSG00000182613.3,OR2V2,chr5,181147585,181159285,+
ENSG00000177733.8,HNRNPA0,chr5,137745650,137754363,-
ENSG00000188529.17,SRSF10,chr1,23962473,23980927,-
ENSG00000162413.18,KLHL21,chr1,6590723,6614607,-
ENSG00000152292.19,SH2D6,chr2,85418713,85437029,+
ENSG00000107404.23,DVL1,chr1,1335274,1349962,-
ENSG00000232112.5,TMA7,chr3,48440212,48444218,+
ENSG00000081059.22,TCF7,chr5,134114644,134151865,+
ENSG00000164587.15,RPS14,chr5,150429755,150449952,-
ENSG00000179632.13,MAF1,chr8,144103111,144107618,+
ENSG00000142686.9,C1orf216,chr1,35713874,35718894,-
ENSG00000115758.16,ODC1,chr2,10435416,10450116,-
ENSG00000158773.16,USF1,chr1,161039248,161045982,-
ENSG00000279073.3,ENSG00000279073,chr9,137031240,137040436,-
ENSG00000171617.18,ENC1,chr5,74627405,74641424,-
ENSG00000123080.14,CDKN2C,chr1,50960744,50975654,+
ENSG00000232237.5,ASCL5,chr1,201113942,201127184,-
ENSG00000173531.17,MST1,chr3,49683921,49689501,-
ENSG00000115211.19,EIF2B4,chr2,27363419,27370466,-
ENSG00000113916.19,BCL6,chr3,187721376,187745725,-
ENSG00000172478.20,MAB21L4,chr2,240886047,240896894,-
ENSG00000164615.8,CAMLG,chr5,134737607,134752705,+
ENSG00000056558.13,TRAF1,chr9,120902392,120931875,-
ENSG00000224051.9,CPTP,chr1,1324755,1328897,+
ENSG00000160959.10,LRRC14,chr8,144517956,144526244,+
ENSG00000145911.9,N4BP3,chr5,178113166,178127034,+
ENSG00000068724.20,TTC7A,chr2,46915868,47076137,+
ENSG00000154518.12,ATP5MC3,chr2,175172967,175181764,-
ENSG00000106436.8,MYL10,chr7,101613329,101629296,-
ENSG00000136295.18,TTYH3,chr7,2631897,2664816,+
ENSG00000146007.13,ZMAT2,chr5,140698679,140707729,+
ENSG00000179562.4,GCC1,chr7,127579050,127593611,-
ENSG00000061938.22,TNK2,chr3,195863363,195911945,-
ENSG00000177606.9,JUN,chr1,58776844,58784048,-
ENSG00000127837.12,AAMP,chr2,218264124,218270889,-
ENSG00000106852.17,LHX6,chr9,122202576,122229626,-
ENSG00000181577.17,LINC03040,chr6,44000579,44007830,+
ENSG00000112855.19,HARS2,chr5,140691421,140699315,+
ENSG00000160404.20,TOR2A,chr9,127731515,127735355,-
ENSG00000164778.5,EN2,chr7,155457554,155464831,+
ENSG00000114902.16,SPCS1,chr3,52704954,52711148,+
ENSG00000035141.12,FAM136A,chr2,70295974,70302086,-
ENSG00000156097.13,GPR61,chr1,109539871,109548406,+
ENSG00000123999.6,INHA,chr2,219569161,219575711,+
ENSG00000130713.19,EXOSC2,chr9,130693720,130707608,+
ENSG00000253276.5,CCDC71L,chr7,106654359,106661158,-
ENSG00000106479.12,ZNF862,chr7,149838374,149867479,+
ENSG00000156508.22,EEF1A1,chr6,73489307,73525587,-
ENSG00000174945.16,AMZ1,chr7,2679275,2775500,+
ENSG00000138073.16,PREB,chr2,27129152,27134689,-
ENSG00000145920.17,CPLX2,chr5,175796305,175884022,+
ENSG00000243147.10,MRPL33,chr2,27771682,27781484,+
ENSG00000221944.9,TIGD1,chr2,232543882,232550557,-
ENSG00000119888.13,EPCAM,chr2,47345157,47387601,+
ENSG00000168890.16,TMEM150A,chr2,85598546,85603201,-
ENSG00000221909.5,FAM200A,chr7,99546203,99559392,-
ENSG00000198914.5,POU3F3,chr2,104853286,104858574,+
ENSG00000126709.17,IFI6,chr1,27666063,27672212,-
ENSG00000113108.22,APBB3,chr5,140558267,140564781,-
ENSG00000265241.10,RBM8A,chr1,145920934,145928067,-
ENSG00000158406.6,H4C8,chr6,26277608,26285638,-
ENSG00000144182.19,LIPT1,chr2,99154954,99163199,+
ENSG00000132432.16,SEC61G,chr7,54752135,54759974,-
ENSG00000124602.11,UNC5CL,chr6,41026894,41039221,-
ENSG00000188010.18,MORN2,chr2,38875968,38882709,+
ENSG00000286143.1,ENSG00000286143,chr2,219491866,219498244,+
ENSG00000078487.20,ZCWPW1,chr7,100400825,100428992,-
ENSG00000112984.14,KIF20A,chr5,138178714,138188171,+
ENSG00000127191.21,TRAF2,chr9,136881902,136929221,+
ENSG00000156453.15,PCDH1,chr5,141853089,141879246,-
ENSG00000164877.21,MICALL2,chr7,1428464,1459539,-
ENSG00000163041.15,H3-3A,chr1,226061570,226073207,+
ENSG00000160752.17,FDPS,chr1,155304785,155320666,+
ENSG00000164105.6,SAP30,chr4,173369968,173380480,+
ENSG00000181773.9,GPR3,chr1,27392613,27395814,+
ENSG00000143315.8,PIGM,chr1,160024952,160031990,-
ENSG00000148719.18,DNAJB12,chr10,72332829,72355167,-
ENSG00000269897.5,COMMD3-BMI1,chr10,22316387,22329542,+
ENSG00000181904.11,C5orf24,chr5,134845679,134859735,+
ENSG00000163472.21,TMEM79,chr1,156282927,156293185,+
ENSG00000011009.14,LYPLA2,chr1,23791109,23795545,+
ENSG00000136244.14,IL6,chr7,22725883,22732002,+
ENSG00000115275.16,MOGS,chr2,74461056,74465415,-
ENSG00000160781.19,PAQR6,chr1,156243317,156248647,-
ENSG00000168906.15,MAT2A,chr2,85539162,85545281,+
ENSG00000124508.19,BTN2A2,chr6,26383090,26394880,+
ENSG00000173349.6,SFT2D3,chr2,127701496,127705242,+
ENSG00000122140.15,MRPS2,chr9,135499969,135504676,+
ENSG00000163083.7,INHBB,chr2,120344813,120351803,+
ENSG00000214194.11,SMIM30,chr7,113115910,113118582,-
ENSG00000107018.8,RLN1,chr9,5334929,5339876,-
ENSG00000164951.17,PDP1,chr8,93857787,93926068,+
ENSG00000148334.18,PTGES2,chr9,128120692,128128462,-
ENSG00000127399.16,LRRC61,chr7,150323262,150338156,+
ENSG00000178035.15,IMPDH2,chr3,49024314,49029452,-
ENSG00000187024.17,PTRH1,chr9,127690101,127724885,-
ENSG00000107014.10,RLN2,chr9,5298697,5304716,-
ENSG00000178252.21,WDR6,chr3,49007061,49015953,+
ENSG00000146731.13,CCT6A,chr7,56051684,56063992,+
ENSG00000026025.18,VIM,chr10,17228240,17237595,+
ENSG00000148120.21,AOPEP,chr9,94726603,95151793,+
ENSG00000087087.22,SRRT,chr7,100875064,100888664,+
ENSG00000116922.17,AIRIM,chr1,37681569,37692296,-
ENSG00000112110.12,MRPL18,chr6,159789811,159799027,+
ENSG00000165689.19,ENTR1,chr9,136401921,136410621,-
ENSG00000144021.5,CIAO1,chr2,96266158,96274173,+
ENSG00000198556.16,ZNF789,chr7,99472793,99503650,+
ENSG00000008324.14,SS18L2,chr3,42581839,42596985,+
ENSG00000171135.17,JAGN1,chr3,9890568,9894349,+
ENSG00000162676.15,GFI1,chr1,92472359,92486925,-
ENSG00000187796.18,CARD9,chr9,136363955,136373683,-
ENSG00000163701.21,IL17RE,chr3,9902611,9916402,+
ENSG00000214654.10,B3GALT9,chr9,120792402,120801787,+
ENSG00000159650.11,UROC1,chr3,126481164,126517778,-
ENSG00000119862.15,LGALSL,chr2,64453447,64461382,+
ENSG00000148218.18,ALAD,chr9,113386303,113401356,-
ENSG00000204001.12,LCN8,chr9,136754385,136758543,-
ENSG00000176919.15,C8G,chr9,136942531,136946980,+
ENSG00000284820.1,ENSG00000284820,chr2,219209771,219222738,-
ENSG00000310604.1,ENSG00000310604,chr2,69829738,69829798,+
ENSG00000188290.13,HES4,chr1,998961,1000825,-
ENSG00000235007.3,ENSG00000235007,chr9,129139412,129260575,+
ENSG00000242485.8,MRPL20,chr1,1401906,1407306,-
ENSG00000163132.8,MSX1,chr4,4859664,4863936,+
ENSG00000164520.13,RAET1E,chr6,149882981,149898118,-
ENSG00000168237.20,GLYCTK,chr3,52286944,52295273,+
ENSG00000007866.23,TEAD3,chr6,35473596,35497868,-
ENSG00000288614.1,ENSG00000288614,chr6,53041265,53041385,-
ENSG00000106665.18,CLIP2,chr7,74289406,74405943,+
ENSG00000168765.21,GSTM4,chr1,109656068,109665800,+
ENSG00000177144.8,NUDT4B,chr1,148748773,148752415,+
ENSG00000106384.14,MOGAT3,chr7,101195006,101201088,-
ENSG00000188542.11,DUSP28,chr2,240560053,240565256,+
ENSG00000156804.9,FBXO32,chr8,123497888,123541273,-
ENSG00000112559.17,MDFI,chr6,41636839,41654250,+
ENSG00000162522.13,NHSL3,chr1,32741695,32774970,+
ENSG00000128581.18,IFT22,chr7,101310913,101321831,-
ENSG00000185614.9,INKA1,chr3,49803227,49805237,+
ENSG00000159069.16,FBXW5,chr9,136938430,136950122,-
ENSG00000178395.7,CCDC185,chr1,223393414,223395465,+
ENSG00000165046.15,LETM2,chr8,38386203,38409527,+
ENSG00000137094.17,DNAJB5,chr9,34989640,34999403,+
ENSG00000197451.14,HNRNPAB,chr5,178204478,178216389,+
ENSG00000166924.11,NYAP1,chr7,100483604,100494802,+
ENSG00000144136.13,SLC20A1,chr2,112645852,112664727,+
ENSG00000138030.16,KHK,chr2,27086722,27100777,+
ENSG00000154783.14,FGD5,chr3,14810504,14934571,+
ENSG00000142959.8,BEST4,chr1,44781835,44791550,-
ENSG00000135902.12,CHRND,chr2,232525992,232536667,+
ENSG00000106638.20,TBL2,chr7,73567536,73578791,-
ENSG00000161016.20,RPL8,chr8,144789764,144793502,-
ENSG00000158715.8,SLC45A3,chr1,205657850,205680990,-
ENSG00000213927.4,CCL27,chr9,34661879,34664048,-
ENSG00000273269.3,ENSG00000273269,chr2,47065940,47176511,-
ENSG00000198925.14,ATG9A,chr2,219219379,219230383,-
ENSG00000143545.12,RAB13,chr1,153981616,153986382,-
ENSG00000106355.12,LSM5,chr7,32474305,32495283,-
ENSG00000255054.3,ENSG00000255054,chr1,25811469,25823744,+
ENSG00000188112.10,C6orf132,chr6,42092232,42142620,-
ENSG00000117632.25,STMN1,chr1,25884180,25908470,-
ENSG00000164284.17,GRPEL2,chr5,149344994,149356029,+
ENSG00000175416.18,CLTB,chr5,176392461,176416585,-
ENSG00000158825.8,CDA,chr1,20588897,20618913,+
ENSG00000120129.8,DUSP1,chr5,172766991,172771198,-
ENSG00000171314.11,PGAM1,chr10,97426104,97433444,+
ENSG00000256235.5,SMIM3,chr5,150777882,150796736,+
ENSG00000114251.16,WNT5A,chr3,55465714,55490539,-
ENSG00000013441.19,CLK1,chr2,200853008,200864728,-
ENSG00000146674.18,IGFBP3,chr7,45912244,45921874,-
ENSG00000214706.14,IFRD2,chr3,50286002,50292918,-
ENSG00000146223.18,RPL7L1,chr6,42879601,42889925,+
ENSG00000198467.18,TPM2,chr9,35681991,35691116,-
ENSG00000119333.14,DYNC2I2,chr9,128633645,128656847,-
ENSG00000124733.6,MEA1,chr6,43011142,43016868,-
ENSG00000136197.16,C7orf25,chr7,42883177,42912518,-
ENSG00000137040.11,RANBP6,chr9,6011024,6015639,-
ENSG00000113119.15,TMCO6,chr5,140639395,140647730,+
ENSG00000013392.10,RWDD2A,chr6,83193336,83198950,+
ENSG00000187922.16,LCN10,chr9,136738166,136743356,-
ENSG00000284188.3,C1orf202,chr1,244729700,244731015,-
ENSG00000164088.20,PPM1M,chr3,52245740,52250616,+
ENSG00000028137.21,TNFRSF1B,chr1,12166969,12209228,+
ENSG00000169223.18,LMAN2,chr5,177315804,177351840,-
ENSG00000197043.17,ANXA6,chr5,151100705,151157979,-
ENSG00000144381.20,HSPD1,chr2,197485927,197516737,-
ENSG00000135047.18,CTSL,chr9,87724050,87731469,+
ENSG00000270249.2,ENSG00000270249,chr7,102541500,102592444,-
ENSG00000114942.17,EEF1B2,chr2,206159574,206164806,+
ENSG00000114786.16,ABHD14A-ACY1,chr3,51974705,51989183,+
ENSG00000159348.15,CYB5R1,chr1,202961117,202967287,-
ENSG00000162746.16,FCRLB,chr1,161721543,161731801,+
ENSG00000131669.12,NINJ1,chr9,93121494,93134612,-
ENSG00000000938.15,FGR,chr1,27611387,27635565,-
ENSG00000115282.23,TTC31,chr2,74482616,74496915,+
ENSG00000186891.15,TNFRSF18,chr1,1203507,1206814,-
ENSG00000273045.9,C2orf15,chr2,99141234,99154585,+
ENSG00000137098.16,SPAG8,chr9,35808044,35812272,-
ENSG00000072135.15,PTPN18,chr2,130356025,130375409,+
ENSG00000198576.4,ARC,chr8,142611048,142614479,-
ENSG00000130305.19,NSUN5,chr7,73302515,73308867,-
ENSG00000163803.14,PLB1,chr2,28457144,28645904,+
ENSG00000235169.13,SMIM1,chr1,3772647,3782178,+
ENSG00000213190.6,MLLT11,chr1,151054176,151069544,+
ENSG00000107719.12,PALD1,chr10,70477657,70668754,+
ENSG00000280670.5,CCDC163,chr1,45493862,45500163,-
ENSG00000081721.14,DUSP12,chr1,161749757,161757238,+
ENSG00000164086.11,DUSP7,chr3,52048918,52056577,-
ENSG00000130147.18,SH3BP4,chr2,234951949,235055714,+
ENSG00000127948.19,POR,chr7,75899199,75986855,+
ENSG00000158874.14,APOA2,chr1,161222289,161227266,-
ENSG00000145217.16,SLC26A1,chr4,978991,997659,-
ENSG00000137207.14,YIPF3,chr6,43511199,43516985,-
ENSG00000188760.13,TMEM198,chr2,219543129,219550595,+
ENSG00000167113.13,COQ4,chr9,128322482,128334073,+
ENSG00000131791.10,PRKAB2,chr1,147155105,147173716,-
ENSG00000163352.6,LENEP,chr1,154993585,154994315,+
ENSG00000174567.10,GOLT1A,chr1,204198156,204214121,-
ENSG00000112212.13,TSPO2,chr6,41039277,41044344,+
ENSG00000116990.13,MYCL,chr1,39893596,39902256,-
ENSG00000163449.13,TMEM169,chr2,216081865,216102783,+
ENSG00000143436.12,MRPL9,chr1,151759642,151763522,-
ENSG00000096746.20,HNRNPH3,chr10,68331173,68344002,+
ENSG00000107984.11,DKK1,chr10,52314273,52318042,+
ENSG00000081277.14,PKP1,chr1,201283451,201332993,+
ENSG00000178821.15,TMEM52,chr1,1917588,1919329,-
ENSG00000013810.23,TACC3,chr4,1712857,1745178,+
ENSG00000289701.1,ENSG00000289701,chr9,136361903,136373644,-
ENSG00000105996.8,HOXA2,chr7,27099977,27102686,-
ENSG00000171863.17,RPS7,chr2,3575197,3580952,+
ENSG00000187260.17,WDR86,chr7,151375908,151410727,-
ENSG00000152684.13,PELO,chr5,52787620,52807447,+
ENSG00000081041.11,CXCL2,chr4,74096841,74099196,-
ENSG00000254126.9,CD8B2,chr2,106487349,106544297,+
ENSG00000136059.18,VILL,chr3,37987959,38007535,+
ENSG00000166526.21,ZNF3,chr7,100056867,100082706,-
ENSG00000005483.24,KMT2E,chr7,104940942,105116242,+
ENSG00000134070.7,IRAK2,chr3,10164861,10243756,+
ENSG00000239605.11,STPG4,chr2,47045537,47155308,-
ENSG00000084764.14,MAPRE3,chr2,26970399,27027219,+
ENSG00000126705.17,AHDC1,chr1,27534034,27604431,-
ENSG00000233087.8,RAB6D,chr2,131360491,131364168,-
ENSG00000075142.16,SRI,chr7,88201116,88226997,-
ENSG00000176020.9,AMIGO3,chr3,49716828,49719684,-
ENSG00000283782.2,ENSG00000283782,chr5,132410831,132646079,+
ENSG00000137161.20,CNPY3,chr6,42928974,42940217,+
ENSG00000133055.12,MYBPH,chr1,203167810,203175880,-
ENSG00000164687.13,FABP5,chr8,81280266,81285731,+
ENSG00000175879.10,HOXD8,chr2,176129327,176132695,+
ENSG00000173267.16,SNCG,chr10,86955752,86963264,+
ENSG00000120896.16,SORBS3,chr8,22544985,22575788,+
ENSG00000155368.20,DBI,chr2,119366871,119372560,+
ENSG00000239620.4,PRR20G,chr3,127283782,127288047,-
ENSG00000185585.22,OLFML2A,chr9,124777098,124815709,+
ENSG00000163792.8,TCF23,chr2,27148998,27156974,+
ENSG00000188229.8,TUBB4B,chr9,137241277,137243713,+
ENSG00000180354.18,MTURN,chr7,30134727,30162765,+
ENSG00000175182.17,FAM131A,chr3,184335915,184348421,+
ENSG00000054116.14,TRAPPC3,chr1,36136569,36156053,-
ENSG00000180871.10,CXCR2,chr2,218125268,218137251,+
ENSG00000130560.11,UBAC1,chr9,135924660,135961400,-
ENSG00000143412.12,ANXA9,chr1,150981320,150996077,+
ENSG00000077800.14,FKBP6,chr7,73328160,73358637,+
ENSG00000146700.11,SSC4D,chr7,76389016,76409744,-
ENSG00000107281.12,NPDC1,chr9,137037576,137046700,-
ENSG00000184925.14,LCN12,chr9,136949390,136956535,+
ENSG00000177000.15,MTHFR,chr1,11785722,11806455,-
ENSG00000205795.6,CYS1,chr2,10056472,10080944,-
ENSG00000156928.7,MALSU1,chr7,23298738,23311729,+
ENSG00000160908.17,ZNF394,chr7,99473876,99504918,-
ENSG00000144130.12,NT5DC4,chr2,112721019,112742879,+
ENSG00000162545.8,CAMK2N1,chr1,20482390,20486270,-
ENSG00000203667.12,COX20,chr1,244835300,244845480,+
ENSG00000068697.9,LAPTM4A,chr2,20032647,20052054,-
ENSG00000005486.19,RHBDD2,chr7,75842601,75890056,+
ENSG00000106624.13,AEBP1,chr7,44104285,44114565,+
ENSG00000143368.12,SF3B4,chr1,149923316,149928268,-
ENSG00000162576.19,MXRA8,chr1,1352682,1361800,-
ENSG00000239789.8,MRPS17,chr7,55950704,55956500,+
ENSG00000081248.14,CACNA1S,chr1,201039511,201112464,-
ENSG00000178922.20,HYI,chr1,43450596,43453999,-
ENSG00000177674.18,AGTRAP,chr1,11736069,11754802,+
ENSG00000170852.14,KBTBD2,chr7,32861368,32894131,-
ENSG00000115216.16,NRBP1,chr2,27427789,27442260,+
ENSG00000155508.16,CNOT8,chr5,154857528,154876793,+
ENSG00000167094.18,TTC16,chr9,127716073,127731590,+
ENSG00000183520.14,UTP11,chr1,38009110,38024828,+
ENSG00000106683.17,LIMK1,chr7,74082932,74122527,+
ENSG00000143537.16,ADAM15,chr1,155050565,155062780,+
ENSG00000161904.15,LEMD2,chr6,33771201,33789173,-
ENSG00000171450.6,CDK5R2,chr2,218959665,218962155,+
ENSG00000163793.14,DNAJC5G,chr2,27275429,27281499,+
ENSG00000165233.20,CARD19,chr9,93096152,93113284,+
ENSG00000003402.23,CFLAR,chr2,201116004,201176687,+
ENSG00000070610.16,GBA2,chr9,35734576,35749986,-
ENSG00000120314.20,WDR55,chr5,140664475,140674124,+
ENSG00000163481.10,RNF25,chr2,218662080,218672009,-
ENSG00000127838.17,PNKD,chr2,218269650,218347057,+
ENSG00000187559.6,FOXD4L3,chr9,68302866,68305084,+
ENSG00000145912.12,NHP2,chr5,178139871,178153968,-
ENSG00000157150.7,TIMP4,chr3,12149833,12159395,-
ENSG00000163155.12,LYSMD1,chr1,151159747,151165948,-
ENSG00000124839.15,RAB17,chr2,237574104,237601638,-
ENSG00000164251.6,F2RL1,chr5,76818932,76836611,+
ENSG00000119431.12,HDHD3,chr9,113373214,113377473,-
ENSG00000187189.11,TSPYL4,chr6,116249963,116254075,-
ENSG00000173530.8,TNFRSF10D,chr8,23135587,23164030,-
ENSG00000033100.18,CHPF2,chr7,151232482,151240979,+
ENSG00000173535.17,TNFRSF10C,chr8,23102920,23122014,+
ENSG00000163251.6,FZD5,chr2,207762597,207769914,-
ENSG00000171848.18,RRM2,chr2,10120697,10213114,+
ENSG00000013297.14,CLDN11,chr3,170418863,170454733,+
ENSG00000156966.9,B3GNT7,chr2,231395557,231408799,+
ENSG00000148400.15,NOTCH1,chr9,136494432,136546048,-
ENSG00000114784.5,EIF1B,chr3,40309106,40316985,+
ENSG00000090432.9,MUL1,chr1,20495721,20508163,-
ENSG00000286165.1,ENSG00000286165,chr2,189661518,189667881,+
ENSG00000116337.22,AMPD2,chr1,109616103,109632055,+
ENSG00000164828.20,SUN1,chr7,816590,896435,+
ENSG00000121769.10,FABP3,chr1,31359582,31376850,-
ENSG00000004799.10,PDK4,chr7,95583496,95597638,-
ENSG00000251184.1,ENSG00000251184,chr9,128941477,128957021,+
ENSG00000189325.9,BNIP5,chr6,36315756,36337010,-
ENSG00000115756.15,HPCAL1,chr2,10297409,10427835,+
ENSG00000198917.15,SPOUT1,chr9,128819650,128829838,-
ENSG00000175920.19,DOK7,chr4,3463189,3501540,+
ENSG00000184584.16,STING1,chr5,139475527,139482935,-
ENSG00000142751.17,GPN2,chr1,26876131,26890283,-
ENSG00000159239.13,ENSG00000159239,chr2,74393835,74421662,-
ENSG00000027869.15,SH2D2A,chr1,156806234,156817014,-
ENSG00000136527.21,TRA2B,chr3,185914557,185938103,-
ENSG00000163739.7,CXCL1,chr4,73868962,73871388,+
ENSG00000285645.1,ENSG00000285645,chr9,35812959,35828732,-
ENSG00000176978.18,DPP7,chr9,137110539,137118309,-
ENSG00000173557.16,CIMIP2C,chr2,26562541,26581178,+
ENSG00000186451.4,SPATA12,chr3,57060658,57075530,+
ENSG00000204859.15,ZBTB48,chr1,6579993,6589290,+
ENSG00000261793.1,ENSG00000261793,chr9,137168853,137171984,-
ENSG00000136840.21,ST6GALNAC4,chr9,127906918,127917057,-
ENSG00000243910.9,TUBA4B,chr2,219253242,219272197,+
ENSG00000105879.14,CBLL1,chr7,107743072,107762079,+
ENSG00000161057.15,PSMC2,chr7,103328569,103370346,+
ENSG00000244617.3,ASPRV1,chr2,69960088,69961631,-
ENSG00000134323.15,MYCN,chr2,15938395,15947022,+
ENSG00000196683.13,TOMM7,chr7,22812627,22822891,-
ENSG00000113555.6,PCDH12,chr5,141943580,141969741,-
ENSG00000184378.5,ACTRT3,chr3,169765609,169769851,-
ENSG00000188372.16,ZP3,chr7,76397496,76442071,+
ENSG00000008256.19,CYTH3,chr7,6148750,6272677,-
ENSG00000152904.13,GGPS1,chr1,235327349,235344544,+
ENSG00000171097.16,KYAT1,chr9,128832936,128882556,-
ENSG00000145337.6,PYURF,chr4,88520985,88523794,-
ENSG00000196411.12,EPHB4,chr7,100802562,100827584,-
ENSG00000158615.10,PPP1R15B,chr1,204396491,204411887,-
ENSG00000253313.8,C1orf210,chr1,43281270,43285908,-
ENSG00000163362.13,INAVA,chr1,200890994,200915742,+
ENSG00000164379.7,FOXQ1,chr6,1312097,1314758,+
ENSG00000215375.9,MYL5,chr4,673518,682033,+
ENSG00000113739.12,STC2,chr5,173314707,173328447,-
ENSG00000113583.10,C5orf15,chr5,133955497,133968674,-
ENSG00000115523.19,GNLY,chr2,85685174,85698854,+
ENSG00000116809.14,ZBTB17,chr1,15940147,15976132,-
ENSG00000170482.19,SLC23A1,chr5,139366641,139385495,-
ENSG00000196262.17,PPIA,chr7,44796619,44824564,+
ENSG00000163348.5,PYGO2,chr1,154957024,154963853,-
ENSG00000109534.19,GAR1,chr4,109815475,109827320,+
ENSG00000288564.1,ENSG00000288564,chr6,43051065,43058185,-
ENSG00000162572.22,SCNN1D,chr1,1280435,1292029,+
ENSG00000255072.3,PIGY,chr4,88520985,88523776,-
ENSG00000175262.15,CIROZ,chr1,10946470,10982076,-
ENSG00000114125.15,RNF7,chr3,141738188,141747611,+
ENSG00000196923.16,PDLIM7,chr5,177482837,177497664,-
ENSG00000183888.5,SRARP,chr1,16004228,16009382,+
ENSG00000144589.24,STK11IP,chr2,219595804,219616452,+
ENSG00000173540.16,GMPPB,chr3,49716843,49723988,-
ENSG00000146678.11,IGFBP1,chr7,45888359,45893660,+
ENSG00000186480.15,INSIG1,chr7,155296730,155311963,+
ENSG00000143127.15,ITGA10,chr1,145891205,145910111,-
ENSG00000130675.16,MNX1,chr7,156993900,157010668,-
ENSG00000143977.16,SNRPG,chr2,70281203,70293766,-
ENSG00000106992.21,AK1,chr9,127866434,127878558,-
ENSG00000073067.15,CYP2W1,chr7,983175,989640,+
ENSG00000113558.21,SKP1,chr5,134145692,134177911,-
ENSG00000163467.14,TSACC,chr1,156337313,156347019,+
ENSG00000145192.15,AHSG,chr3,186612775,186627803,+
ENSG00000196275.18,GTF2IRD2,chr7,74796143,74852471,-
ENSG00000280778.1,ENSG00000280778,chr1,145927257,145977811,+
ENSG00000115194.13,SLC30A3,chr2,27253508,27275817,-
ENSG00000213316.12,LTC4S,chr5,179793851,179797712,+
ENSG00000168427.11,KLHL30,chr2,238138648,238152947,+
ENSG00000244234.3,GMCL2,chr5,178184504,178187371,-
ENSG00000196968.12,POFUT4,chr10,73772270,73780251,+
ENSG00000187642.12,PERM1,chr1,975193,982137,-
ENSG00000112759.21,SLC29A1,chr6,44219244,44243425,+
ENSG00000215156.6,ENSG00000215156,chr5,34190155,34193653,+
ENSG00000006652.16,IFRD1,chr7,112422886,112481017,+
ENSG00000106327.15,TFR2,chr7,100620415,100642779,-
ENSG00000162510.6,MATN1,chr1,30711276,30723585,-
ENSG00000143793.15,C1orf35,chr1,228099029,228105411,-
ENSG00000167112.12,TRUB2,chr9,128305158,128322741,-
ENSG00000170989.12,S1PR1,chr1,101235365,101243749,+
ENSG00000289653.1,ENSG00000289653,chr8,102858045,102863860,-
ENSG00000165507.11,DEPP1,chr10,44970980,44978816,-
ENSG00000113073.17,SLC4A9,chr5,140360187,140375324,+
ENSG00000135624.19,CCT7,chr2,73233419,73253282,+
ENSG00000188761.14,BCL2L15,chr1,113876815,113887588,-
ENSG00000185112.6,FAM43A,chr3,194685882,194689037,+
ENSG00000148303.19,RPL7A,chr9,133347949,133351435,+
ENSG00000020633.20,RUNX3,chr1,24899510,24965121,-
ENSG00000222009.11,BTBD19,chr1,44808505,44817381,+
ENSG00000168887.13,C2orf68,chr2,85605253,85612066,-
ENSG00000174279.5,EVX2,chr2,176077471,176083962,-
ENSG00000174429.6,ABRA,chr8,106759005,106770251,-
ENSG00000163870.18,TPRA1,chr3,127571231,127598318,-
ENSG00000071082.13,RPL31,chr2,100997745,101024037,+
ENSG00000224807.7,DUX4L9,chr4,190019717,190022665,-
ENSG00000158428.7,CATIP,chr2,218356837,218369962,+
ENSG00000160993.6,ALKBH4,chr7,102456220,102464899,-
ENSG00000179526.19,SHARPIN,chr8,144097512,144108124,-
ENSG00000165716.13,DIPK1B,chr9,136712301,136724742,+
ENSG00000134460.19,IL2RA,chr10,6010688,6062370,-
ENSG00000134248.16,LAMTOR5,chr1,110401248,110407963,-
ENSG00000169908.14,TM4SF1,chr3,149369021,149377729,-
ENSG00000160714.13,UBE2Q1,chr1,154548549,154559028,-
ENSG00000169220.20,RGS14,chr5,177357653,177374390,+
ENSG00000161036.15,LRWD1,chr7,102464923,102476237,+
ENSG00000267645.5,POLR2J3-UPK3BL2,chr7,102637048,102671641,-
ENSG00000174136.15,RGMB,chr5,98768003,98798643,+
ENSG00000135929.11,CYP27A1,chr2,218781687,218825335,+
ENSG00000169813.19,HNRNPF,chr10,43385205,43437095,-
ENSG00000120149.10,MSX2,chr5,174724550,174730896,+
ENSG00000119801.16,YPEL5,chr2,30146554,30160538,+
ENSG00000143418.22,CERS2,chr1,150959098,150977396,-
ENSG00000084693.18,AGBL5,chr2,27042363,27070622,+
ENSG00000168795.7,ZBTB5,chr9,37437686,37468850,-
ENSG00000170584.14,NUDCD2,chr5,163446525,163460404,-
ENSG00000113811.13,SELENOK,chr3,53883495,53891885,-
ENSG00000155090.17,KLF10,chr8,102648780,102655729,-
ENSG00000175768.15,TOMM5,chr9,37582645,37592619,-
ENSG00000113272.16,THG1L,chr5,157731401,157741449,+
ENSG00000181915.6,ADO,chr10,62804719,62808479,+
ENSG00000112695.15,COX7A2,chr6,75237674,75250323,-
ENSG00000105865.13,DUS4L,chr7,107563483,107579483,+
ENSG00000186792.19,HYAL3,chr3,50292829,50299437,-
ENSG00000188710.3,QRFP,chr9,130892706,130896812,-
ENSG00000162384.16,CZIB,chr1,53214098,53220657,-
ENSG00000164713.11,BRI3,chr7,98252378,98310441,+
ENSG00000213699.11,SLC35F6,chr2,26764239,26781231,+
ENSG00000182004.15,SNRPE,chr1,203861495,203871152,+
ENSG00000159399.12,HK2,chr2,74834076,74893359,+
ENSG00000155428.13,TRIM74,chr7,72959484,72969466,-
ENSG00000127125.11,PPCS,chr1,42456116,42473417,+
ENSG00000164651.19,SP8,chr7,20779743,20786907,-
ENSG00000112651.14,MRPL2,chr6,43054028,43059464,-
ENSG00000084623.14,EIF3I,chr1,32221076,32245397,+
ENSG00000163734.4,CXCL3,chr4,74036588,74038807,-
ENSG00000188566.17,NDOR1,chr9,137205661,137219371,+
ENSG00000183770.7,FOXL2,chr3,138944223,138947137,-
ENSG00000174428.21,GTF2IRD2B,chr7,75091566,75149818,+
ENSG00000198944.6,SOWAHA,chr5,132813301,132816786,+
ENSG00000243989.11,ACY1,chr3,51983046,51989457,+
ENSG00000165661.19,QSOX2,chr9,136206331,136245831,-
ENSG00000175087.12,PDIK1L,chr1,26111140,26125906,+
ENSG00000119013.12,NDUFB3,chr2,201071432,201085757,+
ENSG00000168283.16,BMI1,chr10,22321057,22331685,+
ENSG00000106591.6,MRPL32,chr7,42932345,42948958,+
ENSG00000124357.15,NAGK,chr2,71064343,71079808,+
ENSG00000236609.6,ZNF853,chr7,6615304,6624290,+
ENSG00000293565.1,ENSG00000293565,chr1,23094325,23094376,-
ENSG00000157992.14,KRTCAP3,chr2,27442336,27446486,+
ENSG00000160349.11,LCN1,chr9,135521437,135526540,+
ENSG00000115128.9,SF3B6,chr2,24066653,24076476,-
ENSG00000187980.8,PLA2G2C,chr1,20161252,20186524,-
ENSG00000148296.9,SURF6,chr9,133328683,133336289,-
ENSG00000170899.13,GSTA4,chr6,52977947,52995359,-
ENSG00000196449.6,YRDC,chr1,37802944,37808216,-
ENSG00000171462.17,DLK2,chr6,43450350,43456632,-
ENSG00000001617.14,SEMA3F,chr3,50155011,50189075,+
ENSG00000087266.20,SH3BP2,chr4,2793014,2841291,+
ENSG00000158517.18,NCF1,chr7,74773974,74790135,+
ENSG00000288699.1,ENSG00000288699,chr9,35065338,35074175,-
ENSG00000186918.16,ZNF395,chr8,28345589,28402701,-
ENSG00000063438.22,AHRR,chr5,320681,438307,+
ENSG00000196517.15,SLC6A9,chr1,43989352,44031767,-
ENSG00000286112.1,KYAT1,chr9,128819662,128881931,-
ENSG00000041880.17,PARP3,chr3,51942251,51949371,+
ENSG00000117298.17,ECE1,chr1,21217246,21345912,-
ENSG00000145882.13,PCYOX1L,chr5,149357997,149369653,+
ENSG00000163686.17,ABHD6,chr3,58237501,58296814,+
ENSG00000144677.17,CTDSPL,chr3,37861831,37984469,+
ENSG00000090621.17,PABPC4,chr1,39560708,39576900,-
ENSG00000274290.3,H2BC6,chr6,26172058,26184655,+
ENSG00000168255.20,POLR2J3,chr7,102537917,102572653,-
ENSG00000138381.11,ASNSD1,chr2,189661384,189671381,+
ENSG00000136888.10,ATP6V1G1,chr9,114587571,114598915,+
ENSG00000197150.15,ABCB8,chr7,151028421,151047782,+
ENSG00000004059.13,ARF5,chr7,127588358,127591705,+
ENSG00000013374.19,NUB1,chr7,151341703,151381097,+
ENSG00000125629.18,INSIG2,chr2,118088136,118112313,+
ENSG00000284753.4,EEF1AKMT4,chr3,184249608,184258759,+
ENSG00000196890.5,H2BC26,chr1,228458102,228463104,+
ENSG00000136816.18,TOR1B,chr9,129803130,129813640,+
ENSG00000169026.15,SLC49A3,chr4,681823,689548,-
ENSG00000288640.1,ENSG00000288640,chr7,112450459,112490941,+
ENSG00000243749.4,TMEM35B,chr1,34981379,34985350,-
ENSG00000115446.14,UNC50,chr2,98608173,98618604,+
ENSG00000138413.16,IDH1,chr2,208236223,208266095,-
ENSG00000136897.9,MRPL50,chr9,101386115,101398665,-
ENSG00000106628.15,POLD2,chr7,44114630,44124407,-
ENSG00000112306.10,RPS12,chr6,132814541,132825144,+
ENSG00000165312.7,OTUD1,chr10,23439074,23442377,+
ENSG00000116237.18,ICMT,chr1,6221192,6235997,-
ENSG00000176248.11,ANAPC2,chr9,137174783,137189028,-
ENSG00000271824.2,SMIM32,chr5,136191467,136193162,-
ENSG00000197062.14,ZSCAN26,chr6,28267044,28278224,+
ENSG00000169991.12,IFFO2,chr1,18904279,18956676,-
ENSG00000090263.18,MRPS33,chr7,141002609,141015286,-
ENSG00000145782.15,ATG12,chr5,115828181,115842534,-
ENSG00000116863.13,ADPRS,chr1,36088872,36095461,+
ENSG00000119138.6,KLF9,chr9,70384585,70414657,-
ENSG00000179163.14,FUCA1,chr1,23845076,23868361,-
ENSG00000107372.15,ZFAND5,chr9,72350312,72365785,-
ENSG00000288678.2,ENSG00000288678,chr1,31919562,31938010,-
ENSG00000054356.16,PTPRN,chr2,219289622,219309648,-
ENSG00000112033.16,PPARD,chr6,35342529,35428193,+
ENSG00000173545.7,ZNF622,chr5,16451510,16465811,-
ENSG00000175414.9,ARL10,chr5,176365449,176415516,+
ENSG00000148344.12,PTGES,chr9,129738330,129753078,-
ENSG00000112812.18,PRSS16,chr6,27247700,27256646,+
ENSG00000147669.13,POLR2K,chr8,100150609,100154005,+
ENSG00000158552.15,ZFAND2B,chr2,219195236,219209651,+
ENSG00000157214.16,STEAP2,chr7,90167589,90243408,+
ENSG00000155438.14,NIFK,chr2,121724714,121737120,-
ENSG00000106615.12,RHEB,chr7,151465975,151520120,-
ENSG00000164576.14,SAP30L,chr5,154445975,154461053,+
ENSG00000185962.1,LCE3A,chr1,152622833,152623103,-
ENSG00000132879.16,FBXO44,chr1,11650617,11663327,+
ENSG00000172053.20,QARS1,chr3,49095931,49105130,-
ENSG00000274750.5,H3C6,chr6,26224178,26227476,+
ENSG00000145777.15,TSLP,chr5,111070061,111078026,+
ENSG00000106263.21,EIF3B,chr7,2354079,2380747,+
ENSG00000257207.5,ENSG00000257207,chr2,110402933,110473075,-
ENSG00000243364.9,EFNA4,chr1,155063717,155069553,+
ENSG00000124588.24,NQO2,chr6,2987986,3022745,+
ENSG00000170144.25,HNRNPA3,chr2,177212586,177226106,+
ENSG00000168564.8,CDKN2AIP,chr4,183444627,183452995,+
ENSG00000197622.15,CDC42SE1,chr1,151050241,151070325,-
ENSG00000162873.17,KLHDC8A,chr1,205333748,205357324,-
ENSG00000106266.13,SNX8,chr7,2251769,2354318,-
ENSG00000180398.15,MCFD2,chr2,46895792,46941855,-
ENSG00000107338.12,SHB,chr9,37915348,38069270,-
ENSG00000184007.23,PTP4A2,chr1,31906420,31944856,-
ENSG00000240583.16,AQP1,chr7,30910754,30925517,+
ENSG00000226479.4,TMEM185B,chr2,120217478,120223400,-
ENSG00000136807.15,CDK9,chr9,127785251,127792871,+
ENSG00000247596.12,TWF2,chr3,52228611,52246788,-
ENSG00000164683.20,HEY1,chr8,79762370,79767857,-
ENSG00000163888.5,CAMK2N2,chr3,184259212,184261602,-
ENSG00000184840.14,TMED9,chr5,177592173,177597242,+
ENSG00000283776.1,TAF11L13,chr5,17632087,17632684,+
ENSG00000072182.14,ASIC4,chr2,219514169,219538772,+
ENSG00000160948.16,VPS28,chr8,144423596,144429499,-
ENSG00000120875.10,DUSP4,chr8,29333063,29350728,-
ENSG00000164708.8,PGAM2,chr7,44062723,44065736,-
ENSG00000160055.21,TMEM234,chr1,32214431,32222361,-
ENSG00000164211.15,STARD4,chr5,111495283,111513044,-
ENSG00000118298.14,CA14,chr1,150257068,150265078,+
ENSG00000169583.15,CLIC3,chr9,136994607,136996729,-
ENSG00000179456.14,ZBTB18,chr1,244048546,244057476,+
ENSG00000170876.11,TMEM43,chr3,14124997,14143681,+
ENSG00000283128.3,ENSG00000283128,chr7,155474255,155644406,-
ENSG00000182580.5,EPHB3,chr3,184561750,184582408,+
ENSG00000023902.15,PLEKHO1,chr1,150149182,150164720,+
ENSG00000175854.16,SWI5,chr9,128275378,128316123,+
ENSG00000157653.14,C9orf43,chr9,113410053,113429690,+
ENSG00000158008.12,EXTL1,chr1,26019883,26036464,+
ENSG00000185955.6,SPACDR,chr7,100456619,100464277,-
ENSG00000181467.5,RAP2B,chr3,153162225,153170627,+
ENSG00000119185.15,ITGB1BP1,chr2,9402706,9423891,-
ENSG00000213139.9,CRYGS,chr3,186536577,186546702,-
ENSG00000243056.3,EIF4EBP3,chr5,140547615,140551708,+
ENSG00000240344.12,PPIL3,chr2,200870906,200889358,-
ENSG00000146535.17,GNA12,chr7,2721819,2870786,-
ENSG00000107738.22,VSIR,chr10,71747555,71773608,-
ENSG00000135587.11,SMPD2,chr6,109440677,109446515,+
ENSG00000070882.15,OSBPL3,chr7,24796535,24981634,-
ENSG00000164978.21,NUDT2,chr9,34329495,34343713,+
ENSG00000143595.15,AQP10,chr1,154321089,154325329,+
ENSG00000196843.20,ARID5A,chr2,96536698,96552639,+
ENSG00000112081.20,SRSF3,chr6,36593776,36641535,+
ENSG00000146830.13,GIGYF1,chr7,100679504,100694481,-
ENSG00000164109.16,MAD2L1,chr4,120055622,120067192,-
ENSG00000120937.11,NPPB,chr1,11857453,11859648,-
ENSG00000131446.19,MGAT1,chr5,180784779,180815652,-
ENSG00000109736.17,SLC75A1,chr4,2929916,2935462,-
ENSG00000285480.3,H2BK1,chr7,151207415,151210488,-
ENSG00000158793.16,NIT1,chr1,161118081,161125812,+
ENSG00000197233.7,OR1J2,chr9,122510801,122511743,+
ENSG00000176597.14,B3GNT5,chr3,183249213,183298504,+
ENSG00000128694.14,OSGEPL1,chr2,189746414,189763230,-
ENSG00000179023.9,KLHDC7A,chr1,18480929,18485974,+
ENSG00000086730.19,LAT2,chr7,74199651,74242501,+
ENSG00000168763.18,CNNM3,chr2,96816237,96837543,+
ENSG00000168884.17,TNIP2,chr4,2741647,2756406,-
ENSG00000134308.16,YWHAQ,chr2,9583333,9639472,-
ENSG00000169490.19,TM2D2,chr8,38988807,38996824,-
ENSG00000136810.15,TXN,chr9,110243809,110256636,-
ENSG00000113070.10,HBEGF,chr5,140332842,140346614,-
ENSG00000167653.7,PSCA,chr8,142670307,142682725,+
ENSG00000164885.15,CDK5,chr7,151051516,151057952,-
ENSG00000164610.11,RP9,chr7,33094796,33109601,-
ENSG00000284337.1,ENSG00000284337,chr2,109898431,109968557,+
ENSG00000120709.13,FAM53C,chr5,138331934,138349729,+
ENSG00000124574.18,ABCC10,chr6,43427365,43451783,+
ENSG00000144580.17,CNOT9,chr2,218568574,218597080,+
ENSG00000221978.15,CCNL2,chr1,1385708,1400909,-
ENSG00000143553.13,SNAPIN,chr1,153658673,153663930,+
ENSG00000251287.9,ALG1L2,chr3,130081830,130113227,+
ENSG00000082153.20,BZW1,chr2,200810593,200827921,+
ENSG00000144120.15,TMEM177,chr2,119679136,119690407,+
ENSG00000180573.11,H2AC6,chr6,26124144,26139116,+
ENSG00000136238.22,RAC1,chr7,6374097,6404016,+
ENSG00000187866.10,PABIR1,chr9,68780064,68785566,+
ENSG00000116285.15,ERRFI1,chr1,8003195,8026318,-
ENSG00000138092.13,CENPO,chr2,24793099,24822376,+
ENSG00000251493.5,FOXD1,chr5,73444826,73448777,-
ENSG00000134186.14,PRPF38B,chr1,108692291,108702928,+
ENSG00000118804.10,STBD1,chr4,76306274,76314086,+
ENSG00000248919.7,ATP5MF-PTCD1,chr7,99419748,99466197,-
ENSG00000014914.23,MTMR11,chr1,149928649,149937534,-
ENSG00000117425.16,PTCH2,chr1,44819153,44843253,-
ENSG00000104689.12,TNFRSF10A,chr8,23183122,23225145,-
ENSG00000136243.20,NUP42,chr7,23181803,23201011,+
ENSG00000143303.14,METTL25B,chr1,156728441,156736960,+
ENSG00000158156.10,XKR8,chr1,27959587,27968094,+
ENSG00000204659.6,CBY3,chr5,179678559,179681034,-
ENSG00000167656.6,LY6D,chr8,142784880,142786546,-
ENSG00000128714.7,HOXD13,chr2,176092689,176096240,+
ENSG00000197261.13,C6orf141,chr6,49550655,49561914,+
ENSG00000134183.15,GNAT2,chr1,109601406,109619929,-
ENSG00000143889.17,HNRNPLL,chr2,38561890,38603586,-
ENSG00000119408.19,NEK6,chr9,124257605,124412783,+
ENSG00000146006.9,LRRTM2,chr5,138868920,138875383,-
ENSG00000106348.21,IMPDH1,chr7,128392276,128410009,-
ENSG00000116212.18,LRRC42,chr1,53946044,53968168,+
ENSG00000165724.8,ZMYND19,chr9,137582065,137590520,-
ENSG00000260238.6,PMF1-BGLAP,chr1,156212981,156243332,+
ENSG00000282301.4,CYP3A7-CYP3A51P,chr7,99684956,99735102,-
ENSG00000138100.16,TRIM54,chr2,27282365,27309400,+
ENSG00000106682.17,EIF4H,chr7,74174126,74197122,+
ENSG00000115138.13,POMC,chr2,25160360,25168952,-
ENSG00000187800.16,PEAR1,chr1,156893655,156916432,+
ENSG00000164645.3,TEX47,chr7,88794105,88795737,-
ENSG00000011523.17,CEP68,chr2,65056349,65087298,+
ENSG00000186007.11,LEMD1,chr1,205381375,205456415,-
ENSG00000145050.20,MANF,chr3,51385254,51389802,+
ENSG00000115541.13,HSPE1,chr2,197500109,197513408,+
ENSG00000143126.8,CELSR2,chr1,109249538,109275751,+
ENSG00000143994.16,ABHD1,chr2,27123788,27130812,+
ENSG00000163497.4,FEV,chr2,218981086,218985566,-
ENSG00000158716.11,DUSP23,chr1,159780930,159782543,+
ENSG00000014641.23,MDH1,chr2,63588556,63607273,+
ENSG00000145386.13,CCNA2,chr4,121815709,121823936,-
ENSG00000147443.15,DOK2,chr8,21907460,21913960,-
ENSG00000177239.18,MAN1B1,chr9,137085916,137109189,+
ENSG00000256646.8,ENSG00000256646,chr7,42909272,42932214,-
ENSG00000145632.17,PLK2,chr5,58453090,58460139,-
ENSG00000071462.15,BUD23,chr7,73683160,73698228,+
ENSG00000160991.19,ORAI2,chr7,102433105,102456825,+
ENSG00000143942.7,CHAC2,chr2,53767790,53776958,+
ENSG00000284635.2,SCYGR8,chr2,227745893,227746220,+
ENSG00000016402.16,IL20RA,chr6,136999970,137045180,-
ENSG00000112977.18,DAP,chr5,10676777,10761683,-
ENSG00000127184.15,COX7C,chr5,86617883,86621645,+
ENSG00000173013.6,CFAP184,chr4,7040848,7043001,-
ENSG00000160446.21,ZDHHC12,chr9,128720861,128724146,-
ENSG00000082014.17,SMARCD3,chr7,151238763,151277896,-
ENSG00000253251.5,SHLD3,chr5,65624732,65631064,+
ENSG00000228474.8,OST4,chr2,27058734,27073830,-
ENSG00000135617.6,PRADC1,chr2,73228007,73233262,-
ENSG00000273088.2,ENSG00000273088,chr1,155169408,155187272,-
ENSG00000241127.11,YAE1,chr7,39566367,39612089,+
ENSG00000162704.17,ARPC5,chr1,183620845,183635908,-
ENSG00000166529.18,ZSCAN21,chr7,100049766,100081304,+
ENSG00000137218.12,FRS3,chr6,41769317,41787570,-
ENSG00000135253.17,KCP,chr7,128862041,128910719,-
ENSG00000196189.16,SEMA4A,chr1,156147365,156178869,+
ENSG00000130711.5,PRDM12,chr9,130664593,130682986,+
ENSG00000169618.8,PROKR1,chr2,68643085,68659042,+
ENSG00000160870.16,CYP3A7,chr7,99704104,99735196,-
ENSG00000105968.21,H2AZ2,chr7,44826790,44848146,-
ENSG00000165272.18,AQP3,chr9,33441155,33447596,-
ENSG00000112715.26,VEGFA,chr6,43770183,43786487,+
ENSG00000293137.4,MSL3B,chr2,233864662,233868413,-
ENSG00000173641.20,HSPB7,chr1,16014017,16020597,-
ENSG00000065911.14,MTHFD2,chr2,74186171,74218432,+
ENSG00000163660.14,CCNL1,chr3,157145519,157160771,-
ENSG00000283267.3,FAM237B,chr7,90316502,90321304,-
ENSG00000163126.17,ANKRD23,chr2,96821810,96857934,-
ENSG00000187634.15,SAMD11,chr1,923894,944590,+
ENSG00000163357.11,DCST1,chr1,155033823,155050930,+
ENSG00000175309.18,PHYKPL,chr5,178207126,178233208,-
ENSG00000196152.11,ZNF79,chr9,127424373,127449728,+
ENSG00000109390.15,NDUFC1,chr4,139266879,139302564,-
ENSG00000154978.15,VOPP1,chr7,55427765,55572988,-
ENSG00000178585.17,CTNNBIP1,chr1,9848268,9910378,-
ENSG00000163273.6,NPPC,chr2,231921808,231926403,-
ENSG00000291315.1,ENSG00000291315,chr3,40312085,40312214,+
ENSG00000159166.17,LAD1,chr1,201380211,201399915,-
ENSG00000185972.7,CCIN,chr9,36165750,36172384,+
ENSG00000163918.14,RFC4,chr3,186789865,186807058,-
ENSG00000163682.19,RPL9,chr4,39450678,39472424,-
ENSG00000288622.1,PDCD6-AHRR,chr5,271669,438291,+
ENSG00000197245.8,FAM110D,chr1,26159032,26163962,+
ENSG00000181652.20,ATG9B,chr7,151012208,151024499,-
ENSG00000116977.21,LGALS8,chr1,236517999,236552981,+
ENSG00000196182.13,STK40,chr1,36339619,36385932,-
ENSG00000188763.5,FZD9,chr7,73433777,73436120,+
ENSG00000124785.11,NRN1,chr6,5997998,6008688,-
ENSG00000164403.17,SHROOM1,chr5,132821270,132830924,-
ENSG00000132763.17,MMACHC,chr1,45500185,45513382,+
ENSG00000116691.13,MIIP,chr1,12019465,12032048,+
ENSG00000185863.9,TMEM210,chr9,137170857,137172056,-
ENSG00000054179.14,ENTPD2,chr9,137048106,137054069,-
ENSG00000249319.2,ENSG00000249319,chr7,66087760,66152277,+
ENSG00000143450.19,OAZ3,chr1,151762898,151771334,+
ENSG00000143867.9,OSR1,chr2,19351484,19359486,-
ENSG00000249992.2,TMEM158,chr3,45224465,45226287,-
ENSG00000095596.13,CYP26A1,chr10,93073474,93077885,+
ENSG00000164011.20,ZNF691,chr1,42846572,42854023,+
ENSG00000188938.18,FAM120AOS,chr9,93431440,93453600,-
ENSG00000203985.13,LDLRAD1,chr1,54007297,54018194,-
ENSG00000144591.22,GMPPA,chr2,219498617,219513898,+
ENSG00000143742.16,SRP9,chr1,225777698,225790670,+
ENSG00000144843.14,ADPRH,chr3,119579267,119590165,+
ENSG00000136939.1,OR1L4,chr9,122723989,122724925,+
ENSG00000066923.21,STAG3,chr7,100177562,100214387,+
ENSG00000284292.1,ENSG00000284292,chr7,99325878,99394653,+
ENSG00000132768.16,DPH2,chr1,43969974,43973373,+
ENSG00000198075.12,SULT1C4,chr2,108377910,108388990,+
ENSG00000168916.18,ZNF608,chr5,124636912,124748824,-
ENSG00000179058.8,C9orf50,chr9,129612224,129621101,-
ENSG00000114867.24,EIF4G1,chr3,184314489,184335358,+
ENSG00000008282.12,SYPL1,chr7,106086671,106112618,-
ENSG00000120656.16,TAF12,chr1,28587828,28648364,-
ENSG00000169085.15,VXN,chr8,66492325,66518524,+
ENSG00000183258.14,DDX41,chr5,177511568,177516979,-
ENSG00000054598.9,FOXC1,chr6,1609914,1613897,+
ENSG00000183779.8,ZNF703,chr8,37695743,37700019,+
ENSG00000148180.24,GSN,chr9,121201323,121334721,+
ENSG00000250719.3,P3R3URF,chr1,46171016,46176488,-
ENSG00000117280.15,RAB29,chr1,205767985,205775489,-
ENSG00000175130.9,MARCKSL1,chr1,32333563,32336241,-
ENSG00000127993.17,RBM48,chr7,92528769,92540481,+
ENSG00000122512.19,PMS2,chr7,5970924,6009130,-
ENSG00000171729.16,TMEM51,chr1,15152497,15220484,+
ENSG00000158062.23,UBXN11,chr1,26281327,26318363,-
ENSG00000001167.17,NFYA,chr6,41072039,41103063,+
ENSG00000131459.15,GFPT2,chr5,180300667,180353359,-
ENSG00000135547.10,HEY2,chr6,125747663,125763049,+
ENSG00000144713.15,RPL32,chr3,12834466,12841587,-
ENSG00000130653.18,PNPLA7,chr9,137459951,137550560,-
ENSG00000186212.4,SOWAHB,chr4,76894151,76898144,-
ENSG00000136274.10,NACAD,chr7,45080436,45089021,-
ENSG00000115226.12,FNDC4,chr2,27491259,27495631,-
ENSG00000156711.19,MAPK13,chr6,36127808,36144524,+
ENSG00000160408.18,ST6GALNAC6,chr9,127885319,127906632,-
ENSG00000162607.15,USP1,chr1,62436040,62454457,+
ENSG00000163521.18,GLB1L,chr2,219236597,219245478,-
ENSG00000181163.16,NPM1,chr5,171387085,171411952,+
ENSG00000106246.20,PTCD1,chr7,99415191,99466201,-
ENSG00000263528.10,IKBKE,chr1,206470331,206498687,+
ENSG00000169045.21,HNRNPH1,chr5,179614169,179634784,-
ENSG00000118503.20,TNFAIP3,chr6,137866382,137885836,+
ENSG00000160957.17,RECQL4,chr8,144511283,144517890,-
ENSG00000196542.11,SPTSSB,chr3,161344797,161372941,-
ENSG00000197448.16,GSTK1,chr7,143244092,143272483,+
ENSG00000219073.8,CELA3B,chr1,21977021,21998642,+
ENSG00000162757.6,C1orf74,chr1,209779207,209784620,-
ENSG00000162391.14,FAM151A,chr1,54609176,54623556,-
ENSG00000044574.11,HSPA5,chr9,125234739,125261715,-
ENSG00000116688.20,MFN2,chr1,11980180,12015211,+
ENSG00000266265.4,KLF14,chr7,130730696,130734207,-
ENSG00000003137.10,CYP26B1,chr2,72129237,72148430,-
ENSG00000109771.18,LRP2BP,chr4,185363654,185397292,-
ENSG00000138668.22,HNRNPD,chr4,82350775,82374543,-
ENSG00000160271.18,RALGDS,chr9,133097656,133149440,-
ENSG00000144028.17,SNRNP200,chr2,96274335,96321271,-
ENSG00000106261.19,ZKSCAN1,chr7,100015569,100047430,+
ENSG00000152127.11,MGAT5,chr2,134119891,134454621,+
ENSG00000142733.20,MAP3K6,chr1,27355178,27366986,-
ENSG00000168453.18,HR,chr8,22114041,22133393,-
ENSG00000122877.19,EGR2,chr10,62811995,62819167,-
ENSG00000122406.16,RPL5,chr1,92831989,92841924,+
ENSG00000065518.10,NDUFB4,chr3,120596272,120602507,+
ENSG00000198754.5,OXCT2,chr1,39769522,39771348,-
ENSG00000117640.20,MTFR1L,chr1,25818639,25835879,+
ENSG00000136783.12,NIPSNAP3A,chr9,104747663,104760369,+
ENSG00000162909.20,CAPN2,chr1,223701560,223776018,+
ENSG00000169509.6,CRCT1,chr1,152514481,152516008,+
ENSG00000133612.22,AGAP3,chr7,151085830,151144450,+
ENSG00000241186.12,CRIPTO,chr3,46573632,46584684,+
ENSG00000085514.17,PILRA,chr7,100367529,100400098,+
ENSG00000186143.11,PRR30,chr2,27136847,27139410,-
ENSG00000160818.18,GPATCH4,chr1,156594300,156601496,-
ENSG00000170271.13,FAXDC2,chr5,154818485,154859252,-
ENSG00000135638.16,EMX1,chr2,72916183,72936071,+
ENSG00000114378.19,HYAL1,chr3,50299882,50312890,-
ENSG00000123836.17,PFKFB2,chr1,207034365,207081243,+
ENSG00000171992.15,SYNPO,chr5,150601079,150659208,+
ENSG00000164949.10,GEM,chr8,94249248,94262461,-
ENSG00000174151.17,CYB561D1,chr1,109494051,109502932,+
ENSG00000176428.8,VPS37D,chr7,73667830,73682024,+
ENSG00000182325.13,FBXL6,chr8,144355426,144359376,-
ENSG00000177984.8,LCN15,chr9,136759633,136766255,-
ENSG00000142623.12,PADI1,chr1,17205119,17246007,+
ENSG00000203724.13,C1orf53,chr1,197902448,197907492,+
ENSG00000116251.13,RPL22,chr1,6185019,6209389,-
ENSG00000006377.11,DLX6,chr7,97005552,97011040,+
ENSG00000148734.9,NPFFR1,chr10,70247328,70284011,-
ENSG00000205356.12,TECPR1,chr7,98214623,98252240,-
ENSG00000136854.28,STXBP1,chr9,127579369,127696027,+
ENSG00000138385.18,SSB,chr2,169791932,169812091,+
ENSG00000168374.13,ARF4,chr3,57571362,57598220,-
ENSG00000135912.13,TTLL4,chr2,218710772,218759724,+
ENSG00000168754.16,FAM178B,chr2,96875881,96986580,-
ENSG00000113369.10,ARRDC3,chr5,91368630,91383348,-
ENSG00000124587.16,PEX6,chr6,42959716,42979249,-
ENSG00000163798.16,SLC4A1AP,chr2,27663425,27695756,+
ENSG00000148290.12,SURF1,chr9,133351068,133356676,-
ENSG00000143851.19,PTPN7,chr1,202147011,202161588,-
ENSG00000165215.6,CLDN3,chr7,73768996,73770270,-
ENSG00000189410.14,SH2D5,chr1,20719723,20732837,-
ENSG00000188295.16,ZNF669,chr1,247098034,247104386,-
ENSG00000173110.8,HSPA6,chr1,161524539,161526894,+
ENSG00000093183.16,SEC22C,chr3,42546349,42601300,-
ENSG00000086589.14,RBM22,chr5,150690789,150701097,-
ENSG00000053372.7,MRTO4,chr1,19251554,19260128,+
ENSG00000146242.11,TPBG,chr6,82363199,82370827,+
ENSG00000293615.1,ENSG00000293615,chr2,69960103,70087320,-
ENSG00000112655.18,PTK7,chr6,43076255,43161719,+
ENSG00000122687.21,MRM2,chr7,2234194,2242229,-
ENSG00000144045.16,DQX1,chr2,74518130,74526396,-
ENSG00000167114.15,SLC27A4,chr9,128340474,128363283,+
ENSG00000142867.16,BCL10,chr1,85265775,85276640,-
ENSG00000146707.17,POMZP3,chr7,76601808,76627288,-
ENSG00000276302.1,ENSG00000276302,chr6,28267120,28281580,+
ENSG00000184163.4,C1QTNF12,chr1,1242445,1246934,-
ENSG00000152795.20,HNRNPDL,chr4,82422564,82430494,-
ENSG00000168779.21,SHOX2,chr3,158095904,158106420,-
ENSG00000257524.6,ENSG00000257524,chr9,127867849,127906022,-
ENSG00000160783.21,PMF1,chr1,156212988,156240585,+
ENSG00000136819.17,C9orf78,chr9,129827193,129835863,-
ENSG00000204160.14,ZDHHC18,chr1,26826667,26857604,+
ENSG00000174007.11,CEP19,chr3,196706267,196712603,-
ENSG00000144834.16,TAGLN3,chr3,111998734,112013890,+
ENSG00000158373.11,H2BC5,chr6,26158121,26171349,+
ENSG00000122585.10,NPY,chr7,24284181,24291867,+
ENSG00000115461.7,IGFBP5,chr2,216672104,216695549,-
ENSG00000057757.12,PITHD1,chr1,23778364,23788232,+
ENSG00000169989.5,TIGD4,chr4,152767909,152779778,-
ENSG00000289346.1,ENSG00000289346,chr7,74796149,74890585,-
ENSG00000131779.13,PEX11B,chr1,145911347,145918747,-
ENSG00000284956.1,ENSG00000284956,chr8,23084402,23115536,+
ENSG00000130720.15,FIBCD1,chr9,130900193,130941232,-
ENSG00000124713.8,GNMT,chr6,42960267,42970699,+
ENSG00000106305.12,AIMP2,chr7,6009225,6024655,+
ENSG00000137267.9,TUBB2A,chr6,3153496,3157553,-
ENSG00000136068.18,FLNB,chr3,58008397,58172251,+
ENSG00000137288.12,UQCC2,chr6,33690634,33711748,-
ENSG00000061337.17,LZTS1,chr8,20246164,20303970,-
ENSG00000151353.18,TMEM18,chr2,663876,677470,-
ENSG00000172889.18,EGFL7,chr9,136658283,136672684,+
ENSG00000270617.1,URGCP-MRPS24,chr7,43866557,43906589,-
ENSG00000116661.13,FBXO2,chr1,11637017,11655785,-
ENSG00000241852.13,C8orf58,chr8,22599587,22604271,+
ENSG00000027847.16,B4GALT7,chr5,177600080,177611056,+
ENSG00000198520.14,ARMH1,chr1,44674691,44725591,+
ENSG00000163235.18,TGFA,chr2,70447283,70554193,-
ENSG00000211445.14,GPX3,chr5,151020584,151030769,+
ENSG00000120949.16,TNFRSF8,chr1,12063078,12144221,+
ENSG00000143355.17,LHX9,chr1,197911901,197935478,+
ENSG00000198369.12,SPRED2,chr2,65310850,65432682,-
ENSG00000091137.16,SLC26A4,chr7,107660593,107717809,+
ENSG00000281039.1,ENSG00000281039,chr7,30497076,30550761,-
ENSG00000104738.21,MCM4,chr8,47960184,47979181,+
ENSG00000213337.11,ANKRD39,chr2,96836239,96858070,-
ENSG00000186051.8,TAL2,chr9,105656228,105665420,+
ENSG00000113525.12,IL5,chr5,132541443,132556838,-
ENSG00000213413.4,PVRIG,chr7,100218240,100221490,+
ENSG00000084636.20,COL16A1,chr1,31652246,31704387,-
ENSG00000166228.11,PCBD1,chr10,70882279,70888616,-
ENSG00000143815.17,LBR,chr1,225400899,225428925,-
ENSG00000198569.11,SLC34A3,chr9,137230756,137236555,+
ENSG00000107140.19,TESK1,chr9,35605234,35610328,+
ENSG00000113194.15,FAF2,chr5,176447627,176510075,+
ENSG00000160862.15,AZGP1,chr7,99966719,99976074,-
ENSG00000115073.10,ACTR1B,chr2,97655938,97664114,-
ENSG00000151693.13,ASAP2,chr2,9206601,9405683,+
ENSG00000272647.3,ENSG00000272647,chr7,99558694,99607810,+
ENSG00000170265.14,ZNF282,chr7,149195501,149226243,+
ENSG00000135045.8,C9orf40,chr9,74945946,74952921,-
ENSG00000160712.15,IL6R,chr1,154405140,154469450,+
ENSG00000184731.7,FAM110C,chr2,38813,47084,-
ENSG00000170846.17,MRFAP1L2,chr4,6663395,6676755,+
ENSG00000135625.10,EGR4,chr2,73290926,73293721,-
ENSG00000159588.17,CCDC17,chr1,45620043,45624062,-
ENSG00000158864.15,NDUFS2,chr1,161197103,161214723,+
ENSG00000213626.14,LBH,chr2,30231530,30325821,+
ENSG00000165282.18,PIGO,chr9,35085491,35096632,-
ENSG00000104368.21,PLAT,chr8,42174717,42207709,-
ENSG00000170214.6,ADRA1B,chr5,159865079,159973012,+
ENSG00000143612.23,LTAP1,chr1,154206665,154220686,-
ENSG00000143819.15,EPHX1,chr1,225810047,225845567,+
ENSG00000124641.18,MED20,chr6,41905330,41921147,-
ENSG00000121716.22,PILRB,chr7,100351626,100367831,+
ENSG00000142330.22,CAPN10,chr2,240586365,240618845,+
ENSG00000131931.10,THAP1,chr8,42836248,42843364,-
ENSG00000118257.18,NRP2,chr2,205681989,205798133,+
ENSG00000198746.15,GPATCH3,chr1,26890487,26900478,-
ENSG00000151093.10,OXSM,chr3,25782916,25797141,+
ENSG00000128563.15,PRKRIP1,chr7,102363807,102426679,+
ENSG00000158014.17,SLC30A2,chr1,26037251,26046174,-
ENSG00000120727.15,PAIP2,chr5,139341586,139369733,+
ENSG00000143373.20,ZNF687,chr1,151281501,151292180,+
ENSG00000173269.16,MMRN2,chr10,86935539,86969481,-
ENSG00000165886.7,UBTD1,chr10,97498851,97571206,+
ENSG00000104415.15,CCN4,chr8,133190865,133231690,+
ENSG00000235387.7,SPAAR,chr9,35909487,35937153,+
ENSG00000109321.13,AREG,chr4,74444998,74455005,+
ENSG00000176731.14,RBIS,chr8,85213640,85220793,-
ENSG00000168936.14,TMEM129,chr4,1715950,1721367,-
ENSG00000116521.14,SCAMP3,chr1,155255978,155262433,-
ENSG00000142621.23,FHAD1,chr1,15236520,15400283,+
ENSG00000127418.17,FGFRL1,chr4,1008648,1026901,+
ENSG00000118017.6,A4GNT,chr3,138122900,138132416,-
ENSG00000138326.23,RPS24,chr10,78033722,78056813,+
ENSG00000237765.10,FAM200B,chr4,15681505,15690447,+
ENSG00000105849.8,POLR1F,chr7,19695394,19709066,-
ENSG00000146676.10,PURB,chr7,44876298,44885530,-
ENSG00000115207.17,GTF3C2,chr2,27324197,27357566,-
ENSG00000106080.12,FKBP14,chr7,30004405,30026716,-
ENSG00000105974.15,CAV1,chr7,116524984,116561179,+
ENSG00000127054.24,INTS11,chr1,1311584,1324688,-
ENSG00000189292.19,ALKAL2,chr2,278285,289623,-
ENSG00000160688.21,FLAD1,chr1,154983310,154993111,+
ENSG00000117400.19,MPL,chr1,43337807,43354466,+
ENSG00000205143.7,ARID3C,chr9,34621048,34630503,-
ENSG00000041988.18,THAP3,chr1,6624844,6635612,+
ENSG00000180535.6,BHLHA15,chr7,98211431,98215457,+
ENSG00000164600.8,NEUROD6,chr7,31337065,31340901,-
ENSG00000119729.14,RHOQ,chr2,46541805,46602046,+
ENSG00000113460.15,BRIX1,chr5,34915272,34926622,+
ENSG00000145029.17,NICN1,chr3,49422332,49429331,-
ENSG00000119280.19,C1orf198,chr1,230837118,230869589,-
ENSG00000152291.17,TGOLN2,chr2,85311667,85328301,-
ENSG00000198522.16,GPN1,chr2,27628246,27652152,+
ENSG00000115163.17,CENPA,chr2,26764288,26801067,+
ENSG00000178966.18,RMI1,chr9,83980354,84004078,+
ENSG00000183513.11,COA5,chr2,98598241,98608542,-
ENSG00000179546.7,HTR1D,chr1,23190177,23217547,-
ENSG00000138835.25,RGS3,chr9,113444730,113597743,+
ENSG00000293253.2,ENSG00000293253,chr1,53413148,53440018,-
ENSG00000166321.16,NUDT13,chr10,73110374,73131828,+
ENSG00000106635.10,BCL7B,chr7,73536354,73558017,-
ENSG00000122733.14,PHF24,chr9,34957607,34982544,+
ENSG00000169020.12,ATP5ME,chr4,672422,674400,-
ENSG00000043143.24,JADE2,chr5,134523978,134583230,+
ENSG00000049656.16,CLPTM1L,chr5,1316820,1345100,-
ENSG00000143420.21,ENSA,chr1,150599670,150629633,-
ENSG00000125637.18,PSD4,chr2,113157324,113209396,+
ENSG00000105880.8,DLX5,chr7,97020104,97024950,-
ENSG00000137414.9,FAM8A1,chr6,17600275,17611719,+
ENSG00000176381.6,PRR18,chr6,166305299,166308448,-
ENSG00000181817.8,LSM10,chr1,36388813,36397945,-
ENSG00000119523.12,ALG2,chr9,99216424,99221992,-
ENSG00000198842.11,STYXL2,chr1,167094068,167129209,+
ENSG00000132698.17,RAB25,chr1,156061146,156070514,+
ENSG00000124380.13,SNRNP27,chr2,69893943,69907658,+
ENSG00000115641.21,FHL2,chr2,105352158,105438585,-
ENSG00000162585.19,FAAP20,chr1,2184410,2212720,-
ENSG00000151726.18,ACSL1,chr4,184755500,184826853,-
ENSG00000285437.4,POLR2J3,chr7,102552327,102572620,-
ENSG00000105953.18,OGDH,chr7,44606495,44710116,+
ENSG00000145476.18,CYP4V2,chr4,186191257,186215245,+
ENSG00000283706.2,PRSS50,chr3,46712116,46717869,-
ENSG00000196378.16,ZNF34,chr8,144770440,144788684,-
ENSG00000230667.7,SETSIP,chr1,92074532,92075411,-
ENSG00000117450.17,PRDX1,chr1,45510913,45542816,-
ENSG00000183808.14,RBM12B,chr8,93728154,93741098,-
ENSG00000177628.18,GBA1,chr1,155231269,155245178,-
ENSG00000137100.18,DCTN3,chr9,34613544,34620529,-
ENSG00000249915.11,PDCD6,chr5,271451,314978,+
ENSG00000284718.1,SCYGR7,chr2,227728334,227728625,+
ENSG00000168131.4,OR2B2,chr6,27911184,27912396,-
ENSG00000016864.21,GLT8D1,chr3,52691526,52706368,-
ENSG00000136240.12,KDELR2,chr7,6445952,6484224,-
ENSG00000213672.10,NCKIPSD,chr3,48662985,48686364,-
ENSG00000129103.21,SUMF2,chr7,56064001,56087955,+
ENSG00000182749.8,PAQR7,chr1,25861210,25875968,-
ENSG00000106144.22,CASP2,chr7,143288214,143307696,+
ENSG00000128617.4,OPN1SW,chr7,128771754,128775794,-
ENSG00000143811.22,PYCR2,chr1,225914981,225924340,-
ENSG00000019582.19,CD74,chr5,150401636,150412969,-
ENSG00000180822.14,PSMG4,chr6,3231402,3304360,+
ENSG00000168874.16,ATOH8,chr2,85751343,85794266,+
ENSG00000170027.8,YWHAG,chr7,76326798,76359022,-
ENSG00000146909.10,NOM1,chr7,156949705,156973176,+
ENSG00000115568.18,ZNF142,chr2,218633328,218659655,-
ENSG00000285245.1,ENSG00000285245,chr9,133098120,133163914,-
ENSG00000238227.10,TMEM250,chr9,136113066,136118946,-
ENSG00000105835.15,NAMPT,chr7,106248297,106291225,-
ENSG00000115806.15,GORASP2,chr2,170928463,170967135,+
ENSG00000162910.21,MRPL55,chr1,228105948,228109358,-
ENSG00000163464.9,CXCR1,chr2,218162840,218166969,-
ENSG00000175287.21,PHYHD1,chr9,128920965,128942051,+
ENSG00000243335.11,KCTD7,chr7,66628864,66649067,+
ENSG00000006634.10,DBF4,chr7,87876215,87909553,+
ENSG00000172724.13,CCL19,chr9,34689561,34691355,-
ENSG00000165025.17,SYK,chr9,90801578,90898549,+
ENSG00000095321.20,CRAT,chr9,129092812,129111313,-
ENSG00000011007.15,ELOA,chr1,23743152,23762059,+
ENSG00000196422.13,PPP1R26,chr9,135479072,135488897,+
ENSG00000178467.20,P4HTM,chr3,48989857,49007153,+
ENSG00000146755.12,TRIM50,chr7,73312535,73328082,-
ENSG00000187017.19,ESPN,chr1,6424769,6461367,+
ENSG00000114854.9,TNNC1,chr3,52451081,52454071,-
ENSG00000052723.14,SIKE1,chr1,114769478,114780706,-
ENSG00000143839.17,REN,chr1,204154814,204190324,-
ENSG00000273155.1,ENSG00000273155,chr2,99154997,99195298,+
ENSG00000198624.15,CCDC69,chr5,151181048,151224156,-
ENSG00000250571.9,GLI4,chr8,143263192,143276937,+
ENSG00000143369.17,ECM1,chr1,150507988,150515000,+
ENSG00000160360.14,GPSM1,chr9,136327424,136359608,+
ENSG00000187742.17,SECISBP2,chr9,89318459,89367116,+
ENSG00000106868.19,SUSD1,chr9,112040776,112175535,-
ENSG00000164292.15,RHOBTB3,chr5,95713521,95824383,+
ENSG00000169814.20,BTD,chr3,15601340,15722522,+
ENSG00000144362.14,PHOSPHO2,chr2,169694434,169704808,+
ENSG00000161203.16,AP2M1,chr3,184174688,184184214,+
ENSG00000197756.12,RPL37A,chr2,216498796,216580097,+
ENSG00000168828.6,OR13J1,chr9,35869462,35870401,-
ENSG00000188725.10,SMIM15,chr5,61153909,61163142,-
ENSG00000131015.7,ULBP2,chr6,149941937,149949235,+
ENSG00000146858.9,ZC3HAV1L,chr7,139021497,139036219,-
ENSG00000043514.18,TRIT1,chr1,39838109,39883511,-
ENSG00000165118.16,QNG1,chr9,83936359,83956986,-
ENSG00000137936.20,BCAR3,chr1,93561177,93847488,-
ENSG00000189241.9,TSPYL1,chr6,116267759,116279930,-
ENSG00000150753.14,CCT5,chr5,10249928,10266389,+
ENSG00000165637.16,VDAC2,chr10,75209977,75231463,+
ENSG00000114654.10,EFCC1,chr3,129001301,129040742,+
ENSG00000277443.5,MARCKS,chr6,113857333,113864997,+
ENSG00000169499.17,PLEKHA2,chr8,38901023,38973912,+
ENSG00000116985.13,BMP8B,chr1,39756764,39788865,-
ENSG00000137203.15,TFAP2A,chr6,10393185,10419659,-
ENSG00000163623.11,NKX6-1,chr4,84491939,84499366,-
ENSG00000146054.20,TRIM7,chr5,181193923,181205309,-
ENSG00000133561.17,GIMAP6,chr7,150625374,150632651,-
ENSG00000197279.7,ZNF165,chr6,28080275,28089563,+
ENSG00000120533.14,ENY2,chr8,109333554,109345954,+
ENSG00000164363.10,SLC6A18,chr5,1225380,1246189,+
ENSG00000155367.18,PPM1J,chr1,112709993,112715502,-
ENSG00000145592.16,RPL37,chr5,40822127,40835336,-
ENSG00000132881.14,CPLANE2,chr1,16231691,16237214,-
ENSG00000116898.14,MRPS15,chr1,36455717,36464418,-
ENSG00000010256.14,UQCRC1,chr3,48598989,48610976,-
ENSG00000173302.5,GPR148,chr2,130729069,130730336,+
ENSG00000112874.12,NUDT12,chr5,103548854,103562817,-
ENSG00000162971.13,TYW5,chr2,199928912,199955818,-
ENSG00000214681.4,IQCF5,chr3,51873720,51875601,-
ENSG00000196748.12,CLPSL2,chr6,35776534,35779557,+
ENSG00000142748.16,FCN3,chr1,27369107,27374920,-
ENSG00000167702.15,KIFC2,chr8,144465939,144474202,+
ENSG00000163702.23,IL17RC,chr3,9917039,9933630,+
ENSG00000188986.10,NELFB,chr9,137255209,137273542,+
ENSG00000165028.14,NIPSNAP3B,chr9,104763726,104777764,+
ENSG00000095383.21,TBC1D2,chr9,98198998,98256427,-
ENSG00000184908.22,CLCNKB,chr1,16040251,16057367,+
ENSG00000144550.16,CPNE9,chr3,9703690,9729908,+
ENSG00000106633.18,GCK,chr7,44143212,44198170,-
ENSG00000122711.10,SPINK4,chr9,33218364,33248567,+
ENSG00000171311.15,EXOSC1,chr10,97428013,97446085,-
ENSG00000253304.4,TMEM200B,chr1,29119425,29123935,-
ENSG00000115539.17,PDCL3,chr2,100562801,100577483,+
ENSG00000113141.20,IK,chr5,140647057,140662480,+
ENSG00000136933.19,RABEPK,chr9,125189185,125234161,+
ENSG00000107187.17,LHX3,chr9,136196249,136205128,-
ENSG00000158796.19,DEDD,chr1,161120956,161133280,-
ENSG00000096088.18,PGC,chr6,41736702,41754109,-
ENSG00000082781.14,ITGB5,chr3,124757792,124901418,-
ENSG00000236398.2,TAS2R39,chr7,143183418,143184435,+
ENSG00000271601.6,LIX1L,chr1,145933422,145958055,-
ENSG00000171680.25,PLEKHG5,chr1,6467121,6520074,-
ENSG00000169252.6,ADRB2,chr5,148826610,148828623,+
ENSG00000229937.9,PRPS1L1,chr7,18026769,18027846,-
ENSG00000117411.20,B4GALT2,chr1,43978942,43991173,+
ENSG00000159479.19,MED8,chr1,43383905,43389823,-
ENSG00000167123.22,CERCAM,chr9,128411574,128437362,+
ENSG00000118292.11,C1orf54,chr1,150268033,150281744,+
ENSG00000164867.13,NOS3,chr7,150991016,151015653,+
ENSG00000158411.12,MITD1,chr2,99161426,99181352,-
ENSG00000187840.7,EIF4EBP1,chr8,38030493,38060380,+
ENSG00000172059.13,KLF11,chr2,10042848,10054958,+
ENSG00000168883.22,USP39,chr2,85602855,85657710,+
ENSG00000152133.19,GPATCH11,chr2,37084417,37099301,+
ENSG00000106012.21,IQCE,chr7,2558902,2614733,+
ENSG00000113328.23,CCNG1,chr5,163437568,163457635,+
ENSG00000197948.13,FCHSD1,chr5,141639295,141651430,-
ENSG00000134057.17,CCNB1,chr5,69167003,69178389,+
ENSG00000213214.8,ARHGEF35,chr7,144182887,144195879,-
ENSG00000265190.9,ANXA8,chr10,47460161,47484175,-
ENSG00000106588.14,PSMA2,chr7,42916827,42932223,-
ENSG00000174021.14,GNG5,chr1,84489406,84507237,-
ENSG00000135632.14,SMYD5,chr2,73214221,73227229,+
ENSG00000115507.12,OTX1,chr2,63050056,63057836,+
ENSG00000114391.16,RPL24,chr3,101677659,101686825,-
ENSG00000204003.8,ENSG00000204003,chr9,136738166,136748453,-
ENSG00000136247.17,ZDHHC4,chr7,6577404,6589374,+
ENSG00000157303.13,SUSD3,chr9,93058683,93085141,+
ENSG00000163382.15,NAXE,chr1,156591737,156609507,+
ENSG00000106803.12,SEC61B,chr9,99222063,99230696,+
ENSG00000172548.16,NIPAL4,chr5,157460212,157474723,+
ENSG00000049249.11,TNFRSF9,chr1,7915870,7943165,-
ENSG00000167118.13,URM1,chr9,128371340,128392017,+
ENSG00000124006.17,OBSL1,chr2,219550726,219572076,-
ENSG00000067334.15,DNTTIP2,chr1,93866283,93879918,-
ENSG00000180992.9,MRPL14,chr6,44078274,44134339,-
ENSG00000255833.3,TIFAB,chr5,135444225,135452388,-
ENSG00000176732.9,PFN4,chr2,24112082,24123734,-
ENSG00000084731.17,KIF3C,chr2,25926179,25982761,-
ENSG00000114859.18,CLCN2,chr3,184346184,184363274,-
ENSG00000090097.24,PCBP4,chr3,51957447,51974630,-
ENSG00000136717.17,BIN1,chr2,127048016,127107556,-
ENSG00000189298.16,ZKSCAN3,chr6,28349910,28369186,+
ENSG00000048140.20,TSPAN17,chr5,176647386,176667523,+
ENSG00000143382.18,ADAMTSL4,chr1,150549368,150560937,+
ENSG00000138382.17,METTL5,chr2,169810080,169824931,-
ENSG00000138028.18,CGREF1,chr2,27098852,27119139,-
ENSG00000011275.20,RNF216,chr7,5620046,5781696,-
ENSG00000145198.17,VWA5B2,chr3,184228995,184242342,+
ENSG00000176884.18,GRIN1,chr9,137138345,137168765,+
ENSG00000147883.14,CDKN2B,chr9,22002899,22009325,-
ENSG00000072195.16,SPEG,chr2,219434470,219493629,+
ENSG00000135002.13,RFK,chr9,76385516,76394536,-
ENSG00000158882.17,TOMM40L,chr1,161225938,161233755,+
ENSG00000065548.21,ZC3H15,chr2,186485889,186513373,+
ENSG00000124383.13,MPHOSPH10,chr2,71130304,71150101,+
ENSG00000168505.8,GBX2,chr2,236165235,236168395,-
ENSG00000136999.7,CCN3,chr8,119416367,119424453,+
ENSG00000260220.7,CCDC187,chr9,136249972,136306901,-
ENSG00000120318.18,ARAP3,chr5,141653203,141682255,-
ENSG00000225968.9,ELFN1,chr7,1665744,1747946,+
ENSG00000095370.22,SH2D3C,chr9,127738316,127778771,-
ENSG00000159176.16,CSRP1,chr1,201483529,201540142,-
ENSG00000160917.17,CPSF4,chr7,99438907,99458910,+
ENSG00000074317.13,SNCB,chr5,176620081,176630672,-
ENSG00000134748.15,PRPF38A,chr1,52404059,52421226,+
ENSG00000163346.19,PBXIP1,chr1,154944058,154956451,-
ENSG00000146278.12,PNRC1,chr6,89080746,89087711,+
ENSG00000224940.12,PRRT4,chr7,128350324,128361940,-
ENSG00000155542.14,SETD9,chr5,56909259,56926521,+
ENSG00000196363.12,WDR5,chr9,134134345,134159971,+
ENSG00000106258.18,CYP3A5,chr7,99647441,99680043,-
ENSG00000049239.15,H6PD,chr1,9234738,9278217,+
ENSG00000164715.8,LMTK2,chr7,98106857,98209638,+
ENSG00000186501.17,TMEM222,chr1,27322138,27336401,+
ENSG00000081692.15,JMJD4,chr1,227730411,227735413,-
ENSG00000254726.3,MEX3A,chr1,156072012,156082465,-
ENSG00000127415.15,IDUA,chr4,986996,1008344,+
ENSG00000113838.15,TBCCD1,chr3,186546023,186570543,-
ENSG00000116857.19,TMEM9,chr1,201134771,201172330,-
ENSG00000189129.16,PLAC9,chr10,80131681,80147044,+
ENSG00000285655.1,ENSG00000285655,chr8,66430184,66445324,+
ENSG00000163704.15,PRRT3,chr3,9939449,9952442,-
ENSG00000222046.5,DCDC2B,chr1,32209078,32216196,+
ENSG00000230054.4,TEX53,chr9,114656301,114662374,-
ENSG00000196990.12,FAM163B,chr9,133577075,133609420,-
ENSG00000173567.17,ADGRF3,chr2,26308172,26346817,-
ENSG00000117448.16,AKR1A1,chr1,45550474,45570051,+
ENSG00000143869.8,GDF7,chr2,20667133,20679243,+
ENSG00000091409.19,ITGA6,chr2,172234215,172506565,+
ENSG00000172037.16,LAMB2,chr3,49121112,49133118,-
ENSG00000160799.15,CCDC12,chr3,46916633,46982010,-
ENSG00000128567.19,PODXL,chr7,131500253,131558217,-
ENSG00000130427.4,EPO,chr7,100720464,100723700,+
ENSG00000055118.20,KCNH2,chr7,150944063,150978394,-
ENSG00000156990.16,RPUSD3,chr3,9831632,9844602,-
ENSG00000179921.16,GPBAR1,chr2,218259495,218263861,+
ENSG00000106636.11,YKT6,chr7,44200958,44214294,+
ENSG00000185909.17,KLHDC8B,chr3,49171238,49176487,+
ENSG00000065978.21,YBX1,chr1,42682143,42703805,+
ENSG00000115514.14,TXNDC9,chr2,99306475,99340702,-
ENSG00000186684.16,CYP27C1,chr2,127183831,127220385,-
ENSG00000122203.17,KIAA1191,chr5,176339649,176366459,-
ENSG00000058085.17,LAMC2,chr1,183186056,183245127,+
ENSG00000015479.22,MATR3,chr5,139273751,139332518,+
ENSG00000168938.8,PPIC,chr5,123022051,123036727,-
ENSG00000115520.11,COQ10B,chr2,197453437,197475488,+
ENSG00000145839.2,IL9,chr5,135892245,135895841,-
ENSG00000164294.16,GPX8,chr5,55160000,55167299,+
ENSG00000106460.22,TMEM106B,chr7,12210930,12243367,+
ENSG00000163263.8,CFAP141,chr1,154199084,154206352,-
ENSG00000163814.10,CDCP1,chr3,45082276,45146483,-
ENSG00000164932.15,CTHRC1,chr8,103371496,103383815,+
ENSG00000310592.1,ENSG00000310592,chr5,134818915,134855133,+
ENSG00000160325.17,CACFD1,chr9,133459964,133470848,+
ENSG00000213085.11,CFAP45,chr1,159872363,159900165,-
ENSG00000116685.19,KIAA2013,chr1,11919589,11926428,-
ENSG00000213265.9,TSGA13,chr7,130668642,130687432,-
ENSG00000160999.13,SH2B2,chr7,102284994,102321712,+
ENSG00000136273.16,HUS1,chr7,47961881,47979682,-
ENSG00000178732.6,GP5,chr3,194394820,194399266,-
ENSG00000125945.17,ZNF436,chr1,23359447,23369960,-
ENSG00000122694.18,GLIPR2,chr9,36136416,36163913,+
ENSG00000135898.12,GPR55,chr2,230907317,230961066,-
ENSG00000173726.13,TOMM20,chr1,235109336,235128962,-
ENSG00000142224.18,IL19,chr1,206770763,206842981,+
ENSG00000145741.18,BTF3,chr5,73498407,73507479,+
ENSG00000164091.14,WDR82,chr3,52254433,52288020,-
ENSG00000234545.10,FAM133B,chr7,92560653,92590417,-
ENSG00000168484.15,SFTPC,chr8,22156912,22164479,+
ENSG00000146540.17,CHLSN,chr7,979162,1138313,-
ENSG00000119777.22,TMEM214,chr2,27032909,27041697,+
ENSG00000169231.15,THBS3,chr1,155195583,155209203,-
ENSG00000187583.13,PLEKHN1,chr1,966436,975865,+
ENSG00000270136.6,MICOS10-NBL1,chr1,19597066,19656927,+
ENSG00000284701.1,TMEM247,chr2,46479564,46484425,+
ENSG00000116514.19,RNF19B,chr1,32929035,32964938,-
ENSG00000162490.9,DRAXIN,chr1,11690957,11725857,+
ENSG00000293560.3,MYH16,chr7,99272838,99311132,+
ENSG00000143375.17,CGN,chr1,151510138,151538692,+
ENSG00000187942.12,LDLRAD2,chr1,21812264,21825225,+
ENSG00000114745.17,GORASP1,chr3,39095221,39108369,-
ENSG00000213523.14,SRA1,chr5,140536449,140557920,-
ENSG00000122133.19,PAEP,chr9,135561749,135566955,+
ENSG00000158856.20,DMTN,chr8,22048994,22082527,+
ENSG00000108179.16,PPIF,chr10,79347460,79355350,+
ENSG00000115137.13,DNAJC27,chr2,24943635,24972094,-
ENSG00000106689.12,LHX2,chr9,124001669,124033301,+
ENSG00000155868.10,MED7,chr5,157134847,157159019,-
ENSG00000158286.15,RNF207,chr1,6205391,6224634,+
ENSG00000221937.4,TAS2R40,chr7,143222036,143223079,+
ENSG00000189334.11,S100A14,chr1,153614254,153616996,-
ENSG00000255154.10,HTD2,chr3,58306238,58324695,+
ENSG00000163684.13,RPP14,chr3,58306238,58324695,+
ENSG00000132300.21,PTCD3,chr2,86106222,86142157,+
ENSG00000168393.15,DTYMK,chr2,241675737,241686981,-
ENSG00000112195.10,TREML2,chr6,41189748,41201149,-
ENSG00000152804.13,HHEX,chr10,92689892,92695647,+
ENSG00000137054.18,POLR1E,chr9,37481694,37503701,+
ENSG00000286905.1,ENSG00000286905,chr2,3532007,3558333,-
ENSG00000130775.18,THEMIS2,chr1,27872536,27887067,+
ENSG00000095637.25,SORBS1,chr10,95311389,95561469,-
ENSG00000136213.12,CHST12,chr7,2403441,2448484,+
ENSG00000124702.21,KLHDC3,chr6,43014102,43021314,+
ENSG00000121797.12,CCRL2,chr3,46407143,46412997,+
ENSG00000132563.19,REEP2,chr5,138438975,138446969,+
ENSG00000241635.9,UGT1A1,chr2,233760261,233773313,+
ENSG00000034533.14,ASTE1,chr3,131013064,131027649,-
ENSG00000120885.24,CLU,chr8,27596916,27635085,-
ENSG00000204311.17,PJVK,chr2,178451345,178462408,+
ENSG00000132677.15,RHBG,chr1,156369014,156385221,+
ENSG00000137955.18,RABGGTB,chr1,75786170,75795337,+
ENSG00000115902.13,SLC1A4,chr2,64988476,65023865,+
ENSG00000164323.17,CFAP97,chr4,185158960,185210815,-
ENSG00000142657.23,PGD,chr1,10398591,10420511,+
ENSG00000167157.13,PRRX2,chr9,129665523,129722674,+
ENSG00000147872.12,PLIN2,chr9,19108374,19149369,-
ENSG00000143816.9,WNT9A,chr1,227918655,227947939,-
ENSG00000164548.14,TRA2A,chr7,23504779,23532041,-
ENSG00000183696.16,UPP1,chr7,48088597,48108736,+
ENSG00000183155.7,RABIF,chr1,202876228,202889227,-
ENSG00000206262.11,FOXL2NB,chr3,138947176,138953990,+
ENSG00000142920.20,AZIN2,chr1,33081103,33123492,+
ENSG00000134686.23,PHC2,chr1,33321754,33431095,-
ENSG00000048544.9,MRPS10,chr6,42205716,42217881,-
ENSG00000116871.18,MAP7D1,chr1,36155540,36180849,+
ENSG00000164331.12,ANKRA2,chr5,73552189,73565712,-
ENSG00000125484.14,GTF3C4,chr9,132670022,132694953,+
ENSG00000179178.13,TMEM125,chr1,43269975,43274007,+
ENSG00000138029.16,HADHB,chr2,26243169,26290473,+
ENSG00000272398.7,CD24,chr6,106969830,106975802,-
ENSG00000124795.19,DEK,chr6,18223859,18265997,-
ENSG00000170445.18,HARS1,chr5,140673034,140691537,-
ENSG00000146776.16,ATXN7L1,chr7,105604771,105877400,-
ENSG00000214842.7,RAD51AP2,chr2,17510158,17518440,-
ENSG00000132313.16,MRPL35,chr2,86199354,86222540,+
ENSG00000250254.2,PTTG2,chr4,37960397,37961128,+
ENSG00000116670.19,MAD2L2,chr1,11657229,11692605,-
ENSG00000128510.13,CPA4,chr7,130293117,130324180,+
ENSG00000119782.15,FKBP1B,chr2,24049673,24067714,+
ENSG00000085662.16,AKR1B1,chr7,134441788,134459284,-
ENSG00000170340.13,B3GNT2,chr2,62195484,62226271,+
ENSG00000114491.16,UMPS,chr3,124730432,124749384,+
ENSG00000087269.18,NOP14,chr4,2937924,2963502,-
ENSG00000137168.10,PPIL1,chr6,36852060,36885868,-
ENSG00000163938.19,GNL3,chr3,52681155,52696160,+
ENSG00000159173.21,TNNI1,chr1,201403783,201429866,-
ENSG00000160932.13,LY6E,chr8,143012721,143023835,+
ENSG00000213585.13,VDAC1,chr5,133971870,134005360,-
ENSG00000178015.5,GPR150,chr5,95620086,95622142,+
ENSG00000071575.13,TRIB2,chr2,12716909,12742734,+
ENSG00000137185.15,ZSCAN9,chr6,28224885,28233487,+
ENSG00000077080.12,ACTL6B,chr7,100643096,100656458,-
ENSG00000115221.15,ITGB6,chr2,160099660,160271888,-
ENSG00000164924.20,YWHAZ,chr8,100914525,100953397,-
ENSG00000168291.15,PDHB,chr3,58425142,58434012,-
ENSG00000168306.15,ACOX2,chr3,58504543,58537400,-
ENSG00000168036.21,CTNNB1,chr3,41194740,41260096,+
ENSG00000183111.14,ARHGEF37,chr5,149551946,149637962,+
ENSG00000059728.13,MXD1,chr2,69897687,69942945,+
ENSG00000071967.14,CYBRD1,chr2,171522246,171558133,+
ENSG00000182095.16,TNRC18,chr7,5306789,5425414,-
ENSG00000163026.13,WDCP,chr2,24029346,24049575,-
ENSG00000162520.17,SYNC,chr1,32679411,32703596,-
ENSG00000212993.6,POU5F1B,chr8,127322182,127420066,+
ENSG00000117592.11,PRDX6,chr1,173476813,173494013,+
ENSG00000065802.14,ASB1,chr2,238426741,238452250,+
ENSG00000081307.17,UBA5,chr3,132654445,132679794,+
ENSG00000158747.17,NBL1,chr1,19596978,19659413,+
ENSG00000160767.25,ENTREP3,chr1,155247204,155255824,-
ENSG00000243449.10,NICOL1,chr4,2040627,2043964,+
ENSG00000135318.14,NT5E,chr6,85449583,85547684,+
ENSG00000135334.11,AKIRIN2,chr6,87674859,87702275,-
ENSG00000275074.4,NUDT18,chr8,22101007,22109444,-
ENSG00000160801.16,PTH1R,chr3,46877705,46903799,+
ENSG00000184307.19,ZDHHC23,chr3,113947705,113965401,+
ENSG00000123545.8,NDUFAF4,chr6,96889310,96897897,-
ENSG00000160679.14,CHTOP,chr1,153633981,153646306,+
ENSG00000090520.14,DNAJB11,chr3,186567402,186585800,+
ENSG00000214513.5,NOTO,chr2,73202569,73212513,+
ENSG00000115607.12,IL18RAP,chr2,102418569,102452567,+
ENSG00000176986.18,SEC24C,chr10,73744347,73772173,+
ENSG00000106153.16,CHCHD2,chr7,56094566,56106531,-
ENSG00000143258.18,USP21,chr1,161159449,161165723,+
ENSG00000104221.15,BRF2,chr8,37843267,37849911,-
ENSG00000144746.9,ARL6IP5,chr3,69084784,69106092,+
ENSG00000171357.7,LURAP1,chr1,46203190,46223718,+
ENSG00000105821.17,DNAJC2,chr7,103310496,103344837,-
ENSG00000114268.14,PFKFB4,chr3,48517667,48562015,-
ENSG00000143401.17,ANP32E,chr1,150217462,150236202,-
ENSG00000148384.16,INPP5E,chr9,136428614,136439882,-
ENSG00000138459.11,SLC35A5,chr3,112561268,112587350,+
ENSG00000143158.13,MPC2,chr1,167916674,167937515,-
ENSG00000177551.6,NHLH2,chr1,115836376,115843917,-
ENSG00000175877.5,TMEM270,chr7,73861158,73865891,+
ENSG00000239305.9,RNF103,chr2,86602510,86623900,-
ENSG00000237412.7,PRSS56,chr2,232520387,232525716,+
ENSG00000136848.20,DAB2IP,chr9,121567056,121785530,+
ENSG00000144043.14,TEX261,chr2,70968324,70994873,-
ENSG00000291316.1,TMEM276-ZFTRAF1,chr8,144449581,144465430,-
ENSG00000176083.20,ZNF683,chr1,26361633,26374522,-
ENSG00000215183.6,MSMP,chr9,35752989,35756613,-
ENSG00000145919.13,BOD1,chr5,173603721,173616694,-
ENSG00000144659.15,SLC25A38,chr3,39383291,39397426,+
ENSG00000169914.8,OTUD3,chr1,19882367,19912945,+
ENSG00000078967.15,UBE2D4,chr7,43925798,43956136,+
ENSG00000135900.6,MRPL44,chr2,223957385,223969078,+
ENSG00000128699.17,ORMDL1,chr2,189765544,189784395,-
ENSG00000168495.15,POLR3D,chr8,22245077,22254601,+
ENSG00000164045.14,CDC25A,chr3,48157145,48188428,-
ENSG00000095261.16,PSMD5,chr9,120815495,120843388,-
ENSG00000118245.3,TNP1,chr2,216859457,216865732,-
ENSG00000175279.23,CENPS,chr1,10430389,10442813,+
ENSG00000143337.20,TOR1AIP1,chr1,179882041,179921442,+
ENSG00000148337.24,CIZ1,chr9,128161232,128204482,-
ENSG00000164972.15,SPMIP6,chr9,34379018,34397828,-
ENSG00000090534.22,THPO,chr3,184367388,184381968,-
ENSG00000120337.10,TNFSF18,chr1,173039201,173050941,-
ENSG00000124614.19,RPS10,chr6,34417446,34426237,-
ENSG00000132330.20,SCLY,chr2,238060875,238099413,+
ENSG00000253626.4,EIF5AL1,chr10,79512532,79516440,+
ENSG00000143294.17,PRCC,chr1,156750609,156800818,+
ENSG00000135185.14,TMEM243,chr7,87191687,87220597,-
ENSG00000124743.7,KLHL31,chr6,53647915,53665868,-
ENSG00000107223.15,EDF1,chr9,136862112,136866343,-
ENSG00000144230.19,GPR17,chr2,127645863,127656181,+
ENSG00000146648.23,EGFR,chr7,55018819,55211628,+
ENSG00000164053.24,ATRIP,chr3,48446709,48467645,+
ENSG00000146701.14,MDH2,chr7,76048036,76067508,+
ENSG00000106009.18,BRAT1,chr7,2537783,2555782,-
ENSG00000181751.12,MACIR,chr5,103258387,103280933,+
ENSG00000117385.18,P3H1,chr1,42746334,42767084,-
ENSG00000117713.23,ARID1A,chr1,26693235,26782104,+
ENSG00000115297.11,TLX2,chr2,74513462,74517148,+
ENSG00000288705.2,UGT1A5,chr2,233712906,233773310,+
ENSG00000143971.11,ETAA1,chr2,67397314,67412120,+
ENSG00000118526.9,TCF21,chr6,133889105,133896857,+
ENSG00000142694.9,EVA1B,chr1,36322029,36324154,-
ENSG00000160867.17,FGFR4,chr5,177086455,177098156,+
ENSG00000233954.7,UQCRHL,chr1,15807168,15809348,-
ENSG00000116001.19,TIA1,chr2,70209443,70248761,-
ENSG00000188523.11,CFAP77,chr9,132410042,132573319,+
ENSG00000175874.11,CREG2,chr2,101345549,101387697,-
ENSG00000092621.15,PHGDH,chr1,119648410,119744227,+
ENSG00000256029.6,ENSG00000256029,chr1,159834473,159873053,-
ENSG00000143067.6,ZNF697,chr1,119619376,119648454,-
ENSG00000285976.5,ENSG00000285976,chr6,63572001,63583588,+
ENSG00000175324.12,LSM1,chr8,38161435,38176730,-
ENSG00000157800.20,SLC37A3,chr7,140293692,140404433,-
ENSG00000013561.20,RNF14,chr5,141958304,142003016,+
ENSG00000178381.15,ZFAND2A,chr7,1151902,1175914,-
ENSG00000196550.13,FAM72A,chr1,206186178,206204414,-
ENSG00000131788.18,PIAS3,chr1,145848520,145859836,-
ENSG00000205085.13,GARIN1A,chr7,128671692,128687877,+
ENSG00000122176.14,FMOD,chr1,203340440,203351758,-
ENSG00000240204.4,SMKR1,chr7,129502497,129512918,+
ENSG00000164438.7,TLX3,chr5,171309190,171312139,+
ENSG00000196743.11,GM2A,chr5,151212149,151281466,+
ENSG00000124370.13,MCEE,chr2,71108925,71130279,-
ENSG00000146857.6,STRA8,chr7,135231978,135258666,+
ENSG00000169905.15,TOR1AIP2,chr1,179839966,179883034,-
ENSG00000169245.7,CXCL10,chr4,76021117,76023518,-
ENSG00000162461.10,SLC25A34,chr1,15736175,15741392,+
ENSG00000163840.11,DTX3L,chr3,122564227,122575203,+
ENSG00000106733.23,NMRK1,chr9,75060569,75088831,-
ENSG00000158806.16,NPM2,chr8,22024080,22036897,+
ENSG00000162777.19,DENND2D,chr1,111183875,111204535,-
ENSG00000053108.20,FSTL4,chr5,133193429,133612688,-
ENSG00000179564.6,LSMEM2,chr3,50279029,50288116,+
ENSG00000137101.15,CD72,chr9,35609964,35646810,-
ENSG00000160741.19,CRTC2,chr1,153947668,153958642,-
ENSG00000105993.17,DNAJB6,chr7,157335380,157432974,+
ENSG00000179833.6,SERTAD2,chr2,64631620,64751005,-
ENSG00000146833.18,TRIM4,chr7,99876957,99919604,-
ENSG00000155115.9,GTF3C6,chr6,110958476,110968586,+
ENSG00000262543.2,SMIM28,chr6,138377904,138383486,+
ENSG00000020129.18,NCDN,chr1,35557441,35567274,+
ENSG00000136279.23,DBNL,chr7,44044627,44069456,+
ENSG00000172568.6,FNDC9,chr5,157341597,157345766,-
ENSG00000122547.14,EEPD1,chr7,36153074,36301557,+
ENSG00000143434.19,SEMA6C,chr1,151131684,151147813,-
ENSG00000130764.12,LRRC47,chr1,3778558,3796517,-
ENSG00000125089.20,SH3TC1,chr4,8181939,8241803,+
ENSG00000162526.7,TSSK3,chr1,32351520,32364312,+
ENSG00000125630.17,POLR1B,chr2,112541914,112579818,+
ENSG00000162641.20,AKNAD1,chr1,108815897,108963484,-
ENSG00000128683.16,GAD1,chr2,170813212,170861151,+
ENSG00000134970.16,TMED7,chr5,115607317,115634830,-
ENSG00000112208.13,BAG2,chr6,57172271,57189833,+
ENSG00000137077.11,CCL21,chr9,34709004,34710167,-
ENSG00000170791.20,CHCHD7,chr8,56211559,56218809,+
ENSG00000282872.2,C1orf232,chr1,26164100,26168963,-
ENSG00000130695.18,CEP85,chr1,26233668,26278814,+
ENSG00000171790.18,SLFNL1,chr1,41015588,41024551,-
ENSG00000072571.22,HMMR,chr5,163460202,163491945,+
ENSG00000204388.7,HSPA1B,chr6,31827737,31830254,+
ENSG00000121858.13,TNFSF10,chr3,172505502,172523529,-
ENSG00000088543.17,C3orf18,chr3,50556408,50573568,-
ENSG00000196652.14,ZKSCAN5,chr7,99504633,99535360,+
ENSG00000158691.18,ZSCAN12,chr6,28378820,28399808,-
ENSG00000116882.17,HAO2,chr1,119368726,119394258,+
ENSG00000174358.16,SLC6A19,chr5,1201594,1225111,+
ENSG00000184709.8,LRRC26,chr9,137168757,137170058,-
ENSG00000213588.8,ZBTB9,chr6,33453969,33457544,+
ENSG00000177352.12,CCDC71,chr3,49161062,49166357,-
ENSG00000204052.7,LRRC73,chr6,43506061,43510388,-
ENSG00000107159.16,CA9,chr9,35673897,35681159,+
ENSG00000145817.19,YIPF5,chr5,144158160,144170714,-
ENSG00000096092.8,TMEM14A,chr6,52671071,52686592,+
ENSG00000185090.17,MANEAL,chr1,37793787,37804745,+
ENSG00000242252.3,BGLAP,chr1,156242153,156243317,+
ENSG00000163428.6,LRRC58,chr3,120324508,120349412,-
ENSG00000155229.23,MMS19,chr10,97458082,97499500,-
ENSG00000106631.10,MYL7,chr7,44138856,44143179,-
ENSG00000180767.12,CHST13,chr3,126524071,126543291,+
ENSG00000153029.18,MR1,chr1,181033373,181061938,+
ENSG00000173679.2,OR1L1,chr9,122661565,122662648,+
ENSG00000109519.16,GRPEL1,chr4,7058642,7068145,-
ENSG00000255587.10,RAB44,chr6,36697825,36733184,+
ENSG00000171720.12,HDAC3,chr5,141620765,141637304,-
ENSG00000164399.5,IL3,chr5,132060654,132063204,+
ENSG00000164062.15,APEH,chr3,49673817,49683973,+
ENSG00000164609.12,SLU7,chr5,160400534,160421711,-
ENSG00000044115.23,CTNNA1,chr5,138610966,138935039,+
ENSG00000251380.3,DCANP1,chr5,135444213,135447348,-
ENSG00000185267.12,CDNF,chr10,14817774,14838575,-
ENSG00000237621.4,OR9A1P,chr7,141887147,141888092,+
ENSG00000008130.17,NADK,chr1,1751231,1780544,-
ENSG00000105793.18,GTPBP10,chr7,90335222,90391453,+
ENSG00000158863.24,FHIP2B,chr8,22089138,22104911,+
ENSG00000244405.10,ETV5,chr3,186045535,186110318,-
ENSG00000204947.11,ZNF425,chr7,149102783,149126348,-
ENSG00000156467.12,UQCRB,chr8,96222946,96235621,-
ENSG00000115592.15,PRKAG3,chr2,218819049,218832086,-
ENSG00000145916.21,RMND5B,chr5,178129067,178152762,+
ENSG00000173947.15,CIMAP3,chr1,111346268,111355113,+
ENSG00000130717.15,UCK1,chr9,131523755,131531289,-
ENSG00000284024.5,MSANTD7,chr10,14838163,14846999,+
ENSG00000288701.2,PRRC2B,chr9,131373635,131500197,+
ENSG00000137221.16,TJAP1,chr6,43477522,43506562,+
ENSG00000179144.7,GIMAP7,chr7,150514851,150521073,+
ENSG00000205883.3,DEFB135,chr8,11982255,11984590,+
ENSG00000016391.13,CHDH,chr3,53812334,53846468,-
ENSG00000172115.11,CYCS,chr7,25080178,25125367,-
ENSG00000158815.12,FGF17,chr8,22042387,22048809,+
ENSG00000170476.17,MZB1,chr5,139387466,139390081,-
ENSG00000169442.10,CD52,chr1,26317906,26320527,+
ENSG00000244219.9,TMEM225B,chr7,99597867,99611045,+
ENSG00000160785.16,SLC25A44,chr1,156193931,156212796,+
ENSG00000124562.12,SNRPC,chr6,34757096,34774045,+
ENSG00000241563.5,CORT,chr1,10450009,10452083,+
ENSG00000120334.18,CENPL,chr1,173794850,173824925,-
ENSG00000204334.9,ERICH2,chr2,170766877,170798977,+
ENSG00000109501.17,WFS1,chr4,6269831,6303265,+
ENSG00000170619.12,COMMD5,chr8,144837759,144854229,-
ENSG00000133678.16,TMEM254,chr10,80078640,80092862,+
ENSG00000185055.13,EFCAB10,chr7,105565108,105600875,-
ENSG00000143554.16,SLC27A3,chr1,153774207,153780180,+
ENSG00000106526.14,ACTR3C,chr7,150243915,150323926,-
ENSG00000107551.23,RASSF4,chr10,44959406,44996006,+
ENSG00000135248.17,GARIN1B,chr7,128709060,128731743,+
ENSG00000010030.15,ETV7,chr6,36352629,36387801,-
ENSG00000178597.7,PSAPL1,chr4,7430284,7434930,-
ENSG00000165629.22,ATP5F1C,chr10,7788091,7807911,+
ENSG00000168878.21,SFTPB,chr2,85655153,85668741,-
ENSG00000168481.11,LGI3,chr8,22146823,22157084,-
ENSG00000177679.17,SRRM3,chr7,76201863,76287288,+
ENSG00000160963.16,COL26A1,chr7,101362406,101559029,+
ENSG00000188394.9,GPR21,chr9,123033649,123038690,+
ENSG00000171960.14,PPIH,chr1,42658184,42676758,+
ENSG00000135940.9,COX5B,chr2,97646033,97648383,+
ENSG00000187091.16,PLCD1,chr3,38007495,38029680,-
ENSG00000156521.16,TYSND1,chr10,70137977,70146720,-
ENSG00000143515.22,ATP8B2,chr1,154325510,154351307,+
ENSG00000168509.22,HJV,chr1,146017467,146036746,-
ENSG00000162385.13,MAGOH,chr1,53226637,53238626,-
ENSG00000155034.23,FBXL18,chr7,5431334,5513814,-
ENSG00000138119.19,MYOF,chr10,93306428,93482334,-
ENSG00000225828.2,FAM229A,chr1,32361269,32364278,-
ENSG00000163577.10,EIF5A2,chr3,170888417,170908644,-
ENSG00000218739.12,CEBPZOS,chr2,37191472,37216555,+
ENSG00000163347.7,CLDN1,chr3,190305705,190322977,-
ENSG00000289692.1,ENSG00000289692,chr1,22636505,22644067,+
ENSG00000136286.18,MYO1G,chr7,44962661,44979813,-
ENSG00000137561.7,TTPA,chr8,63048138,63086197,-
ENSG00000064703.15,DDX20,chr1,111754831,111775602,+
ENSG00000157978.15,LDLRAP1,chr1,25543549,25591296,+
ENSG00000173250.3,GPR151,chr5,146513143,146516190,-
ENSG00000164535.17,DAGLB,chr7,6406394,6484190,-
ENSG00000163975.16,MELTF,chr3,196980589,197029874,-
ENSG00000143256.7,PFDN2,chr1,161100555,161118070,-
ENSG00000197579.10,TOPORS,chr9,32540543,32552611,-
ENSG00000163586.12,FABP1,chr2,88122981,88128122,-
ENSG00000162267.16,ITIH3,chr3,52794449,52809881,+
ENSG00000165688.16,PMPCA,chr9,136410629,136428006,+
ENSG00000007944.17,MYLIP,chr6,16129062,16151367,+
ENSG00000136694.9,IL36A,chr2,113005458,113008044,+
ENSG00000176928.9,GCNT4,chr5,75025345,75054516,-
ENSG00000162819.14,BROX,chr1,222711479,222735927,+
ENSG00000275111.7,ZNF2,chr2,95165431,95184317,+
ENSG00000186197.16,EDARADD,chr1,236348256,236502915,+
ENSG00000162891.12,IL20,chr1,206865620,206869223,+
ENSG00000096696.18,DSP,chr6,7541319,7586717,+
ENSG00000171757.19,LRRC34,chr3,169793002,169813008,-
ENSG00000078081.10,LAMP3,chr3,183122012,183163839,-
ENSG00000122642.13,FKBP9,chr7,32957403,33006931,+
ENSG00000163001.14,CFAP36,chr2,55519558,55545501,+
ENSG00000159374.20,M1AP,chr2,74557882,74648350,-
ENSG00000172209.8,GPR22,chr7,107470017,107478011,+
ENSG00000178074.7,C2orf69,chr2,199911248,199955935,+
ENSG00000171163.18,ZNF692,chr1,248850003,248859144,-
ENSG00000106976.24,DNM1,chr9,128191654,128255254,+
ENSG00000143862.10,ARL8A,chr1,202133403,202144755,-
ENSG00000163156.14,SCNM1,chr1,151156663,151179006,+
ENSG00000128604.23,IRF5,chr7,128933428,128950389,+
ENSG00000197889.12,MEIG1,chr10,14954189,14988050,+
ENSG00000241258.10,CRCP,chr7,66114603,66154568,+
ENSG00000162396.8,PARS2,chr1,54756590,54764549,-
ENSG00000117862.16,TXNDC12,chr1,52020129,52056188,-
ENSG00000104518.12,GSDMD,chr8,143553206,143563062,+
ENSG00000289490.1,ENSG00000289490,chr2,202377111,202377168,+
ENSG00000164631.20,ZNF12,chr7,6688432,6706979,-
ENSG00000143621.19,ILF2,chr1,153661745,153671028,-
ENSG00000152778.10,IFIT5,chr10,89414567,89421605,+
ENSG00000126107.17,HECTD3,chr1,45002539,45011369,-
ENSG00000157111.15,TMEM171,chr5,73120546,73131823,+
ENSG00000116288.15,PARK7,chr1,7952653,7985991,+
ENSG00000154764.7,WNT7A,chr3,13816156,13880104,-
ENSG00000172738.14,TMEM217,chr6,37212179,37258155,-
ENSG00000286105.3,TMEM217B,chr6,37212180,37258155,-
ENSG00000205277.12,MUC12,chr7,100969430,101018940,+
ENSG00000137463.7,MGARP,chr4,139266163,139280497,-
ENSG00000144524.20,COPS7B,chr2,231781659,231809254,+
ENSG00000285458.1,C4orf36,chr4,86886471,86936178,-
ENSG00000138755.7,CXCL9,chr4,76001274,76007515,-
ENSG00000071539.16,TRIP13,chr5,892848,919357,+
ENSG00000112667.15,DNPH1,chr6,43225628,43229490,-
ENSG00000177489.1,OR2G2,chr1,247588359,247589313,+
ENSG00000160685.16,ZBTB7B,chr1,155002542,155018525,+
ENSG00000185875.15,THNSL1,chr10,25016573,25026859,+
ENSG00000148399.15,DPH7,chr9,137554435,137578936,-
ENSG00000205186.4,FABP9,chr8,81458252,81461579,-
ENSG00000175766.15,EIF4E1B,chr5,176630581,176646644,+
ENSG00000113520.12,IL4,chr5,132673985,132682678,+
ENSG00000137103.22,TMEM8B,chr9,35814450,35865518,+
ENSG00000164638.13,SLC29A4,chr7,5274368,5307194,+
ENSG00000001631.19,KRIT1,chr7,92197497,92246166,-
ENSG00000116005.14,PCYOX1,chr2,70257385,70281185,+
ENSG00000186827.13,TNFRSF4,chr1,1211325,1214153,-
ENSG00000163528.15,CHCHD4,chr3,14112076,14124876,-
ENSG00000178021.11,TSPYL6,chr2,54253177,54256229,-
ENSG00000143549.24,TPM3,chr1,154155307,154194648,-
ENSG00000123453.21,SARDH,chr9,133663527,133739976,-
ENSG00000162729.16,IGSF8,chr1,160091339,160101109,-
ENSG00000112029.11,FBXO5,chr6,152970518,152983599,-
ENSG00000174950.13,CD164L2,chr1,27379175,27383339,-
ENSG00000037241.9,RPL26L1,chr5,172954003,172974768,+
ENSG00000233822.8,H2BC15,chr6,27838544,27855879,+
ENSG00000113734.20,BNIP1,chr5,173144441,173164397,+
ENSG00000184898.8,RBM43,chr2,151247939,151261870,-
ENSG00000165698.18,SPACA9,chr9,132878026,132890316,+
ENSG00000132570.17,PCBD2,chr5,134905038,135007959,+
ENSG00000152147.13,GEMIN6,chr2,38751533,38785002,+
ENSG00000113621.17,TXNDC15,chr5,134874307,134902952,+
ENSG00000181585.7,TMIE,chr3,46694527,46710886,+
ENSG00000104763.22,ASAH1,chr8,18055991,18084998,-
ENSG00000159899.18,NPR2,chr9,35791002,35809732,+
ENSG00000137563.15,GGH,chr8,63014880,63039407,-
ENSG00000157999.6,ANKRD61,chr7,6031375,6036552,+
ENSG00000112578.13,BYSL,chr6,41921228,41934602,+
ENSG00000175166.19,PSMD2,chr3,184299156,184309054,+
ENSG00000143751.12,SDE2,chr1,225982692,225999385,-
ENSG00000004455.20,AK2,chr1,33006559,33080996,-
ENSG00000075073.17,TACR2,chr10,69402884,69416923,-
ENSG00000153094.27,BCL2L11,chr2,111119377,111168444,+
ENSG00000148671.17,ADIRF,chr10,86968431,87007922,+
ENSG00000188732.13,FAM221A,chr7,23680113,23706228,+
ENSG00000155729.15,KCTD18,chr2,200488952,200519784,-
ENSG00000213563.8,C8orf82,chr8,144525732,144529132,-
ENSG00000119760.18,SUPT7L,chr2,27642567,27663847,-
ENSG00000146205.17,ANO7,chr2,241188508,241227338,+
ENSG00000146250.9,PRSS35,chr6,83512477,83525704,+
ENSG00000163626.19,COX18,chr4,73052361,73069755,-
ENSG00000114767.9,RRP9,chr3,51933424,51941946,-
ENSG00000264230.11,ANXA8L1,chr10,46375586,46391784,+
ENSG00000155760.3,FZD7,chr2,202033854,202038441,+
ENSG00000204839.10,MROH6,chr8,143566187,143573110,-
ENSG00000114349.11,GNAT1,chr3,50191585,50197696,+
ENSG00000213221.7,DNLZ,chr9,136359479,136363773,-
ENSG00000184203.10,PPP1R2,chr3,195514415,195543386,-
ENSG00000186591.15,UBE2H,chr7,129830731,129952988,-
ENSG00000196188.14,CTSE,chr1,206008534,206023917,-
ENSG00000151729.13,SLC25A4,chr4,185143232,185150393,+
ENSG00000163462.20,TRIM46,chr1,155173786,155184971,+
ENSG00000161013.19,MGAT4B,chr5,179797596,179806979,-
ENSG00000285839.1,ENSG00000285839,chr1,52020152,52033350,-
ENSG00000136867.12,SLC31A2,chr9,113150950,113164140,+
ENSG00000188818.14,ZDHHC11,chr5,795604,858973,-
ENSG00000097021.23,ACOT7,chr1,6264267,6393789,-
ENSG00000146192.18,FGD2,chr6,37005636,37030923,+
ENSG00000115816.17,CEBPZ,chr2,37201569,37231612,-
ENSG00000162772.20,ATF3,chr1,212565333,212620777,+
ENSG00000077152.14,UBE2T,chr1,202328713,202341984,-
ENSG00000147533.20,GOLGA7,chr8,41488199,41511095,+
ENSG00000197557.7,IFT70A,chr2,177612998,177618742,-
ENSG00000168389.20,MFSD2A,chr1,39955111,39972134,+
ENSG00000136193.19,SCRN1,chr7,29920102,29990289,-
ENSG00000117614.12,SYF2,chr1,25220701,25232509,-
ENSG00000175606.12,TMEM70,chr8,73972436,73986514,+
ENSG00000164054.19,SHISA5,chr3,48464204,48504826,-
ENSG00000105854.15,PON2,chr7,95403732,95435393,-
ENSG00000278889.4,OR2S2,chr9,35957107,35958154,-
ENSG00000116815.18,CD58,chr1,116499484,116571061,-
ENSG00000187626.11,ZKSCAN4,chr6,28241010,28252924,-
ENSG00000170681.9,CAVIN4,chr9,100578032,100590017,+
ENSG00000151360.10,ALLC,chr2,3658199,3702671,+
ENSG00000113763.14,UNC5A,chr5,176810450,176880898,+
ENSG00000051620.13,HEBP2,chr6,138403530,138422197,+
ENSG00000189030.10,VHLL,chr1,156298623,156299307,-
ENSG00000088726.17,TMEM40,chr3,12733527,12769457,-
ENSG00000162441.14,LZIC,chr1,9922112,9943407,-
ENSG00000168275.17,COA6,chr1,234373437,234385080,+
ENSG00000204930.10,FAM221B,chr9,35816390,35828747,-
ENSG00000010318.24,PHF7,chr3,52410503,52427966,+
ENSG00000222014.6,RAB6C,chr2,129979665,129982738,+
ENSG00000177992.10,SPATA31E1,chr9,87882876,87888903,+
ENSG00000162456.10,KNCN,chr1,46545640,46551647,-
ENSG00000188846.15,RPL14,chr3,40457291,40468587,+
ENSG00000143761.19,ARF1,chr1,228081840,228099212,+
ENSG00000205089.10,CCNI2,chr5,132747318,132765178,+
ENSG00000111802.16,TDP2,chr6,24649916,24667052,-
ENSG00000058729.13,RIOK2,chr5,97160866,97183297,-
ENSG00000145945.9,FAM50B,chr6,3849350,3851320,+
ENSG00000155363.21,MOV10,chr1,112673140,112702415,+
ENSG00000135269.20,TES,chr7,116210492,116258919,+
ENSG00000163508.14,EOMES,chr3,27715948,27722711,-
ENSG00000198791.14,CNOT7,chr8,17224965,17247726,-
ENSG00000276119.1,OR13C2,chr9,104604670,104605627,-
ENSG00000158516.13,CPA2,chr7,130266820,130289798,+
ENSG00000122543.11,OCM,chr7,5879826,5886363,+
ENSG00000144354.17,CDCA7,chr2,173354817,173368997,+
ENSG00000176209.14,SMIM19,chr8,42541131,42555195,+
ENSG00000172780.19,RAB43,chr3,129087568,129123694,-
ENSG00000196642.21,RABL6,chr9,136807847,136841187,+
ENSG00000143393.19,PI4KB,chr1,151291791,151328394,-
ENSG00000105954.2,NPVF,chr7,25224569,25228486,-
ENSG00000127980.18,PEX1,chr7,92487019,92528663,-
ENSG00000180228.16,PRKRA,chr2,178431291,178451512,-
ENSG00000120306.13,CYSTM1,chr5,140174923,140282212,+
ENSG00000203907.11,OOEP,chr6,73368548,73395133,-
ENSG00000136869.17,TLR4,chr9,117704169,117724735,+
ENSG00000107263.21,RAPGEF1,chr9,131576757,131740134,-
ENSG00000176022.7,B3GALT6,chr1,1232236,1235041,+
ENSG00000172731.17,LRRC20,chr10,70298969,70382650,-
ENSG00000240563.5,L1TD1,chr1,62194256,62235060,+
ENSG00000164900.6,GBX1,chr7,151147668,151174745,-
ENSG00000146802.15,TMEM168,chr7,112762334,112790715,-
ENSG00000137124.10,ALDH1B1,chr9,38392622,38398661,+
ENSG00000158553.5,POM121L2,chr6,27285902,27312273,-
ENSG00000130193.10,THEM6,chr8,142727175,142736938,+
ENSG00000178752.17,ERFE,chr2,238158927,238168900,+
ENSG00000257138.1,TAS2R38,chr7,141972630,141973773,-
ENSG00000203760.11,CENPW,chr6,126340087,126349768,+
ENSG00000074935.16,TUBE1,chr6,112070659,112087569,-
ENSG00000145723.19,GIN1,chr5,103085999,103120226,-
ENSG00000203722.10,RAET1G,chr6,149915592,149923126,-
ENSG00000272772.2,ENSG00000272772,chr5,134157087,134225861,-
ENSG00000197208.8,SLC22A4,chr5,132293736,132344206,+
ENSG00000168288.15,MMADHC,chr2,149564525,149587812,-
ENSG00000120438.14,TCP1,chr6,159778497,159789707,-
ENSG00000164002.14,EXO5,chr1,40508440,40518869,+
ENSG00000178623.15,GPR35,chr2,240605403,240633159,+
ENSG00000116560.13,SFPQ,chr1,35176377,35193446,-
ENSG00000160539.8,PLPP7,chr9,131289458,131359022,+
ENSG00000136930.15,PSMB7,chr9,124352998,124415476,-
ENSG00000136834.3,OR1J1,chr9,122476957,122477926,-
ENSG00000168490.16,PHYHIP,chr8,22219702,22232376,-
ENSG00000243709.3,LEFTY1,chr1,225886278,225911382,-
ENSG00000120440.16,TTLL2,chr6,167325070,167359503,+
ENSG00000230601.8,TEX48,chr9,114666433,114682192,-
ENSG00000138231.15,DBR1,chr3,138160987,138174953,-
ENSG00000184845.6,DRD1,chr5,175440026,175444794,-
ENSG00000055044.13,NOP58,chr2,202265275,202303667,+
ENSG00000113240.16,CLK4,chr5,178602658,178630615,-
ENSG00000147813.18,NAPRT,chr8,143574781,143578649,-
ENSG00000173221.16,GLRX,chr5,95735260,95822953,-
ENSG00000148200.19,NR6A1,chr9,124517274,124771349,-
ENSG00000112763.19,BTN2A1,chr6,26457903,26476621,+
ENSG00000163913.16,IFT122,chr3,129429606,129520510,+
ENSG00000155636.18,RBM45,chr2,178112383,178139011,+
ENSG00000173673.10,HES3,chr1,6241480,6246656,+
ENSG00000155100.13,OTUD6B,chr8,91070195,91087095,+
ENSG00000260097.3,SPDYE6,chr7,102345745,102356444,-
ENSG00000106105.17,GARS1,chr7,30580532,30634033,+
ENSG00000164933.13,SLC25A32,chr8,103398634,103415189,-
ENSG00000184599.15,TAFA3,chr1,112718880,112729076,+
ENSG00000136827.13,TOR1A,chr9,129812941,129824247,-
ENSG00000127951.9,FGL2,chr7,77193181,77199884,-
ENSG00000106617.18,PRKAG2,chr7,151556009,151877563,-
ENSG00000158859.12,ADAMTS4,chr1,161184301,161200509,-
ENSG00000127952.19,STYXL1,chr7,75996314,76048809,-
ENSG00000162976.14,SLC66A3,chr2,11155197,11178870,+
ENSG00000115884.13,SDC1,chr2,20200795,20225512,-
ENSG00000196526.13,AFAP1,chr4,7758712,7939926,-
ENSG00000203778.10,FAM229B,chr6,112087121,112104326,+
ENSG00000169860.7,P2RY1,chr3,152835130,152841439,+
ENSG00000078269.16,SYNJ2,chr6,157981823,158099176,+
ENSG00000084652.18,TXLNA,chr1,32178096,32198299,+
ENSG00000163466.18,ARPC2,chr2,218216629,218254356,+
ENSG00000181404.19,WASHC1,chr9,14468,73865,-
ENSG00000115053.19,NCL,chr2,231453530,231483641,-
ENSG00000197037.13,ZSCAN25,chr7,99616622,99738531,+
ENSG00000148288.15,GBGT1,chr9,133151019,133164245,-
ENSG00000163032.14,VSNL1,chr2,17539019,17657624,+
ENSG00000113196.5,HAND1,chr5,154472102,154478356,-
ENSG00000158006.16,PAFAH2,chr1,25959766,25999206,-
ENSG00000109787.15,KLF3,chr4,38664002,38701517,+
ENSG00000144827.11,ABHD10,chr3,111978971,111993368,+
ENSG00000277586.6,NEFL,chr8,24950954,24956721,-
ENSG00000042445.16,RETSAT,chr2,85341947,85354655,-
ENSG00000145425.12,RPS3A,chr4,151099563,151104652,+
ENSG00000106952.10,TNFSF8,chr9,114893342,114930596,-
ENSG00000130024.17,PHF10,chr6,169703901,169725566,-
ENSG00000005471.21,ABCB4,chr7,87400392,87480435,-
ENSG00000142961.18,MOB3C,chr1,46607706,46616889,-
ENSG00000198074.12,AKR1B10,chr7,134527474,134541903,+
ENSG00000163827.16,LRRC2,chr3,46510357,46607097,-
ENSG00000204612.2,FOXB2,chr9,77018705,77022372,+
ENSG00000243566.9,UPK3B,chr7,76510352,76532774,+
ENSG00000162999.14,DUSP19,chr2,183078558,183101060,+
ENSG00000163993.8,S100P,chr4,6693820,6697171,+
ENSG00000169714.19,CNBP,chr3,129167290,129184008,-
ENSG00000156574.11,NODAL,chr10,70431935,70447951,-
ENSG00000120253.16,NUP43,chr6,149723372,149750286,-
ENSG00000084710.16,EFR3B,chr2,25042047,25159135,+
ENSG00000283526.5,PRRT1B,chr9,131545519,131560893,+
ENSG00000169607.14,CKAP2L,chr2,112736348,112764664,-
ENSG00000205639.13,MFSD2B,chr2,24009825,24063679,+
ENSG00000186088.18,GSAP,chr7,77310482,77416607,-
ENSG00000197217.15,ENTPD4,chr8,23385782,23457722,-
ENSG00000121753.13,ADGRB2,chr1,31727116,31764893,-
ENSG00000175040.7,CHST2,chr3,143119721,143124014,+
ENSG00000241685.12,ARPC1A,chr7,99325878,99366527,+
ENSG00000175707.12,KDF1,chr1,26949555,26960788,-
ENSG00000136205.20,TNS3,chr7,47275148,47582633,-
ENSG00000133056.16,PIK3C2B,chr1,204421802,204494858,-
ENSG00000169919.19,GUSB,chr7,65960676,65982704,-
ENSG00000079150.20,FKBP7,chr2,178463663,178478604,-
ENSG00000114547.11,ROPN1B,chr3,125969152,125983454,+
ENSG00000115956.11,PLEK,chr2,68365074,68397453,+
ENSG00000134013.18,LOXL2,chr8,23296896,23425328,-
ENSG00000171497.7,PPID,chr4,158708160,158723418,-
ENSG00000146859.8,TMEM140,chr7,135148027,135166519,+
ENSG00000182700.5,IGIP,chr5,140125936,140129392,+
ENSG00000119328.14,ABITRAM,chr9,108934129,108950941,+
ENSG00000204246.4,OR13C3,chr9,104535748,104536856,-
ENSG00000178567.8,EPM2AIP1,chr3,36985042,36993131,-
ENSG00000066185.15,ZMYND12,chr1,42430314,42456253,-
ENSG00000156463.20,SH3RF2,chr5,145936424,146085976,+
ENSG00000049541.13,RFC2,chr7,74223230,74254458,-
ENSG00000188306.7,LRRIQ4,chr3,169812869,169837773,+
ENSG00000085274.18,MYNN,chr3,169773376,169790449,+
ENSG00000144837.11,PLA1A,chr3,119597807,119629818,+
ENSG00000197385.8,ZNF860,chr3,31981721,31994074,+
ENSG00000136932.18,TRMO,chr9,97894511,97922570,-
ENSG00000136925.17,TSTD2,chr9,97600079,97633576,-
ENSG00000116741.9,RGS2,chr1,192809037,192812283,+
ENSG00000167130.20,DOLPP1,chr9,129081096,129091161,+
ENSG00000225921.9,NOL7,chr6,13615307,13633912,+
ENSG00000158769.21,F11R,chr1,160985713,161023123,-
ENSG00000165059.8,PRKACG,chr9,69012503,69014113,-
ENSG00000168811.9,IL12A,chr3,159988829,159996019,+
ENSG00000117707.19,PROX1,chr1,213982710,214041510,+
ENSG00000177807.12,KCNJ10,chr1,159998650,160070483,-
ENSG00000113742.15,CPEB4,chr5,173888312,173961980,+
ENSG00000197024.11,ZNF398,chr7,149126415,149183042,+
ENSG00000144485.13,HES6,chr2,238237902,238240680,-
ENSG00000154813.12,DPH3,chr3,16257060,16264998,-
ENSG00000242950.7,ERVW-1,chr7,92468379,92477986,-
ENSG00000119396.14,RAB14,chr9,121178132,121223014,-
ENSG00000145780.10,FEM1C,chr5,115520586,115544857,-
ENSG00000008118.12,CAMK1G,chr1,209583713,209613939,+
ENSG00000135249.10,RINT1,chr7,105532115,105569207,+
ENSG00000198049.8,AVPR1B,chr1,206106935,206117699,-
ENSG00000065029.17,ZNF76,chr6,35258908,35295985,+
ENSG00000119446.16,RBM18,chr9,122237621,122264855,-
ENSG00000164398.17,ACSL6,chr5,131949972,132012243,-
ENSG00000172426.18,RSPH9,chr6,43644228,43674358,+
ENSG00000118194.24,TNNT2,chr1,201356605,201379773,-
ENSG00000116852.16,KIF21B,chr1,200969389,201023726,-
ENSG00000166295.11,ANAPC16,chr10,72215650,72235860,+
ENSG00000137266.16,SLC22A23,chr6,3268961,3457100,-
ENSG00000091317.10,CMTM6,chr3,32474174,32502858,-
ENSG00000112996.13,MRPS30,chr5,44808940,44820428,+
ENSG00000162517.15,PEF1,chr1,31629861,31644910,-
ENSG00000259956.2,RBM15B,chr3,51391284,51397908,+
ENSG00000165120.6,SSMEM1,chr7,130206343,130219343,+
ENSG00000186334.10,SLC36A3,chr5,151276357,151303766,-
ENSG00000240857.4,RDH14,chr2,18554542,18560697,-
ENSG00000169876.14,MUC17,chr7,101020071,101058859,+
ENSG00000163703.22,CRELD1,chr3,9933790,9945413,+
ENSG00000136235.19,GPNMB,chr7,23235966,23275111,+
ENSG00000144401.16,METTL21A,chr2,207579517,207626297,-
ENSG00000288550.3,ENSG00000288550,chr3,9917115,9945385,+
ENSG00000131504.19,DIAPH1,chr5,141515015,141619194,-
ENSG00000162366.10,PDZK1IP1,chr1,47183581,47191398,-
ENSG00000179348.15,GATA2,chr3,128479422,128493208,-
ENSG00000169418.12,NPR1,chr1,153677964,153694110,+
ENSG00000186510.14,CLCNKA,chr1,16018145,16034109,+
ENSG00000028310.20,BRD9,chr5,850290,892838,-
ENSG00000146094.18,DOK3,chr5,177501887,177511274,-
ENSG00000113716.15,HMGXB3,chr5,150000045,150053148,+
ENSG00000121864.12,ZNF639,chr3,179322855,179338583,+
ENSG00000244038.12,DDOST,chr1,20647466,20661544,-
ENSG00000266412.8,NCOA4,chr10,46004866,46030670,-
ENSG00000218823.2,PAPOLB,chr7,4857737,4862030,-
ENSG00000168301.15,KCTD6,chr3,58491077,58502584,+
ENSG00000177409.14,SAMD9L,chr7,93130055,93148410,-
ENSG00000205116.4,TMEM278,chr1,1425870,1430255,+
ENSG00000145907.18,G3BP1,chr5,151770950,151812911,+
ENSG00000105792.21,CFAP69,chr7,90245160,90311063,+
ENSG00000213625.10,LEPROT,chr1,65420546,65436051,+
ENSG00000276600.7,RAB7B,chr1,205976739,206003544,-
ENSG00000158109.17,TPRG1L,chr1,3624978,3630131,+
ENSG00000198585.13,NUDT16,chr3,131381670,131388830,+
ENSG00000117525.16,F3,chr1,94528262,94541851,-
ENSG00000273313.1,RBAKDN,chr7,5072124,5073223,+
ENSG00000135175.6,OCM2,chr7,97984686,97991169,-
ENSG00000127831.13,VIL1,chr2,218419082,218453295,+
ENSG00000124596.19,OARD1,chr6,41033626,41097787,-
ENSG00000160447.9,PKN3,chr9,128702488,128720924,+
ENSG00000131507.13,NDFIP1,chr5,142108514,142171800,+
ENSG00000066697.17,MSANTD3,chr9,100426692,100471524,+
ENSG00000134330.20,IAH1,chr2,9473657,9500587,+
ENSG00000168582.5,CRYGA,chr2,208160739,208163589,-
ENSG00000147604.16,RPL7,chr8,73276477,73295789,-
ENSG00000180549.10,FUT7,chr9,137030173,137032825,-
ENSG00000158234.15,FAIM,chr3,138608549,138633643,+
ENSG00000153187.23,HNRNPU,chr1,244840637,244864574,-
ENSG00000091986.18,CCDC80,chr3,112596796,112649530,-
ENSG00000163159.17,VPS72,chr1,151176303,151195321,-
ENSG00000212864.6,RNF208,chr9,137219576,137222312,-
ENSG00000283189.2,ENSG00000283189,chr3,49416776,49429314,-
ENSG00000284341.1,ENSG00000284341,chr9,136977517,136985435,+
ENSG00000146955.13,RAB19,chr7,140404042,140427974,+
ENSG00000182698.14,RESP18,chr2,219327406,219335552,-
ENSG00000198042.13,MAK16,chr8,33484695,33501282,+
ENSG00000117597.20,UTP25,chr1,209827955,209857565,+
ENSG00000177673.4,TEX44,chr2,231592863,231594276,+
ENSG00000162642.16,C1orf52,chr1,85249952,85259686,-
ENSG00000196208.16,GREB1,chr2,11482340,11642789,+
ENSG00000161202.22,DVL3,chr3,184155158,184173616,+
ENSG00000023892.14,DEF6,chr6,35297817,35321909,+
ENSG00000065308.7,TRAM2,chr6,52497407,52577316,-
ENSG00000162591.19,MEGF6,chr1,3487941,3611543,-
ENSG00000086300.19,SNX10,chr7,26291850,26374383,+
ENSG00000106991.17,ENG,chr9,127811129,127855232,-
ENSG00000105819.17,PMPCB,chr7,103295716,103342067,+
ENSG00000226650.6,KIF4B,chr5,155013754,155018141,+
ENSG00000213462.6,ERV3-1,chr7,64990355,65006743,-
ENSG00000133574.12,GIMAP4,chr7,150567241,150574512,+
ENSG00000186352.10,ANKRD37,chr4,185395963,185412509,+
ENSG00000178199.15,ZC3H12D,chr6,149446794,149485036,-
ENSG00000164543.9,STK17A,chr7,43582757,43650713,+
ENSG00000164542.15,MATCAP2,chr7,36323934,36390125,-
ENSG00000158122.14,PRXL2C,chr9,96639576,96655337,-
ENSG00000172432.21,GTPBP2,chr6,43605315,43629291,-
ENSG00000070669.19,ASNS,chr7,97850161,97893143,-
ENSG00000189339.14,SLC35E2B,chr1,1659528,1693059,-
ENSG00000112167.12,SAYSD1,chr6,39104062,39115193,-
ENSG00000180999.12,C1orf105,chr1,172420674,172469120,+
ENSG00000164081.15,TEX264,chr3,51662692,51704323,+
ENSG00000116459.13,ATP5PB,chr1,111448110,111468527,+
ENSG00000271079.1,CTAGE15,chr7,143571800,143574387,+
ENSG00000075303.15,SLC25A40,chr7,87833560,87876404,-
ENSG00000160808.15,MYL3,chr3,46835108,46885911,-
ENSG00000153230.4,OR14K1,chr1,247738614,247739559,+
ENSG00000172380.8,GNG12,chr1,67701460,67833811,-
ENSG00000186854.13,TRABD2A,chr2,84821646,84907008,-
ENSG00000171448.11,ZBTB26,chr9,122915547,122931565,-
ENSG00000160445.13,ZER1,chr9,128729784,128772414,-
ENSG00000074276.13,CDHR2,chr5,176542510,176596284,+
ENSG00000176244.8,ACBD7,chr10,15073037,15088802,-
ENSG00000173585.20,CCR9,chr3,45884424,45904311,+
ENSG00000227868.8,TEX46,chr1,23010832,23019100,-
ENSG00000178038.19,ALS2CL,chr3,46668993,46694071,-
ENSG00000187288.14,CIDEC,chr3,9864168,9891008,-
ENSG00000154370.18,TRIM11,chr1,228393671,228406841,-
ENSG00000196670.15,ZFP62,chr5,180843576,180861285,-
ENSG00000172331.14,BPGM,chr7,134646783,134682319,+
ENSG00000112378.13,PERP,chr6,138015002,138107848,-
ENSG00000156510.15,HKDC1,chr10,69220291,69267569,+
ENSG00000137392.12,CLPS,chr6,35794981,35798251,-
ENSG00000136697.13,IL1F10,chr2,113067969,113075843,+
ENSG00000168081.11,PNOC,chr8,28316979,28343373,+
ENSG00000171148.16,TADA3,chr3,9779963,9793011,-
ENSG00000185798.10,WDR53,chr3,196552216,196569263,-
ENSG00000148341.20,SH3GLB2,chr9,128992787,129028369,-
ENSG00000197363.13,ZNF517,chr8,144798862,144813034,+
ENSG00000161011.22,SQSTM1,chr5,179806397,179838078,+
ENSG00000127946.19,HIP1,chr7,75533297,75739061,-
ENSG00000167034.11,NKX3-1,chr8,23678696,23682953,-
ENSG00000113068.12,PFDN1,chr5,140234985,140303119,-
ENSG00000106524.11,ANKMY2,chr7,16599778,16645841,-
ENSG00000214686.7,IQCF6,chr3,51778560,51779241,-
ENSG00000006453.16,BAIAP2L1,chr7,98290826,98401213,-
ENSG00000011083.10,SLC6A7,chr5,150190040,150222788,+
ENSG00000143013.15,LMO4,chr1,87328427,87348923,+
ENSG00000163170.14,BOLA3,chr2,74133332,74147977,-
ENSG00000091527.19,CDV3,chr3,133573542,133590274,+
ENSG00000174514.15,SLC60A1,chr1,205568832,205602918,+
ENSG00000105810.12,CDK6,chr7,92604920,92837004,-
ENSG00000001460.20,STPG1,chr1,24355829,24416934,-
ENSG00000183682.10,BMP8A,chr1,39491068,39529869,+
ENSG00000235453.14,SMIM27,chr9,32551143,32568621,+
ENSG00000118418.18,HMGN3,chr6,79199424,79234862,-
ENSG00000198625.17,MDM4,chr1,204516368,204558120,+
ENSG00000171307.21,ZDHHC16,chr10,97446140,97457934,+
ENSG00000179862.7,CITED4,chr1,40861053,40862363,-
ENSG00000155858.7,LSM11,chr5,157743705,157760709,+
ENSG00000118523.8,CCN2,chr6,131948175,131951456,-
ENSG00000116209.14,TMEM59,chr1,54026680,54053504,-
ENSG00000197858.14,GPAA1,chr8,144082336,144093149,+
ENSG00000136866.16,ZFP37,chr9,113038376,113056802,-
ENSG00000136940.16,PDCL,chr9,122798388,122828644,-
ENSG00000165188.15,RNF183,chr9,113297092,113303376,-
ENSG00000148154.12,UGCG,chr9,111896771,111935384,+
ENSG00000097046.15,CDC7,chr1,91500534,91527943,+
ENSG00000163961.5,RNF168,chr3,196468782,196503824,-
ENSG00000144848.13,ATG3,chr3,112531771,112562318,-
ENSG00000135953.13,SLC67A2,chr2,102711172,102736899,-
ENSG00000133067.20,LGR6,chr1,202193691,202321660,+
ENSG00000164308.20,ERAP2,chr5,96875978,96919703,+
ENSG00000113732.11,ATP6V0E1,chr5,172983754,173037672,+
ENSG00000109654.18,TRIM2,chr4,153152162,153339319,+
ENSG00000291309.4,LY6S,chr8,143040838,143048357,-
ENSG00000135074.18,ADAM19,chr5,157395533,157575858,-
ENSG00000239857.9,GET4,chr7,876485,896441,+
ENSG00000112576.14,CCND3,chr6,41934576,42050357,-
ENSG00000214193.13,SH3D21,chr1,36306313,36329340,+
ENSG00000081791.11,DELE1,chr5,141923799,141952031,+
ENSG00000169258.9,GPRIN1,chr5,176595801,176610177,-
ENSG00000106484.17,MEST,chr7,130486170,130522765,+
ENSG00000165204.3,OR1K1,chr9,122800122,122801073,+
ENSG00000115107.22,STEAP3,chr2,119222446,119265652,+
ENSG00000162694.16,EXTL2,chr1,100871370,100896000,-
ENSG00000186106.13,ANKRD46,chr8,100509751,100559789,-
ENSG00000111875.10,ASF1A,chr6,118894019,118909264,+
ENSG00000081870.14,IFT25,chr1,53911572,53946588,-
ENSG00000113645.17,WWC1,chr5,168291562,168472303,+
ENSG00000120333.6,MRPS14,chr1,175010788,175023471,-
ENSG00000180104.18,EXOC3,chr5,442521,471939,+
ENSG00000165702.16,GFI1B,chr9,132943999,132991687,+
ENSG00000134453.18,RBM17,chr10,6086897,6117457,+
ENSG00000196878.17,LAMB3,chr1,209614869,209653146,-
ENSG00000084090.16,STARD7,chr2,96184858,96208854,-
ENSG00000117650.15,NEK2,chr1,211658250,211675663,-
ENSG00000177917.13,ARL6IP6,chr2,152717620,152762622,+
ENSG00000168487.21,BMP1,chr8,22164898,22212326,+
ENSG00000186092.7,OR4F5,chr1,65418,71585,+
ENSG00000115457.12,IGFBP2,chr2,216632827,216664454,+
ENSG00000063660.11,GPC1,chr2,240435433,240468115,+
ENSG00000187658.8,C5orf52,chr5,157671514,157680174,+
ENSG00000181965.6,NEUROG1,chr5,135534281,135535964,-
ENSG00000148730.9,EIF4EBP2,chr10,70404129,70428618,+
ENSG00000117480.18,FAAH,chr1,46394264,46415754,+
ENSG00000171161.15,ZNF672,chr1,248838209,248849520,+
ENSG00000163154.8,TNFAIP8L2,chr1,151156620,151160255,+
ENSG00000214114.11,MYCBP,chr1,38862355,38873388,-
ENSG00000115946.10,PNO1,chr2,68157827,68176239,+
ENSG00000066583.14,ISOC1,chr5,129094697,129114130,+
ENSG00000165424.9,ZCCHC24,chr10,79351306,79445673,-
ENSG00000158106.17,RHPN1,chr8,143368809,143384221,+
ENSG00000182134.19,TDRKH,chr1,151769798,151791416,-
ENSG00000104231.13,ZFAND1,chr8,81701179,81732903,-
ENSG00000049540.21,ELN,chr7,74027772,74069909,+
ENSG00000146587.20,RBAK,chr7,5045820,5069491,+
ENSG00000177283.8,FZD8,chr10,35638246,35642296,-
ENSG00000196636.9,SDHAF3,chr7,97117676,97181765,+
ENSG00000115648.16,MLPH,chr2,237485427,237555322,+
ENSG00000145860.14,RNF145,chr5,159154602,159210053,-
ENSG00000177613.9,CSTF2T,chr10,51695485,51699595,-
ENSG00000164751.17,PEX2,chr8,76978797,77001044,-
ENSG00000131370.18,SH3BP5,chr3,15254253,15341368,-
ENSG00000130707.20,ASS1,chr9,130443281,130502361,+
ENSG00000113721.16,PDGFRB,chr5,150113838,150186363,-
ENSG00000021461.20,CYP3A43,chr7,99827921,99867801,+
ENSG00000171303.9,KCNK3,chr2,26692712,26733420,+
ENSG00000114956.22,DGUOK,chr2,73926793,73958961,+
ENSG00000205238.12,SPDYE2,chr7,102551225,102563538,+
ENSG00000160838.16,LRRC71,chr1,156920630,156934915,+
ENSG00000171540.8,OTP,chr5,77628711,77638713,-
ENSG00000143727.18,ACP1,chr2,264139,280057,+
ENSG00000164815.13,ORC5,chr7,104126340,104208047,-
ENSG00000162928.11,PEX13,chr2,61017057,61062516,+
ENSG00000172073.5,SPMIP9,chr2,88524618,88529591,+
ENSG00000173171.16,MTX1,chr1,155208694,155213824,+
ENSG00000178685.16,PARP10,chr8,143977150,144019930,-
ENSG00000163932.18,PRKCD,chr3,53156008,53192717,+
ENSG00000165202.3,OR1Q1,chr9,122614737,122615682,+
ENSG00000146221.12,DRC5,chr6,44278717,44297725,-
ENSG00000169016.19,E2F6,chr2,11444374,11466177,-
ENSG00000114270.19,COL7A1,chr3,48564072,48595596,-
ENSG00000010810.20,FYN,chr6,111660331,111873479,-
ENSG00000128710.7,HOXD10,chr2,176108789,176119937,+
ENSG00000163517.17,HDAC11,chr3,13479723,13506424,+
ENSG00000188315.9,C3orf62,chr3,49268595,49277236,-
ENSG00000235109.10,ZSCAN31,chr6,28312836,28356271,-
ENSG00000177873.16,ZNF619,chr3,40477104,40491053,+
ENSG00000178772.9,CPN2,chr3,194339629,194351401,-
ENSG00000169704.7,GP9,chr3,129060773,129062435,+
ENSG00000144199.15,FAHD2B,chr2,97078758,97094903,-
ENSG00000106608.19,URGCP,chr7,43873644,43926411,-
ENSG00000167165.20,UGT1A6,chr2,233691606,233773300,+
ENSG00000143891.19,GALM,chr2,38665905,38766049,+
ENSG00000121152.12,NCAPH,chr2,96335727,96377091,+
ENSG00000242265.6,PEG10,chr7,94656324,94669695,+
ENSG00000270757.1,HSPE1-MOB4,chr2,197500412,197550726,+
ENSG00000165512.7,ZNF22,chr10,45000261,45007206,+
ENSG00000134684.15,YARS1,chr1,32774775,32818031,-
ENSG00000104419.18,NDRG1,chr8,133237170,133302022,-
ENSG00000171812.14,COL8A2,chr1,36095238,36125234,-
ENSG00000134470.23,IL15RA,chr10,5943504,5978187,-
ENSG00000105339.13,DENND3,chr8,141117277,141195808,+
ENSG00000116584.24,ARHGEF2,chr1,155944684,156007070,-
ENSG00000198833.9,UBE2J1,chr6,89321390,89353180,-
ENSG00000179407.4,DNAJB8,chr3,128462436,128466968,-
ENSG00000198758.13,EPS8L3,chr1,109750077,109764062,-
ENSG00000177669.5,MBOAT4,chr8,30118432,30144669,-
ENSG00000128045.8,RASL11B,chr4,52862310,52868585,+
ENSG00000162975.6,KCNF1,chr2,10911095,10914225,+
ENSG00000148343.21,MIGA2,chr9,129036613,129072094,+
ENSG00000117266.18,CDK18,chr1,205504550,205532976,+
ENSG00000159346.15,ADIPOR1,chr1,202940089,202958779,-
ENSG00000128050.11,PAICS,chr4,56435057,56464578,+
ENSG00000288841.1,ENSG00000288841,chr9,131432758,131446473,+
ENSG00000241553.15,ARPC4,chr3,9792483,9807704,+
ENSG00000114737.18,CISH,chr3,50606455,50611984,-
ENSG00000232113.3,TEX50,chr1,173635337,173637130,+
ENSG00000086062.16,B4GALT1,chr9,33100492,33167399,-
ENSG00000234616.11,JRK,chr8,142657459,142681968,-
ENSG00000136875.15,PRPF4,chr9,113275636,113295342,+
ENSG00000163399.18,ATP1A1,chr1,116372667,116410261,+
ENSG00000256453.2,DND1,chr5,140670793,140673576,-
ENSG00000173253.18,DMRT2,chr9,1048999,1059533,+
ENSG00000285991.1,ENSG00000285991,chr6,149817936,149896011,-
ENSG00000215712.13,TMEM242,chr6,157285349,157324256,-
ENSG00000106799.17,TGFBR1,chr9,99104037,99154395,+
ENSG00000015676.20,NUDCD3,chr7,44379118,44490919,-
ENSG00000116031.10,CD207,chr2,70829999,70835822,-
ENSG00000185519.11,FAM131C,chr1,16057768,16073664,-
ENSG00000280537.2,ENSG00000280537,chr2,219075328,219170827,-
ENSG00000289694.1,ENSG00000289694,chr1,22025141,22092943,+
ENSG00000114744.11,COMMD2,chr3,149733245,149752495,-
ENSG00000124813.25,RUNX2,chr6,45328156,45664349,+
ENSG00000154252.13,GAL3ST2,chr2,241776816,241804287,+
ENSG00000124570.23,SERPINB6,chr6,2944467,2972375,-
ENSG00000181444.15,ZNF467,chr7,149764174,149776519,-
ENSG00000136856.20,SLC2A8,chr9,127397130,127408424,+
ENSG00000120948.21,TARDBP,chr1,11012343,11037991,+
ENSG00000177125.8,ZBTB34,chr9,126860625,126885878,+
ENSG00000172594.15,SMPDL3A,chr6,122788455,122811801,+
ENSG00000146216.14,TTBK1,chr6,43243480,43288258,+
ENSG00000164112.15,SMIM43,chr4,121758532,121766260,-
ENSG00000157017.18,GHRL,chr3,10285665,10292959,-
ENSG00000152104.13,PTPN14,chr1,214348699,214552449,-
ENSG00000108064.13,TFAM,chr10,58385344,58401706,+
ENSG00000214367.11,HAUS3,chr4,2227461,2242190,-
ENSG00000162994.18,CLHC1,chr2,55172546,55232563,-
ENSG00000162735.21,PEX19,chr1,160266228,160286348,-
ENSG00000164040.19,PGRMC2,chr4,128268171,128288834,-
ENSG00000107443.18,CCNJ,chr10,96043052,96060870,+
ENSG00000183726.13,TMEM50A,chr1,25337914,25362362,+
ENSG00000117505.15,DR1,chr1,93345877,93369493,+
ENSG00000084092.9,NOA1,chr4,56961619,56977625,-
ENSG00000175701.12,MTLN,chr2,110211527,110245420,-
ENSG00000147416.14,ATP6V1B2,chr8,20197322,20233400,+
ENSG00000255835.1,ENSG00000255835,chr1,225886695,225924278,-
ENSG00000241149.4,ZNF722,chr7,63998848,64018081,+
ENSG00000134253.10,TRIM45,chr1,117111059,117122587,-
ENSG00000112039.8,FANCE,chr6,35452314,35467106,+
ENSG00000096080.14,MRPS18A,chr6,43669977,43687954,-
ENSG00000215187.14,CIMIP2B,chr9,35561830,35563914,-
ENSG00000203730.3,TEDDM1,chr1,182398116,182400667,-
ENSG00000163823.6,CCR1,chr3,46201708,46208676,-
ENSG00000085998.17,POMGNT1,chr1,46188680,46220305,-
ENSG00000172155.10,LCE1D,chr1,152796720,152798181,+
ENSG00000146618.3,FERD3L,chr7,19144781,19145421,-
ENSG00000095380.13,NANS,chr9,98056636,98084394,+
ENSG00000163093.14,BBS5,chr2,169479479,169509452,+
ENSG00000138363.17,ATIC,chr2,215311955,215352251,+
ENSG00000188783.8,PRELP,chr1,203475759,203491352,+
ENSG00000172116.25,CD8B,chr2,86815338,86861977,-
ENSG00000187736.16,NHEJ1,chr2,219069354,219160869,-
ENSG00000198830.15,HMGN2,chr1,26471494,26487537,+
ENSG00000106346.14,USP42,chr7,6104754,6164429,+
ENSG00000115008.8,IL1A,chr2,112773915,112784500,-
ENSG00000122873.14,CISD1,chr10,58269112,58291167,+
ENSG00000122359.20,ANXA11,chr10,80150888,80205713,-
ENSG00000147475.19,ERLIN2,chr8,37736586,37758422,+
ENSG00000115525.20,ST3GAL5,chr2,85837119,85905199,-
ENSG00000170577.10,SIX2,chr2,45005181,45009520,-
ENSG00000179165.12,PXT1,chr6,36390550,36442854,-
ENSG00000145002.15,FAM86B2,chr8,12424407,12436408,-
ENSG00000112312.12,GMNN,chr6,24774891,24788205,+
ENSG00000112041.14,TULP1,chr6,35497873,35512941,-
ENSG00000088205.15,DDX18,chr2,117814655,117832716,+
ENSG00000176055.11,MBLAC2,chr5,90457959,90474786,-
ENSG00000115556.16,PLCD4,chr2,218607854,218637186,+
ENSG00000115998.10,C2orf42,chr2,70149881,70248615,-
ENSG00000132405.21,TBC1D14,chr4,6909239,7033118,+
ENSG00000113456.22,RAD1,chr5,34894175,34930394,-
ENSG00000085552.20,IGSF9,chr1,159927038,159949468,-
ENSG00000131381.15,RBSN,chr3,15068564,15099163,-
ENSG00000175084.15,DES,chr2,219417473,219426740,+
ENSG00000091704.11,CPA1,chr7,130380338,130388114,+
ENSG00000215788.13,TNFRSF25,chr1,6460785,6466190,-
ENSG00000286075.4,SMIM10L3,chr7,6329408,6348967,-
ENSG00000128610.14,FEZF1,chr7,122301302,122310735,-
ENSG00000214415.4,GNAT3,chr7,80458634,80512064,-
ENSG00000151665.15,PIGF,chr2,46580936,46617067,-
ENSG00000214021.20,TTLL3,chr3,9808085,9856087,+
ENSG00000169271.3,HSPB3,chr5,54455698,54456377,+
ENSG00000171481.5,OR1L3,chr9,122675129,122676104,+
ENSG00000121454.8,LHX4,chr1,180228786,180278984,+
ENSG00000145020.17,AMT,chr3,49416770,49422685,-
ENSG00000130714.21,POMT1,chr9,131502788,131523806,+
ENSG00000124535.18,WRNIP1,chr6,2765322,2791517,+
ENSG00000284643.1,SCYGR2,chr2,227598892,227599255,+
ENSG00000198876.15,DCAF12,chr9,34086383,34127399,-
ENSG00000143771.14,CNIH4,chr1,224356809,224381575,+
ENSG00000168028.17,RPSA,chr3,39406708,39426255,+
ENSG00000008853.20,RHOBTB2,chr8,22987221,23020723,+
ENSG00000273331.1,TM4SF19-DYNLT2B,chr3,196316081,196338373,-
ENSG00000178397.14,FAM220A,chr7,6329408,6348981,-
ENSG00000114923.19,SLC4A3,chr2,219627010,219641982,+
ENSG00000163040.17,CCDC74A,chr2,131527674,131533667,+
ENSG00000142864.17,SERBP1,chr1,67406388,67430418,-
ENSG00000136695.16,IL36RN,chr2,113058637,113065382,+
ENSG00000163659.15,TIPARP,chr3,156673234,156706770,+
ENSG00000158887.22,MPZ,chr1,161304734,161309974,-
ENSG00000125571.12,IL37,chr2,112911159,112918882,+
ENSG00000158764.9,ITLN2,chr1,160944265,160954889,-
ENSG00000162595.10,DIRAS3,chr1,68045512,68051717,-
ENSG00000010704.21,HFE,chr6,26087225,26098343,+
ENSG00000172031.9,EPHX4,chr1,92029426,92063728,+
ENSG00000002726.23,AOC1,chr7,150824626,150872465,+
ENSG00000136261.18,BZW2,chr7,16644652,16706771,+
ENSG00000198721.15,ECI2,chr6,4115311,4135635,-
ENSG00000135930.17,EIF4E2,chr2,232550632,232585201,+
ENSG00000164934.17,DCAF13,chr8,103414650,103443845,+
ENSG00000174946.7,GPR171,chr3,151197831,151203216,-
ENSG00000162650.19,ATXN7L2,chr1,109483478,109492812,+
ENSG00000163162.11,RNF149,chr2,101271214,101308770,-
ENSG00000124772.13,CPNE5,chr6,36738447,36840052,-
ENSG00000106560.12,GIMAP2,chr7,150685646,150694763,+
ENSG00000177943.16,MAMDC4,chr9,136850942,136860802,+
ENSG00000213639.13,PPP1CB,chr2,28751078,28802964,+
ENSG00000289809.2,ENSG00000289809,chr3,12825767,12871919,+
ENSG00000051596.12,THOC3,chr5,175775483,176034680,-
ENSG00000123485.13,HJURP,chr2,233833415,233854672,-
ENSG00000145365.14,TIFA,chr4,112272965,112302436,-
ENSG00000179403.14,VWA1,chr1,1434860,1446012,+
ENSG00000173706.16,HEG1,chr3,124965709,125056056,-
ENSG00000169291.12,SHE,chr1,154469636,154502866,-
ENSG00000143167.14,GPA33,chr1,167048288,167166479,-
ENSG00000196734.9,LCE1B,chr1,152811970,152813108,+
ENSG00000168994.15,PXDC1,chr6,3721484,3752088,-
ENSG00000176720.8,BOK,chr2,241551299,241585941,+
ENSG00000082515.20,MRPL22,chr5,154941063,154971241,+
ENSG00000196975.18,ANXA4,chr2,69643108,69827121,+
ENSG00000121897.17,LIAS,chr4,39459003,39485109,+
ENSG00000168679.20,SLC16A4,chr1,110362846,110391082,-
ENSG00000253831.4,ETV3L,chr1,157092042,157117877,-
ENSG00000116981.6,NT5C1A,chr1,39651228,39673328,-
ENSG00000289715.1,ENSG00000289715,chr1,21547403,21554002,+
ENSG00000156345.20,CDK20,chr9,87964904,87974816,-
ENSG00000164458.12,TBXT,chr6,166157655,166168815,-
ENSG00000163217.4,BMP10,chr2,68860908,68871439,-
ENSG00000180817.14,PPA1,chr10,70202830,70233911,-
ENSG00000186523.17,FAM86B1,chr8,12182095,12194168,-
ENSG00000084774.16,CAD,chr2,27217344,27245683,+
ENSG00000164093.19,PITX2,chr4,110617422,110642182,-
ENSG00000142675.20,CNKSR1,chr1,26177458,26189886,+
ENSG00000183665.5,TYW2,chr8,124450819,124462150,+
ENSG00000134363.14,FST,chr5,53479818,53487134,+
ENSG00000164299.7,SPZ1,chr5,80319624,80321842,+
ENSG00000006468.17,ETV1,chr7,13891228,13991425,-
ENSG00000116157.7,GPX7,chr1,52602279,52609143,+
ENSG00000197768.13,STPG3,chr9,137250607,137253483,+
ENSG00000197694.21,SPTAN1,chr9,128552557,128633663,+
ENSG00000107968.12,MAP3K8,chr10,30433218,30462348,+
ENSG00000124635.12,H2BC11,chr6,27087320,27133883,-
ENSG00000146410.14,MTFR2,chr6,136231023,136250571,-
ENSG00000163914.6,RHO,chr3,129528636,129535344,+
ENSG00000117245.15,KIF17,chr1,20664010,20718018,-
ENSG00000109814.14,UGDH,chr4,39498754,39528311,-
ENSG00000148057.18,IDNK,chr9,83623048,83644138,+
ENSG00000198835.6,GJC2,chr1,228149890,228159826,+
ENSG00000113722.19,CDX1,chr5,150166771,150186162,+
ENSG00000143367.19,TUFT1,chr1,151540304,151583583,+
ENSG00000240764.5,PCDHGC5,chr5,141489066,141512977,+
ENSG00000143365.22,RORC,chr1,151806020,151831845,-
ENSG00000187791.14,SPATA31F3,chr9,34889061,34895797,-
ENSG00000113161.19,HMGCR,chr5,75336328,75364241,+
ENSG00000173848.21,NET1,chr10,5412542,5459058,+
ENSG00000164674.19,SYTL3,chr6,158644386,158768361,+
ENSG00000171501.11,OR1N2,chr9,122553111,122554214,+
ENSG00000090020.13,SLC9A1,chr1,27098808,27166981,-
ENSG00000276410.5,H2BC3,chr6,26042770,26043713,-
ENSG00000186472.22,PCLO,chr7,82754011,83162930,-
ENSG00000144711.18,IQSEC1,chr3,12897042,13283281,-
ENSG00000180834.10,MAP6D1,chr3,183815880,183825612,-
ENSG00000147457.16,CHMP7,chr8,23243629,23266156,+
ENSG00000165156.17,ZHX1,chr8,123246668,123275541,-
ENSG00000160049.14,DFFA,chr1,10456521,10472582,-
ENSG00000131236.20,CAP1,chr1,40039734,40072767,+
ENSG00000164068.18,RNF123,chr3,49688739,49723389,+
ENSG00000288636.1,ENSG00000288636,chr1,17005067,17011757,-
ENSG00000198853.14,RUSC2,chr9,35489669,35562266,+
ENSG00000137225.13,CAPN11,chr6,44158810,44184401,+
ENSG00000172023.10,REG1B,chr2,79085022,79088019,-
ENSG00000185730.10,ZNF696,chr8,143289675,143299952,+
ENSG00000171865.12,RNASEH1,chr2,3541429,3558371,-
ENSG00000163995.23,ABLIM2,chr4,7965309,8158832,-
ENSG00000137171.17,KLC4,chr6,43040776,43075099,+
ENSG00000116771.8,AGMAT,chr1,15571698,15585084,-
ENSG00000162571.16,TTLL10,chr1,1173879,1197940,+
ENSG00000147896.4,IFNK,chr9,27524289,27526498,+
ENSG00000135974.13,C2orf49,chr2,105337515,105360776,+
ENSG00000258881.6,ENSG00000258881,chr2,70939317,70995336,-
ENSG00000107262.27,BAG1,chr9,33247819,33264720,-
ENSG00000198937.11,CCDC167,chr6,37476836,37499929,-
ENSG00000151689.15,INPP1,chr2,190334672,190371665,+
ENSG00000146067.19,FAM193B,chr5,177519787,177554601,-
ENSG00000160868.18,CYP3A4,chr7,99756953,99784327,-
ENSG00000117122.16,MFAP2,chr1,16972932,16981616,-
ENSG00000171368.14,TPPP,chr5,658849,693997,-
ENSG00000173372.20,C1QA,chr1,22635056,22640201,+
ENSG00000158828.10,PINK1,chr1,20633435,20652231,+
ENSG00000243641.3,OR13C7,chr9,36002908,36003867,-
ENSG00000163013.13,FBXO41,chr2,73254681,73284478,-
ENSG00000146733.16,PSPH,chr7,56010118,56051609,-
ENSG00000116663.13,FBXO6,chr1,11664140,11674354,+
ENSG00000135821.20,GLUL,chr1,182378097,182392206,-
ENSG00000179270.8,PCARE,chr2,29060975,29074566,-
ENSG00000173409.16,ARV1,chr1,230978980,231000735,+
ENSG00000048545.19,GUCA1A,chr6,42173363,42181338,+
ENSG00000160326.16,SLC2A6,chr9,133462052,133479148,-
ENSG00000133606.13,MKRN1,chr7,140453032,140479552,-
ENSG00000120235.5,IFNA6,chr9,21350252,21350956,-
ENSG00000253598.3,SLC10A5,chr8,81693630,81695058,-
ENSG00000157343.10,ARMC12,chr6,35737027,35749079,+
