gene_id,Gene,chr,tss
ENSG00000136997.22,MYC,chr8,127735433
ENSG00000091137.16,SLC26A4,chr7,107660593
ENSG00000106006.7,HOXA6,chr7,27150602
ENSG00000256977.14,LIMS3,chr2,109898427
ENSG00000284337.1,ENSG00000284337,chr2,109898431
ENSG00000187678.12,SPRY4,chr5,142326454
ENSG00000106086.23,PLEKHA8,chr7,30027403
ENSG00000138092.13,CENPO,chr2,24793099
ENSG00000106336.15,FBXO24,chr7,100583981
ENSG00000257207.5,ENSG00000257207,chr2,110473074
ENSG00000256671.8,LIMS4,chr2,110473074
ENSG00000288640.1,ENSG00000288640,chr7,112450459
ENSG00000288634.1,ENSG00000288634,chr7,112450486
ENSG00000184924.8,PTRHD1,chr2,24793394
ENSG00000162496.12,DHRS3,chr1,12620182
ENSG00000166997.10,CNPY4,chr7,100119613
ENSG00000106211.12,HSPB1,chr7,76302665
ENSG00000144579.11,CTDSP1,chr2,218397135
ENSG00000293615.1,ENSG00000293615,chr2,70087319
ENSG00000145901.20,TNIP1,chr5,151093576
ENSG00000146776.16,ATXN7L1,chr7,105877399
ENSG00000070882.15,OSBPL3,chr7,24981633
ENSG00000106080.12,FKBP14,chr7,30026715
ENSG00000078487.20,ZCWPW1,chr7,100428991
ENSG00000122566.25,HNRNPA2B1,chr7,26201528
ENSG00000001631.19,KRIT1,chr7,92246165
ENSG00000204928.3,GRXCR2,chr5,145937125
ENSG00000173221.16,GLRX,chr5,95822952
ENSG00000182095.16,TNRC18,chr7,5425413
ENSG00000169564.7,PCBP1,chr2,70087476
ENSG00000011426.13,ANLN,chr7,36389726
ENSG00000168090.12,COPS6,chr7,100088947
ENSG00000122565.21,CBX3,chr7,26200567
ENSG00000001629.12,ANKIB1,chr7,92245959
ENSG00000106366.11,SERPINE1,chr7,101122157
ENSG00000285953.2,ENSG00000285953,chr7,92245942
ENSG00000146834.17,MEPCE,chr7,100428321
ENSG00000289027.1,ENSG00000289027,chr7,92245923
ENSG00000122592.9,HOXA7,chr7,27157935
ENSG00000105997.25,HOXA3,chr7,27152609
ENSG00000084754.14,HADHA,chr2,26245043
ENSG00000119888.13,EPCAM,chr2,47345157
ENSG00000164542.15,MATCAP2,chr7,36390124
ENSG00000128536.18,CDHR3,chr7,105876795
ENSG00000113739.12,STC2,chr5,173328446
ENSG00000015479.22,MATR3,chr5,139273751
ENSG00000144136.13,SLC20A1,chr2,112645852
ENSG00000160691.21,SHC1,chr1,154974451
ENSG00000142224.18,IL19,chr1,206770763
ENSG00000106052.16,TAX1BP1,chr7,27739330
ENSG00000156463.20,SH3RF2,chr5,145936424
ENSG00000078399.20,HOXA9,chr7,27175179
ENSG00000115596.5,WNT6,chr2,218859794
ENSG00000257184.4,HOXA10-HOXA9,chr7,27180238
ENSG00000106290.18,TAF6,chr7,100127186
ENSG00000114993.18,RTKN,chr2,74442421
ENSG00000253293.7,HOXA10,chr7,27180260
ENSG00000214309.7,MBLAC1,chr7,100126693
ENSG00000273269.3,ENSG00000273269,chr2,47176510
ENSG00000135913.13,USP37,chr2,218568767
ENSG00000131188.14,PRR7,chr5,177446444
ENSG00000142910.18,TINAGL1,chr1,31576356
ENSG00000222009.11,BTBD19,chr1,44808505
ENSG00000115183.17,TANC1,chr2,158968502
ENSG00000144580.17,CNOT9,chr2,218568574
ENSG00000008256.19,CYTH3,chr7,6272676
ENSG00000006576.19,PHTF2,chr7,77798651
ENSG00000243910.9,TUBA4B,chr2,219253242
ENSG00000173207.15,CKS1B,chr1,154974640
ENSG00000136231.16,IGF2BP3,chr7,23470832
ENSG00000281039.1,ENSG00000281039,chr7,30550760
ENSG00000197208.8,SLC22A4,chr5,132293736
ENSG00000105855.12,ITGB8,chr7,20330608
ENSG00000006634.10,DBF4,chr7,87876215
ENSG00000117713.23,ARID1A,chr1,26693235
ENSG00000075303.15,SLC25A40,chr7,87876403
ENSG00000183891.8,TTC32,chr2,19902281
ENSG00000084733.13,RAB10,chr2,26033480
ENSG00000128564.10,VGF,chr7,101167244
ENSG00000087077.16,TRIP6,chr7,100867125
ENSG00000175793.12,SFN,chr1,26863148
ENSG00000162892.16,IL24,chr1,206897442
ENSG00000068697.9,LAPTM4A,chr2,20052053
ENSG00000188396.6,DYNLT4,chr1,44807416
ENSG00000115425.16,PECR,chr2,216082954
ENSG00000196290.19,NIF3L1,chr2,200888991
ENSG00000228049.9,POLR2J2,chr7,102671751
ENSG00000148143.15,ZNF462,chr9,106862285
ENSG00000106400.14,ZNHIT1,chr7,101218116
ENSG00000143933.22,CALM2,chr2,47176920
ENSG00000154310.19,TNIK,chr3,171460472
ENSG00000189143.10,CLDN4,chr7,73799541
ENSG00000087338.7,GMCL1,chr2,69829611
ENSG00000074054.23,CLASP1,chr2,121649598
ENSG00000105968.21,H2AZ2,chr7,44848145
ENSG00000115137.13,DNAJC27,chr2,24972093
ENSG00000240344.12,PPIL3,chr2,200889357
ENSG00000267645.5,POLR2J3-UPK3BL2,chr7,102671640
ENSG00000184260.6,H2AC20,chr1,149886917
ENSG00000310604.1,ENSG00000310604,chr2,69829738
ENSG00000145191.17,EIF2B5,chr3,184134985
ENSG00000263528.10,IKBKE,chr1,206470331
ENSG00000158604.18,TMED4,chr7,44582308
ENSG00000146063.22,TRIM41,chr5,181222498
ENSG00000166526.21,ZNF3,chr7,100082705
ENSG00000163032.14,VSNL1,chr2,17539019
ENSG00000127129.12,EDN2,chr1,41500501
ENSG00000006652.16,IFRD1,chr7,112422886
ENSG00000164400.7,CSF2,chr5,132073783
ENSG00000168255.20,POLR2J3,chr7,102572652
ENSG00000162928.11,PEX13,chr2,61017057
ENSG00000075624.19,ACTB,chr7,5563901
ENSG00000285437.4,POLR2J3,chr7,102572619
ENSG00000124762.17,CDKN1A,chr6,36676440
ENSG00000127914.21,AKAP9,chr7,91940836
ENSG00000115520.11,COQ10B,chr2,197453437
ENSG00000077454.19,LRCH4,chr7,100586235
ENSG00000122550.20,KLHL7,chr7,23105728
ENSG00000162927.17,PUS10,chr2,61018283
ENSG00000065883.20,CDK13,chr7,39950012
ENSG00000136810.15,TXN,chr9,110256635
ENSG00000115738.12,ID2,chr2,8678844
ENSG00000106665.18,CLIP2,chr7,74289406
ENSG00000184678.11,H2BC21,chr1,149886681
ENSG00000277149.7,TYW1B,chr7,72828259
ENSG00000071189.23,SNX13,chr7,17940711
ENSG00000072682.22,P4HA2,chr5,132295314
ENSG00000170852.14,KBTBD2,chr7,32894130
ENSG00000170264.15,FAM161A,chr2,61854142
ENSG00000144063.6,MALL,chr2,110116074
ENSG00000119508.19,NR4A3,chr9,99821846
ENSG00000119321.12,FKBP15,chr9,113221457
ENSG00000071967.14,CYBRD1,chr2,171522246
ENSG00000135211.8,TMEM60,chr7,77799722
ENSG00000128585.20,MKLN1,chr7,131110095
ENSG00000115998.10,C2orf42,chr2,70248614
ENSG00000136868.13,SLC31A1,chr9,113221190
ENSG00000116001.19,TIA1,chr2,70248760
ENSG00000082898.21,XPO1,chr2,61538752
ENSG00000127980.18,PEX1,chr7,92528662
ENSG00000106245.13,BUD31,chr7,99408609
ENSG00000163166.17,IWS1,chr2,127526885
ENSG00000127993.17,RBM48,chr7,92528769
ENSG00000177917.13,ARL6IP6,chr2,152717620
ENSG00000003393.18,ALS2,chr2,201782111
ENSG00000106244.15,PDAP1,chr7,99408830
ENSG00000126524.14,SBDS,chr7,66995692
ENSG00000115942.11,ORC2,chr2,200963703
ENSG00000127399.16,LRRC61,chr7,150323262
ENSG00000014641.23,MDH1,chr2,63588556
ENSG00000106526.14,ACTR3C,chr7,150323925
ENSG00000119787.16,ATL2,chr2,38377437
ENSG00000196597.15,ZNF782,chr9,96875622
ENSG00000115866.13,DARS1,chr2,135986099
ENSG00000123600.23,METTL8,chr2,171434801
ENSG00000125629.18,INSIG2,chr2,118088136
ENSG00000113441.18,LNPEP,chr5,96934806
ENSG00000135249.10,RINT1,chr7,105532115
ENSG00000198055.13,GRK6,chr5,177403203
ENSG00000138085.20,ATRAID,chr2,27212011
ENSG00000235007.3,ENSG00000235007,chr9,129139412
ENSG00000180398.15,MCFD2,chr2,46941854
ENSG00000170606.18,HSPA4,chr5,133051941
ENSG00000219545.14,UMAD1,chr7,7640660
ENSG00000187257.18,RSBN1L,chr7,77696439
ENSG00000159884.13,CCDC107,chr9,35658276
ENSG00000113712.20,CSNK1A1,chr5,149551576
ENSG00000197694.21,SPTAN1,chr9,128552557
ENSG00000119203.16,CPSF3,chr2,9423622
ENSG00000072803.20,FBXW11,chr5,172006906
ENSG00000158417.14,EIF5B,chr2,99337360
ENSG00000168672.6,LRATD2,chr8,126558483
ENSG00000065548.21,ZC3H15,chr2,186485889
ENSG00000196196.3,HRCT1,chr9,35906201
ENSG00000145725.23,PPIP5K2,chr5,103120148
ENSG00000115524.19,SF3B1,chr2,197435078
ENSG00000169242.14,EFNA1,chr1,155127451
ENSG00000145723.19,GIN1,chr5,103120225
ENSG00000170271.13,FAXDC2,chr5,154859251
ENSG00000169871.15,TRIM56,chr7,101085233
ENSG00000205356.12,TECPR1,chr7,98252239
ENSG00000003509.18,NDUFAF7,chr2,37231627
ENSG00000006704.13,GTF2IRD1,chr7,74452462
ENSG00000235387.7,SPAAR,chr9,35909487
ENSG00000169764.18,UGP2,chr2,63840944
ENSG00000115816.17,CEBPZ,chr2,37231611
ENSG00000176532.6,PRR15,chr7,29563774
ENSG00000164690.8,SHH,chr7,155812462
ENSG00000286112.1,KYAT1,chr9,128881930
ENSG00000125630.17,POLR1B,chr2,112541914
ENSG00000119185.15,ITGB1BP1,chr2,9423890
ENSG00000164713.11,BRI3,chr7,98252378
ENSG00000049860.15,HEXB,chr5,74640022
ENSG00000184270.6,H2AC21,chr1,149887964
ENSG00000119844.19,AFTPH,chr2,64524285
ENSG00000128563.15,PRKRIP1,chr7,102363807
ENSG00000196456.15,ZNF775,chr7,150368789
ENSG00000144028.17,SNRNP200,chr2,96321270
ENSG00000115827.16,DCAF17,chr2,171434216
ENSG00000105821.17,DNAJC2,chr7,103344836
ENSG00000198874.16,TYW1,chr7,66995172
ENSG00000099139.16,PCSK5,chr9,75890638
ENSG00000136802.14,LRRC8A,chr9,128882119
ENSG00000128607.16,KLHDC10,chr7,130070533
ENSG00000114019.17,AMOTL2,chr3,134375478
ENSG00000170584.14,NUDCD2,chr5,163460403
ENSG00000135069.16,PSAT1,chr9,78297093
ENSG00000160991.19,ORAI2,chr7,102433105
ENSG00000070214.19,SLC44A1,chr9,105244518
ENSG00000004866.24,ST7,chr7,116952979
ENSG00000072571.22,HMMR,chr5,163460202
ENSG00000005075.18,POLR2J,chr7,102478935
ENSG00000005073.7,HOXA11,chr7,27185252
ENSG00000115207.17,GTF3C2,chr2,27357565
ENSG00000106460.22,TMEM106B,chr7,12210930
ENSG00000270249.2,ENSG00000270249,chr7,102592443
ENSG00000145808.12,ADAMTS19,chr5,129459681
ENSG00000178966.18,RMI1,chr9,83980354
ENSG00000176402.6,GJC3,chr7,99929619
ENSG00000130222.13,GADD45G,chr9,89604938
ENSG00000157240.5,FZD1,chr7,91264432
ENSG00000122687.21,MRM2,chr7,2242228
ENSG00000114999.10,TTL,chr2,112482111
ENSG00000120727.15,PAIP2,chr5,139341586
ENSG00000136925.17,TSTD2,chr9,97633575
ENSG00000135334.11,AKIRIN2,chr6,87702274
ENSG00000171097.16,KYAT1,chr9,128882555
ENSG00000136295.18,TTYH3,chr7,2631897
ENSG00000171848.18,RRM2,chr2,10120697
ENSG00000136937.15,NCBP1,chr9,97633401
ENSG00000286192.1,ENSG00000286192,chr7,2242214
ENSG00000272772.2,ENSG00000272772,chr5,134225860
ENSG00000106268.18,NUDT1,chr7,2242202
ENSG00000135164.21,DMTF1,chr7,87152339
ENSG00000168758.13,SEMA4C,chr2,96873839
ENSG00000162775.18,RBM15,chr1,110338505
ENSG00000122547.14,EEPD1,chr7,36153074
ENSG00000081479.16,LRP2,chr2,169362779
ENSG00000065526.14,SPEN,chr1,15836094
ENSG00000187980.8,PLA2G2C,chr1,20186523
ENSG00000119866.23,BCL11A,chr2,60554466
ENSG00000168906.15,MAT2A,chr2,85539162
ENSG00000164142.18,FHIP1A,chr4,151409117
ENSG00000174799.14,CEP135,chr4,55948818
ENSG00000113575.15,PPP2CA,chr5,134226218
ENSG00000087087.22,SRRT,chr7,100875064
ENSG00000270276.3,H4C15,chr1,149861158
ENSG00000178096.11,BOLA1,chr1,149886405
ENSG00000158987.24,RAPGEF6,chr5,131635271
ENSG00000127947.18,PTPN12,chr7,77537064
ENSG00000148200.19,NR6A1,chr9,124771348
ENSG00000001630.20,CYP51A1,chr7,92134802
ENSG00000198522.16,GPN1,chr2,27628246
ENSG00000180667.11,YOD1,chr1,207052979
ENSG00000177556.14,ATOX1,chr5,151772531
ENSG00000146828.20,SLC12A9,chr7,100826819
ENSG00000109686.23,SH3D19,chr4,151409364
ENSG00000204335.5,SP5,chr2,170715286
ENSG00000143970.19,ASXL2,chr2,25878599
ENSG00000113645.17,WWC1,chr5,168291562
ENSG00000197043.17,ANXA6,chr5,151157978
ENSG00000075426.14,FOSL2,chr2,28392447
ENSG00000003402.23,CFLAR,chr2,201116004
ENSG00000214253.11,FIS1,chr7,101252320
ENSG00000106484.17,MEST,chr7,130486170
ENSG00000145819.19,ARHGAP26,chr5,142770342
ENSG00000080802.23,CNOT4,chr7,135510144
ENSG00000269955.2,FMC1-LUC7L2,chr7,139341359
ENSG00000179528.17,LBX2,chr2,74503315
ENSG00000168374.13,ARF4,chr3,57598219
ENSG00000187514.19,PTMA,chr2,231706894
ENSG00000134107.7,BHLHE40,chr3,4978714
ENSG00000105879.14,CBLL1,chr7,107743072
ENSG00000197191.7,CYSRT1,chr9,137225173
ENSG00000119335.20,SET,chr9,128683423
ENSG00000136270.16,TBRG4,chr7,45112047
ENSG00000162783.11,IER5,chr1,181088699
ENSG00000015676.20,NUDCD3,chr7,44490918
ENSG00000136936.13,XPA,chr9,97697407
ENSG00000049541.13,RFC2,chr7,74254457
ENSG00000143294.17,PRCC,chr1,156750609
ENSG00000138078.18,PREPL,chr2,44361861
ENSG00000078114.21,NEBL,chr10,21293010
ENSG00000143919.17,CAMKMT,chr2,44361873
ENSG00000084710.16,EFR3B,chr2,25042047
ENSG00000176125.7,UFSP1,chr7,100889714
ENSG00000214022.14,REPIN1,chr7,150368066
ENSG00000130675.16,MNX1,chr7,157010667
ENSG00000198556.16,ZNF789,chr7,99472793
ENSG00000136854.28,STXBP1,chr9,127579369
ENSG00000128512.25,DOCK4,chr7,112206406
ENSG00000197747.11,S100A10,chr1,151993890
ENSG00000198961.13,PJA2,chr5,109410033
ENSG00000159650.11,UROC1,chr3,126517777
ENSG00000124383.13,MPHOSPH10,chr2,71130304
ENSG00000167118.13,URM1,chr9,128371340
ENSG00000127377.11,CRYGN,chr7,151440812
ENSG00000136830.14,NIBAN2,chr9,127579048
ENSG00000144366.19,GULP1,chr2,188291104
ENSG00000114115.13,RBP1,chr3,139540395
ENSG00000105792.21,CFAP69,chr7,90245160
ENSG00000106078.21,COBL,chr7,51317186
ENSG00000203811.2,H3C14,chr1,149841207
ENSG00000107175.14,CREB3,chr9,35732295
ENSG00000213639.13,PPP1CB,chr2,28751078
ENSG00000137076.24,TLN1,chr9,35732211
ENSG00000119878.9,CRIPT,chr2,46616415
ENSG00000124370.13,MCEE,chr2,71130278
ENSG00000271793.2,ENSG00000271793,chr6,85678732
ENSG00000144746.9,ARL6IP5,chr3,69084784
ENSG00000168209.8,DDIT4,chr10,72273918
ENSG00000082258.15,CCNT2,chr2,134918234
ENSG00000160813.9,PPP1R35,chr7,100436545
ENSG00000275221.3,H2AC15,chr6,27838374
ENSG00000151665.15,PIGF,chr2,46617066
ENSG00000174840.11,PDE12,chr3,57556248
ENSG00000138074.17,SLC5A6,chr2,27212957
ENSG00000106266.13,SNX8,chr7,2354317
ENSG00000146054.20,TRIM7,chr5,181205308
ENSG00000189043.12,COXFA4,chr7,10940530
ENSG00000142627.15,EPHA2,chr1,16156140
ENSG00000038274.20,MAT2B,chr5,163503108
ENSG00000006468.17,ETV1,chr7,13991424
ENSG00000118257.18,NRP2,chr2,205681989
ENSG00000153317.17,ASAP1,chr8,130444081
ENSG00000233822.8,H2BC15,chr6,27838544
ENSG00000119139.23,TJP2,chr9,69121263
ENSG00000109534.19,GAR1,chr4,109815475
ENSG00000275052.7,PPP4R3B,chr2,55618879
ENSG00000172432.21,GTPBP2,chr6,43629290
ENSG00000203852.4,H3C15,chr1,149852607
ENSG00000188529.17,SRSF10,chr1,23980926
ENSG00000196636.9,SDHAF3,chr7,97117676
ENSG00000136932.18,TRMO,chr9,97922569
ENSG00000135049.18,AGTPBP1,chr9,85742143
ENSG00000204947.11,ZNF425,chr7,149126347
ENSG00000163683.14,SMIM14,chr4,39639091
ENSG00000106258.18,CYP3A5,chr7,99680042
ENSG00000116698.24,SMG7,chr1,183471870
ENSG00000107140.19,TESK1,chr9,35605234
ENSG00000211456.16,SACM1L,chr3,45689055
ENSG00000197024.11,ZNF398,chr7,149126415
ENSG00000168899.7,VAMP5,chr2,85584396
ENSG00000114251.16,WNT5A,chr3,55490538
ENSG00000146963.20,LUC7L2,chr7,139340358
ENSG00000176714.12,CCDC121,chr2,27629017
ENSG00000116095.13,PLEKHA3,chr2,178480346
ENSG00000177239.18,MAN1B1,chr9,137085916
ENSG00000165655.18,ZNF503,chr10,75402398
ENSG00000168916.18,ZNF608,chr5,124748823
ENSG00000078579.10,FGF20,chr8,17002351
ENSG00000096433.13,ITPR3,chr6,33620330
ENSG00000064419.16,TNPO3,chr7,129055207
ENSG00000106178.9,CCL24,chr7,75823942
ENSG00000095383.21,TBC1D2,chr9,98256426
ENSG00000185414.22,MRPL30,chr2,99181110
ENSG00000107719.12,PALD1,chr10,70477657
ENSG00000138029.16,HADHB,chr2,26243169
ENSG00000135925.11,WNT10A,chr2,218880851
ENSG00000156535.16,CD109,chr6,73695778
ENSG00000114268.14,PFKFB4,chr3,48562014
ENSG00000115568.18,ZNF142,chr2,218659654
ENSG00000288859.2,H2AC19,chr1,149851060
ENSG00000068724.20,TTC7A,chr2,46915868
ENSG00000293564.1,ENSG00000293564,chr1,179882315
ENSG00000222011.11,FAM185A,chr7,102748938
ENSG00000169905.15,TOR1AIP2,chr1,179883033
ENSG00000185129.8,PURA,chr5,140107776
ENSG00000138448.15,ITGAV,chr2,186589664
ENSG00000196504.23,PRPF40A,chr2,152719049
ENSG00000117593.14,DARS2,chr1,173824539
ENSG00000129071.12,MBD4,chr3,129440542
ENSG00000095002.18,MSH2,chr2,47403066
ENSG00000158050.8,DUSP2,chr2,96145446
ENSG00000158411.12,MITD1,chr2,99181351
ENSG00000143398.22,PIP5K1A,chr1,151197948
ENSG00000183111.14,ARHGEF37,chr5,149551946
ENSG00000131503.23,ANKHD1,chr5,140401659
ENSG00000106443.19,PHF14,chr7,10973326
ENSG00000148187.20,MRRF,chr9,122264140
ENSG00000106263.21,EIF3B,chr7,2354079
ENSG00000119446.16,RBM18,chr9,122264854
ENSG00000115762.19,PLEKHB2,chr2,131104846
ENSG00000120334.18,CENPL,chr1,173824924
ENSG00000138380.20,CARF,chr2,202912213
ENSG00000168509.22,HJV,chr1,146036745
ENSG00000104763.22,ASAH1,chr8,18084997
ENSG00000254996.5,ANKHD1-EIF4EBP3,chr5,140401907
ENSG00000113525.12,IL5,chr5,132556837
ENSG00000115282.23,TTC31,chr2,74482616
ENSG00000163191.8,S100A11,chr1,152047906
ENSG00000270882.3,H4C14,chr1,149832656
ENSG00000163125.18,RPRD2,chr1,150363090
ENSG00000187616.6,MYMK,chr9,133528611
ENSG00000143578.18,CREB3L4,chr1,153963718
ENSG00000270757.1,HSPE1-MOB4,chr2,197500412
ENSG00000120725.15,SIL1,chr5,139293556
ENSG00000159176.16,CSRP1,chr1,201540141
ENSG00000138031.17,ADCY3,chr2,24920298
ENSG00000136280.19,CCM2,chr7,44999474
ENSG00000289694.1,ENSG00000289694,chr1,22025141
ENSG00000120705.15,ETF1,chr5,138543238
ENSG00000115875.21,SRSF7,chr2,38751497
ENSG00000196411.12,EPHB4,chr7,100827583
ENSG00000158373.11,H2BC5,chr6,26158121
ENSG00000109736.17,SLC75A1,chr4,2935461
ENSG00000154978.15,VOPP1,chr7,55572987
ENSG00000129696.15,TTI2,chr8,33513184
ENSG00000137101.15,CD72,chr9,35646809
ENSG00000164134.16,NAA15,chr4,139301445
ENSG00000135185.14,TMEM243,chr7,87220596
ENSG00000152147.13,GEMIN6,chr2,38751533
ENSG00000120656.16,TAF12,chr1,28648363
ENSG00000084676.18,NCOA1,chr2,24490982
ENSG00000289490.1,ENSG00000289490,chr2,202377111
ENSG00000118985.18,ELL2,chr5,95961906
ENSG00000115541.13,HSPE1,chr2,197500109
ENSG00000204217.17,BMPR2,chr2,202375834
ENSG00000115325.16,DOK1,chr2,74548874
ENSG00000115145.12,STAM2,chr2,152175780
ENSG00000115307.19,AUP1,chr2,74529965
ENSG00000234545.10,FAM133B,chr7,92590416
ENSG00000005486.19,RHBDD2,chr7,75842601
ENSG00000144959.13,NCEH1,chr3,172711217
ENSG00000105991.11,HOXA1,chr7,27096038
ENSG00000106524.11,ANKMY2,chr7,16645840
ENSG00000169989.5,TIGD4,chr4,152779777
ENSG00000159239.13,ENSG00000159239,chr2,74421661
ENSG00000143337.20,TOR1AIP1,chr1,179882041
ENSG00000115091.14,ACTR3,chr2,113889599
ENSG00000284308.3,C2orf81,chr2,74421654
ENSG00000196975.18,ANXA4,chr2,69643108
ENSG00000171853.18,TRAPPC12,chr2,3379668
ENSG00000171617.18,ENC1,chr5,74641423
ENSG00000165322.20,ARHGAP12,chr10,31928875
ENSG00000273983.2,H3C8,chr6,26271412
ENSG00000118965.18,WDR35,chr2,19990161
ENSG00000163449.13,TMEM169,chr2,216081865
ENSG00000106351.15,AGFG2,chr7,100539168
ENSG00000164144.18,ARFIP1,chr4,152779095
ENSG00000285053.1,ENSG00000285053,chr1,235328569
ENSG00000118655.10,DCLRE1B,chr1,113904402
ENSG00000203667.12,COX20,chr1,244835300
ENSG00000164885.15,CDK5,chr7,151057951
ENSG00000288635.1,ENSG00000288635,chr7,116954390
ENSG00000115211.19,EIF2B4,chr2,27370465
ENSG00000119013.12,NDUFB3,chr2,201071432
ENSG00000173080.6,RXFP4,chr1,155941637
ENSG00000188784.4,PLA2G2E,chr1,19923616
ENSG00000178381.15,ZFAND2A,chr7,1175913
ENSG00000186638.19,KIF24,chr9,34329281
ENSG00000079150.20,FKBP7,chr2,178478603
ENSG00000005448.19,WDR54,chr2,74421476
ENSG00000185278.18,ZBTB37,chr1,173868081
ENSG00000115234.13,SNX17,chr2,27370495
ENSG00000117394.26,SLC2A1,chr1,42958903
ENSG00000095209.14,TMEM38B,chr9,105694339
ENSG00000133056.16,PIK3C2B,chr1,204494857
ENSG00000138463.11,SLC49A4,chr3,122794818
ENSG00000004766.19,VPS50,chr7,93232339
ENSG00000135624.19,CCT7,chr2,73233419
ENSG00000285542.1,ENSG00000285542,chr2,44168850
ENSG00000138759.22,FRAS1,chr4,78056960
ENSG00000135637.17,CCDC142,chr2,74483407
ENSG00000074582.17,BCS1L,chr2,218658763
ENSG00000198839.12,ZNF277,chr7,112206618
ENSG00000075618.20,FSCN1,chr7,5592805
ENSG00000158458.23,NRG2,chr5,140043327
ENSG00000019549.14,SNAI2,chr8,48921739
ENSG00000164978.21,NUDT2,chr9,34329495
ENSG00000124688.16,MAD2L1BP,chr6,43629493
ENSG00000128656.17,CHN1,chr2,175005404
ENSG00000163577.10,EIF5A2,chr3,170908643
ENSG00000138459.11,SLC35A5,chr3,112561268
ENSG00000134262.17,AP4B1,chr1,113905721
ENSG00000180644.10,PRF1,chr10,70602787
ENSG00000106603.22,COA1,chr7,43729856
ENSG00000142765.20,SYTL1,chr1,27342008
ENSG00000286522.3,H3C2,chr6,26032101
ENSG00000152061.25,RABGAP1L,chr1,174159338
ENSG00000179165.12,PXT1,chr6,36442853
ENSG00000293560.3,MYH16,chr7,99272838
ENSG00000122643.26,NT5C3A,chr7,33062836
ENSG00000151151.8,IPMK,chr10,58267959
ENSG00000135960.12,EDAR,chr2,108989371
ENSG00000198885.12,ITPRIPL1,chr2,96324976
ENSG00000239779.9,WBP1,chr2,74458262
ENSG00000138413.16,IDH1,chr2,208266094
ENSG00000112078.16,KCTD20,chr6,36442766
ENSG00000134996.14,OSTF1,chr9,75088420
ENSG00000163660.14,CCNL1,chr3,157160770
ENSG00000114346.16,ECT2,chr3,172750681
ENSG00000115966.20,ATF2,chr2,175168381
ENSG00000169087.13,HSPBAP1,chr3,122795034
ENSG00000123836.17,PFKFB2,chr1,207034365
ENSG00000115020.19,PIKFYVE,chr2,208266228
ENSG00000105974.15,CAV1,chr7,116524984
ENSG00000135617.6,PRADC1,chr2,73233261
ENSG00000164463.14,CREBRF,chr5,173056322
ENSG00000153234.18,NR4A2,chr2,156342347
ENSG00000143198.15,MGST3,chr1,165630846
ENSG00000164296.9,TIGD6,chr5,150001159
ENSG00000143493.15,INTS7,chr1,212035571
ENSG00000136709.14,WDR33,chr2,127811194
ENSG00000143476.20,DTL,chr1,212035552
ENSG00000134982.21,APC,chr5,112707451
ENSG00000105829.14,BET1,chr7,94004382
ENSG00000145907.18,G3BP1,chr5,151770950
ENSG00000001460.20,STPG1,chr1,24416933
ENSG00000157259.9,GATAD1,chr7,92447447
ENSG00000104218.18,CSPP1,chr8,67062380
ENSG00000182389.21,CACNB4,chr2,152099181
ENSG00000144848.13,ATG3,chr3,112562317
ENSG00000054267.24,ARID4B,chr1,235328799
ENSG00000155508.16,CNOT8,chr5,154857528
ENSG00000160678.14,S100A1,chr1,153608922
ENSG00000143033.20,MTF2,chr1,93079234
ENSG00000189410.14,SH2D5,chr1,20732836
ENSG00000107796.16,ACTA2,chr10,88991338
ENSG00000105926.18,PALS2,chr7,24572935
ENSG00000148229.15,POLE3,chr9,113410722
ENSG00000182795.15,C1orf116,chr1,207032820
ENSG00000169247.16,SH3TC2,chr5,149063162
ENSG00000164615.8,CAMLG,chr5,134737607
ENSG00000134369.19,NAV1,chr1,201538945
ENSG00000106346.14,USP42,chr7,6104754
ENSG00000172115.11,CYCS,chr7,25125366
ENSG00000232434.4,AJM1,chr9,136842477
ENSG00000168894.12,RNF181,chr2,85595619
ENSG00000055917.19,PUM2,chr2,20352233
ENSG00000164649.22,CDCA7L,chr7,21946218
ENSG00000119471.17,HSDL2,chr9,112380018
ENSG00000106049.11,HIBADH,chr7,27663012
ENSG00000047315.18,POLR2B,chr4,56977710
ENSG00000188186.12,LAMTOR4,chr7,100148887
ENSG00000106733.23,NMRK1,chr9,75088830
ENSG00000113716.15,HMGXB3,chr5,150000045
ENSG00000188761.14,BCL2L15,chr1,113887587
ENSG00000113522.16,RAD50,chr5,132556018
ENSG00000288701.2,PRRC2B,chr9,131373635
ENSG00000276966.3,H4C5,chr6,26204609
ENSG00000168298.7,H1-4,chr6,26156328
ENSG00000122861.18,PLAU,chr10,73909176
ENSG00000161040.21,FBXL13,chr7,103075399
ENSG00000008869.14,HEATR5B,chr2,37084408
ENSG00000164548.14,TRA2A,chr7,23532040
ENSG00000148019.16,CEP78,chr9,78236036
ENSG00000084092.9,NOA1,chr4,56977624
ENSG00000163576.19,EFHB,chr3,19947024
ENSG00000106299.10,WASL,chr7,123749180
ENSG00000152133.19,GPATCH11,chr2,37084417
ENSG00000188015.12,S100A3,chr1,153550150
ENSG00000144566.13,RAB5A,chr3,19947067
ENSG00000157653.14,C9orf43,chr9,113410053
ENSG00000196787.5,H2AC11,chr6,27133042
ENSG00000115828.19,QPCT,chr2,37342826
ENSG00000119408.19,NEK6,chr9,124257605
ENSG00000172331.14,BPGM,chr7,134646783
ENSG00000115368.12,WDR75,chr2,189441428
ENSG00000129595.15,EPB41L4A,chr5,112419312
ENSG00000135205.17,CCDC146,chr7,77122433
ENSG00000114573.14,ATP6V1A,chr3,113746295
ENSG00000121579.16,NAA50,chr3,113746785
ENSG00000163001.14,CFAP36,chr2,55519558
ENSG00000115825.13,PRKD3,chr2,37324838
ENSG00000164849.12,GPR146,chr7,1044536
ENSG00000204822.9,MRPL53,chr2,74472698
ENSG00000136718.12,IMP4,chr2,130342402
ENSG00000196262.17,PPIA,chr7,44796619
ENSG00000172478.20,MAB21L4,chr2,240896893
ENSG00000183258.14,DDX41,chr5,177516978
ENSG00000173567.17,ADGRF3,chr2,26346816
ENSG00000162994.18,CLHC1,chr2,55232562
ENSG00000172262.14,ZNF131,chr5,43065175
ENSG00000196878.17,LAMB3,chr1,209653145
ENSG00000075292.22,ZNF638,chr2,71276536
ENSG00000288705.2,UGT1A5,chr2,233712906
ENSG00000288825.1,H2AC18,chr1,149842749
ENSG00000137563.15,GGH,chr8,63039406
ENSG00000160803.10,UBQLN4,chr1,156053813
ENSG00000167112.12,TRUB2,chr9,128322740
ENSG00000134308.16,YWHAQ,chr2,9639471
ENSG00000197157.13,SND1,chr7,127652122
ENSG00000168944.18,CEP120,chr5,123423591
ENSG00000164647.11,STEAP1,chr7,90154179
ENSG00000174579.6,MSL2,chr3,136197240
ENSG00000060642.14,PIGV,chr1,26787053
ENSG00000158467.19,AHCYL2,chr7,129225019
ENSG00000172354.12,GNB2,chr7,100673476
ENSG00000064012.26,CASP8,chr2,201233442
ENSG00000136710.12,VMA22,chr2,130342698
ENSG00000115317.15,HTRA2,chr2,74529273
ENSG00000115540.17,MOB4,chr2,197515570
ENSG00000122705.20,CLTA,chr9,36190855
ENSG00000142864.17,SERBP1,chr1,67430417
ENSG00000167106.14,EEIG1,chr9,127981074
ENSG00000137073.26,UBAP2,chr9,34049419
ENSG00000178764.10,ZHX2,chr8,122781297
ENSG00000167113.13,COQ4,chr9,128322482
ENSG00000148671.17,ADIRF,chr10,86968431
ENSG00000028137.21,TNFRSF1B,chr1,12166969
ENSG00000117174.13,ZNHIT6,chr1,85708432
ENSG00000116586.14,LAMTOR2,chr1,156053915
ENSG00000173557.16,CIMIP2C,chr2,26562541
ENSG00000188760.13,TMEM198,chr2,219543129
ENSG00000068912.17,ERLEC1,chr2,53787008
ENSG00000107968.12,MAP3K8,chr10,30433218
ENSG00000115289.16,PCGF1,chr2,74508360
ENSG00000197037.13,ZSCAN25,chr7,99616622
ENSG00000170632.16,ARMC10,chr7,103074624
ENSG00000066697.17,MSANTD3,chr9,100426692
ENSG00000151694.17,ADAM17,chr2,9556731
ENSG00000106004.6,HOXA5,chr7,27143718
ENSG00000144120.15,TMEM177,chr2,119679136
ENSG00000136243.20,NUP42,chr7,23181803
ENSG00000171444.20,MCC,chr5,113488822
ENSG00000248919.7,ATP5MF-PTCD1,chr7,99466196
ENSG00000106591.6,MRPL32,chr7,42932345
ENSG00000106246.20,PTCD1,chr7,99466200
ENSG00000241468.10,ATP5MF,chr7,99466200
ENSG00000167103.13,PIP5KL1,chr9,127930822
ENSG00000165119.25,HNRNPK,chr9,83981585
ENSG00000166508.21,MCM7,chr7,100101939
ENSG00000119509.15,INVS,chr9,100098377
ENSG00000085274.18,MYNN,chr3,169773376
ENSG00000225556.3,C2CD4D,chr1,151840556
ENSG00000272031.4,ANKRD34A,chr1,145964574
ENSG00000196747.5,H2AC13,chr6,27808172
ENSG00000162971.13,TYW5,chr2,199955817
ENSG00000113558.21,SKP1,chr5,134177910
ENSG00000164976.11,MYORG,chr9,34377149
ENSG00000179833.6,SERTAD2,chr2,64751004
ENSG00000233198.5,RNF224,chr9,137226907
ENSG00000135535.19,CD164,chr6,109382535
ENSG00000162972.12,MAIP1,chr2,199955316
ENSG00000160685.16,ZBTB7B,chr1,155002542
ENSG00000138668.22,HNRNPD,chr4,82374542
ENSG00000083857.17,FAT1,chr4,186726721
ENSG00000088179.11,PTPN4,chr2,119759603
ENSG00000123989.17,CHPF,chr2,219543817
ENSG00000256646.8,ENSG00000256646,chr7,42932213
ENSG00000106588.14,PSMA2,chr7,42932222
ENSG00000135924.19,DNAJB2,chr2,219279307
ENSG00000155850.11,SLC26A2,chr5,149960747
ENSG00000146530.17,VWDE,chr7,12404032
ENSG00000119318.15,RAD23B,chr9,107283136
ENSG00000029363.19,BCLAF1,chr6,136289851
ENSG00000148053.20,NTRK2,chr9,84668374
ENSG00000009954.12,BAZ1B,chr7,73522292
ENSG00000135317.16,SNX14,chr6,85594155
ENSG00000144426.20,NBEAL1,chr2,203014607
ENSG00000164889.17,SLC4A2,chr7,151057209
ENSG00000148677.9,ANKRD1,chr10,90921276
ENSG00000129103.21,SUMF2,chr7,56064001
ENSG00000212993.6,POU5F1B,chr8,127322182
ENSG00000163235.18,TGFA,chr2,70554192
ENSG00000109390.15,NDUFC1,chr4,139302563
ENSG00000170027.8,YWHAG,chr7,76359021
ENSG00000104689.12,TNFRSF10A,chr8,23225144
ENSG00000115902.13,SLC1A4,chr2,64988476
ENSG00000164597.17,COG5,chr7,107564514
ENSG00000171720.12,HDAC3,chr5,141637303
ENSG00000105810.12,CDK6,chr7,92837003
ENSG00000120438.14,TCP1,chr6,159789706
ENSG00000151465.16,CDC123,chr10,12195909
ENSG00000145555.16,MYO10,chr5,16936316
ENSG00000198887.11,SMC5,chr9,70258269
ENSG00000165609.16,NUDT5,chr10,12196154
ENSG00000278463.2,H2AC4,chr6,26033617
ENSG00000062194.18,GPBP1,chr5,57173820
ENSG00000105865.13,DUS4L,chr7,107563483
ENSG00000171960.14,PPIH,chr1,42658184
ENSG00000106771.15,TMEM245,chr9,109119974
ENSG00000197121.17,PGAP1,chr2,196927795
ENSG00000116489.15,CAPZA1,chr1,112619172
ENSG00000152127.11,MGAT5,chr2,134119891
ENSG00000138442.13,WDR12,chr2,203014797
ENSG00000170458.17,CD14,chr5,140633710
ENSG00000048828.20,FAM120A,chr9,93451647
ENSG00000213347.13,MXD3,chr5,177312756
ENSG00000115844.12,DLX2,chr2,172102908
ENSG00000165118.16,QNG1,chr9,83956985
ENSG00000082701.19,GSK3B,chr3,120095711
ENSG00000163798.16,SLC4A1AP,chr2,27663425
ENSG00000114098.20,ARMC8,chr3,138187247
ENSG00000197956.12,S100A6,chr1,153536548
ENSG00000188910.10,GJB3,chr1,34781174
ENSG00000228672.4,PROB1,chr5,139395103
ENSG00000127081.17,ZNF484,chr9,92878049
ENSG00000164211.15,STARD4,chr5,111513043
ENSG00000113555.6,PCDH12,chr5,141969740
ENSG00000081026.21,MAGI3,chr1,113390389
ENSG00000148158.19,SNX30,chr9,112750723
ENSG00000196182.13,STK40,chr1,36385931
ENSG00000197903.11,H2BC12,chr6,27146862
ENSG00000172795.18,DCP2,chr5,112976701
ENSG00000198722.17,UNC13B,chr9,35161828
ENSG00000115355.20,CCDC88A,chr2,55420041
ENSG00000137269.17,LRRC1,chr6,53793767
ENSG00000006625.20,GGCT,chr7,30504865
ENSG00000151779.16,NBAS,chr2,15561339
ENSG00000172985.12,SH3RF3,chr2,109128227
ENSG00000241258.10,CRCP,chr7,66114603
ENSG00000143418.22,CERS2,chr1,150977395
ENSG00000112855.19,HARS2,chr5,140691421
ENSG00000116747.15,RO60,chr1,193059421
ENSG00000214160.12,ALG3,chr3,184249570
ENSG00000288558.3,DUS4L-BCAP29,chr7,107563970
ENSG00000164543.9,STK17A,chr7,43582757
ENSG00000001167.17,NFYA,chr6,41072039
ENSG00000138435.16,CHRNA1,chr2,174787934
ENSG00000135968.24,GCC2,chr2,108449106
ENSG00000023318.11,ERP44,chr9,100099051
ENSG00000078674.22,PCM1,chr8,17922745
ENSG00000284753.4,EEF1AKMT4,chr3,184249608
ENSG00000170445.18,HARS1,chr5,140691536
ENSG00000116717.14,GADD45A,chr1,67685047
ENSG00000160050.18,CCDC28B,chr1,32200382
ENSG00000284917.1,EEF1AKMT4-ECE2,chr3,184249694
ENSG00000115946.10,PNO1,chr2,68157827
ENSG00000177606.9,JUN,chr1,58784047
ENSG00000144674.21,GOLGA4,chr3,37243183
ENSG00000119760.18,SUPT7L,chr2,27663846
ENSG00000164291.19,ARSK,chr5,95555080
ENSG00000048162.24,NOP16,chr5,176389006
ENSG00000148356.17,LRSAM1,chr9,127451468
ENSG00000175073.9,VCPIP1,chr8,66667262
ENSG00000138376.13,BARD1,chr2,214809725
ENSG00000146066.4,HIGD2A,chr5,176388731
ENSG00000113742.15,CPEB4,chr5,173888312
ENSG00000091127.16,PUS7,chr7,105522271
ENSG00000198677.15,SKIC3,chr5,95555049
ENSG00000151422.16,FER,chr5,108747840
ENSG00000112110.12,MRPL18,chr6,159789811
ENSG00000143570.21,SLC39A1,chr1,153968666
ENSG00000105953.18,OGDH,chr7,44606495
ENSG00000144381.20,HSPD1,chr2,197516736
ENSG00000112378.13,PERP,chr6,138107847
ENSG00000233276.10,GPX1,chr3,49358604
ENSG00000054118.17,THRAP3,chr1,36224391
ENSG00000105856.16,HBP1,chr7,107168960
ENSG00000148339.15,SLC25A25,chr9,128068168
ENSG00000164308.20,ERAP2,chr5,96875978
ENSG00000159596.9,TMEM69,chr1,45688148
ENSG00000113328.23,CCNG1,chr5,163437568
ENSG00000171169.10,NAIF1,chr9,128068205
ENSG00000011021.25,CLCN6,chr1,11806095
ENSG00000196152.11,ZNF79,chr9,127424373
ENSG00000135951.18,TSGA10,chr2,99154963
ENSG00000144182.19,LIPT1,chr2,99154954
ENSG00000144401.16,METTL21A,chr2,207626296
ENSG00000273155.1,ENSG00000273155,chr2,99154997
ENSG00000198478.11,SH3BGRL2,chr6,79537184
ENSG00000177000.15,MTHFR,chr1,11806454
ENSG00000096746.20,HNRNPH3,chr10,68331173
ENSG00000242802.11,AP5Z1,chr7,4775609
ENSG00000293562.1,ENSG00000293562,chr1,174022297
ENSG00000163362.13,INAVA,chr1,200890994
ENSG00000116750.16,UCHL5,chr1,193060079
ENSG00000164620.11,RELL2,chr5,141636949
ENSG00000288602.1,C8orf44-SGK3,chr8,66667595
ENSG00000155744.12,HYCC2,chr2,201071699
ENSG00000113407.16,TARS1,chr5,33440695
ENSG00000249884.8,RNF103-CHMP3,chr2,86721121
ENSG00000122515.18,ZMIZ2,chr7,44748547
ENSG00000173960.16,UBXN2A,chr2,23926787
ENSG00000164933.13,SLC25A32,chr8,103415188
ENSG00000265972.8,TXNIP,chr1,145996579
ENSG00000120738.9,EGR1,chr5,138465189
ENSG00000112983.19,BRD8,chr5,138178987
ENSG00000107362.16,ABHD17B,chr9,71911239
ENSG00000243667.9,DNAAF10,chr2,68157566
ENSG00000128059.10,PPAT,chr4,56436037
ENSG00000181467.5,RAP2B,chr3,153162225
ENSG00000175920.19,DOK7,chr4,3463189
ENSG00000113194.15,FAF2,chr5,176447627
ENSG00000136261.18,BZW2,chr7,16644652
ENSG00000163013.13,FBXO41,chr2,73284477
ENSG00000134684.15,YARS1,chr1,32818030
ENSG00000164934.17,DCAF13,chr8,103414650
ENSG00000112984.14,KIF20A,chr5,138178714
ENSG00000221838.14,AP4M1,chr7,100100840
ENSG00000182923.22,CEP63,chr3,134485698
ENSG00000106993.14,CDC37L1,chr9,4679555
ENSG00000274997.2,H2AC12,chr6,27147105
ENSG00000143401.17,ANP32E,chr1,150236201
ENSG00000180573.11,H2AC6,chr6,26124144
ENSG00000166529.18,ZSCAN21,chr7,100049766
ENSG00000143409.20,MINDY1,chr1,151008375
ENSG00000163536.15,SERPINI1,chr3,167735064
ENSG00000155875.16,SAXO1,chr9,19049357
ENSG00000112081.20,SRSF3,chr6,36593776
ENSG00000145040.4,UCN2,chr3,48563780
ENSG00000143776.22,CDC42BPA,chr1,227318518
ENSG00000148082.11,SHC3,chr9,89180069
ENSG00000127952.19,STYXL1,chr7,76048808
ENSG00000135870.15,RC3H1,chr1,174022417
ENSG00000146243.15,IRAK1BP1,chr6,78867481
ENSG00000204628.14,RACK1,chr5,181248095
ENSG00000114209.17,PDCD10,chr3,167735038
ENSG00000171103.13,TRMT61B,chr2,28870391
ENSG00000206527.12,HACD2,chr3,123585192
ENSG00000196092.14,PAX5,chr9,37034267
ENSG00000115129.16,TP53I3,chr2,24085860
ENSG00000144567.13,RETREG2,chr2,219176224
ENSG00000138071.17,ACTR2,chr2,65227713
ENSG00000181163.16,NPM1,chr5,171387085
ENSG00000147889.19,CDKN2A,chr9,21995300
ENSG00000008282.12,SYPL1,chr7,106112617
ENSG00000038210.16,PI4K2B,chr4,25160662
ENSG00000196511.17,TPK1,chr7,144836418
ENSG00000143321.19,HDGF,chr1,156766924
ENSG00000120709.13,FAM53C,chr5,138331934
ENSG00000086289.14,EPDR1,chr7,37920602
ENSG00000132434.12,LANCL2,chr7,55365281
ENSG00000154252.13,GAL3ST2,chr2,241776816
ENSG00000128694.14,OSGEPL1,chr2,189763229
ENSG00000162434.16,JAK1,chr1,65067753
ENSG00000128699.17,ORMDL1,chr2,189784394
ENSG00000181904.11,C5orf24,chr5,134845679
ENSG00000113649.16,TCERG1,chr5,146447310
ENSG00000284952.1,ENSG00000284952,chr3,155854441
ENSG00000109618.15,SEPSECS,chr4,25160549
ENSG00000125485.20,DDX31,chr9,132670400
ENSG00000273802.4,H2BC8,chr6,26217251
ENSG00000180822.14,PSMG4,chr6,3231402
ENSG00000136875.15,PRPF4,chr9,113275636
ENSG00000155876.6,RRAGA,chr9,19049426
ENSG00000115806.15,GORASP2,chr2,170928463
ENSG00000115221.15,ITGB6,chr2,160271887
ENSG00000176386.11,CDC26,chr9,113275601
ENSG00000164078.17,MST1R,chr3,49906129
ENSG00000168917.11,SLC35G2,chr3,136818462
ENSG00000154783.14,FGD5,chr3,14810504
ENSG00000146955.13,RAB19,chr7,140404042
ENSG00000310603.1,ENSG00000310603,chr2,27771738
ENSG00000162946.25,DISC1,chr1,231626662
ENSG00000277075.4,H2AC8,chr6,26216920
ENSG00000115970.21,THADA,chr2,43596069
ENSG00000153094.27,BCL2L11,chr2,111119377
ENSG00000173269.16,MMRN2,chr10,86969480
ENSG00000164877.21,MICALL2,chr7,1459538
ENSG00000163528.15,CHCHD4,chr3,14124875
ENSG00000032389.15,EIPR1,chr2,3377878
ENSG00000197958.15,RPL12,chr9,127452093
ENSG00000114315.6,HES1,chr3,194136138
ENSG00000183718.8,TRIM52,chr5,181262067
ENSG00000143363.19,PRUNE1,chr1,151008407
ENSG00000169241.21,SLC50A1,chr1,155135343
ENSG00000182158.18,CREB3L2,chr7,138002118
ENSG00000285458.1,C4orf36,chr4,86936177
ENSG00000041982.19,TNC,chr9,115118256
ENSG00000185728.19,YTHDF3,chr8,63168259
ENSG00000187742.17,SECISBP2,chr9,89318459
ENSG00000113368.14,LMNB1,chr5,126776622
ENSG00000214595.14,EML6,chr2,54723498
ENSG00000054523.22,KIF1B,chr1,10210480
ENSG00000170876.11,TMEM43,chr3,14124997
ENSG00000064933.21,PMS1,chr2,189784061
ENSG00000153214.13,TMEM87B,chr2,112055201
ENSG00000143320.11,CRABP2,chr1,156708093
ENSG00000120318.18,ARAP3,chr5,141682254
ENSG00000121966.8,CXCR4,chr2,136119176
ENSG00000132305.24,IMMT,chr2,86195630
ENSG00000183696.16,UPP1,chr7,48088597
ENSG00000148344.12,PTGES,chr9,129753077
ENSG00000180596.11,H2BC4,chr6,26124015
ENSG00000169359.18,SLC33A1,chr3,155854562
ENSG00000127824.17,TUBA4A,chr2,219277901
ENSG00000135999.15,EPC2,chr2,148644439
ENSG00000158106.17,RHPN1,chr8,143368809
ENSG00000176261.18,ZBTB8OS,chr1,32651010
ENSG00000117707.19,PROX1,chr1,213982710
ENSG00000071243.18,ING3,chr7,120950717
ENSG00000277443.5,MARCKS,chr6,113857333
ENSG00000164867.13,NOS3,chr7,150991016
ENSG00000150347.18,ARID5B,chr10,61901245
ENSG00000198189.13,HSD17B11,chr4,87391222
ENSG00000152518.10,ZFP36L2,chr2,43226611
ENSG00000106330.14,MOSPD3,chr7,100612101
ENSG00000162521.20,RBBP4,chr1,32651042
ENSG00000243147.10,MRPL33,chr2,27771682
ENSG00000010270.16,STARD3NL,chr7,38178216
ENSG00000119004.19,CYP20A1,chr2,203238951
ENSG00000188647.15,PTAR1,chr9,69760064
ENSG00000186591.15,UBE2H,chr7,129952987
ENSG00000115808.15,STRN,chr2,36967621
ENSG00000117528.16,ABCD3,chr1,94418038
ENSG00000146701.14,MDH2,chr7,76048036
ENSG00000134748.15,PRPF38A,chr1,52404059
ENSG00000151247.15,EIF4E,chr4,98929924
ENSG00000166925.11,TSC22D4,chr7,100479256
ENSG00000080546.16,SESN1,chr6,109095096
ENSG00000137161.20,CNPY3,chr6,42928974
ENSG00000163249.15,CCNYL1,chr2,207711514
ENSG00000183137.18,CEP57L1,chr6,109095104
ENSG00000289346.1,ENSG00000289346,chr7,74890584
ENSG00000144445.19,KANSL1L,chr2,210172181
ENSG00000152700.16,SAR1B,chr5,134649270
ENSG00000187605.18,TET3,chr2,73984909
ENSG00000085840.15,ORC1,chr1,52404491
ENSG00000021574.17,SPAST,chr2,32063524
ENSG00000136942.17,RPL35,chr9,124862016
ENSG00000138400.14,MDH1B,chr2,206765336
ENSG00000173193.17,PARP14,chr3,122680211
ENSG00000106100.13,NOD1,chr7,30478913
ENSG00000145703.18,IQGAP2,chr5,76402932
ENSG00000169599.15,NFU1,chr2,69437664
ENSG00000119778.17,ATAD2B,chr2,23927220
ENSG00000167114.15,SLC27A4,chr9,128340474
ENSG00000156453.15,PCDH1,chr5,141879245
ENSG00000135632.14,SMYD5,chr2,73214221
ENSG00000115756.15,HPCAL1,chr2,10297409
ENSG00000163344.8,PMVK,chr1,154937007
ENSG00000174796.14,THAP6,chr4,75513945
ENSG00000115274.16,INO80B,chr2,74455077
ENSG00000138430.18,OLA1,chr2,174248660
ENSG00000162924.18,REL,chr2,60881490
ENSG00000122884.15,P4HA1,chr10,73097107
ENSG00000165025.17,SYK,chr9,90801578
ENSG00000118418.18,HMGN3,chr6,79234861
ENSG00000106804.12,C5,chr9,121075194
ENSG00000118246.16,FASTKD2,chr2,206765356
ENSG00000134717.20,BTF3L4,chr1,52056198
ENSG00000075711.23,DLG1,chr3,197299331
ENSG00000274049.4,INO80B-WBP1,chr2,74455087
ENSG00000122359.20,ANXA11,chr10,80205712
ENSG00000120129.8,DUSP1,chr5,172771197
ENSG00000117862.16,TXNDC12,chr1,52056187
ENSG00000070061.18,ELP1,chr9,108934413
ENSG00000114473.16,DRC9,chr3,197960141
ENSG00000273045.9,C2orf15,chr2,99141234
ENSG00000204634.15,TBC1D8,chr2,101252865
ENSG00000272391.8,POM121C,chr7,75486357
ENSG00000274523.7,RCC1L,chr7,75074227
ENSG00000289760.1,ENSG00000289760,chr7,100478169
ENSG00000074276.13,CDHR2,chr5,176542510
ENSG00000131236.20,CAP1,chr1,40039734
ENSG00000124635.12,H2BC11,chr6,27133882
ENSG00000128581.18,IFT22,chr7,101321830
ENSG00000157741.17,UBN2,chr7,139230355
ENSG00000106682.17,EIF4H,chr7,74174126
ENSG00000158435.10,CNOT11,chr2,101252805
ENSG00000146410.14,MTFR2,chr6,136250570
ENSG00000056586.18,RC3H2,chr9,122905512
ENSG00000179388.9,EGR3,chr8,22693479
ENSG00000213585.13,VDAC1,chr5,134005359
ENSG00000186854.13,TRABD2A,chr2,84907007
ENSG00000113070.10,HBEGF,chr5,140346613
ENSG00000164162.16,ANAPC10,chr4,145098822
ENSG00000065978.21,YBX1,chr1,42682143
ENSG00000136950.15,ARPC5L,chr9,124862108
ENSG00000247626.5,MARS2,chr2,197705368
ENSG00000241962.9,ENSG00000241962,chr2,99141484
ENSG00000119328.14,ABITRAM,chr9,108934129
ENSG00000119383.23,PTPA,chr9,129110549
ENSG00000146802.15,TMEM168,chr7,112790714
ENSG00000135953.13,SLC67A2,chr2,102736898
ENSG00000117407.19,ARTN,chr1,43933271
ENSG00000112306.10,RPS12,chr6,132814541
ENSG00000164163.13,ABCE1,chr4,145098247
ENSG00000129055.15,ANAPC13,chr3,134486715
ENSG00000170417.17,TMEM182,chr2,102736904
ENSG00000010810.20,FYN,chr6,111873478
ENSG00000160917.17,CPSF4,chr7,99438907
ENSG00000180611.8,MB21D2,chr3,192918264
ENSG00000185621.13,LMLN,chr3,197960199
ENSG00000165120.6,SSMEM1,chr7,130206343
ENSG00000120756.15,PLS1,chr3,142595643
ENSG00000138032.23,PPM1B,chr2,44167968
ENSG00000274570.6,SPDYE10,chr7,73155430
ENSG00000127191.21,TRAF2,chr9,136881902
ENSG00000285713.1,ENSG00000285713,chr4,145098173
ENSG00000105948.15,IFT56,chr7,139133743
ENSG00000155660.13,PDIA4,chr7,149028666
ENSG00000116209.14,TMEM59,chr1,54053503
ENSG00000155621.17,C9orf85,chr9,71911447
ENSG00000170144.25,HNRNPA3,chr2,177212586
ENSG00000135862.8,LAMC1,chr1,183023198
ENSG00000115233.14,PSMD14,chr2,161308407
ENSG00000113583.10,C5orf15,chr5,133968673
ENSG00000120306.13,CYSTM1,chr5,140174923
ENSG00000159592.13,GPBP1L1,chr1,45688407
ENSG00000258728.2,ENSG00000258728,chr9,34646630
ENSG00000143977.16,SNRPG,chr2,70293765
ENSG00000143164.18,DCAF6,chr1,167935782
ENSG00000142327.15,RNPEPL1,chr2,240565803
ENSG00000120137.9,PANK3,chr5,168579625
ENSG00000119397.21,CNTRL,chr9,121074659
ENSG00000144369.16,FAM171B,chr2,186694009
ENSG00000288608.1,ENSG00000288608,chr7,151061927
ENSG00000131669.12,NINJ1,chr9,93134611
ENSG00000137285.12,TUBB2B,chr6,3231729
ENSG00000240303.10,ACAD11,chr3,132660726
ENSG00000146247.17,PHIP,chr6,79078543
ENSG00000109670.19,FBXW7,chr4,152536352
ENSG00000278828.2,H3C10,chr6,27810050
ENSG00000288637.1,ENSG00000288637,chr4,153152434
ENSG00000113621.17,TXNDC15,chr5,134874307
ENSG00000163466.18,ARPC2,chr2,218216629
ENSG00000115084.17,SLC35F5,chr2,113756699
ENSG00000068654.19,POLR1A,chr2,86106154
ENSG00000154518.12,ATP5MC3,chr2,175181763
ENSG00000162616.11,DNAJB4,chr1,77979069
ENSG00000185056.11,C5orf47,chr5,173973778
ENSG00000132300.21,PTCD3,chr2,86106222
ENSG00000135547.10,HEY2,chr6,125747663
ENSG00000131435.15,PDLIM4,chr5,132257639
ENSG00000171130.21,ATP6V0E2,chr7,149872960
ENSG00000163743.16,RCHY1,chr4,75514763
ENSG00000121988.20,ZRANB3,chr2,135531227
ENSG00000158825.8,CDA,chr1,20588897
ENSG00000055044.13,NOP58,chr2,202265275
ENSG00000008277.17,ADAM22,chr7,87934135
ENSG00000081791.11,DELE1,chr5,141923799
ENSG00000288570.1,ENSG00000288570,chr9,130713625
ENSG00000125484.14,GTF3C4,chr9,132670022
ENSG00000084073.12,ZMPSTE24,chr1,40258040
ENSG00000116205.16,TCEANC2,chr1,54052866
ENSG00000068784.15,SRBD1,chr2,45612164
ENSG00000174748.24,RPL15,chr3,23916590
ENSG00000197889.12,MEIG1,chr10,14954189
ENSG00000198876.15,DCAF12,chr9,34127398
ENSG00000005238.22,ATOSB,chr9,35116356
ENSG00000121897.17,LIAS,chr4,39459003
ENSG00000143995.22,MEIS1,chr2,66433451
ENSG00000050344.11,NFE2L3,chr7,26152189
ENSG00000116830.14,TTF2,chr1,117060284
ENSG00000085871.11,MGST2,chr4,139665767
ENSG00000048991.20,R3HDM1,chr2,135531447
ENSG00000115415.23,STAT1,chr2,191020959
ENSG00000132906.20,CASP9,chr1,15526533
ENSG00000113946.6,CLDN16,chr3,190322521
ENSG00000122644.15,ARL4A,chr7,12686601
ENSG00000116138.15,DNAJC16,chr1,15526812
ENSG00000113615.15,SEC24A,chr5,134648586
ENSG00000120314.20,WDR55,chr5,140664475
ENSG00000177853.17,ZNF518A,chr10,96129694
ENSG00000117724.16,CENPF,chr1,214603171
ENSG00000096060.17,FKBP5,chr6,35728621
ENSG00000131013.6,PPIL4,chr6,149546110
ENSG00000171603.20,CLSTN1,chr1,9823992
ENSG00000136824.21,SMC2,chr9,104093694
ENSG00000076321.13,KLHL20,chr1,173714908
ENSG00000135316.21,SYNCRIP,chr6,85644062
ENSG00000122873.14,CISD1,chr10,58269112
ENSG00000288721.1,ENSG00000288721,chr6,41921138
ENSG00000170469.13,SPATA24,chr5,139404093
ENSG00000124641.18,MED20,chr6,41921146
ENSG00000069275.15,NUCKS1,chr1,205750269
ENSG00000173726.13,TOMM20,chr1,235128961
ENSG00000196652.14,ZKSCAN5,chr7,99504633
ENSG00000135018.16,UBQLN1,chr9,83708231
ENSG00000198399.18,ITSN2,chr2,24360806
ENSG00000116120.13,FARSB,chr2,222656312
ENSG00000074800.18,ENO1,chr1,8879307
ENSG00000112578.13,BYSL,chr6,41921228
ENSG00000122787.17,AKR1D1,chr7,138002323
ENSG00000196150.16,ZNF250,chr8,144902216
ENSG00000095261.16,PSMD5,chr9,120843387
ENSG00000164576.14,SAP30L,chr5,154445975
ENSG00000068885.17,IFT80,chr3,160400356
ENSG00000145495.19,MARCHF6,chr5,10353690
ENSG00000170899.13,GSTA4,chr6,52995358
ENSG00000163626.19,COX18,chr4,73069754
ENSG00000172031.9,EPHX4,chr1,92029426
ENSG00000113108.22,APBB3,chr5,140564780
ENSG00000163481.10,RNF25,chr2,218672008
ENSG00000164442.13,CITED2,chr6,139375908
ENSG00000119912.20,IDE,chr10,92574095
ENSG00000115548.19,KDM3A,chr2,86440646
ENSG00000056558.13,TRAF1,chr9,120931874
ENSG00000138279.18,ANXA7,chr10,73414730
ENSG00000163482.14,STK36,chr2,218672026
ENSG00000060688.15,SNRNP40,chr1,31296822
ENSG00000163681.19,SLMAP,chr3,57755449
ENSG00000162390.20,ACOT11,chr1,54542256
ENSG00000198925.14,ATG9A,chr2,219230382
ENSG00000138160.9,KIF11,chr10,92574104
ENSG00000137936.20,BCAR3,chr1,93847487
ENSG00000163162.11,RNF149,chr2,101308769
ENSG00000115758.16,ODC1,chr2,10450115
ENSG00000152256.16,PDK1,chr2,172555372
ENSG00000065060.19,BLTP3A,chr6,34792023
ENSG00000143569.22,UBAP2L,chr1,154220171
ENSG00000011523.17,CEP68,chr2,65056349
ENSG00000146540.17,CHLSN,chr7,1138312
ENSG00000014914.23,MTMR11,chr1,149937533
ENSG00000113013.18,HSPA9,chr5,138575674
ENSG00000164967.12,RPP25L,chr9,34612604
ENSG00000152457.21,DCLRE1C,chr10,14954431
ENSG00000163347.7,CLDN1,chr3,190322976
ENSG00000095319.16,NUP188,chr9,128947680
ENSG00000106034.20,CPED1,chr7,120988489
ENSG00000064651.16,SLC12A2,chr5,128083164
ENSG00000160908.17,ZNF394,chr7,99504917
ENSG00000175283.8,DOLK,chr9,128947602
ENSG00000136888.10,ATP6V1G1,chr9,114587571
ENSG00000109572.18,CLCN3,chr4,169612437
ENSG00000115267.11,IFIH1,chr2,162318683
ENSG00000024048.13,UBR2,chr6,42563968
ENSG00000117616.20,RSRP1,chr1,25338243
ENSG00000184357.5,H1-5,chr6,27867587
ENSG00000145016.19,RUBCN,chr3,197749726
ENSG00000004864.16,SLC25A13,chr7,96322180
ENSG00000186130.7,ZBTB6,chr9,122913332
ENSG00000143537.16,ADAM15,chr1,155050565
ENSG00000152292.19,SH2D6,chr2,85418713
ENSG00000161048.14,NAPEPLD,chr7,103151171
ENSG00000128524.6,ATP6V1F,chr7,128862815
ENSG00000164109.16,MAD2L1,chr4,120067191
ENSG00000164284.17,GRPEL2,chr5,149344994
ENSG00000106609.18,TMEM248,chr7,66921159
ENSG00000121766.18,ZCCHC17,chr1,31296941
ENSG00000146083.15,RNF44,chr5,176543513
ENSG00000183726.13,TMEM50A,chr1,25337914
ENSG00000187147.21,RNF220,chr1,44405141
ENSG00000143412.12,ANXA9,chr1,150981320
ENSG00000143612.23,LTAP1,chr1,154220685
ENSG00000106031.9,HOXA13,chr7,27200090
ENSG00000115271.13,GCA,chr2,162318838
ENSG00000083097.16,DOP1A,chr6,83067637
ENSG00000168137.22,SETD5,chr3,9397608
ENSG00000011009.14,LYPLA2,chr1,23791109
ENSG00000285991.1,ENSG00000285991,chr6,149896010
ENSG00000157778.11,PSMG3,chr7,1571077
ENSG00000064995.21,TAF11,chr6,34889191
ENSG00000146409.14,SLC18B1,chr6,132813338
ENSG00000169621.13,APLF,chr2,68467560
ENSG00000109790.20,KLHL5,chr4,39044612
ENSG00000119812.21,FAM98A,chr2,33599346
ENSG00000169155.12,ZBTB43,chr9,126804987
ENSG00000164304.16,CAGE1,chr6,7389741
ENSG00000162613.20,FUBP1,chr1,77979526
ENSG00000119326.17,CTNNAL1,chr9,109013644
ENSG00000153561.15,RMND5A,chr2,86720052
ENSG00000135837.20,CEP350,chr1,179954673
ENSG00000176087.18,SLC35A4,chr5,140564439
ENSG00000293600.3,ENSG00000293600,chr5,140564439
ENSG00000107185.12,RGP1,chr9,35748612
ENSG00000112308.16,C6orf62,chr6,24720899
ENSG00000274641.2,H2BC17,chr6,27893424
ENSG00000137960.8,GIPC2,chr1,77979541
ENSG00000124784.11,RIOK1,chr6,7389461
ENSG00000148484.20,RSU1,chr10,16817602
ENSG00000163082.12,SGPP2,chr2,222423981
ENSG00000163516.16,ANKZF1,chr2,219229768
ENSG00000283321.1,ENSG00000283321,chr7,17299294
ENSG00000011566.17,MAP4K3,chr2,39437353
ENSG00000107897.22,ACBD5,chr10,27243045
ENSG00000168785.10,TSPAN5,chr4,98658712
ENSG00000169908.14,TM4SF1,chr3,149377728
ENSG00000130695.18,CEP85,chr1,26233668
ENSG00000152669.10,CCNO,chr5,55233648
ENSG00000135269.20,TES,chr7,116210492
ENSG00000169228.16,RAB24,chr5,177303765
ENSG00000283782.2,ENSG00000283782,chr5,132410831
ENSG00000057657.19,PRDM1,chr6,105993462
ENSG00000136536.17,MARCHF7,chr2,159712000
ENSG00000138764.17,CCNG2,chr4,77156952
ENSG00000240682.12,ISY1,chr3,129161348
ENSG00000064999.18,ANKS1A,chr6,34889242
ENSG00000137601.20,NEK1,chr4,169612645
ENSG00000163961.5,RNF168,chr3,196503823
ENSG00000128595.19,CALU,chr7,128739291
ENSG00000078618.25,NRDC,chr1,51878810
ENSG00000125703.17,ATG4C,chr1,62783820
ENSG00000185499.17,MUC1,chr1,155192915
ENSG00000165244.8,ZNF367,chr9,96418469
ENSG00000244115.1,DNAJC25-GNG10,chr9,111631385
ENSG00000059769.22,DNAJC25,chr9,111631316
ENSG00000152104.13,PTPN14,chr1,214552448
ENSG00000178295.17,GEN1,chr2,17753277
ENSG00000144355.16,DLX1,chr2,172084468
ENSG00000125633.13,CCDC93,chr2,118014191
ENSG00000059377.21,TBXAS1,chr7,139777050
ENSG00000127837.12,AAMP,chr2,218270888
ENSG00000143190.25,POU2F1,chr1,167220854
ENSG00000143850.19,PLEKHA6,chr1,204378390
ENSG00000136271.13,DDX56,chr7,44575387
ENSG00000114857.21,NKTR,chr3,42600470
ENSG00000119899.15,SLC17A5,chr6,73654105
ENSG00000143315.8,PIGM,chr1,160031989
ENSG00000076201.18,PTPN23,chr3,47381010
ENSG00000108091.13,CCDC6,chr10,59907038
ENSG00000029639.13,TFB1M,chr6,155314518
ENSG00000003147.21,ICA1,chr7,8262692
ENSG00000117461.17,PIK3R3,chr1,46133345
ENSG00000164898.14,FMC1,chr7,139339456
ENSG00000169756.19,LIMS1,chr2,108533670
ENSG00000198625.17,MDM4,chr1,204516368
ENSG00000197385.8,ZNF860,chr3,31981721
ENSG00000196363.12,WDR5,chr9,134134345
ENSG00000132842.18,AP3B1,chr5,78294761
ENSG00000058085.17,LAMC2,chr1,183186056
ENSG00000187609.18,EXD3,chr9,137423910
ENSG00000135241.19,PNPLA8,chr7,108569749
ENSG00000177683.15,THAP5,chr7,108569749
ENSG00000095596.13,CYP26A1,chr10,93073474
ENSG00000143633.15,FSAF1,chr1,231241186
ENSG00000117533.17,VAMP4,chr1,171743205
ENSG00000128590.7,DNAJB9,chr7,108569779
ENSG00000271601.6,LIX1L,chr1,145958054
ENSG00000145349.22,CAMK2D,chr4,113762571
ENSG00000203666.15,DRC8,chr1,244969670
ENSG00000164611.15,PTTG1,chr5,160421800
ENSG00000116906.15,GNPAT,chr1,231241183
ENSG00000186352.10,ANKRD37,chr4,185395963
ENSG00000185130.7,H2BC13,chr6,27807935
ENSG00000198142.5,SOWAHC,chr2,109614363
ENSG00000261796.1,ISY1-RAB43,chr3,129161035
ENSG00000164815.13,ORC5,chr7,104208046
ENSG00000164609.12,SLU7,chr5,160421710
ENSG00000163960.15,UBXN7,chr3,196432475
ENSG00000115419.16,GLS,chr2,190880321
ENSG00000115652.17,UXS1,chr2,106194370
ENSG00000138767.16,CNOT6L,chr4,77819614
ENSG00000106261.19,ZKSCAN1,chr7,100015569
ENSG00000115718.20,PROC,chr2,127415932
ENSG00000112893.12,MAN2A1,chr5,109689366
ENSG00000177646.22,ACAD9,chr3,128879493
ENSG00000168288.15,MMADHC,chr2,149587811
ENSG00000162607.15,USP1,chr1,62436040
ENSG00000272325.4,NUDT3,chr6,34392831
ENSG00000173473.13,SMARCC1,chr3,47782105
ENSG00000034693.17,PEX3,chr6,143450777
ENSG00000164171.13,ITGA2,chr5,52989081
ENSG00000164300.20,SERINC5,chr5,80256087
ENSG00000128578.12,STRIP2,chr7,129434391
ENSG00000125611.17,CHCHD5,chr2,112584239
ENSG00000097007.22,ABL1,chr9,130713042
ENSG00000060971.21,ACAA1,chr3,38137646
ENSG00000169230.12,PRELID1,chr5,177303786
ENSG00000124574.18,ABCC10,chr6,43427365
ENSG00000058729.13,RIOK2,chr5,97183296
ENSG00000048392.15,RRM2B,chr8,102239381
ENSG00000093183.16,SEC22C,chr3,42601299
ENSG00000091409.19,ITGA6,chr2,172234215
ENSG00000204923.6,FBXO48,chr2,68467316
ENSG00000156110.17,ADK,chr10,74151184
ENSG00000121851.15,POLR3GL,chr1,145957025
ENSG00000188177.17,ZC3H6,chr2,112275564
ENSG00000156427.10,FGF18,chr5,171419636
ENSG00000117385.18,P3H1,chr1,42767083
ENSG00000114786.16,ABHD14A-ACY1,chr3,51974705
ENSG00000120875.10,DUSP4,chr8,29350727
ENSG00000278588.2,H2BC10,chr6,26272930
ENSG00000165661.19,QSOX2,chr9,136245830
ENSG00000090097.24,PCBP4,chr3,51974629
ENSG00000136631.18,VPS45,chr1,150067278
ENSG00000168306.15,ACOX2,chr3,58537399
ENSG00000127080.12,IPPK,chr9,92670277
ENSG00000176407.20,KCMF1,chr2,84971092
ENSG00000155034.23,FBXL18,chr7,5513813
ENSG00000189007.18,ADAT2,chr6,143450746
ENSG00000158406.6,H4C8,chr6,26285637
ENSG00000131504.19,DIAPH1,chr5,141619193
ENSG00000173905.11,GOLIM4,chr3,168096535
ENSG00000130713.19,EXOSC2,chr9,130693720
ENSG00000143889.17,HNRNPLL,chr2,38603585
ENSG00000169679.17,BUB1,chr2,110678097
ENSG00000131373.17,HACL1,chr3,15601882
ENSG00000121864.12,ZNF639,chr3,179322855
ENSG00000013441.19,CLK1,chr2,200864727
ENSG00000114503.12,NCBP2,chr3,196942593
ENSG00000143614.13,GATAD2B,chr1,153923359
ENSG00000164008.19,C1orf50,chr1,42767244
ENSG00000270170.2,NCBP2AS2,chr3,196942673
ENSG00000196369.14,SRGAP2B,chr1,145095527
ENSG00000164405.13,UQCRQ,chr5,132866622
ENSG00000221886.6,FAM200C,chr5,160400090
ENSG00000155090.17,KLF10,chr8,102655728
ENSG00000112290.15,WASF1,chr6,110180031
ENSG00000043143.24,JADE2,chr5,134523978
ENSG00000184292.7,TACSTD2,chr1,58577251
ENSG00000164404.10,GDF9,chr5,132866883
ENSG00000123607.18,TTC21B,chr2,165953850
ENSG00000205208.7,C4orf46,chr4,158672254
ENSG00000071462.15,BUD23,chr7,73683160
ENSG00000164104.14,HMGB2,chr4,173335151
ENSG00000122674.14,CCZ1,chr7,5898691
ENSG00000109814.14,UGDH,chr4,39528310
ENSG00000283580.4,ENSG00000283580,chr1,42767291
ENSG00000198160.16,MIER1,chr1,66924894
ENSG00000266028.10,SRGAP2,chr1,206203345
ENSG00000164904.20,ALDH7A1,chr5,126595361
ENSG00000122591.15,HYCC1,chr7,23014147
ENSG00000097033.17,SH3GLB1,chr1,86704509
ENSG00000215717.9,TMEM167B,chr1,109090361
ENSG00000164087.10,POC1A,chr3,52154745
ENSG00000145912.12,NHP2,chr5,178153967
ENSG00000137193.16,PIM1,chr6,37170151
ENSG00000185009.15,AP3M1,chr10,74151054
ENSG00000152763.19,DNAI4,chr1,66924889
ENSG00000155561.17,NUP205,chr7,135557699
ENSG00000158773.16,USF1,chr1,161045981
ENSG00000148154.12,UGCG,chr9,111896771
ENSG00000165046.15,LETM2,chr8,38386203
ENSG00000135972.11,MRPS9,chr2,105037967
ENSG00000025800.15,KPNA6,chr1,32108027
ENSG00000104413.20,ESRP1,chr8,94640488
ENSG00000123505.22,AMD1,chr6,110874769
ENSG00000186687.18,LYRM7,chr5,131170844
ENSG00000171503.15,ETFDH,chr4,158671967
ENSG00000162959.16,MEMO1,chr2,32011229
ENSG00000147421.20,HMBOX1,chr8,28890291
ENSG00000160058.21,BSDC1,chr1,32394730
ENSG00000171757.19,LRRC34,chr3,169813007
ENSG00000168438.17,CDC40,chr6,110180140
ENSG00000104299.17,INTS9,chr8,28890270
ENSG00000278677.2,H2AC17,chr6,27893184
ENSG00000157800.20,SLC37A3,chr7,140404432
ENSG00000138678.13,GPAT3,chr4,83535618
ENSG00000106397.14,PLOD3,chr7,101219967
ENSG00000169814.20,BTD,chr3,15601340
ENSG00000146476.13,DCPH1,chr6,151452257
ENSG00000189283.12,FHIT,chr3,61251465
ENSG00000162961.16,DPY30,chr2,32039831
ENSG00000065135.14,GNAI3,chr1,109548581
ENSG00000143891.19,GALM,chr2,38665905
ENSG00000164105.6,SAP30,chr4,173369968
ENSG00000152904.13,GGPS1,chr1,235327349
ENSG00000152380.12,FAM151B,chr5,80487953
ENSG00000120519.18,SLC10A7,chr4,146522371
ENSG00000164118.15,CEP44,chr4,174283294
ENSG00000144560.17,VGLL4,chr3,11771349
ENSG00000133706.22,LARS1,chr5,146182695
ENSG00000170802.19,FOXN2,chr2,48314330
ENSG00000008226.22,DLEC1,chr3,38039189
ENSG00000122545.23,SEPTIN7,chr7,35800931
ENSG00000153563.18,CD8A,chr2,86808395
ENSG00000113068.12,PFDN1,chr5,140303118
ENSG00000164074.19,ABHD18,chr4,127965251
ENSG00000285292.1,ABCF2-H2BK1,chr7,151227165
ENSG00000126107.17,HECTD3,chr1,45011368
ENSG00000137942.20,FNBP1L,chr1,93448049
ENSG00000109654.18,TRIM2,chr4,153152162
ENSG00000155906.22,RMND1,chr6,151452180
ENSG00000033050.11,ABCF2,chr7,151227263
ENSG00000114529.15,C3orf52,chr3,112086330
ENSG00000138081.24,FBXO11,chr2,47906553
ENSG00000113369.10,ARRDC3,chr5,91383347
ENSG00000148334.18,PTGES2,chr9,128128461
ENSG00000105939.16,ZC3HAV1,chr7,139132121
ENSG00000138772.15,ANXA3,chr4,78551614
ENSG00000164818.18,DNAAF5,chr7,726686
ENSG00000047849.24,MAP4,chr3,48089298
ENSG00000124496.15,TRERF1,chr6,42452224
ENSG00000138663.11,COPS4,chr4,83034446
ENSG00000106615.12,RHEB,chr7,151520119
ENSG00000130363.16,RSPH3,chr6,159000237
ENSG00000117308.17,GALE,chr1,23800803
ENSG00000011454.20,RABGAP1,chr9,122940832
ENSG00000177721.5,ANXA2R,chr5,43043169
ENSG00000106344.10,RBM28,chr7,128343970
ENSG00000115128.9,SF3B6,chr2,24076475
ENSG00000164073.13,MFSD8,chr4,127966033
ENSG00000113658.20,SMAD5,chr5,136132827
ENSG00000186193.11,SAPCD2,chr9,137070592
ENSG00000033100.18,CHPF2,chr7,151232482
ENSG00000116670.19,MAD2L2,chr1,11692604
ENSG00000106089.14,STX1A,chr7,73719705
ENSG00000172037.16,LAMB2,chr3,49133117
ENSG00000165304.10,MELK,chr9,36572073
ENSG00000037749.15,MFAP3,chr5,154038954
ENSG00000186522.17,SEPTIN10,chr2,109614220
ENSG00000176410.8,DNAJC30,chr7,73683452
ENSG00000164117.16,FBXO8,chr4,174283977
ENSG00000184007.23,PTP4A2,chr1,31944855
ENSG00000144827.11,ABHD10,chr3,111978971
ENSG00000219626.11,FAM228B,chr2,24076525
ENSG00000145833.18,DDX46,chr5,134758770
ENSG00000147454.15,SLC25A37,chr8,23528858
ENSG00000143158.13,MPC2,chr1,167937514
ENSG00000170634.14,ACYP2,chr2,53970837
ENSG00000162694.16,EXTL2,chr1,100895999
ENSG00000278705.4,H4C2,chr6,26027282
ENSG00000196313.14,POM121,chr7,72879348
ENSG00000132912.16,DCTN4,chr5,150759094
ENSG00000055147.21,FAM114A2,chr5,154038935
ENSG00000197153.5,H3C12,chr6,27893105
ENSG00000119969.18,HELLS,chr10,94545328
ENSG00000213551.9,DNAJC9,chr10,73247318
ENSG00000068878.17,PSME4,chr2,53971039
ENSG00000106635.10,BCL7B,chr7,73558016
ENSG00000156172.8,CFAP418,chr8,95269429
ENSG00000274070.3,CASTOR2,chr7,74964663
ENSG00000163596.19,ICA1L,chr2,202872102
ENSG00000137473.21,TTC29,chr4,146945881
ENSG00000143819.15,EPHX1,chr1,225810047
ENSG00000171729.16,TMEM51,chr1,15152497
ENSG00000162695.15,SLC30A7,chr1,100896060
ENSG00000166321.16,NUDT13,chr10,73110374
ENSG00000198369.12,SPRED2,chr2,65432681
ENSG00000115592.15,PRKAG3,chr2,218832085
ENSG00000188306.7,LRRIQ4,chr3,169812869
ENSG00000145860.14,RNF145,chr5,159210052
ENSG00000213413.4,PVRIG,chr7,100218240
ENSG00000105819.17,PMPCB,chr7,103295716
ENSG00000198492.18,YTHDF2,chr1,28736607
ENSG00000082515.20,MRPL22,chr5,154941063
ENSG00000186063.15,AIDA,chr1,222713209
ENSG00000008324.14,SS18L2,chr3,42581839
ENSG00000170185.14,USP38,chr4,143184916
ENSG00000183431.14,SF3A3,chr1,37990680
ENSG00000198799.14,LRIG2,chr1,113073167
ENSG00000215712.13,TMEM242,chr6,157324255
ENSG00000120889.15,TNFRSF10B,chr8,23069120
ENSG00000112592.17,TBP,chr6,170554265
ENSG00000153574.11,RPIA,chr2,88691641
ENSG00000197238.5,H4C11,chr6,27824091
ENSG00000114956.22,DGUOK,chr2,73926793
ENSG00000119138.6,KLF9,chr9,70414656
ENSG00000173706.16,HEG1,chr3,125056055
ENSG00000115464.16,USP34,chr2,61471104
ENSG00000138030.16,KHK,chr2,27086722
ENSG00000064393.18,HIPK2,chr7,139778015
ENSG00000188191.18,PRKAR1B,chr7,728267
ENSG00000117505.15,DR1,chr1,93345877
ENSG00000186451.4,SPATA12,chr3,57060658
ENSG00000169223.18,LMAN2,chr5,177351839
ENSG00000196659.10,IFT70B,chr2,177552795
ENSG00000147874.13,HAUS6,chr9,19103119
ENSG00000180198.19,RCC1,chr1,28505931
ENSG00000002822.18,MAD1L1,chr7,2233242
ENSG00000076003.7,MCM6,chr2,135876483
ENSG00000124374.11,PAIP2B,chr2,71227111
ENSG00000203965.15,EFCAB7,chr1,63523316
ENSG00000031081.13,ARHGAP31,chr3,119294030
ENSG00000160679.14,CHTOP,chr1,153633981
ENSG00000142871.20,CCN1,chr1,85580115
ENSG00000117481.14,NSUN4,chr1,46340690
ENSG00000008300.17,CELSR3,chr3,48662885
ENSG00000165702.16,GFI1B,chr9,132943999
ENSG00000133048.15,CHI3L1,chr1,203186799
ENSG00000196420.10,S100A5,chr1,153543073
ENSG00000122958.17,VPS26A,chr10,69123511
ENSG00000197969.15,VPS13A,chr9,77177402
ENSG00000189171.18,S100A13,chr1,153634441
ENSG00000162999.14,DUSP19,chr2,183078558
ENSG00000136731.15,UGGT1,chr2,128091150
ENSG00000146833.18,TRIM4,chr7,99919603
ENSG00000198589.17,LRBA,chr4,151015754
ENSG00000155542.14,SETD9,chr5,56909259
ENSG00000115539.17,PDCL3,chr2,100562801
ENSG00000164828.20,SUN1,chr7,816590
ENSG00000197409.9,H3C4,chr6,26197285
ENSG00000183291.19,SELENOF,chr1,86914423
ENSG00000178988.13,MRFAP1L1,chr4,6709922
ENSG00000104375.19,STK3,chr8,98942826
ENSG00000196866.3,H2AC7,chr6,26199292
ENSG00000282988.2,ENSG00000282988,chr6,26199292
ENSG00000241127.11,YAE1,chr7,39566367
ENSG00000221821.4,PEX39,chr6,42890820
ENSG00000172071.15,EIF2AK3,chr2,88691517
ENSG00000132313.16,MRPL35,chr2,86199354
ENSG00000260238.6,PMF1-BGLAP,chr1,156212981
ENSG00000114767.9,RRP9,chr3,51941945
ENSG00000124356.19,STAMBP,chr2,73828915
ENSG00000143367.19,TUFT1,chr1,151540304
ENSG00000278637.3,H4C1,chr6,26021648
ENSG00000041880.17,PARP3,chr3,51942251
ENSG00000164323.17,CFAP97,chr4,185210814
ENSG00000138768.17,USO1,chr4,75724521
ENSG00000122642.13,FKBP9,chr7,32957403
ENSG00000009413.18,REV3L,chr6,111483728
ENSG00000164022.20,AIMP1,chr4,106315543
ENSG00000215784.8,FAM72D,chr1,145095967
ENSG00000136783.12,NIPSNAP3A,chr9,104747663
ENSG00000136861.21,CDK5RAP2,chr9,120580177
ENSG00000286165.1,ENSG00000286165,chr2,189661518
ENSG00000137075.19,RNF38,chr9,36487547
ENSG00000160783.21,PMF1,chr1,156212988
ENSG00000115657.16,ABCB6,chr2,219219011
ENSG00000123975.7,CKS2,chr9,89311154
ENSG00000162851.10,TFB2M,chr1,246566289
ENSG00000087269.18,NOP14,chr4,2963501
ENSG00000148730.9,EIF4EBP2,chr10,70404129
ENSG00000136758.23,YME1L1,chr10,27155265
ENSG00000286053.3,ASDURF,chr2,189661384
ENSG00000138381.11,ASNSD1,chr2,189661384
ENSG00000119333.14,DYNC2I2,chr9,128656846
ENSG00000153936.19,HS2ST1,chr1,86914616
ENSG00000136279.23,DBNL,chr7,44044627
ENSG00000177733.8,HNRNPA0,chr5,137754362
ENSG00000145348.19,TBCK,chr4,106316682
ENSG00000136874.13,STX17,chr9,99906653
ENSG00000155629.17,PIK3AP1,chr10,96720901
ENSG00000065243.22,PKN2,chr1,88684217
ENSG00000106638.20,TBL2,chr7,73578790
ENSG00000124571.20,XPO5,chr6,43576090
ENSG00000143106.15,PSMA5,chr1,109426470
ENSG00000104613.14,INTS10,chr8,19817146
ENSG00000121774.20,KHDRBS1,chr1,32013686
ENSG00000143314.14,MRPL24,chr1,156741589
ENSG00000162852.16,CNST,chr1,246566299
ENSG00000163349.23,HIPK1,chr1,113929323
ENSG00000244405.10,ETV5,chr3,186110317
ENSG00000150756.16,ATPSCKMT,chr5,10249896
ENSG00000132155.16,RAF1,chr3,12664200
ENSG00000150753.14,CCT5,chr5,10249928
ENSG00000182004.15,SNRPE,chr1,203861495
ENSG00000253276.5,CCDC71L,chr7,106661157
ENSG00000158528.14,PPP1R9A,chr7,94907201
ENSG00000146826.19,TRAPPC14,chr7,100158736
ENSG00000173166.20,RAPH1,chr2,203535477
ENSG00000132716.21,DCAF8,chr1,160263387
ENSG00000203814.8,H2BC18,chr1,149812373
ENSG00000067248.13,DHX29,chr5,55307721
ENSG00000039123.18,MTREX,chr5,55307735
ENSG00000005981.15,ASB4,chr7,95478443
ENSG00000112739.19,PRP4K,chr6,4021198
ENSG00000138398.19,PPIG,chr2,169584336
ENSG00000189308.13,LIN54,chr4,83012990
ENSG00000172936.20,MYD88,chr3,38138551
ENSG00000148225.19,WDR31,chr9,113340336
ENSG00000113460.15,BRIX1,chr5,34915272
ENSG00000164251.6,F2RL1,chr5,76818932
ENSG00000158092.9,NCK1,chr3,136862176
ENSG00000106025.11,TSPAN12,chr7,120858401
ENSG00000134987.15,WDR36,chr5,111092302
ENSG00000008018.11,PSMB1,chr6,170553326
ENSG00000134222.18,PSRC1,chr1,109284106
ENSG00000143742.16,SRP9,chr1,225777698
ENSG00000115904.17,SOS1,chr2,39124344
ENSG00000215183.6,MSMP,chr9,35756612
ENSG00000127995.19,CASD1,chr7,94509218
ENSG00000182551.16,ADI1,chr2,3519583
ENSG00000115241.13,PPM1G,chr2,27409673
ENSG00000107372.15,ZFAND5,chr9,72365784
ENSG00000123473.19,STIL,chr1,47314891
ENSG00000164506.18,STXBP5,chr6,147203501
ENSG00000035499.15,DEPDC1B,chr5,60700198
ENSG00000114353.19,GNAI2,chr3,50226291
ENSG00000184349.15,EFNA5,chr5,107671042
ENSG00000113263.16,ITK,chr5,157142932
ENSG00000135077.12,HAVCR2,chr5,157142868
ENSG00000230124.10,ACBD6,chr1,180502953
ENSG00000148120.21,AOPEP,chr9,94726603
ENSG00000221944.9,TIGD1,chr2,232550556
ENSG00000198914.5,POU3F3,chr2,104853286
ENSG00000135336.19,ORC3,chr6,87590066
ENSG00000135930.17,EIF4E2,chr2,232550632
ENSG00000131437.18,KIF3A,chr5,132737637
ENSG00000270136.6,MICOS10-NBL1,chr1,19597066
ENSG00000198498.12,TMA16,chr4,163494441
ENSG00000126088.16,UROD,chr1,45010949
ENSG00000158747.17,NBL1,chr1,19596978
ENSG00000116030.19,SUMO1,chr2,202238603
ENSG00000112304.13,ACOT13,chr6,24666900
ENSG00000172728.18,POFUT3,chr8,33473209
ENSG00000146223.18,RPL7L1,chr6,42879601
ENSG00000146282.21,RARS2,chr6,87590027
ENSG00000153832.14,FBXO36,chr2,229922301
ENSG00000067082.17,KLF6,chr10,3785280
ENSG00000097046.15,CDC7,chr1,91500534
ENSG00000288622.1,PDCD6-AHRR,chr5,271669
ENSG00000081019.16,RSBN1,chr1,113812550
ENSG00000075790.14,BCAP29,chr7,107579956
ENSG00000158169.16,FANCC,chr9,95426795
ENSG00000072364.15,AFF4,chr5,132963930
ENSG00000135956.13,TMEM127,chr2,96266081
ENSG00000125388.22,GRK4,chr4,2963570
ENSG00000187837.5,H1-2,chr6,26056469
ENSG00000161217.14,PCYT1A,chr3,196287956
ENSG00000172939.11,OXSR1,chr3,38165088
ENSG00000143942.7,CHAC2,chr2,53767790
ENSG00000148655.17,LRMDA,chr10,75431445
ENSG00000083223.20,TUT7,chr9,86354809
ENSG00000197467.18,COL13A1,chr10,69801874
ENSG00000168476.14,REEP4,chr8,22141950
ENSG00000111802.16,TDP2,chr6,24667051
ENSG00000135966.16,TGFBRAP1,chr2,105330048
ENSG00000130939.22,UBE4B,chr1,10032831
ENSG00000221978.15,CCNL2,chr1,1400908
ENSG00000213337.11,ANKRD39,chr2,96858069
ENSG00000047410.15,TPR,chr1,186375692
ENSG00000178623.15,GPR35,chr2,240605403
ENSG00000164587.15,RPS14,chr5,150449951
ENSG00000180233.13,ZNRF2,chr7,30284412
ENSG00000168264.14,IRF2BP2,chr1,234610188
ENSG00000155636.18,RBM45,chr2,178112383
ENSG00000146535.17,GNA12,chr7,2870785
ENSG00000156017.15,CARNMT1,chr9,75028479
ENSG00000162543.8,UBXN10,chr1,20183292
ENSG00000131779.13,PEX11B,chr1,145918746
ENSG00000124659.7,TBCC,chr6,42746102
ENSG00000165732.16,DDX21,chr10,68956134
ENSG00000144021.5,CIAO1,chr2,96266158
ENSG00000132549.21,VPS13B,chr8,99013253
ENSG00000138119.19,MYOF,chr10,93482333
ENSG00000163126.17,ANKRD23,chr2,96857933
ENSG00000254959.6,INMT-MINDY4,chr7,30752136
ENSG00000119522.20,DENND1A,chr9,123930153
ENSG00000095951.20,HIVEP1,chr6,12008761
ENSG00000105887.13,MTPN,chr7,135977455
ENSG00000094975.16,SUCO,chr1,172532348
ENSG00000180592.17,SKIDA1,chr10,21526367
ENSG00000160445.13,ZER1,chr9,128772413
ENSG00000106077.21,ABHD11,chr7,73738863
ENSG00000075651.19,PLD1,chr3,171810949
ENSG00000152683.16,SLC30A6,chr2,32165840
ENSG00000157181.18,ODR4,chr1,186375400
ENSG00000111875.10,ASF1A,chr6,118894019
ENSG00000112029.11,FBXO5,chr6,152983598
ENSG00000289653.1,ENSG00000289653,chr8,102863859
ENSG00000116539.15,ASH1L,chr1,155563161
ENSG00000156735.13,BAG4,chr8,38176532
ENSG00000183779.8,ZNF703,chr8,37695743
ENSG00000136908.20,DPM2,chr9,127937878
ENSG00000117036.13,ETV3,chr1,157138951
ENSG00000168679.20,SLC16A4,chr1,110391081
ENSG00000077147.18,TM9SF3,chr10,96587451
ENSG00000163428.6,LRRC58,chr3,120349411
ENSG00000106976.24,DNM1,chr9,128191654
ENSG00000125459.20,MSTO1,chr1,155563234
ENSG00000115163.17,CENPA,chr2,26764288
ENSG00000275714.3,H3C1,chr6,26020450
ENSG00000173559.17,NABP1,chr2,191678067
ENSG00000118260.17,CREB1,chr2,207529696
ENSG00000164494.14,PDSS2,chr6,107459581
ENSG00000144591.22,GMPPA,chr2,219498617
ENSG00000213699.11,SLC35F6,chr2,26764239
ENSG00000285839.1,ENSG00000285839,chr1,52033349
ENSG00000117410.16,ATP6V0B,chr1,43974486
ENSG00000143786.10,CNIH3,chr1,224434659
ENSG00000122512.19,PMS2,chr7,6009129
ENSG00000135052.18,GOLM1,chr9,86100285
ENSG00000213930.14,GALT,chr9,34637366
ENSG00000268043.11,NBPF12,chr1,146938312
ENSG00000073849.18,ST6GAL1,chr3,186930324
ENSG00000146909.10,NOM1,chr7,156949705
ENSG00000119314.19,PTBP3,chr9,112333694
ENSG00000178057.17,NDUFAF3,chr3,49020458
ENSG00000144320.16,LNPK,chr2,176002838
ENSG00000127922.12,SEM1,chr7,96709892
ENSG00000115421.15,PAPOLG,chr2,60756231
ENSG00000146858.9,ZC3HAV1L,chr7,139036218
ENSG00000156928.7,MALSU1,chr7,23298738
ENSG00000197362.17,ZNF786,chr7,149090783
ENSG00000284691.3,ENSG00000284691,chr7,150400701
ENSG00000106355.12,LSM5,chr7,32495282
ENSG00000069812.13,HES2,chr1,6424689
ENSG00000136682.18,ZNG1B,chr2,113437690
ENSG00000113161.19,HMGCR,chr5,75336328
ENSG00000136738.17,STAM,chr10,17644123
ENSG00000164219.11,PGGT1B,chr5,115262881
ENSG00000143001.8,TMEM61,chr1,54886832
ENSG00000137103.22,TMEM8B,chr9,35814450
ENSG00000120539.17,MASTL,chr10,27154424
ENSG00000145604.19,SKP2,chr5,36151988
ENSG00000068001.16,HYAL2,chr3,50324686
ENSG00000162604.15,TM2D1,chr1,61725422
ENSG00000137207.14,YIPF3,chr6,43516984
ENSG00000124588.24,NQO2,chr6,2987986
ENSG00000138399.20,FASTKD1,chr2,169573918
ENSG00000164187.9,LMBRD2,chr5,36151975
ENSG00000156171.17,DRAM2,chr1,111140224
ENSG00000144589.24,STK11IP,chr2,219595804
ENSG00000112079.12,STK38,chr6,36547515
ENSG00000155111.17,CDK19,chr6,110815957
ENSG00000119392.18,GLE1,chr9,128504654
ENSG00000172731.17,LRRC20,chr10,70382649
ENSG00000183840.8,GPR39,chr2,132416804
ENSG00000155229.23,MMS19,chr10,97499499
ENSG00000187017.19,ESPN,chr1,6424769
ENSG00000165886.7,UBTD1,chr10,97498851
ENSG00000162368.17,CMPK1,chr1,47333779
ENSG00000163918.14,RFC4,chr3,186807057
ENSG00000173349.6,SFT2D3,chr2,127701496
ENSG00000249915.11,PDCD6,chr5,271451
ENSG00000008513.19,ST3GAL1,chr8,133572517
ENSG00000155903.16,RASA2,chr3,141486966
ENSG00000117335.23,CD46,chr1,207752036
ENSG00000113810.18,SMC4,chr3,160399273
ENSG00000178149.19,DALRD3,chr3,49022292
ENSG00000197980.15,LEKR1,chr3,156825480
ENSG00000158710.17,TAGLN2,chr1,159925545
ENSG00000179163.14,FUCA1,chr1,23868360
ENSG00000138439.13,FAM117B,chr2,202634968
ENSG00000105778.22,AVL9,chr7,32495425
ENSG00000250565.9,ATP6V1E2,chr2,46543286
ENSG00000276903.2,H2AC16,chr6,27865316
ENSG00000163131.14,CTSS,chr1,150765956
ENSG00000156471.15,PTDSS1,chr8,96261884
ENSG00000196550.13,FAM72A,chr1,206204413
ENSG00000169607.14,CKAP2L,chr2,112764663
ENSG00000066855.18,MTFR1,chr8,65643875
ENSG00000175054.18,ATR,chr3,142578867
ENSG00000065491.10,TBC1D22B,chr6,37257712
ENSG00000106537.10,TSPAN13,chr7,16753726
ENSG00000168152.14,THAP9,chr4,82900683
ENSG00000138660.14,AP1AR,chr4,112231362
ENSG00000169398.22,PTK2,chr8,141002215
ENSG00000160714.13,UBE2Q1,chr1,154559027
ENSG00000198729.7,PPP1R14C,chr6,150142992
ENSG00000095587.11,TLL2,chr10,96513957
ENSG00000116497.20,S100PBP,chr1,32816407
ENSG00000285641.1,ENSG00000285641,chr1,153986245
ENSG00000136527.21,TRA2B,chr3,185938102
ENSG00000198841.4,KTI12,chr1,52033809
ENSG00000004799.10,PDK4,chr7,95597637
ENSG00000056736.12,IL17RB,chr3,53845672
ENSG00000175324.12,LSM1,chr8,38176729
ENSG00000182180.16,MRPS16,chr10,73252692
ENSG00000163472.21,TMEM79,chr1,156282927
ENSG00000164896.23,FASTK,chr7,151080880
ENSG00000163214.23,DHX57,chr2,38875942
ENSG00000172738.14,TMEM217,chr6,37258154
ENSG00000286105.3,TMEM217B,chr6,37258154
ENSG00000163050.20,COQ8A,chr1,226938142
ENSG00000171865.12,RNASEH1,chr2,3558370
ENSG00000138795.12,LEF1,chr4,108169197
ENSG00000158195.13,WASF2,chr1,27490307
ENSG00000071539.16,TRIP13,chr5,892848
ENSG00000164032.14,H2AZ1,chr4,99950539
ENSG00000118007.15,STAG1,chr3,136752463
ENSG00000147955.20,SIGMAR1,chr9,34637843
ENSG00000310583.1,ENSG00000310583,chr2,38875990
ENSG00000198952.10,SMG5,chr1,156282861
ENSG00000143545.12,RAB13,chr1,153986381
ENSG00000028310.20,BRD9,chr5,892837
ENSG00000164023.17,SGMS2,chr4,107824562
ENSG00000121210.18,TMEM131L,chr4,153466306
ENSG00000144224.19,UBXN4,chr2,135741625
ENSG00000243943.12,ZNF512,chr2,27582968
ENSG00000148153.16,INIP,chr9,112718148
ENSG00000118420.19,UBE3D,chr6,83065859
ENSG00000145494.14,NDUFS6,chr5,1801362
ENSG00000188010.18,MORN2,chr2,38875968
ENSG00000183960.11,KCNH8,chr3,19148101
ENSG00000132467.4,UTP3,chr4,70688531
ENSG00000196460.15,RFX8,chr2,101475111
ENSG00000106305.12,AIMP2,chr7,6009225
ENSG00000286905.1,ENSG00000286905,chr2,3558332
ENSG00000164338.12,UTP15,chr5,73565442
ENSG00000164151.13,ICE1,chr5,5420663
ENSG00000130714.21,POMT1,chr9,131502788
ENSG00000143333.9,RGS16,chr1,182604393
ENSG00000151690.17,MFSD6,chr2,190407895
ENSG00000163702.23,IL17RC,chr3,9917039
ENSG00000130429.18,ARPC1B,chr7,99374225
ENSG00000181585.7,TMIE,chr3,46694527
ENSG00000180817.14,PPA1,chr10,70233910
ENSG00000180228.16,PRKRA,chr2,178451511
ENSG00000128050.11,PAICS,chr4,56435057
ENSG00000146587.20,RBAK,chr7,5045820
ENSG00000117479.17,SLC19A2,chr1,169485987
ENSG00000134057.17,CCNB1,chr5,69167003
ENSG00000275740.1,RBM27-POU4F3,chr5,146203549
ENSG00000091009.10,RBM27,chr5,146203549
ENSG00000171174.17,RBKS,chr2,27890680
ENSG00000189362.14,NEMP2,chr2,190534786
ENSG00000196981.5,WDR5B,chr3,122416463
ENSG00000167904.18,TMEM68,chr8,55773416
ENSG00000132773.14,TOE1,chr1,45339937
ENSG00000154309.11,DISP1,chr1,222814729
ENSG00000188739.17,RBM34,chr1,235161626
ENSG00000107864.17,CPEB3,chr10,92291627
ENSG00000164045.14,CDC25A,chr3,48188427
ENSG00000106692.17,FKTN,chr9,105558121
ENSG00000198517.12,MAFK,chr7,1530686
ENSG00000079156.19,OSBPL6,chr2,178193710
ENSG00000171448.11,ZBTB26,chr9,122931564
ENSG00000124788.19,ATXN1,chr6,16761490
ENSG00000106038.14,EVX1,chr7,27242699
ENSG00000127124.16,HIVEP3,chr1,42035924
ENSG00000263513.8,FAM72C,chr1,143971985
ENSG00000178467.20,P4HTM,chr3,48989857
ENSG00000115486.15,GGCX,chr2,85561837
ENSG00000116922.17,AIRIM,chr1,37692295
ENSG00000082153.20,BZW1,chr2,200810593
ENSG00000138658.19,ZGRF1,chr4,112637401
ENSG00000118454.15,ANKRD13C,chr1,70354746
ENSG00000198060.12,MARCHF5,chr10,92291141
ENSG00000163541.14,SUCLG1,chr2,84460044
ENSG00000153560.14,UBP1,chr3,33441406
ENSG00000138182.17,KIF20B,chr10,89701580
ENSG00000162819.14,BROX,chr1,222711479
ENSG00000160293.19,VAV2,chr9,133992853
ENSG00000163975.16,MELTF,chr3,197029873
ENSG00000188938.18,FAM120AOS,chr9,93453599
ENSG00000123737.15,EXOSC9,chr4,121801317
ENSG00000112658.10,SRF,chr6,43170909
ENSG00000180098.11,TRNAU1AP,chr1,28552990
ENSG00000164331.12,ANKRA2,chr5,73565711
ENSG00000170734.14,POLH,chr6,43575536
ENSG00000280670.5,CCDC163,chr1,45500162
ENSG00000144354.17,CDCA7,chr2,173354817
ENSG00000178074.7,C2orf69,chr2,199911248
ENSG00000196923.16,PDLIM7,chr5,177497663
ENSG00000163814.10,CDCP1,chr3,45146482
ENSG00000240891.9,PLCXD2,chr3,111674654
ENSG00000196683.13,TOMM7,chr7,22822890
ENSG00000091140.17,DLD,chr7,107891135
ENSG00000184925.14,LCN12,chr9,136949390
ENSG00000163611.13,SPICE1,chr3,113515605
ENSG00000136193.19,SCRN1,chr7,29990288
ENSG00000170234.15,PWWP2A,chr5,160119477
ENSG00000197150.15,ABCB8,chr7,151028421
ENSG00000132763.17,MMACHC,chr1,45500185
ENSG00000175449.17,RFESD,chr5,95646717
ENSG00000146676.10,PURB,chr7,44885529
ENSG00000116161.20,CACYBP,chr1,174999162
ENSG00000008853.20,RHOBTB2,chr8,22987221
ENSG00000145439.14,CBR4,chr4,169010346
ENSG00000143543.17,JTB,chr1,153978010
ENSG00000163811.14,WDR43,chr2,28894610
ENSG00000152782.21,PANK1,chr10,89645262
ENSG00000142330.22,CAPN10,chr2,240586365
ENSG00000310607.1,ENSG00000310607,chr3,72888045
ENSG00000174720.20,LARP7,chr4,112636989
ENSG00000288550.3,ENSG00000288550,chr3,9917115
ENSG00000196378.16,ZNF34,chr8,144788683
ENSG00000172986.14,GXYLT2,chr3,72888031
ENSG00000113732.11,ATP6V0E1,chr5,172983754
ENSG00000164695.6,CHMP4C,chr8,81732447
ENSG00000122741.18,DCAF10,chr9,37800553
ENSG00000179041.4,RRS1,chr8,66429013
ENSG00000158428.7,CATIP,chr2,218356837
ENSG00000143393.19,PI4KB,chr1,151328393
ENSG00000177994.17,CIMIP6,chr2,54330033
ENSG00000144840.12,RABL3,chr3,120742992
ENSG00000169174.15,PCSK9,chr1,55039444
ENSG00000204311.17,PJVK,chr2,178451345
ENSG00000175768.15,TOMM5,chr9,37592618
ENSG00000070950.12,RAD18,chr3,8963772
ENSG00000168818.12,STX18,chr4,4542345
ENSG00000172007.9,RAB33B,chr4,139453231
ENSG00000118640.13,VAMP8,chr2,85561561
ENSG00000174501.16,ANKRD36C,chr2,95991842
ENSG00000116903.7,EXOC8,chr1,231337851
ENSG00000177674.18,AGTRAP,chr1,11736069
ENSG00000158796.19,DEDD,chr1,161133279
ENSG00000272104.1,ENSG00000272104,chr3,50350891
ENSG00000130956.16,HABP4,chr9,96450097
ENSG00000137198.12,GMPR,chr6,16238473
ENSG00000105808.21,RASA4,chr7,102616778
ENSG00000105854.15,PON2,chr7,95435392
ENSG00000277224.3,H2BC7,chr6,26199515
ENSG00000186088.18,GSAP,chr7,77416606
ENSG00000105784.18,RUNDC3B,chr7,87627547
ENSG00000164402.16,SEPTIN8,chr5,132807240
ENSG00000186132.17,C2orf76,chr2,119367187
ENSG00000197756.12,RPL37A,chr2,216498796
ENSG00000007341.21,ST7L,chr1,112620824
ENSG00000143774.20,GUK1,chr1,228139961
ENSG00000136940.16,PDCL,chr9,122828643
ENSG00000170476.17,MZB1,chr5,139390080
ENSG00000164070.14,HSPA4L,chr4,127781820
ENSG00000154781.18,CCDC174,chr3,14651745
ENSG00000006837.13,CDKL3,chr5,134371046
ENSG00000143303.14,METTL25B,chr1,156728441
ENSG00000162490.9,DRAXIN,chr1,11690957
ENSG00000078177.17,N4BP2,chr4,40056566
ENSG00000109501.17,WFS1,chr4,6269831
ENSG00000273345.6,ENSG00000273345,chr5,134371043
ENSG00000285943.1,SPICE1-CFAP44,chr3,113515150
ENSG00000122432.20,SPATA1,chr1,84505490
ENSG00000132781.24,MUTYH,chr1,45340892
ENSG00000122696.16,SLC25A51,chr9,37904386
ENSG00000266412.8,NCOA4,chr10,46030669
ENSG00000136840.21,ST6GALNAC4,chr9,127917056
ENSG00000196782.15,MAML3,chr4,140154226
ENSG00000197576.16,HOXA4,chr7,27130779
ENSG00000087206.19,UIMC1,chr5,177022645
ENSG00000086589.14,RBM22,chr5,150701096
ENSG00000167110.21,GOLGA2,chr9,128276035
ENSG00000117525.16,F3,chr1,94541850
ENSG00000115760.17,BIRC6,chr2,32357018
ENSG00000143248.15,RGS5,chr1,163321790
ENSG00000116128.13,BCL9,chr1,147541336
ENSG00000113721.16,PDGFRB,chr5,150186362
ENSG00000134186.14,PRPF38B,chr1,108692291
ENSG00000142657.23,PGD,chr1,10398591
ENSG00000113761.14,ZNF346,chr5,177022058
ENSG00000155368.20,DBI,chr2,119366871
ENSG00000096654.18,ZNF184,chr6,27473140
ENSG00000224531.8,SMIM13,chr6,11093819
ENSG00000170385.11,SLC30A1,chr1,211579217
ENSG00000175854.16,SWI5,chr9,128275378
ENSG00000090263.18,MRPS33,chr7,141015285
ENSG00000163527.13,STT3B,chr3,31532189
ENSG00000137574.13,TGS1,chr8,55773064
ENSG00000114026.23,OGG1,chr3,9749937
ENSG00000284234.1,TAF11L5,chr5,17525234
ENSG00000151014.8,NOCT,chr4,139015413
ENSG00000156502.16,SUPV3L1,chr10,69180233
ENSG00000293642.2,ENSG00000293642,chr6,11093833
ENSG00000116096.9,SPR,chr2,72887373
ENSG00000111832.14,RWDD1,chr6,116571385
ENSG00000143924.21,EML4,chr2,42169311
ENSG00000178038.19,ALS2CL,chr3,46694070
ENSG00000171159.6,BBLN,chr9,128160218
ENSG00000127423.12,AUNIP,chr1,25859462
ENSG00000065029.17,ZNF76,chr6,35258908
ENSG00000181744.10,DIPK2A,chr3,143971815
ENSG00000119048.11,UBE2B,chr5,134371173
ENSG00000162836.14,ACP6,chr1,147670540
ENSG00000288678.2,ENSG00000288678,chr1,31938009
ENSG00000173334.5,TRIB1,chr8,125430151
ENSG00000065833.11,ME1,chr6,83431369
ENSG00000179023.9,KLHDC7A,chr1,18480929
ENSG00000156469.11,MTERF3,chr8,96261625
ENSG00000213160.12,KLHL23,chr2,169694434
ENSG00000144362.14,PHOSPHO2,chr2,169694434
ENSG00000169288.20,MRPL1,chr4,77862138
ENSG00000253251.5,SHLD3,chr5,65624732
ENSG00000113597.20,TRAPPC13,chr5,65624732
ENSG00000138036.20,DYNC2LI1,chr2,43774010
ENSG00000164924.20,YWHAZ,chr8,100953396
ENSG00000253729.11,PRKDC,chr8,47960181
ENSG00000225921.9,NOL7,chr6,13615307
ENSG00000085760.17,MTIF2,chr2,55270262
ENSG00000153767.12,GTF2E1,chr3,120742369
ENSG00000145779.9,TNFAIP8,chr5,119268690
ENSG00000145390.14,USP53,chr4,119212127
ENSG00000163155.12,LYSMD1,chr1,151165947
ENSG00000204138.15,PHACTR4,chr1,28369562
ENSG00000014123.12,UFL1,chr6,96521594
ENSG00000077585.16,GPR137B,chr1,236142147
ENSG00000163902.14,RPN1,chr3,128681074
ENSG00000148308.20,GTF3C5,chr9,133030674
ENSG00000104738.21,MCM4,chr8,47960184
ENSG00000184203.10,PPP1R2,chr3,195543385
ENSG00000127920.7,GNG11,chr7,93921442
ENSG00000285733.1,ENSG00000285733,chr6,169702046
ENSG00000197860.12,SGTB,chr5,65723034
ENSG00000165006.16,UBAP1,chr9,34179004
ENSG00000117650.15,NEK2,chr1,211675662
ENSG00000156976.19,EIF4A2,chr3,186783204
ENSG00000162909.20,CAPN2,chr1,223701560
ENSG00000173272.18,MZT2A,chr2,131493041
ENSG00000127481.16,UBR4,chr1,19210328
ENSG00000115561.18,CHMP3,chr2,86563506
ENSG00000154479.14,CFAP210,chr2,169694425
ENSG00000174780.19,SRP72,chr4,56467590
ENSG00000168653.13,NDUFS5,chr1,39026317
ENSG00000114395.13,CYB561D2,chr3,50350833
ENSG00000054148.20,PHPT1,chr9,136847993
ENSG00000273331.1,TM4SF19-DYNLT2B,chr3,196338372
ENSG00000159069.16,FBXW5,chr9,136950121
ENSG00000174428.21,GTF2IRD2B,chr7,75091566
ENSG00000065485.22,PDIA5,chr3,123067016
ENSG00000138346.18,DNA2,chr10,68472120
ENSG00000106785.17,TRIM14,chr9,98119403
ENSG00000132541.13,RIDA,chr8,98117205
ENSG00000164631.20,ZNF12,chr7,6706978
ENSG00000114388.16,NPRL2,chr3,50350825
ENSG00000145730.23,PAM,chr5,102753980
ENSG00000119285.13,HEATR1,chr1,236604831
ENSG00000170961.8,HAS2,chr8,121641548
ENSG00000182899.19,RPL35A,chr3,197949956
ENSG00000158234.15,FAIM,chr3,138608549
ENSG00000138758.14,SEPTIN11,chr4,76949699
ENSG00000179456.14,ZBTB18,chr1,244048546
ENSG00000185127.7,C6orf120,chr6,169702125
ENSG00000148690.14,FRA10AC1,chr10,93703293
ENSG00000196151.13,WDSUB1,chr2,159287346
ENSG00000145782.15,ATG12,chr5,115842533
ENSG00000173302.5,GPR148,chr2,130729069
ENSG00000163617.13,CCDC191,chr3,114056593
ENSG00000159685.13,CHCHD6,chr3,126704202
ENSG00000169504.17,CLIC4,chr1,24745341
ENSG00000151012.14,SLC7A11,chr4,138242540
ENSG00000071575.13,TRIB2,chr2,12716909
ENSG00000185920.19,PTCH1,chr9,95517056
ENSG00000142798.21,HSPG2,chr1,21937317
ENSG00000153187.23,HNRNPU,chr1,244864573
ENSG00000158615.10,PPP1R15B,chr1,204411886
ENSG00000055732.15,MCOLN3,chr1,85048886
ENSG00000285655.1,ENSG00000285655,chr8,66430184
ENSG00000116857.19,TMEM9,chr1,201172329
ENSG00000163644.17,PPM1K,chr4,88284768
ENSG00000187522.17,HSPA14,chr10,14838163
ENSG00000284024.5,MSANTD7,chr10,14838163
ENSG00000113163.20,CERT1,chr5,75512137
ENSG00000131791.10,PRKAB2,chr1,147173715
ENSG00000171497.7,PPID,chr4,158723417
ENSG00000116133.15,DHCR24,chr1,54887223
ENSG00000173406.18,DAB1,chr1,58546733
ENSG00000162600.14,OMA1,chr1,58546837
ENSG00000147475.19,ERLIN2,chr8,37736586
ENSG00000142867.16,BCL10,chr1,85276639
ENSG00000151304.8,SRFBP1,chr5,121961955
ENSG00000132570.17,PCBD2,chr5,134905038
ENSG00000204839.10,MROH6,chr8,143573109
ENSG00000177479.22,ARIH2,chr3,48918216
ENSG00000145107.17,TM4SF19,chr3,196338603
ENSG00000042286.17,AIFM2,chr10,70133268
ENSG00000163121.12,NEURL3,chr2,96508152
ENSG00000123739.13,PLA2G12A,chr4,109730069
ENSG00000146733.16,PSPH,chr7,56051608
ENSG00000111912.22,NCOA7,chr6,125780942
ENSG00000074047.23,GLI2,chr2,120735622
ENSG00000129625.15,REEP5,chr5,112922362
ENSG00000104356.13,POP1,chr8,98117285
ENSG00000171150.11,SOCS5,chr2,46698422
ENSG00000197375.16,SLC22A5,chr5,132369492
ENSG00000155329.14,ZCCHC10,chr5,133026603
ENSG00000153250.23,RBMS1,chr2,160494099
ENSG00000122507.23,BBS9,chr7,33109556
ENSG00000146376.13,ARHGAP18,chr6,129710251
ENSG00000146731.13,CCT6A,chr7,56051684
ENSG00000257923.14,CUX1,chr7,101815903
ENSG00000134243.14,SORT1,chr1,109397966
ENSG00000143458.14,GABPB2,chr1,151070513
ENSG00000105976.18,MET,chr7,116672050
ENSG00000131781.15,FMO5,chr1,147243049
ENSG00000062582.16,MRPS24,chr7,43869892
ENSG00000171421.15,MRPL36,chr5,1802028
ENSG00000148358.23,GPR107,chr9,130053425
ENSG00000049192.16,ADAMTS6,chr5,65481943
ENSG00000188112.10,C6orf132,chr6,42142619
ENSG00000147679.14,UTP23,chr8,116766491
ENSG00000010072.18,SPRTN,chr1,231337103
ENSG00000178567.8,EPM2AIP1,chr3,36993130
ENSG00000168938.8,PPIC,chr5,123036726
ENSG00000169299.16,PGM2,chr4,37826659
ENSG00000152409.12,JMY,chr5,79236094
ENSG00000132676.18,DAP3,chr1,155687832
ENSG00000164080.16,RAD54L2,chr3,51538665
ENSG00000143443.11,C1orf56,chr1,151047745
ENSG00000117592.11,PRDX6,chr1,173476813
ENSG00000235750.12,KIAA0040,chr1,175193264
ENSG00000115159.19,GPD2,chr2,156435289
ENSG00000173230.19,GOLGB1,chr3,121749965
ENSG00000010165.22,METTL13,chr1,171781419
ENSG00000113734.20,BNIP1,chr5,173144441
ENSG00000287363.5,CIMIP3,chr6,42142692
ENSG00000146674.18,IGFBP3,chr7,45921873
ENSG00000168246.8,UBTD2,chr5,172284101
ENSG00000187840.7,EIF4EBP1,chr8,38030493
ENSG00000198898.18,CAPZA2,chr7,116811069
ENSG00000117586.14,TNFSF4,chr1,173477582
ENSG00000163825.6,RTP3,chr3,46494610
ENSG00000135245.12,HILPDA,chr7,128455824
ENSG00000122008.18,POLK,chr5,75511376
ENSG00000153201.19,RANBP2,chr2,108719366
ENSG00000137133.13,HINT2,chr9,35815353
ENSG00000122483.20,CCDC18,chr1,93179757
ENSG00000151470.15,C4orf33,chr4,129093316
ENSG00000165115.17,KIF27,chr9,83921557
ENSG00000147677.14,EIF3H,chr8,116766924
ENSG00000138756.21,BMP2K,chr4,78776014
ENSG00000158006.16,PAFAH2,chr1,25999205
ENSG00000136237.21,RAPGEF5,chr7,22357169
ENSG00000126883.21,NUP214,chr9,131124867
ENSG00000114978.20,MOB1A,chr2,74178931
ENSG00000123609.13,NMI,chr2,151289920
ENSG00000106554.15,CHCHD3,chr7,133082249
ENSG00000135070.16,ISCA1,chr9,86283101
ENSG00000095321.20,CRAT,chr9,129111312
ENSG00000118503.20,TNFAIP3,chr6,137866382
ENSG00000116874.14,WARS2,chr1,119140678
ENSG00000121879.8,PIK3CA,chr3,179148113
ENSG00000114107.11,CEP70,chr3,138594537
ENSG00000116791.16,CRYZ,chr1,74733127
ENSG00000107164.19,FUBP3,chr9,130578964
ENSG00000006453.16,BAIAP2L1,chr7,98401212
ENSG00000106348.21,IMPDH1,chr7,128410008
ENSG00000162623.18,TYW3,chr1,74733113
ENSG00000280571.2,ENSG00000280571,chr3,42804517
ENSG00000117602.15,RCAN3,chr1,24502319
ENSG00000164610.11,RP9,chr7,33109600
ENSG00000144648.18,ACKR2,chr3,42804585
ENSG00000181061.16,HIGD1A,chr3,42804530
ENSG00000197622.15,CDC42SE1,chr1,151070324
ENSG00000093144.21,ECHDC1,chr6,127343608
ENSG00000070785.19,EIF2B3,chr1,44986721
ENSG00000142945.15,KIF2C,chr1,44739809
ENSG00000133069.19,TMCC2,chr1,205227911
ENSG00000105983.25,LMBR1,chr7,156893224
ENSG00000164850.18,GPER1,chr7,1082207
ENSG00000143224.20,PPOX,chr1,161165836
ENSG00000124380.13,SNRNP27,chr2,69893943
ENSG00000160051.14,IQCC,chr1,32205637
ENSG00000069849.13,ATP1B3,chr3,141876110
ENSG00000185305.13,ARL15,chr5,54310603
ENSG00000172244.11,C5orf34,chr5,43515147
ENSG00000058056.12,USP13,chr3,179652729
ENSG00000174607.14,UGT8,chr4,114598334
ENSG00000162869.18,PPP1R21,chr2,48440597
ENSG00000177879.19,AP3S1,chr5,115841421
ENSG00000134255.18,CEPT1,chr1,111139417
ENSG00000175600.18,SUGCT,chr7,40134043
ENSG00000169193.14,CCDC126,chr7,23597373
ENSG00000006451.10,RALA,chr7,39623444
ENSG00000168883.22,USP39,chr2,85602855
ENSG00000155100.13,OTUD6B,chr8,91070195
ENSG00000165152.11,PGAP4,chr9,101533536
ENSG00000113141.20,IK,chr5,140647057
ENSG00000016864.21,GLT8D1,chr3,52706367
ENSG00000169252.6,ADRB2,chr5,148826610
ENSG00000068028.20,RASSF1,chr3,50340979
ENSG00000114859.18,CLCN2,chr3,184363273
ENSG00000127483.22,HP1BP3,chr1,20787338
ENSG00000145375.11,AFG2A,chr4,122923069
ENSG00000146856.15,AGBL3,chr7,134986495
ENSG00000168303.10,MPLKIP,chr7,40134876
ENSG00000163521.18,GLB1L,chr2,219245477
ENSG00000172954.16,LCLAT1,chr2,30447211
ENSG00000115085.18,ZAP70,chr2,97713189
ENSG00000132182.15,NUP210,chr3,13420394
ENSG00000107789.17,MINPP1,chr10,87504858
ENSG00000288702.2,UGT1A3,chr2,233729041
ENSG00000251201.8,TMED7-TICAM2,chr5,115626160
ENSG00000104365.18,IKBKB,chr8,42271301
ENSG00000143155.15,TIPRL,chr1,168178819
ENSG00000170917.15,NUDT6,chr4,122922967
ENSG00000143252.19,SDHC,chr1,161314351
ENSG00000107854.8,TNKS2,chr10,91798356
ENSG00000117448.16,AKR1A1,chr1,45550474
ENSG00000155827.14,RNF20,chr9,101533820
ENSG00000142733.20,MAP3K6,chr1,27366985
ENSG00000256966.6,ENSG00000256966,chr9,37592468
ENSG00000118217.9,ATF6,chr1,161766242
ENSG00000145868.19,FBXO38,chr5,148383825
ENSG00000106617.18,PRKAG2,chr7,151877562
ENSG00000185697.19,MYBL1,chr8,66614246
ENSG00000173530.8,TNFRSF10D,chr8,23164029
ENSG00000197061.5,H4C3,chr6,26103932
ENSG00000270617.1,URGCP-MRPS24,chr7,43906588
ENSG00000109323.13,MANBA,chr4,102760999
ENSG00000138101.22,DTNB,chr2,25673716
ENSG00000189339.14,SLC35E2B,chr1,1693058
ENSG00000167094.18,TTC16,chr9,127716073
ENSG00000115306.19,SPTBN1,chr2,54456265
ENSG00000154124.9,OTULIN,chr5,14664663
ENSG00000184898.8,RBM43,chr2,151261869
ENSG00000079785.18,DDX1,chr2,15591177
ENSG00000131778.22,CHD1L,chr1,147242642
ENSG00000197312.14,DDI2,chr1,15617415
ENSG00000197859.13,ADAMTSL2,chr9,133532163
ENSG00000104221.15,BRF2,chr8,37849910
ENSG00000086232.15,EIF2AK1,chr7,6059239
ENSG00000186314.14,PRELID2,chr5,145835378
ENSG00000070610.16,GBA2,chr9,35749985
ENSG00000181577.17,LINC03040,chr6,44000579
ENSG00000145476.18,CYP4V2,chr4,186191257
ENSG00000184863.12,RBM33,chr7,155644425
ENSG00000124789.14,NUP153,chr6,17706941
ENSG00000187239.21,FNBP1,chr9,130043242
ENSG00000160124.11,MIX23,chr3,122383275
ENSG00000163584.20,RPL22L1,chr3,170870474
ENSG00000168038.13,ULK4,chr3,41962235
ENSG00000001461.21,NIPAL3,chr1,24413514
ENSG00000117758.16,STX12,chr1,27773152
ENSG00000144524.20,COPS7B,chr2,231781659
ENSG00000076242.20,MLH1,chr3,36992833
ENSG00000107317.15,PTGDS,chr9,136975052
ENSG00000164120.15,HPGD,chr4,174523153
ENSG00000151693.13,ASAP2,chr2,9206601
ENSG00000047932.16,GOPC,chr6,117602552
ENSG00000269891.2,ARHGAP19-SLIT1,chr10,97292636
ENSG00000173614.16,NMNAT1,chr1,9943427
ENSG00000127838.17,PNKD,chr2,218269650
ENSG00000171943.14,SRGAP2C,chr1,121184810
ENSG00000116688.20,MFN2,chr1,11980180
ENSG00000171843.18,MLLT3,chr9,20622525
ENSG00000114739.16,ACVR2B,chr3,38453842
ENSG00000136930.15,PSMB7,chr9,124415475
ENSG00000213626.14,LBH,chr2,30231530
ENSG00000106009.18,BRAT1,chr7,2555781
ENSG00000145362.23,ANK2,chr4,112818031
ENSG00000283128.3,ENSG00000283128,chr7,155644405
ENSG00000213390.13,ARHGAP19,chr10,97292672
ENSG00000151466.14,SCLT1,chr4,129093621
ENSG00000086475.17,SEPHS1,chr10,13348595
ENSG00000162441.14,LZIC,chr1,9943406
ENSG00000167702.15,KIFC2,chr8,144465939
ENSG00000134690.13,CDCA8,chr1,37692472
ENSG00000115661.16,STK16,chr2,219245211
ENSG00000088205.15,DDX18,chr2,117814655
ENSG00000066027.14,PPP2R5A,chr1,212285227
ENSG00000143384.15,MCL1,chr1,150579737
ENSG00000090686.18,USP48,chr1,21783617
ENSG00000284042.1,TAF11L6,chr5,17528668
ENSG00000163328.16,GPR155,chr2,174487149
ENSG00000163467.14,TSACC,chr1,156337313
ENSG00000113593.14,PPWD1,chr5,65563235
ENSG00000289685.2,ENSG00000289685,chr2,95165390
ENSG00000135931.21,ARMC9,chr2,231198545
ENSG00000180767.12,CHST13,chr3,126524071
ENSG00000135002.13,RFK,chr9,76394535
ENSG00000164056.13,SPRY1,chr4,123396753
ENSG00000051341.17,POLQ,chr3,121546006
ENSG00000275111.7,ZNF2,chr2,95165431
ENSG00000144031.14,ANKRD53,chr2,70978379
ENSG00000131495.10,NDUFA2,chr5,140647822
ENSG00000132837.17,DMGDH,chr5,79236037
ENSG00000121211.10,MND1,chr4,153344619
ENSG00000197093.13,GAL3ST4,chr7,100168952
ENSG00000108064.13,TFAM,chr10,58385344
ENSG00000137561.7,TTPA,chr8,63086196
ENSG00000123219.15,CENPK,chr5,65563551
ENSG00000104231.13,ZFAND1,chr8,81732902
ENSG00000228486.12,C2orf92,chr2,97664216
ENSG00000036549.15,ZZZ3,chr1,77683549
ENSG00000147416.14,ATP6V1B2,chr8,20197322
ENSG00000123213.25,NLN,chr5,65722164
ENSG00000148719.18,DNAJB12,chr10,72355166
ENSG00000213949.11,ITGA1,chr5,52787620
ENSG00000152684.13,PELO,chr5,52787620
ENSG00000113595.16,TRIM23,chr5,65625974
ENSG00000122870.13,BICC1,chr10,58512755
ENSG00000080345.20,RIF1,chr2,151409882
ENSG00000178252.21,WDR6,chr3,49007061
ENSG00000204843.15,DCTN1,chr2,74392086
ENSG00000144026.16,ZNF514,chr2,95165671
ENSG00000099282.12,TSPAN15,chr10,69451149
ENSG00000090520.14,DNAJB11,chr3,186567402
ENSG00000115073.10,ACTR1B,chr2,97664113
ENSG00000077232.21,DNAJC10,chr2,182715606
ENSG00000005059.18,MCUB,chr4,109560208
ENSG00000310650.1,ENSG00000310650,chr8,20255278
ENSG00000185267.12,CDNF,chr10,14838574
ENSG00000162676.15,GFI1,chr1,92486924
ENSG00000168310.14,IRF2,chr4,184474557
ENSG00000273217.1,ENSG00000273217,chr5,131796982
ENSG00000058453.19,CROCC,chr1,16740272
ENSG00000284956.1,ENSG00000284956,chr8,23084402
ENSG00000196284.20,SUPT3H,chr6,45377952
ENSG00000114942.17,EEF1B2,chr2,206159574
ENSG00000138316.13,ADAMTS14,chr10,70672366
ENSG00000178922.20,HYI,chr1,43453998
ENSG00000213625.10,LEPROT,chr1,65420546
ENSG00000114648.14,KLHL18,chr3,47282627
ENSG00000284895.1,ENSG00000284895,chr1,41628815
ENSG00000177984.8,LCN15,chr9,136766254
ENSG00000009307.19,CSDE1,chr1,114758703
ENSG00000023228.17,NDUFS1,chr2,206159523
ENSG00000205981.11,DNAJC19,chr3,180989842
ENSG00000162511.10,LAPTM5,chr1,30757854
ENSG00000186283.16,TOR3A,chr1,179081853
ENSG00000132406.14,TMEM128,chr4,4248371
ENSG00000185261.17,KIAA0825,chr5,94618615
ENSG00000168890.16,TMEM150A,chr2,85603200
ENSG00000170265.14,ZNF282,chr7,149195501
ENSG00000114023.17,FAM162A,chr3,122384160
ENSG00000155760.3,FZD7,chr2,202033854
ENSG00000117222.16,RBBP5,chr1,205122262
ENSG00000187736.16,NHEJ1,chr2,219160868
ENSG00000133302.15,SLF1,chr5,94618053
ENSG00000151353.18,TMEM18,chr2,677469
ENSG00000168275.17,COA6,chr1,234373437
ENSG00000116678.21,LEPR,chr1,65420542
ENSG00000164830.20,OXR1,chr8,106270111
ENSG00000143379.15,SETDB1,chr1,150926262
ENSG00000136870.12,ZNF189,chr9,101398841
ENSG00000163041.15,H3-3A,chr1,226061570
ENSG00000073331.20,ALPK1,chr4,112285508
ENSG00000057757.12,PITHD1,chr1,23778364
ENSG00000112655.18,PTK7,chr6,43076255
ENSG00000120742.13,SERP1,chr3,150603227
ENSG00000115216.16,NRBP1,chr2,27427789
ENSG00000066827.18,ZFAT,chr8,134713174
ENSG00000138674.19,SEC31A,chr4,82901165
ENSG00000088727.16,KIF9,chr3,47283450
ENSG00000099810.23,MTAP,chr9,21802613
ENSG00000136897.9,MRPL50,chr9,101398664
ENSG00000169071.17,ROR2,chr9,91950277
ENSG00000117500.15,TMED5,chr1,93181130
ENSG00000178199.15,ZC3H12D,chr6,149485035
ENSG00000008130.17,NADK,chr1,1780543
ENSG00000256407.2,ENSG00000256407,chr1,54200072
ENSG00000215883.13,CYB5RL,chr1,54200072
ENSG00000172292.17,CERS6,chr2,168455840
ENSG00000243477.8,NAA80,chr3,50299436
ENSG00000186792.19,HYAL3,chr3,50299436
ENSG00000198755.13,RPL10A,chr6,35468365
ENSG00000123091.7,RNF11,chr1,51235624
ENSG00000273703.2,H2BC14,chr6,27815021
ENSG00000276368.2,H2AC14,chr6,27814776
ENSG00000290230.1,ENSG00000290230,chr8,144078641
ENSG00000217128.15,FNIP1,chr5,131797040
ENSG00000171311.15,EXOSC1,chr10,97446084
ENSG00000117614.12,SYF2,chr1,25232508
ENSG00000163462.20,TRIM46,chr1,155173786
ENSG00000162704.17,ARPC5,chr1,183635907
ENSG00000171307.21,ZDHHC16,chr10,97446140
ENSG00000164654.18,MIOS,chr7,7566822
ENSG00000135074.18,ADAM19,chr5,157575857
ENSG00000198843.15,SELENOT,chr3,150602874
ENSG00000178896.11,EXOSC4,chr8,144078559
ENSG00000116117.21,PARD3B,chr2,204545161
ENSG00000164603.14,SAMTOR,chr7,112939886
ENSG00000066136.23,NFYC,chr1,40691569
ENSG00000112053.15,SLC26A8,chr6,36028766
ENSG00000310608.1,ENSG00000310608,chr7,975548
ENSG00000240230.7,COX19,chr7,975548
ENSG00000131507.13,NDFIP1,chr5,142108514
ENSG00000091317.10,CMTM6,chr3,32502857
ENSG00000293584.1,ENSG00000293584,chr2,111121152
ENSG00000143575.18,HAX1,chr1,154272325
ENSG00000138134.14,STAMBPL1,chr10,88879362
ENSG00000010438.17,PRSS3,chr9,33750678
ENSG00000198954.11,KIFBP,chr10,68988731
ENSG00000271741.1,ENSG00000271741,chr1,35031740
ENSG00000084774.16,CAD,chr2,27217344
ENSG00000198218.14,QRICH1,chr3,49094544
ENSG00000155506.21,LARP1,chr5,154682985
ENSG00000135823.15,STX6,chr1,181023120
ENSG00000172215.8,CXCR6,chr3,45940914
ENSG00000184903.11,IMMP2L,chr7,111562516
ENSG00000108021.24,TASOR2,chr10,5684730
ENSG00000008952.19,SEC62,chr3,169966634
ENSG00000176092.18,CRYBG2,chr1,26360079
ENSG00000118200.18,CAMSAP2,chr1,200738884
ENSG00000120370.15,GORAB,chr1,170531818
ENSG00000118496.7,FBXO30,chr6,145815266
ENSG00000163257.14,DCAF16,chr4,17810757
ENSG00000196275.18,GTF2IRD2,chr7,74852470
ENSG00000290315.1,ENSG00000290315,chr3,49094070
ENSG00000133606.13,MKRN1,chr7,140479551
ENSG00000144233.13,AMMECR1L,chr2,127885966
ENSG00000165055.18,METTL2B,chr7,128476728
ENSG00000159377.13,PSMB4,chr1,151399555
ENSG00000066651.22,TRMT11,chr6,125986422
ENSG00000169967.19,MAP3K2,chr2,127388464
ENSG00000142937.14,RPS8,chr1,44775250
ENSG00000125637.18,PSD4,chr2,113157324
ENSG00000116691.13,MIIP,chr1,12019465
ENSG00000130958.15,SLC35D2,chr9,96383844
ENSG00000164761.11,TNFRSF11B,chr8,118952250
ENSG00000162849.17,KIF26B,chr1,245154540
ENSG00000196428.15,TSC22D2,chr3,150408240
ENSG00000126067.14,PSMB2,chr1,35641567
ENSG00000165688.16,PMPCA,chr9,136410629
ENSG00000263956.10,NBPF11,chr1,148152341
ENSG00000163463.15,KRTCAP2,chr1,155173474
ENSG00000138433.18,CIRSR,chr2,174395711
ENSG00000165185.17,KIAA1958,chr9,112486826
ENSG00000104290.13,FZD3,chr8,28493990
ENSG00000106701.15,FSD1L,chr9,105447795
ENSG00000266338.9,NBPF15,chr1,144461763
ENSG00000144306.17,SCRN3,chr2,174395723
ENSG00000135945.12,REV1,chr2,99490465
ENSG00000130338.14,TULP4,chr6,158232235
ENSG00000165689.19,ENTR1,chr9,136410620
ENSG00000132153.17,DHX30,chr3,47802640
ENSG00000170275.17,CRTAP,chr3,33113911
ENSG00000163870.18,TPRA1,chr3,127598317
ENSG00000153827.17,TRIP12,chr2,229923238
ENSG00000127989.16,MTERF1,chr7,91880731
ENSG00000181751.12,MACIR,chr5,103258387
ENSG00000196422.13,PPP1R26,chr9,135479072
ENSG00000144043.14,TEX261,chr2,70994872
ENSG00000196639.9,HRH1,chr3,11137092
ENSG00000134183.15,GNAT2,chr1,109619928
ENSG00000132432.16,SEC61G,chr7,54759973
ENSG00000117399.16,CDC20,chr1,43358906
ENSG00000116984.17,MTR,chr1,236795259
ENSG00000164332.10,UBLCP1,chr5,159263071
ENSG00000073111.17,MCM2,chr3,127598222
ENSG00000025039.17,RRAGD,chr6,89412734
ENSG00000138382.17,METTL5,chr2,169824930
ENSG00000085999.15,RAD54L,chr1,46246460
ENSG00000176542.11,USF3,chr3,113696666
ENSG00000144659.15,SLC25A38,chr3,39383291
ENSG00000164778.5,EN2,chr7,155457554
ENSG00000082516.10,GEMIN5,chr5,154938241
ENSG00000005700.17,IBTK,chr6,82247775
ENSG00000145743.19,FBXL17,chr5,108382362
ENSG00000183598.4,H3C13,chr1,149813692
ENSG00000151612.20,ZNF827,chr4,145939035
ENSG00000156482.13,RPL30,chr8,98046468
ENSG00000173545.7,ZNF622,chr5,16465810
ENSG00000109805.12,NCAPG,chr4,17810843
ENSG00000157500.14,APPL1,chr3,57227707
ENSG00000197442.13,MAP3K5,chr6,136793102
ENSG00000117000.10,RLF,chr1,40161356
ENSG00000109762.19,SNX25,chr4,185204236
ENSG00000143748.20,NVL,chr1,224330286
ENSG00000113811.13,SELENOK,chr3,53891884
ENSG00000040275.19,SPDL1,chr5,169583631
ENSG00000143815.17,LBR,chr1,225428924
ENSG00000109332.22,UBE2D3,chr4,102869286
ENSG00000091527.19,CDV3,chr3,133573542
ENSG00000162825.19,NBPF20,chr1,145425623
ENSG00000145780.10,FEM1C,chr5,115544856
ENSG00000184432.13,COPB2,chr3,139389735
ENSG00000160993.6,ALKBH4,chr7,102464898
ENSG00000107738.22,VSIR,chr10,71773607
ENSG00000241852.13,C8orf58,chr8,22599587
ENSG00000114125.15,RNF7,chr3,141738188
ENSG00000163374.23,YY1AP1,chr1,155689333
ENSG00000284976.2,ENSG00000284976,chr9,137217493
ENSG00000069011.17,PITX1,chr5,135034812
ENSG00000070759.19,TESK2,chr1,45491202
ENSG00000157827.23,FMNL2,chr2,152335112
ENSG00000107104.23,KANK1,chr9,470288
ENSG00000116641.20,DOCK7,chr1,62688548
ENSG00000255872.3,ENSG00000255872,chr9,38068686
ENSG00000120437.11,ACAT2,chr6,159761444
ENSG00000161036.15,LRWD1,chr7,102464923
ENSG00000120262.12,CCDC170,chr6,151493753
ENSG00000066322.17,ELOVL1,chr1,43368074
ENSG00000264522.8,OTUD7B,chr1,150010757
ENSG00000187796.18,CARD9,chr9,136373682
ENSG00000117543.24,DPH5,chr1,101026116
ENSG00000109771.18,LRP2BP,chr4,185397291
ENSG00000160785.16,SLC25A44,chr1,156193931
ENSG00000154710.20,RABGEF1,chr7,66682104
ENSG00000072786.15,STK10,chr5,172188410
ENSG00000055118.20,KCNH2,chr7,150978393
ENSG00000158161.18,EYA3,chr1,28088730
ENSG00000168385.20,SEPTIN2,chr2,241314922
ENSG00000176055.11,MBLAC2,chr5,90474785
ENSG00000258881.6,ENSG00000258881,chr2,70995335
ENSG00000163867.19,ZMYM6,chr1,35031972
ENSG00000106853.22,PTGR1,chr9,111599896
ENSG00000135541.24,AHI1,chr6,135498433
ENSG00000206199.12,ANKUB1,chr3,149968384
ENSG00000112062.15,MAPK14,chr6,36027699
ENSG00000148606.17,POLR3A,chr10,78029550
ENSG00000284283.1,TAF11L4,chr5,17521800
ENSG00000198853.14,RUSC2,chr9,35489669
ENSG00000128534.10,LSM8,chr7,118183975
ENSG00000168564.8,CDKN2AIP,chr4,183444627
ENSG00000168116.17,KIAA1586,chr6,57046524
ENSG00000157796.20,WDR19,chr4,39182462
ENSG00000143499.16,SMYD2,chr1,214280721
ENSG00000151150.24,ANK3,chr10,60733534
ENSG00000096092.8,TMEM14A,chr6,52671071
ENSG00000170667.18,RASA4B,chr7,102517799
ENSG00000114331.18,ACAP2,chr3,195443138
ENSG00000158623.15,COPG2,chr7,130668754
ENSG00000289051.1,MLDHR,chr10,87863558
ENSG00000288208.1,ENSG00000288208,chr1,45491154
ENSG00000116005.14,PCYOX1,chr2,70257385
ENSG00000113569.19,NUP155,chr5,37371186
ENSG00000136273.16,HUS1,chr7,47979681
ENSG00000145354.14,CISD2,chr4,102868737
ENSG00000115392.15,FANCL,chr2,58241409
ENSG00000127125.11,PPCS,chr1,42456116
ENSG00000227268.5,KLLN,chr10,87863532
ENSG00000256235.5,SMIM3,chr5,150777882
ENSG00000143437.23,ARNT,chr1,150876770
ENSG00000164663.17,USP49,chr6,41895394
ENSG00000092621.15,PHGDH,chr1,119648410
ENSG00000248710.1,TRIM59-IFT80,chr3,160449828
ENSG00000289701.1,ENSG00000289701,chr9,136373643
ENSG00000214654.10,B3GALT9,chr9,120792402
ENSG00000107614.24,TRDMT1,chr10,17202053
ENSG00000145919.13,BOD1,chr5,173616693
ENSG00000164379.7,FOXQ1,chr6,1312097
ENSG00000170881.7,RNF139,chr8,124474698
ENSG00000120533.14,ENY2,chr8,109333554
ENSG00000186918.16,ZNF395,chr8,28402700
ENSG00000198836.13,OPA1,chr3,193593101
ENSG00000178826.13,TMEM139,chr7,143279936
ENSG00000137098.16,SPAG8,chr9,35812271
ENSG00000180354.18,MTURN,chr7,30134727
ENSG00000116350.20,SRSF4,chr1,29181993
ENSG00000172197.13,MBOAT1,chr6,20212779
ENSG00000133612.22,AGAP3,chr7,151085830
ENSG00000164751.17,PEX2,chr8,77001043
ENSG00000146416.20,AIG1,chr6,143060457
ENSG00000156639.14,ZFAND3,chr6,37819400
ENSG00000169976.7,SF3B5,chr6,144095572
ENSG00000173409.16,ARV1,chr1,230978980
ENSG00000114316.15,USP4,chr3,49340711
ENSG00000120899.20,PTK2B,chr8,27311455
ENSG00000241685.12,ARPC1A,chr7,99325878
ENSG00000284292.1,ENSG00000284292,chr7,99325878
ENSG00000071054.19,MAP4K4,chr2,101696849
ENSG00000027697.18,IFNGR1,chr6,137219448
ENSG00000179152.22,TCAIM,chr3,44338096
ENSG00000163312.13,HELQ,chr4,83455899
ENSG00000104228.15,TRIM35,chr8,27311288
ENSG00000109320.16,NFKB1,chr4,102500910
ENSG00000171132.16,PRKCE,chr2,45651095
ENSG00000148400.15,NOTCH1,chr9,136546047
ENSG00000123485.13,HJURP,chr2,233854671
ENSG00000128609.18,NDUFA5,chr7,123557903
ENSG00000223658.8,C1GALT1C1L,chr2,43676428
ENSG00000151687.16,ANKAR,chr2,189674289
ENSG00000214736.10,TOMM6,chr6,41787619
ENSG00000188610.14,FAM72B,chr1,121185538
ENSG00000137106.20,GRHPR,chr9,37422659
ENSG00000138028.18,CGREF1,chr2,27119138
ENSG00000232237.5,ASCL5,chr1,201127183
ENSG00000163666.12,HESX1,chr3,57227620
ENSG00000143067.6,ZNF697,chr1,119648453
ENSG00000285558.1,ENSG00000285558,chr3,141738473
ENSG00000143643.15,TTC13,chr1,230978892
ENSG00000155367.18,PPM1J,chr1,112715501
ENSG00000197056.14,ZMYM1,chr1,35032171
ENSG00000119121.24,TRPM6,chr9,74888093
ENSG00000163319.13,MRPS18C,chr4,83455929
ENSG00000074935.16,TUBE1,chr6,112087568
ENSG00000127249.17,ATP13A4,chr3,193593110
ENSG00000041802.13,LSG1,chr3,194672462
ENSG00000136068.18,FLNB,chr3,58008397
ENSG00000091490.13,SEL1L3,chr4,25863759
ENSG00000130559.20,CAMSAP1,chr9,135907590
ENSG00000116406.22,EDEM3,chr1,184754906
ENSG00000163006.14,CCDC138,chr2,108786729
ENSG00000148180.24,GSN,chr9,121201323
ENSG00000169220.20,RGS14,chr5,177357653
ENSG00000265241.10,RBM8A,chr1,145928066
ENSG00000203778.10,FAM229B,chr6,112087121
ENSG00000104408.13,EIF3E,chr8,108443495
ENSG00000136197.16,C7orf25,chr7,42912517
ENSG00000143319.20,ISG20L2,chr1,156728835
ENSG00000134744.16,TUT4,chr1,52553503
ENSG00000164944.14,VIRMA,chr8,94553528
ENSG00000134644.18,PUM1,chr1,31065990
ENSG00000174307.8,PHLDA3,chr1,201469429
ENSG00000163161.16,ERCC3,chr2,127294187
ENSG00000196208.16,GREB1,chr2,11482340
ENSG00000113273.19,ARSB,chr5,78986086
ENSG00000181449.4,SOX2,chr3,181711924
ENSG00000016391.13,CHDH,chr3,53846467
ENSG00000104412.10,EMC2,chr8,108443600
ENSG00000265763.6,ZNF488,chr10,47384330
ENSG00000175182.17,FAM131A,chr3,184335915
ENSG00000213689.14,TREX1,chr3,48465810
ENSG00000137218.12,FRS3,chr6,41787569
ENSG00000144635.11,DYNC1LI1,chr3,32570948
ENSG00000023330.17,ALAS1,chr3,52198084
ENSG00000196305.21,IARS1,chr9,92293853
ENSG00000214050.10,FBXO16,chr8,28490314
ENSG00000157593.21,SLC35B2,chr6,44257889
ENSG00000164182.14,NDUFAF2,chr5,60945116
ENSG00000119421.9,NDUFA8,chr9,122159816
ENSG00000066185.15,ZMYND12,chr1,42456252
ENSG00000159399.12,HK2,chr2,74834076
ENSG00000170485.19,NPAS2,chr2,100820090
ENSG00000183742.15,MACC1,chr7,20217848
ENSG00000186603.7,HPDL,chr1,45326894
ENSG00000104671.10,DCTN6,chr8,30156318
ENSG00000049167.18,ERCC8,chr5,60945077
ENSG00000039600.13,SOX30,chr5,157671479
ENSG00000119862.15,LGALSL,chr2,64453447
ENSG00000136891.16,TEX10,chr9,100352956
ENSG00000035141.12,FAM136A,chr2,70302085
ENSG00000174132.11,FAM174A,chr5,100535300
ENSG00000181090.23,EHMT1,chr9,137618900
ENSG00000185681.15,MORN5,chr9,122159902
ENSG00000119801.16,YPEL5,chr2,30146554
ENSG00000131183.13,SLC34A1,chr5,177379234
ENSG00000196843.20,ARID5A,chr2,96536698
ENSG00000180938.8,ZNF572,chr8,124973264
ENSG00000105866.17,SP4,chr7,21428023
ENSG00000145214.16,DGKQ,chr4,986894
ENSG00000116754.16,SRSF11,chr1,70205669
ENSG00000066557.8,LRRC40,chr1,70205664
ENSG00000178913.9,TAF7,chr5,141320783
ENSG00000184465.19,WDR27,chr6,169702728
ENSG00000153107.15,ANAPC1,chr2,111884689
ENSG00000112118.22,MCM3,chr6,52284880
ENSG00000187658.8,C5orf52,chr5,157671514
ENSG00000129422.17,MTUS1,chr8,17801544
ENSG00000182952.7,HMGN4,chr6,26538199
ENSG00000163346.19,PBXIP1,chr1,154956450
ENSG00000117411.20,B4GALT2,chr1,43978942
ENSG00000143878.10,RHOB,chr2,20447073
ENSG00000168875.3,SOX14,chr3,137764314
ENSG00000163832.18,ELP6,chr3,47513737
ENSG00000259305.6,ZHX1-C8orf76,chr8,123274283
ENSG00000106012.21,IQCE,chr7,2558902
ENSG00000163874.13,ZC3H12A,chr1,37474495
ENSG00000137996.15,RTCA,chr1,100266153
ENSG00000276302.1,ENSG00000276302,chr6,28267120
ENSG00000115484.17,CCT4,chr2,61888695
ENSG00000164077.17,MON1A,chr3,49930172
ENSG00000164897.16,TMUB1,chr7,151083532
ENSG00000269713.11,NBPF9,chr1,149103590
ENSG00000197062.14,ZSCAN26,chr6,28267044
ENSG00000136869.17,TLR4,chr9,117704169
ENSG00000012171.22,SEMA3B,chr3,50267506
ENSG00000156042.20,CFAP70,chr10,73358867
ENSG00000069248.14,NUP133,chr1,229508375
ENSG00000203685.12,STUM,chr1,226548713
ENSG00000258465.8,ENSG00000258465,chr1,160285129
ENSG00000096063.18,SRPK1,chr6,35921341
ENSG00000144895.14,EIF2A,chr3,150546677
ENSG00000106479.12,ZNF862,chr7,149838374
ENSG00000172785.21,ZNG1A,chr9,179146
ENSG00000173163.13,COMMD1,chr2,61888723
ENSG00000164190.20,NIPBL,chr5,36876715
ENSG00000285082.3,ENSG00000285082,chr9,117704156
ENSG00000011275.20,RNF216,chr7,5781695
ENSG00000117625.16,RCOR3,chr1,211258376
ENSG00000051382.12,PIK3CB,chr3,138834963
ENSG00000143344.18,RGL1,chr1,183636065
ENSG00000163110.17,PDLIM5,chr4,94451715
ENSG00000040341.20,STAU2,chr8,73747707
ENSG00000047188.18,YTHDC2,chr5,113513676
ENSG00000164068.18,RNF123,chr3,49688739
ENSG00000157884.12,CIB4,chr2,26641365
ENSG00000114770.19,ABCC5,chr3,184018306
ENSG00000106723.19,SPIN1,chr9,88387433
ENSG00000160446.21,ZDHHC12,chr9,128724145
ENSG00000119402.20,FBXW2,chr9,120793437
ENSG00000121152.12,NCAPH,chr2,96335727
ENSG00000158850.17,B4GALT3,chr1,161178651
ENSG00000137274.16,BPHL,chr6,3118373
ENSG00000146414.19,SHPRH,chr6,145964448
ENSG00000021355.15,SERPINB1,chr6,2842034
ENSG00000052723.14,SIKE1,chr1,114780705
ENSG00000164307.15,ERAP1,chr5,96808176
ENSG00000106608.19,URGCP,chr7,43926410
ENSG00000213523.14,SRA1,chr5,140557919
ENSG00000163590.15,PPM1L,chr3,160755525
ENSG00000115677.20,HDLBP,chr2,241317060
ENSG00000163684.13,RPP14,chr3,58306238
ENSG00000255154.10,HTD2,chr3,58306238
ENSG00000185483.14,ROR1,chr1,63773986
ENSG00000133059.20,DSTYK,chr1,205211740
ENSG00000143771.14,CNIH4,chr1,224356809
ENSG00000115457.12,IGFBP2,chr2,216632827
ENSG00000106153.16,CHCHD2,chr7,56106530
ENSG00000107625.16,DDX50,chr10,68901198
ENSG00000157107.16,FCHO2,chr5,72955526
ENSG00000132849.23,PATJ,chr1,61742290
ENSG00000118197.16,DDX59,chr1,200670048
ENSG00000175745.15,NR2F1,chr5,93583221
ENSG00000104205.18,SGK3,chr8,66712483
ENSG00000145715.17,RASA1,chr5,87267777
ENSG00000085365.20,SCAMP1,chr5,78360100
ENSG00000135900.6,MRPL44,chr2,223957385
ENSG00000186577.16,SMIM29,chr6,34249112
ENSG00000112335.17,SNX3,chr6,108261254
ENSG00000148396.21,SEC16A,chr9,136483842
ENSG00000008128.25,CDK11A,chr1,1724570
ENSG00000113272.16,THG1L,chr5,157731401
ENSG00000135315.14,CEP162,chr6,84227684
ENSG00000283988.1,TAF11L9,chr5,17594393
ENSG00000144909.10,OSBPL11,chr3,125595591
ENSG00000132466.22,ANKRD17,chr4,73259168
ENSG00000211460.14,TSN,chr2,121737102
ENSG00000075151.25,EIF4G3,chr1,21177284
ENSG00000027847.16,B4GALT7,chr5,177600080
ENSG00000198912.13,C1orf174,chr1,3900296
ENSG00000163686.17,ABHD6,chr3,58237501
ENSG00000169016.19,E2F6,chr2,11466176
ENSG00000006459.13,KDM7A,chr7,140177677
ENSG00000179832.20,MROH1,chr8,144147974
ENSG00000196141.16,SPATS2L,chr2,200305880
ENSG00000060762.22,MPC1,chr6,166383001
ENSG00000170248.17,PDCD6IP,chr3,33798317
ENSG00000107758.18,PPP3CB,chr10,73496033
ENSG00000183624.16,HMCES,chr3,129278440
ENSG00000243335.11,KCTD7,chr7,66628864
ENSG00000122435.13,TRMT13,chr1,100133042
ENSG00000116809.14,ZBTB17,chr1,15976131
ENSG00000155438.14,NIFK,chr2,121737119
ENSG00000120526.14,NUDCD1,chr8,109334492
ENSG00000050748.20,MAPK9,chr5,180292106
ENSG00000134352.23,IL6ST,chr5,55995021
ENSG00000081721.14,DUSP12,chr1,161749757
ENSG00000156876.11,SASS6,chr1,100132954
ENSG00000187866.10,PABIR1,chr9,68780064
ENSG00000273542.3,H4C12,chr6,27831559
ENSG00000163607.20,GTPBP8,chr3,112990908
ENSG00000181817.8,LSM10,chr1,36397944
ENSG00000146278.12,PNRC1,chr6,89080746
ENSG00000284461.2,ENSG00000284461,chr7,66628957
ENSG00000185963.15,BICD2,chr9,92764865
ENSG00000033178.15,UBA6,chr4,67701337
ENSG00000126062.6,TMEM115,chr3,50359565
ENSG00000138035.17,PNPT1,chr2,55693862
ENSG00000112742.12,TTK,chr6,80003886
ENSG00000114902.16,SPCS1,chr3,52704954
ENSG00000168078.12,PBK,chr8,27838081
ENSG00000170502.15,NUDT9,chr4,87422572
ENSG00000167136.9,ENDOG,chr9,128818450
ENSG00000198301.14,SDAD1,chr4,75990961
ENSG00000107331.20,ABCA2,chr9,137028914
ENSG00000153922.14,CHD1,chr5,98929626
ENSG00000131381.15,RBSN,chr3,15099162
ENSG00000186891.15,TNFRSF18,chr1,1206813
ENSG00000143390.20,RFX5,chr1,151347338
ENSG00000164684.14,ZNF704,chr8,80874780
ENSG00000265354.6,TIMM23,chr10,45972478
ENSG00000148090.14,AUH,chr9,91361971
ENSG00000107984.11,DKK1,chr10,52314273
ENSG00000010030.15,ETV7,chr6,36387800
ENSG00000146555.20,SDK1,chr7,3301251
ENSG00000198830.15,HMGN2,chr1,26471494
ENSG00000122778.12,KIAA1549,chr7,138982083
ENSG00000136238.22,RAC1,chr7,6374097
ENSG00000001084.15,GCLC,chr6,53616969
ENSG00000165233.20,CARD19,chr9,93096152
ENSG00000158246.9,TENT5B,chr1,27012883
ENSG00000189157.16,FAM47E,chr4,76214039
ENSG00000111911.9,HINT3,chr6,125956732
ENSG00000164715.8,LMTK2,chr7,98106857
ENSG00000197429.13,IPP,chr1,45750804
ENSG00000143479.19,DYRK3,chr1,206635517
ENSG00000165983.17,PTER,chr10,16436939
ENSG00000112699.13,GMDS,chr6,2245710
ENSG00000197461.15,PDGFA,chr7,520704
ENSG00000136918.10,WDR38,chr9,124853265
ENSG00000080298.18,RFX3,chr9,3526918
ENSG00000177888.10,ZBTB41,chr1,197201448
ENSG00000143842.17,SOX13,chr1,204073105
ENSG00000120708.18,TGFBI,chr5,136028853
ENSG00000123636.22,BAZ2B,chr2,159617281
ENSG00000204406.14,MBD5,chr2,148021010
ENSG00000059573.11,ALDH18A1,chr10,95656884
ENSG00000196642.21,RABL6,chr9,136807847
ENSG00000178537.12,SLC25A20,chr3,48898992
ENSG00000104312.10,RIPK2,chr8,89757732
ENSG00000173145.13,NOC3L,chr10,94362981
ENSG00000198000.14,NOL8,chr9,92325635
ENSG00000127415.15,IDUA,chr4,986996
ENSG00000154582.20,ELOC,chr8,73972310
ENSG00000280778.1,ENSG00000280778,chr1,145927257
ENSG00000138095.22,LRPPRC,chr2,43996225
ENSG00000163701.21,IL17RE,chr3,9902611
ENSG00000150995.22,ITPR1,chr3,4493344
ENSG00000155755.21,TMEM237,chr2,201643569
ENSG00000145414.11,NAF1,chr4,163166935
ENSG00000082213.20,C5orf22,chr5,31532277
ENSG00000289761.1,ENSG00000289761,chr4,41143098
ENSG00000169490.19,TM2D2,chr8,38996823
ENSG00000188312.16,CENPP,chr9,92325624
ENSG00000115750.19,TAF1B,chr2,9843339
ENSG00000175606.12,TMEM70,chr8,73972436
ENSG00000172845.19,SP3,chr2,173965876
ENSG00000106066.17,CPVL,chr7,29195450
ENSG00000145041.19,DCAF1,chr3,51500096
ENSG00000137145.23,DENND4C,chr9,19230434
ENSG00000112208.13,BAG2,chr6,57172271
ENSG00000119729.14,RHOQ,chr2,46541805
ENSG00000129691.18,ASH2L,chr8,38105492
ENSG00000168615.15,ADAM9,chr8,38996753
ENSG00000000457.16,SCYL3,chr1,169894266
ENSG00000116918.17,TSNAX,chr1,231528540
ENSG00000289747.1,ENSG00000289747,chr3,195909560
ENSG00000120616.17,EPC1,chr10,32378806
ENSG00000116729.16,WLS,chr1,68233119
ENSG00000147535.19,PLPP5,chr8,38269518
ENSG00000168765.21,GSTM4,chr1,109656068
ENSG00000156931.19,VPS8,chr3,184812112
ENSG00000175416.18,CLTB,chr5,176416584
ENSG00000197279.7,ZNF165,chr6,28080275
ENSG00000275713.3,H2BC9,chr6,26251613
ENSG00000205129.11,CFAP96,chr4,185426013
ENSG00000115947.16,ORC4,chr2,148021783
ENSG00000107338.12,SHB,chr9,38069269
ENSG00000152795.20,HNRNPDL,chr4,82430493
ENSG00000160712.15,IL6R,chr1,154405140
ENSG00000158158.14,CNNM4,chr2,96760857
ENSG00000171126.9,KCNG3,chr2,42494915
ENSG00000145293.19,ENOPH1,chr4,82430356
ENSG00000118961.17,LDAH,chr2,20823129
ENSG00000118298.14,CA14,chr1,150257068
ENSG00000085832.20,EPS15,chr1,51519386
ENSG00000143952.22,VPS54,chr2,64019549
ENSG00000179603.20,GRM8,chr7,127253092
ENSG00000055211.16,GINM1,chr6,149566189
ENSG00000146574.18,CCZ1B,chr7,6826769
ENSG00000087008.18,ACOX3,chr4,8440749
ENSG00000243364.9,EFNA4,chr1,155063717
ENSG00000142731.13,PLK4,chr4,127880889
ENSG00000197275.16,RAD54B,chr8,94475133
ENSG00000083937.11,CHMP2B,chr3,87227257
ENSG00000075975.19,MKRN2,chr3,12557010
ENSG00000109519.16,GRPEL1,chr4,7068144
ENSG00000114054.16,PCCB,chr3,136250313
ENSG00000183513.11,COA5,chr2,98608541
ENSG00000270106.6,TSNAX-DISC1,chr1,231528652
ENSG00000078967.15,UBE2D4,chr7,43925798
ENSG00000287856.1,ENSG00000287856,chr1,231528602
ENSG00000186501.17,TMEM222,chr1,27322138
ENSG00000172888.13,ZNF621,chr3,40524876
ENSG00000065518.10,NDUFB4,chr3,120596272
ENSG00000127946.19,HIP1,chr7,75739060
ENSG00000104756.18,KCTD9,chr8,25458475
ENSG00000165028.14,NIPSNAP3B,chr9,104763726
ENSG00000148346.14,LCN2,chr9,128149070
ENSG00000128513.18,POT1,chr7,124929982
ENSG00000171862.16,PTEN,chr10,87862637
ENSG00000109775.13,UFSP2,chr4,185425986
ENSG00000165282.18,PIGO,chr9,35096631
ENSG00000113360.19,DROSHA,chr5,31533185
ENSG00000002745.14,WNT16,chr7,121325366
ENSG00000057935.16,MTA3,chr2,42494568
ENSG00000126709.17,IFI6,chr1,27672211
ENSG00000251503.8,CENPS-CORT,chr1,10430101
ENSG00000179010.18,MRFAP1,chr4,6640090
ENSG00000175984.18,DENND2C,chr1,114670450
ENSG00000197579.10,TOPORS,chr9,32552610
ENSG00000153037.17,SRP19,chr5,112861187
ENSG00000288684.1,ENSG00000288684,chr9,32552602
ENSG00000134109.12,EDEM1,chr3,5187541
ENSG00000197746.17,PSAP,chr10,71851387
ENSG00000143079.17,CTTNBP2NL,chr1,112396197
ENSG00000159388.7,BTG2,chr1,203305490
ENSG00000151881.17,TMEM267,chr5,43484475
ENSG00000143457.13,GOLPH3L,chr1,150697221
ENSG00000143797.14,MBOAT2,chr2,9003858
ENSG00000122376.14,SHLD2,chr10,87094005
ENSG00000144791.12,LIMD1,chr3,45555393
ENSG00000143882.14,ATP6V1C2,chr2,10721099
ENSG00000188060.9,RAB42,chr1,28592199
ENSG00000138780.17,GSTCD,chr4,105708773
ENSG00000144724.20,PTPRG,chr3,61561568
ENSG00000113643.11,RARS1,chr5,168486446
ENSG00000126878.15,AIF1L,chr9,131096445
ENSG00000188523.11,CFAP77,chr9,132410042
ENSG00000083312.21,TNPO1,chr5,72816311
ENSG00000189195.17,BTBD8,chr1,92080304
ENSG00000116260.18,QSOX1,chr1,180154805
ENSG00000205060.13,SLC35B4,chr7,134317116
ENSG00000075391.20,RASAL2,chr1,178093673
ENSG00000182134.19,TDRKH,chr1,151791415
ENSG00000120333.6,MRPS14,chr1,175023470
ENSG00000106123.15,EPHB6,chr7,142854808
ENSG00000196189.16,SEMA4A,chr1,156147365
ENSG00000288677.2,HRURF,chr8,22131009
ENSG00000113916.19,BCL6,chr3,187745724
ENSG00000198721.15,ECI2,chr6,4135634
ENSG00000136938.11,ANP32B,chr9,97983125
ENSG00000158525.16,CPA5,chr7,130344815
ENSG00000135974.13,C2orf49,chr2,105337515
ENSG00000148110.19,SLC71A2,chr9,94374402
ENSG00000135537.19,AFG1L,chr6,108294891
ENSG00000117523.19,PRRC2C,chr1,171485529
ENSG00000155918.9,RAET1L,chr6,150025566
ENSG00000144395.19,CCDC150,chr2,196639553
ENSG00000138443.19,ABI2,chr2,203328212
ENSG00000272896.1,ENSG00000272896,chr9,136791378
ENSG00000128567.19,PODXL,chr7,131558216
ENSG00000232112.5,TMA7,chr3,48440212
ENSG00000163933.13,RFT1,chr3,53130660
ENSG00000147459.19,DOCK5,chr8,25184341
ENSG00000217236.3,SP9,chr2,174334947
ENSG00000153147.8,SMARCA5,chr4,143513444
ENSG00000198130.18,HIBCH,chr2,190344192
ENSG00000142856.20,ITGB3BP,chr1,63593720
ENSG00000183808.14,RBM12B,chr8,93741097
ENSG00000289565.1,ENSG00000289565,chr1,145926740
ENSG00000005108.18,THSD7A,chr7,11832449
ENSG00000172380.8,GNG12,chr1,67833810
ENSG00000137200.15,CMTR1,chr6,37433093
ENSG00000157654.21,PALM2AKAP2,chr9,109498324
ENSG00000172164.16,SNTB1,chr8,120813272
ENSG00000205808.7,PLPP6,chr9,4662293
ENSG00000196670.15,ZFP62,chr5,180861284
ENSG00000107745.22,MICU1,chr10,72626133
ENSG00000117682.20,DHDDS,chr1,26432272
ENSG00000174721.11,FGFBP3,chr10,91909505
ENSG00000168887.13,C2orf68,chr2,85612065
ENSG00000165997.7,ARL5B,chr10,18659303
ENSG00000070159.16,PTPN3,chr9,109498342
ENSG00000241058.5,NSUN6,chr10,18659284
ENSG00000171314.11,PGAM1,chr10,97426104
ENSG00000138698.17,RAP1GDS1,chr4,98260921
ENSG00000198087.9,CD2AP,chr6,47477731
ENSG00000164919.13,COX6C,chr8,99893761
ENSG00000189077.13,TMEM120A,chr7,75994668
ENSG00000146007.13,ZMAT2,chr5,140698679
ENSG00000153898.15,MCOLN2,chr1,84997138
ENSG00000118816.14,CCNI,chr4,77076318
ENSG00000115318.14,LOXL3,chr2,74555717
ENSG00000186409.20,CCDC30,chr1,42463220
ENSG00000160563.16,MED27,chr9,132079895
ENSG00000162980.19,ARL5A,chr2,151828530
ENSG00000186625.16,KATNA1,chr6,149648971
ENSG00000144747.19,TMF1,chr3,69052381
ENSG00000130305.19,NSUN5,chr7,73308866
ENSG00000137166.20,FOXP4,chr6,41546340
ENSG00000277157.2,H4C4,chr6,26189111
ENSG00000162688.19,AGL,chr1,99849776
ENSG00000133055.12,MYBPH,chr1,203175879
ENSG00000161204.14,ABCF3,chr3,184186094
ENSG00000112031.18,MTRF1L,chr6,153002801
ENSG00000091073.22,DTX2,chr7,76461655
ENSG00000106367.17,AP1S1,chr7,101154351
ENSG00000131023.15,LATS1,chr6,149718260
ENSG00000174945.16,AMZ1,chr7,2679275
ENSG00000134851.15,TMEM165,chr4,55395623
ENSG00000168958.23,MFF,chr2,227325150
ENSG00000003756.19,RBM5,chr3,50088897
ENSG00000137947.14,GTF2B,chr1,88891943
ENSG00000143799.16,PARP1,chr1,226408153
ENSG00000244187.10,TMEM141,chr9,136791302
ENSG00000121039.12,RDH10,chr8,73294242
ENSG00000121903.17,ZSCAN20,chr1,33472466
ENSG00000152492.17,CCDC50,chr3,191329021
ENSG00000072274.16,TFRC,chr3,196082161
ENSG00000057663.18,ATG5,chr6,106326476
ENSG00000251246.1,EFNA4-EFNA3,chr1,155063747
ENSG00000148218.18,ALAD,chr9,113401355
ENSG00000189241.9,TSPYL1,chr6,116279929
ENSG00000154764.7,WNT7A,chr3,13880103
ENSG00000077157.25,PPP1R12B,chr1,202348665
ENSG00000137070.21,IL11RA,chr9,34651581
ENSG00000272047.6,GTF2H5,chr6,158167748
ENSG00000084090.16,STARD7,chr2,96208853
ENSG00000164051.16,CCDC51,chr3,48440455
ENSG00000070476.17,ZXDC,chr3,126476021
ENSG00000165097.18,KDM1B,chr6,18155292
ENSG00000151725.14,CENPU,chr4,184734129
ENSG00000163320.14,CGGBP1,chr3,88149884
ENSG00000094880.13,CDC23,chr5,138213345
ENSG00000188958.12,UTS2B,chr3,191330571
ENSG00000162755.16,KLHDC9,chr1,161098342
ENSG00000189180.18,ZNF33A,chr10,38010294
ENSG00000104343.23,UBE2W,chr8,73878912
ENSG00000179021.12,C3orf38,chr3,88149646
ENSG00000154380.21,ENAH,chr1,225653333
ENSG00000276087.2,ENSG00000276087,chr2,24124365
ENSG00000112576.14,CCND3,chr6,42050356
ENSG00000196247.15,ZNF107,chr7,64666098
ENSG00000132680.13,KHDC4,chr1,155934415
ENSG00000160072.22,ATAD3B,chr1,1471741
ENSG00000104325.9,DECR1,chr8,90001329
ENSG00000113240.16,CLK4,chr5,178630614
ENSG00000143222.14,UFC1,chr1,161152775
ENSG00000142892.17,PIGK,chr1,77219507
ENSG00000079739.19,PGM1,chr1,63593150
ENSG00000096968.16,JAK2,chr9,4984389
ENSG00000130227.19,XPO7,chr8,21919544
ENSG00000152291.17,TGOLN2,chr2,85328300
ENSG00000146232.19,NFKBIE,chr6,44265787
ENSG00000112144.17,CILK1,chr6,53061895
ENSG00000132688.13,NES,chr1,156677414
ENSG00000198758.13,EPS8L3,chr1,109764061
ENSG00000119917.16,IFIT3,chr10,89327306
ENSG00000124593.16,ENSG00000124593,chr6,41780348
ENSG00000161202.22,DVL3,chr3,184155158
ENSG00000144061.16,NPHP1,chr2,110205070
ENSG00000258677.2,ENSG00000258677,chr8,73878853
ENSG00000138794.11,CASP6,chr4,109703582
ENSG00000052749.16,RRP12,chr10,97426075
ENSG00000124562.12,SNRPC,chr6,34757096
ENSG00000082781.14,ITGB5,chr3,124901417
ENSG00000188732.13,FAM221A,chr7,23680113
ENSG00000186472.22,PCLO,chr7,83162929
ENSG00000132329.13,RAMP1,chr2,237858892
ENSG00000147604.16,RPL7,chr8,73295788
ENSG00000136213.12,CHST12,chr7,2403441
ENSG00000160688.21,FLAD1,chr1,154983310
ENSG00000151292.21,CSNK1G3,chr5,123512066
ENSG00000138386.19,NAB1,chr2,190646745
ENSG00000176732.9,PFN4,chr2,24123733
ENSG00000163703.22,CRELD1,chr3,9933790
ENSG00000162542.16,TMCO4,chr1,19800499
ENSG00000178440.9,TIMM23B-AGAP6,chr10,49942055
ENSG00000171163.18,ZNF692,chr1,248859143
ENSG00000145592.16,RPL37,chr5,40835335
ENSG00000160062.17,ZBTB8A,chr1,32539133
ENSG00000187260.17,WDR86,chr7,151410726
ENSG00000235109.10,ZSCAN31,chr6,28356270
ENSG00000130193.10,THEM6,chr8,142727175
ENSG00000119414.14,PPP6C,chr9,125189938
ENSG00000160746.15,ANO10,chr3,43691593
ENSG00000152818.21,UTRN,chr6,144284851
ENSG00000136856.20,SLC2A8,chr9,127397130
ENSG00000163430.15,FSTL1,chr3,120596763
ENSG00000137364.7,TPMT,chr6,18155347
ENSG00000124802.14,EEF1E1,chr6,8102624
ENSG00000145386.13,CCNA2,chr4,121823935
ENSG00000162923.18,WDR26,chr1,224437032
ENSG00000177570.17,SAMD12,chr8,118622111
ENSG00000198860.16,TSEN15,chr1,184051628
ENSG00000011007.15,ELOA,chr1,23743152
ENSG00000136518.19,ACTL6A,chr3,179562885
ENSG00000181016.11,LSMEM1,chr7,112480852
ENSG00000286075.4,SMIM10L3,chr7,6348966
ENSG00000116815.18,CD58,chr1,116571060
ENSG00000171806.14,METTL18,chr1,169794990
ENSG00000122335.19,SERAC1,chr6,158168294
ENSG00000106384.14,MOGAT3,chr7,101201087
ENSG00000106772.21,PRUNE2,chr9,76906590
ENSG00000153044.12,CENPH,chr5,69189536
ENSG00000065183.18,WDR3,chr1,117929062
ENSG00000204152.16,TIMM23B,chr10,49942030
ENSG00000165215.6,CLDN3,chr7,73770269
ENSG00000186432.12,KPNA4,chr3,160565590
ENSG00000163251.6,FZD5,chr2,207769913
ENSG00000148688.16,RPP30,chr10,90871486
ENSG00000104611.14,SH2D4A,chr8,19313311
ENSG00000163812.18,ZDHHC3,chr3,44976281
ENSG00000132128.20,LRRC41,chr1,46303629
ENSG00000178397.14,FAM220A,chr7,6348980
ENSG00000185900.13,POMK,chr8,43093497
ENSG00000115446.14,UNC50,chr2,98608173
ENSG00000183155.7,RABIF,chr1,202889226
ENSG00000169962.6,TAS1R3,chr1,1331274
ENSG00000105849.8,POLR1F,chr7,19709065
ENSG00000163545.12,NUAK2,chr1,205321780
ENSG00000151414.17,NEK7,chr1,198156813
ENSG00000116793.18,PHTF1,chr1,113759907
ENSG00000278224.9,PRICKLE4,chr6,41780738
ENSG00000107036.14,RIC1,chr9,5628737
ENSG00000163170.14,BOLA3,chr2,74147976
ENSG00000112320.14,SOBP,chr6,107489896
ENSG00000107281.12,NPDC1,chr9,137046699
ENSG00000143514.20,TP53BP2,chr1,223846011
ENSG00000157911.13,PEX10,chr1,2413796
ENSG00000214655.12,ZSWIM8,chr10,73785548
ENSG00000044574.11,HSPA5,chr9,125261714
ENSG00000115112.10,TFCP2L1,chr2,121285262
ENSG00000213204.8,ENSG00000213204,chr6,87408011
ENSG00000107779.18,BMPR1A,chr10,86755750
ENSG00000142669.17,SH3BGRL3,chr1,26279127
ENSG00000174021.14,GNG5,chr1,84507236
ENSG00000135636.18,DYSF,chr2,71453494
ENSG00000164342.16,TLR3,chr4,186068910
ENSG00000265818.1,EEF1E1-BLOC1S5,chr6,8102529
ENSG00000060339.16,CCAR1,chr10,68721011
ENSG00000165424.9,ZCCHC24,chr10,79445672
ENSG00000112367.14,FIG4,chr6,109690608
ENSG00000145741.18,BTF3,chr5,73498407
ENSG00000243317.10,STMP1,chr7,135662471
ENSG00000120158.13,RCL1,chr9,4792880
ENSG00000096401.10,CDC5L,chr6,44387546
ENSG00000183814.18,LIN9,chr1,226309868
ENSG00000163781.16,TOPBP1,chr3,133662379
ENSG00000197147.17,LRRC8B,chr1,89524159
ENSG00000170522.12,ELOVL6,chr4,110199204
ENSG00000257315.5,ZBED6,chr1,203795622
ENSG00000123612.18,ACVR1C,chr2,157628895
ENSG00000136826.17,KLF4,chr9,107490481
ENSG00000164902.16,PHAX,chr5,126600924
ENSG00000187186.17,ENSG00000187186,chr9,34666121
ENSG00000169047.8,IRS1,chr2,226799849
ENSG00000113845.12,TIMMDC1,chr3,119498514
ENSG00000198756.13,COLGALT2,chr1,184037776
ENSG00000114744.11,COMMD2,chr3,149752494
ENSG00000156170.16,NDUFAF6,chr8,94895532
ENSG00000065413.22,ANKRD44,chr2,197311172
ENSG00000136715.21,SAP130,chr2,128028123
ENSG00000106868.19,SUSD1,chr9,112175534
ENSG00000077152.14,UBE2T,chr1,202341983
ENSG00000272602.7,ZNF595,chr4,53282
ENSG00000177383.6,MAGEF1,chr3,184712072
ENSG00000148057.18,IDNK,chr9,83623048
ENSG00000206560.13,ANKRD28,chr3,15859846
ENSG00000120733.17,KDM3B,chr5,138352675
ENSG00000121542.14,SEC22A,chr3,123201858
ENSG00000196505.13,GDAP2,chr1,117929661
ENSG00000058673.18,ZC3H11A,chr1,203795561
ENSG00000083099.13,LYRM2,chr6,89638760
ENSG00000075914.15,EXOSC7,chr3,44975240
ENSG00000114120.16,SLC25A36,chr3,140941796
ENSG00000164651.19,SP8,chr7,20786906
ENSG00000157764.16,BRAF,chr7,140925198
ENSG00000175137.13,SH3BP5L,chr1,248826521
ENSG00000106415.15,GLCCI1,chr7,7968795
ENSG00000213214.8,ARHGEF35,chr7,144195878
ENSG00000034510.8,TMSB10,chr2,84904922
ENSG00000272514.8,CFAP206,chr6,87407965
ENSG00000138814.19,PPP3CA,chr4,101348277
ENSG00000143951.18,WDPCP,chr2,63827842
ENSG00000196372.15,ASB13,chr10,5666626
ENSG00000117751.20,PPP1R8,chr1,27830762
ENSG00000197965.14,MPZL1,chr1,167721191
ENSG00000112697.19,TMEM30A,chr6,75284947
ENSG00000283967.1,TAF11L8,chr5,17590959
ENSG00000112651.14,MRPL2,chr6,43059463
ENSG00000180758.14,GPR157,chr1,9129199
ENSG00000136866.16,ZFP37,chr9,113056801
ENSG00000104427.15,ZC2HC1A,chr8,78666049
ENSG00000198435.4,NRARP,chr9,137302270
ENSG00000254087.10,LYN,chr8,55879796
ENSG00000161021.15,MAML1,chr5,179732671
ENSG00000184661.16,CDCA2,chr8,25459198
ENSG00000143256.7,PFDN2,chr1,161118069
ENSG00000106683.17,LIMK1,chr7,74082932
ENSG00000145220.16,LYAR,chr4,4290195
ENSG00000244038.12,DDOST,chr1,20661543
ENSG00000163159.17,VPS72,chr1,151195320
ENSG00000185875.15,THNSL1,chr10,25016573
ENSG00000152990.16,ADGRA3,chr4,22516130
ENSG00000168826.18,ZBTB49,chr4,4290220
ENSG00000135763.12,URB2,chr1,229625854
ENSG00000155085.17,AK9,chr6,109691228
ENSG00000112761.23,CCN6,chr6,112043814
ENSG00000204147.12,ASAH2B,chr10,50739317
ENSG00000128654.16,MTX2,chr2,176269394
ENSG00000135040.18,NAA35,chr9,85941001
ENSG00000117475.16,BLZF1,chr1,169367966
ENSG00000284762.1,PDE8B,chr5,77086731
ENSG00000138246.18,DNAJC13,chr3,132417487
ENSG00000146070.19,PLA2G7,chr6,46735727
ENSG00000120963.14,ZNF706,chr8,101207084
ENSG00000197217.15,ENTPD4,chr8,23457721
ENSG00000123545.8,NDUFAF4,chr6,96897896
ENSG00000158793.16,NIT1,chr1,161118081
ENSG00000053371.15,AKR7A2,chr1,19312148
ENSG00000048707.16,VPS13D,chr1,12230006
ENSG00000182197.14,EXT1,chr8,118111898
ENSG00000119041.13,GTF3C3,chr2,196799742
ENSG00000154511.14,DIPK1A,chr1,92961521
ENSG00000163624.8,CDS1,chr4,84582854
ENSG00000198315.13,ZKSCAN8,chr6,28141731
ENSG00000143156.16,NME7,chr1,169367974
ENSG00000168811.9,IL12A,chr3,159988829
ENSG00000132780.19,NASP,chr1,45583575
ENSG00000160752.17,FDPS,chr1,155304785
ENSG00000114302.19,PRKAR2A,chr3,48847893
ENSG00000244623.2,OR2AE1,chr7,99877032
ENSG00000158079.17,PTPDC1,chr9,94030793
ENSG00000165219.25,GAPVD1,chr9,125261779
ENSG00000106477.22,CEP41,chr7,130442432
ENSG00000131375.12,CAPN7,chr3,15206111
ENSG00000112679.16,DUSP22,chr6,291629
ENSG00000145781.11,COMMD10,chr5,116084974
ENSG00000162735.21,PEX19,chr1,160286347
ENSG00000179902.15,CFAP276,chr1,109113856
ENSG00000116954.10,RRAGC,chr1,38859771
ENSG00000106852.17,LHX6,chr9,122229625
ENSG00000116898.14,MRPS15,chr1,36464417
ENSG00000164983.11,TMEM65,chr8,124372710
ENSG00000172456.20,FGGY,chr1,59295909
ENSG00000170615.17,SLC26A5,chr7,103446211
ENSG00000066583.14,ISOC1,chr5,129094697
ENSG00000169919.19,GUSB,chr7,65982703
ENSG00000129810.17,SGO1,chr3,20186799
ENSG00000106392.13,C1GALT1,chr7,7156933
ENSG00000130347.15,RTN4IP1,chr6,106629502
ENSG00000291237.3,SOD2,chr6,159762528
ENSG00000095380.13,NANS,chr9,98056636
ENSG00000143772.13,ITPKB,chr1,226739449
ENSG00000035687.11,ADSS2,chr1,244452101
ENSG00000169570.12,DTWD2,chr5,118988561
ENSG00000176986.18,SEC24C,chr10,73744347
ENSG00000132846.8,ZBED3,chr5,77087360
ENSG00000163558.15,PRKCI,chr3,170222123
ENSG00000203705.13,TATDN3,chr1,212791827
ENSG00000091732.20,ZC3HC1,chr7,130051400
ENSG00000164574.18,GALNT10,chr5,154189987
ENSG00000188428.22,BLOC1S5,chr6,8064418
ENSG00000259040.5,BLOC1S5-TXNDC5,chr6,8064363
ENSG00000238227.10,TMEM250,chr9,136118945
ENSG00000152413.17,HOMER1,chr5,79514572
ENSG00000198400.15,NTRK1,chr1,156815635
ENSG00000171863.17,RPS7,chr2,3575197
ENSG00000147419.21,CCDC25,chr8,27772654
ENSG00000138002.18,IFT172,chr2,27489838
ENSG00000243989.11,ACY1,chr3,51983046
ENSG00000213047.15,DENND1B,chr1,197775705
ENSG00000160818.18,GPATCH4,chr1,156601495
ENSG00000123552.20,USP45,chr6,99521727
ENSG00000172594.15,SMPDL3A,chr6,122788455
ENSG00000250312.9,ZNF718,chr4,124455
ENSG00000135318.14,NT5E,chr6,85449583
ENSG00000112837.18,TBX18,chr6,84764612
ENSG00000144504.18,ANKMY1,chr2,240569208
ENSG00000090273.16,NUDC,chr1,26900237
ENSG00000164347.20,GFM2,chr5,74767154
ENSG00000169972.15,PUSL1,chr1,1308546
ENSG00000137288.12,UQCC2,chr6,33711747
ENSG00000249141.1,ENSG00000249141,chr6,166956123
ENSG00000117697.17,NSL1,chr1,212791798
ENSG00000133835.20,HSD17B4,chr5,119452464
ENSG00000112992.20,NNT,chr5,43602583
ENSG00000143147.17,GPR161,chr1,168137684
ENSG00000148343.21,MIGA2,chr9,129036613
ENSG00000156795.10,NTAQ1,chr8,123416719
ENSG00000198746.15,GPATCH3,chr1,26900477
ENSG00000176406.26,RIMS2,chr8,103499637
ENSG00000015568.15,RGPD5,chr2,109792757
ENSG00000123240.19,OPTN,chr10,13099441
ENSG00000196542.11,SPTSSB,chr3,161372940
ENSG00000198917.15,SPOUT1,chr9,128829837
ENSG00000204120.18,GIGYF2,chr2,232697258
ENSG00000021826.20,CPS1,chr2,210477640
ENSG00000130348.13,QRSL1,chr6,106629565
ENSG00000174606.16,ANGEL2,chr1,213015876
ENSG00000078403.19,MLLT10,chr10,21524583
ENSG00000115365.15,LANCL1,chr2,210477651
ENSG00000112874.12,NUDT12,chr5,103562816
ENSG00000086300.19,SNX10,chr7,26291850
ENSG00000122484.11,RPAP2,chr1,92299009
ENSG00000107341.7,UBE2R2,chr9,33817159
ENSG00000197548.15,ATG7,chr3,11272308
ENSG00000174842.19,GLMN,chr1,92299008
ENSG00000158966.18,CACHD1,chr1,64469764
ENSG00000156521.16,TYSND1,chr10,70146719
ENSG00000274290.3,H2BC6,chr6,26172058
ENSG00000277775.2,H3C7,chr6,26250634
ENSG00000136636.15,KCTD3,chr1,215567021
ENSG00000042493.18,CAPG,chr2,85422016
ENSG00000099250.20,NRP1,chr10,33336261
ENSG00000114670.16,NEK11,chr3,131026844
ENSG00000116990.13,MYCL,chr1,39902255
ENSG00000128708.15,HAT1,chr2,171922403
ENSG00000172339.12,ALG14,chr1,95072982
ENSG00000197852.13,INKA2,chr1,111755823
ENSG00000112379.11,ARFGEF3,chr6,138161691
ENSG00000271425.10,NBPF10,chr1,146228999
ENSG00000225830.18,ERCC6,chr10,49539537
ENSG00000146281.8,PM20D2,chr6,89145998
ENSG00000018699.15,TTC27,chr2,32628018
ENSG00000206559.10,ZCWPW2,chr3,28348696
ENSG00000164346.12,NSA2,chr5,74766981
ENSG00000096872.19,IFT74,chr9,26947038
ENSG00000136933.19,RABEPK,chr9,125189185
ENSG00000213079.12,SCAF8,chr6,154733377
ENSG00000164062.15,APEH,chr3,49673817
ENSG00000050327.17,ARHGEF5,chr7,144355287
ENSG00000221986.9,MYBPHL,chr1,109307212
ENSG00000186364.14,NUDT17,chr1,145845602
ENSG00000164535.17,DAGLB,chr7,6484189
ENSG00000164086.11,DUSP7,chr3,52056576
ENSG00000104361.12,NIPAL2,chr8,98294605
ENSG00000130560.11,UBAC1,chr9,135961399
ENSG00000119514.9,GALNT12,chr9,98807612
ENSG00000090989.20,EXOC1,chr4,55853627
ENSG00000155792.12,DEPTOR,chr8,119873669
ENSG00000163900.13,TMEM41A,chr3,185499095
ENSG00000240184.8,PCDHGC3,chr5,141475928
ENSG00000058804.14,NDC1,chr1,53838581
ENSG00000156802.15,ATAD2,chr8,123416349
ENSG00000176101.14,SSNA1,chr9,137188639
ENSG00000272886.8,DCP1A,chr3,53347682
ENSG00000165171.13,METTL27,chr7,73842539
ENSG00000235453.14,SMIM27,chr9,32551143
ENSG00000181555.24,SETD2,chr3,47164147
ENSG00000096384.22,HSP90AB1,chr6,44237394
ENSG00000106144.22,CASP2,chr7,143288214
ENSG00000124596.19,OARD1,chr6,41097786
ENSG00000135801.13,TAF5L,chr1,229626133
ENSG00000072201.16,LNX1,chr4,53701404
ENSG00000081041.11,CXCL2,chr4,74099195
ENSG00000165283.18,STOML2,chr9,35103194
ENSG00000136240.12,KDELR2,chr7,6484223
ENSG00000115884.13,SDC1,chr2,20225511
ENSG00000114779.22,ABHD14B,chr3,51983408
ENSG00000170312.19,CDK1,chr10,60778311
ENSG00000137055.17,PLAA,chr9,26947494
ENSG00000284465.1,TAF11L7,chr5,17585757
ENSG00000264343.9,NOTCH2NLA,chr1,146229072
ENSG00000126070.22,AGO3,chr1,35930695
ENSG00000173542.10,MOB1B,chr4,70901943
ENSG00000143621.19,ILF2,chr1,153671027
ENSG00000155975.12,VPS37A,chr8,17246895
ENSG00000163513.22,TGFBR2,chr3,30606477
ENSG00000164306.13,PRIMPOL,chr4,184648460
ENSG00000151468.13,CCDC3,chr10,13099651
ENSG00000086062.16,B4GALT1,chr9,33167398
ENSG00000155097.14,ATP6V1C1,chr8,103021049
ENSG00000284989.1,ENSG00000284989,chr1,43650148
ENSG00000288529.1,ENSG00000288529,chr6,133953303
ENSG00000121775.20,TMEM39B,chr1,32072030
ENSG00000122406.16,RPL5,chr1,92831989
ENSG00000283563.1,ENSG00000283563,chr3,28349177
ENSG00000173852.18,DPY19L1,chr7,35038270
ENSG00000163947.14,ARHGEF3,chr3,57079328
ENSG00000138068.13,SULT6B1,chr2,37196597
ENSG00000133627.20,ACTR3B,chr7,152759730
ENSG00000116299.19,ELAPOR1,chr1,109113174
ENSG00000136628.20,EPRS1,chr1,220046668
ENSG00000145491.14,ROPN1L,chr5,10441523
ENSG00000163453.13,IGFBP7,chr4,57110920
ENSG00000163512.16,AZI2,chr3,28349053
ENSG00000157510.16,AFAP1L1,chr5,149271785
ENSG00000163499.14,CRYBA2,chr2,218994269
ENSG00000148399.15,DPH7,chr9,137578935
ENSG00000065615.16,CYB5R4,chr6,83859640
ENSG00000160271.18,RALGDS,chr9,133149439
ENSG00000142676.16,RPL11,chr1,23691684
ENSG00000163581.16,SLC2A2,chr3,171026774
ENSG00000152359.17,POC5,chr5,75717452
ENSG00000197386.15,HTT,chr4,3041362
ENSG00000147649.12,MTDH,chr8,97643611
ENSG00000181218.6,H2AC25,chr1,228457872
ENSG00000095015.8,MAP3K1,chr5,56815380
ENSG00000173846.16,PLK3,chr1,44799914
ENSG00000168237.20,GLYCTK,chr3,52286944
ENSG00000181274.8,FRAT2,chr10,97334728
ENSG00000272410.5,ENSG00000272410,chr3,10249371
ENSG00000211452.13,DIO1,chr1,53891238
ENSG00000116106.14,EPHA4,chr2,221574201
ENSG00000198467.18,TPM2,chr9,35691115
ENSG00000169714.19,CNBP,chr3,129184007
ENSG00000197008.11,ZNF138,chr7,64794373
ENSG00000198612.13,COPS8,chr2,237085876
ENSG00000163501.8,IHH,chr2,219061063
ENSG00000265491.7,RNF115,chr1,145824133
ENSG00000135929.11,CYP27A1,chr2,218781687
ENSG00000120159.15,CAAP1,chr9,26892823
ENSG00000168389.20,MFSD2A,chr1,39955111
ENSG00000173171.16,MTX1,chr1,155208694
ENSG00000014824.16,SLC30A9,chr4,41990491
ENSG00000095564.17,BTAF1,chr10,91923757
ENSG00000137210.16,TMEM14B,chr6,10747694
ENSG00000116266.13,STXBP3,chr1,108746605
ENSG00000291316.1,TMEM276-ZFTRAF1,chr8,144465429
ENSG00000213927.4,CCL27,chr9,34664047
ENSG00000164040.19,PGRMC2,chr4,128288833
ENSG00000058063.19,ATP11B,chr3,182793465
ENSG00000176248.11,ANAPC2,chr9,137189027
ENSG00000122678.19,POLM,chr7,44082984
ENSG00000114127.13,XRN1,chr3,142448086
ENSG00000104549.14,SQLE,chr8,124998466
ENSG00000138073.16,PREB,chr2,27134688
ENSG00000121989.17,ACVR2A,chr2,147844377
ENSG00000115685.17,PPP1R7,chr2,241149548
ENSG00000269897.5,COMMD3-BMI1,chr10,22316387
ENSG00000085514.17,PILRA,chr7,100367529
ENSG00000168495.15,POLR3D,chr8,22245077
ENSG00000143207.23,COP1,chr1,176207522
ENSG00000196890.5,H2BC26,chr1,228458102
ENSG00000171492.16,LRRC8D,chr1,89820972
ENSG00000085449.17,WDFY1,chr2,223945356
ENSG00000170745.14,KCNS3,chr2,17877846
ENSG00000164091.14,WDR82,chr3,52288019
ENSG00000177873.16,ZNF619,chr3,40477104
ENSG00000177842.14,ZNF620,chr3,40477104
ENSG00000187123.17,LYPD6,chr2,149329984
ENSG00000145050.20,MANF,chr3,51385254
ENSG00000145817.19,YIPF5,chr5,144170713
ENSG00000114126.20,TFDP2,chr3,142149597
ENSG00000239305.9,RNF103,chr2,86623899
ENSG00000071205.14,ARHGAP10,chr4,147731921
ENSG00000095203.17,EPB41L4B,chr9,109321067
ENSG00000147471.14,PLPBP,chr8,37762579
ENSG00000075539.17,FRYL,chr4,48780321
ENSG00000142794.21,NBPF3,chr1,21439852
ENSG00000137992.17,DBT,chr1,100249872
ENSG00000186470.16,BTN3A2,chr6,26365158
ENSG00000157426.16,AASDH,chr4,56387522
ENSG00000216937.15,CCDC7,chr10,32446102
ENSG00000171357.7,LURAP1,chr1,46203190
ENSG00000146425.13,DYNLT1,chr6,158644770
ENSG00000086619.16,ERO1B,chr1,236282018
ENSG00000034533.14,ASTE1,chr3,131027648
ENSG00000286019.5,NOTCH2NLB,chr1,148679751
ENSG00000186141.12,POLR3C,chr1,145823775
ENSG00000198791.14,CNOT7,chr8,17247725
ENSG00000138180.18,CEP55,chr10,93496576
ENSG00000172493.25,AFF1,chr4,86934202
ENSG00000115275.16,MOGS,chr2,74465414
ENSG00000270629.8,NBPF14,chr1,148679741
ENSG00000109381.23,ELF2,chr4,139177279
ENSG00000162377.8,COA7,chr1,52698368
ENSG00000162512.18,SDC3,chr1,30908812
ENSG00000107262.27,BAG1,chr9,33264719
ENSG00000157184.9,CPT2,chr1,53196769
ENSG00000121486.14,TRMT1L,chr1,185157071
ENSG00000106605.13,BLVRA,chr7,43758008
ENSG00000013375.19,PGM3,chr6,83194004
ENSG00000117640.20,MTFR1L,chr1,25818639
ENSG00000129295.12,DNAAF11,chr8,132675621
ENSG00000163655.18,GMPS,chr3,155870466
ENSG00000092853.16,CLSPN,chr1,35770001
ENSG00000183775.12,KCTD16,chr5,144170843
ENSG00000122641.13,INHBA,chr7,41705833
ENSG00000120149.10,MSX2,chr5,174724550
ENSG00000186001.16,LRCH3,chr3,197791225
ENSG00000172780.19,RAB43,chr3,129123693
ENSG00000112033.16,PPARD,chr6,35342529
ENSG00000137074.22,APTX,chr9,33025175
ENSG00000286239.1,ENSG00000286239,chr2,223945298
ENSG00000144554.15,FANCD2,chr3,10026369
ENSG00000114933.18,INO80D,chr2,206086307
ENSG00000042445.16,RETSAT,chr2,85354654
ENSG00000187583.13,PLEKHN1,chr1,966436
ENSG00000108187.18,PBLD,chr10,68334113
ENSG00000026297.19,RNASET2,chr6,166957447
ENSG00000077684.18,JADE1,chr4,128809575
ENSG00000196352.20,CD55,chr1,207321170
ENSG00000107021.19,TBC1D13,chr9,128787226
ENSG00000112130.19,RNF8,chr6,37353969
ENSG00000196968.12,POFUT4,chr10,73772270
ENSG00000113119.15,TMCO6,chr5,140639395
ENSG00000157193.20,LRP8,chr1,53328468
ENSG00000137955.18,RABGGTB,chr1,75786170
ENSG00000163872.18,YEATS2,chr3,183697747
ENSG00000155858.7,LSM11,chr5,157743705
ENSG00000168395.18,ING5,chr2,241687084
ENSG00000116560.13,SFPQ,chr1,35193445
ENSG00000117010.19,ZNF684,chr1,40531556
ENSG00000086061.18,DNAJA1,chr9,33025202
ENSG00000160710.21,ADAR,chr1,154628012
ENSG00000155380.15,SLC16A1,chr1,112957592
ENSG00000168393.15,DTYMK,chr2,241686980
ENSG00000118804.10,STBD1,chr4,76306274
ENSG00000143374.20,TARS2,chr1,150487324
ENSG00000135604.13,STX11,chr6,144149969
ENSG00000164168.10,TMEM184C,chr4,147617373
ENSG00000058799.17,YIPF1,chr1,53890682
ENSG00000121644.21,DESI2,chr1,244652934
ENSG00000119977.24,TCTN3,chr10,95694142
ENSG00000137040.11,RANBP6,chr9,6015638
ENSG00000158163.17,DZIP1L,chr3,138115856
ENSG00000144283.25,PKP4,chr2,158456894
ENSG00000168538.18,TRAPPC11,chr4,183659266
ENSG00000181472.7,ZBTB2,chr6,151391699
ENSG00000289763.1,ENSG00000289763,chr3,10249041
ENSG00000133065.13,SLC41A1,chr1,205813766
ENSG00000136819.17,C9orf78,chr9,129835862
ENSG00000111837.12,MAK,chr6,10838552
ENSG00000137460.12,FHDC1,chr4,152935879
ENSG00000106462.14,EZH2,chr7,148884624
ENSG00000152932.9,RAB3C,chr5,58582220
ENSG00000179862.7,CITED4,chr1,40862362
ENSG00000053372.7,MRTO4,chr1,19251554
ENSG00000118997.15,DNAH7,chr2,196068847
ENSG00000096717.14,SIRT1,chr10,67884646
ENSG00000148444.18,COMMD3,chr10,22315979
ENSG00000148429.17,USP6NL,chr10,11611806
ENSG00000182552.16,RWDD4,chr4,183659202
ENSG00000198363.20,ASPH,chr8,61714821
ENSG00000114270.19,COL7A1,chr3,48595595
ENSG00000113302.7,IL12B,chr5,159330862
ENSG00000196233.16,LCOR,chr10,96831802
ENSG00000115459.20,ELMOD3,chr2,85354393
ENSG00000142686.9,C1orf216,chr1,35718893
ENSG00000143971.11,ETAA1,chr2,67397314
ENSG00000272162.1,ENSG00000272162,chr6,10747793
ENSG00000286185.1,ENSG00000286185,chr1,149390622
ENSG00000178403.4,NEUROG2,chr4,112516179
ENSG00000181004.11,BBS12,chr4,122732652
ENSG00000144843.14,ADPRH,chr3,119579267
ENSG00000198042.13,MAK16,chr8,33484695
ENSG00000136770.13,DNAJC1,chr10,22003768
ENSG00000013810.23,TACC3,chr4,1712857
ENSG00000162664.19,ZNF326,chr1,89995109
ENSG00000105982.19,RNF32,chr7,156640280
ENSG00000168556.8,ING2,chr4,183504753
ENSG00000106829.23,TLE4,chr9,79571772
ENSG00000163755.11,HPS3,chr3,149129601
ENSG00000035681.12,NSMAF,chr8,58659996
ENSG00000081386.15,ZNF510,chr9,96778128
ENSG00000127463.18,EMC1,chr1,19251551
ENSG00000137413.18,TAF8,chr6,42050512
ENSG00000184220.13,CMSS1,chr3,99817822
ENSG00000119777.22,TMEM214,chr2,27032909
ENSG00000153140.11,CETN3,chr5,90409792
ENSG00000145632.17,PLK2,chr5,58460138
ENSG00000135926.17,TMBIM1,chr2,218292588
ENSG00000205302.9,SNX2,chr5,122774979
ENSG00000152495.13,CAMK4,chr5,111223652
ENSG00000135525.21,MAP7,chr6,136550867
ENSG00000145920.17,CPLX2,chr5,175796305
ENSG00000145982.15,FARS2,chr6,5261006
ENSG00000254126.9,CD8B2,chr2,106487349
ENSG00000171467.18,ZNF318,chr6,43369686
ENSG00000148411.10,NACC2,chr9,136095326
ENSG00000066135.15,KDM4A,chr1,43649255
ENSG00000133678.16,TMEM254,chr10,80078640
ENSG00000144730.21,IL17RD,chr3,57170305
ENSG00000157077.18,ZFYVE9,chr1,52141882
ENSG00000143507.20,DUSP10,chr1,221743168
ENSG00000176393.13,RNPEP,chr1,201982371
ENSG00000162402.17,USP24,chr1,55215752
ENSG00000142784.18,WDTC1,chr1,27233775
ENSG00000163848.23,ZNF148,chr3,125375841
ENSG00000134852.17,CLOCK,chr4,55547490
ENSG00000214021.20,TTLL3,chr3,9808085
ENSG00000196693.17,ZNF33B,chr10,42638862
ENSG00000113269.16,RNF130,chr5,180072150
ENSG00000183621.17,ZNF438,chr10,31032109
ENSG00000175193.16,PARL,chr3,183884932
ENSG00000113300.15,CNOT6,chr5,180494333
ENSG00000253368.6,TRNP1,chr1,26993648
ENSG00000075073.17,TACR2,chr10,69416922
ENSG00000113790.13,EHHADH,chr3,185281989
ENSG00000064703.15,DDX20,chr1,111754831
ENSG00000156990.16,RPUSD3,chr3,9844601
ENSG00000143149.15,ALDH9A1,chr1,165698598
ENSG00000143373.20,ZNF687,chr1,151281501
ENSG00000283765.1,ENSG00000283765,chr3,183884888
ENSG00000150722.13,PPP1R1C,chr2,181954240
ENSG00000186827.13,TNFRSF4,chr1,1214152
ENSG00000055332.21,EIF2AK2,chr2,37157687
ENSG00000181788.6,SIAH2,chr3,150763495
ENSG00000174567.10,GOLT1A,chr1,204214120
ENSG00000096080.14,MRPS18A,chr6,43687953
ENSG00000109265.17,CRACD,chr4,56049090
ENSG00000121594.14,CD80,chr3,119580615
ENSG00000169499.17,PLEKHA2,chr8,38901023
ENSG00000130720.15,FIBCD1,chr9,130941231
ENSG00000136717.17,BIN1,chr2,127107555
ENSG00000117262.21,GPR89A,chr1,145607974
ENSG00000114491.16,UMPS,chr3,124730432
ENSG00000134248.16,LAMTOR5,chr1,110407962
ENSG00000107290.16,SETX,chr9,132355116
ENSG00000206077.15,ZDHHC11B,chr5,784728
ENSG00000244474.7,UGT1A4,chr2,233718726
ENSG00000026950.20,BTN3A1,chr6,26402236
ENSG00000214113.13,LYRM4,chr6,5261430
ENSG00000136002.23,ARHGEF4,chr2,130836863
ENSG00000131558.18,EXOC4,chr7,133253053
ENSG00000130653.18,PNPLA7,chr9,137550559
ENSG00000115616.5,SLC9A2,chr2,102619277
ENSG00000116977.21,LGALS8,chr1,236517999
ENSG00000237190.5,CDKN2AIPNL,chr5,134411901
ENSG00000203985.13,LDLRAD1,chr1,54018193
ENSG00000115364.16,MRPL19,chr2,75646776
ENSG00000086065.16,CHMP5,chr9,33264016
ENSG00000138495.9,COX17,chr3,119677620
ENSG00000083168.13,KAT6A,chr8,42051997
ENSG00000131368.11,MRPS25,chr3,15065338
ENSG00000276180.3,H4C9,chr6,27139281
ENSG00000163820.18,FYCO1,chr3,45995844
ENSG00000106636.11,YKT6,chr7,44200958
ENSG00000117408.13,IPO13,chr1,43946671
ENSG00000144048.14,DUSP11,chr2,73780172
ENSG00000138750.18,NUP54,chr4,76148508
ENSG00000196517.15,SLC6A9,chr1,44031766
ENSG00000180370.12,PAK2,chr3,196739742
ENSG00000147439.16,BIN3,chr8,22669147
ENSG00000286219.3,NOTCH2NLC,chr1,149390533
ENSG00000143994.16,ABHD1,chr2,27123788
ENSG00000104765.18,BNIP3L,chr8,26383030
ENSG00000130762.17,ARHGEF16,chr1,3454549
ENSG00000116704.10,SLC35D1,chr1,67054399
ENSG00000160862.15,AZGP1,chr7,99976073
ENSG00000078269.16,SYNJ2,chr6,157981823
ENSG00000165684.8,SNAPC4,chr9,136400225
ENSG00000134470.23,IL15RA,chr10,5978186
ENSG00000205143.7,ARID3C,chr9,34630502
ENSG00000198648.14,STK39,chr2,168247893
ENSG00000143674.13,MAP3K21,chr1,233327647
ENSG00000067334.15,DNTTIP2,chr1,93879917
ENSG00000163389.14,POGLUT1,chr3,119468790
ENSG00000009950.18,MLXIPL,chr7,73624574
ENSG00000039319.19,ZFYVE16,chr5,80407148
ENSG00000118564.17,FBXL5,chr4,15681678
ENSG00000122085.19,MTERF4,chr2,241102331
ENSG00000111816.10,FRK,chr6,116061092
ENSG00000173926.8,MARCHF3,chr5,127031651
ENSG00000104442.12,ARMC1,chr8,65634216
ENSG00000167081.20,PBX3,chr9,125746682
ENSG00000237765.10,FAM200B,chr4,15681505
ENSG00000114805.20,PLCH1,chr3,155745093
ENSG00000165264.13,NDUFB6,chr9,32573188
ENSG00000112312.12,GMNN,chr6,24774891
ENSG00000145882.13,PCYOX1L,chr5,149357997
ENSG00000144713.15,RPL32,chr3,12841586
ENSG00000198964.16,SGMS1,chr10,50625188
ENSG00000214114.11,MYCBP,chr1,38873387
ENSG00000143669.17,LYST,chr1,235883723
ENSG00000168658.21,VWA3B,chr2,98087115
ENSG00000132424.19,PNISR,chr6,99425962
ENSG00000153237.21,CCDC148,chr2,158456775
ENSG00000115363.16,EVA1A,chr2,75647196
ENSG00000162409.14,PRKAA2,chr1,56645205
ENSG00000154122.16,ANKH,chr5,14871948
ENSG00000205268.13,PDE7A,chr8,65842572
ENSG00000112773.18,TENT5A,chr6,81752773
ENSG00000197323.14,TRIM33,chr1,114511243
ENSG00000173214.8,SLC60A2,chr6,111259326
ENSG00000173531.17,MST1,chr3,49689500
ENSG00000144357.20,UBR3,chr2,169827395
ENSG00000079246.18,XRCC5,chr2,216107463
ENSG00000112195.10,TREML2,chr6,41201148
ENSG00000177943.16,MAMDC4,chr9,136850942
ENSG00000162407.11,PLPP3,chr1,56645300
ENSG00000164674.19,SYTL3,chr6,158644386
ENSG00000164244.23,PRRC1,chr5,127517616
ENSG00000013392.10,RWDD2A,chr6,83193336
ENSG00000176142.15,TMEM39A,chr3,119468853
ENSG00000288674.1,ENSG00000288674,chr1,226870183
ENSG00000143801.20,PSEN2,chr1,226870183
ENSG00000164659.17,ELAPOR2,chr7,87059709
ENSG00000115310.21,RTN4,chr2,55112620
ENSG00000119403.17,PHF19,chr9,120894902
ENSG00000186480.15,INSIG1,chr7,155296730
ENSG00000138801.11,PAPSS1,chr4,107720394
ENSG00000152455.18,SUV39H2,chr10,14878322
ENSG00000131732.14,ZCCHC9,chr5,81301579
ENSG00000143450.19,OAZ3,chr1,151762898
ENSG00000163633.14,C4orf36,chr4,86892812
ENSG00000119523.12,ALG2,chr9,99221991
ENSG00000166224.20,SGPL1,chr10,70815898
ENSG00000106628.15,POLD2,chr7,44124406
ENSG00000284356.1,TAF11L10,chr5,17597827
ENSG00000031698.15,SARS1,chr1,109213843
ENSG00000169914.8,OTUD3,chr1,19882367
ENSG00000162384.16,CZIB,chr1,53220656
ENSG00000106780.11,MEGF9,chr9,120714472
ENSG00000009844.18,VTA1,chr6,142147161
ENSG00000184584.16,STING1,chr5,139482934
ENSG00000285779.1,ENSG00000285779,chr1,153975886
ENSG00000119280.19,C1orf198,chr1,230869588
ENSG00000156875.16,SLC71A1,chr1,100038075
ENSG00000173540.16,GMPPB,chr3,49723987
ENSG00000221818.11,EBF2,chr8,26045419
ENSG00000134480.19,CCNH,chr5,87413028
ENSG00000248333.11,CDK11B,chr1,1659266
ENSG00000152894.17,PTPRK,chr6,128520760
ENSG00000164520.13,RAET1E,chr6,149898117
ENSG00000131389.20,SLC6A6,chr3,14402563
ENSG00000168300.16,PCMTD1,chr8,51900041
ENSG00000196912.14,ANKRD36B,chr2,97590549
ENSG00000116455.15,WDR77,chr1,111449296
ENSG00000144134.21,RABL2A,chr2,113627214
ENSG00000159166.17,LAD1,chr1,201399914
ENSG00000003400.18,CASP10,chr2,201182692
ENSG00000117280.15,RAB29,chr1,205775488
ENSG00000117054.17,ACADM,chr1,75724430
ENSG00000135577.5,NMBR,chr6,142147121
ENSG00000123983.17,ACSL3,chr2,222860941
ENSG00000162769.15,FLVCR1,chr1,212858229
ENSG00000173950.17,XXYLT1,chr3,195271175
ENSG00000120265.23,PCMT1,chr6,149749196
ENSG00000105993.17,DNAJB6,chr7,157335380
ENSG00000165699.18,TSC1,chr9,132946873
ENSG00000144231.13,POLR2D,chr2,127858162
ENSG00000270231.7,NBPF8,chr1,120415034
ENSG00000151458.14,ANKRD50,chr4,124712766
ENSG00000117298.17,ECE1,chr1,21345911
ENSG00000185104.23,FAF1,chr1,50960287
ENSG00000263001.11,GTF2I,chr7,74650225
ENSG00000116198.16,CEP104,chr1,3857722
ENSG00000196570.3,PFN3,chr5,177400660
ENSG00000169692.16,AGPAT2,chr9,136687482
ENSG00000138069.20,RAB1A,chr2,65130985
ENSG00000198856.15,OSTC,chr4,108650576
ENSG00000108239.11,TBC1D12,chr10,94402376
ENSG00000145990.12,GFOD1,chr6,13487661
ENSG00000153006.18,SREK1IP1,chr5,64768701
ENSG00000163116.11,STPG2,chr4,98143484
ENSG00000176022.7,B3GALT6,chr1,1232236
ENSG00000135912.13,TTLL4,chr2,218710772
ENSG00000135776.7,ABCB10,chr1,229559033
ENSG00000310560.3,PAXX,chr9,136992399
ENSG00000152382.8,TADA1,chr1,166876359
ENSG00000007944.17,MYLIP,chr6,16129062
ENSG00000180834.10,MAP6D1,chr3,183825611
ENSG00000120253.16,NUP43,chr6,149750285
ENSG00000086189.13,DIMT1,chr5,62403942
ENSG00000117155.19,SSX2IP,chr1,84690954
ENSG00000004534.17,RBM6,chr3,49940006
ENSG00000135829.19,DHX9,chr1,182839301
ENSG00000056050.9,HPF1,chr4,169757971
ENSG00000116478.15,HDAC1,chr1,32291918
ENSG00000111885.9,MAN1A1,chr6,119349797
ENSG00000151461.22,UPF2,chr10,12043169
ENSG00000118960.15,HS1BP3,chr2,20651157
ENSG00000023892.14,DEF6,chr6,35297817
ENSG00000147586.12,MRPS28,chr8,80030375
ENSG00000123080.14,CDKN2C,chr1,50960744
ENSG00000106803.12,SEC61B,chr9,99222063
ENSG00000109689.21,STIM2,chr4,26857600
ENSG00000159423.19,ALDH4A1,chr1,18902798
ENSG00000164916.13,FOXK1,chr7,4682239
ENSG00000131773.16,KHDRBS3,chr8,135456969
ENSG00000163875.18,MEAF6,chr1,37515099
ENSG00000063660.11,GPC1,chr2,240435433
ENSG00000162545.8,CAMK2N1,chr1,20486269
ENSG00000118873.19,RAB3GAP2,chr1,220272528
ENSG00000106125.16,MINDY4,chr7,30771387
ENSG00000143751.12,SDE2,chr1,225999384
ENSG00000173041.14,ZNF680,chr7,64563105
ENSG00000112242.18,E2F3,chr6,20401839
ENSG00000037474.17,NSUN2,chr5,6633331
ENSG00000115507.12,OTX1,chr2,63050056
ENSG00000115839.22,RAB3GAP1,chr2,135052264
ENSG00000266265.4,KLF14,chr7,130734206
ENSG00000165671.24,NSD1,chr5,177131786
ENSG00000043514.18,TRIT1,chr1,39883510
ENSG00000155363.21,MOV10,chr1,112673140
ENSG00000124613.11,ZNF391,chr6,27374614
ENSG00000109184.17,DCUN1D4,chr4,51842999
ENSG00000198815.11,FOXJ3,chr1,42335912
ENSG00000160447.9,PKN3,chr9,128702488
ENSG00000290263.1,ENSG00000290263,chr4,2242275
ENSG00000122140.15,MRPS2,chr9,135499969
ENSG00000119820.13,YIPF4,chr2,32277867
ENSG00000288646.1,ENSG00000288646,chr6,53065601
ENSG00000018189.15,RUFY3,chr4,70704203
ENSG00000087085.18,ACHE,chr7,100897021
ENSG00000012660.16,ELOVL5,chr6,53349178
ENSG00000135932.14,CAB39,chr2,230712821
ENSG00000159346.15,ADIPOR1,chr1,202958778
ENSG00000082684.18,SEMA5B,chr3,123028604
ENSG00000157212.22,PAXIP1,chr7,155003164
ENSG00000136999.7,CCN3,chr8,119416367
ENSG00000124713.8,GNMT,chr6,42960267
ENSG00000254999.6,BRK1,chr3,10115589
ENSG00000078401.9,EDN1,chr6,12287458
ENSG00000236699.10,ARHGEF38,chr4,105552483
ENSG00000230873.11,STMND1,chr6,17102045
ENSG00000107014.10,RLN2,chr9,5304715
ENSG00000169432.20,SCN9A,chr2,166376000
ENSG00000145545.15,SRD5A1,chr5,6633289
ENSG00000239857.9,GET4,chr7,876485
ENSG00000153093.23,ACOXL,chr2,110732523
ENSG00000175279.23,CENPS,chr1,10430389
ENSG00000130997.17,POLN,chr4,2242137
ENSG00000163659.15,TIPARP,chr3,156673234
ENSG00000284770.4,TBCE,chr1,235367359
ENSG00000132330.20,SCLY,chr2,238060875
ENSG00000168936.14,TMEM129,chr4,1721366
ENSG00000118193.14,KIF14,chr1,200620775
ENSG00000197587.14,DMBX1,chr1,46489821
ENSG00000147669.13,POLR2K,chr8,100150609
ENSG00000148634.18,HERC4,chr10,68075352
ENSG00000147894.19,C9orf72,chr9,27573894
ENSG00000214367.11,HAUS3,chr4,2242189
ENSG00000196743.11,GM2A,chr5,151212149
ENSG00000118495.23,PLAGL1,chr6,144064713
ENSG00000162885.16,B3GALNT2,chr1,235504511
ENSG00000086200.19,IPO11,chr5,62403517
ENSG00000143436.12,MRPL9,chr1,151763521
ENSG00000146143.21,PRIM2,chr6,57221512
ENSG00000145088.11,EAF2,chr3,121835163
ENSG00000163435.17,ELF3,chr1,202007944
ENSG00000173402.15,DAG1,chr3,49468648
ENSG00000135976.22,ANKRD36,chr2,97113111
ENSG00000156162.18,DPY19L4,chr8,94719676
ENSG00000109436.10,TBC1D9,chr4,140757048
ENSG00000164037.19,SLC9B1,chr4,103019792
ENSG00000214194.11,SMIM30,chr7,113118581
ENSG00000095739.13,BAMBI,chr10,28677509
ENSG00000004487.20,KDM1A,chr1,23019394
ENSG00000197713.17,RPE,chr2,210002564
ENSG00000136247.17,ZDHHC4,chr7,6577404
ENSG00000162244.14,RPL29,chr3,51996020
ENSG00000167130.20,DOLPP1,chr9,129081096
ENSG00000112218.11,GPR63,chr6,96838149
ENSG00000114166.10,KAT2B,chr3,20040054
ENSG00000001036.16,FUCA2,chr6,143511841
ENSG00000188092.17,GPR89B,chr1,147928321
ENSG00000116459.13,ATP5PB,chr1,111448110
ENSG00000162437.17,RAVER2,chr1,64744860
ENSG00000236609.6,ZNF853,chr7,6615304
ENSG00000054282.18,SDCCAG8,chr1,243255348
ENSG00000117362.15,APH1A,chr1,150269579
ENSG00000188833.12,ENTPD8,chr9,137441880
ENSG00000188786.12,MTF1,chr1,37859613
ENSG00000197498.15,RPF2,chr6,110982014
ENSG00000131931.10,THAP1,chr8,42843363
ENSG00000169598.19,DFFB,chr1,3857241
ENSG00000197451.14,HNRNPAB,chr5,178204478
ENSG00000230601.8,TEX48,chr9,114682191
ENSG00000181826.12,RELL1,chr4,37686412
ENSG00000077380.18,DYNC1I2,chr2,171687408
ENSG00000153551.16,CMTM7,chr3,32391662
ENSG00000166348.22,USP54,chr10,73626116
ENSG00000136878.16,USP20,chr9,129834697
ENSG00000151023.18,ENKUR,chr10,25062328
ENSG00000173889.18,PHC3,chr3,170181767
ENSG00000175309.18,PHYKPL,chr5,178233207
ENSG00000163939.21,PBRM1,chr3,52685978
ENSG00000064313.14,TAF2,chr8,119832862
ENSG00000183317.19,EPHA10,chr1,37765154
ENSG00000183665.5,TYW2,chr8,124450819
ENSG00000163539.21,CLASP2,chr3,33718413
ENSG00000106538.12,RARRES2,chr7,150342143
ENSG00000106070.22,GRB10,chr7,50793485
ENSG00000173611.20,SCAI,chr9,125143581
ENSG00000146373.18,RNF217,chr6,124961874
ENSG00000148331.14,ASB6,chr9,129642362
ENSG00000115109.16,EPB41L5,chr2,120012915
ENSG00000109674.6,NEIL3,chr4,177309810
ENSG00000115170.18,ACVR1,chr2,157876407
ENSG00000157856.14,DRC1,chr2,26401907
ENSG00000178585.17,CTNNBIP1,chr1,9910377
ENSG00000284439.1,TAF11L3,chr5,17518366
ENSG00000024862.20,CCDC28A,chr6,138773492
ENSG00000067533.8,RRP15,chr1,218285260
ENSG00000173226.19,IQCB1,chr3,121835092
ENSG00000165637.16,VDAC2,chr10,75209977
ENSG00000116668.15,SWT1,chr1,185156102
ENSG00000049540.21,ELN,chr7,74027772
ENSG00000214842.7,RAD51AP2,chr2,17518439
ENSG00000197557.7,IFT70A,chr2,177618741
ENSG00000113552.18,GNPDA1,chr5,142013060
ENSG00000143183.20,TMCO1,chr1,165827754
ENSG00000137275.18,RIPK1,chr6,3063823
ENSG00000162757.6,C1orf74,chr1,209784619
ENSG00000124535.18,WRNIP1,chr6,2765322
ENSG00000166295.11,ANAPC16,chr10,72215650
ENSG00000283761.1,ENSG00000283761,chr1,99970010
ENSG00000178177.19,LCORL,chr4,18021992
ENSG00000117597.20,UTP25,chr1,209827955
ENSG00000153029.18,MR1,chr1,181033373
ENSG00000291317.3,TMEM276,chr8,144466889
ENSG00000058668.18,ATP2B4,chr1,203626663
ENSG00000168763.18,CNNM3,chr2,96816237
ENSG00000122218.19,COPA,chr1,160343565
ENSG00000126106.15,TMEM53,chr1,44674618
ENSG00000090054.18,SPTLC1,chr9,92115490
ENSG00000124587.16,PEX6,chr6,42979248
ENSG00000104368.21,PLAT,chr8,42207708
ENSG00000117133.13,RPF1,chr1,84479244
ENSG00000165023.8,DIRAS2,chr9,90642900
ENSG00000007001.16,UPP2,chr2,157876556
ENSG00000137266.16,SLC22A23,chr6,3457099
ENSG00000138821.16,SLC39A8,chr4,102431257
ENSG00000151092.20,NGLY1,chr3,25790038
ENSG00000197885.13,NKIRAS1,chr3,23946590
ENSG00000163795.16,ZNF513,chr2,27380789
ENSG00000236543.3,ENSG00000236543,chr9,135604344
ENSG00000170482.19,SLC23A1,chr5,139385494
ENSG00000158122.14,PRXL2C,chr9,96655336
ENSG00000081377.19,CDC14B,chr9,96619868
ENSG00000153904.22,DDAH1,chr1,85578362
ENSG00000026025.18,VIM,chr10,17228240
ENSG00000086102.21,NFX1,chr9,33290427
ENSG00000107201.14,RIGI,chr9,32526347
ENSG00000135766.11,EGLN1,chr1,231422748
ENSG00000174013.9,FBXO45,chr3,196568610
ENSG00000188313.15,PLSCR1,chr3,146544861
ENSG00000097021.23,ACOT7,chr1,6393788
ENSG00000177628.18,GBA1,chr1,155245177
ENSG00000197780.12,TAF13,chr1,109076013
ENSG00000137168.10,PPIL1,chr6,36885867
ENSG00000188167.10,TMPPE,chr3,33097228
ENSG00000214706.14,IFRD2,chr3,50292917
ENSG00000145979.20,TBC1D7,chr6,13328582
ENSG00000162736.20,NCSTN,chr1,160343293
ENSG00000109756.12,RAPGEF2,chr4,159103012
ENSG00000146411.8,SLC2A12,chr6,134052659
ENSG00000289767.1,EBAG9UORF,chr8,109539725
ENSG00000123453.21,SARDH,chr9,133739975
ENSG00000117620.17,SLC35A3,chr1,99969350
ENSG00000164011.20,ZNF691,chr1,42846572
ENSG00000121940.19,CLCC1,chr1,108963526
ENSG00000040933.19,INPP4A,chr2,98444245
ENSG00000177954.16,RPS27,chr1,153990748
ENSG00000146707.17,POMZP3,chr7,76627287
ENSG00000159445.15,THEM4,chr1,151909878
ENSG00000179051.16,RCC2,chr1,17439991
ENSG00000145675.18,PIK3R1,chr5,68215739
ENSG00000163053.13,SLC16A14,chr2,230069003
ENSG00000175455.18,CCDC14,chr3,123961442
ENSG00000132170.26,PPARG,chr3,12287367
ENSG00000183354.13,BRD10,chr9,6008494
ENSG00000254726.3,MEX3A,chr1,156082464
ENSG00000147548.19,NSD3,chr8,38383020
ENSG00000163689.23,CFAP20DC,chr3,59050083
ENSG00000197785.16,ATAD3A,chr1,1512117
ENSG00000079691.21,CARMIL1,chr6,25279061
ENSG00000162772.20,ATF3,chr1,212565333
ENSG00000189325.9,BNIP5,chr6,36337009
ENSG00000109171.17,SLAIN2,chr4,48341374
ENSG00000138326.23,RPS24,chr10,78033722
ENSG00000189266.15,PNRC2,chr1,23956838
ENSG00000155366.19,RHOC,chr1,112707896
ENSG00000071994.12,PDCD2,chr6,170584691
ENSG00000008311.18,AASS,chr7,122144488
ENSG00000170266.17,GLB1,chr3,33097435
ENSG00000114480.15,GBE1,chr3,81761839
ENSG00000167700.11,SLC33A2,chr8,144508262
ENSG00000115414.23,FN1,chr2,215436119
ENSG00000170989.12,S1PR1,chr1,101235365
ENSG00000112237.15,CCNC,chr6,99568824
ENSG00000188157.17,AGRN,chr1,1020068
ENSG00000159023.25,EPB41,chr1,28887072
ENSG00000174125.11,TLR1,chr4,38856816
ENSG00000160049.14,DFFA,chr1,10472581
ENSG00000227868.8,TEX46,chr1,23019099
ENSG00000136754.20,ABI1,chr10,26861093
ENSG00000114904.15,NEK4,chr3,52770972
ENSG00000163950.15,SLBP,chr4,1712343
ENSG00000175087.12,PDIK1L,chr1,26111140
ENSG00000067066.19,SP100,chr2,230414870
ENSG00000156052.13,GNAQ,chr9,78032499
ENSG00000164327.16,RICTOR,chr5,39074543
ENSG00000157014.12,TATDN2,chr3,10248022
ENSG00000162366.10,PDZK1IP1,chr1,47191397
ENSG00000162641.20,AKNAD1,chr1,108963483
ENSG00000180537.15,RNF182,chr6,13924445
ENSG00000078140.16,UBE2K,chr4,39697878
ENSG00000164169.15,PRMT9,chr4,147684226
ENSG00000104497.17,SNX16,chr8,81842865
ENSG00000134375.13,TIMM17A,chr1,201955475
ENSG00000172113.12,NME6,chr3,48301684
ENSG00000070501.14,POLB,chr8,42338453
ENSG00000154269.17,ENPP3,chr6,131628291
ENSG00000145014.20,TMEM44,chr3,194633688
ENSG00000148337.24,CIZ1,chr9,128204481
ENSG00000115042.12,FAHD2A,chr2,95402685
ENSG00000138757.17,G3BP2,chr4,75726300
ENSG00000163444.14,TMEM183A,chr1,203006597
ENSG00000145911.9,N4BP3,chr5,178113166
ENSG00000135747.11,ZNF670-ZNF695,chr1,247078810
ENSG00000197894.14,ADH5,chr4,99088821
ENSG00000138231.15,DBR1,chr3,138174952
ENSG00000182606.19,TRAK1,chr3,42013623
ENSG00000116685.19,KIAA2013,chr1,11926427
ENSG00000185798.10,WDR53,chr3,196569262
ENSG00000143368.12,SF3B4,chr1,149928267
ENSG00000024526.19,DEPDC1,chr1,68497229
ENSG00000135622.16,SEMA4F,chr2,74654225
ENSG00000144161.16,ZC3H8,chr2,112255150
ENSG00000164050.15,PLXNB1,chr3,48430498
ENSG00000162396.8,PARS2,chr1,54764548
ENSG00000174130.14,TLR6,chr4,38856900
ENSG00000071051.16,NCK2,chr2,105744368
ENSG00000065328.19,MCM10,chr10,13161525
ENSG00000134247.12,PTGFRN,chr1,116909869
ENSG00000187098.20,MITF,chr3,69738535
ENSG00000165338.18,HECTD2,chr10,91409279
ENSG00000084764.14,MAPRE3,chr2,26970399
ENSG00000106333.15,PCOLCE,chr7,100602320
ENSG00000158806.16,NPM2,chr8,22024080
ENSG00000145029.17,NICN1,chr3,49429330
ENSG00000162728.7,KCNJ9,chr1,160081500
ENSG00000104635.17,SLC39A14,chr8,22366726
ENSG00000283189.2,ENSG00000283189,chr3,49429313
ENSG00000183230.19,CTNNA3,chr10,67763636
ENSG00000112210.14,RAB23,chr6,57222847
ENSG00000225697.15,SLC26A6,chr3,48635509
ENSG00000168566.15,SNRNP48,chr6,7590180
ENSG00000113638.16,TTC33,chr5,40755974
ENSG00000078668.16,VDAC3,chr8,42391623
ENSG00000158874.14,APOA2,chr1,161227265
ENSG00000163710.11,PCOLCE2,chr3,142889210
ENSG00000144199.15,FAHD2B,chr2,97094902
ENSG00000147654.18,EBAG9,chr8,109539620
ENSG00000277462.4,ZNF670,chr1,247078817
ENSG00000196154.14,S100A4,chr1,153552134
ENSG00000158019.23,BABAM2,chr2,27888666
ENSG00000158859.12,ADAMTS4,chr1,161200508
ENSG00000168268.13,NT5DC2,chr3,52535092
ENSG00000134077.18,THUMPD3,chr3,9362966
ENSG00000119771.17,KLHL29,chr2,23385170
ENSG00000146233.10,CYP39A1,chr6,46652830
ENSG00000164403.17,SHROOM1,chr5,132830923
ENSG00000153975.12,ZUP1,chr6,116668815
ENSG00000158882.17,TOMM40L,chr1,161225938
ENSG00000048140.20,TSPAN17,chr5,176647386
ENSG00000275379.2,H3C11,chr6,27872345
ENSG00000106789.15,CORO2A,chr9,98193205
ENSG00000204859.15,ZBTB48,chr1,6579993
ENSG00000187954.16,ZFTRAF1,chr8,144462907
ENSG00000138769.13,CDKL2,chr4,75630715
ENSG00000133740.13,E2F5,chr8,85177106
ENSG00000159348.15,CYB5R1,chr1,202967286
ENSG00000228716.9,DHFR,chr5,80655001
ENSG00000135605.15,TEC,chr4,48269857
ENSG00000111880.18,RNGTT,chr6,88963635
ENSG00000180376.19,CCDC66,chr3,56557160
ENSG00000112282.20,MED23,chr6,131628312
ENSG00000170873.21,MTSS1,chr8,124728947
ENSG00000112186.15,CAP2,chr6,17393314
ENSG00000113048.21,MRPS27,chr5,72321716
ENSG00000123992.23,DNPEP,chr2,219400021
ENSG00000170498.12,KISS1,chr1,204196637
ENSG00000171161.15,ZNF672,chr1,248838209
ENSG00000285976.5,ENSG00000285976,chr6,63572001
ENSG00000160789.27,LMNA,chr1,156082571
ENSG00000145331.16,TRMT10A,chr4,99564069
ENSG00000138823.15,MTTP,chr4,99564080
ENSG00000265808.6,SEC22B,chr1,120176532
ENSG00000162777.19,DENND2D,chr1,111204534
ENSG00000158457.8,TSPAN33,chr7,129144689
ENSG00000180447.7,GAS1,chr9,86947505
ENSG00000115353.12,TACR1,chr2,75199525
ENSG00000178035.15,IMPDH2,chr3,49029451
ENSG00000285982.1,ENSG00000285982,chr8,103501894
ENSG00000286095.4,SPEGNB,chr2,219496128
ENSG00000160075.14,SSU72,chr1,1574886
ENSG00000122068.15,FYTTD1,chr3,197737178
ENSG00000203697.14,CAPN8,chr1,223665736
ENSG00000198624.15,CCDC69,chr5,151224155
ENSG00000052802.15,MSMO1,chr4,165327659
ENSG00000196739.16,COL27A1,chr9,114155485
ENSG00000115648.16,MLPH,chr2,237485427
ENSG00000163645.15,ERICH6,chr3,150703970
ENSG00000196220.18,SRGAP3,chr3,9363052
ENSG00000138785.18,INTS12,chr4,105895985
ENSG00000084731.17,KIF3C,chr2,25982760
ENSG00000185436.14,IFNLR1,chr1,24187958
ENSG00000153291.17,SLC25A27,chr6,46652914
ENSG00000025796.16,SEC63,chr6,107958310
ENSG00000173218.17,VANGL1,chr1,115641853
ENSG00000285629.1,ENSG00000285629,chr1,6197756
ENSG00000137309.23,HMGA1,chr6,34235617
ENSG00000112394.20,SLC16A10,chr6,111087444
ENSG00000170448.14,NFXL1,chr4,47914666
ENSG00000033867.20,SLC4A7,chr3,27484450
ENSG00000180104.18,EXOC3,chr5,442521
ENSG00000143486.18,EIF2D,chr1,206612555
ENSG00000168028.17,RPSA,chr3,39406708
ENSG00000163638.14,ADAMTS9,chr3,64688263
ENSG00000205189.14,ZBTB10,chr8,80485595
ENSG00000087266.20,SH3BP2,chr4,2793014
ENSG00000181690.10,PLAG1,chr8,56211356
ENSG00000099246.21,RAB18,chr10,27504173
ENSG00000115761.19,NOL10,chr2,10690414
ENSG00000164258.14,NDUFS4,chr5,53560632
ENSG00000196455.10,PIK3R4,chr3,130746856
ENSG00000162779.23,AXDND1,chr1,179365719
ENSG00000143420.21,ENSA,chr1,150629632
ENSG00000144935.18,TRPC1,chr3,142723999
ENSG00000121964.17,QTMAN,chr2,144333106
ENSG00000135549.18,PKIB,chr6,122471913
ENSG00000113384.16,GOLPH3,chr5,32174726
ENSG00000146757.15,ZNF92,chr7,65373798
ENSG00000164989.19,CCDC171,chr9,15552506
ENSG00000203760.11,CENPW,chr6,126340087
ENSG00000198771.13,RCSD1,chr1,167629659
ENSG00000143498.20,TAF1A,chr1,222590161
ENSG00000165629.22,ATP5F1C,chr10,7788091
ENSG00000162419.15,GMEB1,chr1,28668279
ENSG00000162929.16,SANBR,chr2,61065870
ENSG00000198780.15,FAM169A,chr5,74867021
ENSG00000198520.14,ARMH1,chr1,44674691
ENSG00000184731.7,FAM110C,chr2,47083
ENSG00000164675.13,IQUB,chr7,123535076
ENSG00000177463.18,NR2C2,chr3,14947323
ENSG00000214193.13,SH3D21,chr1,36306313
ENSG00000290318.1,ENSG00000290318,chr3,49412050
ENSG00000186952.17,TMEM232,chr5,110738959
ENSG00000133739.18,LRRCC1,chr8,85107078
ENSG00000170085.20,SIMC1,chr5,176238363
ENSG00000077097.19,TOP2B,chr3,25664972
ENSG00000159214.15,CCDC24,chr1,43991351
ENSG00000183520.14,UTP11,chr1,38009110
ENSG00000162591.19,MEGF6,chr1,3611542
ENSG00000114383.12,TUSC2,chr3,50328250
ENSG00000187189.11,TSPYL4,chr6,116254074
ENSG00000138135.7,CH25H,chr10,89207316
ENSG00000168575.13,SLC20A2,chr8,42542529
ENSG00000165271.19,NOL6,chr9,33473929
ENSG00000172765.21,TMCC1,chr3,129893777
ENSG00000135297.19,MTO1,chr6,73461577
ENSG00000111897.9,SERINC1,chr6,122471853
ENSG00000182154.9,MRPL41,chr9,137550423
ENSG00000118579.14,MED28,chr4,17614585
ENSG00000180071.22,ANKRD18A,chr9,38622527
ENSG00000198937.11,CCDC167,chr6,37499928
ENSG00000163132.8,MSX1,chr4,4859664
ENSG00000118292.11,C1orf54,chr1,150268033
ENSG00000164164.19,OTUD4,chr4,145180630
ENSG00000112425.17,EPM2A,chr6,145736022
ENSG00000112559.17,MDFI,chr6,41636839
ENSG00000164430.19,CGAS,chr6,73461725
ENSG00000119922.12,IFIT2,chr10,89283693
ENSG00000128510.13,CPA4,chr7,130293117
ENSG00000170577.10,SIX2,chr2,45009519
ENSG00000127419.19,TMEM175,chr4,932152
ENSG00000049883.17,PTCD2,chr5,72320317
ENSG00000143442.25,POGZ,chr1,151459510
ENSG00000143603.21,KCNN3,chr1,154870339
ENSG00000160087.23,UBE2J2,chr1,1274476
ENSG00000105875.17,WDR91,chr7,135211556
ENSG00000136816.18,TOR1B,chr9,129803130
ENSG00000134853.14,PDGFRA,chr4,54229129
ENSG00000151657.14,KIN,chr10,7788000
ENSG00000116288.15,PARK7,chr1,7952653
ENSG00000183873.22,SCN5A,chr3,38649742
ENSG00000178685.16,PARP10,chr8,144019929
ENSG00000187118.16,CMC1,chr3,28241583
ENSG00000143179.18,UCK2,chr1,165827490
ENSG00000117143.16,UAP1,chr1,162561475
ENSG00000160404.20,TOR2A,chr9,127735354
ENSG00000152620.15,NADK2,chr5,36242278
ENSG00000163293.14,NIPAL1,chr4,47914141
ENSG00000130147.18,SH3BP4,chr2,234951949
ENSG00000186106.13,ANKRD46,chr8,100559788
ENSG00000132294.17,EFR3A,chr8,131904071
ENSG00000281406.4,BLACAT1,chr1,205457389
ENSG00000070814.24,TCOF1,chr5,150357628
ENSG00000112977.18,DAP,chr5,10761682
ENSG00000212864.6,RNF208,chr9,137222311
ENSG00000164953.18,TMEM67,chr8,93754839
ENSG00000130940.16,CASZ1,chr1,10796657
ENSG00000118513.23,MYB,chr6,135180896
ENSG00000143756.13,FBXO28,chr1,224114085
ENSG00000136813.17,ECPAS,chr9,111484744
ENSG00000104660.20,LEPROTL1,chr8,30095400
ENSG00000164010.17,ERMAP,chr1,42817077
ENSG00000142655.15,PEX14,chr1,10472287
ENSG00000162385.13,MAGOH,chr1,53238625
ENSG00000124766.7,SOX4,chr6,21593750
ENSG00000124782.23,RREB1,chr6,7107417
ENSG00000144744.20,UBA3,chr3,69080407
ENSG00000136827.13,TOR1A,chr9,129824246
ENSG00000188542.11,DUSP28,chr2,240560053
ENSG00000184178.19,SCFD2,chr4,53366099
ENSG00000162517.15,PEF1,chr1,31644909
ENSG00000147905.20,ZCCHC7,chr9,37118630
ENSG00000168743.15,NPNT,chr4,105894774
ENSG00000221955.13,SLC12A8,chr3,125213228
ENSG00000145022.7,TCTA,chr3,49412211
ENSG00000152102.20,FAM168B,chr2,131093491
ENSG00000188290.13,HES4,chr1,1000824
ENSG00000114686.11,MRPL3,chr3,131502994
ENSG00000163882.12,POLR2H,chr3,184360855
ENSG00000144597.15,EAF1,chr3,15427551
ENSG00000117013.19,KCNQ4,chr1,40783674
ENSG00000112357.16,PEX7,chr6,136822545
ENSG00000113318.13,MSH3,chr5,80654612
ENSG00000109586.14,GALNT7,chr4,173168810
ENSG00000138363.17,ATIC,chr2,215311955
ENSG00000186222.5,BLOC1S4,chr4,6716173
ENSG00000163625.18,WDFY3,chr4,84966923
ENSG00000085982.18,USP40,chr2,233566782
ENSG00000204946.11,ZNF783,chr7,149262021
ENSG00000163219.13,ARHGAP25,chr2,68679600
ENSG00000164209.19,SLC25A46,chr5,110738135
ENSG00000039560.16,RAI14,chr5,34655565
ENSG00000168228.18,ZCCHC4,chr4,25312767
ENSG00000156026.17,MCU,chr10,72692087
ENSG00000108179.16,PPIF,chr10,79347460
ENSG00000156467.12,UQCRB,chr8,96235620
ENSG00000158402.23,CDC25C,chr5,138338354
ENSG00000172586.9,CHCHD1,chr10,73782038
ENSG00000010017.15,RANBP9,chr6,13712088
ENSG00000011198.12,ABHD5,chr3,43690107
ENSG00000111817.21,DSE,chr6,116253603
ENSG00000158863.24,FHIP2B,chr8,22089138
ENSG00000165060.17,FXN,chr9,69035729
ENSG00000162378.15,ZYG11B,chr1,52726389
ENSG00000184307.19,ZDHHC23,chr3,113947705
ENSG00000156983.19,BRPF1,chr3,9731725
ENSG00000132405.21,TBC1D14,chr4,6909239
ENSG00000138193.19,PLCE1,chr10,93993806
ENSG00000175764.19,TTLL11,chr9,122093605
ENSG00000171522.8,PTGER4,chr5,40679440
ENSG00000241399.9,CD302,chr2,159798388
ENSG00000117632.25,STMN1,chr1,25908469
ENSG00000080608.12,PUM3,chr9,2844129
ENSG00000162889.13,MAPKAPK2,chr1,206684870
ENSG00000116191.21,RALGPS2,chr1,178724842
ENSG00000168827.17,GFM1,chr3,158644515
ENSG00000177125.8,ZBTB34,chr9,126860625
ENSG00000113578.20,FGF1,chr5,142698069
ENSG00000115993.15,TRAK2,chr2,201453448
ENSG00000158156.10,XKR8,chr1,27959587
ENSG00000154813.12,DPH3,chr3,16264997
ENSG00000142661.21,MYOM3,chr1,24112189
ENSG00000187626.11,ZKSCAN4,chr6,28252923
ENSG00000164305.22,CASP3,chr4,184650417
ENSG00000164754.18,RAD21,chr8,116874923
ENSG00000188643.13,S100A16,chr1,153614011
ENSG00000169583.15,CLIC3,chr9,136996728
ENSG00000164880.18,INTS1,chr7,1504417
ENSG00000274750.5,H3C6,chr6,26224178
ENSG00000196187.14,TMEM63A,chr1,225884121
ENSG00000115687.16,PASK,chr2,241150851
ENSG00000189298.16,ZKSCAN3,chr6,28349910
ENSG00000144583.5,MARCHF4,chr2,216372482
ENSG00000170379.22,TCAF2,chr7,143620951
ENSG00000023909.12,GCLM,chr1,93909653
ENSG00000165644.13,COMTD1,chr10,75236087
ENSG00000112139.19,MDGA1,chr6,37699305
ENSG00000169762.19,TAPT1,chr4,16227605
ENSG00000030110.16,BAK1,chr6,33580304
ENSG00000164932.15,CTHRC1,chr8,103371496
ENSG00000198793.16,MTOR,chr1,11262555
ENSG00000154814.16,OXNAD1,chr3,16265159
ENSG00000128645.17,HOXD1,chr2,176188658
ENSG00000146859.8,TMEM140,chr7,135148027
ENSG00000143702.19,CEP170,chr1,243255792
ENSG00000153207.18,AHCTF1,chr1,246932062
ENSG00000175305.20,CCNE2,chr8,94896679
ENSG00000137094.17,DNAJB5,chr9,34989640
ENSG00000188747.11,NOXA1,chr9,137422751
ENSG00000164970.17,FAM219A,chr9,34458590
ENSG00000163866.11,SMIM12,chr1,34859829
ENSG00000170791.20,CHCHD7,chr8,56211559
ENSG00000039139.11,DNAH5,chr5,14011817
ENSG00000120942.15,UBIAD1,chr1,11273188
ENSG00000126522.19,ASL,chr7,66075799
ENSG00000218336.11,TENM3,chr4,182143917
ENSG00000122779.20,TRIM24,chr7,138460192
ENSG00000124702.21,KLHDC3,chr6,43014102
ENSG00000148426.14,PROSER2,chr10,11823338
ENSG00000145103.17,ILDR1,chr3,122022281
ENSG00000179403.14,VWA1,chr1,1434860
ENSG00000145740.22,SLC30A5,chr5,69093916
ENSG00000126870.18,DYNC2I1,chr7,158856545
ENSG00000188001.12,TPRG1,chr3,188947164
ENSG00000135638.16,EMX1,chr2,72916183
ENSG00000285130.2,ENSG00000285130,chr9,69035746
ENSG00000003137.10,CYP26B1,chr2,72148429
ENSG00000128713.15,HOXD11,chr2,176104215
ENSG00000120256.13,LRP11,chr6,149864423
ENSG00000115977.23,AAK1,chr2,69674348
ENSG00000145996.13,CDKAL1,chr6,20534441
ENSG00000066422.8,ZBTB11,chr3,101677134
ENSG00000176853.18,FAM91A1,chr8,123768432
ENSG00000114784.5,EIF1B,chr3,40309106
ENSG00000044090.15,CUL7,chr6,43053942
ENSG00000164024.14,METAP1,chr4,98995358
ENSG00000170260.11,ZNF212,chr7,149239650
ENSG00000059378.15,PARP12,chr7,140063343
ENSG00000168291.15,PDHB,chr3,58434011
ENSG00000172167.10,MTBP,chr8,120445389
ENSG00000116337.22,AMPD2,chr1,109616103
ENSG00000114735.12,HEMK1,chr3,50567894
ENSG00000171566.14,PLRG1,chr4,154550414
ENSG00000243725.9,TTC4,chr1,54715817
ENSG00000165156.17,ZHX1,chr8,123275540
ENSG00000237330.3,RNF223,chr1,1074305
ENSG00000176095.14,IP6K1,chr3,49786556
ENSG00000116679.19,IVNS1ABP,chr1,185317861
ENSG00000176018.15,LYSMD3,chr5,90529744
ENSG00000196449.6,YRDC,chr1,37808215
ENSG00000171109.21,MFN1,chr3,179346951
ENSG00000187608.11,ISG15,chr1,1001137
ENSG00000288636.1,ENSG00000288636,chr1,17011756
ENSG00000175048.19,ZDHHC14,chr6,157381132
ENSG00000160055.21,TMEM234,chr1,32222360
ENSG00000181722.20,ZBTB20,chr3,115147355
ENSG00000163510.16,CWC22,chr2,180007331
ENSG00000167011.10,NAT16,chr7,101180300
ENSG00000162976.14,SLC66A3,chr2,11155197
ENSG00000172239.16,PAIP1,chr5,43557757
ENSG00000174574.18,AKIRIN1,chr1,38991253
ENSG00000156574.11,NODAL,chr10,70447950
ENSG00000171824.16,EXOSC10,chr1,11099906
ENSG00000132436.15,FIGNL1,chr7,50450405
ENSG00000057252.15,SOAT1,chr1,179293439
ENSG00000047249.20,ATP6V1H,chr8,53843557
ENSG00000178950.20,GAK,chr4,932410
ENSG00000168874.16,ATOH8,chr2,85751343
ENSG00000179632.13,MAF1,chr8,144103111
ENSG00000147650.13,LRP12,chr8,104589291
ENSG00000159363.20,ATP13A2,chr1,17011985
ENSG00000188042.9,ARL4C,chr2,234497094
ENSG00000226124.12,FTCDNL1,chr2,199851213
ENSG00000036257.16,CUL3,chr2,224585524
ENSG00000145012.17,LPP,chr3,188152973
ENSG00000111834.14,RSPH4A,chr6,116616473
ENSG00000163026.13,WDCP,chr2,24049574
ENSG00000132356.12,PRKAA1,chr5,40798373
ENSG00000143434.19,SEMA6C,chr1,151147812
ENSG00000163281.14,GNPDA2,chr4,44726620
ENSG00000135521.11,LTV1,chr6,143843301
ENSG00000196584.5,XRCC2,chr7,152676200
ENSG00000272980.5,ENSG00000272980,chr6,166999335
ENSG00000010318.24,PHF7,chr3,52410503
ENSG00000119401.13,TRIM32,chr9,116687297
ENSG00000083720.15,OXCT1,chr5,41870589
ENSG00000148481.16,MINDY3,chr10,15860552
ENSG00000125482.15,TTF1,chr9,132406852
ENSG00000124006.17,OBSL1,chr2,219572075
ENSG00000136807.15,CDK9,chr9,127785251
ENSG00000134686.23,PHC2,chr1,33431094
ENSG00000122783.19,CYREN,chr7,135171018
ENSG00000148516.25,ZEB1,chr10,31318494
ENSG00000175756.16,AURKAIP1,chr1,1375520
ENSG00000172172.10,MRPL13,chr8,120445406
ENSG00000196116.10,TDRD7,chr9,97411973
ENSG00000096093.18,EFHC1,chr6,52362122
ENSG00000188483.8,IER5L,chr9,129178260
ENSG00000124882.5,EREG,chr4,74365136
ENSG00000112305.17,SMAP1,chr6,70667645
ENSG00000065802.14,ASB1,chr2,238426741
ENSG00000124785.11,NRN1,chr6,6008687
ENSG00000171988.21,JMJD1C,chr10,63521849
ENSG00000198286.13,CARD11,chr7,3044227
ENSG00000165632.10,TAF3,chr10,7818496
ENSG00000159658.16,EFCAB14,chr1,46719145
ENSG00000123124.16,WWP1,chr8,86342485
ENSG00000158769.21,F11R,chr1,161023122
ENSG00000154153.16,RETREG1,chr5,16617193
ENSG00000012223.15,LTF,chr3,46485233
ENSG00000145945.9,FAM50B,chr6,3849350
ENSG00000136811.18,ODF2,chr9,128455180
ENSG00000143376.16,SNX27,chr1,151611984
ENSG00000164199.19,ADGRV1,chr5,90529343
ENSG00000117748.12,RPA2,chr1,27914750
ENSG00000240204.4,SMKR1,chr7,129502497
ENSG00000163697.20,APBB2,chr4,41216713
ENSG00000116649.12,SRM,chr1,11060077
ENSG00000286001.1,ENSG00000286001,chr5,218297
ENSG00000213462.6,ERV3-1,chr7,65006742
ENSG00000122482.24,ZNF644,chr1,91022375
ENSG00000177752.17,YIPF7,chr4,44678794
ENSG00000000938.15,FGR,chr1,27635564
ENSG00000241553.15,ARPC4,chr3,9792483
ENSG00000004059.13,ARF5,chr7,127588358
ENSG00000136603.17,SKIL,chr3,170357286
ENSG00000112759.21,SLC29A1,chr6,44219244
ENSG00000213420.10,GPC2,chr7,100177388
ENSG00000119487.19,MAPKAP1,chr9,125707265
ENSG00000174151.17,CYB561D1,chr1,109494051
ENSG00000136986.12,DERL1,chr8,123042405
ENSG00000171604.14,CXXC5,chr5,139646374
ENSG00000122707.14,RECK,chr9,36036895
ENSG00000050393.14,MCUR1,chr6,13814695
ENSG00000213516.11,RBMXL1,chr1,88993001
ENSG00000137944.19,KYAT3,chr1,88993001
ENSG00000106686.20,SPATA6L,chr9,4666673
ENSG00000163931.19,TKT,chr3,53256054
ENSG00000164048.16,ZNF589,chr3,48241051
ENSG00000120992.20,LYPLA1,chr8,54102034
ENSG00000147883.14,CDKN2B,chr9,22009324
ENSG00000180801.15,ARSJ,chr4,113979727
ENSG00000187735.18,TCEA1,chr8,54022507
ENSG00000079819.22,EPB41L2,chr6,131063366
ENSG00000152926.19,ZNF117,chr7,65006720
ENSG00000135250.19,SRPK2,chr7,105399307
ENSG00000226479.4,TMEM185B,chr2,120223399
ENSG00000284341.1,ENSG00000284341,chr9,136977517
ENSG00000136286.18,MYO1G,chr7,44979812
ENSG00000005471.21,ABCB4,chr7,87480434
ENSG00000151806.16,GUF1,chr4,44678402
ENSG00000175066.17,GK5,chr3,142225619
ENSG00000175166.19,PSMD2,chr3,184299156
ENSG00000124602.11,UNC5CL,chr6,41039220
ENSG00000066923.21,STAG3,chr7,100177562
ENSG00000104687.16,GSR,chr8,30727976
ENSG00000173258.15,ZNF483,chr9,111525053
ENSG00000163104.20,SMARCAD1,chr4,94207597
ENSG00000188649.17,CC2D2B,chr10,95907602
ENSG00000143590.16,EFNA3,chr1,155078822
ENSG00000235106.13,BRD3OS,chr9,134025428
ENSG00000160345.15,PIERCE1,chr9,135501755
ENSG00000156787.19,TBC1D31,chr8,123041967
ENSG00000126882.15,FAM78A,chr9,131278193
ENSG00000197959.16,DNM3,chr1,171817886
ENSG00000109133.16,TMEM33,chr4,41934379
ENSG00000121753.13,ADGRB2,chr1,31764892
ENSG00000122882.13,ECD,chr10,73169054
ENSG00000112685.16,EXOC2,chr6,693169
ENSG00000165476.16,REEP3,chr10,63521330
ENSG00000118518.19,RNF146,chr6,127266581
ENSG00000154553.18,PDLIM3,chr4,185535668
ENSG00000155115.9,GTF3C6,chr6,110958476
ENSG00000170293.11,CMTM8,chr3,32237206
ENSG00000120915.17,EPHX2,chr8,27490774
ENSG00000175707.12,KDF1,chr1,26960787
ENSG00000166924.11,NYAP1,chr7,100483604
ENSG00000270800.4,RPS10-NUDT3,chr6,34426070
ENSG00000162734.15,PEA15,chr1,160205327
ENSG00000171148.16,TADA3,chr3,9793010
ENSG00000174007.11,CEP19,chr3,196712602
ENSG00000055130.20,CUL1,chr7,148697913
ENSG00000178409.16,BEND3,chr6,107116233
ENSG00000112212.13,TSPO2,chr6,41039277
ENSG00000084093.21,REST,chr4,56907852
ENSG00000063438.22,AHRR,chr5,320681
ENSG00000181789.16,COPG1,chr3,129249574
ENSG00000107018.8,RLN1,chr9,5339875
ENSG00000177076.7,ACER2,chr9,19408943
ENSG00000116237.18,ICMT,chr1,6235996
ENSG00000073578.20,SDHA,chr5,218205
ENSG00000124406.19,ATP8A1,chr4,42657143
ENSG00000168412.7,MTNR1A,chr4,186555566
ENSG00000143867.9,OSR1,chr2,19359485
ENSG00000095637.25,SORBS1,chr10,95561468
ENSG00000148450.15,MSRB2,chr10,23095477
ENSG00000271949.1,ENSG00000271949,chr1,89633139
ENSG00000171488.17,LRRC8C,chr1,89632692
ENSG00000147601.17,TERF1,chr8,73008397
ENSG00000132563.19,REEP2,chr5,138438975
ENSG00000106688.14,SLC1A1,chr9,4490206
ENSG00000213123.13,DYNLT2B,chr3,196318327
ENSG00000198162.13,MAN1A2,chr1,117366678
ENSG00000091428.20,RAPGEF4,chr2,172735273
ENSG00000197329.14,PELI1,chr2,64144472
ENSG00000184840.14,TMED9,chr5,177592173
ENSG00000285218.1,ENSG00000285218,chr3,170418867
ENSG00000154447.17,SH3RF1,chr4,169271184
ENSG00000206535.10,LNP1,chr3,100401191
ENSG00000163728.13,TTC14,chr3,180602077
ENSG00000288520.1,ENSG00000288520,chr6,154510113
ENSG00000196781.18,TLE1,chr9,81689680
ENSG00000146067.19,FAM193B,chr5,177554600
ENSG00000165280.20,VCP,chr9,35072724
ENSG00000146966.15,DENND2A,chr7,140673992
ENSG00000146457.18,WTAP,chr6,159716377
ENSG00000163739.7,CXCL1,chr4,73868962
ENSG00000165733.10,BMS1,chr10,42782635
ENSG00000067560.16,RHOA,chr3,49412997
ENSG00000124614.19,RPS10,chr6,34426236
ENSG00000250151.9,ARPC4-TTLL3,chr3,9793081
ENSG00000128683.16,GAD1,chr2,170813212
ENSG00000164961.18,WASHC5,chr8,125091818
ENSG00000112715.26,VEGFA,chr6,43770183
ENSG00000158258.16,CLSTN2,chr3,139935184
ENSG00000061676.18,NCKAP1,chr2,183038857
ENSG00000131711.16,MAP1B,chr5,72107233
ENSG00000160963.16,COL26A1,chr7,101362406
ENSG00000138744.19,NAAA,chr4,75941117
ENSG00000154174.10,TOMM70,chr3,100401422
ENSG00000272741.1,ENSG00000272741,chr3,196318221
ENSG00000124787.16,RPP40,chr6,5004062
ENSG00000148672.12,GLUD1,chr10,87095404
ENSG00000125945.17,ZNF436,chr1,23369959
ENSG00000013297.14,CLDN11,chr3,170418863
ENSG00000164329.17,TENT2,chr5,79611810
ENSG00000188986.10,NELFB,chr9,137255209
ENSG00000135597.21,REPS1,chr6,138988355
ENSG00000283526.5,PRRT1B,chr9,131545519
ENSG00000197070.16,ARRDC1,chr9,137605618
ENSG00000035928.19,RFC1,chr4,39366399
ENSG00000109576.16,AADAT,chr4,170091698
ENSG00000095787.28,WAC,chr10,28532492
ENSG00000196367.16,TRRAP,chr7,98877932
ENSG00000136872.23,ALDOB,chr9,101449663
ENSG00000132485.16,ZRANB2,chr1,71081288
ENSG00000186231.19,KLHL32,chr6,96924614
ENSG00000289791.1,ENSG00000289791,chr5,34008083
ENSG00000170619.12,COMMD5,chr8,144854228
ENSG00000049618.27,ARID1B,chr6,156776019
ENSG00000198576.4,ARC,chr8,142614478
ENSG00000144036.18,EXOC6B,chr2,72826054
ENSG00000143365.22,RORC,chr1,151831844
ENSG00000121578.15,B4GALT4,chr3,119240951
ENSG00000169031.23,COL4A3,chr2,227164508
ENSG00000156973.16,PDE6D,chr2,231786271
ENSG00000143816.9,WNT9A,chr1,227947938
ENSG00000106799.17,TGFBR1,chr9,99104037
ENSG00000106128.20,GHRHR,chr7,30938668
ENSG00000213066.16,CEP43,chr6,166999173
ENSG00000156831.11,NSMCE2,chr8,125091672
ENSG00000124767.9,GLO1,chr6,38703177
ENSG00000188566.17,NDOR1,chr9,137205661
ENSG00000188343.16,CIBAR1,chr8,93698560
ENSG00000104219.15,ZDHHC2,chr8,17155973
ENSG00000248767.2,FOXL3,chr7,290169
ENSG00000178209.19,PLEC,chr8,143977038
ENSG00000114737.18,CISH,chr3,50611983
ENSG00000120910.17,PPP3CC,chr8,22440745
ENSG00000164241.15,C5orf63,chr5,127073576
ENSG00000187713.7,TMEM203,chr9,137205647
ENSG00000040487.15,SLC66A1,chr1,19288043
ENSG00000164975.18,SNAPC3,chr9,15422660
ENSG00000067113.19,PLPP1,chr5,55535102
ENSG00000170915.11,PAQR8,chr6,52361420
ENSG00000134313.19,KIDINS220,chr2,8837629
ENSG00000157111.15,TMEM171,chr5,73120546
ENSG00000109321.13,AREG,chr4,74444998
ENSG00000182247.13,UBE2E2,chr3,23203014
ENSG00000074416.18,MGLL,chr3,128052189
ENSG00000169231.15,THBS3,chr1,155209202
ENSG00000146648.23,EGFR,chr7,55018819
ENSG00000145244.14,CORIN,chr4,47838150
ENSG00000251569.1,ENSG00000251569,chr2,169479479
ENSG00000163093.14,BBS5,chr2,169479479
ENSG00000134697.15,GNL2,chr1,37595954
ENSG00000151726.18,ACSL1,chr4,184826852
ENSG00000115896.18,PLCL1,chr2,197804540
ENSG00000179085.10,DPM3,chr1,155140594
ENSG00000162702.10,ZNF281,chr1,200410062
ENSG00000055609.22,KMT2C,chr7,152436655
ENSG00000153162.11,BMP6,chr6,7726048
ENSG00000137547.11,MRPL15,chr8,54135182
ENSG00000132326.14,PER2,chr2,238290101
ENSG00000081052.15,COL4A4,chr2,227164558
ENSG00000058262.13,SEC61A1,chr3,128051640
ENSG00000154222.17,CC2D1B,chr1,52366317
ENSG00000163393.15,SLC22A15,chr1,115976309
ENSG00000156345.20,CDK20,chr9,87974815
ENSG00000162458.15,FBLIM1,chr1,15756603
ENSG00000175874.11,CREG2,chr2,101387696
ENSG00000124508.19,BTN2A2,chr6,26383090
ENSG00000116521.14,SCAMP3,chr1,155262432
ENSG00000146729.12,NIPSNAP2,chr7,55951792
ENSG00000164366.6,CCDC127,chr5,218161
ENSG00000112996.13,MRPS30,chr5,44808940
ENSG00000164167.15,LSM6,chr4,146175684
ENSG00000160741.19,CRTC2,chr1,153958641
ENSG00000163913.16,IFT122,chr3,129429606
ENSG00000157693.17,TMEM268,chr9,114611205
ENSG00000162729.16,IGSF8,chr1,160101108
ENSG00000124532.17,MRS2,chr6,24402795
ENSG00000144802.12,NFKBIZ,chr3,101827990
ENSG00000288654.2,ENSG00000288654,chr3,88059046
ENSG00000168243.13,GNG4,chr1,235651095
ENSG00000239264.11,TXNDC5,chr6,7911010
ENSG00000160094.17,ZNF362,chr1,33256272
ENSG00000151914.23,DST,chr6,56955273
ENSG00000001561.9,ENPP4,chr6,46129958
ENSG00000228474.8,OST4,chr2,27073829
ENSG00000104432.17,IL7,chr8,78805526
ENSG00000107443.18,CCNJ,chr10,96043052
ENSG00000180902.20,D2HGDH,chr2,241734588
ENSG00000112796.12,ENPP5,chr6,46171112
ENSG00000176978.18,DPP7,chr9,137118308
ENSG00000106069.28,CHN2,chr7,29146546
ENSG00000112941.16,TENT4A,chr5,6713290
ENSG00000084623.14,EIF3I,chr1,32221076
ENSG00000082438.20,COBLL1,chr2,164843678
ENSG00000135778.14,NTPCR,chr1,232950558
ENSG00000128652.14,HOXD3,chr2,176136077
ENSG00000111962.10,UST,chr6,148746894
ENSG00000286106.4,NOTCH2NLR,chr1,120723911
ENSG00000273136.10,NBPF26,chr1,120723911
ENSG00000224940.12,PRRT4,chr7,128361939
ENSG00000107863.22,ARHGAP21,chr10,24723996
ENSG00000165102.17,HGSNAT,chr8,43140373
ENSG00000174808.14,BTC,chr4,74794716
ENSG00000196911.14,KPNA5,chr6,116681148
ENSG00000134318.18,ROCK2,chr2,11348329
ENSG00000188295.16,ZNF669,chr1,247104385
ENSG00000174839.15,DENND6A,chr3,57693126
ENSG00000051620.13,HEBP2,chr6,138403530
ENSG00000113648.19,MACROH2A1,chr5,135400022
ENSG00000158828.10,PINK1,chr1,20633435
ENSG00000188229.8,TUBB4B,chr9,137241277
ENSG00000117153.18,KLHL12,chr1,202928635
ENSG00000138286.17,FAM149B1,chr10,73168117
ENSG00000173728.12,SPMIP3,chr1,244352628
ENSG00000144535.22,DIS3L2,chr2,231961244
ENSG00000165695.12,AK8,chr9,132878776
ENSG00000162482.7,AKR7A3,chr1,19288822
ENSG00000188175.12,HEPACAM2,chr7,93226558
ENSG00000253313.8,C1orf210,chr1,43285907
ENSG00000165802.25,NSMF,chr9,137459575
ENSG00000011376.14,LARS2,chr3,45388515
ENSG00000137100.18,DCTN3,chr9,34620528
ENSG00000196821.12,ILRUN,chr6,34696883
ENSG00000272297.2,ENSG00000272297,chr4,186555327
ENSG00000127084.21,FGD3,chr9,92947409
ENSG00000036054.15,TBC1D23,chr3,100260779
ENSG00000180488.19,MIGA1,chr1,77779618
ENSG00000172771.14,EFCAB12,chr3,129428644
ENSG00000066777.11,ARFGEF1,chr8,67343960
ENSG00000109475.20,RPL34,chr4,108620507
ENSG00000163734.4,CXCL3,chr4,74038806
ENSG00000170759.13,KIF5B,chr10,32056453
ENSG00000198642.9,KLHL9,chr9,21335403
ENSG00000164294.16,GPX8,chr5,55160000
ENSG00000147571.7,CRH,chr8,66178631
ENSG00000235173.8,HGH1,chr8,144137773
ENSG00000124491.18,F13A1,chr6,6321012
ENSG00000171612.9,SLC25A33,chr1,9539436
ENSG00000153721.21,CNKSR3,chr6,154510684
ENSG00000113838.15,TBCCD1,chr3,186570542
ENSG00000112249.16,ASCC3,chr6,100881411
ENSG00000031691.9,CENPQ,chr6,49463334
ENSG00000048544.9,MRPS10,chr6,42217880
ENSG00000138777.22,PPA2,chr4,105474112
ENSG00000158286.15,RNF207,chr1,6205391
ENSG00000023572.11,GLRX2,chr1,193106113
ENSG00000070831.20,CDC42,chr1,22052626
ENSG00000134698.13,AGO4,chr1,35807975
ENSG00000159788.22,RGS12,chr4,3292981
ENSG00000138688.18,BLTP1,chr4,122152326
ENSG00000143322.22,ABL2,chr1,179229683
ENSG00000174891.16,RSRC1,chr3,158105674
ENSG00000175105.10,ZNF654,chr3,88058722
ENSG00000157343.10,ARMC12,chr6,35737027
ENSG00000049239.15,H6PD,chr1,9234738
ENSG00000163083.7,INHBB,chr2,120344813
ENSG00000146085.10,MMUT,chr6,49463320
ENSG00000224051.9,CPTP,chr1,1324755
ENSG00000198121.17,LPAR1,chr9,111038862
ENSG00000084652.18,TXLNA,chr1,32178096
ENSG00000137338.8,PGBD1,chr6,28281487
ENSG00000287080.2,H3C3,chr6,26045383
ENSG00000137177.21,KIF13A,chr6,17988273
ENSG00000219481.11,NBPF1,chr1,16613561
ENSG00000005249.16,PRKAR2B,chr7,107044626
ENSG00000142623.12,PADI1,chr1,17205119
ENSG00000171045.18,TSNARE1,chr8,142403269
ENSG00000173692.16,PSMD1,chr2,231056844
ENSG00000151917.20,BEND6,chr6,56954804
ENSG00000163517.17,HDAC11,chr3,13479723
ENSG00000132694.22,ARHGEF11,chr1,157046902
ENSG00000116514.19,RNF19B,chr1,32964937
ENSG00000078081.10,LAMP3,chr3,183163838
ENSG00000008083.16,JARID2,chr6,15244936
ENSG00000171135.17,JAGN1,chr3,9890568
ENSG00000148296.9,SURF6,chr9,133336288
ENSG00000196937.14,FAM3C,chr7,121398470
ENSG00000143862.10,ARL8A,chr1,202144754
ENSG00000099284.16,MACROH2A2,chr10,70052543
ENSG00000187288.14,CIDEC,chr3,9891007
ENSG00000092820.21,EZR,chr6,158819417
ENSG00000127054.24,INTS11,chr1,1324687
ENSG00000078070.16,MCCC1,chr3,183116074
ENSG00000111981.7,ULBP1,chr6,149963934
ENSG00000135821.20,GLUL,chr1,182392205
ENSG00000161203.16,AP2M1,chr3,184174688
ENSG00000175130.9,MARCKSL1,chr1,32336240
ENSG00000168710.20,AHCYL1,chr1,109984720
ENSG00000138735.18,PDE5A,chr4,119629258
ENSG00000242252.3,BGLAP,chr1,156242153
ENSG00000114738.13,MAPKAPK3,chr3,50611486
ENSG00000081277.14,PKP1,chr1,201283451
ENSG00000204130.16,RUFY2,chr10,68407380
ENSG00000020129.18,NCDN,chr1,35557441
ENSG00000185015.9,CA13,chr8,85220586
ENSG00000066279.21,ASPM,chr1,197146698
ENSG00000147457.16,CHMP7,chr8,23243629
ENSG00000148297.18,MED22,chr9,133348139
ENSG00000182578.16,CSF1R,chr5,150113371
ENSG00000041988.18,THAP3,chr1,6624844
ENSG00000107537.16,PHYH,chr10,13302411
ENSG00000189292.19,ALKAL2,chr2,289622
ENSG00000112414.17,ADGRG6,chr6,142301501
ENSG00000156136.12,DCK,chr4,70992537
ENSG00000059691.14,GATB,chr4,151761037
ENSG00000181192.14,DHTKD1,chr10,12068925
ENSG00000182010.13,RTKN2,chr10,62268899
ENSG00000163818.22,LZTFL1,chr3,45916041
ENSG00000142675.20,CNKSR1,chr1,26177458
ENSG00000145700.11,ANKRD31,chr5,75236914
ENSG00000144559.13,TAMM41,chr3,11846918
ENSG00000174371.19,EXO1,chr1,241847966
ENSG00000239789.8,MRPS17,chr7,55950704
ENSG00000143727.18,ACP1,chr2,264139
ENSG00000096696.18,DSP,chr6,7541319
ENSG00000163535.20,SGO2,chr2,200510007
ENSG00000162522.13,NHSL3,chr1,32741695
ENSG00000172348.17,RCAN2,chr6,46491971
ENSG00000083444.19,PLOD1,chr1,11934204
ENSG00000171450.6,CDK5R2,chr2,218959665
ENSG00000138303.21,ASCC1,chr10,72217652
ENSG00000176731.14,RBIS,chr8,85220792
ENSG00000131019.13,ULBP3,chr6,150069190
ENSG00000178028.16,DMAP1,chr1,44213426
ENSG00000178809.13,TRIM73,chr7,75395062
ENSG00000164111.17,ANXA5,chr4,121697329
ENSG00000076864.23,RAP1GAP,chr1,21669845
ENSG00000105889.18,STEAP1B,chr7,22727788
ENSG00000137571.13,SLCO5A1,chr8,69835063
ENSG00000164221.15,CCDC112,chr5,115296755
ENSG00000165678.24,GHITM,chr10,84139481
ENSG00000157303.13,SUSD3,chr9,93058683
ENSG00000179091.7,CYC1,chr8,144095038
ENSG00000142959.8,BEST4,chr1,44791549
ENSG00000150093.22,ITGB1,chr10,33005791
ENSG00000138686.12,BBS7,chr4,121870501
ENSG00000288698.1,ENSG00000288698,chr3,179604806
ENSG00000142875.23,PRKACB,chr1,84077948
ENSG00000150873.14,CIMIP5,chr2,11133008
ENSG00000134086.12,VHL,chr3,10141763
ENSG00000198198.18,SZT2,chr1,43389881
ENSG00000156711.19,MAPK13,chr6,36127808
ENSG00000073803.16,MAP3K13,chr3,185282940
ENSG00000146830.13,GIGYF1,chr7,100694480
ENSG00000164252.15,AGGF1,chr5,77029250
ENSG00000221914.13,PPP2R2A,chr8,26291506
ENSG00000153404.17,PLEKHG4B,chr5,92000
ENSG00000117360.15,PRPF3,chr1,150321475
ENSG00000107890.19,ANKRD26,chr10,27100519
ENSG00000171320.16,ESCO2,chr8,27771948
ENSG00000119782.15,FKBP1B,chr2,24049673
ENSG00000136521.15,NDUFB5,chr3,179604689
ENSG00000106459.17,NRF1,chr7,129611686
ENSG00000151729.13,SLC25A4,chr4,185143232
ENSG00000092969.13,TGFB2,chr1,218345335
ENSG00000275126.2,H4C13,chr6,27873533
ENSG00000137185.15,ZSCAN9,chr6,28224885
ENSG00000168779.21,SHOX2,chr3,158106419
ENSG00000197273.6,GUCA2A,chr1,42164814
ENSG00000145388.17,METTL14,chr4,118685380
ENSG00000146918.22,NCAPG2,chr7,158704864
ENSG00000169403.14,PTAFR,chr1,28194082
ENSG00000082269.19,FAM135A,chr6,70412940
ENSG00000165630.17,PRPF18,chr10,13586921
ENSG00000163946.16,TASOR,chr3,56683304
ENSG00000187800.16,PEAR1,chr1,156893655
ENSG00000134330.20,IAH1,chr2,9473657
ENSG00000185304.18,RGPD2,chr2,87825961
ENSG00000168172.11,HOOK3,chr8,42896498
ENSG00000112624.16,BICRAL,chr6,42781930
ENSG00000159479.19,MED8,chr1,43389822
ENSG00000242616.6,GNG10,chr9,111661339
ENSG00000121310.19,ECHDC2,chr1,52927211
ENSG00000284662.2,OR4F16,chr1,686653
ENSG00000188725.10,SMIM15,chr5,61163141
ENSG00000137216.21,TMEM63B,chr6,44126613
ENSG00000171476.25,HOPX,chr4,56681876
ENSG00000104320.17,NBN,chr8,90003227
ENSG00000136522.16,MRPL47,chr3,179604662
ENSG00000185250.18,PPIL6,chr6,109441170
ENSG00000123685.10,BATF3,chr1,212699887
ENSG00000131015.7,ULBP2,chr6,149941937
ENSG00000047365.15,ARAP2,chr4,36244854
ENSG00000198585.13,NUDT16,chr3,131381670
ENSG00000172748.16,ZNF596,chr8,232119
ENSG00000117226.15,GBP3,chr1,89022893
ENSG00000159840.18,ZYX,chr7,143381075
ENSG00000205765.12,RIMOC1,chr5,41904187
ENSG00000117322.21,CR2,chr1,207453023
ENSG00000077254.16,USP33,chr1,77759903
ENSG00000006377.11,DLX6,chr7,97005552
ENSG00000109458.12,GAB1,chr4,143336149
ENSG00000116171.21,SCP2,chr1,52927254
ENSG00000146263.14,MMS22L,chr6,97283240
ENSG00000155016.20,CYP2U1,chr4,107931323
ENSG00000091483.10,FH,chr1,241519798
ENSG00000107263.21,RAPGEF1,chr9,131740133
ENSG00000288564.1,ENSG00000288564,chr6,43058184
ENSG00000174749.7,FAM241A,chr4,112145407
ENSG00000285000.1,ENSG00000285000,chr5,77030901
ENSG00000137221.16,TJAP1,chr6,43477522
ENSG00000204764.16,RANBP17,chr5,170861854
ENSG00000134245.19,WNT2B,chr1,112466540
ENSG00000135940.9,COX5B,chr2,97646033
ENSG00000198715.15,GLMP,chr1,156295698
ENSG00000112039.8,FANCE,chr6,35452314
ENSG00000170860.6,LSM3,chr3,14178748
ENSG00000072135.15,PTPN18,chr2,130356025
ENSG00000087274.21,ADD1,chr4,2843575
ENSG00000147854.20,UHRF2,chr9,6413150
ENSG00000016402.16,IL20RA,chr6,137045179
ENSG00000186212.4,SOWAHB,chr4,76898143
ENSG00000135587.11,SMPD2,chr6,109440677
ENSG00000154767.18,XPC,chr3,14178766
ENSG00000108094.19,CUL2,chr10,35127005
ENSG00000176058.15,TPRN,chr9,137204192
ENSG00000173083.18,HPSE,chr4,83335152
ENSG00000143258.18,USP21,chr1,161159449
ENSG00000148303.19,RPL7A,chr9,133347949
ENSG00000146021.17,KLHL3,chr5,137736220
ENSG00000147853.19,AK3,chr9,4742042
ENSG00000135775.16,COG2,chr1,230642439
ENSG00000070718.15,AP3M2,chr8,42152945
ENSG00000114988.14,LMAN2L,chr2,96740086
ENSG00000204021.5,LIPK,chr10,88706248
ENSG00000172667.13,ZMAT3,chr3,179072322
ENSG00000148459.18,PDSS1,chr10,26697440
ENSG00000186007.11,LEMD1,chr1,205456414
ENSG00000178385.17,PLEKHM3,chr2,208025845
ENSG00000183763.11,TRAIP,chr3,49856596
ENSG00000081059.22,TCF7,chr5,134114644
ENSG00000131584.21,ACAP3,chr1,1309608
ENSG00000162636.18,EEIG2,chr1,108560030
ENSG00000211445.14,GPX3,chr5,151020584
ENSG00000163704.15,PRRT3,chr3,9952441
ENSG00000169019.13,COMMD8,chr4,47463729
ENSG00000204767.5,INSYN2B,chr5,169980506
ENSG00000154429.12,CCSAP,chr1,229343293
ENSG00000004455.20,AK2,chr1,33080995
ENSG00000138709.22,LARP1B,chr4,128060637
ENSG00000106992.21,AK1,chr9,127878557
ENSG00000197982.15,C1orf122,chr1,37806978
ENSG00000179774.9,ATOH7,chr10,68232112
ENSG00000116199.14,FAM20B,chr1,179025803
ENSG00000198380.15,GFPT1,chr2,69387312
ENSG00000166228.11,PCBD1,chr10,70888615
ENSG00000073792.18,IGF2BP2,chr3,185825308
ENSG00000171115.6,GIMAP8,chr7,150450623
ENSG00000284686.1,ENSG00000284686,chr1,56524494
ENSG00000157985.21,AGAP1,chr2,235494025
ENSG00000117266.18,CDK18,chr1,205504550
ENSG00000164053.24,ATRIP,chr3,48446709
ENSG00000171793.19,CTPS1,chr1,40979299
ENSG00000155846.19,PPARGC1B,chr5,149729993
ENSG00000142751.17,GPN2,chr1,26890282
ENSG00000177144.8,NUDT4B,chr1,148748773
ENSG00000158109.17,TPRG1L,chr1,3624978
ENSG00000107551.23,RASSF4,chr10,44959406
ENSG00000085491.19,SLC25A24,chr1,108200876
ENSG00000115598.12,IL1RL2,chr2,102186964
ENSG00000164746.16,C7orf57,chr7,48035500
ENSG00000137154.15,RPS6,chr9,19380298
ENSG00000136982.8,DSCC1,chr8,119856021
ENSG00000176020.9,AMIGO3,chr3,49719683
ENSG00000227471.10,AKR1B15,chr7,134548937
ENSG00000172053.20,QARS1,chr3,49105129
ENSG00000145246.16,ATP10D,chr4,47485203
ENSG00000083123.17,BCKDHB,chr6,80106625
ENSG00000136634.7,IL10,chr1,206774540
ENSG00000198515.18,CNGA1,chr4,48017300
ENSG00000185955.6,SPACDR,chr7,100464276
ENSG00000205089.10,CCNI2,chr5,132747318
ENSG00000121892.17,PDS5A,chr4,39977992
ENSG00000091181.21,IL5RA,chr3,3126612
ENSG00000233757.8,ZNF892,chr2,95207509
ENSG00000118482.14,PHF3,chr6,63635770
ENSG00000173085.16,COQ2,chr4,83285140
ENSG00000171462.17,DLK2,chr6,43456631
ENSG00000226887.10,ERVMER34-1,chr4,52751896
ENSG00000147408.18,CSGALNACT1,chr8,19758029
ENSG00000086730.19,LAT2,chr7,74199651
ENSG00000095794.22,CREM,chr10,35126790
ENSG00000109685.21,NSD2,chr4,1870558
ENSG00000072756.20,TRNT1,chr3,3126363
ENSG00000142687.21,KIAA0319L,chr1,35557949
ENSG00000121858.13,TNFSF10,chr3,172523528
ENSG00000002549.15,LAP3,chr4,17577166
ENSG00000120925.18,RNF170,chr8,42897308
ENSG00000184374.5,COLEC10,chr8,118995451
ENSG00000142920.20,AZIN2,chr1,33081103
ENSG00000181634.9,TNFSF15,chr9,114806093
ENSG00000170786.15,SDR16C5,chr8,56320775
ENSG00000146242.11,TPBG,chr6,82363199
ENSG00000053900.13,ANAPC4,chr4,25377209
ENSG00000107020.12,PLGRKT,chr9,5439251
ENSG00000134108.16,ARL8B,chr3,5122230
ENSG00000162627.19,SNX7,chr1,98661624
ENSG00000182827.11,ACBD3,chr1,226186762
ENSG00000117691.12,NENF,chr1,212432852
ENSG00000165029.18,ABCA1,chr9,104928247
ENSG00000155158.22,TTC39B,chr9,15307359
ENSG00000065665.23,SEC61A2,chr10,12129636
ENSG00000109220.13,CHIC2,chr4,54064665
ENSG00000018510.20,AGPS,chr2,177392575
ENSG00000081248.14,CACNA1S,chr1,201112463
ENSG00000198105.18,ZNF248,chr10,37858106
ENSG00000228570.8,NUTM2E,chr10,79826738
ENSG00000054116.14,TRAPPC3,chr1,36156052
ENSG00000293543.2,DUSP13A,chr10,75109250
ENSG00000165507.11,DEPP1,chr10,44978815
ENSG00000138375.16,SMARCAL1,chr2,216412382
ENSG00000117318.11,ID3,chr1,23560585
ENSG00000143162.11,CREG1,chr1,167553821
ENSG00000237693.7,IRGM,chr5,150846520
ENSG00000164930.14,FZD6,chr8,103298432
ENSG00000137267.9,TUBB2A,chr6,3157552
ENSG00000114853.16,ZBTB47,chr3,42652899
ENSG00000160948.16,VPS28,chr8,144429498
ENSG00000168026.21,TTC21A,chr3,39107193
ENSG00000151883.22,PARP8,chr5,50665875
ENSG00000163930.11,BAP1,chr3,52410037
ENSG00000169760.19,NLGN1,chr3,173396283
ENSG00000135750.17,KCNK1,chr1,233614020
ENSG00000116871.18,MAP7D1,chr1,36155540
ENSG00000152465.20,NMT2,chr10,15168723
ENSG00000164458.12,TBXT,chr6,166168814
ENSG00000116127.21,ALMS1,chr2,73385757
ENSG00000183770.7,FOXL2,chr3,138947136
ENSG00000174953.16,DHX36,chr3,154324990
ENSG00000136877.18,FPGS,chr9,127794596
ENSG00000112167.12,SAYSD1,chr6,39115192
ENSG00000137462.12,TLR2,chr4,153684049
ENSG00000125386.18,FAM193A,chr4,2536571
ENSG00000165272.18,AQP3,chr9,33447595
ENSG00000176720.8,BOK,chr2,241551299
ENSG00000116044.19,NFE2L2,chr2,177392755
ENSG00000168297.18,PXK,chr3,58332578
ENSG00000005436.16,GCFC2,chr2,75711183
ENSG00000144468.19,RHBDD1,chr2,226835580
ENSG00000206262.11,FOXL2NB,chr3,138947176
ENSG00000027869.15,SH2D2A,chr1,156817013
ENSG00000165275.12,TRMT10B,chr9,37753767
ENSG00000008988.13,RPS20,chr8,56074574
ENSG00000179133.17,C10orf67,chr10,23344844
ENSG00000135828.13,RNASEL,chr1,182589271
ENSG00000251493.5,FOXD1,chr5,73448776
ENSG00000143622.14,RIT1,chr1,155911407
ENSG00000185614.9,INKA1,chr3,49803227
ENSG00000116604.21,MEF2D,chr1,156501265
ENSG00000144029.16,MRPS5,chr2,95122033
ENSG00000186051.8,TAL2,chr9,105656228
ENSG00000112640.18,PPP2R5D,chr6,42984532
ENSG00000121931.18,LRIF1,chr1,110964092
ENSG00000183508.7,TENT5C,chr1,117605925
ENSG00000146072.8,TNFRSF21,chr6,47310005
ENSG00000156804.9,FBXO32,chr8,123541272
ENSG00000188372.16,ZP3,chr7,76397496
ENSG00000122378.16,PRXL2A,chr10,80406442
ENSG00000152422.18,XRCC4,chr5,83077497
ENSG00000172671.22,ZFAND4,chr10,45673046
ENSG00000179921.16,GPBAR1,chr2,218259495
ENSG00000118507.21,AKAP7,chr6,131135215
ENSG00000164002.14,EXO5,chr1,40508440
ENSG00000128641.21,MYO1B,chr2,191245063
ENSG00000138738.13,PRDM5,chr4,120923088
ENSG00000047056.20,WDR37,chr10,1049264
ENSG00000198700.12,IPO9,chr1,201829103
ENSG00000213672.10,NCKIPSD,chr3,48686363
ENSG00000138802.13,SEC24B,chr4,109433601
ENSG00000148300.14,REXO4,chr9,133418095
ENSG00000124608.7,AARS2,chr6,44313375
ENSG00000137941.19,TTLL7,chr1,83999412
ENSG00000006555.13,TTC22,chr1,54801507
ENSG00000167123.22,CERCAM,chr9,128411574
ENSG00000067064.14,IDI1,chr10,1049363
ENSG00000148498.19,PARD3,chr10,34815423
ENSG00000136867.12,SLC31A2,chr9,113150950
ENSG00000104369.7,JPH1,chr8,74321606
ENSG00000111801.18,BTN3A3,chr6,26440451
ENSG00000196715.9,VKORC1L1,chr7,65873068
ENSG00000148357.19,HMCN2,chr9,130265745
ENSG00000168118.14,RAB4A,chr1,229271061
ENSG00000115840.16,SLC25A12,chr2,171999858
ENSG00000112406.7,HECA,chr6,139135063
ENSG00000142949.20,PTPRF,chr1,43525085
ENSG00000143013.15,LMO4,chr1,87328427
ENSG00000109606.15,DHX15,chr4,24584607
ENSG00000133872.16,SARAF,chr8,30083330
ENSG00000145337.6,PYURF,chr4,88523793
ENSG00000122952.19,ZWINT,chr10,56361391
ENSG00000184719.14,RNLS,chr10,88584529
ENSG00000164287.13,CDC20B,chr5,55173176
ENSG00000081803.19,CADPS2,chr7,122886778
ENSG00000157869.18,RAB28,chr4,13484364
ENSG00000172878.16,METAP1D,chr2,171999934
ENSG00000107742.16,SPOCK2,chr10,72089031
ENSG00000160781.19,PAQR6,chr1,156248646
ENSG00000165724.8,ZMYND19,chr9,137590519
ENSG00000170006.15,TMEM154,chr4,152680050
ENSG00000131238.20,PPT1,chr1,40097266
ENSG00000293542.1,DUSP13B,chr10,75109205
ENSG00000112297.19,CRYBG1,chr6,106360562
ENSG00000010256.14,UQCRC1,chr3,48610975
ENSG00000287542.1,HERC3,chr4,88523809
ENSG00000274810.4,NPHP3-ACAD11,chr3,132722458
ENSG00000162576.19,MXRA8,chr1,1361799
ENSG00000163884.6,KLF15,chr3,126357461
ENSG00000090316.18,MAEA,chr4,1289838
ENSG00000187801.17,ZFP69B,chr1,40450052
ENSG00000180549.10,FUT7,chr9,137032824
ENSG00000168453.18,HR,chr8,22133392
ENSG00000009780.18,FAM76A,chr1,27725945
ENSG00000156966.9,B3GNT7,chr2,231395557
ENSG00000111850.13,SMIM8,chr6,87322558
ENSG00000282278.1,ENSG00000282278,chr4,53377838
ENSG00000142973.18,CYP4B1,chr1,46757837
ENSG00000112659.16,CUL9,chr6,43182165
ENSG00000148341.20,SH3GLB2,chr9,129028368
ENSG00000136542.11,GALNT5,chr2,157257496
ENSG00000003989.20,SLC7A2,chr8,17496974
ENSG00000157851.19,DPYSL5,chr2,26847746
ENSG00000160326.16,SLC2A6,chr9,133479147
ENSG00000242485.8,MRPL20,chr1,1407305
ENSG00000134709.15,HOOK1,chr1,59814785
ENSG00000243710.10,CFAP57,chr1,43172325
ENSG00000123689.8,G0S2,chr1,209675404
ENSG00000283930.1,PLD5P1,chr10,38094367
ENSG00000188807.15,TMEM201,chr1,9588717
ENSG00000169876.14,MUC17,chr7,101020071
ENSG00000165879.9,FRAT1,chr10,97319270
ENSG00000164031.19,DNAJB14,chr4,99946725
ENSG00000075407.21,ZNF37A,chr10,38094269
ENSG00000013561.20,RNF14,chr5,141958304
ENSG00000131788.18,PIAS3,chr1,145859835
ENSG00000145216.19,FIP1L1,chr4,53377561
ENSG00000143502.18,SUSD4,chr1,223365278
ENSG00000137575.14,SDCBP,chr8,58552923
ENSG00000113971.23,NPHP3,chr3,132722497
ENSG00000243749.4,TMEM35B,chr1,34985349
ENSG00000152128.15,TMEM163,chr2,134719167
ENSG00000151224.15,MAT1A,chr10,80290149
ENSG00000168283.16,BMI1,chr10,22321057
ENSG00000276410.5,H2BC3,chr6,26043712
ENSG00000255072.3,PIGY,chr4,88523775
ENSG00000197081.17,IGF2R,chr6,159969032
ENSG00000181915.6,ADO,chr10,62804719
ENSG00000144034.18,TPRKB,chr2,73737420
ENSG00000135047.18,CTSL,chr9,87724050
ENSG00000162642.16,C1orf52,chr1,85259685
ENSG00000107282.10,APBA1,chr9,69672391
ENSG00000197724.14,PHF2,chr9,93576365
ENSG00000005469.14,CROT,chr7,87317126
ENSG00000282872.2,C1orf232,chr1,26168962
ENSG00000154589.9,LY96,chr8,73991345
ENSG00000170088.16,TMEM192,chr4,165208548
ENSG00000159352.18,PSMD4,chr1,151254708
ENSG00000284773.1,ENSG00000284773,chr1,34985312
ENSG00000221947.10,XKR9,chr8,70669330
ENSG00000130764.12,LRRC47,chr1,3796516
ENSG00000076356.9,PLXNA2,chr1,208244849
ENSG00000133398.6,MED10,chr5,6378592
ENSG00000164088.20,PPM1M,chr3,52245740
ENSG00000178425.16,NT5DC1,chr6,116100803
ENSG00000124570.23,SERPINB6,chr6,2972374
ENSG00000174695.11,TMEM167A,chr5,83077862
ENSG00000079950.16,STX7,chr6,132513998
ENSG00000126091.23,ST3GAL3,chr1,43705823
ENSG00000176209.14,SMIM19,chr8,42541131
ENSG00000114554.13,PLXNA1,chr3,126982692
ENSG00000162643.15,DNAI3,chr1,84999146
ENSG00000117868.20,ESYT2,chr7,158830252
ENSG00000284733.2,OR4F29,chr1,451677
ENSG00000181322.17,NME9,chr3,138331353
ENSG00000182580.5,EPHB3,chr3,184561750
ENSG00000137409.23,MTCH1,chr6,36986297
ENSG00000174738.16,NR1D2,chr3,23945257
ENSG00000085978.24,ATG16L1,chr2,233210050
ENSG00000204661.10,SPATA31J1,chr5,179658431
ENSG00000177613.9,CSTF2T,chr10,51699594
ENSG00000197530.15,MIB2,chr1,1615432
ENSG00000147592.11,LACTB2,chr8,70669305
ENSG00000234444.11,ZNF736,chr7,64306825
ENSG00000203722.10,RAET1G,chr6,149923125
ENSG00000055955.19,ITIH4,chr3,52831068
ENSG00000261793.1,ENSG00000261793,chr9,137171983
ENSG00000116863.13,ADPRS,chr1,36088872
ENSG00000137434.14,C6orf52,chr6,10694796
ENSG00000196586.19,MYO6,chr6,75748787
ENSG00000169925.19,BRD3,chr9,134068559
ENSG00000152503.12,TRIM36,chr5,115180545
ENSG00000177453.9,NIM1K,chr5,43192070
ENSG00000129187.17,DCTD,chr4,182917935
ENSG00000170542.9,SERPINB9,chr6,2903317
ENSG00000114547.11,ROPN1B,chr3,125969152
ENSG00000213281.7,NRAS,chr1,114716774
ENSG00000143028.11,SYPL2,chr1,109466528
ENSG00000113812.16,ACTR8,chr3,53882201
ENSG00000131730.18,CKMT2,chr5,81232672
ENSG00000115468.15,EFHD1,chr2,232606056
ENSG00000142684.10,ZNF593,chr1,26169891
ENSG00000111879.21,FAM184A,chr6,119149386
ENSG00000185972.7,CCIN,chr9,36165750
ENSG00000162910.21,MRPL55,chr1,228109357
ENSG00000124786.15,SLC35B3,chr6,8435982
ENSG00000113312.14,TTC1,chr5,160009099
ENSG00000084734.11,GCKR,chr2,27496054
ENSG00000184182.21,UBE2F,chr2,237966826
ENSG00000240857.4,RDH14,chr2,18560696
ENSG00000198742.12,SMURF1,chr7,99144170
ENSG00000111845.7,PAK1IP1,chr6,10694632
ENSG00000197858.14,GPAA1,chr8,144082336
ENSG00000136859.12,ANGPTL2,chr9,127122785
ENSG00000164532.11,TBX20,chr7,35254099
ENSG00000175426.13,PCSK1,chr5,96434142
ENSG00000198203.12,SULT1C2,chr2,108288638
ENSG00000188846.15,RPL14,chr3,40457291
ENSG00000230178.1,OR4F3,chr5,181367267
ENSG00000175787.20,ZNF169,chr9,94259279
ENSG00000005483.24,KMT2E,chr7,104940942
ENSG00000151276.25,MAGI1,chr3,66038930
ENSG00000114113.8,RBP2,chr3,139480766
ENSG00000118689.17,FOXO3,chr6,108559651
ENSG00000171992.15,SYNPO,chr5,150601079
ENSG00000143811.22,PYCR2,chr1,225924339
ENSG00000104381.16,GDAP1,chr8,74320612
