Using an excessive number of cores has a diminishing return! It is recommended not to exceed 8 cores per trimming process (you asked for 16 cores). Please consider re-specifying
Path to Cutadapt set as: 'cutadapt' (default)
Cutadapt seems to be working fine (tested command 'cutadapt --version')
Cutadapt version: 4.2
Could not detect version of Python used by Cutadapt from the first line of Cutadapt (but found this: >>>#!/bin/sh<<<)
Letting the (modified) Cutadapt deal with the Python version instead
pigz 2.6
Parallel gzip (pigz) detected. Proceeding with multicore (de)compression using 16 cores

igzip command line interface 2.30.0
igzip detected. Using igzip for decompressing

No quality encoding type selected. Assuming that the data provided uses Sanger encoded Phred scores (default)

Output will be written into the directory: /gpfs/projects/b1042/LauberthLab/BenFolder/p53kdtrimmeddir/
Writing report to '/gpfs/projects/b1042/LauberthLab/BenFolder/p53kdtrimmeddir/MutP53_Input1_S0_L001_R1_001.fastq.gz_trimming_report.txt'

SUMMARISING RUN PARAMETERS
==========================
Input filename: p53kd/MutP53_Input1_S0_L001_R1_001.fastq.gz
Trimming mode: paired-end
Trim Galore version: 0.6.10
Cutadapt version: 4.2
Python version: could not detect
Number of cores used for trimming: 16
Quality Phred score cutoff: 20
Quality encoding type selected: ASCII+33
Adapter sequence: 'AGATCGGAAGAGC' (Illumina TruSeq, Sanger iPCR; user defined)
Maximum trimming error rate: 0.1 (default)
Minimum required adapter overlap (stringency): 1 bp
Minimum required sequence length for both reads before a sequence pair gets removed: 20 bp
Output file(s) will be GZIP compressed

Cutadapt seems to be fairly up-to-date (version 4.2). Setting -j 16
Writing final adapter and quality trimmed output to MutP53_Input1_S0_L001_R1_001_trimmed.fq.gz


  >>> Now performing quality (cutoff '-q 20') and adapter trimming in a single pass for the adapter sequence: 'AGATCGGAAGAGC' from file p53kd/MutP53_Input1_S0_L001_R1_001.fastq.gz <<< 
10000000 sequences processed
20000000 sequences processed
30000000 sequences processed
40000000 sequences processed
This is cutadapt 4.2 with Python 3.8.16
Command line parameters: -j 16 -e 0.1 -q 20 -O 1 -a AGATCGGAAGAGC p53kd/MutP53_Input1_S0_L001_R1_001.fastq.gz
Processing single-end reads on 16 cores ...
Finished in 111.746 s (2.574 µs/read; 23.31 M reads/minute).

=== Summary ===

Total reads processed:              43,412,986
Reads with adapters:                18,463,791 (42.5%)
Reads written (passing filters):    43,412,986 (100.0%)

Total basepairs processed: 6,555,360,886 bp
Quality-trimmed:              24,426,699 bp (0.4%)
Total written (filtered):  6,401,883,642 bp (97.7%)

=== Adapter 1 ===

Sequence: AGATCGGAAGAGC; Type: regular 3'; Length: 13; Trimmed: 18463791 times

Minimum overlap: 1
No. of allowed errors:
1-9 bp: 0; 10-13 bp: 1

Bases preceding removed adapters:
  A: 32.1%
  C: 24.3%
  G: 18.0%
  T: 25.6%
  none/other: 0.1%

Overview of removed sequences
length	count	expect	max.err	error counts
1	11199974	10853246.5	0	11199974
2	2708865	2713311.6	0	2708865
3	972618	678327.9	0	972618
4	284899	169582.0	0	284899
5	123333	42395.5	0	123333
6	87651	10598.9	0	87651
7	82953	2649.7	0	82953
8	82814	662.4	0	82814
9	87102	165.6	0	86530 572
10	75122	41.4	1	73611 1511
11	81004	10.4	1	79206 1798
12	73484	2.6	1	72446 1038
13	75763	0.6	1	74114 1649
14	72091	0.6	1	70828 1263
15	72664	0.6	1	71002 1662
16	69188	0.6	1	67977 1211
17	70790	0.6	1	69026 1764
18	63906	0.6	1	62984 922
19	64800	0.6	1	63616 1184
20	64734	0.6	1	63357 1377
21	64731	0.6	1	63153 1578
22	58913	0.6	1	58045 868
23	59550	0.6	1	58478 1072
24	57264	0.6	1	56244 1020
25	58017	0.6	1	56803 1214
26	54143	0.6	1	53185 958
27	54388	0.6	1	53204 1184
28	53821	0.6	1	52352 1469
29	52373	0.6	1	51207 1166
30	48447	0.6	1	47804 643
31	48597	0.6	1	47714 883
32	48579	0.6	1	47368 1211
33	45614	0.6	1	44730 884
34	46998	0.6	1	45669 1329
35	42198	0.6	1	41484 714
36	43276	0.6	1	42202 1074
37	42794	0.6	1	41813 981
38	40163	0.6	1	39359 804
39	39836	0.6	1	38865 971
40	37763	0.6	1	37015 748
41	38977	0.6	1	37866 1111
42	38095	0.6	1	37043 1052
43	37806	0.6	1	36643 1163
44	51414	0.6	1	49976 1438
45	24366	0.6	1	23609 757
46	39371	0.6	1	38342 1029
47	27803	0.6	1	27193 610
48	34421	0.6	1	33626 795
49	33866	0.6	1	33070 796
50	42359	0.6	1	41532 827
51	39932	0.6	1	39075 857
52	59945	0.6	1	59005 940
53	82469	0.6	1	81558 911
54	43899	0.6	1	43171 728
55	45715	0.6	1	45157 558
56	43412	0.6	1	42886 526
57	27403	0.6	1	26991 412
58	8566	0.6	1	8318 248
59	7216	0.6	1	6946 270
60	7218	0.6	1	7010 208
61	10382	0.6	1	10150 232
62	8869	0.6	1	8669 200
63	6182	0.6	1	5999 183
64	7627	0.6	1	7392 235
65	12347	0.6	1	12102 245
66	12736	0.6	1	12519 217
67	6902	0.6	1	6696 206
68	1838	0.6	1	1711 127
69	1101	0.6	1	997 104
70	1035	0.6	1	947 88
71	1091	0.6	1	1021 70
72	1237	0.6	1	1175 62
73	2264	0.6	1	2166 98
74	4830	0.6	1	4741 89
75	8047	0.6	1	7942 105
76	9763	0.6	1	9606 157
77	10354	0.6	1	10222 132
78	10165	0.6	1	10019 146
79	10105	0.6	1	9949 156
80	9890	0.6	1	9732 158
81	9738	0.6	1	9584 154
82	9099	0.6	1	8943 156
83	8834	0.6	1	8715 119
84	8429	0.6	1	8303 126
85	8256	0.6	1	8109 147
86	7772	0.6	1	7643 129
87	7354	0.6	1	7212 142
88	7136	0.6	1	7021 115
89	6729	0.6	1	6617 112
90	6372	0.6	1	6255 117
91	5957	0.6	1	5847 110
92	5581	0.6	1	5480 101
93	5137	0.6	1	5046 91
94	4972	0.6	1	4886 86
95	4441	0.6	1	4367 74
96	4293	0.6	1	4218 75
97	4204	0.6	1	4123 81
98	5051	0.6	1	4957 94
99	3681	0.6	1	3625 56
100	2927	0.6	1	2874 53
101	2654	0.6	1	2598 56
102	2373	0.6	1	2324 49
103	2011	0.6	1	1967 44
104	1828	0.6	1	1790 38
105	1660	0.6	1	1627 33
106	1478	0.6	1	1432 46
107	1307	0.6	1	1275 32
108	1152	0.6	1	1109 43
109	930	0.6	1	906 24
110	846	0.6	1	813 33
111	786	0.6	1	742 44
112	666	0.6	1	628 38
113	520	0.6	1	496 24
114	744	0.6	1	711 33
115	20911	0.6	1	20607 304
116	451	0.6	1	406 45
117	243	0.6	1	220 23
118	182	0.6	1	169 13
119	153	0.6	1	130 23
120	116	0.6	1	91 25
121	119	0.6	1	103 16
122	94	0.6	1	81 13
123	93	0.6	1	73 20
124	74	0.6	1	58 16
125	91	0.6	1	71 20
126	73	0.6	1	52 21
127	74	0.6	1	50 24
128	62	0.6	1	46 16
129	65	0.6	1	49 16
130	68	0.6	1	49 19
131	77	0.6	1	51 26
132	56	0.6	1	41 15
133	48	0.6	1	32 16
134	55	0.6	1	29 26
135	64	0.6	1	40 24
136	44	0.6	1	28 16
137	49	0.6	1	32 17
138	58	0.6	1	37 21
139	65	0.6	1	44 21
140	51	0.6	1	38 13
141	77	0.6	1	64 13
142	51	0.6	1	41 10
143	40	0.6	1	29 11
144	52	0.6	1	34 18
145	47	0.6	1	29 18
146	66	0.6	1	45 21
147	63	0.6	1	40 23
148	49	0.6	1	25 24
149	47	0.6	1	20 27
150	100	0.6	1	5 95
151	12607	0.6	1	30 12577

RUN STATISTICS FOR INPUT FILE: p53kd/MutP53_Input1_S0_L001_R1_001.fastq.gz
=============================================
43412986 sequences processed in total
The length threshold of paired-end sequences gets evaluated later on (in the validation step)

Writing report to '/gpfs/projects/b1042/LauberthLab/BenFolder/p53kdtrimmeddir/MutP53_Input1_S0_L001_R2_001.fastq.gz_trimming_report.txt'

SUMMARISING RUN PARAMETERS
==========================
Input filename: p53kd/MutP53_Input1_S0_L001_R2_001.fastq.gz
Trimming mode: paired-end
Trim Galore version: 0.6.10
Cutadapt version: 4.2
Python version: could not detect
Number of cores used for trimming: 16
Quality Phred score cutoff: 20
Quality encoding type selected: ASCII+33
Adapter sequence: 'AGATCGGAAGAGC' (Illumina TruSeq, Sanger iPCR; user defined)
Maximum trimming error rate: 0.1 (default)
Minimum required adapter overlap (stringency): 1 bp
Minimum required sequence length for both reads before a sequence pair gets removed: 20 bp
Output file(s) will be GZIP compressed

Cutadapt seems to be fairly up-to-date (version 4.2). Setting -j -j 16
Writing final adapter and quality trimmed output to MutP53_Input1_S0_L001_R2_001_trimmed.fq.gz


  >>> Now performing quality (cutoff '-q 20') and adapter trimming in a single pass for the adapter sequence: 'AGATCGGAAGAGC' from file p53kd/MutP53_Input1_S0_L001_R2_001.fastq.gz <<< 
10000000 sequences processed
20000000 sequences processed
30000000 sequences processed
40000000 sequences processed
This is cutadapt 4.2 with Python 3.8.16
Command line parameters: -j 16 -e 0.1 -q 20 -O 1 -a AGATCGGAAGAGC p53kd/MutP53_Input1_S0_L001_R2_001.fastq.gz
Processing single-end reads on 16 cores ...
Finished in 111.500 s (2.568 µs/read; 23.36 M reads/minute).

=== Summary ===

Total reads processed:              43,412,986
Reads with adapters:                18,228,890 (42.0%)
Reads written (passing filters):    43,412,986 (100.0%)

Total basepairs processed: 6,555,360,886 bp
Quality-trimmed:              57,982,338 bp (0.9%)
Total written (filtered):  6,372,307,588 bp (97.2%)

=== Adapter 1 ===

Sequence: AGATCGGAAGAGC; Type: regular 3'; Length: 13; Trimmed: 18228890 times

Minimum overlap: 1
No. of allowed errors:
1-9 bp: 0; 10-13 bp: 1

Bases preceding removed adapters:
  A: 32.1%
  C: 24.2%
  G: 18.5%
  T: 25.2%
  none/other: 0.1%

Overview of removed sequences
length	count	expect	max.err	error counts
1	10994377	10853246.5	0	10994377
2	2711594	2713311.6	0	2711594
3	961050	678327.9	0	961050
4	280005	169582.0	0	280005
5	121571	42395.5	0	121571
6	88151	10598.9	0	88151
7	83671	2649.7	0	83671
8	83222	662.4	0	83222
9	86819	165.6	0	86269 550
10	76853	41.4	1	75166 1687
11	80815	10.4	1	78837 1978
12	77853	2.6	1	76526 1327
13	73125	0.6	1	71732 1393
14	72294	0.6	1	70979 1315
15	72886	0.6	1	71228 1658
16	71693	0.6	1	69867 1826
17	68158	0.6	1	66911 1247
18	70832	0.6	1	68730 2102
19	114025	0.6	1	111049 2976
20	73663	0.6	1	72190 1473
21	20532	0.6	1	19717 815
22	55074	0.6	1	54157 917
23	59213	0.6	1	58044 1169
24	78463	0.6	1	76651 1812
25	42976	0.6	1	42245 731
26	56768	0.6	1	55523 1245
27	112519	0.6	1	110257 2262
28	20215	0.6	1	19278 937
29	85398	0.6	1	84014 1384
30	35312	0.6	1	34436 876
31	61599	0.6	1	60874 725
32	21768	0.6	1	21145 623
33	99217	0.6	1	98018 1199
34	23990	0.6	1	23422 568
35	24182	0.6	1	23719 463
36	76998	0.6	1	76007 991
37	43950	0.6	1	43296 654
38	8523	0.6	1	8178 345
39	37879	0.6	1	37431 448
40	29402	0.6	1	28892 510
41	73061	0.6	1	72260 801
42	4600	0.6	1	4159 441
43	79546	0.6	1	78841 705
44	4018	0.6	1	3540 478
45	118398	0.6	1	117506 892
46	8712	0.6	1	8313 399
47	14403	0.6	1	14142 261
48	43716	0.6	1	43387 329
49	13914	0.6	1	13573 341
50	26467	0.6	1	26189 278
51	15382	0.6	1	15048 334
52	52127	0.6	1	51766 361
53	1374	0.6	1	1160 214
54	13985	0.6	1	13752 233
55	39568	0.6	1	39241 327
56	4372	0.6	1	4162 210
57	18324	0.6	1	18078 246
58	48082	0.6	1	47713 369
59	16658	0.6	1	16439 219
60	2697	0.6	1	2542 155
61	13041	0.6	1	12822 219
62	35177	0.6	1	34909 268
63	1239	0.6	1	1046 193
64	18572	0.6	1	18424 148
65	3278	0.6	1	3119 159
66	6313	0.6	1	6163 150
67	18586	0.6	1	18431 155
68	5381	0.6	1	5229 152
69	2053	0.6	1	1893 160
70	14898	0.6	1	14764 134
71	4480	0.6	1	4339 141
72	9447	0.6	1	9308 139
73	11838	0.6	1	11648 190
74	13678	0.6	1	13486 192
75	18919	0.6	1	18738 181
76	5341	0.6	1	5214 127
77	1080	0.6	1	1004 76
78	3888	0.6	1	3805 83
79	7428	0.6	1	7311 117
80	8820	0.6	1	8675 145
81	9271	0.6	1	9138 133
82	8910	0.6	1	8737 173
83	8759	0.6	1	8614 145
84	8430	0.6	1	8311 119
85	8285	0.6	1	8150 135
86	7689	0.6	1	7575 114
87	7380	0.6	1	7268 112
88	7122	0.6	1	7009 113
89	6825	0.6	1	6681 144
90	6340	0.6	1	6202 138
91	5998	0.6	1	5878 120
92	5542	0.6	1	5446 96
93	5178	0.6	1	5060 118
94	4972	0.6	1	4885 87
95	4466	0.6	1	4401 65
96	4315	0.6	1	4235 80
97	4239	0.6	1	4153 86
98	5205	0.6	1	5057 148
99	3691	0.6	1	3600 91
100	2954	0.6	1	2863 91
101	2675	0.6	1	2622 53
102	2380	0.6	1	2318 62
103	2054	0.6	1	1994 60
104	1851	0.6	1	1796 55
105	1706	0.6	1	1661 45
106	1500	0.6	1	1454 46
107	1337	0.6	1	1287 50
108	1177	0.6	1	1133 44
109	934	0.6	1	888 46
110	881	0.6	1	840 41
111	791	0.6	1	754 37
112	665	0.6	1	640 25
113	543	0.6	1	509 34
114	812	0.6	1	777 35
115	21334	0.6	1	21111 223
116	452	0.6	1	431 21
117	259	0.6	1	236 23
118	195	0.6	1	179 16
119	162	0.6	1	142 20
120	128	0.6	1	99 29
121	135	0.6	1	113 22
122	109	0.6	1	86 23
123	108	0.6	1	84 24
124	83	0.6	1	65 18
125	104	0.6	1	86 18
126	99	0.6	1	71 28
127	84	0.6	1	56 28
128	70	0.6	1	47 23
129	68	0.6	1	54 14
130	74	0.6	1	59 15
131	72	0.6	1	59 13
132	52	0.6	1	45 7
133	51	0.6	1	38 13
134	45	0.6	1	29 16
135	58	0.6	1	42 16
136	43	0.6	1	28 15
137	44	0.6	1	28 16
138	53	0.6	1	37 16
139	64	0.6	1	47 17
140	50	0.6	1	37 13
141	79	0.6	1	60 19
142	55	0.6	1	41 14
143	49	0.6	1	25 24
144	51	0.6	1	33 18
145	43	0.6	1	30 13
146	58	0.6	1	45 13
147	47	0.6	1	35 12
148	35	0.6	1	21 14
149	30	0.6	1	16 14
150	17	0.6	1	4 13
151	57	0.6	1	29 28

RUN STATISTICS FOR INPUT FILE: p53kd/MutP53_Input1_S0_L001_R2_001.fastq.gz
=============================================
43412986 sequences processed in total
The length threshold of paired-end sequences gets evaluated later on (in the validation step)

Validate paired-end files MutP53_Input1_S0_L001_R1_001_trimmed.fq.gz and MutP53_Input1_S0_L001_R2_001_trimmed.fq.gz
file_1: MutP53_Input1_S0_L001_R1_001_trimmed.fq.gz, file_2: MutP53_Input1_S0_L001_R2_001_trimmed.fq.gz


>>>>> Now validing the length of the 2 paired-end infiles: MutP53_Input1_S0_L001_R1_001_trimmed.fq.gz and MutP53_Input1_S0_L001_R2_001_trimmed.fq.gz <<<<<
Writing validated paired-end Read 1 reads to MutP53_Input1_S0_L001_R1_001_val_1.fq.gz
Writing validated paired-end Read 2 reads to MutP53_Input1_S0_L001_R2_001_val_2.fq.gz

Total number of sequences analysed: 43412986

Number of sequence pairs removed because at least one read was shorter than the length cutoff (20 bp): 138530 (0.32%)

Deleting both intermediate output files MutP53_Input1_S0_L001_R1_001_trimmed.fq.gz and MutP53_Input1_S0_L001_R2_001_trimmed.fq.gz

====================================================================================================

Using an excessive number of cores has a diminishing return! It is recommended not to exceed 8 cores per trimming process (you asked for 16 cores). Please consider re-specifying
Path to Cutadapt set as: 'cutadapt' (default)
Cutadapt seems to be working fine (tested command 'cutadapt --version')
Cutadapt version: 4.2
Could not detect version of Python used by Cutadapt from the first line of Cutadapt (but found this: >>>#!/bin/sh<<<)
Letting the (modified) Cutadapt deal with the Python version instead
pigz 2.6
Parallel gzip (pigz) detected. Proceeding with multicore (de)compression using 16 cores

igzip command line interface 2.30.0
igzip detected. Using igzip for decompressing

No quality encoding type selected. Assuming that the data provided uses Sanger encoded Phred scores (default)

Output will be written into the directory: /gpfs/projects/b1042/LauberthLab/BenFolder/p53kdtrimmeddir/
Writing report to '/gpfs/projects/b1042/LauberthLab/BenFolder/p53kdtrimmeddir/MutP53_Input2_S0_L001_R1_001.fastq.gz_trimming_report.txt'

SUMMARISING RUN PARAMETERS
==========================
Input filename: p53kd/MutP53_Input2_S0_L001_R1_001.fastq.gz
Trimming mode: paired-end
Trim Galore version: 0.6.10
Cutadapt version: 4.2
Python version: could not detect
Number of cores used for trimming: 16
Quality Phred score cutoff: 20
Quality encoding type selected: ASCII+33
Adapter sequence: 'AGATCGGAAGAGC' (Illumina TruSeq, Sanger iPCR; user defined)
Maximum trimming error rate: 0.1 (default)
Minimum required adapter overlap (stringency): 1 bp
Minimum required sequence length for both reads before a sequence pair gets removed: 20 bp
Output file(s) will be GZIP compressed

Cutadapt seems to be fairly up-to-date (version 4.2). Setting -j 16
Writing final adapter and quality trimmed output to MutP53_Input2_S0_L001_R1_001_trimmed.fq.gz


  >>> Now performing quality (cutoff '-q 20') and adapter trimming in a single pass for the adapter sequence: 'AGATCGGAAGAGC' from file p53kd/MutP53_Input2_S0_L001_R1_001.fastq.gz <<< 
10000000 sequences processed
20000000 sequences processed
30000000 sequences processed
40000000 sequences processed
This is cutadapt 4.2 with Python 3.8.16
Command line parameters: -j 16 -e 0.1 -q 20 -O 1 -a AGATCGGAAGAGC p53kd/MutP53_Input2_S0_L001_R1_001.fastq.gz
Processing single-end reads on 16 cores ...
Finished in 117.482 s (2.572 µs/read; 23.32 M reads/minute).

=== Summary ===

Total reads processed:              45,669,218
Reads with adapters:                19,409,468 (42.5%)
Reads written (passing filters):    45,669,218 (100.0%)

Total basepairs processed: 6,896,051,918 bp
Quality-trimmed:              25,940,219 bp (0.4%)
Total written (filtered):  6,734,437,602 bp (97.7%)

=== Adapter 1 ===

Sequence: AGATCGGAAGAGC; Type: regular 3'; Length: 13; Trimmed: 19409468 times

Minimum overlap: 1
No. of allowed errors:
1-9 bp: 0; 10-13 bp: 1

Bases preceding removed adapters:
  A: 31.9%
  C: 24.2%
  G: 18.1%
  T: 25.7%
  none/other: 0.1%

Overview of removed sequences
length	count	expect	max.err	error counts
1	11789414	11417304.5	0	11789414
2	2845951	2854326.1	0	2845951
3	1023598	713581.5	0	1023598
4	299351	178395.4	0	299351
5	129252	44598.8	0	129252
6	91435	11149.7	0	91435
7	86328	2787.4	0	86328
8	85964	696.9	0	85964
9	89799	174.2	0	89229 570
10	77740	43.6	1	76214 1526
11	84414	10.9	1	82492 1922
12	75497	2.7	1	74428 1069
13	78575	0.7	1	76790 1785
14	75645	0.7	1	74353 1292
15	76054	0.7	1	74300 1754
16	72862	0.7	1	71559 1303
17	73188	0.7	1	71355 1833
18	66594	0.7	1	65643 951
19	67609	0.7	1	66362 1247
20	67522	0.7	1	66082 1440
21	67529	0.7	1	65911 1618
22	61983	0.7	1	61084 899
23	61900	0.7	1	60700 1200
24	60069	0.7	1	58966 1103
25	59992	0.7	1	58655 1337
26	56432	0.7	1	55485 947
27	56943	0.7	1	55724 1219
28	56201	0.7	1	54734 1467
29	54271	0.7	1	53027 1244
30	50137	0.7	1	49417 720
31	50606	0.7	1	49644 962
32	50937	0.7	1	49650 1287
33	47668	0.7	1	46744 924
34	49261	0.7	1	47874 1387
35	44342	0.7	1	43633 709
36	45519	0.7	1	44386 1133
37	44449	0.7	1	43379 1070
38	42405	0.7	1	41544 861
39	41065	0.7	1	40117 948
40	39862	0.7	1	39066 796
41	41194	0.7	1	40050 1144
42	39596	0.7	1	38470 1126
43	39449	0.7	1	38251 1198
44	54243	0.7	1	52657 1586
45	25213	0.7	1	24412 801
46	41843	0.7	1	40693 1150
47	28913	0.7	1	28300 613
48	36542	0.7	1	35723 819
49	35407	0.7	1	34579 828
50	44580	0.7	1	43645 935
51	41688	0.7	1	40740 948
52	62763	0.7	1	61736 1027
53	84713	0.7	1	83669 1044
54	46204	0.7	1	45467 737
55	49082	0.7	1	48444 638
56	47266	0.7	1	46705 561
57	29468	0.7	1	29070 398
58	9369	0.7	1	9132 237
59	7417	0.7	1	7166 251
60	7157	0.7	1	6922 235
61	10628	0.7	1	10373 255
62	8749	0.7	1	8503 246
63	6193	0.7	1	6001 192
64	7928	0.7	1	7719 209
65	12722	0.7	1	12476 246
66	13140	0.7	1	12920 220
67	6716	0.7	1	6510 206
68	1882	0.7	1	1755 127
69	1271	0.7	1	1160 111
70	1118	0.7	1	1049 69
71	1072	0.7	1	995 77
72	1325	0.7	1	1250 75
73	2474	0.7	1	2388 86
74	5211	0.7	1	5094 117
75	8464	0.7	1	8336 128
76	10279	0.7	1	10117 162
77	10911	0.7	1	10754 157
78	11178	0.7	1	10990 188
79	10871	0.7	1	10680 191
80	10507	0.7	1	10320 187
81	10170	0.7	1	9976 194
82	9964	0.7	1	9795 169
83	9108	0.7	1	8972 136
84	9211	0.7	1	9041 170
85	8670	0.7	1	8518 152
86	8471	0.7	1	8331 140
87	8118	0.7	1	7989 129
88	7629	0.7	1	7498 131
89	7330	0.7	1	7217 113
90	6920	0.7	1	6805 115
91	6484	0.7	1	6370 114
92	6202	0.7	1	6098 104
93	5791	0.7	1	5683 108
94	5460	0.7	1	5355 105
95	5136	0.7	1	5039 97
96	4888	0.7	1	4797 91
97	4826	0.7	1	4726 100
98	5909	0.7	1	5794 115
99	4266	0.7	1	4176 90
100	3632	0.7	1	3559 73
101	3305	0.7	1	3236 69
102	2969	0.7	1	2904 65
103	2737	0.7	1	2681 56
104	2411	0.7	1	2353 58
105	2186	0.7	1	2119 67
106	1902	0.7	1	1845 57
107	1786	0.7	1	1737 49
108	1521	0.7	1	1472 49
109	1285	0.7	1	1240 45
110	1153	0.7	1	1114 39
111	1011	0.7	1	968 43
112	883	0.7	1	838 45
113	715	0.7	1	677 38
114	854	0.7	1	810 44
115	19087	0.7	1	18799 288
116	501	0.7	1	464 37
117	296	0.7	1	264 32
118	253	0.7	1	234 19
119	184	0.7	1	158 26
120	146	0.7	1	119 27
121	125	0.7	1	108 17
122	117	0.7	1	95 22
123	118	0.7	1	96 22
124	83	0.7	1	63 20
125	88	0.7	1	70 18
126	85	0.7	1	68 17
127	74	0.7	1	52 22
128	60	0.7	1	46 14
129	74	0.7	1	55 19
130	56	0.7	1	41 15
131	66	0.7	1	50 16
132	69	0.7	1	49 20
133	68	0.7	1	41 27
134	58	0.7	1	44 14
135	63	0.7	1	46 17
136	47	0.7	1	32 15
137	48	0.7	1	33 15
138	64	0.7	1	39 25
139	44	0.7	1	36 8
140	52	0.7	1	28 24
141	83	0.7	1	68 15
142	39	0.7	1	31 8
143	40	0.7	1	25 15
144	50	0.7	1	31 19
145	38	0.7	1	22 16
146	66	0.7	1	39 27
147	52	0.7	1	33 19
148	68	0.7	1	35 33
149	23	0.7	1	10 13
150	87	0.7	1	7 80
151	10984	0.7	1	30 10954

RUN STATISTICS FOR INPUT FILE: p53kd/MutP53_Input2_S0_L001_R1_001.fastq.gz
=============================================
45669218 sequences processed in total
The length threshold of paired-end sequences gets evaluated later on (in the validation step)

Writing report to '/gpfs/projects/b1042/LauberthLab/BenFolder/p53kdtrimmeddir/MutP53_Input2_S0_L001_R2_001.fastq.gz_trimming_report.txt'

SUMMARISING RUN PARAMETERS
==========================
Input filename: p53kd/MutP53_Input2_S0_L001_R2_001.fastq.gz
Trimming mode: paired-end
Trim Galore version: 0.6.10
Cutadapt version: 4.2
Python version: could not detect
Number of cores used for trimming: 16
Quality Phred score cutoff: 20
Quality encoding type selected: ASCII+33
Adapter sequence: 'AGATCGGAAGAGC' (Illumina TruSeq, Sanger iPCR; user defined)
Maximum trimming error rate: 0.1 (default)
Minimum required adapter overlap (stringency): 1 bp
Minimum required sequence length for both reads before a sequence pair gets removed: 20 bp
Output file(s) will be GZIP compressed

Cutadapt seems to be fairly up-to-date (version 4.2). Setting -j -j 16
Writing final adapter and quality trimmed output to MutP53_Input2_S0_L001_R2_001_trimmed.fq.gz


  >>> Now performing quality (cutoff '-q 20') and adapter trimming in a single pass for the adapter sequence: 'AGATCGGAAGAGC' from file p53kd/MutP53_Input2_S0_L001_R2_001.fastq.gz <<< 
10000000 sequences processed
20000000 sequences processed
30000000 sequences processed
40000000 sequences processed
This is cutadapt 4.2 with Python 3.8.16
Command line parameters: -j 16 -e 0.1 -q 20 -O 1 -a AGATCGGAAGAGC p53kd/MutP53_Input2_S0_L001_R2_001.fastq.gz
Processing single-end reads on 16 cores ...
Finished in 118.085 s (2.586 µs/read; 23.20 M reads/minute).

=== Summary ===

Total reads processed:              45,669,218
Reads with adapters:                19,156,875 (41.9%)
Reads written (passing filters):    45,669,218 (100.0%)

Total basepairs processed: 6,896,051,918 bp
Quality-trimmed:              65,702,855 bp (1.0%)
Total written (filtered):  6,700,840,508 bp (97.2%)

=== Adapter 1 ===

Sequence: AGATCGGAAGAGC; Type: regular 3'; Length: 13; Trimmed: 19156875 times

Minimum overlap: 1
No. of allowed errors:
1-9 bp: 0; 10-13 bp: 1

Bases preceding removed adapters:
  A: 31.9%
  C: 24.1%
  G: 18.6%
  T: 25.3%
  none/other: 0.1%

Overview of removed sequences
length	count	expect	max.err	error counts
1	11564684	11417304.5	0	11564684
2	2852433	2854326.1	0	2852433
3	1009455	713581.5	0	1009455
4	294347	178395.4	0	294347
5	127684	44598.8	0	127684
6	91719	11149.7	0	91719
7	87333	2787.4	0	87333
8	86317	696.9	0	86317
9	90267	174.2	0	89623 644
10	79217	43.6	1	77327 1890
11	84324	10.9	1	82133 2191
12	82190	2.7	1	80634 1556
13	74022	0.7	1	72637 1385
14	75856	0.7	1	74478 1378
15	76612	0.7	1	74689 1923
16	75397	0.7	1	73408 1989
17	70052	0.7	1	68729 1323
18	74251	0.7	1	71970 2281
19	116650	0.7	1	113080 3570
20	83909	0.7	1	82164 1745
21	19517	0.7	1	18647 870
22	57953	0.7	1	56946 1007
23	61864	0.7	1	60490 1374
24	90521	0.7	1	88094 2427
25	41211	0.7	1	40275 936
26	60433	0.7	1	58866 1567
27	133357	0.7	1	130629 2728
28	23650	0.7	1	22510 1140
29	86243	0.7	1	84816 1427
30	46357	0.7	1	45247 1110
31	48275	0.7	1	47583 692
32	27909	0.7	1	27145 764
33	99696	0.7	1	98512 1184
34	6618	0.7	1	6123 495
35	40902	0.7	1	40097 805
36	116014	0.7	1	114544 1470
37	6414	0.7	1	5930 484
38	42525	0.7	1	42011 514
39	29573	0.7	1	28883 690
40	164318	0.7	1	162686 1632
41	8502	0.7	1	8009 493
42	12444	0.7	1	12105 339
43	57812	0.7	1	57292 520
44	3477	0.7	1	2967 510
45	132753	0.7	1	131963 790
46	11502	0.7	1	11071 431
47	7469	0.7	1	7177 292
48	47249	0.7	1	46909 340
49	10569	0.7	1	10230 339
50	25914	0.7	1	25602 312
51	12909	0.7	1	12594 315
52	44921	0.7	1	44585 336
53	1294	0.7	1	1087 207
54	9187	0.7	1	8963 224
55	36600	0.7	1	36260 340
56	2927	0.7	1	2707 220
57	13351	0.7	1	13096 255
58	37790	0.7	1	37490 300
59	11191	0.7	1	10930 261
60	1599	0.7	1	1446 153
61	11960	0.7	1	11715 245
62	27840	0.7	1	27565 275
63	1114	0.7	1	908 206
64	14737	0.7	1	14574 163
65	2634	0.7	1	2486 148
66	5283	0.7	1	5146 137
67	13269	0.7	1	13091 178
68	5883	0.7	1	5695 188
69	2114	0.7	1	1964 150
70	12994	0.7	1	12830 164
71	6505	0.7	1	6320 185
72	8194	0.7	1	8020 174
73	11648	0.7	1	11470 178
74	13472	0.7	1	13252 220
75	16961	0.7	1	16748 213
76	6086	0.7	1	5953 133
77	1072	0.7	1	985 87
78	3859	0.7	1	3766 93
79	7425	0.7	1	7278 147
80	9116	0.7	1	8949 167
81	9593	0.7	1	9413 180
82	9612	0.7	1	9416 196
83	9022	0.7	1	8863 159
84	9098	0.7	1	8922 176
85	8674	0.7	1	8514 160
86	8459	0.7	1	8290 169
87	8096	0.7	1	7950 146
88	7605	0.7	1	7455 150
89	7349	0.7	1	7197 152
90	6868	0.7	1	6722 146
91	6486	0.7	1	6355 131
92	6236	0.7	1	6086 150
93	5778	0.7	1	5643 135
94	5440	0.7	1	5349 91
95	5146	0.7	1	5047 99
96	4939	0.7	1	4821 118
97	4871	0.7	1	4746 125
98	6068	0.7	1	5895 173
99	4309	0.7	1	4179 130
100	3618	0.7	1	3528 90
101	3313	0.7	1	3226 87
102	2990	0.7	1	2896 94
103	2742	0.7	1	2673 69
104	2420	0.7	1	2356 64
105	2205	0.7	1	2150 55
106	1903	0.7	1	1855 48
107	1793	0.7	1	1755 38
108	1536	0.7	1	1483 53
109	1299	0.7	1	1258 41
110	1185	0.7	1	1149 36
111	1017	0.7	1	970 47
112	907	0.7	1	855 52
113	744	0.7	1	705 39
114	927	0.7	1	891 36
115	19478	0.7	1	19319 159
116	499	0.7	1	474 25
117	305	0.7	1	278 27
118	267	0.7	1	238 29
119	186	0.7	1	166 20
120	156	0.7	1	137 19
121	135	0.7	1	114 21
122	130	0.7	1	111 19
123	134	0.7	1	107 27
124	93	0.7	1	64 29
125	94	0.7	1	72 22
126	105	0.7	1	76 29
127	75	0.7	1	55 20
128	78	0.7	1	46 32
129	70	0.7	1	59 11
130	73	0.7	1	50 23
131	78	0.7	1	52 26
132	63	0.7	1	47 16
133	65	0.7	1	46 19
134	65	0.7	1	46 19
135	74	0.7	1	46 28
136	42	0.7	1	29 13
137	44	0.7	1	29 15
138	62	0.7	1	39 23
139	42	0.7	1	36 6
140	46	0.7	1	29 17
141	78	0.7	1	67 11
142	46	0.7	1	28 18
143	40	0.7	1	23 17
144	45	0.7	1	32 13
145	31	0.7	1	22 9
146	58	0.7	1	38 20
147	51	0.7	1	29 22
148	50	0.7	1	31 19
149	20	0.7	1	9 11
150	11	0.7	1	4 7
151	43	0.7	1	20 23

RUN STATISTICS FOR INPUT FILE: p53kd/MutP53_Input2_S0_L001_R2_001.fastq.gz
=============================================
45669218 sequences processed in total
The length threshold of paired-end sequences gets evaluated later on (in the validation step)

Validate paired-end files MutP53_Input2_S0_L001_R1_001_trimmed.fq.gz and MutP53_Input2_S0_L001_R2_001_trimmed.fq.gz
file_1: MutP53_Input2_S0_L001_R1_001_trimmed.fq.gz, file_2: MutP53_Input2_S0_L001_R2_001_trimmed.fq.gz


>>>>> Now validing the length of the 2 paired-end infiles: MutP53_Input2_S0_L001_R1_001_trimmed.fq.gz and MutP53_Input2_S0_L001_R2_001_trimmed.fq.gz <<<<<
Writing validated paired-end Read 1 reads to MutP53_Input2_S0_L001_R1_001_val_1.fq.gz
Writing validated paired-end Read 2 reads to MutP53_Input2_S0_L001_R2_001_val_2.fq.gz

Total number of sequences analysed: 45669218

Number of sequence pairs removed because at least one read was shorter than the length cutoff (20 bp): 146661 (0.32%)

Deleting both intermediate output files MutP53_Input2_S0_L001_R1_001_trimmed.fq.gz and MutP53_Input2_S0_L001_R2_001_trimmed.fq.gz

====================================================================================================

Using an excessive number of cores has a diminishing return! It is recommended not to exceed 8 cores per trimming process (you asked for 16 cores). Please consider re-specifying
Path to Cutadapt set as: 'cutadapt' (default)
Cutadapt seems to be working fine (tested command 'cutadapt --version')
Cutadapt version: 4.2
Could not detect version of Python used by Cutadapt from the first line of Cutadapt (but found this: >>>#!/bin/sh<<<)
Letting the (modified) Cutadapt deal with the Python version instead
pigz 2.6
Parallel gzip (pigz) detected. Proceeding with multicore (de)compression using 16 cores

igzip command line interface 2.30.0
igzip detected. Using igzip for decompressing

No quality encoding type selected. Assuming that the data provided uses Sanger encoded Phred scores (default)

Output will be written into the directory: /gpfs/projects/b1042/LauberthLab/BenFolder/p53kdtrimmeddir/
Writing report to '/gpfs/projects/b1042/LauberthLab/BenFolder/p53kdtrimmeddir/P53_H4K16ac_1_S0_L001_R1_001.fastq.gz_trimming_report.txt'

SUMMARISING RUN PARAMETERS
==========================
Input filename: p53kd/P53_H4K16ac_1_S0_L001_R1_001.fastq.gz
Trimming mode: paired-end
Trim Galore version: 0.6.10
Cutadapt version: 4.2
Python version: could not detect
Number of cores used for trimming: 16
Quality Phred score cutoff: 20
Quality encoding type selected: ASCII+33
Adapter sequence: 'AGATCGGAAGAGC' (Illumina TruSeq, Sanger iPCR; user defined)
Maximum trimming error rate: 0.1 (default)
Minimum required adapter overlap (stringency): 1 bp
Minimum required sequence length for both reads before a sequence pair gets removed: 20 bp
Output file(s) will be GZIP compressed

Cutadapt seems to be fairly up-to-date (version 4.2). Setting -j 16
Writing final adapter and quality trimmed output to P53_H4K16ac_1_S0_L001_R1_001_trimmed.fq.gz


  >>> Now performing quality (cutoff '-q 20') and adapter trimming in a single pass for the adapter sequence: 'AGATCGGAAGAGC' from file p53kd/P53_H4K16ac_1_S0_L001_R1_001.fastq.gz <<< 
10000000 sequences processed
20000000 sequences processed
30000000 sequences processed
This is cutadapt 4.2 with Python 3.8.16
Command line parameters: -j 16 -e 0.1 -q 20 -O 1 -a AGATCGGAAGAGC p53kd/P53_H4K16ac_1_S0_L001_R1_001.fastq.gz
Processing single-end reads on 16 cores ...
Finished in 80.921 s (2.641 µs/read; 22.72 M reads/minute).

=== Summary ===

Total reads processed:              30,644,944
Reads with adapters:                16,400,835 (53.5%)
Reads written (passing filters):    30,644,944 (100.0%)

Total basepairs processed: 4,627,386,544 bp
Quality-trimmed:              27,078,403 bp (0.6%)
Total written (filtered):  4,348,344,599 bp (94.0%)

=== Adapter 1 ===

Sequence: AGATCGGAAGAGC; Type: regular 3'; Length: 13; Trimmed: 16400835 times

Minimum overlap: 1
No. of allowed errors:
1-9 bp: 0; 10-13 bp: 1

Bases preceding removed adapters:
  A: 29.3%
  C: 24.8%
  G: 20.5%
  T: 25.3%
  none/other: 0.1%

Overview of removed sequences
length	count	expect	max.err	error counts
1	6019236	7661236.0	0	6019236
2	1623567	1915309.0	0	1623567
3	677909	478827.2	0	677909
4	296329	119706.8	0	296329
5	221443	29926.7	0	221443
6	193487	7481.7	0	193487
7	186375	1870.4	0	186375
8	187960	467.6	0	187960
9	200794	116.9	0	200231 563
10	173379	29.2	1	170007 3372
11	192595	7.3	1	187669 4926
12	173741	1.8	1	170540 3201
13	179730	0.5	1	174751 4979
14	172748	0.5	1	168733 4015
15	177310	0.5	1	172397 4913
16	170407	0.5	1	166464 3943
17	176391	0.5	1	171146 5245
18	162160	0.5	1	159203 2957
19	161242	0.5	1	157478 3764
20	164569	0.5	1	160381 4188
21	162958	0.5	1	158113 4845
22	151036	0.5	1	147873 3163
23	153068	0.5	1	149310 3758
24	148747	0.5	1	145233 3514
25	149718	0.5	1	145697 4021
26	142315	0.5	1	139004 3311
27	143080	0.5	1	139366 3714
28	141776	0.5	1	137243 4533
29	139252	0.5	1	135452 3800
30	127784	0.5	1	125318 2466
31	127792	0.5	1	124738 3054
32	129572	0.5	1	125605 3967
33	122979	0.5	1	120256 2723
34	126001	0.5	1	121891 4110
35	113438	0.5	1	110884 2554
36	115832	0.5	1	112184 3648
37	113637	0.5	1	110539 3098
38	107903	0.5	1	105290 2613
39	106610	0.5	1	103589 3021
40	101376	0.5	1	98921 2455
41	104688	0.5	1	101304 3384
42	101295	0.5	1	98045 3250
43	99696	0.5	1	96377 3319
44	135053	0.5	1	130634 4419
45	64409	0.5	1	62195 2214
46	105247	0.5	1	101995 3252
47	72006	0.5	1	70231 1775
48	90373	0.5	1	88080 2293
49	85331	0.5	1	83112 2219
50	106274	0.5	1	103670 2604
51	99333	0.5	1	96877 2456
52	145569	0.5	1	142543 3026
53	188537	0.5	1	185225 3312
54	99577	0.5	1	97455 2122
55	102401	0.5	1	100511 1890
56	93003	0.5	1	91414 1589
57	56574	0.5	1	55468 1106
58	18511	0.5	1	17829 682
59	17646	0.5	1	17023 623
60	17791	0.5	1	17178 613
61	25622	0.5	1	24923 699
62	21619	0.5	1	20981 638
63	14555	0.5	1	14026 529
64	18131	0.5	1	17562 569
65	27449	0.5	1	26888 561
66	27808	0.5	1	27250 558
67	14917	0.5	1	14469 448
68	3937	0.5	1	3679 258
69	2335	0.5	1	2139 196
70	2010	0.5	1	1855 155
71	1955	0.5	1	1828 127
72	2293	0.5	1	2180 113
73	4252	0.5	1	4129 123
74	9389	0.5	1	9173 216
75	14032	0.5	1	13781 251
76	16564	0.5	1	16281 283
77	17230	0.5	1	16902 328
78	17315	0.5	1	17011 304
79	15957	0.5	1	15647 310
80	14687	0.5	1	14412 275
81	14664	0.5	1	14421 243
82	13336	0.5	1	13059 277
83	12349	0.5	1	12104 245
84	11650	0.5	1	11449 201
85	10142	0.5	1	9944 198
86	9472	0.5	1	9290 182
87	8791	0.5	1	8633 158
88	8318	0.5	1	8142 176
89	7754	0.5	1	7625 129
90	6838	0.5	1	6715 123
91	6195	0.5	1	6074 121
92	5691	0.5	1	5601 90
93	5343	0.5	1	5242 101
94	4754	0.5	1	4675 79
95	4404	0.5	1	4325 79
96	3835	0.5	1	3746 89
97	3392	0.5	1	3342 50
98	3445	0.5	1	3371 74
99	2607	0.5	1	2544 63
100	2389	0.5	1	2334 55
101	1939	0.5	1	1898 41
102	1720	0.5	1	1680 40
103	1585	0.5	1	1551 34
104	1210	0.5	1	1175 35
105	1187	0.5	1	1146 41
106	932	0.5	1	886 46
107	845	0.5	1	799 46
108	719	0.5	1	680 39
109	657	0.5	1	624 33
110	464	0.5	1	436 28
111	461	0.5	1	430 31
112	373	0.5	1	359 14
113	322	0.5	1	299 23
114	444	0.5	1	399 45
115	13148	0.5	1	12948 200
116	233	0.5	1	216 17
117	126	0.5	1	115 11
118	97	0.5	1	93 4
119	145	0.5	1	113 32
120	87	0.5	1	72 15
121	56	0.5	1	47 9
122	110	0.5	1	88 22
123	63	0.5	1	32 31
124	40	0.5	1	22 18
125	42	0.5	1	15 27
126	30	0.5	1	15 15
127	25	0.5	1	12 13
128	39	0.5	1	14 25
129	38	0.5	1	15 23
130	24	0.5	1	9 15
131	21	0.5	1	9 12
132	15	0.5	1	8 7
133	13	0.5	1	5 8
134	24	0.5	1	9 15
135	57	0.5	1	50 7
136	15	0.5	1	2 13
137	19	0.5	1	4 15
138	19	0.5	1	4 15
139	22	0.5	1	10 12
140	35	0.5	1	7 28
141	79	0.5	1	66 13
142	39	0.5	1	7 32
143	30	0.5	1	2 28
144	28	0.5	1	4 24
145	18	0.5	1	1 17
146	17	0.5	1	0 17
147	17	0.5	1	1 16
148	28	0.5	1	1 27
149	21	0.5	1	0 21
150	134	0.5	1	2 132
151	16037	0.5	1	16 16021

RUN STATISTICS FOR INPUT FILE: p53kd/P53_H4K16ac_1_S0_L001_R1_001.fastq.gz
=============================================
30644944 sequences processed in total
The length threshold of paired-end sequences gets evaluated later on (in the validation step)

Writing report to '/gpfs/projects/b1042/LauberthLab/BenFolder/p53kdtrimmeddir/P53_H4K16ac_1_S0_L001_R2_001.fastq.gz_trimming_report.txt'

SUMMARISING RUN PARAMETERS
==========================
Input filename: p53kd/P53_H4K16ac_1_S0_L001_R2_001.fastq.gz
Trimming mode: paired-end
Trim Galore version: 0.6.10
Cutadapt version: 4.2
Python version: could not detect
Number of cores used for trimming: 16
Quality Phred score cutoff: 20
Quality encoding type selected: ASCII+33
Adapter sequence: 'AGATCGGAAGAGC' (Illumina TruSeq, Sanger iPCR; user defined)
Maximum trimming error rate: 0.1 (default)
Minimum required adapter overlap (stringency): 1 bp
Minimum required sequence length for both reads before a sequence pair gets removed: 20 bp
Output file(s) will be GZIP compressed

Cutadapt seems to be fairly up-to-date (version 4.2). Setting -j -j 16
Writing final adapter and quality trimmed output to P53_H4K16ac_1_S0_L001_R2_001_trimmed.fq.gz


  >>> Now performing quality (cutoff '-q 20') and adapter trimming in a single pass for the adapter sequence: 'AGATCGGAAGAGC' from file p53kd/P53_H4K16ac_1_S0_L001_R2_001.fastq.gz <<< 
10000000 sequences processed
20000000 sequences processed
30000000 sequences processed
This is cutadapt 4.2 with Python 3.8.16
Command line parameters: -j 16 -e 0.1 -q 20 -O 1 -a AGATCGGAAGAGC p53kd/P53_H4K16ac_1_S0_L001_R2_001.fastq.gz
Processing single-end reads on 16 cores ...
Finished in 79.704 s (2.601 µs/read; 23.07 M reads/minute).

=== Summary ===

Total reads processed:              30,644,944
Reads with adapters:                16,293,765 (53.2%)
Reads written (passing filters):    30,644,944 (100.0%)

Total basepairs processed: 4,627,386,544 bp
Quality-trimmed:              40,749,669 bp (0.9%)
Total written (filtered):  4,343,518,357 bp (93.9%)

=== Adapter 1 ===

Sequence: AGATCGGAAGAGC; Type: regular 3'; Length: 13; Trimmed: 16293765 times

Minimum overlap: 1
No. of allowed errors:
1-9 bp: 0; 10-13 bp: 1

Bases preceding removed adapters:
  A: 29.4%
  C: 24.8%
  G: 20.7%
  T: 25.0%
  none/other: 0.1%

Overview of removed sequences
length	count	expect	max.err	error counts
1	5962657	7661236.0	0	5962657
2	1636972	1915309.0	0	1636972
3	675661	478827.2	0	675661
4	295421	119706.8	0	295421
5	218865	29926.7	0	218865
6	194391	7481.7	0	194391
7	188383	1870.4	0	188383
8	188756	467.6	0	188756
9	200144	116.9	0	199524 620
10	176569	29.2	1	173786 2783
11	190800	7.3	1	186535 4265
12	184771	1.8	1	181900 2871
13	171590	0.5	1	168487 3103
14	172550	0.5	1	169736 2814
15	176673	0.5	1	172722 3951
16	175455	0.5	1	171003 4452
17	167759	0.5	1	164739 3020
18	179640	0.5	1	174445 5195
19	260040	0.5	1	252730 7310
20	224110	0.5	1	220125 3985
21	45700	0.5	1	43852 1848
22	144459	0.5	1	142117 2342
23	151955	0.5	1	149090 2865
24	216228	0.5	1	211255 4973
25	110833	0.5	1	108727 2106
26	147924	0.5	1	144721 3203
27	306751	0.5	1	300700 6051
28	54948	0.5	1	52617 2331
29	230149	0.5	1	226442 3707
30	117526	0.5	1	115025 2501
31	120343	0.5	1	118855 1488
32	79420	0.5	1	77614 1806
33	259715	0.5	1	256750 2965
34	34774	0.5	1	33299 1475
35	225347	0.5	1	222826 2521
36	40797	0.5	1	39453 1344
37	82051	0.5	1	80622 1429
38	269967	0.5	1	267063 2904
39	100217	0.5	1	98730 1487
40	13788	0.5	1	13072 716
41	75286	0.5	1	74364 922
42	48172	0.5	1	47249 923
43	139482	0.5	1	138328 1154
44	8583	0.5	1	7707 876
45	207368	0.5	1	205608 1760
46	22844	0.5	1	21989 855
47	36970	0.5	1	36358 612
48	110550	0.5	1	109631 919
49	41750	0.5	1	40973 777
50	62171	0.5	1	61449 722
51	44955	0.5	1	44267 688
52	119635	0.5	1	118733 902
53	4559	0.5	1	3986 573
54	40884	0.5	1	40357 527
55	100508	0.5	1	99552 956
56	13989	0.5	1	13499 490
57	44539	0.5	1	44040 499
58	106284	0.5	1	105509 775
59	38011	0.5	1	37469 542
60	10939	0.5	1	10589 350
61	32003	0.5	1	31527 476
62	77887	0.5	1	77279 608
63	4475	0.5	1	4020 455
64	52670	0.5	1	52269 401
65	8497	0.5	1	8211 286
66	20658	0.5	1	20335 323
67	45452	0.5	1	45087 365
68	12281	0.5	1	11944 337
69	6038	0.5	1	5829 209
70	36875	0.5	1	36550 325
71	6402	0.5	1	6112 290
72	19514	0.5	1	19228 286
73	22815	0.5	1	22509 306
74	27146	0.5	1	26865 281
75	31541	0.5	1	31248 293
76	5984	0.5	1	5806 178
77	2699	0.5	1	2567 132
78	9123	0.5	1	8992 131
79	13040	0.5	1	12820 220
80	13734	0.5	1	13542 192
81	14237	0.5	1	14034 203
82	13103	0.5	1	12903 200
83	12295	0.5	1	12109 186
84	11599	0.5	1	11481 118
85	10144	0.5	1	9967 177
86	9433	0.5	1	9270 163
87	8834	0.5	1	8704 130
88	8370	0.5	1	8236 134
89	7718	0.5	1	7615 103
90	6838	0.5	1	6696 142
91	6127	0.5	1	6028 99
92	5729	0.5	1	5629 100
93	5292	0.5	1	5193 99
94	4712	0.5	1	4618 94
95	4423	0.5	1	4355 68
96	3788	0.5	1	3705 83
97	3407	0.5	1	3350 57
98	3440	0.5	1	3366 74
99	2620	0.5	1	2565 55
100	2361	0.5	1	2331 30
101	1921	0.5	1	1884 37
102	1756	0.5	1	1690 66
103	1578	0.5	1	1553 25
104	1225	0.5	1	1203 22
105	1192	0.5	1	1154 38
106	929	0.5	1	893 36
107	830	0.5	1	811 19
108	709	0.5	1	693 16
109	627	0.5	1	613 14
110	460	0.5	1	433 27
111	460	0.5	1	435 25
112	387	0.5	1	351 36
113	326	0.5	1	301 25
114	445	0.5	1	419 26
115	13500	0.5	1	13351 149
116	253	0.5	1	211 42
117	128	0.5	1	119 9
118	110	0.5	1	91 19
119	84	0.5	1	67 17
120	78	0.5	1	68 10
121	54	0.5	1	46 8
122	89	0.5	1	64 25
123	52	0.5	1	30 22
124	39	0.5	1	24 15
125	53	0.5	1	17 36
126	23	0.5	1	11 12
127	21	0.5	1	12 9
128	20	0.5	1	14 6
129	24	0.5	1	16 8
130	20	0.5	1	11 9
131	25	0.5	1	9 16
132	17	0.5	1	9 8
133	24	0.5	1	5 19
134	52	0.5	1	11 41
135	68	0.5	1	54 14
136	19	0.5	1	5 14
137	9	0.5	1	4 5
138	11	0.5	1	5 6
139	27	0.5	1	9 18
140	23	0.5	1	9 14
141	84	0.5	1	59 25
142	26	0.5	1	7 19
143	19	0.5	1	2 17
144	12	0.5	1	5 7
145	11	0.5	1	2 9
146	15	0.5	1	0 15
147	26	0.5	1	1 25
148	19	0.5	1	2 17
149	12	0.5	1	0 12
150	48	0.5	1	1 47
151	943	0.5	1	9 934

RUN STATISTICS FOR INPUT FILE: p53kd/P53_H4K16ac_1_S0_L001_R2_001.fastq.gz
=============================================
30644944 sequences processed in total
The length threshold of paired-end sequences gets evaluated later on (in the validation step)

Validate paired-end files P53_H4K16ac_1_S0_L001_R1_001_trimmed.fq.gz and P53_H4K16ac_1_S0_L001_R2_001_trimmed.fq.gz
file_1: P53_H4K16ac_1_S0_L001_R1_001_trimmed.fq.gz, file_2: P53_H4K16ac_1_S0_L001_R2_001_trimmed.fq.gz


>>>>> Now validing the length of the 2 paired-end infiles: P53_H4K16ac_1_S0_L001_R1_001_trimmed.fq.gz and P53_H4K16ac_1_S0_L001_R2_001_trimmed.fq.gz <<<<<
Writing validated paired-end Read 1 reads to P53_H4K16ac_1_S0_L001_R1_001_val_1.fq.gz
Writing validated paired-end Read 2 reads to P53_H4K16ac_1_S0_L001_R2_001_val_2.fq.gz

Total number of sequences analysed: 30644944

Number of sequence pairs removed because at least one read was shorter than the length cutoff (20 bp): 119727 (0.39%)

Deleting both intermediate output files P53_H4K16ac_1_S0_L001_R1_001_trimmed.fq.gz and P53_H4K16ac_1_S0_L001_R2_001_trimmed.fq.gz

====================================================================================================

Using an excessive number of cores has a diminishing return! It is recommended not to exceed 8 cores per trimming process (you asked for 16 cores). Please consider re-specifying
Path to Cutadapt set as: 'cutadapt' (default)
Cutadapt seems to be working fine (tested command 'cutadapt --version')
Cutadapt version: 4.2
Could not detect version of Python used by Cutadapt from the first line of Cutadapt (but found this: >>>#!/bin/sh<<<)
Letting the (modified) Cutadapt deal with the Python version instead
pigz 2.6
Parallel gzip (pigz) detected. Proceeding with multicore (de)compression using 16 cores

igzip command line interface 2.30.0
igzip detected. Using igzip for decompressing

No quality encoding type selected. Assuming that the data provided uses Sanger encoded Phred scores (default)

Output will be written into the directory: /gpfs/projects/b1042/LauberthLab/BenFolder/p53kdtrimmeddir/
Writing report to '/gpfs/projects/b1042/LauberthLab/BenFolder/p53kdtrimmeddir/P53_H4K16ac_2_S0_L001_R1_001.fastq.gz_trimming_report.txt'

SUMMARISING RUN PARAMETERS
==========================
Input filename: p53kd/P53_H4K16ac_2_S0_L001_R1_001.fastq.gz
Trimming mode: paired-end
Trim Galore version: 0.6.10
Cutadapt version: 4.2
Python version: could not detect
Number of cores used for trimming: 16
Quality Phred score cutoff: 20
Quality encoding type selected: ASCII+33
Adapter sequence: 'AGATCGGAAGAGC' (Illumina TruSeq, Sanger iPCR; user defined)
Maximum trimming error rate: 0.1 (default)
Minimum required adapter overlap (stringency): 1 bp
Minimum required sequence length for both reads before a sequence pair gets removed: 20 bp
Output file(s) will be GZIP compressed

Cutadapt seems to be fairly up-to-date (version 4.2). Setting -j 16
Writing final adapter and quality trimmed output to P53_H4K16ac_2_S0_L001_R1_001_trimmed.fq.gz


  >>> Now performing quality (cutoff '-q 20') and adapter trimming in a single pass for the adapter sequence: 'AGATCGGAAGAGC' from file p53kd/P53_H4K16ac_2_S0_L001_R1_001.fastq.gz <<< 
10000000 sequences processed
20000000 sequences processed
30000000 sequences processed
40000000 sequences processed
This is cutadapt 4.2 with Python 3.8.16
Command line parameters: -j 16 -e 0.1 -q 20 -O 1 -a AGATCGGAAGAGC p53kd/P53_H4K16ac_2_S0_L001_R1_001.fastq.gz
Processing single-end reads on 16 cores ...
Finished in 113.018 s (2.609 µs/read; 22.99 M reads/minute).

=== Summary ===

Total reads processed:              43,313,378
Reads with adapters:                24,103,260 (55.6%)
Reads written (passing filters):    43,313,378 (100.0%)

Total basepairs processed: 6,540,320,078 bp
Quality-trimmed:              38,080,205 bp (0.6%)
Total written (filtered):  6,105,247,472 bp (93.3%)

=== Adapter 1 ===

Sequence: AGATCGGAAGAGC; Type: regular 3'; Length: 13; Trimmed: 24103260 times

Minimum overlap: 1
No. of allowed errors:
1-9 bp: 0; 10-13 bp: 1

Bases preceding removed adapters:
  A: 29.3%
  C: 23.9%
  G: 20.3%
  T: 26.4%
  none/other: 0.1%

Overview of removed sequences
length	count	expect	max.err	error counts
1	8381197	10828344.5	0	8381197
2	2244181	2707086.1	0	2244181
3	953301	676771.5	0	953301
4	424647	169192.9	0	424647
5	317943	42298.2	0	317943
6	282136	10574.6	0	282136
7	275794	2643.6	0	275794
8	275145	660.9	0	275145
9	291574	165.2	0	290830 744
10	257233	41.3	1	252570 4663
11	284589	10.3	1	277501 7088
12	258229	2.6	1	253491 4738
13	271245	0.6	1	263744 7501
14	261598	0.6	1	255706 5892
15	271086	0.6	1	263742 7344
16	257011	0.6	1	251094 5917
17	264843	0.6	1	256995 7848
18	243263	0.6	1	238574 4689
19	248450	0.6	1	242646 5804
20	245308	0.6	1	238869 6439
21	250186	0.6	1	242656 7530
22	230095	0.6	1	225482 4613
23	235458	0.6	1	229912 5546
24	230239	0.6	1	225120 5119
25	230558	0.6	1	224380 6178
26	219011	0.6	1	214091 4920
27	220812	0.6	1	215002 5810
28	218335	0.6	1	211656 6679
29	216827	0.6	1	211080 5747
30	198707	0.6	1	194863 3844
31	201864	0.6	1	197015 4849
32	204406	0.6	1	198412 5994
33	192148	0.6	1	187526 4622
34	198975	0.6	1	192399 6576
35	177554	0.6	1	173763 3791
36	183563	0.6	1	178159 5404
37	182351	0.6	1	177223 5128
38	171752	0.6	1	167727 4025
39	169379	0.6	1	164793 4586
40	162689	0.6	1	158965 3724
41	167003	0.6	1	161701 5302
42	161256	0.6	1	156344 4912
43	159360	0.6	1	154167 5193
44	214837	0.6	1	207998 6839
45	109565	0.6	1	106099 3466
46	171710	0.6	1	166537 5173
47	116584	0.6	1	113634 2950
48	147421	0.6	1	143540 3881
49	143681	0.6	1	140033 3648
50	175008	0.6	1	170694 4314
51	162796	0.6	1	158845 3951
52	239521	0.6	1	234930 4591
53	312446	0.6	1	307419 5027
54	164484	0.6	1	161086 3398
55	169036	0.6	1	166084 2952
56	152996	0.6	1	150470 2526
57	94388	0.6	1	92589 1799
58	30917	0.6	1	29924 993
59	29501	0.6	1	28538 963
60	29975	0.6	1	28994 981
61	42935	0.6	1	41764 1171
62	36192	0.6	1	35212 980
63	24493	0.6	1	23675 818
64	29642	0.6	1	28721 921
65	46619	0.6	1	45483 1136
66	47297	0.6	1	46219 1078
67	24882	0.6	1	24132 750
68	6562	0.6	1	6129 433
69	3802	0.6	1	3564 238
70	3417	0.6	1	3166 251
71	3306	0.6	1	3096 210
72	3926	0.6	1	3740 186
73	7119	0.6	1	6873 246
74	15474	0.6	1	15145 329
75	23795	0.6	1	23384 411
76	27765	0.6	1	27269 496
77	28987	0.6	1	28531 456
78	28047	0.6	1	27560 487
79	27301	0.6	1	26796 505
80	25926	0.6	1	25454 472
81	24053	0.6	1	23648 405
82	22348	0.6	1	21929 419
83	20454	0.6	1	20104 350
84	19066	0.6	1	18677 389
85	17994	0.6	1	17691 303
86	16074	0.6	1	15812 262
87	15286	0.6	1	14985 301
88	13654	0.6	1	13420 234
89	12668	0.6	1	12414 254
90	11561	0.6	1	11364 197
91	10418	0.6	1	10256 162
92	9461	0.6	1	9311 150
93	8591	0.6	1	8423 168
94	7784	0.6	1	7609 175
95	6814	0.6	1	6684 130
96	6272	0.6	1	6152 120
97	5626	0.6	1	5532 94
98	5707	0.6	1	5599 108
99	4302	0.6	1	4216 86
100	3659	0.6	1	3579 80
101	3153	0.6	1	3090 63
102	2842	0.6	1	2769 73
103	2432	0.6	1	2365 67
104	2122	0.6	1	2077 45
105	1786	0.6	1	1723 63
106	1620	0.6	1	1550 70
107	1301	0.6	1	1256 45
108	1167	0.6	1	1142 25
109	910	0.6	1	884 26
110	859	0.6	1	826 33
111	644	0.6	1	609 35
112	612	0.6	1	586 26
113	498	0.6	1	454 44
114	544	0.6	1	514 30
115	11109	0.6	1	10956 153
116	276	0.6	1	253 23
117	186	0.6	1	170 16
118	140	0.6	1	122 18
119	109	0.6	1	94 15
120	98	0.6	1	78 20
121	75	0.6	1	44 31
122	69	0.6	1	44 25
123	55	0.6	1	35 20
124	47	0.6	1	23 24
125	45	0.6	1	31 14
126	54	0.6	1	24 30
127	33	0.6	1	15 18
128	42	0.6	1	15 27
129	19	0.6	1	13 6
130	39	0.6	1	6 33
131	40	0.6	1	11 29
132	35	0.6	1	3 32
133	30	0.6	1	4 26
134	41	0.6	1	9 32
135	59	0.6	1	49 10
136	58	0.6	1	7 51
137	24	0.6	1	8 16
138	44	0.6	1	4 40
139	33	0.6	1	7 26
140	27	0.6	1	6 21
141	79	0.6	1	50 29
142	21	0.6	1	6 15
143	25	0.6	1	3 22
144	35	0.6	1	5 30
145	29	0.6	1	4 25
146	25	0.6	1	4 21
147	30	0.6	1	4 26
148	39	0.6	1	4 35
149	21	0.6	1	3 18
150	103	0.6	1	1 102
151	14130	0.6	1	12 14118

RUN STATISTICS FOR INPUT FILE: p53kd/P53_H4K16ac_2_S0_L001_R1_001.fastq.gz
=============================================
43313378 sequences processed in total
The length threshold of paired-end sequences gets evaluated later on (in the validation step)

Writing report to '/gpfs/projects/b1042/LauberthLab/BenFolder/p53kdtrimmeddir/P53_H4K16ac_2_S0_L001_R2_001.fastq.gz_trimming_report.txt'

SUMMARISING RUN PARAMETERS
==========================
Input filename: p53kd/P53_H4K16ac_2_S0_L001_R2_001.fastq.gz
Trimming mode: paired-end
Trim Galore version: 0.6.10
Cutadapt version: 4.2
Python version: could not detect
Number of cores used for trimming: 16
Quality Phred score cutoff: 20
Quality encoding type selected: ASCII+33
Adapter sequence: 'AGATCGGAAGAGC' (Illumina TruSeq, Sanger iPCR; user defined)
Maximum trimming error rate: 0.1 (default)
Minimum required adapter overlap (stringency): 1 bp
Minimum required sequence length for both reads before a sequence pair gets removed: 20 bp
Output file(s) will be GZIP compressed

Cutadapt seems to be fairly up-to-date (version 4.2). Setting -j -j 16
Writing final adapter and quality trimmed output to P53_H4K16ac_2_S0_L001_R2_001_trimmed.fq.gz


  >>> Now performing quality (cutoff '-q 20') and adapter trimming in a single pass for the adapter sequence: 'AGATCGGAAGAGC' from file p53kd/P53_H4K16ac_2_S0_L001_R2_001.fastq.gz <<< 
10000000 sequences processed
20000000 sequences processed
30000000 sequences processed
40000000 sequences processed
This is cutadapt 4.2 with Python 3.8.16
Command line parameters: -j 16 -e 0.1 -q 20 -O 1 -a AGATCGGAAGAGC p53kd/P53_H4K16ac_2_S0_L001_R2_001.fastq.gz
Processing single-end reads on 16 cores ...
Finished in 111.873 s (2.583 µs/read; 23.23 M reads/minute).

=== Summary ===

Total reads processed:              43,313,378
Reads with adapters:                23,920,980 (55.2%)
Reads written (passing filters):    43,313,378 (100.0%)

Total basepairs processed: 6,540,320,078 bp
Quality-trimmed:              55,290,687 bp (0.8%)
Total written (filtered):  6,097,424,283 bp (93.2%)

=== Adapter 1 ===

Sequence: AGATCGGAAGAGC; Type: regular 3'; Length: 13; Trimmed: 23920980 times

Minimum overlap: 1
No. of allowed errors:
1-9 bp: 0; 10-13 bp: 1

Bases preceding removed adapters:
  A: 29.4%
  C: 24.0%
  G: 20.4%
  T: 26.1%
  none/other: 0.0%

Overview of removed sequences
length	count	expect	max.err	error counts
1	8280964	10828344.5	0	8280964
2	2253353	2707086.1	0	2253353
3	946782	676771.5	0	946782
4	421420	169192.9	0	421420
5	314290	42298.2	0	314290
6	283648	10574.6	0	283648
7	278979	2643.6	0	278979
8	276506	660.9	0	276506
9	290926	165.2	0	290200 726
10	260800	41.3	1	256814 3986
11	282429	10.3	1	276186 6243
12	270181	2.6	1	265831 4350
13	262866	0.6	1	257748 5118
14	261344	0.6	1	257008 4336
15	270724	0.6	1	264772 5952
16	265347	0.6	1	258636 6711
17	251628	0.6	1	247104 4524
18	269688	0.6	1	261764 7924
19	417679	0.6	1	406000 11679
20	304286	0.6	1	298510 5776
21	72518	0.6	1	69688 2830
22	216826	0.6	1	213544 3282
23	233650	0.6	1	228995 4655
24	330138	0.6	1	322274 7864
25	160114	0.6	1	157033 3081
26	229956	0.6	1	225044 4912
27	470062	0.6	1	460983 9079
28	81644	0.6	1	78081 3563
29	322082	0.6	1	317112 4970
30	173842	0.6	1	170194 3648
31	190570	0.6	1	188254 2316
32	114297	0.6	1	111787 2510
33	363092	0.6	1	358822 4270
34	52291	0.6	1	49949 2342
35	356675	0.6	1	352488 4187
36	26743	0.6	1	25055 1688
37	287697	0.6	1	284545 3152
38	44048	0.6	1	42276 1772
39	158833	0.6	1	156238 2595
40	420322	0.6	1	415388 4934
41	176930	0.6	1	174235 2695
42	25708	0.6	1	24306 1402
43	184114	0.6	1	182618 1496
44	16265	0.6	1	14817 1448
45	355466	0.6	1	352422 3044
46	44521	0.6	1	43023 1498
47	55044	0.6	1	54034 1010
48	182163	0.6	1	180502 1661
49	71661	0.6	1	70294 1367
50	104524	0.6	1	103281 1243
51	76641	0.6	1	75451 1190
52	204422	0.6	1	202885 1537
53	7064	0.6	1	6201 863
54	66347	0.6	1	65473 874
55	170021	0.6	1	168653 1368
56	22324	0.6	1	21549 775
57	75714	0.6	1	74756 958
58	182475	0.6	1	181068 1407
59	67378	0.6	1	66436 942
60	17671	0.6	1	17105 566
61	53823	0.6	1	52967 856
62	135119	0.6	1	134082 1037
63	7125	0.6	1	6426 699
64	92149	0.6	1	91519 630
65	13367	0.6	1	12827 540
66	36363	0.6	1	35838 525
67	76531	0.6	1	75885 646
68	20376	0.6	1	19863 513
69	10750	0.6	1	10351 399
70	62949	0.6	1	62391 558
71	10623	0.6	1	10081 542
72	34099	0.6	1	33659 440
73	39509	0.6	1	38982 527
74	46997	0.6	1	46459 538
75	53533	0.6	1	52985 548
76	8974	0.6	1	8655 319
77	4604	0.6	1	4405 199
78	15794	0.6	1	15556 238
79	22956	0.6	1	22615 341
80	24754	0.6	1	24394 360
81	23470	0.6	1	23162 308
82	22261	0.6	1	21903 358
83	20393	0.6	1	20075 318
84	19126	0.6	1	18815 311
85	17956	0.6	1	17672 284
86	16086	0.6	1	15862 224
87	15220	0.6	1	15001 219
88	13599	0.6	1	13415 184
89	12676	0.6	1	12471 205
90	11603	0.6	1	11414 189
91	10422	0.6	1	10224 198
92	9427	0.6	1	9242 185
93	8566	0.6	1	8378 188
94	7856	0.6	1	7696 160
95	6781	0.6	1	6682 99
96	6273	0.6	1	6147 126
97	5628	0.6	1	5524 104
98	5740	0.6	1	5610 130
99	4304	0.6	1	4197 107
100	3668	0.6	1	3571 97
101	3166	0.6	1	3069 97
102	2826	0.6	1	2745 81
103	2426	0.6	1	2368 58
104	2105	0.6	1	2060 45
105	1787	0.6	1	1758 29
106	1605	0.6	1	1562 43
107	1341	0.6	1	1285 56
108	1155	0.6	1	1127 28
109	904	0.6	1	881 23
110	869	0.6	1	830 39
111	650	0.6	1	616 34
112	623	0.6	1	586 37
113	482	0.6	1	452 30
114	551	0.6	1	525 26
115	11375	0.6	1	11249 126
116	275	0.6	1	246 29
117	189	0.6	1	173 16
118	143	0.6	1	127 16
119	113	0.6	1	93 20
120	98	0.6	1	75 23
121	80	0.6	1	47 33
122	66	0.6	1	47 19
123	53	0.6	1	39 14
124	46	0.6	1	27 19
125	42	0.6	1	28 14
126	54	0.6	1	21 33
127	35	0.6	1	17 18
128	37	0.6	1	12 25
129	29	0.6	1	15 14
130	40	0.6	1	8 32
131	42	0.6	1	10 32
132	22	0.6	1	4 18
133	26	0.6	1	5 21
134	26	0.6	1	13 13
135	70	0.6	1	47 23
136	20	0.6	1	8 12
137	28	0.6	1	7 21
138	47	0.6	1	3 44
139	18	0.6	1	6 12
140	13	0.6	1	5 8
141	61	0.6	1	49 12
142	29	0.6	1	9 20
143	16	0.6	1	2 14
144	22	0.6	1	6 16
145	21	0.6	1	4 17
146	23	0.6	1	4 19
147	28	0.6	1	3 25
148	19	0.6	1	4 15
149	18	0.6	1	5 13
150	19	0.6	1	1 18
151	104	0.6	1	7 97

RUN STATISTICS FOR INPUT FILE: p53kd/P53_H4K16ac_2_S0_L001_R2_001.fastq.gz
=============================================
43313378 sequences processed in total
The length threshold of paired-end sequences gets evaluated later on (in the validation step)

Validate paired-end files P53_H4K16ac_2_S0_L001_R1_001_trimmed.fq.gz and P53_H4K16ac_2_S0_L001_R2_001_trimmed.fq.gz
file_1: P53_H4K16ac_2_S0_L001_R1_001_trimmed.fq.gz, file_2: P53_H4K16ac_2_S0_L001_R2_001_trimmed.fq.gz


>>>>> Now validing the length of the 2 paired-end infiles: P53_H4K16ac_2_S0_L001_R1_001_trimmed.fq.gz and P53_H4K16ac_2_S0_L001_R2_001_trimmed.fq.gz <<<<<
Writing validated paired-end Read 1 reads to P53_H4K16ac_2_S0_L001_R1_001_val_1.fq.gz
Writing validated paired-end Read 2 reads to P53_H4K16ac_2_S0_L001_R2_001_val_2.fq.gz

Total number of sequences analysed: 43313378

Number of sequence pairs removed because at least one read was shorter than the length cutoff (20 bp): 147306 (0.34%)

Deleting both intermediate output files P53_H4K16ac_2_S0_L001_R1_001_trimmed.fq.gz and P53_H4K16ac_2_S0_L001_R2_001_trimmed.fq.gz

====================================================================================================

Using an excessive number of cores has a diminishing return! It is recommended not to exceed 8 cores per trimming process (you asked for 16 cores). Please consider re-specifying
Path to Cutadapt set as: 'cutadapt' (default)
Cutadapt seems to be working fine (tested command 'cutadapt --version')
Cutadapt version: 4.2
Could not detect version of Python used by Cutadapt from the first line of Cutadapt (but found this: >>>#!/bin/sh<<<)
Letting the (modified) Cutadapt deal with the Python version instead
pigz 2.6
Parallel gzip (pigz) detected. Proceeding with multicore (de)compression using 16 cores

igzip command line interface 2.30.0
igzip detected. Using igzip for decompressing

No quality encoding type selected. Assuming that the data provided uses Sanger encoded Phred scores (default)

Output will be written into the directory: /gpfs/projects/b1042/LauberthLab/BenFolder/p53kdtrimmeddir/
Writing report to '/gpfs/projects/b1042/LauberthLab/BenFolder/p53kdtrimmeddir/Scr_H4K16ac_1_S0_L001_R1_001.fastq.gz_trimming_report.txt'

SUMMARISING RUN PARAMETERS
==========================
Input filename: p53kd/Scr_H4K16ac_1_S0_L001_R1_001.fastq.gz
Trimming mode: paired-end
Trim Galore version: 0.6.10
Cutadapt version: 4.2
Python version: could not detect
Number of cores used for trimming: 16
Quality Phred score cutoff: 20
Quality encoding type selected: ASCII+33
Adapter sequence: 'AGATCGGAAGAGC' (Illumina TruSeq, Sanger iPCR; user defined)
Maximum trimming error rate: 0.1 (default)
Minimum required adapter overlap (stringency): 1 bp
Minimum required sequence length for both reads before a sequence pair gets removed: 20 bp
Output file(s) will be GZIP compressed

Cutadapt seems to be fairly up-to-date (version 4.2). Setting -j 16
Writing final adapter and quality trimmed output to Scr_H4K16ac_1_S0_L001_R1_001_trimmed.fq.gz


  >>> Now performing quality (cutoff '-q 20') and adapter trimming in a single pass for the adapter sequence: 'AGATCGGAAGAGC' from file p53kd/Scr_H4K16ac_1_S0_L001_R1_001.fastq.gz <<< 
10000000 sequences processed
20000000 sequences processed
30000000 sequences processed
This is cutadapt 4.2 with Python 3.8.16
Command line parameters: -j 16 -e 0.1 -q 20 -O 1 -a AGATCGGAAGAGC p53kd/Scr_H4K16ac_1_S0_L001_R1_001.fastq.gz
Processing single-end reads on 16 cores ...
Finished in 95.506 s (2.662 µs/read; 22.54 M reads/minute).

=== Summary ===

Total reads processed:              35,882,161
Reads with adapters:                16,343,578 (45.5%)
Reads written (passing filters):    35,882,161 (100.0%)

Total basepairs processed: 5,418,206,311 bp
Quality-trimmed:              26,319,300 bp (0.5%)
Total written (filtered):  5,234,566,037 bp (96.6%)

=== Adapter 1 ===

Sequence: AGATCGGAAGAGC; Type: regular 3'; Length: 13; Trimmed: 16343578 times

Minimum overlap: 1
No. of allowed errors:
1-9 bp: 0; 10-13 bp: 1

Bases preceding removed adapters:
  A: 30.7%
  C: 26.0%
  G: 19.9%
  T: 23.2%
  none/other: 0.1%

Overview of removed sequences
length	count	expect	max.err	error counts
1	8014788	8970540.2	0	8014788
2	2126978	2242635.1	0	2126978
3	799434	560658.8	0	799434
4	298835	140164.7	0	298835
5	191480	35041.2	0	191480
6	158900	8760.3	0	158900
7	149535	2190.1	0	149535
8	150540	547.5	0	150540
9	156965	136.9	0	156369 596
10	136478	34.2	1	133537 2941
11	149851	8.6	1	145680 4171
12	133450	2.1	1	130819 2631
13	138133	0.5	1	134319 3814
14	131962	0.5	1	128934 3028
15	134024	0.5	1	130160 3864
16	128447	0.5	1	125235 3212
17	129891	0.5	1	125964 3927
18	117128	0.5	1	114836 2292
19	119005	0.5	1	115956 3049
20	117205	0.5	1	113931 3274
21	115190	0.5	1	111702 3488
22	104754	0.5	1	102539 2215
23	106320	0.5	1	103696 2624
24	103232	0.5	1	100737 2495
25	101872	0.5	1	99056 2816
26	94235	0.5	1	91983 2252
27	95478	0.5	1	92944 2534
28	94165	0.5	1	91161 3004
29	91104	0.5	1	88490 2614
30	82537	0.5	1	80848 1689
31	81780	0.5	1	79717 2063
32	82585	0.5	1	80119 2466
33	76098	0.5	1	74182 1916
34	77610	0.5	1	74907 2703
35	68658	0.5	1	67076 1582
36	70650	0.5	1	68476 2174
37	68389	0.5	1	66515 1874
38	64235	0.5	1	62671 1564
39	62599	0.5	1	60847 1752
40	58604	0.5	1	57078 1526
41	60841	0.5	1	58954 1887
42	58013	0.5	1	56153 1860
43	56406	0.5	1	54508 1898
44	75706	0.5	1	73201 2505
45	35075	0.5	1	33878 1197
46	56874	0.5	1	55136 1738
47	39951	0.5	1	38982 969
48	48922	0.5	1	47605 1317
49	45711	0.5	1	44509 1202
50	54330	0.5	1	52921 1409
51	49813	0.5	1	48485 1328
52	72633	0.5	1	71081 1552
53	92743	0.5	1	91108 1635
54	48084	0.5	1	47009 1075
55	49331	0.5	1	48458 873
56	42908	0.5	1	42128 780
57	26102	0.5	1	25511 591
58	8521	0.5	1	8206 315
59	8715	0.5	1	8363 352
60	8983	0.5	1	8673 310
61	12060	0.5	1	11699 361
62	10438	0.5	1	10117 321
63	6984	0.5	1	6714 270
64	8484	0.5	1	8176 308
65	12854	0.5	1	12508 346
66	12733	0.5	1	12430 303
67	6744	0.5	1	6495 249
68	1784	0.5	1	1638 146
69	1007	0.5	1	920 87
70	806	0.5	1	754 52
71	894	0.5	1	826 68
72	1052	0.5	1	997 55
73	1926	0.5	1	1827 99
74	3942	0.5	1	3838 104
75	6035	0.5	1	5895 140
76	6902	0.5	1	6758 144
77	7658	0.5	1	7513 145
78	7035	0.5	1	6883 152
79	6708	0.5	1	6560 148
80	6222	0.5	1	6115 107
81	6063	0.5	1	5947 116
82	5623	0.5	1	5491 132
83	5112	0.5	1	4999 113
84	4809	0.5	1	4700 109
85	4273	0.5	1	4158 115
86	3986	0.5	1	3901 85
87	3610	0.5	1	3542 68
88	3195	0.5	1	3118 77
89	2816	0.5	1	2747 69
90	2837	0.5	1	2755 82
91	2606	0.5	1	2547 59
92	2263	0.5	1	2190 73
93	2003	0.5	1	1954 49
94	1773	0.5	1	1711 62
95	1639	0.5	1	1605 34
96	1411	0.5	1	1378 33
97	1439	0.5	1	1390 49
98	1993	0.5	1	1928 65
99	1226	0.5	1	1188 38
100	1010	0.5	1	966 44
101	793	0.5	1	759 34
102	743	0.5	1	710 33
103	693	0.5	1	670 23
104	577	0.5	1	553 24
105	477	0.5	1	453 24
106	425	0.5	1	397 28
107	427	0.5	1	390 37
108	372	0.5	1	344 28
109	342	0.5	1	322 20
110	278	0.5	1	246 32
111	260	0.5	1	228 32
112	241	0.5	1	210 31
113	220	0.5	1	186 34
114	418	0.5	1	382 36
115	17956	0.5	1	17708 248
116	255	0.5	1	208 47
117	128	0.5	1	79 49
118	86	0.5	1	63 23
119	105	0.5	1	73 32
120	83	0.5	1	47 36
121	56	0.5	1	35 21
122	61	0.5	1	48 13
123	41	0.5	1	16 25
124	49	0.5	1	25 24
125	36	0.5	1	18 18
126	35	0.5	1	17 18
127	59	0.5	1	22 37
128	37	0.5	1	16 21
129	40	0.5	1	16 24
130	34	0.5	1	16 18
131	31	0.5	1	10 21
132	30	0.5	1	4 26
133	31	0.5	1	5 26
134	25	0.5	1	7 18
135	44	0.5	1	24 20
136	18	0.5	1	3 15
137	19	0.5	1	5 14
138	17	0.5	1	3 14
139	14	0.5	1	5 9
140	24	0.5	1	4 20
141	44	0.5	1	33 11
142	13	0.5	1	7 6
143	20	0.5	1	7 13
144	23	0.5	1	4 19
145	36	0.5	1	2 34
146	16	0.5	1	2 14
147	21	0.5	1	2 19
148	24	0.5	1	2 22
149	36	0.5	1	2 34
150	88	0.5	1	2 86
151	12936	0.5	1	11 12925

RUN STATISTICS FOR INPUT FILE: p53kd/Scr_H4K16ac_1_S0_L001_R1_001.fastq.gz
=============================================
35882161 sequences processed in total
The length threshold of paired-end sequences gets evaluated later on (in the validation step)

Writing report to '/gpfs/projects/b1042/LauberthLab/BenFolder/p53kdtrimmeddir/Scr_H4K16ac_1_S0_L001_R2_001.fastq.gz_trimming_report.txt'

SUMMARISING RUN PARAMETERS
==========================
Input filename: p53kd/Scr_H4K16ac_1_S0_L001_R2_001.fastq.gz
Trimming mode: paired-end
Trim Galore version: 0.6.10
Cutadapt version: 4.2
Python version: could not detect
Number of cores used for trimming: 16
Quality Phred score cutoff: 20
Quality encoding type selected: ASCII+33
Adapter sequence: 'AGATCGGAAGAGC' (Illumina TruSeq, Sanger iPCR; user defined)
Maximum trimming error rate: 0.1 (default)
Minimum required adapter overlap (stringency): 1 bp
Minimum required sequence length for both reads before a sequence pair gets removed: 20 bp
Output file(s) will be GZIP compressed

Cutadapt seems to be fairly up-to-date (version 4.2). Setting -j -j 16
Writing final adapter and quality trimmed output to Scr_H4K16ac_1_S0_L001_R2_001_trimmed.fq.gz


  >>> Now performing quality (cutoff '-q 20') and adapter trimming in a single pass for the adapter sequence: 'AGATCGGAAGAGC' from file p53kd/Scr_H4K16ac_1_S0_L001_R2_001.fastq.gz <<< 
10000000 sequences processed
20000000 sequences processed
30000000 sequences processed
This is cutadapt 4.2 with Python 3.8.16
Command line parameters: -j 16 -e 0.1 -q 20 -O 1 -a AGATCGGAAGAGC p53kd/Scr_H4K16ac_1_S0_L001_R2_001.fastq.gz
Processing single-end reads on 16 cores ...
Finished in 94.446 s (2.632 µs/read; 22.80 M reads/minute).

=== Summary ===

Total reads processed:              35,882,161
Reads with adapters:                16,191,251 (45.1%)
Reads written (passing filters):    35,882,161 (100.0%)

Total basepairs processed: 5,418,206,311 bp
Quality-trimmed:              46,368,331 bp (0.9%)
Total written (filtered):  5,221,359,219 bp (96.4%)

=== Adapter 1 ===

Sequence: AGATCGGAAGAGC; Type: regular 3'; Length: 13; Trimmed: 16191251 times

Minimum overlap: 1
No. of allowed errors:
1-9 bp: 0; 10-13 bp: 1

Bases preceding removed adapters:
  A: 30.8%
  C: 26.0%
  G: 20.1%
  T: 23.0%
  none/other: 0.1%

Overview of removed sequences
length	count	expect	max.err	error counts
1	7898787	8970540.2	0	7898787
2	2138160	2242635.1	0	2138160
3	794168	560658.8	0	794168
4	295723	140164.7	0	295723
5	189649	35041.2	0	189649
6	159682	8760.3	0	159682
7	151073	2190.1	0	151073
8	151199	547.5	0	151199
9	156324	136.9	0	155673 651
10	139056	34.2	1	136607 2449
11	147836	8.6	1	144547 3289
12	141193	2.1	1	138984 2209
13	132602	0.5	1	130021 2581
14	131586	0.5	1	129339 2247
15	133559	0.5	1	130537 3022
16	131658	0.5	1	128590 3068
17	123039	0.5	1	120863 2176
18	129158	0.5	1	125392 3766
19	212291	0.5	1	207098 5193
20	137551	0.5	1	135003 2548
21	33621	0.5	1	32333 1288
22	101890	0.5	1	100283 1607
23	105929	0.5	1	103772 2157
24	160982	0.5	1	157426 3556
25	73788	0.5	1	72319 1469
26	96591	0.5	1	94451 2140
27	205529	0.5	1	201631 3898
28	36685	0.5	1	35216 1469
29	135044	0.5	1	132829 2215
30	77082	0.5	1	75569 1513
31	80601	0.5	1	79620 981
32	46822	0.5	1	45754 1068
33	143987	0.5	1	142074 1913
34	106829	0.5	1	105406 1423
35	28858	0.5	1	28138 720
36	95673	0.5	1	94843 830
37	30956	0.5	1	30360 596
38	19430	0.5	1	18940 490
39	58065	0.5	1	57142 923
40	138053	0.5	1	136381 1672
41	48262	0.5	1	47472 790
42	4910	0.5	1	4356 554
43	86710	0.5	1	85924 786
44	5540	0.5	1	4970 570
45	125861	0.5	1	124809 1052
46	10862	0.5	1	10307 555
47	17212	0.5	1	16848 364
48	52268	0.5	1	51787 481
49	21515	0.5	1	21099 416
50	30988	0.5	1	30568 420
51	20468	0.5	1	20102 366
52	56663	0.5	1	56229 434
53	1995	0.5	1	1696 299
54	20249	0.5	1	19969 280
55	44665	0.5	1	44161 504
56	6591	0.5	1	6350 241
57	21849	0.5	1	21511 338
58	46596	0.5	1	46191 405
59	18001	0.5	1	17696 305
60	4931	0.5	1	4736 195
61	14574	0.5	1	14313 261
62	33442	0.5	1	33132 310
63	2109	0.5	1	1861 248
64	20627	0.5	1	20449 178
65	4191	0.5	1	4019 172
66	8026	0.5	1	7855 171
67	19337	0.5	1	19133 204
68	5406	0.5	1	5257 149
69	2444	0.5	1	2338 106
70	15003	0.5	1	14864 139
71	2796	0.5	1	2635 161
72	8730	0.5	1	8619 111
73	9545	0.5	1	9367 178
74	10952	0.5	1	10769 183
75	13005	0.5	1	12861 144
76	2698	0.5	1	2583 115
77	1120	0.5	1	1060 60
78	3345	0.5	1	3265 80
79	5227	0.5	1	5112 115
80	5741	0.5	1	5650 91
81	5851	0.5	1	5748 103
82	5505	0.5	1	5397 108
83	5095	0.5	1	4996 99
84	4771	0.5	1	4678 93
85	4270	0.5	1	4170 100
86	3974	0.5	1	3905 69
87	3604	0.5	1	3535 69
88	3205	0.5	1	3138 67
89	2836	0.5	1	2769 67
90	2822	0.5	1	2744 78
91	2591	0.5	1	2527 64
92	2248	0.5	1	2192 56
93	2019	0.5	1	1947 72
94	1760	0.5	1	1708 52
95	1651	0.5	1	1616 35
96	1439	0.5	1	1392 47
97	1439	0.5	1	1391 48
98	2016	0.5	1	1943 73
99	1237	0.5	1	1194 43
100	1034	0.5	1	976 58
101	793	0.5	1	771 22
102	750	0.5	1	712 38
103	691	0.5	1	668 23
104	582	0.5	1	548 34
105	480	0.5	1	465 15
106	441	0.5	1	413 28
107	434	0.5	1	395 39
108	372	0.5	1	328 44
109	369	0.5	1	333 36
110	271	0.5	1	249 22
111	270	0.5	1	236 34
112	258	0.5	1	221 37
113	220	0.5	1	188 32
114	468	0.5	1	418 50
115	18407	0.5	1	18210 197
116	230	0.5	1	211 19
117	108	0.5	1	88 20
118	82	0.5	1	58 24
119	65	0.5	1	52 13
120	71	0.5	1	52 19
121	50	0.5	1	35 15
122	69	0.5	1	43 26
123	38	0.5	1	21 17
124	53	0.5	1	32 21
125	60	0.5	1	26 34
126	45	0.5	1	20 25
127	42	0.5	1	22 20
128	34	0.5	1	22 12
129	36	0.5	1	19 17
130	27	0.5	1	16 11
131	29	0.5	1	11 18
132	17	0.5	1	7 10
133	20	0.5	1	7 13
134	33	0.5	1	10 23
135	39	0.5	1	22 17
136	23	0.5	1	5 18
137	26	0.5	1	5 21
138	13	0.5	1	3 10
139	26	0.5	1	6 20
140	17	0.5	1	3 14
141	54	0.5	1	32 22
142	24	0.5	1	8 16
143	23	0.5	1	9 14
144	25	0.5	1	4 21
145	18	0.5	1	2 16
146	8	0.5	1	2 6
147	17	0.5	1	2 15
148	5	0.5	1	1 4
149	17	0.5	1	3 14
150	39	0.5	1	0 39
151	432	0.5	1	7 425

RUN STATISTICS FOR INPUT FILE: p53kd/Scr_H4K16ac_1_S0_L001_R2_001.fastq.gz
=============================================
35882161 sequences processed in total
The length threshold of paired-end sequences gets evaluated later on (in the validation step)

Validate paired-end files Scr_H4K16ac_1_S0_L001_R1_001_trimmed.fq.gz and Scr_H4K16ac_1_S0_L001_R2_001_trimmed.fq.gz
file_1: Scr_H4K16ac_1_S0_L001_R1_001_trimmed.fq.gz, file_2: Scr_H4K16ac_1_S0_L001_R2_001_trimmed.fq.gz


>>>>> Now validing the length of the 2 paired-end infiles: Scr_H4K16ac_1_S0_L001_R1_001_trimmed.fq.gz and Scr_H4K16ac_1_S0_L001_R2_001_trimmed.fq.gz <<<<<
Writing validated paired-end Read 1 reads to Scr_H4K16ac_1_S0_L001_R1_001_val_1.fq.gz
Writing validated paired-end Read 2 reads to Scr_H4K16ac_1_S0_L001_R2_001_val_2.fq.gz

Total number of sequences analysed: 35882161

Number of sequence pairs removed because at least one read was shorter than the length cutoff (20 bp): 140896 (0.39%)

Deleting both intermediate output files Scr_H4K16ac_1_S0_L001_R1_001_trimmed.fq.gz and Scr_H4K16ac_1_S0_L001_R2_001_trimmed.fq.gz

====================================================================================================

Using an excessive number of cores has a diminishing return! It is recommended not to exceed 8 cores per trimming process (you asked for 16 cores). Please consider re-specifying
Path to Cutadapt set as: 'cutadapt' (default)
Cutadapt seems to be working fine (tested command 'cutadapt --version')
Cutadapt version: 4.2
Could not detect version of Python used by Cutadapt from the first line of Cutadapt (but found this: >>>#!/bin/sh<<<)
Letting the (modified) Cutadapt deal with the Python version instead
pigz 2.6
Parallel gzip (pigz) detected. Proceeding with multicore (de)compression using 16 cores

igzip command line interface 2.30.0
igzip detected. Using igzip for decompressing

No quality encoding type selected. Assuming that the data provided uses Sanger encoded Phred scores (default)

Output will be written into the directory: /gpfs/projects/b1042/LauberthLab/BenFolder/p53kdtrimmeddir/
Writing report to '/gpfs/projects/b1042/LauberthLab/BenFolder/p53kdtrimmeddir/Scr_H4K16ac_2_S0_L001_R1_001.fastq.gz_trimming_report.txt'

SUMMARISING RUN PARAMETERS
==========================
Input filename: p53kd/Scr_H4K16ac_2_S0_L001_R1_001.fastq.gz
Trimming mode: paired-end
Trim Galore version: 0.6.10
Cutadapt version: 4.2
Python version: could not detect
Number of cores used for trimming: 16
Quality Phred score cutoff: 20
Quality encoding type selected: ASCII+33
Adapter sequence: 'AGATCGGAAGAGC' (Illumina TruSeq, Sanger iPCR; user defined)
Maximum trimming error rate: 0.1 (default)
Minimum required adapter overlap (stringency): 1 bp
Minimum required sequence length for both reads before a sequence pair gets removed: 20 bp
Output file(s) will be GZIP compressed

Cutadapt seems to be fairly up-to-date (version 4.2). Setting -j 16
Writing final adapter and quality trimmed output to Scr_H4K16ac_2_S0_L001_R1_001_trimmed.fq.gz


  >>> Now performing quality (cutoff '-q 20') and adapter trimming in a single pass for the adapter sequence: 'AGATCGGAAGAGC' from file p53kd/Scr_H4K16ac_2_S0_L001_R1_001.fastq.gz <<< 
10000000 sequences processed
20000000 sequences processed
30000000 sequences processed
This is cutadapt 4.2 with Python 3.8.16
Command line parameters: -j 16 -e 0.1 -q 20 -O 1 -a AGATCGGAAGAGC p53kd/Scr_H4K16ac_2_S0_L001_R1_001.fastq.gz
Processing single-end reads on 16 cores ...
Finished in 94.702 s (2.619 µs/read; 22.91 M reads/minute).

=== Summary ===

Total reads processed:              36,163,059
Reads with adapters:                19,632,485 (54.3%)
Reads written (passing filters):    36,163,059 (100.0%)

Total basepairs processed: 5,460,621,909 bp
Quality-trimmed:              34,587,601 bp (0.6%)
Total written (filtered):  5,093,083,096 bp (93.3%)

=== Adapter 1 ===

Sequence: AGATCGGAAGAGC; Type: regular 3'; Length: 13; Trimmed: 19632485 times

Minimum overlap: 1
No. of allowed errors:
1-9 bp: 0; 10-13 bp: 1

Bases preceding removed adapters:
  A: 29.0%
  C: 25.4%
  G: 20.9%
  T: 24.5%
  none/other: 0.3%

Overview of removed sequences
length	count	expect	max.err	error counts
1	6931078	9040764.8	0	6931078
2	1904572	2260191.2	0	1904572
3	785575	565047.8	0	785575
4	345636	141261.9	0	345636
5	258953	35315.5	0	258953
6	229511	8828.9	0	229511
7	221301	2207.2	0	221301
8	217223	551.8	0	217223
9	237050	138.0	0	236420 630
10	209867	34.5	1	205674 4193
11	225279	8.6	1	219268 6011
12	201670	2.2	1	198076 3594
13	208944	0.5	1	202771 6173
14	202878	0.5	1	198197 4681
15	207355	0.5	1	201404 5951
16	196915	0.5	1	192232 4683
17	206188	0.5	1	199535 6653
18	187792	0.5	1	183946 3846
19	192234	0.5	1	186983 5251
20	189373	0.5	1	184087 5286
21	191341	0.5	1	185568 5773
22	171562	0.5	1	168063 3499
23	175304	0.5	1	170817 4487
24	170317	0.5	1	166089 4228
25	174431	0.5	1	169343 5088
26	165228	0.5	1	161140 4088
27	168784	0.5	1	163925 4859
28	170132	0.5	1	164380 5752
29	165876	0.5	1	161384 4492
30	152334	0.5	1	149343 2991
31	149521	0.5	1	145750 3771
32	154028	0.5	1	149265 4763
33	143387	0.5	1	139773 3614
34	152165	0.5	1	147093 5072
35	134046	0.5	1	131207 2839
36	136580	0.5	1	132238 4342
37	136952	0.5	1	132809 4143
38	128143	0.5	1	124550 3593
39	130414	0.5	1	126453 3961
40	124510	0.5	1	121534 2976
41	131364	0.5	1	126973 4391
42	120791	0.5	1	116749 4042
43	122491	0.5	1	118093 4398
44	169940	0.5	1	164256 5684
45	80260	0.5	1	77590 2670
46	134146	0.5	1	129974 4172
47	90464	0.5	1	88164 2300
48	116132	0.5	1	113003 3129
49	111244	0.5	1	107940 3304
50	138762	0.5	1	135372 3390
51	130852	0.5	1	127497 3355
52	198306	0.5	1	194254 4052
53	263107	0.5	1	258660 4447
54	138207	0.5	1	135355 2852
55	143359	0.5	1	140719 2640
56	131201	0.5	1	128991 2210
57	82440	0.5	1	80888 1552
58	26854	0.5	1	25922 932
59	25148	0.5	1	24235 913
60	25011	0.5	1	24273 738
61	35913	0.5	1	34930 983
62	30893	0.5	1	29879 1014
63	20902	0.5	1	20177 725
64	25468	0.5	1	24656 812
65	40621	0.5	1	39630 991
66	40582	0.5	1	39662 920
67	21641	0.5	1	20882 759
68	5939	0.5	1	5510 429
69	3581	0.5	1	3325 256
70	3000	0.5	1	2780 220
71	3080	0.5	1	2855 225
72	3982	0.5	1	3785 197
73	6970	0.5	1	6745 225
74	14677	0.5	1	14365 312
75	23063	0.5	1	22616 447
76	27764	0.5	1	27275 489
77	29889	0.5	1	29359 530
78	27532	0.5	1	27017 515
79	27900	0.5	1	27395 505
80	25591	0.5	1	25106 485
81	25426	0.5	1	24970 456
82	23640	0.5	1	23200 440
83	22196	0.5	1	21764 432
84	21168	0.5	1	20760 408
85	19521	0.5	1	19177 344
86	19225	0.5	1	18902 323
87	16824	0.5	1	16511 313
88	15934	0.5	1	15654 280
89	14828	0.5	1	14563 265
90	14135	0.5	1	13933 202
91	11908	0.5	1	11692 216
92	11719	0.5	1	11447 272
93	10890	0.5	1	10691 199
94	9687	0.5	1	9519 168
95	8823	0.5	1	8676 147
96	8463	0.5	1	8310 153
97	7599	0.5	1	7466 133
98	7040	0.5	1	6939 101
99	5874	0.5	1	5783 91
100	5297	0.5	1	5159 138
101	5035	0.5	1	4946 89
102	4002	0.5	1	3920 82
103	3638	0.5	1	3564 74
104	3116	0.5	1	3043 73
105	2672	0.5	1	2620 52
106	2113	0.5	1	2072 41
107	1709	0.5	1	1645 64
108	1594	0.5	1	1572 22
109	1379	0.5	1	1338 41
110	1221	0.5	1	1196 25
111	1042	0.5	1	1019 23
112	765	0.5	1	736 29
113	680	0.5	1	636 44
114	751	0.5	1	713 38
115	17928	0.5	1	17652 276
116	465	0.5	1	429 36
117	231	0.5	1	229 2
118	191	0.5	1	185 6
119	186	0.5	1	161 25
120	133	0.5	1	119 14
121	139	0.5	1	116 23
122	125	0.5	1	92 33
123	74	0.5	1	50 24
124	85	0.5	1	44 41
125	67	0.5	1	39 28
126	49	0.5	1	31 18
127	32	0.5	1	23 9
128	27	0.5	1	26 1
129	57	0.5	1	14 43
130	54	0.5	1	17 37
131	40	0.5	1	17 23
132	56	0.5	1	13 43
133	40	0.5	1	12 28
134	41	0.5	1	24 17
135	164	0.5	1	143 21
136	22	0.5	1	5 17
137	24	0.5	1	3 21
138	15	0.5	1	4 11
139	13	0.5	1	9 4
140	13	0.5	1	10 3
141	146	0.5	1	131 15
142	43	0.5	1	15 28
143	27	0.5	1	3 24
144	37	0.5	1	8 29
145	21	0.5	1	11 10
146	16	0.5	1	2 14
147	35	0.5	1	1 34
148	60	0.5	1	7 53
149	57	0.5	1	0 57
150	393	0.5	1	4 389
151	47949	0.5	1	31 47918

RUN STATISTICS FOR INPUT FILE: p53kd/Scr_H4K16ac_2_S0_L001_R1_001.fastq.gz
=============================================
36163059 sequences processed in total
The length threshold of paired-end sequences gets evaluated later on (in the validation step)

Writing report to '/gpfs/projects/b1042/LauberthLab/BenFolder/p53kdtrimmeddir/Scr_H4K16ac_2_S0_L001_R2_001.fastq.gz_trimming_report.txt'

SUMMARISING RUN PARAMETERS
==========================
Input filename: p53kd/Scr_H4K16ac_2_S0_L001_R2_001.fastq.gz
Trimming mode: paired-end
Trim Galore version: 0.6.10
Cutadapt version: 4.2
Python version: could not detect
Number of cores used for trimming: 16
Quality Phred score cutoff: 20
Quality encoding type selected: ASCII+33
Adapter sequence: 'AGATCGGAAGAGC' (Illumina TruSeq, Sanger iPCR; user defined)
Maximum trimming error rate: 0.1 (default)
Minimum required adapter overlap (stringency): 1 bp
Minimum required sequence length for both reads before a sequence pair gets removed: 20 bp
Output file(s) will be GZIP compressed

Cutadapt seems to be fairly up-to-date (version 4.2). Setting -j -j 16
Writing final adapter and quality trimmed output to Scr_H4K16ac_2_S0_L001_R2_001_trimmed.fq.gz


  >>> Now performing quality (cutoff '-q 20') and adapter trimming in a single pass for the adapter sequence: 'AGATCGGAAGAGC' from file p53kd/Scr_H4K16ac_2_S0_L001_R2_001.fastq.gz <<< 
10000000 sequences processed
20000000 sequences processed
30000000 sequences processed
This is cutadapt 4.2 with Python 3.8.16
Command line parameters: -j 16 -e 0.1 -q 20 -O 1 -a AGATCGGAAGAGC p53kd/Scr_H4K16ac_2_S0_L001_R2_001.fastq.gz
Processing single-end reads on 16 cores ...
Finished in 93.488 s (2.585 µs/read; 23.21 M reads/minute).

=== Summary ===

Total reads processed:              36,163,059
Reads with adapters:                19,469,850 (53.8%)
Reads written (passing filters):    36,163,059 (100.0%)

Total basepairs processed: 5,460,621,909 bp
Quality-trimmed:              45,344,816 bp (0.8%)
Total written (filtered):  5,092,502,835 bp (93.3%)

=== Adapter 1 ===

Sequence: AGATCGGAAGAGC; Type: regular 3'; Length: 13; Trimmed: 19469850 times

Minimum overlap: 1
No. of allowed errors:
1-9 bp: 0; 10-13 bp: 1

Bases preceding removed adapters:
  A: 29.1%
  C: 25.5%
  G: 21.1%
  T: 24.3%
  none/other: 0.0%

Overview of removed sequences
length	count	expect	max.err	error counts
1	6859710	9040764.8	0	6859710
2	1920049	2260191.2	0	1920049
3	784363	565047.8	0	784363
4	343270	141261.9	0	343270
5	255585	35315.5	0	255585
6	230959	8828.9	0	230959
7	224143	2207.2	0	224143
8	218278	551.8	0	218278
9	236288	138.0	0	235626 662
10	212678	34.5	1	209241 3437
11	223060	8.6	1	217905 5155
12	210393	2.2	1	206887 3506
13	203196	0.5	1	199232 3964
14	202246	0.5	1	198634 3612
15	206137	0.5	1	201411 4726
16	203417	0.5	1	198125 5292
17	194992	0.5	1	191451 3541
18	209425	0.5	1	202774 6651
19	310821	0.5	1	302050 8771
20	240686	0.5	1	236319 4367
21	54928	0.5	1	52744 2184
22	160929	0.5	1	158284 2645
23	173466	0.5	1	169967 3499
24	216258	0.5	1	211117 5141
25	136260	0.5	1	133888 2372
26	170968	0.5	1	167217 3751
27	320127	0.5	1	313459 6668
28	67959	0.5	1	65215 2744
29	268151	0.5	1	263451 4700
30	105476	0.5	1	102753 2723
31	157487	0.5	1	155635 1852
32	74452	0.5	1	72901 1551
33	188076	0.5	1	184991 3085
34	139616	0.5	1	137192 2424
35	147482	0.5	1	145117 2365
36	121665	0.5	1	119208 2457
37	178979	0.5	1	175986 2993
38	90485	0.5	1	88441 2044
39	209516	0.5	1	206961 2555
40	55708	0.5	1	53927 1781
41	94627	0.5	1	93305 1322
42	133739	0.5	1	131325 2414
43	202690	0.5	1	200772 1918
44	19016	0.5	1	17911 1105
45	300464	0.5	1	297267 3197
46	37037	0.5	1	35834 1203
47	60364	0.5	1	59380 984
48	140088	0.5	1	138781 1307
49	59409	0.5	1	58309 1100
50	83014	0.5	1	81897 1117
51	69327	0.5	1	68277 1050
52	183270	0.5	1	181798 1472
53	7659	0.5	1	6877 782
54	54662	0.5	1	53920 742
55	144455	0.5	1	143147 1308
56	19521	0.5	1	18977 544
57	67898	0.5	1	66965 933
58	171929	0.5	1	170694 1235
59	53594	0.5	1	52698 896
60	16267	0.5	1	15773 494
61	41222	0.5	1	40511 711
62	120433	0.5	1	119516 917
63	6337	0.5	1	5713 624
64	79066	0.5	1	78560 506
65	10985	0.5	1	10516 469
66	30641	0.5	1	30188 453
67	66381	0.5	1	65829 552
68	18027	0.5	1	17532 495
69	9035	0.5	1	8673 362
70	58265	0.5	1	57725 540
71	8987	0.5	1	8508 479
72	31474	0.5	1	31019 455
73	37761	0.5	1	37202 559
74	44199	0.5	1	43639 560
75	52564	0.5	1	51982 582
76	9150	0.5	1	8884 266
77	4547	0.5	1	4383 164
78	15452	0.5	1	15222 230
79	23382	0.5	1	23084 298
80	24163	0.5	1	23826 337
81	24876	0.5	1	24506 370
82	23538	0.5	1	23181 357
83	22139	0.5	1	21771 368
84	21256	0.5	1	20883 373
85	19447	0.5	1	19189 258
86	19307	0.5	1	19058 249
87	16793	0.5	1	16557 236
88	15922	0.5	1	15682 240
89	14843	0.5	1	14645 198
90	14113	0.5	1	13859 254
91	11964	0.5	1	11703 261
92	11649	0.5	1	11431 218
93	10925	0.5	1	10708 217
94	9714	0.5	1	9559 155
95	8807	0.5	1	8665 142
96	8476	0.5	1	8340 136
97	7563	0.5	1	7437 126
98	7046	0.5	1	6894 152
99	5849	0.5	1	5725 124
100	5305	0.5	1	5190 115
101	5016	0.5	1	4911 105
102	3968	0.5	1	3870 98
103	3653	0.5	1	3562 91
104	3173	0.5	1	3084 89
105	2721	0.5	1	2658 63
106	2101	0.5	1	2060 41
107	1732	0.5	1	1672 60
108	1627	0.5	1	1584 43
109	1373	0.5	1	1327 46
110	1239	0.5	1	1208 31
111	1051	0.5	1	1025 26
112	770	0.5	1	729 41
113	713	0.5	1	654 59
114	787	0.5	1	749 38
115	18398	0.5	1	18212 186
116	440	0.5	1	424 16
117	244	0.5	1	227 17
118	185	0.5	1	180 5
119	172	0.5	1	136 36
120	126	0.5	1	115 11
121	127	0.5	1	114 13
122	107	0.5	1	80 27
123	119	0.5	1	48 71
124	65	0.5	1	45 20
125	92	0.5	1	43 49
126	59	0.5	1	31 28
127	48	0.5	1	24 24
128	42	0.5	1	25 17
129	49	0.5	1	17 32
130	52	0.5	1	26 26
131	33	0.5	1	17 16
132	30	0.5	1	15 15
133	49	0.5	1	15 34
134	48	0.5	1	23 25
135	178	0.5	1	142 36
136	38	0.5	1	6 32
137	20	0.5	1	5 15
138	16	0.5	1	6 10
139	23	0.5	1	7 16
140	23	0.5	1	10 13
141	146	0.5	1	135 11
142	48	0.5	1	16 32
143	4	0.5	1	4
144	17	0.5	1	7 10
145	28	0.5	1	11 17
146	5	0.5	1	3 2
147	59	0.5	1	3 56
148	29	0.5	1	7 22
149	4	0.5	1	1 3
150	29	0.5	1	1 28
151	457	0.5	1	21 436

RUN STATISTICS FOR INPUT FILE: p53kd/Scr_H4K16ac_2_S0_L001_R2_001.fastq.gz
=============================================
36163059 sequences processed in total
The length threshold of paired-end sequences gets evaluated later on (in the validation step)

Validate paired-end files Scr_H4K16ac_2_S0_L001_R1_001_trimmed.fq.gz and Scr_H4K16ac_2_S0_L001_R2_001_trimmed.fq.gz
file_1: Scr_H4K16ac_2_S0_L001_R1_001_trimmed.fq.gz, file_2: Scr_H4K16ac_2_S0_L001_R2_001_trimmed.fq.gz


>>>>> Now validing the length of the 2 paired-end infiles: Scr_H4K16ac_2_S0_L001_R1_001_trimmed.fq.gz and Scr_H4K16ac_2_S0_L001_R2_001_trimmed.fq.gz <<<<<
Writing validated paired-end Read 1 reads to Scr_H4K16ac_2_S0_L001_R1_001_val_1.fq.gz
Writing validated paired-end Read 2 reads to Scr_H4K16ac_2_S0_L001_R2_001_val_2.fq.gz

Total number of sequences analysed: 36163059

Number of sequence pairs removed because at least one read was shorter than the length cutoff (20 bp): 168045 (0.46%)

Deleting both intermediate output files Scr_H4K16ac_2_S0_L001_R1_001_trimmed.fq.gz and Scr_H4K16ac_2_S0_L001_R2_001_trimmed.fq.gz

====================================================================================================

Using an excessive number of cores has a diminishing return! It is recommended not to exceed 8 cores per trimming process (you asked for 16 cores). Please consider re-specifying
Path to Cutadapt set as: 'cutadapt' (default)
Cutadapt seems to be working fine (tested command 'cutadapt --version')
Cutadapt version: 4.2
Could not detect version of Python used by Cutadapt from the first line of Cutadapt (but found this: >>>#!/bin/sh<<<)
Letting the (modified) Cutadapt deal with the Python version instead
pigz 2.6
Parallel gzip (pigz) detected. Proceeding with multicore (de)compression using 16 cores

igzip command line interface 2.30.0
igzip detected. Using igzip for decompressing

No quality encoding type selected. Assuming that the data provided uses Sanger encoded Phred scores (default)

Output will be written into the directory: /gpfs/projects/b1042/LauberthLab/BenFolder/p53kdtrimmeddir/
Writing report to '/gpfs/projects/b1042/LauberthLab/BenFolder/p53kdtrimmeddir/Scr_Input1_S0_L001_R1_001.fastq.gz_trimming_report.txt'

SUMMARISING RUN PARAMETERS
==========================
Input filename: p53kd/Scr_Input1_S0_L001_R1_001.fastq.gz
Trimming mode: paired-end
Trim Galore version: 0.6.10
Cutadapt version: 4.2
Python version: could not detect
Number of cores used for trimming: 16
Quality Phred score cutoff: 20
Quality encoding type selected: ASCII+33
Adapter sequence: 'AGATCGGAAGAGC' (Illumina TruSeq, Sanger iPCR; user defined)
Maximum trimming error rate: 0.1 (default)
Minimum required adapter overlap (stringency): 1 bp
Minimum required sequence length for both reads before a sequence pair gets removed: 20 bp
Output file(s) will be GZIP compressed

Cutadapt seems to be fairly up-to-date (version 4.2). Setting -j 16
Writing final adapter and quality trimmed output to Scr_Input1_S0_L001_R1_001_trimmed.fq.gz


  >>> Now performing quality (cutoff '-q 20') and adapter trimming in a single pass for the adapter sequence: 'AGATCGGAAGAGC' from file p53kd/Scr_Input1_S0_L001_R1_001.fastq.gz <<< 
10000000 sequences processed
20000000 sequences processed
30000000 sequences processed
This is cutadapt 4.2 with Python 3.8.16
Command line parameters: -j 16 -e 0.1 -q 20 -O 1 -a AGATCGGAAGAGC p53kd/Scr_Input1_S0_L001_R1_001.fastq.gz
Processing single-end reads on 16 cores ...
Finished in 102.916 s (2.573 µs/read; 23.31 M reads/minute).

=== Summary ===

Total reads processed:              39,991,207
Reads with adapters:                16,937,003 (42.4%)
Reads written (passing filters):    39,991,207 (100.0%)

Total basepairs processed: 6,038,672,257 bp
Quality-trimmed:              23,845,332 bp (0.4%)
Total written (filtered):  5,889,647,291 bp (97.5%)

=== Adapter 1 ===

Sequence: AGATCGGAAGAGC; Type: regular 3'; Length: 13; Trimmed: 16937003 times

Minimum overlap: 1
No. of allowed errors:
1-9 bp: 0; 10-13 bp: 1

Bases preceding removed adapters:
  A: 31.7%
  C: 24.5%
  G: 18.6%
  T: 25.1%
  none/other: 0.1%

Overview of removed sequences
length	count	expect	max.err	error counts
1	10254409	9997801.8	0	10254409
2	2509212	2499450.4	0	2509212
3	894889	624862.6	0	894889
4	255020	156215.7	0	255020
5	106859	39053.9	0	106859
6	74536	9763.5	0	74536
7	69627	2440.9	0	69627
8	69035	610.2	0	69035
9	73050	152.6	0	72542 508
10	63067	38.1	1	61749 1318
11	68445	9.5	1	66870 1575
12	61557	2.4	1	60650 907
13	64467	0.6	1	63018 1449
14	61093	0.6	1	59948 1145
15	61951	0.6	1	60565 1386
16	59154	0.6	1	58059 1095
17	60454	0.6	1	58886 1568
18	54850	0.6	1	54083 767
19	55950	0.6	1	54884 1066
20	55574	0.6	1	54350 1224
21	55869	0.6	1	54542 1327
22	50525	0.6	1	49735 790
23	51488	0.6	1	50423 1065
24	49682	0.6	1	48747 935
25	50082	0.6	1	48901 1181
26	47131	0.6	1	46280 851
27	47700	0.6	1	46640 1060
28	47617	0.6	1	46368 1249
29	46187	0.6	1	45162 1025
30	42437	0.6	1	41837 600
31	42832	0.6	1	42029 803
32	43703	0.6	1	42515 1188
33	40878	0.6	1	40046 832
34	42004	0.6	1	40766 1238
35	38065	0.6	1	37444 621
36	39591	0.6	1	38560 1031
37	38747	0.6	1	37753 994
38	36690	0.6	1	35938 752
39	36381	0.6	1	35433 948
40	34509	0.6	1	33855 654
41	36584	0.6	1	35485 1099
42	35438	0.6	1	34457 981
43	35447	0.6	1	34250 1197
44	48931	0.6	1	47423 1508
45	22821	0.6	1	22058 763
46	38036	0.6	1	36988 1048
47	25970	0.6	1	25407 563
48	33778	0.6	1	32987 791
49	32596	0.6	1	31805 791
50	42295	0.6	1	41429 866
51	39363	0.6	1	38472 891
52	60020	0.6	1	59061 959
53	82094	0.6	1	81088 1006
54	44426	0.6	1	43691 735
55	47057	0.6	1	46370 687
56	44848	0.6	1	44309 539
57	28239	0.6	1	27844 395
58	9070	0.6	1	8844 226
59	7211	0.6	1	6953 258
60	7145	0.6	1	6923 222
61	10511	0.6	1	10267 244
62	9060	0.6	1	8856 204
63	6263	0.6	1	6065 198
64	8074	0.6	1	7876 198
65	12632	0.6	1	12387 245
66	12941	0.6	1	12677 264
67	7123	0.6	1	6920 203
68	1950	0.6	1	1814 136
69	1247	0.6	1	1150 97
70	1134	0.6	1	1059 75
71	1162	0.6	1	1083 79
72	1344	0.6	1	1264 80
73	2518	0.6	1	2418 100
74	5331	0.6	1	5225 106
75	8796	0.6	1	8665 131
76	10748	0.6	1	10571 177
77	11268	0.6	1	11097 171
78	11478	0.6	1	11305 173
79	11407	0.6	1	11236 171
80	11134	0.6	1	10967 167
81	10717	0.6	1	10549 168
82	10391	0.6	1	10237 154
83	10144	0.6	1	9967 177
84	9919	0.6	1	9779 140
85	9182	0.6	1	9035 147
86	8939	0.6	1	8760 179
87	8718	0.6	1	8559 159
88	8254	0.6	1	8123 131
89	8052	0.6	1	7909 143
90	7383	0.6	1	7270 113
91	7031	0.6	1	6913 118
92	6757	0.6	1	6627 130
93	6548	0.6	1	6444 104
94	6023	0.6	1	5930 93
95	5654	0.6	1	5550 104
96	5272	0.6	1	5195 77
97	5131	0.6	1	5034 97
98	5683	0.6	1	5594 89
99	4477	0.6	1	4392 85
100	3846	0.6	1	3773 73
101	3460	0.6	1	3391 69
102	3259	0.6	1	3191 68
103	2855	0.6	1	2810 45
104	2610	0.6	1	2554 56
105	2257	0.6	1	2203 54
106	1982	0.6	1	1938 44
107	1720	0.6	1	1685 35
108	1459	0.6	1	1413 46
109	1297	0.6	1	1259 38
110	1123	0.6	1	1090 33
111	955	0.6	1	920 35
112	835	0.6	1	807 28
113	734	0.6	1	693 41
114	879	0.6	1	835 44
115	23098	0.6	1	22763 335
116	522	0.6	1	492 30
117	328	0.6	1	301 27
118	276	0.6	1	251 25
119	201	0.6	1	178 23
120	159	0.6	1	145 14
121	170	0.6	1	145 25
122	134	0.6	1	114 20
123	135	0.6	1	114 21
124	124	0.6	1	100 24
125	107	0.6	1	90 17
126	116	0.6	1	96 20
127	125	0.6	1	93 32
128	89	0.6	1	75 14
129	113	0.6	1	93 20
130	90	0.6	1	70 20
131	113	0.6	1	85 28
132	81	0.6	1	62 19
133	89	0.6	1	76 13
134	68	0.6	1	56 12
135	97	0.6	1	78 19
136	85	0.6	1	66 19
137	69	0.6	1	54 15
138	75	0.6	1	58 17
139	92	0.6	1	76 16
140	72	0.6	1	57 15
141	85	0.6	1	70 15
142	64	0.6	1	51 13
143	66	0.6	1	53 13
144	69	0.6	1	55 14
145	91	0.6	1	72 19
146	114	0.6	1	90 24
147	76	0.6	1	53 23
148	69	0.6	1	50 19
149	50	0.6	1	21 29
150	130	0.6	1	8 122
151	13208	0.6	1	58 13150

RUN STATISTICS FOR INPUT FILE: p53kd/Scr_Input1_S0_L001_R1_001.fastq.gz
=============================================
39991207 sequences processed in total
The length threshold of paired-end sequences gets evaluated later on (in the validation step)

Writing report to '/gpfs/projects/b1042/LauberthLab/BenFolder/p53kdtrimmeddir/Scr_Input1_S0_L001_R2_001.fastq.gz_trimming_report.txt'

SUMMARISING RUN PARAMETERS
==========================
Input filename: p53kd/Scr_Input1_S0_L001_R2_001.fastq.gz
Trimming mode: paired-end
Trim Galore version: 0.6.10
Cutadapt version: 4.2
Python version: could not detect
Number of cores used for trimming: 16
Quality Phred score cutoff: 20
Quality encoding type selected: ASCII+33
Adapter sequence: 'AGATCGGAAGAGC' (Illumina TruSeq, Sanger iPCR; user defined)
Maximum trimming error rate: 0.1 (default)
Minimum required adapter overlap (stringency): 1 bp
Minimum required sequence length for both reads before a sequence pair gets removed: 20 bp
Output file(s) will be GZIP compressed

Cutadapt seems to be fairly up-to-date (version 4.2). Setting -j -j 16
Writing final adapter and quality trimmed output to Scr_Input1_S0_L001_R2_001_trimmed.fq.gz


  >>> Now performing quality (cutoff '-q 20') and adapter trimming in a single pass for the adapter sequence: 'AGATCGGAAGAGC' from file p53kd/Scr_Input1_S0_L001_R2_001.fastq.gz <<< 
10000000 sequences processed
20000000 sequences processed
30000000 sequences processed
This is cutadapt 4.2 with Python 3.8.16
Command line parameters: -j 16 -e 0.1 -q 20 -O 1 -a AGATCGGAAGAGC p53kd/Scr_Input1_S0_L001_R2_001.fastq.gz
Processing single-end reads on 16 cores ...
Finished in 102.579 s (2.565 µs/read; 23.39 M reads/minute).

=== Summary ===

Total reads processed:              39,991,207
Reads with adapters:                16,718,923 (41.8%)
Reads written (passing filters):    39,991,207 (100.0%)

Total basepairs processed: 6,038,672,257 bp
Quality-trimmed:              54,420,639 bp (0.9%)
Total written (filtered):  5,865,271,824 bp (97.1%)

=== Adapter 1 ===

Sequence: AGATCGGAAGAGC; Type: regular 3'; Length: 13; Trimmed: 16718923 times

Minimum overlap: 1
No. of allowed errors:
1-9 bp: 0; 10-13 bp: 1

Bases preceding removed adapters:
  A: 31.6%
  C: 24.4%
  G: 19.1%
  T: 24.8%
  none/other: 0.1%

Overview of removed sequences
length	count	expect	max.err	error counts
1	10066486	9997801.8	0	10066486
2	2512427	2499450.4	0	2512427
3	884148	624862.6	0	884148
4	252637	156215.7	0	252637
5	105849	39053.9	0	105849
6	75053	9763.5	0	75053
7	70457	2440.9	0	70457
8	69449	610.2	0	69449
9	73765	152.6	0	73195 570
10	64537	38.1	1	62929 1608
11	68765	9.5	1	66956 1809
12	72786	2.4	1	71407 1379
13	55582	0.6	1	54484 1098
14	61278	0.6	1	59990 1288
15	63195	0.6	1	61249 1946
16	60842	0.6	1	59126 1716
17	58262	0.6	1	56841 1421
18	61530	0.6	1	59325 2205
19	109685	0.6	1	105630 4055
20	66798	0.6	1	65127 1671
21	14872	0.6	1	14001 871
22	48989	0.6	1	47942 1047
23	52090	0.6	1	50639 1451
24	98363	0.6	1	94945 3418
25	33578	0.6	1	32593 985
26	52128	0.6	1	50571 1557
27	137674	0.6	1	134758 2916
28	24970	0.6	1	23885 1085
29	71917	0.6	1	70544 1373
30	48021	0.6	1	46855 1166
31	33190	0.6	1	32613 577
32	23553	0.6	1	22692 861
33	147196	0.6	1	145173 2023
34	40651	0.6	1	39647 1004
35	32284	0.6	1	31725 559
36	13248	0.6	1	12795 453
37	59871	0.6	1	59109 762
38	49812	0.6	1	49042 770
39	13112	0.6	1	12663 449
40	9153	0.6	1	8702 451
41	16626	0.6	1	16289 337
42	2931	0.6	1	2580 351
43	50946	0.6	1	50148 798
44	2957	0.6	1	2509 448
45	68268	0.6	1	67410 858
46	9550	0.6	1	9128 422
47	7353	0.6	1	7076 277
48	39840	0.6	1	39422 418
49	12046	0.6	1	11690 356
50	25014	0.6	1	24652 362
51	11447	0.6	1	11144 303
52	41593	0.6	1	41114 479
53	1439	0.6	1	1197 242
54	14875	0.6	1	14625 250
55	35783	0.6	1	35289 494
56	5152	0.6	1	4881 271
57	16611	0.6	1	16264 347
58	39380	0.6	1	38697 683
59	20043	0.6	1	19554 489
60	3793	0.6	1	3577 216
61	15655	0.6	1	15356 299
62	33946	0.6	1	33398 548
63	1822	0.6	1	1580 242
64	22215	0.6	1	21943 272
65	5075	0.6	1	4850 225
66	8346	0.6	1	8126 220
67	23293	0.6	1	23059 234
68	6171	0.6	1	5931 240
69	2808	0.6	1	2620 188
70	18359	0.6	1	18140 219
71	4031	0.6	1	3823 208
72	11461	0.6	1	11174 287
73	12972	0.6	1	12711 261
74	15970	0.6	1	15647 323
75	21159	0.6	1	20755 404
76	5063	0.6	1	4873 190
77	1517	0.6	1	1394 123
78	5169	0.6	1	5043 126
79	8637	0.6	1	8263 374
80	10161	0.6	1	9924 237
81	10298	0.6	1	10037 261
82	10169	0.6	1	9858 311
83	10120	0.6	1	9908 212
84	9856	0.6	1	9675 181
85	9211	0.6	1	8959 252
86	8956	0.6	1	8755 201
87	8712	0.6	1	8507 205
88	8311	0.6	1	8083 228
89	8068	0.6	1	7813 255
90	7370	0.6	1	7179 191
91	7027	0.6	1	6843 184
92	6711	0.6	1	6554 157
93	6593	0.6	1	6404 189
94	6014	0.6	1	5855 159
95	5631	0.6	1	5487 144
96	5346	0.6	1	5187 159
97	5127	0.6	1	4991 136
98	5787	0.6	1	5594 193
99	4497	0.6	1	4360 137
100	3805	0.6	1	3681 124
101	3488	0.6	1	3359 129
102	3246	0.6	1	3156 90
103	2887	0.6	1	2805 82
104	2605	0.6	1	2518 87
105	2290	0.6	1	2224 66
106	1990	0.6	1	1928 62
107	1746	0.6	1	1688 58
108	1474	0.6	1	1420 54
109	1300	0.6	1	1252 48
110	1143	0.6	1	1089 54
111	969	0.6	1	920 49
112	869	0.6	1	822 47
113	733	0.6	1	700 33
114	958	0.6	1	902 56
115	23592	0.6	1	23314 278
116	522	0.6	1	486 36
117	335	0.6	1	304 31
118	293	0.6	1	262 31
119	211	0.6	1	181 30
120	179	0.6	1	154 25
121	172	0.6	1	149 23
122	145	0.6	1	117 28
123	145	0.6	1	121 24
124	133	0.6	1	112 21
125	109	0.6	1	91 18
126	113	0.6	1	96 17
127	120	0.6	1	96 24
128	92	0.6	1	72 20
129	124	0.6	1	98 26
130	83	0.6	1	67 16
131	104	0.6	1	86 18
132	78	0.6	1	64 14
133	100	0.6	1	81 19
134	82	0.6	1	61 21
135	89	0.6	1	77 12
136	82	0.6	1	61 21
137	80	0.6	1	49 31
138	69	0.6	1	55 14
139	84	0.6	1	71 13
140	73	0.6	1	56 17
141	87	0.6	1	71 16
142	58	0.6	1	50 8
143	60	0.6	1	46 14
144	67	0.6	1	54 13
145	90	0.6	1	67 23
146	97	0.6	1	82 15
147	72	0.6	1	49 23
148	67	0.6	1	43 24
149	37	0.6	1	22 15
150	13	0.6	1	5 8
151	79	0.6	1	48 31

RUN STATISTICS FOR INPUT FILE: p53kd/Scr_Input1_S0_L001_R2_001.fastq.gz
=============================================
39991207 sequences processed in total
The length threshold of paired-end sequences gets evaluated later on (in the validation step)

Validate paired-end files Scr_Input1_S0_L001_R1_001_trimmed.fq.gz and Scr_Input1_S0_L001_R2_001_trimmed.fq.gz
file_1: Scr_Input1_S0_L001_R1_001_trimmed.fq.gz, file_2: Scr_Input1_S0_L001_R2_001_trimmed.fq.gz


>>>>> Now validing the length of the 2 paired-end infiles: Scr_Input1_S0_L001_R1_001_trimmed.fq.gz and Scr_Input1_S0_L001_R2_001_trimmed.fq.gz <<<<<
Writing validated paired-end Read 1 reads to Scr_Input1_S0_L001_R1_001_val_1.fq.gz
Writing validated paired-end Read 2 reads to Scr_Input1_S0_L001_R2_001_val_2.fq.gz

Total number of sequences analysed: 39991207

Number of sequence pairs removed because at least one read was shorter than the length cutoff (20 bp): 129505 (0.32%)

Deleting both intermediate output files Scr_Input1_S0_L001_R1_001_trimmed.fq.gz and Scr_Input1_S0_L001_R2_001_trimmed.fq.gz

====================================================================================================

Using an excessive number of cores has a diminishing return! It is recommended not to exceed 8 cores per trimming process (you asked for 16 cores). Please consider re-specifying
Path to Cutadapt set as: 'cutadapt' (default)
Cutadapt seems to be working fine (tested command 'cutadapt --version')
Cutadapt version: 4.2
Could not detect version of Python used by Cutadapt from the first line of Cutadapt (but found this: >>>#!/bin/sh<<<)
Letting the (modified) Cutadapt deal with the Python version instead
pigz 2.6
Parallel gzip (pigz) detected. Proceeding with multicore (de)compression using 16 cores

igzip command line interface 2.30.0
igzip detected. Using igzip for decompressing

No quality encoding type selected. Assuming that the data provided uses Sanger encoded Phred scores (default)

Output will be written into the directory: /gpfs/projects/b1042/LauberthLab/BenFolder/p53kdtrimmeddir/
Writing report to '/gpfs/projects/b1042/LauberthLab/BenFolder/p53kdtrimmeddir/Scr_Input2_S0_L001_R1_001.fastq.gz_trimming_report.txt'

SUMMARISING RUN PARAMETERS
==========================
Input filename: p53kd/Scr_Input2_S0_L001_R1_001.fastq.gz
Trimming mode: paired-end
Trim Galore version: 0.6.10
Cutadapt version: 4.2
Python version: could not detect
Number of cores used for trimming: 16
Quality Phred score cutoff: 20
Quality encoding type selected: ASCII+33
Adapter sequence: 'AGATCGGAAGAGC' (Illumina TruSeq, Sanger iPCR; user defined)
Maximum trimming error rate: 0.1 (default)
Minimum required adapter overlap (stringency): 1 bp
Minimum required sequence length for both reads before a sequence pair gets removed: 20 bp
Output file(s) will be GZIP compressed

Cutadapt seems to be fairly up-to-date (version 4.2). Setting -j 16
Writing final adapter and quality trimmed output to Scr_Input2_S0_L001_R1_001_trimmed.fq.gz


  >>> Now performing quality (cutoff '-q 20') and adapter trimming in a single pass for the adapter sequence: 'AGATCGGAAGAGC' from file p53kd/Scr_Input2_S0_L001_R1_001.fastq.gz <<< 
10000000 sequences processed
20000000 sequences processed
30000000 sequences processed
40000000 sequences processed
This is cutadapt 4.2 with Python 3.8.16
Command line parameters: -j 16 -e 0.1 -q 20 -O 1 -a AGATCGGAAGAGC p53kd/Scr_Input2_S0_L001_R1_001.fastq.gz
Processing single-end reads on 16 cores ...
Finished in 114.019 s (2.558 µs/read; 23.45 M reads/minute).

=== Summary ===

Total reads processed:              44,570,932
Reads with adapters:                18,847,496 (42.3%)
Reads written (passing filters):    44,570,932 (100.0%)

Total basepairs processed: 6,730,210,732 bp
Quality-trimmed:              28,329,549 bp (0.4%)
Total written (filtered):  6,571,493,658 bp (97.6%)

=== Adapter 1 ===

Sequence: AGATCGGAAGAGC; Type: regular 3'; Length: 13; Trimmed: 18847496 times

Minimum overlap: 1
No. of allowed errors:
1-9 bp: 0; 10-13 bp: 1

Bases preceding removed adapters:
  A: 32.4%
  C: 24.3%
  G: 17.9%
  T: 25.3%
  none/other: 0.0%

Overview of removed sequences
length	count	expect	max.err	error counts
1	11526168	11142733.0	0	11526168
2	2782034	2785683.2	0	2782034
3	1000688	696420.8	0	1000688
4	287954	174105.2	0	287954
5	120774	43526.3	0	120774
6	83800	10881.6	0	83800
7	78696	2720.4	0	78696
8	78718	680.1	0	78718
9	82553	170.0	0	81989 564
10	71324	42.5	1	69821 1503
11	77332	10.6	1	75589 1743
12	69308	2.7	1	68309 999
13	72602	0.7	1	70996 1606
14	68630	0.7	1	67435 1195
15	70177	0.7	1	68653 1524
16	66752	0.7	1	65529 1223
17	67784	0.7	1	66117 1667
18	61568	0.7	1	60684 884
19	62277	0.7	1	61063 1214
20	61713	0.7	1	60407 1306
21	61522	0.7	1	60045 1477
22	56240	0.7	1	55381 859
23	56766	0.7	1	55698 1068
24	55293	0.7	1	54387 906
25	55254	0.7	1	54040 1214
26	52035	0.7	1	51055 980
27	52033	0.7	1	50947 1086
28	51922	0.7	1	50606 1316
29	50373	0.7	1	49241 1132
30	46647	0.7	1	45937 710
31	46620	0.7	1	45772 848
32	47707	0.7	1	46541 1166
33	44082	0.7	1	43218 864
34	45644	0.7	1	44403 1241
35	41100	0.7	1	40415 685
36	42370	0.7	1	41287 1083
37	41616	0.7	1	40568 1048
38	39242	0.7	1	38451 791
39	38754	0.7	1	37842 912
40	37360	0.7	1	36651 709
41	38397	0.7	1	37284 1113
42	37552	0.7	1	36496 1056
43	37671	0.7	1	36499 1172
44	51366	0.7	1	49869 1497
45	23757	0.7	1	23015 742
46	40128	0.7	1	38973 1155
47	27861	0.7	1	27306 555
48	35262	0.7	1	34429 833
49	34237	0.7	1	33473 764
50	43178	0.7	1	42299 879
51	40758	0.7	1	39872 886
52	61864	0.7	1	60923 941
53	86372	0.7	1	85359 1013
54	45476	0.7	1	44688 788
55	48546	0.7	1	47890 656
56	45597	0.7	1	45036 561
57	28913	0.7	1	28480 433
58	9099	0.7	1	8850 249
59	7342	0.7	1	7085 257
60	7472	0.7	1	7235 237
61	10830	0.7	1	10578 252
62	9159	0.7	1	8922 237
63	6383	0.7	1	6165 218
64	7906	0.7	1	7682 224
65	12794	0.7	1	12524 270
66	13409	0.7	1	13140 269
67	7226	0.7	1	7014 212
68	1966	0.7	1	1834 132
69	1237	0.7	1	1127 110
70	1104	0.7	1	1020 84
71	1078	0.7	1	988 90
72	1390	0.7	1	1315 75
73	2409	0.7	1	2325 84
74	5465	0.7	1	5354 111
75	8937	0.7	1	8805 132
76	10792	0.7	1	10632 160
77	11644	0.7	1	11464 180
78	11442	0.7	1	11265 177
79	11372	0.7	1	11185 187
80	11143	0.7	1	10980 163
81	10803	0.7	1	10602 201
82	10651	0.7	1	10466 185
83	10243	0.7	1	10068 175
84	9824	0.7	1	9661 163
85	9418	0.7	1	9285 133
86	8957	0.7	1	8814 143
87	8908	0.7	1	8771 137
88	8305	0.7	1	8147 158
89	7735	0.7	1	7610 125
90	7616	0.7	1	7506 110
91	7181	0.7	1	7080 101
92	6908	0.7	1	6771 137
93	6253	0.7	1	6158 95
94	6134	0.7	1	6031 103
95	5739	0.7	1	5627 112
96	5431	0.7	1	5336 95
97	5468	0.7	1	5378 90
98	6225	0.7	1	6079 146
99	4548	0.7	1	4461 87
100	3887	0.7	1	3816 71
101	3479	0.7	1	3420 59
102	3231	0.7	1	3158 73
103	2915	0.7	1	2860 55
104	2511	0.7	1	2450 61
105	2229	0.7	1	2175 54
106	1989	0.7	1	1943 46
107	1751	0.7	1	1708 43
108	1546	0.7	1	1507 39
109	1305	0.7	1	1269 36
110	1170	0.7	1	1130 40
111	953	0.7	1	926 27
112	831	0.7	1	789 42
113	652	0.7	1	629 23
114	671	0.7	1	622 49
115	11802	0.7	1	11634 168
116	404	0.7	1	379 25
117	251	0.7	1	226 25
118	192	0.7	1	170 22
119	191	0.7	1	169 22
120	134	0.7	1	104 30
121	118	0.7	1	102 16
122	83	0.7	1	62 21
123	87	0.7	1	68 19
124	65	0.7	1	46 19
125	68	0.7	1	44 24
126	55	0.7	1	41 14
127	60	0.7	1	43 17
128	40	0.7	1	26 14
129	57	0.7	1	38 19
130	58	0.7	1	31 27
131	58	0.7	1	39 19
132	53	0.7	1	38 15
133	53	0.7	1	36 17
134	38	0.7	1	20 18
135	57	0.7	1	34 23
136	48	0.7	1	29 19
137	56	0.7	1	39 17
138	41	0.7	1	27 14
139	56	0.7	1	43 13
140	52	0.7	1	27 25
141	57	0.7	1	47 10
142	55	0.7	1	40 15
143	46	0.7	1	36 10
144	47	0.7	1	31 16
145	56	0.7	1	42 14
146	59	0.7	1	40 19
147	58	0.7	1	33 25
148	32	0.7	1	18 14
149	24	0.7	1	9 15
150	55	0.7	1	4 51
151	5397	0.7	1	24 5373

RUN STATISTICS FOR INPUT FILE: p53kd/Scr_Input2_S0_L001_R1_001.fastq.gz
=============================================
44570932 sequences processed in total
The length threshold of paired-end sequences gets evaluated later on (in the validation step)

Writing report to '/gpfs/projects/b1042/LauberthLab/BenFolder/p53kdtrimmeddir/Scr_Input2_S0_L001_R2_001.fastq.gz_trimming_report.txt'

SUMMARISING RUN PARAMETERS
==========================
Input filename: p53kd/Scr_Input2_S0_L001_R2_001.fastq.gz
Trimming mode: paired-end
Trim Galore version: 0.6.10
Cutadapt version: 4.2
Python version: could not detect
Number of cores used for trimming: 16
Quality Phred score cutoff: 20
Quality encoding type selected: ASCII+33
Adapter sequence: 'AGATCGGAAGAGC' (Illumina TruSeq, Sanger iPCR; user defined)
Maximum trimming error rate: 0.1 (default)
Minimum required adapter overlap (stringency): 1 bp
Minimum required sequence length for both reads before a sequence pair gets removed: 20 bp
Output file(s) will be GZIP compressed

Cutadapt seems to be fairly up-to-date (version 4.2). Setting -j -j 16
Writing final adapter and quality trimmed output to Scr_Input2_S0_L001_R2_001_trimmed.fq.gz


  >>> Now performing quality (cutoff '-q 20') and adapter trimming in a single pass for the adapter sequence: 'AGATCGGAAGAGC' from file p53kd/Scr_Input2_S0_L001_R2_001.fastq.gz <<< 
10000000 sequences processed
20000000 sequences processed
30000000 sequences processed
40000000 sequences processed
This is cutadapt 4.2 with Python 3.8.16
Command line parameters: -j 16 -e 0.1 -q 20 -O 1 -a AGATCGGAAGAGC p53kd/Scr_Input2_S0_L001_R2_001.fastq.gz
Processing single-end reads on 16 cores ...
Finished in 113.407 s (2.544 µs/read; 23.58 M reads/minute).

=== Summary ===

Total reads processed:              44,570,932
Reads with adapters:                18,643,313 (41.8%)
Reads written (passing filters):    44,570,932 (100.0%)

Total basepairs processed: 6,730,210,732 bp
Quality-trimmed:              60,541,387 bp (0.9%)
Total written (filtered):  6,541,165,153 bp (97.2%)

=== Adapter 1 ===

Sequence: AGATCGGAAGAGC; Type: regular 3'; Length: 13; Trimmed: 18643313 times

Minimum overlap: 1
No. of allowed errors:
1-9 bp: 0; 10-13 bp: 1

Bases preceding removed adapters:
  A: 32.5%
  C: 24.2%
  G: 18.3%
  T: 24.9%
  none/other: 0.1%

Overview of removed sequences
length	count	expect	max.err	error counts
1	11332461	11142733.0	0	11332461
2	2791809	2785683.2	0	2791809
3	990788	696420.8	0	990788
4	283529	174105.2	0	283529
5	119431	43526.3	0	119431
6	84196	10881.6	0	84196
7	79417	2720.4	0	79417
8	79049	680.1	0	79049
9	82429	170.0	0	81821 608
10	72955	42.5	1	71209 1746
11	77267	10.6	1	75307 1960
12	73804	2.7	1	72526 1278
13	69907	0.7	1	68570 1337
14	69043	0.7	1	67756 1287
15	70124	0.7	1	68554 1570
16	69273	0.7	1	67490 1783
17	64847	0.7	1	63636 1211
18	68347	0.7	1	66223 2124
19	103431	0.7	1	100553 2878
20	77209	0.7	1	75804 1405
21	18735	0.7	1	17980 755
22	52817	0.7	1	51960 857
23	56585	0.7	1	55413 1172
24	75929	0.7	1	74112 1817
25	40756	0.7	1	39956 800
26	54351	0.7	1	53022 1329
27	106946	0.7	1	104909 2037
28	19403	0.7	1	18550 853
29	78091	0.7	1	76806 1285
30	36526	0.7	1	35719 807
31	46386	0.7	1	45798 588
32	23487	0.7	1	22903 584
33	67716	0.7	1	66606 1110
34	28787	0.7	1	28095 692
35	61048	0.7	1	60207 841
36	19032	0.7	1	18412 620
37	68293	0.7	1	67375 918
38	13030	0.7	1	12533 497
39	37899	0.7	1	37101 798
40	133726	0.7	1	132136 1590
41	32312	0.7	1	31556 756
42	7107	0.7	1	6750 357
43	39987	0.7	1	39578 409
44	3793	0.7	1	3382 411
45	85055	0.7	1	84297 758
46	11507	0.7	1	11096 411
47	11823	0.7	1	11508 315
48	46219	0.7	1	45832 387
49	14163	0.7	1	13858 305
50	26767	0.7	1	26443 324
51	17694	0.7	1	17369 325
52	53151	0.7	1	52745 406
53	1759	0.7	1	1505 254
54	16104	0.7	1	15849 255
55	43214	0.7	1	42827 387
56	5759	0.7	1	5541 218
57	19724	0.7	1	19408 316
58	50771	0.7	1	50381 390
59	18538	0.7	1	18272 266
60	4662	0.7	1	4499 163
61	14013	0.7	1	13771 242
62	38269	0.7	1	37940 329
63	1875	0.7	1	1661 214
64	23568	0.7	1	23387 181
65	4192	0.7	1	4041 151
66	9390	0.7	1	9195 195
67	23680	0.7	1	23480 200
68	6554	0.7	1	6363 191
69	2905	0.7	1	2719 186
70	19866	0.7	1	19669 197
71	3396	0.7	1	3214 182
72	11574	0.7	1	11402 172
73	14012	0.7	1	13787 225
74	17481	0.7	1	17240 241
75	21013	0.7	1	20806 207
76	3667	0.7	1	3545 122
77	1592	0.7	1	1502 90
78	5777	0.7	1	5679 98
79	9126	0.7	1	8974 152
80	10394	0.7	1	10205 189
81	10542	0.7	1	10363 179
82	10571	0.7	1	10365 206
83	10279	0.7	1	10103 176
84	9930	0.7	1	9767 163
85	9457	0.7	1	9300 157
86	8970	0.7	1	8811 159
87	8962	0.7	1	8813 149
88	8422	0.7	1	8264 158
89	7783	0.7	1	7647 136
90	7651	0.7	1	7507 144
91	7253	0.7	1	7118 135
92	6862	0.7	1	6702 160
93	6280	0.7	1	6154 126
94	6191	0.7	1	6074 117
95	5762	0.7	1	5678 84
96	5497	0.7	1	5377 120
97	5602	0.7	1	5445 157
98	6569	0.7	1	6295 274
99	4649	0.7	1	4530 119
100	3924	0.7	1	3834 90
101	3490	0.7	1	3422 68
102	3254	0.7	1	3153 101
103	2972	0.7	1	2902 70
104	2545	0.7	1	2482 63
105	2269	0.7	1	2220 49
106	2015	0.7	1	1966 49
107	1776	0.7	1	1718 58
108	1594	0.7	1	1547 47
109	1350	0.7	1	1300 50
110	1188	0.7	1	1145 43
111	988	0.7	1	949 39
112	860	0.7	1	828 32
113	676	0.7	1	639 37
114	728	0.7	1	687 41
115	12177	0.7	1	12028 149
116	427	0.7	1	397 30
117	262	0.7	1	236 26
118	198	0.7	1	177 21
119	204	0.7	1	173 31
120	137	0.7	1	118 19
121	132	0.7	1	111 21
122	97	0.7	1	80 17
123	112	0.7	1	88 24
124	68	0.7	1	51 17
125	75	0.7	1	52 23
126	71	0.7	1	48 23
127	68	0.7	1	45 23
128	46	0.7	1	30 16
129	62	0.7	1	42 20
130	44	0.7	1	34 10
131	60	0.7	1	41 19
132	60	0.7	1	43 17
133	58	0.7	1	38 20
134	37	0.7	1	20 17
135	52	0.7	1	36 16
136	39	0.7	1	31 8
137	56	0.7	1	37 19
138	54	0.7	1	26 28
139	59	0.7	1	42 17
140	30	0.7	1	21 9
141	59	0.7	1	47 12
142	47	0.7	1	36 11
143	54	0.7	1	33 21
144	38	0.7	1	27 11
145	54	0.7	1	41 13
146	45	0.7	1	37 8
147	42	0.7	1	29 13
148	36	0.7	1	12 24
149	24	0.7	1	10 14
150	22	0.7	1	4 18
151	34	0.7	1	14 20

RUN STATISTICS FOR INPUT FILE: p53kd/Scr_Input2_S0_L001_R2_001.fastq.gz
=============================================
44570932 sequences processed in total
The length threshold of paired-end sequences gets evaluated later on (in the validation step)

Validate paired-end files Scr_Input2_S0_L001_R1_001_trimmed.fq.gz and Scr_Input2_S0_L001_R2_001_trimmed.fq.gz
file_1: Scr_Input2_S0_L001_R1_001_trimmed.fq.gz, file_2: Scr_Input2_S0_L001_R2_001_trimmed.fq.gz


>>>>> Now validing the length of the 2 paired-end infiles: Scr_Input2_S0_L001_R1_001_trimmed.fq.gz and Scr_Input2_S0_L001_R2_001_trimmed.fq.gz <<<<<
Writing validated paired-end Read 1 reads to Scr_Input2_S0_L001_R1_001_val_1.fq.gz
Writing validated paired-end Read 2 reads to Scr_Input2_S0_L001_R2_001_val_2.fq.gz

Total number of sequences analysed: 44570932

Number of sequence pairs removed because at least one read was shorter than the length cutoff (20 bp): 161324 (0.36%)

Deleting both intermediate output files Scr_Input2_S0_L001_R1_001_trimmed.fq.gz and Scr_Input2_S0_L001_R2_001_trimmed.fq.gz

====================================================================================================

Started analysis of MutP53_Input1_S0_L001_R1_001_val_1.fq.gz
Started analysis of MutP53_Input1_S0_L001_R2_001_val_2.fq.gz
Started analysis of MutP53_Input2_S0_L001_R1_001_val_1.fq.gz
Started analysis of MutP53_Input2_S0_L001_R2_001_val_2.fq.gz
Started analysis of P53_H4K16ac_1_S0_L001_R1_001_val_1.fq.gz
Started analysis of P53_H4K16ac_1_S0_L001_R2_001_val_2.fq.gz
Started analysis of P53_H4K16ac_2_S0_L001_R1_001_val_1.fq.gz
Started analysis of P53_H4K16ac_2_S0_L001_R2_001_val_2.fq.gz
Started analysis of Scr_H4K16ac_1_S0_L001_R1_001_val_1.fq.gz
Started analysis of Scr_H4K16ac_1_S0_L001_R2_001_val_2.fq.gz
Approx 5% complete for P53_H4K16ac_1_S0_L001_R1_001_val_1.fq.gz
Approx 5% complete for P53_H4K16ac_1_S0_L001_R2_001_val_2.fq.gz
Approx 5% complete for MutP53_Input1_S0_L001_R1_001_val_1.fq.gz
Approx 5% complete for MutP53_Input1_S0_L001_R2_001_val_2.fq.gz
Approx 5% complete for Scr_H4K16ac_1_S0_L001_R1_001_val_1.fq.gz
Approx 5% complete for Scr_H4K16ac_1_S0_L001_R2_001_val_2.fq.gz
Approx 5% complete for MutP53_Input2_S0_L001_R1_001_val_1.fq.gz
Approx 5% complete for MutP53_Input2_S0_L001_R2_001_val_2.fq.gz
Approx 5% complete for P53_H4K16ac_2_S0_L001_R1_001_val_1.fq.gz
Approx 5% complete for P53_H4K16ac_2_S0_L001_R2_001_val_2.fq.gz
Approx 10% complete for P53_H4K16ac_1_S0_L001_R1_001_val_1.fq.gz
Approx 10% complete for P53_H4K16ac_1_S0_L001_R2_001_val_2.fq.gz
Approx 10% complete for Scr_H4K16ac_1_S0_L001_R2_001_val_2.fq.gz
Approx 10% complete for Scr_H4K16ac_1_S0_L001_R1_001_val_1.fq.gz
Approx 10% complete for MutP53_Input1_S0_L001_R2_001_val_2.fq.gz
Approx 10% complete for MutP53_Input1_S0_L001_R1_001_val_1.fq.gz
Approx 10% complete for P53_H4K16ac_2_S0_L001_R2_001_val_2.fq.gz
Approx 10% complete for P53_H4K16ac_2_S0_L001_R1_001_val_1.fq.gz
Approx 10% complete for MutP53_Input2_S0_L001_R2_001_val_2.fq.gz
Approx 10% complete for MutP53_Input2_S0_L001_R1_001_val_1.fq.gz
Approx 15% complete for P53_H4K16ac_1_S0_L001_R2_001_val_2.fq.gz
Approx 15% complete for P53_H4K16ac_1_S0_L001_R1_001_val_1.fq.gz
Approx 15% complete for Scr_H4K16ac_1_S0_L001_R2_001_val_2.fq.gz
Approx 15% complete for Scr_H4K16ac_1_S0_L001_R1_001_val_1.fq.gz
Approx 20% complete for P53_H4K16ac_1_S0_L001_R2_001_val_2.fq.gz
Approx 20% complete for P53_H4K16ac_1_S0_L001_R1_001_val_1.fq.gz
Approx 15% complete for MutP53_Input1_S0_L001_R2_001_val_2.fq.gz
Approx 15% complete for MutP53_Input1_S0_L001_R1_001_val_1.fq.gz
Approx 15% complete for P53_H4K16ac_2_S0_L001_R2_001_val_2.fq.gz
Approx 15% complete for P53_H4K16ac_2_S0_L001_R1_001_val_1.fq.gz
Approx 15% complete for MutP53_Input2_S0_L001_R2_001_val_2.fq.gz
Approx 15% complete for MutP53_Input2_S0_L001_R1_001_val_1.fq.gz
Approx 20% complete for Scr_H4K16ac_1_S0_L001_R2_001_val_2.fq.gz
Approx 20% complete for Scr_H4K16ac_1_S0_L001_R1_001_val_1.fq.gz
Approx 25% complete for P53_H4K16ac_1_S0_L001_R2_001_val_2.fq.gz
Approx 25% complete for P53_H4K16ac_1_S0_L001_R1_001_val_1.fq.gz
Approx 20% complete for MutP53_Input1_S0_L001_R2_001_val_2.fq.gz
Approx 20% complete for P53_H4K16ac_2_S0_L001_R2_001_val_2.fq.gz
Approx 20% complete for P53_H4K16ac_2_S0_L001_R1_001_val_1.fq.gz
Approx 20% complete for MutP53_Input1_S0_L001_R1_001_val_1.fq.gz
Approx 20% complete for MutP53_Input2_S0_L001_R2_001_val_2.fq.gz
Approx 30% complete for P53_H4K16ac_1_S0_L001_R2_001_val_2.fq.gz
Approx 20% complete for MutP53_Input2_S0_L001_R1_001_val_1.fq.gz
Approx 30% complete for P53_H4K16ac_1_S0_L001_R1_001_val_1.fq.gz
Approx 25% complete for Scr_H4K16ac_1_S0_L001_R2_001_val_2.fq.gz
Approx 25% complete for Scr_H4K16ac_1_S0_L001_R1_001_val_1.fq.gz
Approx 25% complete for MutP53_Input1_S0_L001_R2_001_val_2.fq.gz
Approx 35% complete for P53_H4K16ac_1_S0_L001_R2_001_val_2.fq.gz
Approx 35% complete for P53_H4K16ac_1_S0_L001_R1_001_val_1.fq.gz
Approx 25% complete for P53_H4K16ac_2_S0_L001_R2_001_val_2.fq.gz
Approx 25% complete for P53_H4K16ac_2_S0_L001_R1_001_val_1.fq.gz
Approx 25% complete for MutP53_Input1_S0_L001_R1_001_val_1.fq.gz
Approx 30% complete for Scr_H4K16ac_1_S0_L001_R2_001_val_2.fq.gz
Approx 30% complete for Scr_H4K16ac_1_S0_L001_R1_001_val_1.fq.gz
Approx 25% complete for MutP53_Input2_S0_L001_R2_001_val_2.fq.gz
Approx 25% complete for MutP53_Input2_S0_L001_R1_001_val_1.fq.gz
Approx 40% complete for P53_H4K16ac_1_S0_L001_R2_001_val_2.fq.gz
Approx 40% complete for P53_H4K16ac_1_S0_L001_R1_001_val_1.fq.gz
Approx 30% complete for MutP53_Input1_S0_L001_R2_001_val_2.fq.gz
Approx 35% complete for Scr_H4K16ac_1_S0_L001_R2_001_val_2.fq.gz
Approx 30% complete for P53_H4K16ac_2_S0_L001_R2_001_val_2.fq.gz
Approx 30% complete for P53_H4K16ac_2_S0_L001_R1_001_val_1.fq.gz
Approx 35% complete for Scr_H4K16ac_1_S0_L001_R1_001_val_1.fq.gz
Approx 30% complete for MutP53_Input1_S0_L001_R1_001_val_1.fq.gz
Approx 45% complete for P53_H4K16ac_1_S0_L001_R2_001_val_2.fq.gz
Approx 30% complete for MutP53_Input2_S0_L001_R2_001_val_2.fq.gz
Approx 45% complete for P53_H4K16ac_1_S0_L001_R1_001_val_1.fq.gz
Approx 30% complete for MutP53_Input2_S0_L001_R1_001_val_1.fq.gz
Approx 40% complete for Scr_H4K16ac_1_S0_L001_R2_001_val_2.fq.gz
Approx 40% complete for Scr_H4K16ac_1_S0_L001_R1_001_val_1.fq.gz
Approx 35% complete for MutP53_Input1_S0_L001_R2_001_val_2.fq.gz
Approx 50% complete for P53_H4K16ac_1_S0_L001_R2_001_val_2.fq.gz
Approx 35% complete for P53_H4K16ac_2_S0_L001_R2_001_val_2.fq.gz
Approx 50% complete for P53_H4K16ac_1_S0_L001_R1_001_val_1.fq.gz
Approx 35% complete for P53_H4K16ac_2_S0_L001_R1_001_val_1.fq.gz
Approx 35% complete for MutP53_Input1_S0_L001_R1_001_val_1.fq.gz
Approx 35% complete for MutP53_Input2_S0_L001_R2_001_val_2.fq.gz
Approx 35% complete for MutP53_Input2_S0_L001_R1_001_val_1.fq.gz
Approx 45% complete for Scr_H4K16ac_1_S0_L001_R2_001_val_2.fq.gz
Approx 55% complete for P53_H4K16ac_1_S0_L001_R2_001_val_2.fq.gz
Approx 55% complete for P53_H4K16ac_1_S0_L001_R1_001_val_1.fq.gz
Approx 45% complete for Scr_H4K16ac_1_S0_L001_R1_001_val_1.fq.gz
Approx 40% complete for MutP53_Input1_S0_L001_R2_001_val_2.fq.gz
Approx 40% complete for P53_H4K16ac_2_S0_L001_R2_001_val_2.fq.gz
Approx 40% complete for P53_H4K16ac_2_S0_L001_R1_001_val_1.fq.gz
Approx 40% complete for MutP53_Input1_S0_L001_R1_001_val_1.fq.gz
Approx 60% complete for P53_H4K16ac_1_S0_L001_R2_001_val_2.fq.gz
Approx 60% complete for P53_H4K16ac_1_S0_L001_R1_001_val_1.fq.gz
Approx 50% complete for Scr_H4K16ac_1_S0_L001_R2_001_val_2.fq.gz
Approx 40% complete for MutP53_Input2_S0_L001_R2_001_val_2.fq.gz
Approx 50% complete for Scr_H4K16ac_1_S0_L001_R1_001_val_1.fq.gz
Approx 40% complete for MutP53_Input2_S0_L001_R1_001_val_1.fq.gz
Approx 45% complete for P53_H4K16ac_2_S0_L001_R2_001_val_2.fq.gz
Approx 45% complete for MutP53_Input1_S0_L001_R2_001_val_2.fq.gz
Approx 45% complete for P53_H4K16ac_2_S0_L001_R1_001_val_1.fq.gz
Approx 65% complete for P53_H4K16ac_1_S0_L001_R2_001_val_2.fq.gz
Approx 65% complete for P53_H4K16ac_1_S0_L001_R1_001_val_1.fq.gz
Approx 55% complete for Scr_H4K16ac_1_S0_L001_R2_001_val_2.fq.gz
Approx 55% complete for Scr_H4K16ac_1_S0_L001_R1_001_val_1.fq.gz
Approx 45% complete for MutP53_Input1_S0_L001_R1_001_val_1.fq.gz
Approx 45% complete for MutP53_Input2_S0_L001_R2_001_val_2.fq.gz
Approx 45% complete for MutP53_Input2_S0_L001_R1_001_val_1.fq.gz
Approx 70% complete for P53_H4K16ac_1_S0_L001_R2_001_val_2.fq.gz
Approx 70% complete for P53_H4K16ac_1_S0_L001_R1_001_val_1.fq.gz
Approx 50% complete for P53_H4K16ac_2_S0_L001_R2_001_val_2.fq.gz
Approx 50% complete for P53_H4K16ac_2_S0_L001_R1_001_val_1.fq.gz
Approx 50% complete for MutP53_Input1_S0_L001_R2_001_val_2.fq.gz
Approx 60% complete for Scr_H4K16ac_1_S0_L001_R2_001_val_2.fq.gz
Approx 60% complete for Scr_H4K16ac_1_S0_L001_R1_001_val_1.fq.gz
Approx 50% complete for MutP53_Input1_S0_L001_R1_001_val_1.fq.gz
Approx 75% complete for P53_H4K16ac_1_S0_L001_R2_001_val_2.fq.gz
Approx 75% complete for P53_H4K16ac_1_S0_L001_R1_001_val_1.fq.gz
Approx 50% complete for MutP53_Input2_S0_L001_R2_001_val_2.fq.gz
Approx 50% complete for MutP53_Input2_S0_L001_R1_001_val_1.fq.gz
Approx 55% complete for P53_H4K16ac_2_S0_L001_R2_001_val_2.fq.gz
Approx 65% complete for Scr_H4K16ac_1_S0_L001_R2_001_val_2.fq.gz
Approx 55% complete for P53_H4K16ac_2_S0_L001_R1_001_val_1.fq.gz
Approx 55% complete for MutP53_Input1_S0_L001_R2_001_val_2.fq.gz
Approx 65% complete for Scr_H4K16ac_1_S0_L001_R1_001_val_1.fq.gz
Approx 80% complete for P53_H4K16ac_1_S0_L001_R2_001_val_2.fq.gz
Approx 80% complete for P53_H4K16ac_1_S0_L001_R1_001_val_1.fq.gz
Approx 55% complete for MutP53_Input1_S0_L001_R1_001_val_1.fq.gz
Approx 55% complete for MutP53_Input2_S0_L001_R2_001_val_2.fq.gz
Approx 70% complete for Scr_H4K16ac_1_S0_L001_R2_001_val_2.fq.gz
Approx 55% complete for MutP53_Input2_S0_L001_R1_001_val_1.fq.gz
Approx 70% complete for Scr_H4K16ac_1_S0_L001_R1_001_val_1.fq.gz
Approx 85% complete for P53_H4K16ac_1_S0_L001_R2_001_val_2.fq.gz
Approx 85% complete for P53_H4K16ac_1_S0_L001_R1_001_val_1.fq.gz
Approx 60% complete for P53_H4K16ac_2_S0_L001_R2_001_val_2.fq.gz
Approx 60% complete for P53_H4K16ac_2_S0_L001_R1_001_val_1.fq.gz
Approx 60% complete for MutP53_Input1_S0_L001_R2_001_val_2.fq.gz
Approx 60% complete for MutP53_Input1_S0_L001_R1_001_val_1.fq.gz
Approx 90% complete for P53_H4K16ac_1_S0_L001_R2_001_val_2.fq.gz
Approx 75% complete for Scr_H4K16ac_1_S0_L001_R2_001_val_2.fq.gz
Approx 90% complete for P53_H4K16ac_1_S0_L001_R1_001_val_1.fq.gz
Approx 75% complete for Scr_H4K16ac_1_S0_L001_R1_001_val_1.fq.gz
Approx 60% complete for MutP53_Input2_S0_L001_R2_001_val_2.fq.gz
Approx 60% complete for MutP53_Input2_S0_L001_R1_001_val_1.fq.gz
Approx 65% complete for P53_H4K16ac_2_S0_L001_R2_001_val_2.fq.gz
Approx 65% complete for MutP53_Input1_S0_L001_R2_001_val_2.fq.gz
Approx 65% complete for P53_H4K16ac_2_S0_L001_R1_001_val_1.fq.gz
Approx 95% complete for P53_H4K16ac_1_S0_L001_R2_001_val_2.fq.gz
Approx 95% complete for P53_H4K16ac_1_S0_L001_R1_001_val_1.fq.gz
Approx 65% complete for MutP53_Input1_S0_L001_R1_001_val_1.fq.gz
Approx 80% complete for Scr_H4K16ac_1_S0_L001_R2_001_val_2.fq.gz
Approx 80% complete for Scr_H4K16ac_1_S0_L001_R1_001_val_1.fq.gz
Approx 65% complete for MutP53_Input2_S0_L001_R2_001_val_2.fq.gz
Approx 70% complete for P53_H4K16ac_2_S0_L001_R2_001_val_2.fq.gz
Approx 65% complete for MutP53_Input2_S0_L001_R1_001_val_1.fq.gz
Approx 70% complete for MutP53_Input1_S0_L001_R2_001_val_2.fq.gz
Approx 70% complete for P53_H4K16ac_2_S0_L001_R1_001_val_1.fq.gz
Analysis complete for P53_H4K16ac_1_S0_L001_R1_001_val_1.fq.gz
Analysis complete for P53_H4K16ac_1_S0_L001_R2_001_val_2.fq.gz
Started analysis of Scr_H4K16ac_2_S0_L001_R1_001_val_1.fq.gz
Started analysis of Scr_H4K16ac_2_S0_L001_R2_001_val_2.fq.gz
Approx 85% complete for Scr_H4K16ac_1_S0_L001_R2_001_val_2.fq.gz
Approx 85% complete for Scr_H4K16ac_1_S0_L001_R1_001_val_1.fq.gz
Approx 70% complete for MutP53_Input1_S0_L001_R1_001_val_1.fq.gz
Approx 70% complete for MutP53_Input2_S0_L001_R2_001_val_2.fq.gz
Approx 75% complete for P53_H4K16ac_2_S0_L001_R2_001_val_2.fq.gz
Approx 75% complete for MutP53_Input1_S0_L001_R2_001_val_2.fq.gz
Approx 70% complete for MutP53_Input2_S0_L001_R1_001_val_1.fq.gz
Approx 75% complete for P53_H4K16ac_2_S0_L001_R1_001_val_1.fq.gz
Approx 5% complete for Scr_H4K16ac_2_S0_L001_R1_001_val_1.fq.gz
Approx 5% complete for Scr_H4K16ac_2_S0_L001_R2_001_val_2.fq.gz
Approx 90% complete for Scr_H4K16ac_1_S0_L001_R2_001_val_2.fq.gz
Approx 90% complete for Scr_H4K16ac_1_S0_L001_R1_001_val_1.fq.gz
Approx 75% complete for MutP53_Input1_S0_L001_R1_001_val_1.fq.gz
Approx 75% complete for MutP53_Input2_S0_L001_R2_001_val_2.fq.gz
Approx 80% complete for P53_H4K16ac_2_S0_L001_R2_001_val_2.fq.gz
Approx 80% complete for MutP53_Input1_S0_L001_R2_001_val_2.fq.gz
Approx 80% complete for P53_H4K16ac_2_S0_L001_R1_001_val_1.fq.gz
Approx 10% complete for Scr_H4K16ac_2_S0_L001_R1_001_val_1.fq.gz
Approx 75% complete for MutP53_Input2_S0_L001_R1_001_val_1.fq.gz
Approx 10% complete for Scr_H4K16ac_2_S0_L001_R2_001_val_2.fq.gz
Approx 95% complete for Scr_H4K16ac_1_S0_L001_R2_001_val_2.fq.gz
Approx 95% complete for Scr_H4K16ac_1_S0_L001_R1_001_val_1.fq.gz
Approx 80% complete for MutP53_Input1_S0_L001_R1_001_val_1.fq.gz
Analysis complete for Scr_H4K16ac_1_S0_L001_R2_001_val_2.fq.gz
Approx 15% complete for Scr_H4K16ac_2_S0_L001_R1_001_val_1.fq.gz
Approx 15% complete for Scr_H4K16ac_2_S0_L001_R2_001_val_2.fq.gz
Approx 85% complete for P53_H4K16ac_2_S0_L001_R2_001_val_2.fq.gz
Approx 80% complete for MutP53_Input2_S0_L001_R2_001_val_2.fq.gz
Analysis complete for Scr_H4K16ac_1_S0_L001_R1_001_val_1.fq.gz
Approx 85% complete for MutP53_Input1_S0_L001_R2_001_val_2.fq.gz
Started analysis of Scr_Input1_S0_L001_R1_001_val_1.fq.gz
Approx 85% complete for P53_H4K16ac_2_S0_L001_R1_001_val_1.fq.gz
Started analysis of Scr_Input1_S0_L001_R2_001_val_2.fq.gz
Approx 80% complete for MutP53_Input2_S0_L001_R1_001_val_1.fq.gz
Approx 85% complete for MutP53_Input1_S0_L001_R1_001_val_1.fq.gz
Approx 20% complete for Scr_H4K16ac_2_S0_L001_R1_001_val_1.fq.gz
Approx 20% complete for Scr_H4K16ac_2_S0_L001_R2_001_val_2.fq.gz
Approx 90% complete for P53_H4K16ac_2_S0_L001_R2_001_val_2.fq.gz
Approx 90% complete for MutP53_Input1_S0_L001_R2_001_val_2.fq.gz
Approx 90% complete for P53_H4K16ac_2_S0_L001_R1_001_val_1.fq.gz
Approx 5% complete for Scr_Input1_S0_L001_R1_001_val_1.fq.gz
Approx 85% complete for MutP53_Input2_S0_L001_R2_001_val_2.fq.gz
Approx 5% complete for Scr_Input1_S0_L001_R2_001_val_2.fq.gz
Approx 85% complete for MutP53_Input2_S0_L001_R1_001_val_1.fq.gz
Approx 90% complete for MutP53_Input1_S0_L001_R1_001_val_1.fq.gz
Approx 25% complete for Scr_H4K16ac_2_S0_L001_R1_001_val_1.fq.gz
Approx 25% complete for Scr_H4K16ac_2_S0_L001_R2_001_val_2.fq.gz
Approx 95% complete for MutP53_Input1_S0_L001_R2_001_val_2.fq.gz
Approx 95% complete for P53_H4K16ac_2_S0_L001_R2_001_val_2.fq.gz
Approx 95% complete for P53_H4K16ac_2_S0_L001_R1_001_val_1.fq.gz
Approx 10% complete for Scr_Input1_S0_L001_R1_001_val_1.fq.gz
Approx 10% complete for Scr_Input1_S0_L001_R2_001_val_2.fq.gz
Approx 90% complete for MutP53_Input2_S0_L001_R2_001_val_2.fq.gz
Approx 90% complete for MutP53_Input2_S0_L001_R1_001_val_1.fq.gz
Approx 95% complete for MutP53_Input1_S0_L001_R1_001_val_1.fq.gz
Approx 30% complete for Scr_H4K16ac_2_S0_L001_R1_001_val_1.fq.gz
Approx 30% complete for Scr_H4K16ac_2_S0_L001_R2_001_val_2.fq.gz
Analysis complete for MutP53_Input1_S0_L001_R2_001_val_2.fq.gz
Analysis complete for P53_H4K16ac_2_S0_L001_R2_001_val_2.fq.gz
Analysis complete for P53_H4K16ac_2_S0_L001_R1_001_val_1.fq.gz
Approx 15% complete for Scr_Input1_S0_L001_R2_001_val_2.fq.gz
Started analysis of Scr_Input2_S0_L001_R1_001_val_1.fq.gz
Approx 15% complete for Scr_Input1_S0_L001_R1_001_val_1.fq.gz
Started analysis of Scr_Input2_S0_L001_R2_001_val_2.fq.gz
Approx 95% complete for MutP53_Input2_S0_L001_R2_001_val_2.fq.gz
Approx 95% complete for MutP53_Input2_S0_L001_R1_001_val_1.fq.gz
Approx 35% complete for Scr_H4K16ac_2_S0_L001_R1_001_val_1.fq.gz
Analysis complete for MutP53_Input1_S0_L001_R1_001_val_1.fq.gz
Approx 35% complete for Scr_H4K16ac_2_S0_L001_R2_001_val_2.fq.gz
Approx 20% complete for Scr_Input1_S0_L001_R2_001_val_2.fq.gz
Approx 20% complete for Scr_Input1_S0_L001_R1_001_val_1.fq.gz
Analysis complete for MutP53_Input2_S0_L001_R2_001_val_2.fq.gz
Approx 5% complete for Scr_Input2_S0_L001_R1_001_val_1.fq.gz
Approx 5% complete for Scr_Input2_S0_L001_R2_001_val_2.fq.gz
Analysis complete for MutP53_Input2_S0_L001_R1_001_val_1.fq.gz
Approx 40% complete for Scr_H4K16ac_2_S0_L001_R1_001_val_1.fq.gz
Approx 40% complete for Scr_H4K16ac_2_S0_L001_R2_001_val_2.fq.gz
Approx 25% complete for Scr_Input1_S0_L001_R2_001_val_2.fq.gz
Approx 25% complete for Scr_Input1_S0_L001_R1_001_val_1.fq.gz
Approx 45% complete for Scr_H4K16ac_2_S0_L001_R1_001_val_1.fq.gz
Approx 45% complete for Scr_H4K16ac_2_S0_L001_R2_001_val_2.fq.gz
Approx 10% complete for Scr_Input2_S0_L001_R2_001_val_2.fq.gz
Approx 10% complete for Scr_Input2_S0_L001_R1_001_val_1.fq.gz
Approx 50% complete for Scr_H4K16ac_2_S0_L001_R1_001_val_1.fq.gz
Approx 50% complete for Scr_H4K16ac_2_S0_L001_R2_001_val_2.fq.gz
Approx 30% complete for Scr_Input1_S0_L001_R2_001_val_2.fq.gz
Approx 30% complete for Scr_Input1_S0_L001_R1_001_val_1.fq.gz
Approx 15% complete for Scr_Input2_S0_L001_R2_001_val_2.fq.gz
Approx 15% complete for Scr_Input2_S0_L001_R1_001_val_1.fq.gz
Approx 55% complete for Scr_H4K16ac_2_S0_L001_R1_001_val_1.fq.gz
Approx 55% complete for Scr_H4K16ac_2_S0_L001_R2_001_val_2.fq.gz
Approx 35% complete for Scr_Input1_S0_L001_R2_001_val_2.fq.gz
Approx 35% complete for Scr_Input1_S0_L001_R1_001_val_1.fq.gz
Approx 20% complete for Scr_Input2_S0_L001_R2_001_val_2.fq.gz
Approx 20% complete for Scr_Input2_S0_L001_R1_001_val_1.fq.gz
Approx 60% complete for Scr_H4K16ac_2_S0_L001_R1_001_val_1.fq.gz
Approx 60% complete for Scr_H4K16ac_2_S0_L001_R2_001_val_2.fq.gz
Approx 40% complete for Scr_Input1_S0_L001_R2_001_val_2.fq.gz
Approx 40% complete for Scr_Input1_S0_L001_R1_001_val_1.fq.gz
Approx 65% complete for Scr_H4K16ac_2_S0_L001_R1_001_val_1.fq.gz
Approx 65% complete for Scr_H4K16ac_2_S0_L001_R2_001_val_2.fq.gz
Approx 25% complete for Scr_Input2_S0_L001_R2_001_val_2.fq.gz
Approx 25% complete for Scr_Input2_S0_L001_R1_001_val_1.fq.gz
Approx 45% complete for Scr_Input1_S0_L001_R2_001_val_2.fq.gz
Approx 45% complete for Scr_Input1_S0_L001_R1_001_val_1.fq.gz
Approx 70% complete for Scr_H4K16ac_2_S0_L001_R1_001_val_1.fq.gz
Approx 70% complete for Scr_H4K16ac_2_S0_L001_R2_001_val_2.fq.gz
Approx 30% complete for Scr_Input2_S0_L001_R2_001_val_2.fq.gz
Approx 30% complete for Scr_Input2_S0_L001_R1_001_val_1.fq.gz
Approx 50% complete for Scr_Input1_S0_L001_R2_001_val_2.fq.gz
Approx 50% complete for Scr_Input1_S0_L001_R1_001_val_1.fq.gz
Approx 75% complete for Scr_H4K16ac_2_S0_L001_R1_001_val_1.fq.gz
Approx 75% complete for Scr_H4K16ac_2_S0_L001_R2_001_val_2.fq.gz
Approx 35% complete for Scr_Input2_S0_L001_R2_001_val_2.fq.gz
Approx 55% complete for Scr_Input1_S0_L001_R2_001_val_2.fq.gz
Approx 55% complete for Scr_Input1_S0_L001_R1_001_val_1.fq.gz
Approx 35% complete for Scr_Input2_S0_L001_R1_001_val_1.fq.gz
Approx 80% complete for Scr_H4K16ac_2_S0_L001_R1_001_val_1.fq.gz
Approx 80% complete for Scr_H4K16ac_2_S0_L001_R2_001_val_2.fq.gz
Approx 60% complete for Scr_Input1_S0_L001_R2_001_val_2.fq.gz
Approx 60% complete for Scr_Input1_S0_L001_R1_001_val_1.fq.gz
Approx 85% complete for Scr_H4K16ac_2_S0_L001_R1_001_val_1.fq.gz
Approx 85% complete for Scr_H4K16ac_2_S0_L001_R2_001_val_2.fq.gz
Approx 40% complete for Scr_Input2_S0_L001_R2_001_val_2.fq.gz
Approx 40% complete for Scr_Input2_S0_L001_R1_001_val_1.fq.gz
Approx 90% complete for Scr_H4K16ac_2_S0_L001_R1_001_val_1.fq.gz
Approx 65% complete for Scr_Input1_S0_L001_R2_001_val_2.fq.gz
Approx 90% complete for Scr_H4K16ac_2_S0_L001_R2_001_val_2.fq.gz
Approx 65% complete for Scr_Input1_S0_L001_R1_001_val_1.fq.gz
Approx 45% complete for Scr_Input2_S0_L001_R2_001_val_2.fq.gz
Approx 45% complete for Scr_Input2_S0_L001_R1_001_val_1.fq.gz
Approx 95% complete for Scr_H4K16ac_2_S0_L001_R1_001_val_1.fq.gz
Approx 95% complete for Scr_H4K16ac_2_S0_L001_R2_001_val_2.fq.gz
Approx 70% complete for Scr_Input1_S0_L001_R2_001_val_2.fq.gz
Approx 70% complete for Scr_Input1_S0_L001_R1_001_val_1.fq.gz
Approx 50% complete for Scr_Input2_S0_L001_R2_001_val_2.fq.gz
Approx 50% complete for Scr_Input2_S0_L001_R1_001_val_1.fq.gz
Analysis complete for Scr_H4K16ac_2_S0_L001_R1_001_val_1.fq.gz
Approx 100% complete for Scr_H4K16ac_2_S0_L001_R2_001_val_2.fq.gz
Analysis complete for Scr_H4K16ac_2_S0_L001_R2_001_val_2.fq.gz
Approx 75% complete for Scr_Input1_S0_L001_R2_001_val_2.fq.gz
Approx 75% complete for Scr_Input1_S0_L001_R1_001_val_1.fq.gz
Approx 55% complete for Scr_Input2_S0_L001_R2_001_val_2.fq.gz
Approx 55% complete for Scr_Input2_S0_L001_R1_001_val_1.fq.gz
Approx 80% complete for Scr_Input1_S0_L001_R2_001_val_2.fq.gz
Approx 80% complete for Scr_Input1_S0_L001_R1_001_val_1.fq.gz
Approx 60% complete for Scr_Input2_S0_L001_R2_001_val_2.fq.gz
Approx 60% complete for Scr_Input2_S0_L001_R1_001_val_1.fq.gz
Approx 85% complete for Scr_Input1_S0_L001_R2_001_val_2.fq.gz
Approx 85% complete for Scr_Input1_S0_L001_R1_001_val_1.fq.gz
Approx 65% complete for Scr_Input2_S0_L001_R2_001_val_2.fq.gz
Approx 65% complete for Scr_Input2_S0_L001_R1_001_val_1.fq.gz
Approx 90% complete for Scr_Input1_S0_L001_R1_001_val_1.fq.gz
Approx 90% complete for Scr_Input1_S0_L001_R2_001_val_2.fq.gz
Approx 70% complete for Scr_Input2_S0_L001_R2_001_val_2.fq.gz
Approx 95% complete for Scr_Input1_S0_L001_R1_001_val_1.fq.gz
Approx 95% complete for Scr_Input1_S0_L001_R2_001_val_2.fq.gz
Approx 70% complete for Scr_Input2_S0_L001_R1_001_val_1.fq.gz
Analysis complete for Scr_Input1_S0_L001_R1_001_val_1.fq.gz
Analysis complete for Scr_Input1_S0_L001_R2_001_val_2.fq.gz
Approx 75% complete for Scr_Input2_S0_L001_R2_001_val_2.fq.gz
Approx 75% complete for Scr_Input2_S0_L001_R1_001_val_1.fq.gz
Approx 80% complete for Scr_Input2_S0_L001_R2_001_val_2.fq.gz
Approx 80% complete for Scr_Input2_S0_L001_R1_001_val_1.fq.gz
Approx 85% complete for Scr_Input2_S0_L001_R2_001_val_2.fq.gz
Approx 85% complete for Scr_Input2_S0_L001_R1_001_val_1.fq.gz
Approx 90% complete for Scr_Input2_S0_L001_R2_001_val_2.fq.gz
Approx 90% complete for Scr_Input2_S0_L001_R1_001_val_1.fq.gz
Approx 95% complete for Scr_Input2_S0_L001_R2_001_val_2.fq.gz
Approx 95% complete for Scr_Input2_S0_L001_R1_001_val_1.fq.gz
Analysis complete for Scr_Input2_S0_L001_R2_001_val_2.fq.gz
Analysis complete for Scr_Input2_S0_L001_R1_001_val_1.fq.gz

/// MultiQC 🔍 v1.25.1

     version_check | MultiQC Version v1.35 now available!
       file_search | Search path: /gpfs/projects/b1042/LauberthLab/BenFolder/p53kdfastqcdir

            fastqc | Found 16 reports

     write_results | Data        : p53kdresults/multiqc_data
     write_results | Report      : p53kdresults/multiqc_report.html
           multiqc | MultiQC complete
trimming MutP53_Input1_S0_L001_R1_001.fastq.gz and MutP53_Input1_S0_L001_R2_001.fastq.gz
trimming MutP53_Input2_S0_L001_R1_001.fastq.gz and MutP53_Input2_S0_L001_R2_001.fastq.gz
trimming P53_H4K16ac_1_S0_L001_R1_001.fastq.gz and P53_H4K16ac_1_S0_L001_R2_001.fastq.gz
trimming P53_H4K16ac_2_S0_L001_R1_001.fastq.gz and P53_H4K16ac_2_S0_L001_R2_001.fastq.gz
trimming Scr_H4K16ac_1_S0_L001_R1_001.fastq.gz and Scr_H4K16ac_1_S0_L001_R2_001.fastq.gz
trimming Scr_H4K16ac_2_S0_L001_R1_001.fastq.gz and Scr_H4K16ac_2_S0_L001_R2_001.fastq.gz
trimming Scr_Input1_S0_L001_R1_001.fastq.gz and Scr_Input1_S0_L001_R2_001.fastq.gz
trimming Scr_Input2_S0_L001_R1_001.fastq.gz and Scr_Input2_S0_L001_R2_001.fastq.gz
Running FastQC on FASTQ files
Running MultiQC
reports are in fastqcdir/ and results/.
