Trimming SRR5944047_1.fastq
Path to Cutadapt set as: 'cutadapt' (default)
Cutadapt seems to be working fine (tested command 'cutadapt --version')
Cutadapt version: 4.2
Could not detect version of Python used by Cutadapt from the first line of Cutadapt (but found this: >>>#!/bin/sh<<<)
Letting the (modified) Cutadapt deal with the Python version instead
pigz 2.6
Parallel gzip (pigz) detected. Proceeding with multicore (de)compression using 8 cores

igzip command line interface 2.30.0
igzip detected. Using igzip for decompressing

No quality encoding type selected. Assuming that the data provided uses Sanger encoded Phred scores (default)

Output will be written into the directory: /gpfs/projects/b1042/LauberthLab/BenFolder/rnaseqtrimmeddir/
Writing report to '/gpfs/projects/b1042/LauberthLab/BenFolder/rnaseqtrimmeddir/SRR5944047_1.fastq_trimming_report.txt'

SUMMARISING RUN PARAMETERS
==========================
Input filename: fastq_rnaseq/SRR5944047_1.fastq
Trimming mode: single-end
Trim Galore version: 0.6.10
Cutadapt version: 4.2
Python version: could not detect
Number of cores used for trimming: 8
Quality Phred score cutoff: 20
Quality encoding type selected: ASCII+33
Adapter sequence: 'AGATCGGAAGAGC' (Illumina TruSeq, Sanger iPCR; user defined)
Maximum trimming error rate: 0.1 (default)
Minimum required adapter overlap (stringency): 1 bp
Minimum required sequence length before a sequence gets removed: 20 bp

Cutadapt seems to be fairly up-to-date (version 4.2). Setting -j 8
Writing final adapter and quality trimmed output to SRR5944047_1_trimmed.fq


  >>> Now performing quality (cutoff '-q 20') and adapter trimming in a single pass for the adapter sequence: 'AGATCGGAAGAGC' from file fastq_rnaseq/SRR5944047_1.fastq <<< 
10000000 sequences processed
20000000 sequences processed
This is cutadapt 4.2 with Python 3.8.16
Command line parameters: -j 8 -e 0.1 -q 20 -O 1 -a AGATCGGAAGAGC fastq_rnaseq/SRR5944047_1.fastq
Processing single-end reads on 8 cores ...
Finished in 20.315 s (0.709 µs/read; 84.67 M reads/minute).

=== Summary ===

Total reads processed:              28,669,841
Reads with adapters:                15,680,087 (54.7%)
Reads written (passing filters):    28,669,841 (100.0%)

Total basepairs processed: 1,433,492,050 bp
Quality-trimmed:                 752,742 bp (0.1%)
Total written (filtered):  1,264,391,259 bp (88.2%)

=== Adapter 1 ===

Sequence: AGATCGGAAGAGC; Type: regular 3'; Length: 13; Trimmed: 15680087 times

Minimum overlap: 1
No. of allowed errors:
1-9 bp: 0; 10-13 bp: 1

Bases preceding removed adapters:
  A: 23.4%
  C: 18.9%
  G: 20.0%
  T: 36.5%
  none/other: 1.2%

Overview of removed sequences
length	count	expect	max.err	error counts
1	4855665	7167460.2	0	4855665
2	1878334	1791865.1	0	1878334
3	936831	447966.3	0	936831
4	572702	111991.6	0	572702
5	490175	27997.9	0	490175
6	444997	6999.5	0	444997
7	411417	1749.9	0	411417
8	375007	437.5	0	375007
9	337038	109.4	0	335471 1567
10	300914	27.3	1	295931 4983
11	264563	6.8	1	259724 4839
12	228243	1.7	1	223741 4502
13	202461	0.4	1	197934 4527
14	175630	0.4	1	171599 4031
15	154739	0.4	1	150956 3783
16	139463	0.4	1	136261 3202
17	127735	0.4	1	124645 3090
18	117604	0.4	1	114768 2836
19	108805	0.4	1	106186 2619
20	105363	0.4	1	102777 2586
21	102254	0.4	1	99837 2417
22	102233	0.4	1	99943 2290
23	106057	0.4	1	103794 2263
24	111682	0.4	1	109296 2386
25	121940	0.4	1	119409 2531
26	136725	0.4	1	134028 2697
27	153853	0.4	1	151130 2723
28	176670	0.4	1	173671 2999
29	198112	0.4	1	194719 3393
30	214652	0.4	1	210979 3673
31	221350	0.4	1	217737 3613
32	222305	0.4	1	218969 3336
33	213933	0.4	1	210291 3642
34	195652	0.4	1	192367 3285
35	166710	0.4	1	163948 2762
36	138264	0.4	1	135833 2431
37	110817	0.4	1	108860 1957
38	82756	0.4	1	81139 1617
39	67537	0.4	1	66090 1447
40	58893	0.4	1	57625 1268
41	59008	0.4	1	57854 1154
42	29284	0.4	1	28644 640
43	25011	0.4	1	24484 527
44	42549	0.4	1	41646 903
45	31279	0.4	1	30513 766
46	35394	0.4	1	34598 796
47	67392	0.4	1	65688 1704
48	38481	0.4	1	37145 1336
49	31341	0.4	1	30227 1114
50	190267	0.4	1	178819 11448

RUN STATISTICS FOR INPUT FILE: fastq_rnaseq/SRR5944047_1.fastq
=============================================
28669841 sequences processed in total
Sequences removed because they became shorter than the length cutoff of 20 bp:	2030407 (7.1%)

Trimming SRR5944048_1.fastq
Path to Cutadapt set as: 'cutadapt' (default)
Cutadapt seems to be working fine (tested command 'cutadapt --version')
Cutadapt version: 4.2
Could not detect version of Python used by Cutadapt from the first line of Cutadapt (but found this: >>>#!/bin/sh<<<)
Letting the (modified) Cutadapt deal with the Python version instead
pigz 2.6
Parallel gzip (pigz) detected. Proceeding with multicore (de)compression using 8 cores

igzip command line interface 2.30.0
igzip detected. Using igzip for decompressing

No quality encoding type selected. Assuming that the data provided uses Sanger encoded Phred scores (default)

Output will be written into the directory: /gpfs/projects/b1042/LauberthLab/BenFolder/rnaseqtrimmeddir/
Writing report to '/gpfs/projects/b1042/LauberthLab/BenFolder/rnaseqtrimmeddir/SRR5944048_1.fastq_trimming_report.txt'

SUMMARISING RUN PARAMETERS
==========================
Input filename: fastq_rnaseq/SRR5944048_1.fastq
Trimming mode: single-end
Trim Galore version: 0.6.10
Cutadapt version: 4.2
Python version: could not detect
Number of cores used for trimming: 8
Quality Phred score cutoff: 20
Quality encoding type selected: ASCII+33
Adapter sequence: 'AGATCGGAAGAGC' (Illumina TruSeq, Sanger iPCR; user defined)
Maximum trimming error rate: 0.1 (default)
Minimum required adapter overlap (stringency): 1 bp
Minimum required sequence length before a sequence gets removed: 20 bp

Cutadapt seems to be fairly up-to-date (version 4.2). Setting -j 8
Writing final adapter and quality trimmed output to SRR5944048_1_trimmed.fq


  >>> Now performing quality (cutoff '-q 20') and adapter trimming in a single pass for the adapter sequence: 'AGATCGGAAGAGC' from file fastq_rnaseq/SRR5944048_1.fastq <<< 
10000000 sequences processed
20000000 sequences processed
This is cutadapt 4.2 with Python 3.8.16
Command line parameters: -j 8 -e 0.1 -q 20 -O 1 -a AGATCGGAAGAGC fastq_rnaseq/SRR5944048_1.fastq
Processing single-end reads on 8 cores ...
Finished in 15.230 s (0.708 µs/read; 84.80 M reads/minute).

=== Summary ===

Total reads processed:              21,523,925
Reads with adapters:                10,598,926 (49.2%)
Reads written (passing filters):    21,523,925 (100.0%)

Total basepairs processed: 1,076,196,250 bp
Quality-trimmed:                 513,609 bp (0.0%)
Total written (filtered):    952,837,427 bp (88.5%)

=== Adapter 1 ===

Sequence: AGATCGGAAGAGC; Type: regular 3'; Length: 13; Trimmed: 10598926 times

Minimum overlap: 1
No. of allowed errors:
1-9 bp: 0; 10-13 bp: 1

Bases preceding removed adapters:
  A: 24.8%
  C: 19.4%
  G: 20.0%
  T: 34.3%
  none/other: 1.6%

Overview of removed sequences
length	count	expect	max.err	error counts
1	3958707	5380981.2	0	3958707
2	1382237	1345245.3	0	1382237
3	575479	336311.3	0	575479
4	269520	84077.8	0	269520
5	191819	21019.5	0	191819
6	159431	5254.9	0	159431
7	140552	1313.7	0	140552
8	122203	328.4	0	122203
9	110379	82.1	0	109663 716
10	99617	20.5	1	98146 1471
11	90490	5.1	1	89141 1349
12	81860	1.3	1	80669 1191
13	76536	0.3	1	75291 1245
14	70536	0.3	1	69454 1082
15	66325	0.3	1	65197 1128
16	62789	0.3	1	61836 953
17	60693	0.3	1	59800 893
18	58583	0.3	1	57775 808
19	57787	0.3	1	56894 893
20	58408	0.3	1	57486 922
21	60505	0.3	1	59575 930
22	63394	0.3	1	62474 920
23	69093	0.3	1	68106 987
24	77466	0.3	1	76339 1127
25	88413	0.3	1	87311 1102
26	104504	0.3	1	103155 1349
27	124065	0.3	1	122657 1408
28	149876	0.3	1	148200 1676
29	170686	0.3	1	168890 1796
30	185333	0.3	1	183301 2032
31	194006	0.3	1	191825 2181
32	195191	0.3	1	193115 2076
33	190446	0.3	1	188434 2012
34	178095	0.3	1	176275 1820
35	153699	0.3	1	152041 1658
36	132770	0.3	1	131320 1450
37	105931	0.3	1	104751 1180
38	80908	0.3	1	79983 925
39	63962	0.3	1	63110 852
40	51153	0.3	1	50419 734
41	49426	0.3	1	48779 647
42	25926	0.3	1	25560 366
43	25329	0.3	1	24972 357
44	34034	0.3	1	33516 518
45	25840	0.3	1	25411 429
46	29095	0.3	1	28629 466
47	51625	0.3	1	50645 980
48	31522	0.3	1	30831 691
49	29217	0.3	1	28448 769
50	163465	0.3	1	155266 8199

RUN STATISTICS FOR INPUT FILE: fastq_rnaseq/SRR5944048_1.fastq
=============================================
21523925 sequences processed in total
Sequences removed because they became shorter than the length cutoff of 20 bp:	1813228 (8.4%)

Trimming SRR5944049_1.fastq
Path to Cutadapt set as: 'cutadapt' (default)
Cutadapt seems to be working fine (tested command 'cutadapt --version')
Cutadapt version: 4.2
Could not detect version of Python used by Cutadapt from the first line of Cutadapt (but found this: >>>#!/bin/sh<<<)
Letting the (modified) Cutadapt deal with the Python version instead
pigz 2.6
Parallel gzip (pigz) detected. Proceeding with multicore (de)compression using 8 cores

igzip command line interface 2.30.0
igzip detected. Using igzip for decompressing

No quality encoding type selected. Assuming that the data provided uses Sanger encoded Phred scores (default)

Output will be written into the directory: /gpfs/projects/b1042/LauberthLab/BenFolder/rnaseqtrimmeddir/
Writing report to '/gpfs/projects/b1042/LauberthLab/BenFolder/rnaseqtrimmeddir/SRR5944049_1.fastq_trimming_report.txt'

SUMMARISING RUN PARAMETERS
==========================
Input filename: fastq_rnaseq/SRR5944049_1.fastq
Trimming mode: single-end
Trim Galore version: 0.6.10
Cutadapt version: 4.2
Python version: could not detect
Number of cores used for trimming: 8
Quality Phred score cutoff: 20
Quality encoding type selected: ASCII+33
Adapter sequence: 'AGATCGGAAGAGC' (Illumina TruSeq, Sanger iPCR; user defined)
Maximum trimming error rate: 0.1 (default)
Minimum required adapter overlap (stringency): 1 bp
Minimum required sequence length before a sequence gets removed: 20 bp

Cutadapt seems to be fairly up-to-date (version 4.2). Setting -j 8
Writing final adapter and quality trimmed output to SRR5944049_1_trimmed.fq


  >>> Now performing quality (cutoff '-q 20') and adapter trimming in a single pass for the adapter sequence: 'AGATCGGAAGAGC' from file fastq_rnaseq/SRR5944049_1.fastq <<< 
10000000 sequences processed
20000000 sequences processed
This is cutadapt 4.2 with Python 3.8.16
Command line parameters: -j 8 -e 0.1 -q 20 -O 1 -a AGATCGGAAGAGC fastq_rnaseq/SRR5944049_1.fastq
Processing single-end reads on 8 cores ...
Finished in 14.505 s (0.711 µs/read; 84.33 M reads/minute).

=== Summary ===

Total reads processed:              20,387,104
Reads with adapters:                11,069,165 (54.3%)
Reads written (passing filters):    20,387,104 (100.0%)

Total basepairs processed: 1,019,355,200 bp
Quality-trimmed:                 447,983 bp (0.0%)
Total written (filtered):    906,098,773 bp (88.9%)

=== Adapter 1 ===

Sequence: AGATCGGAAGAGC; Type: regular 3'; Length: 13; Trimmed: 11069165 times

Minimum overlap: 1
No. of allowed errors:
1-9 bp: 0; 10-13 bp: 1

Bases preceding removed adapters:
  A: 24.0%
  C: 18.6%
  G: 20.0%
  T: 36.4%
  none/other: 1.0%

Overview of removed sequences
length	count	expect	max.err	error counts
1	3540623	5096776.0	0	3540623
2	1358015	1274194.0	0	1358015
3	669239	318548.5	0	669239
4	403441	79637.1	0	403441
5	344394	19909.3	0	344394
6	313590	4977.3	0	313590
7	294700	1244.3	0	294700
8	270194	311.1	0	270194
9	243815	77.8	0	242934 881
10	222468	19.4	1	219095 3373
11	196452	4.9	1	193297 3155
12	169316	1.2	1	166349 2967
13	149638	0.3	1	146626 3012
14	128776	0.3	1	126103 2673
15	110285	0.3	1	107716 2569
16	97101	0.3	1	94873 2228
17	86330	0.3	1	84183 2147
18	76834	0.3	1	74830 2004
19	69167	0.3	1	67270 1897
20	65161	0.3	1	63414 1747
21	62394	0.3	1	60695 1699
22	62245	0.3	1	60623 1622
23	64761	0.3	1	62985 1776
24	69134	0.3	1	67323 1811
25	75996	0.3	1	74111 1885
26	87876	0.3	1	85859 2017
27	101451	0.3	1	99365 2086
28	121265	0.3	1	118842 2423
29	136378	0.3	1	133822 2556
30	147253	0.3	1	144642 2611
31	151241	0.3	1	148516 2725
32	152249	0.3	1	149669 2580
33	146128	0.3	1	143314 2814
34	135247	0.3	1	132695 2552
35	117424	0.3	1	115256 2168
36	98275	0.3	1	96315 1960
37	79381	0.3	1	77816 1565
38	59311	0.3	1	57998 1313
39	44525	0.3	1	43536 989
40	35345	0.3	1	34570 775
41	33056	0.3	1	32393 663
42	17486	0.3	1	17103 383
43	16945	0.3	1	16610 335
44	22144	0.3	1	21649 495
45	17356	0.3	1	16937 419
46	19130	0.3	1	18758 372
47	32931	0.3	1	32161 770
48	21145	0.3	1	20471 674
49	17790	0.3	1	17231 559
50	113764	0.3	1	107048 6716

RUN STATISTICS FOR INPUT FILE: fastq_rnaseq/SRR5944049_1.fastq
=============================================
20387104 sequences processed in total
Sequences removed because they became shorter than the length cutoff of 20 bp:	1332830 (6.5%)

Trimming SRR5944050_1.fastq
Path to Cutadapt set as: 'cutadapt' (default)
Cutadapt seems to be working fine (tested command 'cutadapt --version')
Cutadapt version: 4.2
Could not detect version of Python used by Cutadapt from the first line of Cutadapt (but found this: >>>#!/bin/sh<<<)
Letting the (modified) Cutadapt deal with the Python version instead
pigz 2.6
Parallel gzip (pigz) detected. Proceeding with multicore (de)compression using 8 cores

igzip command line interface 2.30.0
igzip detected. Using igzip for decompressing

No quality encoding type selected. Assuming that the data provided uses Sanger encoded Phred scores (default)

Output will be written into the directory: /gpfs/projects/b1042/LauberthLab/BenFolder/rnaseqtrimmeddir/
Writing report to '/gpfs/projects/b1042/LauberthLab/BenFolder/rnaseqtrimmeddir/SRR5944050_1.fastq_trimming_report.txt'

SUMMARISING RUN PARAMETERS
==========================
Input filename: fastq_rnaseq/SRR5944050_1.fastq
Trimming mode: single-end
Trim Galore version: 0.6.10
Cutadapt version: 4.2
Python version: could not detect
Number of cores used for trimming: 8
Quality Phred score cutoff: 20
Quality encoding type selected: ASCII+33
Adapter sequence: 'AGATCGGAAGAGC' (Illumina TruSeq, Sanger iPCR; user defined)
Maximum trimming error rate: 0.1 (default)
Minimum required adapter overlap (stringency): 1 bp
Minimum required sequence length before a sequence gets removed: 20 bp

Cutadapt seems to be fairly up-to-date (version 4.2). Setting -j 8
Writing final adapter and quality trimmed output to SRR5944050_1_trimmed.fq


  >>> Now performing quality (cutoff '-q 20') and adapter trimming in a single pass for the adapter sequence: 'AGATCGGAAGAGC' from file fastq_rnaseq/SRR5944050_1.fastq <<< 
10000000 sequences processed
20000000 sequences processed
This is cutadapt 4.2 with Python 3.8.16
Command line parameters: -j 8 -e 0.1 -q 20 -O 1 -a AGATCGGAAGAGC fastq_rnaseq/SRR5944050_1.fastq
Processing single-end reads on 8 cores ...
Finished in 15.075 s (0.706 µs/read; 85.03 M reads/minute).

=== Summary ===

Total reads processed:              21,362,219
Reads with adapters:                11,087,238 (51.9%)
Reads written (passing filters):    21,362,219 (100.0%)

Total basepairs processed: 1,068,110,950 bp
Quality-trimmed:                 566,622 bp (0.1%)
Total written (filtered):    943,062,461 bp (88.3%)

=== Adapter 1 ===

Sequence: AGATCGGAAGAGC; Type: regular 3'; Length: 13; Trimmed: 11087238 times

Minimum overlap: 1
No. of allowed errors:
1-9 bp: 0; 10-13 bp: 1

Bases preceding removed adapters:
  A: 24.6%
  C: 18.6%
  G: 20.0%
  T: 35.4%
  none/other: 1.3%

Overview of removed sequences
length	count	expect	max.err	error counts
1	3762355	5340554.8	0	3762355
2	1419708	1335138.7	0	1419708
3	650443	333784.7	0	650443
4	351932	83446.2	0	351932
5	273469	20861.5	0	273469
6	235939	5215.4	0	235939
7	209904	1303.8	0	209904
8	181794	326.0	0	181794
9	159712	81.5	0	159001 711
10	140798	20.4	1	138953 1845
11	124376	5.1	1	122650 1726
12	109710	1.3	1	108236 1474
13	102035	0.3	1	100526 1509
14	92221	0.3	1	90877 1344
15	84644	0.3	1	83223 1421
16	79537	0.3	1	78352 1185
17	75782	0.3	1	74666 1116
18	72195	0.3	1	71152 1043
19	70648	0.3	1	69569 1079
20	69081	0.3	1	68062 1019
21	70315	0.3	1	69267 1048
22	72345	0.3	1	71318 1027
23	76143	0.3	1	75013 1130
24	84111	0.3	1	82928 1183
25	95065	0.3	1	93776 1289
26	110141	0.3	1	108715 1426
27	127504	0.3	1	126031 1473
28	152673	0.3	1	150908 1765
29	170284	0.3	1	168428 1856
30	184165	0.3	1	182010 2155
31	191429	0.3	1	189232 2197
32	189937	0.3	1	187949 1988
33	182598	0.3	1	180629 1969
34	170128	0.3	1	168378 1750
35	145450	0.3	1	143844 1606
36	123447	0.3	1	122080 1367
37	98467	0.3	1	97381 1086
38	74528	0.3	1	73634 894
39	56909	0.3	1	56215 694
40	46408	0.3	1	45798 610
41	43029	0.3	1	42478 551
42	23317	0.3	1	22997 320
43	19961	0.3	1	19659 302
44	27175	0.3	1	26776 399
45	21722	0.3	1	21366 356
46	24142	0.3	1	23763 379
47	46528	0.3	1	45666 862
48	27373	0.3	1	26813 560
49	23931	0.3	1	23363 568
50	141730	0.3	1	133945 7785

RUN STATISTICS FOR INPUT FILE: fastq_rnaseq/SRR5944050_1.fastq
=============================================
21362219 sequences processed in total
Sequences removed because they became shorter than the length cutoff of 20 bp:	1680461 (7.9%)

Trimming SRR5944051_1.fastq
Path to Cutadapt set as: 'cutadapt' (default)
Cutadapt seems to be working fine (tested command 'cutadapt --version')
Cutadapt version: 4.2
Could not detect version of Python used by Cutadapt from the first line of Cutadapt (but found this: >>>#!/bin/sh<<<)
Letting the (modified) Cutadapt deal with the Python version instead
pigz 2.6
Parallel gzip (pigz) detected. Proceeding with multicore (de)compression using 8 cores

igzip command line interface 2.30.0
igzip detected. Using igzip for decompressing

No quality encoding type selected. Assuming that the data provided uses Sanger encoded Phred scores (default)

Output will be written into the directory: /gpfs/projects/b1042/LauberthLab/BenFolder/rnaseqtrimmeddir/
Writing report to '/gpfs/projects/b1042/LauberthLab/BenFolder/rnaseqtrimmeddir/SRR5944051_1.fastq_trimming_report.txt'

SUMMARISING RUN PARAMETERS
==========================
Input filename: fastq_rnaseq/SRR5944051_1.fastq
Trimming mode: single-end
Trim Galore version: 0.6.10
Cutadapt version: 4.2
Python version: could not detect
Number of cores used for trimming: 8
Quality Phred score cutoff: 20
Quality encoding type selected: ASCII+33
Adapter sequence: 'AGATCGGAAGAGC' (Illumina TruSeq, Sanger iPCR; user defined)
Maximum trimming error rate: 0.1 (default)
Minimum required adapter overlap (stringency): 1 bp
Minimum required sequence length before a sequence gets removed: 20 bp

Cutadapt seems to be fairly up-to-date (version 4.2). Setting -j 8
Writing final adapter and quality trimmed output to SRR5944051_1_trimmed.fq


  >>> Now performing quality (cutoff '-q 20') and adapter trimming in a single pass for the adapter sequence: 'AGATCGGAAGAGC' from file fastq_rnaseq/SRR5944051_1.fastq <<< 
This is cutadapt 4.2 with Python 3.8.16
Command line parameters: -j 8 -e 0.1 -q 20 -O 1 -a AGATCGGAAGAGC fastq_rnaseq/SRR5944051_1.fastq
Processing single-end reads on 8 cores ...
Finished in 7.146 s (0.761 µs/read; 78.85 M reads/minute).

=== Summary ===

Total reads processed:               9,390,498
Reads with adapters:                 7,542,837 (80.3%)
Reads written (passing filters):     9,390,498 (100.0%)

Total basepairs processed:   713,677,848 bp
Quality-trimmed:               2,846,894 bp (0.4%)
Total written (filtered):    530,805,364 bp (74.4%)

=== Adapter 1 ===

Sequence: AGATCGGAAGAGC; Type: regular 3'; Length: 13; Trimmed: 7542837 times

Minimum overlap: 1
No. of allowed errors:
1-9 bp: 0; 10-13 bp: 1

Bases preceding removed adapters:
  A: 21.1%
  C: 16.9%
  G: 19.3%
  T: 41.9%
  none/other: 0.9%

Overview of removed sequences
length	count	expect	max.err	error counts
1	783482	2347624.5	0	783482
2	304376	586906.1	0	304376
3	159280	146726.5	0	159280
4	111557	36681.6	0	111557
5	105785	9170.4	0	105785
6	102455	2292.6	0	102455
7	114548	573.2	0	114548
8	109696	143.3	0	109696
9	122211	35.8	0	121956 255
10	140337	9.0	1	136823 3514
11	109503	2.2	1	105805 3698
12	128067	0.6	1	123944 4123
13	160337	0.1	1	155284 5053
14	112695	0.1	1	108552 4143
15	172167	0.1	1	166506 5661
16	112692	0.1	1	108476 4216
17	162684	0.1	1	156521 6163
18	156517	0.1	1	151508 5009
19	159127	0.1	1	154258 4869
20	163518	0.1	1	158113 5405
21	162315	0.1	1	157448 4867
22	190503	0.1	1	184801 5702
23	166871	0.1	1	161697 5174
24	170330	0.1	1	164818 5512
25	196410	0.1	1	190451 5959
26	166027	0.1	1	161365 4662
27	172823	0.1	1	167863 4960
28	189757	0.1	1	183974 5783
29	175275	0.1	1	169617 5658
30	158449	0.1	1	154340 4109
31	153706	0.1	1	149476 4230
32	162618	0.1	1	158280 4338
33	123287	0.1	1	119555 3732
34	131257	0.1	1	127519 3738
35	112900	0.1	1	109837 3063
36	100644	0.1	1	97822 2822
37	99346	0.1	1	95920 3426
38	77710	0.1	1	75465 2245
39	78745	0.1	1	76203 2542
40	101128	0.1	1	98469 2659
41	62605	0.1	1	60716 1889
42	34508	0.1	1	33514 994
43	11256	0.1	1	10709 547
44	18797	0.1	1	18090 707
45	29476	0.1	1	28518 958
46	30169	0.1	1	29193 976
47	32690	0.1	1	31689 1001
48	22882	0.1	1	21831 1051
49	29769	0.1	1	28605 1164
50	35858	0.1	1	34747 1111
51	29838	0.1	1	28730 1108
52	42962	0.1	1	41439 1523
53	58028	0.1	1	56569 1459
54	57234	0.1	1	55776 1458
55	51716	0.1	1	50236 1480
56	48841	0.1	1	47544 1297
57	92961	0.1	1	90993 1968
58	51115	0.1	1	49865 1250
59	45552	0.1	1	44368 1184
60	69811	0.1	1	68545 1266
61	37965	0.1	1	37012 953
62	29465	0.1	1	28815 650
63	34371	0.1	1	33666 705
64	22272	0.1	1	21817 455
65	14481	0.1	1	14120 361
66	13355	0.1	1	13013 342
67	11461	0.1	1	11169 292
68	8400	0.1	1	8162 238
69	7653	0.1	1	7455 198
70	9872	0.1	1	9602 270
71	8564	0.1	1	8265 299
72	12505	0.1	1	11933 572
73	25205	0.1	1	24324 881
74	11355	0.1	1	10838 517
75	4477	0.1	1	4099 378
76	54233	0.1	1	45538 8695

RUN STATISTICS FOR INPUT FILE: fastq_rnaseq/SRR5944051_1.fastq
=============================================
9390498 sequences processed in total
Sequences removed because they became shorter than the length cutoff of 20 bp:	579895 (6.2%)

Trimming SRR5944052_1.fastq
Path to Cutadapt set as: 'cutadapt' (default)
Cutadapt seems to be working fine (tested command 'cutadapt --version')
Cutadapt version: 4.2
Could not detect version of Python used by Cutadapt from the first line of Cutadapt (but found this: >>>#!/bin/sh<<<)
Letting the (modified) Cutadapt deal with the Python version instead
pigz 2.6
Parallel gzip (pigz) detected. Proceeding with multicore (de)compression using 8 cores

igzip command line interface 2.30.0
igzip detected. Using igzip for decompressing

No quality encoding type selected. Assuming that the data provided uses Sanger encoded Phred scores (default)

Output will be written into the directory: /gpfs/projects/b1042/LauberthLab/BenFolder/rnaseqtrimmeddir/
Writing report to '/gpfs/projects/b1042/LauberthLab/BenFolder/rnaseqtrimmeddir/SRR5944052_1.fastq_trimming_report.txt'

SUMMARISING RUN PARAMETERS
==========================
Input filename: fastq_rnaseq/SRR5944052_1.fastq
Trimming mode: single-end
Trim Galore version: 0.6.10
Cutadapt version: 4.2
Python version: could not detect
Number of cores used for trimming: 8
Quality Phred score cutoff: 20
Quality encoding type selected: ASCII+33
Adapter sequence: 'AGATCGGAAGAGC' (Illumina TruSeq, Sanger iPCR; user defined)
Maximum trimming error rate: 0.1 (default)
Minimum required adapter overlap (stringency): 1 bp
Minimum required sequence length before a sequence gets removed: 20 bp

Cutadapt seems to be fairly up-to-date (version 4.2). Setting -j 8
Writing final adapter and quality trimmed output to SRR5944052_1_trimmed.fq


  >>> Now performing quality (cutoff '-q 20') and adapter trimming in a single pass for the adapter sequence: 'AGATCGGAAGAGC' from file fastq_rnaseq/SRR5944052_1.fastq <<< 
10000000 sequences processed
This is cutadapt 4.2 with Python 3.8.16
Command line parameters: -j 8 -e 0.1 -q 20 -O 1 -a AGATCGGAAGAGC fastq_rnaseq/SRR5944052_1.fastq
Processing single-end reads on 8 cores ...
Finished in 10.362 s (0.756 µs/read; 79.32 M reads/minute).

=== Summary ===

Total reads processed:              13,698,399
Reads with adapters:                10,835,197 (79.1%)
Reads written (passing filters):    13,698,399 (100.0%)

Total basepairs processed: 1,041,078,324 bp
Quality-trimmed:               3,573,841 bp (0.3%)
Total written (filtered):    784,889,059 bp (75.4%)

=== Adapter 1 ===

Sequence: AGATCGGAAGAGC; Type: regular 3'; Length: 13; Trimmed: 10835197 times

Minimum overlap: 1
No. of allowed errors:
1-9 bp: 0; 10-13 bp: 1

Bases preceding removed adapters:
  A: 21.5%
  C: 16.5%
  G: 19.6%
  T: 41.4%
  none/other: 1.0%

Overview of removed sequences
length	count	expect	max.err	error counts
1	1225643	3424599.8	0	1225643
2	474593	856149.9	0	474593
3	254323	214037.5	0	254323
4	175079	53509.4	0	175079
5	167275	13377.3	0	167275
6	162949	3344.3	0	162949
7	179508	836.1	0	179508
8	175265	209.0	0	175265
9	194128	52.3	0	193717 411
10	216431	13.1	1	212122 4309
11	176940	3.3	1	172045 4895
12	198992	0.8	1	193927 5065
13	248885	0.2	1	242460 6425
14	179890	0.2	1	174595 5295
15	268263	0.2	1	261070 7193
16	177455	0.2	1	172089 5366
17	254037	0.2	1	246148 7889
18	240617	0.2	1	234251 6366
19	243681	0.2	1	237833 5848
20	252307	0.2	1	245646 6661
21	247658	0.2	1	241647 6011
22	279522	0.2	1	273028 6494
23	248873	0.2	1	242642 6231
24	249200	0.2	1	242555 6645
25	276905	0.2	1	270175 6730
26	227703	0.2	1	222719 4984
27	234628	0.2	1	229151 5477
28	244060	0.2	1	238339 5721
29	211940	0.2	1	206267 5673
30	182259	0.2	1	178666 3593
31	171375	0.2	1	167669 3706
32	169532	0.2	1	165865 3667
33	118636	0.2	1	115553 3083
34	126134	0.2	1	123114 3020
35	100205	0.2	1	97733 2472
36	110461	0.2	1	108376 2085
37	53224	0.2	1	51614 1610
38	72675	0.2	1	70824 1851
39	77245	0.2	1	75088 2157
40	84463	0.2	1	82443 2020
41	61632	0.2	1	60037 1595
42	53909	0.2	1	52959 950
43	8942	0.2	1	8472 470
44	28654	0.2	1	27980 674
45	43139	0.2	1	42024 1115
46	41299	0.2	1	40332 967
47	45446	0.2	1	44443 1003
48	40886	0.2	1	39644 1242
49	46846	0.2	1	45634 1212
50	53815	0.2	1	52579 1236
51	54701	0.2	1	53284 1417
52	69698	0.2	1	67847 1851
53	87734	0.2	1	85943 1791
54	91979	0.2	1	90202 1777
55	95027	0.2	1	93005 2022
56	94600	0.2	1	92733 1867
57	135461	0.2	1	133046 2415
58	99609	0.2	1	97602 2007
59	89973	0.2	1	88262 1711
60	109388	0.2	1	107654 1734
61	71919	0.2	1	70575 1344
62	58910	0.2	1	57884 1026
63	56255	0.2	1	55208 1047
64	37616	0.2	1	37025 591
65	28858	0.2	1	28274 584
66	23738	0.2	1	23277 461
67	20362	0.2	1	20005 357
68	13864	0.2	1	13530 334
69	12941	0.2	1	12628 313
70	16069	0.2	1	15701 368
71	13674	0.2	1	13300 374
72	19591	0.2	1	18897 694
73	43252	0.2	1	42086 1166
74	17119	0.2	1	16418 701
75	8184	0.2	1	7707 477
76	87148	0.2	1	78213 8935

RUN STATISTICS FOR INPUT FILE: fastq_rnaseq/SRR5944052_1.fastq
=============================================
13698399 sequences processed in total
Sequences removed because they became shorter than the length cutoff of 20 bp:	981331 (7.2%)

Trimming SRR5944053_1.fastq
Path to Cutadapt set as: 'cutadapt' (default)
Cutadapt seems to be working fine (tested command 'cutadapt --version')
Cutadapt version: 4.2
Could not detect version of Python used by Cutadapt from the first line of Cutadapt (but found this: >>>#!/bin/sh<<<)
Letting the (modified) Cutadapt deal with the Python version instead
pigz 2.6
Parallel gzip (pigz) detected. Proceeding with multicore (de)compression using 8 cores

igzip command line interface 2.30.0
igzip detected. Using igzip for decompressing

No quality encoding type selected. Assuming that the data provided uses Sanger encoded Phred scores (default)

Output will be written into the directory: /gpfs/projects/b1042/LauberthLab/BenFolder/rnaseqtrimmeddir/
Writing report to '/gpfs/projects/b1042/LauberthLab/BenFolder/rnaseqtrimmeddir/SRR5944053_1.fastq_trimming_report.txt'

SUMMARISING RUN PARAMETERS
==========================
Input filename: fastq_rnaseq/SRR5944053_1.fastq
Trimming mode: single-end
Trim Galore version: 0.6.10
Cutadapt version: 4.2
Python version: could not detect
Number of cores used for trimming: 8
Quality Phred score cutoff: 20
Quality encoding type selected: ASCII+33
Adapter sequence: 'AGATCGGAAGAGC' (Illumina TruSeq, Sanger iPCR; user defined)
Maximum trimming error rate: 0.1 (default)
Minimum required adapter overlap (stringency): 1 bp
Minimum required sequence length before a sequence gets removed: 20 bp

Cutadapt seems to be fairly up-to-date (version 4.2). Setting -j 8
Writing final adapter and quality trimmed output to SRR5944053_1_trimmed.fq


  >>> Now performing quality (cutoff '-q 20') and adapter trimming in a single pass for the adapter sequence: 'AGATCGGAAGAGC' from file fastq_rnaseq/SRR5944053_1.fastq <<< 
10000000 sequences processed
This is cutadapt 4.2 with Python 3.8.16
Command line parameters: -j 8 -e 0.1 -q 20 -O 1 -a AGATCGGAAGAGC fastq_rnaseq/SRR5944053_1.fastq
Processing single-end reads on 8 cores ...
Finished in 11.304 s (0.739 µs/read; 81.15 M reads/minute).

=== Summary ===

Total reads processed:              15,288,573
Reads with adapters:                 5,112,769 (33.4%)
Reads written (passing filters):    15,288,573 (100.0%)

Total basepairs processed:   764,428,650 bp
Quality-trimmed:                 497,710 bp (0.1%)
Total written (filtered):    755,342,683 bp (98.8%)

=== Adapter 1 ===

Sequence: AGATCGGAAGAGC; Type: regular 3'; Length: 13; Trimmed: 5112769 times

Minimum overlap: 1
No. of allowed errors:
1-9 bp: 0; 10-13 bp: 1

Bases preceding removed adapters:
  A: 29.8%
  C: 31.8%
  G: 19.2%
  T: 18.9%
  none/other: 0.2%

Overview of removed sequences
length	count	expect	max.err	error counts
1	3581497	3822143.2	0	3581497
2	1099604	955535.8	0	1099604
3	304770	238884.0	0	304770
4	61925	59721.0	0	61925
5	13421	14930.2	0	13421
6	2353	3732.6	0	2353
7	845	933.1	0	845
8	781	233.3	0	781
9	910	58.3	0	707 203
10	1060	14.6	1	735 325
11	872	3.6	1	739 133
12	787	0.9	1	714 73
13	768	0.2	1	729 39
14	812	0.2	1	778 34
15	756	0.2	1	718 38
16	800	0.2	1	762 38
17	767	0.2	1	715 52
18	859	0.2	1	823 36
19	740	0.2	1	713 27
20	936	0.2	1	909 27
21	817	0.2	1	783 34
22	995	0.2	1	957 38
23	908	0.2	1	875 33
24	1108	0.2	1	1057 51
25	1064	0.2	1	1021 43
26	1071	0.2	1	1023 48
27	1054	0.2	1	1026 28
28	1244	0.2	1	1198 46
29	1369	0.2	1	1338 31
30	1272	0.2	1	1237 35
31	1502	0.2	1	1469 33
32	1411	0.2	1	1380 31
33	1291	0.2	1	1254 37
34	1265	0.2	1	1231 34
35	1210	0.2	1	1175 35
36	1191	0.2	1	1161 30
37	1078	0.2	1	1058 20
38	1143	0.2	1	1108 35
39	753	0.2	1	733 20
40	1340	0.2	1	1312 28
41	642	0.2	1	627 15
42	435	0.2	1	418 17
43	474	0.2	1	460 14
44	563	0.2	1	537 26
45	541	0.2	1	512 29
46	599	0.2	1	571 28
47	631	0.2	1	604 27
48	507	0.2	1	473 34
49	441	0.2	1	370 71
50	9587	0.2	1	1033 8554

RUN STATISTICS FOR INPUT FILE: fastq_rnaseq/SRR5944053_1.fastq
=============================================
15288573 sequences processed in total
Sequences removed because they became shorter than the length cutoff of 20 bp:	26756 (0.2%)

Trimming SRR5944054_1.fastq
Path to Cutadapt set as: 'cutadapt' (default)
Cutadapt seems to be working fine (tested command 'cutadapt --version')
Cutadapt version: 4.2
Could not detect version of Python used by Cutadapt from the first line of Cutadapt (but found this: >>>#!/bin/sh<<<)
Letting the (modified) Cutadapt deal with the Python version instead
pigz 2.6
Parallel gzip (pigz) detected. Proceeding with multicore (de)compression using 8 cores

igzip command line interface 2.30.0
igzip detected. Using igzip for decompressing

No quality encoding type selected. Assuming that the data provided uses Sanger encoded Phred scores (default)

Output will be written into the directory: /gpfs/projects/b1042/LauberthLab/BenFolder/rnaseqtrimmeddir/
Writing report to '/gpfs/projects/b1042/LauberthLab/BenFolder/rnaseqtrimmeddir/SRR5944054_1.fastq_trimming_report.txt'

SUMMARISING RUN PARAMETERS
==========================
Input filename: fastq_rnaseq/SRR5944054_1.fastq
Trimming mode: single-end
Trim Galore version: 0.6.10
Cutadapt version: 4.2
Python version: could not detect
Number of cores used for trimming: 8
Quality Phred score cutoff: 20
Quality encoding type selected: ASCII+33
Adapter sequence: 'AGATCGGAAGAGC' (Illumina TruSeq, Sanger iPCR; user defined)
Maximum trimming error rate: 0.1 (default)
Minimum required adapter overlap (stringency): 1 bp
Minimum required sequence length before a sequence gets removed: 20 bp

Cutadapt seems to be fairly up-to-date (version 4.2). Setting -j 8
Writing final adapter and quality trimmed output to SRR5944054_1_trimmed.fq


  >>> Now performing quality (cutoff '-q 20') and adapter trimming in a single pass for the adapter sequence: 'AGATCGGAAGAGC' from file fastq_rnaseq/SRR5944054_1.fastq <<< 
10000000 sequences processed
20000000 sequences processed
This is cutadapt 4.2 with Python 3.8.16
Command line parameters: -j 8 -e 0.1 -q 20 -O 1 -a AGATCGGAAGAGC fastq_rnaseq/SRR5944054_1.fastq
Processing single-end reads on 8 cores ...
Finished in 21.030 s (0.735 µs/read; 81.62 M reads/minute).

=== Summary ===

Total reads processed:              28,608,288
Reads with adapters:                 9,936,578 (34.7%)
Reads written (passing filters):    28,608,288 (100.0%)

Total basepairs processed: 1,430,414,400 bp
Quality-trimmed:               1,334,793 bp (0.1%)
Total written (filtered):  1,403,240,568 bp (98.1%)

=== Adapter 1 ===

Sequence: AGATCGGAAGAGC; Type: regular 3'; Length: 13; Trimmed: 9936578 times

Minimum overlap: 1
No. of allowed errors:
1-9 bp: 0; 10-13 bp: 1

Bases preceding removed adapters:
  A: 29.7%
  C: 31.6%
  G: 19.0%
  T: 18.6%
  none/other: 1.1%

Overview of removed sequences
length	count	expect	max.err	error counts
1	6798329	7152072.0	0	6798329
2	2093097	1788018.0	0	2093097
3	577978	447004.5	0	577978
4	117437	111751.1	0	117437
5	24468	27937.8	0	24468
6	3409	6984.4	0	3409
7	1436	1746.1	0	1436
8	1242	436.5	0	1242
9	1596	109.1	0	1224 372
10	1837	27.3	1	1240 597
11	1579	6.8	1	1282 297
12	1326	1.7	1	1209 117
13	1532	0.4	1	1449 83
14	1501	0.4	1	1441 60
15	1497	0.4	1	1445 52
16	1653	0.4	1	1580 73
17	1743	0.4	1	1672 71
18	2018	0.4	1	1926 92
19	1957	0.4	1	1895 62
20	2326	0.4	1	2247 79
21	2370	0.4	1	2282 88
22	2738	0.4	1	2641 97
23	2846	0.4	1	2750 96
24	3299	0.4	1	3204 95
25	3599	0.4	1	3488 111
26	4009	0.4	1	3901 108
27	4529	0.4	1	4442 87
28	5056	0.4	1	4953 103
29	5626	0.4	1	5511 115
30	5950	0.4	1	5837 113
31	7656	0.4	1	7492 164
32	8073	0.4	1	7913 160
33	8622	0.4	1	8483 139
34	11096	0.4	1	10894 202
35	11466	0.4	1	11302 164
36	13073	0.4	1	12891 182
37	13925	0.4	1	13702 223
38	13718	0.4	1	13534 184
39	12388	0.4	1	12221 167
40	12257	0.4	1	12055 202
41	11449	0.4	1	11251 198
42	5430	0.4	1	5321 109
43	4192	0.4	1	4113 79
44	3201	0.4	1	3122 79
45	1943	0.4	1	1881 62
46	1613	0.4	1	1556 57
47	1429	0.4	1	1354 75
48	1694	0.4	1	1583 111
49	8306	0.4	1	7801 505
50	107064	0.4	1	88530 18534

RUN STATISTICS FOR INPUT FILE: fastq_rnaseq/SRR5944054_1.fastq
=============================================
28608288 sequences processed in total
Sequences removed because they became shorter than the length cutoff of 20 bp:	259040 (0.9%)

Trimming SRR5944055_1.fastq
Path to Cutadapt set as: 'cutadapt' (default)
Cutadapt seems to be working fine (tested command 'cutadapt --version')
Cutadapt version: 4.2
Could not detect version of Python used by Cutadapt from the first line of Cutadapt (but found this: >>>#!/bin/sh<<<)
Letting the (modified) Cutadapt deal with the Python version instead
pigz 2.6
Parallel gzip (pigz) detected. Proceeding with multicore (de)compression using 8 cores

igzip command line interface 2.30.0
igzip detected. Using igzip for decompressing

No quality encoding type selected. Assuming that the data provided uses Sanger encoded Phred scores (default)

Output will be written into the directory: /gpfs/projects/b1042/LauberthLab/BenFolder/rnaseqtrimmeddir/
Writing report to '/gpfs/projects/b1042/LauberthLab/BenFolder/rnaseqtrimmeddir/SRR5944055_1.fastq_trimming_report.txt'

SUMMARISING RUN PARAMETERS
==========================
Input filename: fastq_rnaseq/SRR5944055_1.fastq
Trimming mode: single-end
Trim Galore version: 0.6.10
Cutadapt version: 4.2
Python version: could not detect
Number of cores used for trimming: 8
Quality Phred score cutoff: 20
Quality encoding type selected: ASCII+33
Adapter sequence: 'AGATCGGAAGAGC' (Illumina TruSeq, Sanger iPCR; user defined)
Maximum trimming error rate: 0.1 (default)
Minimum required adapter overlap (stringency): 1 bp
Minimum required sequence length before a sequence gets removed: 20 bp

Cutadapt seems to be fairly up-to-date (version 4.2). Setting -j 8
Writing final adapter and quality trimmed output to SRR5944055_1_trimmed.fq


  >>> Now performing quality (cutoff '-q 20') and adapter trimming in a single pass for the adapter sequence: 'AGATCGGAAGAGC' from file fastq_rnaseq/SRR5944055_1.fastq <<< 
10000000 sequences processed
20000000 sequences processed
This is cutadapt 4.2 with Python 3.8.16
Command line parameters: -j 8 -e 0.1 -q 20 -O 1 -a AGATCGGAAGAGC fastq_rnaseq/SRR5944055_1.fastq
Processing single-end reads on 8 cores ...
Finished in 17.410 s (0.736 µs/read; 81.58 M reads/minute).

=== Summary ===

Total reads processed:              23,670,304
Reads with adapters:                 8,398,411 (35.5%)
Reads written (passing filters):    23,670,304 (100.0%)

Total basepairs processed: 1,183,515,200 bp
Quality-trimmed:                 753,280 bp (0.1%)
Total written (filtered):  1,170,359,956 bp (98.9%)

=== Adapter 1 ===

Sequence: AGATCGGAAGAGC; Type: regular 3'; Length: 13; Trimmed: 8398411 times

Minimum overlap: 1
No. of allowed errors:
1-9 bp: 0; 10-13 bp: 1

Bases preceding removed adapters:
  A: 32.2%
  C: 30.0%
  G: 17.8%
  T: 20.0%
  none/other: 0.1%

Overview of removed sequences
length	count	expect	max.err	error counts
1	6026569	5917576.0	0	6026569
2	1714437	1479394.0	0	1714437
3	498954	369848.5	0	498954
4	103394	92462.1	0	103394
5	21407	23115.5	0	21407
6	2903	5778.9	0	2903
7	724	1444.7	0	724
8	584	361.2	0	584
9	851	90.3	0	519 332
10	992	22.6	1	511 481
11	762	5.6	1	531 231
12	571	1.4	1	488 83
13	546	0.4	1	504 42
14	552	0.4	1	524 28
15	561	0.4	1	530 31
16	518	0.4	1	479 39
17	487	0.4	1	459 28
18	589	0.4	1	556 33
19	529	0.4	1	507 22
20	608	0.4	1	569 39
21	575	0.4	1	552 23
22	641	0.4	1	615 26
23	657	0.4	1	618 39
24	703	0.4	1	677 26
25	693	0.4	1	668 25
26	664	0.4	1	633 31
27	754	0.4	1	726 28
28	763	0.4	1	724 39
29	851	0.4	1	817 34
30	864	0.4	1	838 26
31	903	0.4	1	890 13
32	839	0.4	1	820 19
33	778	0.4	1	751 27
34	763	0.4	1	738 25
35	780	0.4	1	763 17
36	717	0.4	1	694 23
37	685	0.4	1	654 31
38	689	0.4	1	674 15
39	457	0.4	1	441 16
40	738	0.4	1	712 26
41	421	0.4	1	400 21
42	282	0.4	1	261 21
43	275	0.4	1	265 10
44	303	0.4	1	289 14
45	305	0.4	1	289 16
46	372	0.4	1	357 15
47	385	0.4	1	364 21
48	373	0.4	1	342 31
49	301	0.4	1	261 40
50	4342	0.4	1	694 3648

RUN STATISTICS FOR INPUT FILE: fastq_rnaseq/SRR5944055_1.fastq
=============================================
23670304 sequences processed in total
Sequences removed because they became shorter than the length cutoff of 20 bp:	14839 (0.1%)

Trimming SRR5944056_1.fastq
Path to Cutadapt set as: 'cutadapt' (default)
Cutadapt seems to be working fine (tested command 'cutadapt --version')
Cutadapt version: 4.2
Could not detect version of Python used by Cutadapt from the first line of Cutadapt (but found this: >>>#!/bin/sh<<<)
Letting the (modified) Cutadapt deal with the Python version instead
pigz 2.6
Parallel gzip (pigz) detected. Proceeding with multicore (de)compression using 8 cores

igzip command line interface 2.30.0
igzip detected. Using igzip for decompressing

No quality encoding type selected. Assuming that the data provided uses Sanger encoded Phred scores (default)

Output will be written into the directory: /gpfs/projects/b1042/LauberthLab/BenFolder/rnaseqtrimmeddir/
Writing report to '/gpfs/projects/b1042/LauberthLab/BenFolder/rnaseqtrimmeddir/SRR5944056_1.fastq_trimming_report.txt'

SUMMARISING RUN PARAMETERS
==========================
Input filename: fastq_rnaseq/SRR5944056_1.fastq
Trimming mode: single-end
Trim Galore version: 0.6.10
Cutadapt version: 4.2
Python version: could not detect
Number of cores used for trimming: 8
Quality Phred score cutoff: 20
Quality encoding type selected: ASCII+33
Adapter sequence: 'AGATCGGAAGAGC' (Illumina TruSeq, Sanger iPCR; user defined)
Maximum trimming error rate: 0.1 (default)
Minimum required adapter overlap (stringency): 1 bp
Minimum required sequence length before a sequence gets removed: 20 bp

Cutadapt seems to be fairly up-to-date (version 4.2). Setting -j 8
Writing final adapter and quality trimmed output to SRR5944056_1_trimmed.fq


  >>> Now performing quality (cutoff '-q 20') and adapter trimming in a single pass for the adapter sequence: 'AGATCGGAAGAGC' from file fastq_rnaseq/SRR5944056_1.fastq <<< 
10000000 sequences processed
20000000 sequences processed
This is cutadapt 4.2 with Python 3.8.16
Command line parameters: -j 8 -e 0.1 -q 20 -O 1 -a AGATCGGAAGAGC fastq_rnaseq/SRR5944056_1.fastq
Processing single-end reads on 8 cores ...
Finished in 15.989 s (0.729 µs/read; 82.29 M reads/minute).

=== Summary ===

Total reads processed:              21,929,258
Reads with adapters:                 7,741,294 (35.3%)
Reads written (passing filters):    21,929,258 (100.0%)

Total basepairs processed: 1,096,462,900 bp
Quality-trimmed:               1,047,923 bp (0.1%)
Total written (filtered):  1,073,974,454 bp (97.9%)

=== Adapter 1 ===

Sequence: AGATCGGAAGAGC; Type: regular 3'; Length: 13; Trimmed: 7741294 times

Minimum overlap: 1
No. of allowed errors:
1-9 bp: 0; 10-13 bp: 1

Bases preceding removed adapters:
  A: 30.2%
  C: 30.8%
  G: 18.4%
  T: 19.1%
  none/other: 1.5%

Overview of removed sequences
length	count	expect	max.err	error counts
1	5316031	5482314.5	0	5316031
2	1588506	1370578.6	0	1588506
3	446822	342644.7	0	446822
4	92410	85661.2	0	92410
5	19414	21415.3	0	19414
6	2621	5353.8	0	2621
7	1140	1338.5	0	1140
8	949	334.6	0	949
9	1239	83.7	0	958 281
10	1404	20.9	1	990 414
11	1161	5.2	1	964 197
12	998	1.3	1	932 66
13	1035	0.3	1	982 53
14	1144	0.3	1	1082 62
15	1146	0.3	1	1105 41
16	1258	0.3	1	1204 54
17	1367	0.3	1	1302 65
18	1413	0.3	1	1359 54
19	1547	0.3	1	1485 62
20	1584	0.3	1	1523 61
21	1712	0.3	1	1661 51
22	2113	0.3	1	2030 83
23	2016	0.3	1	1954 62
24	2381	0.3	1	2306 75
25	2614	0.3	1	2549 65
26	2921	0.3	1	2852 69
27	3368	0.3	1	3290 78
28	3804	0.3	1	3712 92
29	3999	0.3	1	3888 111
30	4620	0.3	1	4518 102
31	5293	0.3	1	5223 70
32	5856	0.3	1	5732 124
33	6373	0.3	1	6266 107
34	8053	0.3	1	7914 139
35	8761	0.3	1	8652 109
36	9521	0.3	1	9398 123
37	10150	0.3	1	10004 146
38	9903	0.3	1	9759 144
39	9102	0.3	1	8971 131
40	8931	0.3	1	8762 169
41	7033	0.3	1	6903 130
42	5053	0.3	1	4936 117
43	4635	0.3	1	4540 95
44	2278	0.3	1	2227 51
45	1445	0.3	1	1410 35
46	1385	0.3	1	1345 40
47	1121	0.3	1	1079 42
48	1406	0.3	1	1333 73
49	7717	0.3	1	7372 345
50	114541	0.3	1	94883 19658

RUN STATISTICS FOR INPUT FILE: fastq_rnaseq/SRR5944056_1.fastq
=============================================
21929258 sequences processed in total
Sequences removed because they became shorter than the length cutoff of 20 bp:	229086 (1.0%)

Trimming SRR5944057_1.fastq
Path to Cutadapt set as: 'cutadapt' (default)
Cutadapt seems to be working fine (tested command 'cutadapt --version')
Cutadapt version: 4.2
Could not detect version of Python used by Cutadapt from the first line of Cutadapt (but found this: >>>#!/bin/sh<<<)
Letting the (modified) Cutadapt deal with the Python version instead
pigz 2.6
Parallel gzip (pigz) detected. Proceeding with multicore (de)compression using 8 cores

igzip command line interface 2.30.0
igzip detected. Using igzip for decompressing

No quality encoding type selected. Assuming that the data provided uses Sanger encoded Phred scores (default)

Output will be written into the directory: /gpfs/projects/b1042/LauberthLab/BenFolder/rnaseqtrimmeddir/
Writing report to '/gpfs/projects/b1042/LauberthLab/BenFolder/rnaseqtrimmeddir/SRR5944057_1.fastq_trimming_report.txt'

SUMMARISING RUN PARAMETERS
==========================
Input filename: fastq_rnaseq/SRR5944057_1.fastq
Trimming mode: single-end
Trim Galore version: 0.6.10
Cutadapt version: 4.2
Python version: could not detect
Number of cores used for trimming: 8
Quality Phred score cutoff: 20
Quality encoding type selected: ASCII+33
Adapter sequence: 'AGATCGGAAGAGC' (Illumina TruSeq, Sanger iPCR; user defined)
Maximum trimming error rate: 0.1 (default)
Minimum required adapter overlap (stringency): 1 bp
Minimum required sequence length before a sequence gets removed: 20 bp

Cutadapt seems to be fairly up-to-date (version 4.2). Setting -j 8
Writing final adapter and quality trimmed output to SRR5944057_1_trimmed.fq


  >>> Now performing quality (cutoff '-q 20') and adapter trimming in a single pass for the adapter sequence: 'AGATCGGAAGAGC' from file fastq_rnaseq/SRR5944057_1.fastq <<< 
10000000 sequences processed
This is cutadapt 4.2 with Python 3.8.16
Command line parameters: -j 8 -e 0.1 -q 20 -O 1 -a AGATCGGAAGAGC fastq_rnaseq/SRR5944057_1.fastq
Processing single-end reads on 8 cores ...
Finished in 12.359 s (0.736 µs/read; 81.51 M reads/minute).

=== Summary ===

Total reads processed:              16,789,517
Reads with adapters:                 6,009,610 (35.8%)
Reads written (passing filters):    16,789,517 (100.0%)

Total basepairs processed:   839,475,850 bp
Quality-trimmed:                 465,297 bp (0.1%)
Total written (filtered):    829,782,992 bp (98.8%)

=== Adapter 1 ===

Sequence: AGATCGGAAGAGC; Type: regular 3'; Length: 13; Trimmed: 6009610 times

Minimum overlap: 1
No. of allowed errors:
1-9 bp: 0; 10-13 bp: 1

Bases preceding removed adapters:
  A: 32.9%
  C: 28.9%
  G: 17.3%
  T: 20.7%
  none/other: 0.2%

Overview of removed sequences
length	count	expect	max.err	error counts
1	4334543	4197379.2	0	4334543
2	1196720	1049344.8	0	1196720
3	357024	262336.2	0	357024
4	74951	65584.1	0	74951
5	14374	16396.0	0	14374
6	1935	4099.0	0	1935
7	566	1024.8	0	566
8	424	256.2	0	424
9	591	64.0	0	366 225
10	709	16.0	1	413 296
11	508	4.0	1	365 143
12	366	1.0	1	332 34
13	429	0.3	1	407 22
14	399	0.3	1	373 26
15	393	0.3	1	365 28
16	381	0.3	1	357 24
17	361	0.3	1	341 20
18	416	0.3	1	391 25
19	378	0.3	1	368 10
20	386	0.3	1	353 33
21	452	0.3	1	428 24
22	471	0.3	1	464 7
23	467	0.3	1	430 37
24	493	0.3	1	471 22
25	479	0.3	1	457 22
26	543	0.3	1	517 26
27	558	0.3	1	537 21
28	557	0.3	1	540 17
29	620	0.3	1	599 21
30	596	0.3	1	588 8
31	699	0.3	1	679 20
32	679	0.3	1	660 19
33	608	0.3	1	589 19
34	577	0.3	1	554 23
35	617	0.3	1	598 19
36	582	0.3	1	560 22
37	496	0.3	1	479 17
38	528	0.3	1	513 15
39	360	0.3	1	349 11
40	554	0.3	1	532 22
41	335	0.3	1	326 9
42	228	0.3	1	215 13
43	262	0.3	1	249 13
44	263	0.3	1	255 8
45	268	0.3	1	244 24
46	302	0.3	1	291 11
47	282	0.3	1	271 11
48	288	0.3	1	274 14
49	265	0.3	1	203 62
50	10327	0.3	1	502 9825

RUN STATISTICS FOR INPUT FILE: fastq_rnaseq/SRR5944057_1.fastq
=============================================
16789517 sequences processed in total
Sequences removed because they became shorter than the length cutoff of 20 bp:	18628 (0.1%)

Trimming SRR5944058_1.fastq
Path to Cutadapt set as: 'cutadapt' (default)
Cutadapt seems to be working fine (tested command 'cutadapt --version')
Cutadapt version: 4.2
Could not detect version of Python used by Cutadapt from the first line of Cutadapt (but found this: >>>#!/bin/sh<<<)
Letting the (modified) Cutadapt deal with the Python version instead
pigz 2.6
Parallel gzip (pigz) detected. Proceeding with multicore (de)compression using 8 cores

igzip command line interface 2.30.0
igzip detected. Using igzip for decompressing

No quality encoding type selected. Assuming that the data provided uses Sanger encoded Phred scores (default)

Output will be written into the directory: /gpfs/projects/b1042/LauberthLab/BenFolder/rnaseqtrimmeddir/
Writing report to '/gpfs/projects/b1042/LauberthLab/BenFolder/rnaseqtrimmeddir/SRR5944058_1.fastq_trimming_report.txt'

SUMMARISING RUN PARAMETERS
==========================
Input filename: fastq_rnaseq/SRR5944058_1.fastq
Trimming mode: single-end
Trim Galore version: 0.6.10
Cutadapt version: 4.2
Python version: could not detect
Number of cores used for trimming: 8
Quality Phred score cutoff: 20
Quality encoding type selected: ASCII+33
Adapter sequence: 'AGATCGGAAGAGC' (Illumina TruSeq, Sanger iPCR; user defined)
Maximum trimming error rate: 0.1 (default)
Minimum required adapter overlap (stringency): 1 bp
Minimum required sequence length before a sequence gets removed: 20 bp

Cutadapt seems to be fairly up-to-date (version 4.2). Setting -j 8
Writing final adapter and quality trimmed output to SRR5944058_1_trimmed.fq


  >>> Now performing quality (cutoff '-q 20') and adapter trimming in a single pass for the adapter sequence: 'AGATCGGAAGAGC' from file fastq_rnaseq/SRR5944058_1.fastq <<< 
10000000 sequences processed
20000000 sequences processed
This is cutadapt 4.2 with Python 3.8.16
Command line parameters: -j 8 -e 0.1 -q 20 -O 1 -a AGATCGGAAGAGC fastq_rnaseq/SRR5944058_1.fastq
Processing single-end reads on 8 cores ...
Finished in 20.391 s (0.734 µs/read; 81.79 M reads/minute).

=== Summary ===

Total reads processed:              27,798,300
Reads with adapters:                 9,169,896 (33.0%)
Reads written (passing filters):    27,798,300 (100.0%)

Total basepairs processed: 1,389,915,000 bp
Quality-trimmed:               1,369,895 bp (0.1%)
Total written (filtered):  1,374,568,990 bp (98.9%)

=== Adapter 1 ===

Sequence: AGATCGGAAGAGC; Type: regular 3'; Length: 13; Trimmed: 9169896 times

Minimum overlap: 1
No. of allowed errors:
1-9 bp: 0; 10-13 bp: 1

Bases preceding removed adapters:
  A: 30.0%
  C: 31.8%
  G: 20.6%
  T: 17.5%
  none/other: 0.2%

Overview of removed sequences
length	count	expect	max.err	error counts
1	6384277	6949575.0	0	6384277
2	2069522	1737393.8	0	2069522
3	555241	434348.4	0	555241
4	102371	108587.1	0	102371
5	22340	27146.8	0	22340
6	2705	6786.7	0	2705
7	632	1696.7	0	632
8	284	424.2	0	284
9	680	106.0	0	226 454
10	821	26.5	1	219 602
11	500	6.6	1	222 278
12	369	1.7	1	262 107
13	275	0.4	1	237 38
14	284	0.4	1	237 47
15	282	0.4	1	252 30
16	269	0.4	1	244 25
17	304	0.4	1	249 55
18	365	0.4	1	334 31
19	277	0.4	1	257 20
20	326	0.4	1	284 42
21	336	0.4	1	300 36
22	379	0.4	1	345 34
23	383	0.4	1	346 37
24	462	0.4	1	424 38
25	455	0.4	1	415 40
26	456	0.4	1	433 23
27	436	0.4	1	407 29
28	516	0.4	1	483 33
29	535	0.4	1	500 35
30	537	0.4	1	507 30
31	631	0.4	1	593 38
32	611	0.4	1	586 25
33	593	0.4	1	565 28
34	595	0.4	1	570 25
35	580	0.4	1	555 25
36	640	0.4	1	622 18
37	476	0.4	1	452 24
38	565	0.4	1	543 22
39	429	0.4	1	406 23
40	627	0.4	1	601 26
41	364	0.4	1	339 25
42	366	0.4	1	340 26
43	526	0.4	1	496 30
44	327	0.4	1	305 22
45	295	0.4	1	274 21
46	372	0.4	1	347 25
47	327	0.4	1	286 41
48	348	0.4	1	293 55
49	427	0.4	1	264 163
50	14178	0.4	1	504 13674

RUN STATISTICS FOR INPUT FILE: fastq_rnaseq/SRR5944058_1.fastq
=============================================
27798300 sequences processed in total
Sequences removed because they became shorter than the length cutoff of 20 bp:	23687 (0.1%)

Trimming SRR5944059_1.fastq
Path to Cutadapt set as: 'cutadapt' (default)
Cutadapt seems to be working fine (tested command 'cutadapt --version')
Cutadapt version: 4.2
Could not detect version of Python used by Cutadapt from the first line of Cutadapt (but found this: >>>#!/bin/sh<<<)
Letting the (modified) Cutadapt deal with the Python version instead
pigz 2.6
Parallel gzip (pigz) detected. Proceeding with multicore (de)compression using 8 cores

igzip command line interface 2.30.0
igzip detected. Using igzip for decompressing

No quality encoding type selected. Assuming that the data provided uses Sanger encoded Phred scores (default)

Output will be written into the directory: /gpfs/projects/b1042/LauberthLab/BenFolder/rnaseqtrimmeddir/
Writing report to '/gpfs/projects/b1042/LauberthLab/BenFolder/rnaseqtrimmeddir/SRR5944059_1.fastq_trimming_report.txt'

SUMMARISING RUN PARAMETERS
==========================
Input filename: fastq_rnaseq/SRR5944059_1.fastq
Trimming mode: single-end
Trim Galore version: 0.6.10
Cutadapt version: 4.2
Python version: could not detect
Number of cores used for trimming: 8
Quality Phred score cutoff: 20
Quality encoding type selected: ASCII+33
Adapter sequence: 'AGATCGGAAGAGC' (Illumina TruSeq, Sanger iPCR; user defined)
Maximum trimming error rate: 0.1 (default)
Minimum required adapter overlap (stringency): 1 bp
Minimum required sequence length before a sequence gets removed: 20 bp

Cutadapt seems to be fairly up-to-date (version 4.2). Setting -j 8
Writing final adapter and quality trimmed output to SRR5944059_1_trimmed.fq


  >>> Now performing quality (cutoff '-q 20') and adapter trimming in a single pass for the adapter sequence: 'AGATCGGAAGAGC' from file fastq_rnaseq/SRR5944059_1.fastq <<< 
10000000 sequences processed
20000000 sequences processed
This is cutadapt 4.2 with Python 3.8.16
Command line parameters: -j 8 -e 0.1 -q 20 -O 1 -a AGATCGGAAGAGC fastq_rnaseq/SRR5944059_1.fastq
Processing single-end reads on 8 cores ...
Finished in 14.678 s (0.733 µs/read; 81.88 M reads/minute).

=== Summary ===

Total reads processed:              20,029,672
Reads with adapters:                 7,126,202 (35.6%)
Reads written (passing filters):    20,029,672 (100.0%)

Total basepairs processed: 1,001,483,600 bp
Quality-trimmed:                 644,056 bp (0.1%)
Total written (filtered):    990,317,645 bp (98.9%)

=== Adapter 1 ===

Sequence: AGATCGGAAGAGC; Type: regular 3'; Length: 13; Trimmed: 7126202 times

Minimum overlap: 1
No. of allowed errors:
1-9 bp: 0; 10-13 bp: 1

Bases preceding removed adapters:
  A: 33.0%
  C: 29.1%
  G: 17.6%
  T: 20.2%
  none/other: 0.1%

Overview of removed sequences
length	count	expect	max.err	error counts
1	5127561	5007418.0	0	5127561
2	1441179	1251854.5	0	1441179
3	426108	312963.6	0	426108
4	86318	78240.9	0	86318
5	17865	19560.2	0	17865
6	2407	4890.1	0	2407
7	591	1222.5	0	591
8	470	305.6	0	470
9	629	76.4	0	369 260
10	818	19.1	1	394 424
11	530	4.8	1	345 185
12	381	1.2	1	322 59
13	379	0.3	1	347 32
14	372	0.3	1	343 29
15	384	0.3	1	359 25
16	357	0.3	1	343 14
17	414	0.3	1	396 18
18	418	0.3	1	387 31
19	389	0.3	1	369 20
20	446	0.3	1	422 24
21	404	0.3	1	372 32
22	447	0.3	1	427 20
23	437	0.3	1	411 26
24	475	0.3	1	457 18
25	474	0.3	1	440 34
26	510	0.3	1	488 22
27	508	0.3	1	492 16
28	550	0.3	1	530 20
29	568	0.3	1	550 18
30	596	0.3	1	580 16
31	667	0.3	1	645 22
32	600	0.3	1	583 17
33	617	0.3	1	594 23
34	583	0.3	1	564 19
35	546	0.3	1	518 28
36	475	0.3	1	456 19
37	423	0.3	1	408 15
38	490	0.3	1	475 15
39	336	0.3	1	319 17
40	474	0.3	1	457 17
41	253	0.3	1	240 13
42	210	0.3	1	200 10
43	287	0.3	1	270 17
44	216	0.3	1	201 15
45	217	0.3	1	202 15
46	282	0.3	1	266 16
47	329	0.3	1	309 20
48	277	0.3	1	256 21
49	239	0.3	1	209 30
50	5696	0.3	1	510 5186

RUN STATISTICS FOR INPUT FILE: fastq_rnaseq/SRR5944059_1.fastq
=============================================
20029672 sequences processed in total
Sequences removed because they became shorter than the length cutoff of 20 bp:	13378 (0.1%)

Trimming SRR5944060_1.fastq
Path to Cutadapt set as: 'cutadapt' (default)
Cutadapt seems to be working fine (tested command 'cutadapt --version')
Cutadapt version: 4.2
Could not detect version of Python used by Cutadapt from the first line of Cutadapt (but found this: >>>#!/bin/sh<<<)
Letting the (modified) Cutadapt deal with the Python version instead
pigz 2.6
Parallel gzip (pigz) detected. Proceeding with multicore (de)compression using 8 cores

igzip command line interface 2.30.0
igzip detected. Using igzip for decompressing

No quality encoding type selected. Assuming that the data provided uses Sanger encoded Phred scores (default)

Output will be written into the directory: /gpfs/projects/b1042/LauberthLab/BenFolder/rnaseqtrimmeddir/
Writing report to '/gpfs/projects/b1042/LauberthLab/BenFolder/rnaseqtrimmeddir/SRR5944060_1.fastq_trimming_report.txt'

SUMMARISING RUN PARAMETERS
==========================
Input filename: fastq_rnaseq/SRR5944060_1.fastq
Trimming mode: single-end
Trim Galore version: 0.6.10
Cutadapt version: 4.2
Python version: could not detect
Number of cores used for trimming: 8
Quality Phred score cutoff: 20
Quality encoding type selected: ASCII+33
Adapter sequence: 'AGATCGGAAGAGC' (Illumina TruSeq, Sanger iPCR; user defined)
Maximum trimming error rate: 0.1 (default)
Minimum required adapter overlap (stringency): 1 bp
Minimum required sequence length before a sequence gets removed: 20 bp

Cutadapt seems to be fairly up-to-date (version 4.2). Setting -j 8
Writing final adapter and quality trimmed output to SRR5944060_1_trimmed.fq


  >>> Now performing quality (cutoff '-q 20') and adapter trimming in a single pass for the adapter sequence: 'AGATCGGAAGAGC' from file fastq_rnaseq/SRR5944060_1.fastq <<< 
10000000 sequences processed
20000000 sequences processed
30000000 sequences processed
40000000 sequences processed
This is cutadapt 4.2 with Python 3.8.16
Command line parameters: -j 8 -e 0.1 -q 20 -O 1 -a AGATCGGAAGAGC fastq_rnaseq/SRR5944060_1.fastq
Processing single-end reads on 8 cores ...
Finished in 35.353 s (0.731 µs/read; 82.07 M reads/minute).

=== Summary ===

Total reads processed:              48,358,595
Reads with adapters:                15,823,495 (32.7%)
Reads written (passing filters):    48,358,595 (100.0%)

Total basepairs processed: 2,417,929,750 bp
Quality-trimmed:               2,187,109 bp (0.1%)
Total written (filtered):  2,390,914,858 bp (98.9%)

=== Adapter 1 ===

Sequence: AGATCGGAAGAGC; Type: regular 3'; Length: 13; Trimmed: 15823495 times

Minimum overlap: 1
No. of allowed errors:
1-9 bp: 0; 10-13 bp: 1

Bases preceding removed adapters:
  A: 29.2%
  C: 32.5%
  G: 21.2%
  T: 17.0%
  none/other: 0.2%

Overview of removed sequences
length	count	expect	max.err	error counts
1	10924352	12089648.8	0	10924352
2	3639821	3022412.2	0	3639821
3	962685	755603.0	0	962685
4	175257	188900.8	0	175257
5	38361	47225.2	0	38361
6	4796	11806.3	0	4796
7	1347	2951.6	0	1347
8	771	737.9	0	771
9	1370	184.5	0	669 701
10	1732	46.1	1	627 1105
11	1097	11.5	1	632 465
12	858	2.9	1	639 219
13	787	0.7	1	702 85
14	806	0.7	1	735 71
15	805	0.7	1	732 73
16	823	0.7	1	729 94
17	819	0.7	1	742 77
18	902	0.7	1	805 97
19	835	0.7	1	761 74
20	962	0.7	1	888 74
21	961	0.7	1	874 87
22	1125	0.7	1	1040 85
23	1071	0.7	1	987 84
24	1203	0.7	1	1105 98
25	1208	0.7	1	1137 71
26	1321	0.7	1	1245 76
27	1344	0.7	1	1275 69
28	1460	0.7	1	1386 74
29	1539	0.7	1	1478 61
30	1582	0.7	1	1514 68
31	1760	0.7	1	1696 64
32	1643	0.7	1	1578 65
33	1695	0.7	1	1638 57
34	1564	0.7	1	1523 41
35	1582	0.7	1	1529 53
36	1695	0.7	1	1646 49
37	1470	0.7	1	1426 44
38	1454	0.7	1	1400 54
39	1244	0.7	1	1192 52
40	1606	0.7	1	1540 66
41	1159	0.7	1	1121 38
42	753	0.7	1	721 32
43	788	0.7	1	750 38
44	937	0.7	1	890 47
45	1028	0.7	1	979 49
46	923	0.7	1	861 62
47	860	0.7	1	793 67
48	900	0.7	1	776 124
49	1078	0.7	1	715 363
50	27356	0.7	1	1369 25987

RUN STATISTICS FOR INPUT FILE: fastq_rnaseq/SRR5944060_1.fastq
=============================================
48358595 sequences processed in total
Sequences removed because they became shorter than the length cutoff of 20 bp:	52295 (0.1%)

Trimming SRR5944061_1.fastq
Path to Cutadapt set as: 'cutadapt' (default)
Cutadapt seems to be working fine (tested command 'cutadapt --version')
Cutadapt version: 4.2
Could not detect version of Python used by Cutadapt from the first line of Cutadapt (but found this: >>>#!/bin/sh<<<)
Letting the (modified) Cutadapt deal with the Python version instead
pigz 2.6
Parallel gzip (pigz) detected. Proceeding with multicore (de)compression using 8 cores

igzip command line interface 2.30.0
igzip detected. Using igzip for decompressing

No quality encoding type selected. Assuming that the data provided uses Sanger encoded Phred scores (default)

Output will be written into the directory: /gpfs/projects/b1042/LauberthLab/BenFolder/rnaseqtrimmeddir/
Writing report to '/gpfs/projects/b1042/LauberthLab/BenFolder/rnaseqtrimmeddir/SRR5944061_1.fastq_trimming_report.txt'

SUMMARISING RUN PARAMETERS
==========================
Input filename: fastq_rnaseq/SRR5944061_1.fastq
Trimming mode: single-end
Trim Galore version: 0.6.10
Cutadapt version: 4.2
Python version: could not detect
Number of cores used for trimming: 8
Quality Phred score cutoff: 20
Quality encoding type selected: ASCII+33
Adapter sequence: 'AGATCGGAAGAGC' (Illumina TruSeq, Sanger iPCR; user defined)
Maximum trimming error rate: 0.1 (default)
Minimum required adapter overlap (stringency): 1 bp
Minimum required sequence length before a sequence gets removed: 20 bp

Cutadapt seems to be fairly up-to-date (version 4.2). Setting -j 8
Writing final adapter and quality trimmed output to SRR5944061_1_trimmed.fq


  >>> Now performing quality (cutoff '-q 20') and adapter trimming in a single pass for the adapter sequence: 'AGATCGGAAGAGC' from file fastq_rnaseq/SRR5944061_1.fastq <<< 
This is cutadapt 4.2 with Python 3.8.16
Command line parameters: -j 8 -e 0.1 -q 20 -O 1 -a AGATCGGAAGAGC fastq_rnaseq/SRR5944061_1.fastq
Processing single-end reads on 8 cores ...
Finished in 6.708 s (0.738 µs/read; 81.25 M reads/minute).

=== Summary ===

Total reads processed:               9,083,109
Reads with adapters:                 3,423,397 (37.7%)
Reads written (passing filters):     9,083,109 (100.0%)

Total basepairs processed:   454,155,450 bp
Quality-trimmed:                 212,024 bp (0.0%)
Total written (filtered):    448,475,525 bp (98.7%)

=== Adapter 1 ===

Sequence: AGATCGGAAGAGC; Type: regular 3'; Length: 13; Trimmed: 3423397 times

Minimum overlap: 1
No. of allowed errors:
1-9 bp: 0; 10-13 bp: 1

Bases preceding removed adapters:
  A: 35.2%
  C: 26.0%
  G: 15.5%
  T: 23.2%
  none/other: 0.1%

Overview of removed sequences
length	count	expect	max.err	error counts
1	2533256	2270777.2	0	2533256
2	603707	567694.3	0	603707
3	199065	141923.6	0	199065
4	44240	35480.9	0	44240
5	8123	8870.2	0	8123
6	1467	2217.6	0	1467
7	787	554.4	0	787
8	780	138.6	0	780
9	905	34.6	0	752 153
10	908	8.7	1	773 135
11	851	2.2	1	756 95
12	733	0.5	1	718 15
13	824	0.1	1	807 17
14	821	0.1	1	791 30
15	829	0.1	1	813 16
16	785	0.1	1	766 19
17	801	0.1	1	790 11
18	853	0.1	1	827 26
19	839	0.1	1	817 22
20	902	0.1	1	874 28
21	838	0.1	1	819 19
22	874	0.1	1	865 9
23	911	0.1	1	894 17
24	952	0.1	1	932 20
25	912	0.1	1	896 16
26	977	0.1	1	963 14
27	958	0.1	1	943 15
28	1030	0.1	1	1011 19
29	1003	0.1	1	983 20
30	1006	0.1	1	989 17
31	1030	0.1	1	1008 22
32	1011	0.1	1	993 18
33	975	0.1	1	953 22
34	906	0.1	1	892 14
35	762	0.1	1	741 21
36	673	0.1	1	661 12
37	545	0.1	1	533 12
38	433	0.1	1	426 7
39	358	0.1	1	348 10
40	320	0.1	1	318 2
41	297	0.1	1	294 3
42	137	0.1	1	136 1
43	185	0.1	1	182 3
44	216	0.1	1	205 11
45	179	0.1	1	176 3
46	209	0.1	1	206 3
47	421	0.1	1	410 11
48	338	0.1	1	326 12
49	287	0.1	1	271 16
50	3178	0.1	1	904 2274

RUN STATISTICS FOR INPUT FILE: fastq_rnaseq/SRR5944061_1.fastq
=============================================
9083109 sequences processed in total
Sequences removed because they became shorter than the length cutoff of 20 bp:	12527 (0.1%)

Trimming SRR5944062_1.fastq
Path to Cutadapt set as: 'cutadapt' (default)
Cutadapt seems to be working fine (tested command 'cutadapt --version')
Cutadapt version: 4.2
Could not detect version of Python used by Cutadapt from the first line of Cutadapt (but found this: >>>#!/bin/sh<<<)
Letting the (modified) Cutadapt deal with the Python version instead
pigz 2.6
Parallel gzip (pigz) detected. Proceeding with multicore (de)compression using 8 cores

igzip command line interface 2.30.0
igzip detected. Using igzip for decompressing

No quality encoding type selected. Assuming that the data provided uses Sanger encoded Phred scores (default)

Output will be written into the directory: /gpfs/projects/b1042/LauberthLab/BenFolder/rnaseqtrimmeddir/
Writing report to '/gpfs/projects/b1042/LauberthLab/BenFolder/rnaseqtrimmeddir/SRR5944062_1.fastq_trimming_report.txt'

SUMMARISING RUN PARAMETERS
==========================
Input filename: fastq_rnaseq/SRR5944062_1.fastq
Trimming mode: single-end
Trim Galore version: 0.6.10
Cutadapt version: 4.2
Python version: could not detect
Number of cores used for trimming: 8
Quality Phred score cutoff: 20
Quality encoding type selected: ASCII+33
Adapter sequence: 'AGATCGGAAGAGC' (Illumina TruSeq, Sanger iPCR; user defined)
Maximum trimming error rate: 0.1 (default)
Minimum required adapter overlap (stringency): 1 bp
Minimum required sequence length before a sequence gets removed: 20 bp

Cutadapt seems to be fairly up-to-date (version 4.2). Setting -j 8
Writing final adapter and quality trimmed output to SRR5944062_1_trimmed.fq


  >>> Now performing quality (cutoff '-q 20') and adapter trimming in a single pass for the adapter sequence: 'AGATCGGAAGAGC' from file fastq_rnaseq/SRR5944062_1.fastq <<< 
10000000 sequences processed
20000000 sequences processed
This is cutadapt 4.2 with Python 3.8.16
Command line parameters: -j 8 -e 0.1 -q 20 -O 1 -a AGATCGGAAGAGC fastq_rnaseq/SRR5944062_1.fastq
Processing single-end reads on 8 cores ...
Finished in 20.721 s (0.736 µs/read; 81.57 M reads/minute).

=== Summary ===

Total reads processed:              28,169,791
Reads with adapters:                10,538,980 (37.4%)
Reads written (passing filters):    28,169,791 (100.0%)

Total basepairs processed: 1,408,489,550 bp
Quality-trimmed:                 710,367 bp (0.1%)
Total written (filtered):  1,391,834,995 bp (98.8%)

=== Adapter 1 ===

Sequence: AGATCGGAAGAGC; Type: regular 3'; Length: 13; Trimmed: 10538980 times

Minimum overlap: 1
No. of allowed errors:
1-9 bp: 0; 10-13 bp: 1

Bases preceding removed adapters:
  A: 34.9%
  C: 26.8%
  G: 15.4%
  T: 22.7%
  none/other: 0.2%

Overview of removed sequences
length	count	expect	max.err	error counts
1	7821832	7042447.8	0	7821832
2	1893583	1760611.9	0	1893583
3	606170	440153.0	0	606170
4	136424	110038.2	0	136424
5	24446	27509.6	0	24446
6	3067	6877.4	0	3067
7	1155	1719.3	0	1155
8	894	429.8	0	894
9	1446	107.5	0	972 474
10	1401	26.9	1	849 552
11	1124	6.7	1	811 313
12	935	1.7	1	849 86
13	877	0.4	1	836 41
14	814	0.4	1	763 51
15	814	0.4	1	782 32
16	806	0.4	1	766 40
17	760	0.4	1	703 57
18	789	0.4	1	742 47
19	791	0.4	1	771 20
20	805	0.4	1	771 34
21	806	0.4	1	761 45
22	805	0.4	1	786 19
23	814	0.4	1	785 29
24	861	0.4	1	820 41
25	865	0.4	1	840 25
26	932	0.4	1	882 50
27	920	0.4	1	903 17
28	1019	0.4	1	999 20
29	989	0.4	1	948 41
30	991	0.4	1	966 25
31	974	0.4	1	950 24
32	977	0.4	1	949 28
33	918	0.4	1	898 20
34	891	0.4	1	858 33
35	867	0.4	1	823 44
36	697	0.4	1	648 49
37	602	0.4	1	583 19
38	554	0.4	1	524 30
39	379	0.4	1	357 22
40	456	0.4	1	434 22
41	388	0.4	1	381 7
42	219	0.4	1	211 8
43	225	0.4	1	212 13
44	258	0.4	1	253 5
45	289	0.4	1	255 34
46	338	0.4	1	292 46
47	478	0.4	1	441 37
48	340	0.4	1	313 27
49	361	0.4	1	276 85
50	20834	0.4	1	844 19990

RUN STATISTICS FOR INPUT FILE: fastq_rnaseq/SRR5944062_1.fastq
=============================================
28169791 sequences processed in total
Sequences removed because they became shorter than the length cutoff of 20 bp:	31254 (0.1%)

Trimming SRR5944063_1.fastq
Path to Cutadapt set as: 'cutadapt' (default)
Cutadapt seems to be working fine (tested command 'cutadapt --version')
Cutadapt version: 4.2
Could not detect version of Python used by Cutadapt from the first line of Cutadapt (but found this: >>>#!/bin/sh<<<)
Letting the (modified) Cutadapt deal with the Python version instead
pigz 2.6
Parallel gzip (pigz) detected. Proceeding with multicore (de)compression using 8 cores

igzip command line interface 2.30.0
igzip detected. Using igzip for decompressing

No quality encoding type selected. Assuming that the data provided uses Sanger encoded Phred scores (default)

Output will be written into the directory: /gpfs/projects/b1042/LauberthLab/BenFolder/rnaseqtrimmeddir/
Writing report to '/gpfs/projects/b1042/LauberthLab/BenFolder/rnaseqtrimmeddir/SRR5944063_1.fastq_trimming_report.txt'

SUMMARISING RUN PARAMETERS
==========================
Input filename: fastq_rnaseq/SRR5944063_1.fastq
Trimming mode: single-end
Trim Galore version: 0.6.10
Cutadapt version: 4.2
Python version: could not detect
Number of cores used for trimming: 8
Quality Phred score cutoff: 20
Quality encoding type selected: ASCII+33
Adapter sequence: 'AGATCGGAAGAGC' (Illumina TruSeq, Sanger iPCR; user defined)
Maximum trimming error rate: 0.1 (default)
Minimum required adapter overlap (stringency): 1 bp
Minimum required sequence length before a sequence gets removed: 20 bp

Cutadapt seems to be fairly up-to-date (version 4.2). Setting -j 8
Writing final adapter and quality trimmed output to SRR5944063_1_trimmed.fq


  >>> Now performing quality (cutoff '-q 20') and adapter trimming in a single pass for the adapter sequence: 'AGATCGGAAGAGC' from file fastq_rnaseq/SRR5944063_1.fastq <<< 
10000000 sequences processed
20000000 sequences processed
30000000 sequences processed
40000000 sequences processed
This is cutadapt 4.2 with Python 3.8.16
Command line parameters: -j 8 -e 0.1 -q 20 -O 1 -a AGATCGGAAGAGC fastq_rnaseq/SRR5944063_1.fastq
Processing single-end reads on 8 cores ...
Finished in 29.705 s (0.732 µs/read; 81.99 M reads/minute).

=== Summary ===

Total reads processed:              40,592,835
Reads with adapters:                13,874,944 (34.2%)
Reads written (passing filters):    40,592,835 (100.0%)

Total basepairs processed: 2,029,641,750 bp
Quality-trimmed:               1,342,755 bp (0.1%)
Total written (filtered):  2,005,842,017 bp (98.8%)

=== Adapter 1 ===

Sequence: AGATCGGAAGAGC; Type: regular 3'; Length: 13; Trimmed: 13874944 times

Minimum overlap: 1
No. of allowed errors:
1-9 bp: 0; 10-13 bp: 1

Bases preceding removed adapters:
  A: 30.5%
  C: 31.9%
  G: 18.8%
  T: 18.5%
  none/other: 0.3%

Overview of removed sequences
length	count	expect	max.err	error counts
1	9796512	10148208.8	0	9796512
2	2951930	2537052.2	0	2951930
3	826128	634263.0	0	826128
4	166859	158565.8	0	166859
5	35510	39641.4	0	35510
6	7439	9910.4	0	7439
7	1441	2477.6	0	1441
8	1082	619.4	0	1082
9	1594	154.8	0	954 640
10	1757	38.7	1	923 834
11	1326	9.7	1	919 407
12	929	2.4	1	807 122
13	858	0.6	1	803 55
14	838	0.6	1	785 53
15	795	0.6	1	742 53
16	838	0.6	1	785 53
17	816	0.6	1	754 62
18	801	0.6	1	754 47
19	800	0.6	1	757 43
20	809	0.6	1	747 62
21	763	0.6	1	716 47
22	774	0.6	1	741 33
23	776	0.6	1	728 48
24	809	0.6	1	762 47
25	848	0.6	1	803 45
26	846	0.6	1	795 51
27	942	0.6	1	869 73
28	899	0.6	1	853 46
29	986	0.6	1	934 52
30	1320	0.6	1	1263 57
31	1058	0.6	1	1009 49
32	3015	0.6	1	2938 77
33	921	0.6	1	878 43
34	963	0.6	1	919 44
35	911	0.6	1	882 29
36	899	0.6	1	848 51
37	15436	0.6	1	14947 489
38	722	0.6	1	690 32
39	541	0.6	1	507 34
40	805	0.6	1	761 44
41	511	0.6	1	482 29
42	448	0.6	1	401 47
43	435	0.6	1	396 39
44	320	0.6	1	302 18
45	264	0.6	1	248 16
46	313	0.6	1	275 38
47	501	0.6	1	470 31
48	436	0.6	1	387 49
49	825	0.6	1	624 201
50	37595	0.6	1	1115 36480

RUN STATISTICS FOR INPUT FILE: fastq_rnaseq/SRR5944063_1.fastq
=============================================
40592835 sequences processed in total
Sequences removed because they became shorter than the length cutoff of 20 bp:	67190 (0.2%)

Trimming SRR5944064_1.fastq
Path to Cutadapt set as: 'cutadapt' (default)
Cutadapt seems to be working fine (tested command 'cutadapt --version')
Cutadapt version: 4.2
Could not detect version of Python used by Cutadapt from the first line of Cutadapt (but found this: >>>#!/bin/sh<<<)
Letting the (modified) Cutadapt deal with the Python version instead
pigz 2.6
Parallel gzip (pigz) detected. Proceeding with multicore (de)compression using 8 cores

igzip command line interface 2.30.0
igzip detected. Using igzip for decompressing

No quality encoding type selected. Assuming that the data provided uses Sanger encoded Phred scores (default)

Output will be written into the directory: /gpfs/projects/b1042/LauberthLab/BenFolder/rnaseqtrimmeddir/
Writing report to '/gpfs/projects/b1042/LauberthLab/BenFolder/rnaseqtrimmeddir/SRR5944064_1.fastq_trimming_report.txt'

SUMMARISING RUN PARAMETERS
==========================
Input filename: fastq_rnaseq/SRR5944064_1.fastq
Trimming mode: single-end
Trim Galore version: 0.6.10
Cutadapt version: 4.2
Python version: could not detect
Number of cores used for trimming: 8
Quality Phred score cutoff: 20
Quality encoding type selected: ASCII+33
Adapter sequence: 'AGATCGGAAGAGC' (Illumina TruSeq, Sanger iPCR; user defined)
Maximum trimming error rate: 0.1 (default)
Minimum required adapter overlap (stringency): 1 bp
Minimum required sequence length before a sequence gets removed: 20 bp

Cutadapt seems to be fairly up-to-date (version 4.2). Setting -j 8
Writing final adapter and quality trimmed output to SRR5944064_1_trimmed.fq


  >>> Now performing quality (cutoff '-q 20') and adapter trimming in a single pass for the adapter sequence: 'AGATCGGAAGAGC' from file fastq_rnaseq/SRR5944064_1.fastq <<< 
10000000 sequences processed
This is cutadapt 4.2 with Python 3.8.16
Command line parameters: -j 8 -e 0.1 -q 20 -O 1 -a AGATCGGAAGAGC fastq_rnaseq/SRR5944064_1.fastq
Processing single-end reads on 8 cores ...
Finished in 7.755 s (0.738 µs/read; 81.32 M reads/minute).

=== Summary ===

Total reads processed:              10,511,189
Reads with adapters:                 3,968,699 (37.8%)
Reads written (passing filters):    10,511,189 (100.0%)

Total basepairs processed:   525,559,450 bp
Quality-trimmed:                 260,693 bp (0.0%)
Total written (filtered):    519,254,087 bp (98.8%)

=== Adapter 1 ===

Sequence: AGATCGGAAGAGC; Type: regular 3'; Length: 13; Trimmed: 3968699 times

Minimum overlap: 1
No. of allowed errors:
1-9 bp: 0; 10-13 bp: 1

Bases preceding removed adapters:
  A: 35.6%
  C: 26.6%
  G: 15.4%
  T: 22.3%
  none/other: 0.1%

Overview of removed sequences
length	count	expect	max.err	error counts
1	2939703	2627797.2	0	2939703
2	711199	656949.3	0	711199
3	231784	164237.3	0	231784
4	51109	41059.3	0	51109
5	9562	10264.8	0	9562
6	1212	2566.2	0	1212
7	437	641.6	0	437
8	377	160.4	0	377
9	491	40.1	0	369 122
10	530	10.0	1	354 176
11	412	2.5	1	340 72
12	375	0.6	1	342 33
13	346	0.2	1	334 12
14	397	0.2	1	389 8
15	416	0.2	1	405 11
16	447	0.2	1	438 9
17	464	0.2	1	452 12
18	483	0.2	1	464 19
19	461	0.2	1	451 10
20	502	0.2	1	489 13
21	498	0.2	1	489 9
22	575	0.2	1	561 14
23	620	0.2	1	609 11
24	602	0.2	1	597 5
25	652	0.2	1	636 16
26	655	0.2	1	650 5
27	708	0.2	1	693 15
28	773	0.2	1	759 14
29	750	0.2	1	739 11
30	732	0.2	1	713 19
31	796	0.2	1	784 12
32	767	0.2	1	762 5
33	720	0.2	1	702 18
34	723	0.2	1	710 13
35	642	0.2	1	627 15
36	595	0.2	1	581 14
37	481	0.2	1	464 17
38	370	0.2	1	362 8
39	302	0.2	1	298 4
40	282	0.2	1	272 10
41	249	0.2	1	236 13
42	164	0.2	1	152 12
43	148	0.2	1	144 4
44	190	0.2	1	188 2
45	162	0.2	1	157 5
46	173	0.2	1	169 4
47	408	0.2	1	398 10
48	330	0.2	1	325 5
49	274	0.2	1	261 13
50	3651	0.2	1	958 2693

RUN STATISTICS FOR INPUT FILE: fastq_rnaseq/SRR5944064_1.fastq
=============================================
10511189 sequences processed in total
Sequences removed because they became shorter than the length cutoff of 20 bp:	11469 (0.1%)

Trimming SRR5944065_1.fastq
Path to Cutadapt set as: 'cutadapt' (default)
Cutadapt seems to be working fine (tested command 'cutadapt --version')
Cutadapt version: 4.2
Could not detect version of Python used by Cutadapt from the first line of Cutadapt (but found this: >>>#!/bin/sh<<<)
Letting the (modified) Cutadapt deal with the Python version instead
pigz 2.6
Parallel gzip (pigz) detected. Proceeding with multicore (de)compression using 8 cores

igzip command line interface 2.30.0
igzip detected. Using igzip for decompressing

No quality encoding type selected. Assuming that the data provided uses Sanger encoded Phred scores (default)

Output will be written into the directory: /gpfs/projects/b1042/LauberthLab/BenFolder/rnaseqtrimmeddir/
Writing report to '/gpfs/projects/b1042/LauberthLab/BenFolder/rnaseqtrimmeddir/SRR5944065_1.fastq_trimming_report.txt'

SUMMARISING RUN PARAMETERS
==========================
Input filename: fastq_rnaseq/SRR5944065_1.fastq
Trimming mode: single-end
Trim Galore version: 0.6.10
Cutadapt version: 4.2
Python version: could not detect
Number of cores used for trimming: 8
Quality Phred score cutoff: 20
Quality encoding type selected: ASCII+33
Adapter sequence: 'AGATCGGAAGAGC' (Illumina TruSeq, Sanger iPCR; user defined)
Maximum trimming error rate: 0.1 (default)
Minimum required adapter overlap (stringency): 1 bp
Minimum required sequence length before a sequence gets removed: 20 bp

Cutadapt seems to be fairly up-to-date (version 4.2). Setting -j 8
Writing final adapter and quality trimmed output to SRR5944065_1_trimmed.fq


  >>> Now performing quality (cutoff '-q 20') and adapter trimming in a single pass for the adapter sequence: 'AGATCGGAAGAGC' from file fastq_rnaseq/SRR5944065_1.fastq <<< 
10000000 sequences processed
20000000 sequences processed
This is cutadapt 4.2 with Python 3.8.16
Command line parameters: -j 8 -e 0.1 -q 20 -O 1 -a AGATCGGAAGAGC fastq_rnaseq/SRR5944065_1.fastq
Processing single-end reads on 8 cores ...
Finished in 18.953 s (0.733 µs/read; 81.81 M reads/minute).

=== Summary ===

Total reads processed:              25,842,984
Reads with adapters:                 8,797,534 (34.0%)
Reads written (passing filters):    25,842,984 (100.0%)

Total basepairs processed: 1,292,149,200 bp
Quality-trimmed:                 831,660 bp (0.1%)
Total written (filtered):  1,277,494,236 bp (98.9%)

=== Adapter 1 ===

Sequence: AGATCGGAAGAGC; Type: regular 3'; Length: 13; Trimmed: 8797534 times

Minimum overlap: 1
No. of allowed errors:
1-9 bp: 0; 10-13 bp: 1

Bases preceding removed adapters:
  A: 30.5%
  C: 31.8%
  G: 18.8%
  T: 18.6%
  none/other: 0.3%

Overview of removed sequences
length	count	expect	max.err	error counts
1	6220450	6460746.0	0	6220450
2	1875300	1615186.5	0	1875300
3	524447	403796.6	0	524447
4	106299	100949.2	0	106299
5	22366	25237.3	0	22366
6	2836	6309.3	0	2836
7	833	1577.3	0	833
8	647	394.3	0	647
9	1000	98.6	0	580 420
10	1102	24.6	1	576 526
11	825	6.2	1	575 250
12	561	1.5	1	483 78
13	574	0.4	1	539 35
14	557	0.4	1	525 32
15	506	0.4	1	474 32
16	448	0.4	1	424 24
17	557	0.4	1	522 35
18	546	0.4	1	516 30
19	467	0.4	1	442 25
20	543	0.4	1	498 45
21	515	0.4	1	482 33
22	514	0.4	1	496 18
23	543	0.4	1	514 29
24	547	0.4	1	517 30
25	587	0.4	1	559 28
26	554	0.4	1	519 35
27	613	0.4	1	565 48
28	633	0.4	1	604 29
29	640	0.4	1	609 31
30	615	0.4	1	586 29
31	669	0.4	1	641 28
32	610	0.4	1	587 23
33	626	0.4	1	601 25
34	595	0.4	1	566 29
35	521	0.4	1	502 19
36	453	0.4	1	432 21
37	401	0.4	1	379 22
38	377	0.4	1	355 22
39	268	0.4	1	244 24
40	437	0.4	1	405 32
41	212	0.4	1	198 14
42	189	0.4	1	157 32
43	206	0.4	1	191 15
44	181	0.4	1	170 11
45	167	0.4	1	156 11
46	193	0.4	1	170 23
47	334	0.4	1	315 19
48	286	0.4	1	256 30
49	371	0.4	1	250 121
50	23813	0.4	1	539 23274

RUN STATISTICS FOR INPUT FILE: fastq_rnaseq/SRR5944065_1.fastq
=============================================
25842984 sequences processed in total
Sequences removed because they became shorter than the length cutoff of 20 bp:	31049 (0.1%)

Trimming SRR5944066_1.fastq
Path to Cutadapt set as: 'cutadapt' (default)
Cutadapt seems to be working fine (tested command 'cutadapt --version')
Cutadapt version: 4.2
Could not detect version of Python used by Cutadapt from the first line of Cutadapt (but found this: >>>#!/bin/sh<<<)
Letting the (modified) Cutadapt deal with the Python version instead
pigz 2.6
Parallel gzip (pigz) detected. Proceeding with multicore (de)compression using 8 cores

igzip command line interface 2.30.0
igzip detected. Using igzip for decompressing

No quality encoding type selected. Assuming that the data provided uses Sanger encoded Phred scores (default)

Output will be written into the directory: /gpfs/projects/b1042/LauberthLab/BenFolder/rnaseqtrimmeddir/
Writing report to '/gpfs/projects/b1042/LauberthLab/BenFolder/rnaseqtrimmeddir/SRR5944066_1.fastq_trimming_report.txt'

SUMMARISING RUN PARAMETERS
==========================
Input filename: fastq_rnaseq/SRR5944066_1.fastq
Trimming mode: single-end
Trim Galore version: 0.6.10
Cutadapt version: 4.2
Python version: could not detect
Number of cores used for trimming: 8
Quality Phred score cutoff: 20
Quality encoding type selected: ASCII+33
Adapter sequence: 'AGATCGGAAGAGC' (Illumina TruSeq, Sanger iPCR; user defined)
Maximum trimming error rate: 0.1 (default)
Minimum required adapter overlap (stringency): 1 bp
Minimum required sequence length before a sequence gets removed: 20 bp

Cutadapt seems to be fairly up-to-date (version 4.2). Setting -j 8
Writing final adapter and quality trimmed output to SRR5944066_1_trimmed.fq


  >>> Now performing quality (cutoff '-q 20') and adapter trimming in a single pass for the adapter sequence: 'AGATCGGAAGAGC' from file fastq_rnaseq/SRR5944066_1.fastq <<< 
10000000 sequences processed
20000000 sequences processed
30000000 sequences processed
40000000 sequences processed
This is cutadapt 4.2 with Python 3.8.16
Command line parameters: -j 8 -e 0.1 -q 20 -O 1 -a AGATCGGAAGAGC fastq_rnaseq/SRR5944066_1.fastq
Processing single-end reads on 8 cores ...
Finished in 29.798 s (0.728 µs/read; 82.39 M reads/minute).

=== Summary ===

Total reads processed:              40,919,021
Reads with adapters:                15,619,838 (38.2%)
Reads written (passing filters):    40,919,021 (100.0%)

Total basepairs processed: 2,045,951,050 bp
Quality-trimmed:                 969,634 bp (0.0%)
Total written (filtered):  2,022,373,050 bp (98.8%)

=== Adapter 1 ===

Sequence: AGATCGGAAGAGC; Type: regular 3'; Length: 13; Trimmed: 15619838 times

Minimum overlap: 1
No. of allowed errors:
1-9 bp: 0; 10-13 bp: 1

Bases preceding removed adapters:
  A: 35.4%
  C: 26.1%
  G: 15.1%
  T: 23.3%
  none/other: 0.2%

Overview of removed sequences
length	count	expect	max.err	error counts
1	11694438	10229755.2	0	11694438
2	2732607	2557438.8	0	2732607
3	908637	639359.7	0	908637
4	196713	159839.9	0	196713
5	34747	39960.0	0	34747
6	3785	9990.0	0	3785
7	1079	2497.5	0	1079
8	830	624.4	0	830
9	1140	156.1	0	733 407
10	1458	39.0	1	673 785
11	1012	9.8	1	671 341
12	695	2.4	1	635 60
13	718	0.6	1	700 18
14	634	0.6	1	612 22
15	727	0.6	1	618 109
16	659	0.6	1	641 18
17	632	0.6	1	580 52
18	701	0.6	1	672 29
19	613	0.6	1	590 23
20	624	0.6	1	614 10
21	586	0.6	1	569 17
22	627	0.6	1	611 16
23	674	0.6	1	664 10
24	687	0.6	1	669 18
25	662	0.6	1	644 18
26	752	0.6	1	717 35
27	686	0.6	1	673 13
28	838	0.6	1	782 56
29	899	0.6	1	794 105
30	741	0.6	1	728 13
31	842	0.6	1	834 8
32	837	0.6	1	783 54
33	677	0.6	1	658 19
34	773	0.6	1	749 24
35	675	0.6	1	661 14
36	533	0.6	1	517 16
37	509	0.6	1	497 12
38	413	0.6	1	400 13
39	351	0.6	1	306 45
40	385	0.6	1	362 23
41	225	0.6	1	219 6
42	244	0.6	1	197 47
43	230	0.6	1	222 8
44	176	0.6	1	170 6
45	217	0.6	1	195 22
46	254	0.6	1	218 36
47	348	0.6	1	311 37
48	285	0.6	1	264 21
49	306	0.6	1	190 116
50	21957	0.6	1	580 21377

RUN STATISTICS FOR INPUT FILE: fastq_rnaseq/SRR5944066_1.fastq
=============================================
40919021 sequences processed in total
Sequences removed because they became shorter than the length cutoff of 20 bp:	30450 (0.1%)

Trimming SRR5944067_1.fastq
Path to Cutadapt set as: 'cutadapt' (default)
Cutadapt seems to be working fine (tested command 'cutadapt --version')
Cutadapt version: 4.2
Could not detect version of Python used by Cutadapt from the first line of Cutadapt (but found this: >>>#!/bin/sh<<<)
Letting the (modified) Cutadapt deal with the Python version instead
pigz 2.6
Parallel gzip (pigz) detected. Proceeding with multicore (de)compression using 8 cores

igzip command line interface 2.30.0
igzip detected. Using igzip for decompressing

No quality encoding type selected. Assuming that the data provided uses Sanger encoded Phred scores (default)

Output will be written into the directory: /gpfs/projects/b1042/LauberthLab/BenFolder/rnaseqtrimmeddir/
Writing report to '/gpfs/projects/b1042/LauberthLab/BenFolder/rnaseqtrimmeddir/SRR5944067_1.fastq_trimming_report.txt'

SUMMARISING RUN PARAMETERS
==========================
Input filename: fastq_rnaseq/SRR5944067_1.fastq
Trimming mode: single-end
Trim Galore version: 0.6.10
Cutadapt version: 4.2
Python version: could not detect
Number of cores used for trimming: 8
Quality Phred score cutoff: 20
Quality encoding type selected: ASCII+33
Adapter sequence: 'AGATCGGAAGAGC' (Illumina TruSeq, Sanger iPCR; user defined)
Maximum trimming error rate: 0.1 (default)
Minimum required adapter overlap (stringency): 1 bp
Minimum required sequence length before a sequence gets removed: 20 bp

Cutadapt seems to be fairly up-to-date (version 4.2). Setting -j 8
Writing final adapter and quality trimmed output to SRR5944067_1_trimmed.fq


  >>> Now performing quality (cutoff '-q 20') and adapter trimming in a single pass for the adapter sequence: 'AGATCGGAAGAGC' from file fastq_rnaseq/SRR5944067_1.fastq <<< 
This is cutadapt 4.2 with Python 3.8.16
Command line parameters: -j 8 -e 0.1 -q 20 -O 1 -a AGATCGGAAGAGC fastq_rnaseq/SRR5944067_1.fastq
Processing single-end reads on 8 cores ...
Finished in 5.645 s (0.738 µs/read; 81.33 M reads/minute).

=== Summary ===

Total reads processed:               7,652,536
Reads with adapters:                 2,944,773 (38.5%)
Reads written (passing filters):     7,652,536 (100.0%)

Total basepairs processed:   382,626,800 bp
Quality-trimmed:                 180,832 bp (0.0%)
Total written (filtered):    378,093,875 bp (98.8%)

=== Adapter 1 ===

Sequence: AGATCGGAAGAGC; Type: regular 3'; Length: 13; Trimmed: 2944773 times

Minimum overlap: 1
No. of allowed errors:
1-9 bp: 0; 10-13 bp: 1

Bases preceding removed adapters:
  A: 36.4%
  C: 24.9%
  G: 14.5%
  T: 24.0%
  none/other: 0.2%

Overview of removed sequences
length	count	expect	max.err	error counts
1	2227764	1913134.0	0	2227764
2	493016	478283.5	0	493016
3	166325	119570.9	0	166325
4	39168	29892.7	0	39168
5	6164	7473.2	0	6164
6	640	1868.3	0	640
7	202	467.1	0	202
8	172	116.8	0	172
9	176	29.2	0	126 50
10	261	7.3	1	132 129
11	229	1.8	1	133 96
12	157	0.5	1	148 9
13	137	0.1	1	133 4
14	127	0.1	1	124 3
15	152	0.1	1	146 6
16	118	0.1	1	108 10
17	113	0.1	1	104 9
18	132	0.1	1	128 4
19	123	0.1	1	115 8
20	117	0.1	1	112 5
21	139	0.1	1	118 21
22	113	0.1	1	112 1
23	145	0.1	1	141 4
24	144	0.1	1	131 13
25	121	0.1	1	119 2
26	141	0.1	1	137 4
27	149	0.1	1	145 4
28	166	0.1	1	147 19
29	151	0.1	1	144 7
30	190	0.1	1	181 9
31	158	0.1	1	155 3
32	151	0.1	1	151
33	161	0.1	1	156 5
34	128	0.1	1	127 1
35	131	0.1	1	125 6
36	103	0.1	1	99 4
37	76	0.1	1	74 2
38	67	0.1	1	65 2
39	80	0.1	1	79 1
40	61	0.1	1	50 11
41	38	0.1	1	34 4
42	29	0.1	1	25 4
43	39	0.1	1	39
44	20	0.1	1	18 2
45	22	0.1	1	22
46	35	0.1	1	35
47	67	0.1	1	64 3
48	47	0.1	1	43 4
49	79	0.1	1	45 34
50	6529	0.1	1	109 6420

RUN STATISTICS FOR INPUT FILE: fastq_rnaseq/SRR5944067_1.fastq
=============================================
7652536 sequences processed in total
Sequences removed because they became shorter than the length cutoff of 20 bp:	8065 (0.1%)

Trimming SRR5944068_1.fastq
Path to Cutadapt set as: 'cutadapt' (default)
Cutadapt seems to be working fine (tested command 'cutadapt --version')
Cutadapt version: 4.2
Could not detect version of Python used by Cutadapt from the first line of Cutadapt (but found this: >>>#!/bin/sh<<<)
Letting the (modified) Cutadapt deal with the Python version instead
pigz 2.6
Parallel gzip (pigz) detected. Proceeding with multicore (de)compression using 8 cores

igzip command line interface 2.30.0
igzip detected. Using igzip for decompressing

No quality encoding type selected. Assuming that the data provided uses Sanger encoded Phred scores (default)

Output will be written into the directory: /gpfs/projects/b1042/LauberthLab/BenFolder/rnaseqtrimmeddir/
Writing report to '/gpfs/projects/b1042/LauberthLab/BenFolder/rnaseqtrimmeddir/SRR5944068_1.fastq_trimming_report.txt'

SUMMARISING RUN PARAMETERS
==========================
Input filename: fastq_rnaseq/SRR5944068_1.fastq
Trimming mode: single-end
Trim Galore version: 0.6.10
Cutadapt version: 4.2
Python version: could not detect
Number of cores used for trimming: 8
Quality Phred score cutoff: 20
Quality encoding type selected: ASCII+33
Adapter sequence: 'AGATCGGAAGAGC' (Illumina TruSeq, Sanger iPCR; user defined)
Maximum trimming error rate: 0.1 (default)
Minimum required adapter overlap (stringency): 1 bp
Minimum required sequence length before a sequence gets removed: 20 bp

Cutadapt seems to be fairly up-to-date (version 4.2). Setting -j 8
Writing final adapter and quality trimmed output to SRR5944068_1_trimmed.fq


  >>> Now performing quality (cutoff '-q 20') and adapter trimming in a single pass for the adapter sequence: 'AGATCGGAAGAGC' from file fastq_rnaseq/SRR5944068_1.fastq <<< 
10000000 sequences processed
20000000 sequences processed
This is cutadapt 4.2 with Python 3.8.16
Command line parameters: -j 8 -e 0.1 -q 20 -O 1 -a AGATCGGAAGAGC fastq_rnaseq/SRR5944068_1.fastq
Processing single-end reads on 8 cores ...
Finished in 21.281 s (0.788 µs/read; 76.11 M reads/minute).

=== Summary ===

Total reads processed:              26,993,586
Reads with adapters:                 9,744,075 (36.1%)
Reads written (passing filters):    26,993,586 (100.0%)

Total basepairs processed: 2,051,512,536 bp
Quality-trimmed:               8,887,217 bp (0.4%)
Total written (filtered):  2,025,598,221 bp (98.7%)

=== Adapter 1 ===

Sequence: AGATCGGAAGAGC; Type: regular 3'; Length: 13; Trimmed: 9744075 times

Minimum overlap: 1
No. of allowed errors:
1-9 bp: 0; 10-13 bp: 1

Bases preceding removed adapters:
  A: 35.1%
  C: 26.9%
  G: 16.3%
  T: 21.3%
  none/other: 0.4%

Overview of removed sequences
length	count	expect	max.err	error counts
1	7093900	6748396.5	0	7093900
2	1853584	1687099.1	0	1853584
3	569671	421774.8	0	569671
4	137537	105443.7	0	137537
5	23348	26360.9	0	23348
6	2684	6590.2	0	2684
7	898	1647.6	0	898
8	591	411.9	0	591
9	906	103.0	0	546 360
10	1205	25.7	1	497 708
11	744	6.4	1	400 344
12	744	1.6	1	453 291
13	621	0.4	1	508 113
14	407	0.4	1	343 64
15	542	0.4	1	399 143
16	380	0.4	1	276 104
17	434	0.4	1	321 113
18	359	0.4	1	273 86
19	372	0.4	1	286 86
20	484	0.4	1	301 183
21	343	0.4	1	268 75
22	400	0.4	1	296 104
23	331	0.4	1	252 79
24	415	0.4	1	292 123
25	400	0.4	1	283 117
26	350	0.4	1	198 152
27	293	0.4	1	203 90
28	401	0.4	1	241 160
29	346	0.4	1	248 98
30	291	0.4	1	205 86
31	315	0.4	1	205 110
32	305	0.4	1	244 61
33	236	0.4	1	174 62
34	329	0.4	1	254 75
35	275	0.4	1	186 89
36	344	0.4	1	234 110
37	342	0.4	1	229 113
38	266	0.4	1	175 91
39	370	0.4	1	233 137
40	242	0.4	1	186 56
41	250	0.4	1	163 87
42	265	0.4	1	209 56
43	165	0.4	1	114 51
44	124	0.4	1	97 27
45	151	0.4	1	111 40
46	217	0.4	1	164 53
47	182	0.4	1	150 32
48	274	0.4	1	138 136
49	173	0.4	1	143 30
50	215	0.4	1	171 44
51	193	0.4	1	153 40
52	222	0.4	1	177 45
53	188	0.4	1	164 24
54	174	0.4	1	156 18
55	181	0.4	1	141 40
56	176	0.4	1	127 49
57	232	0.4	1	221 11
58	155	0.4	1	114 41
59	131	0.4	1	115 16
60	163	0.4	1	155 8
61	132	0.4	1	127 5
62	119	0.4	1	110 9
63	192	0.4	1	156 36
64	143	0.4	1	134 9
65	112	0.4	1	95 17
66	228	0.4	1	166 62
67	110	0.4	1	101 9
68	84	0.4	1	70 14
69	110	0.4	1	80 30
70	208	0.4	1	91 117
71	322	0.4	1	83 239
72	923	0.4	1	128 795
73	922	0.4	1	124 798
74	367	0.4	1	86 281
75	1067	0.4	1	29 1038
76	39200	0.4	1	159 39041

RUN STATISTICS FOR INPUT FILE: fastq_rnaseq/SRR5944068_1.fastq
=============================================
26993586 sequences processed in total
Sequences removed because they became shorter than the length cutoff of 20 bp:	57979 (0.2%)

Trimming SRR5944069_1.fastq
Path to Cutadapt set as: 'cutadapt' (default)
Cutadapt seems to be working fine (tested command 'cutadapt --version')
Cutadapt version: 4.2
Could not detect version of Python used by Cutadapt from the first line of Cutadapt (but found this: >>>#!/bin/sh<<<)
Letting the (modified) Cutadapt deal with the Python version instead
pigz 2.6
Parallel gzip (pigz) detected. Proceeding with multicore (de)compression using 8 cores

igzip command line interface 2.30.0
igzip detected. Using igzip for decompressing

No quality encoding type selected. Assuming that the data provided uses Sanger encoded Phred scores (default)

Output will be written into the directory: /gpfs/projects/b1042/LauberthLab/BenFolder/rnaseqtrimmeddir/
Writing report to '/gpfs/projects/b1042/LauberthLab/BenFolder/rnaseqtrimmeddir/SRR5944069_1.fastq_trimming_report.txt'

SUMMARISING RUN PARAMETERS
==========================
Input filename: fastq_rnaseq/SRR5944069_1.fastq
Trimming mode: single-end
Trim Galore version: 0.6.10
Cutadapt version: 4.2
Python version: could not detect
Number of cores used for trimming: 8
Quality Phred score cutoff: 20
Quality encoding type selected: ASCII+33
Adapter sequence: 'AGATCGGAAGAGC' (Illumina TruSeq, Sanger iPCR; user defined)
Maximum trimming error rate: 0.1 (default)
Minimum required adapter overlap (stringency): 1 bp
Minimum required sequence length before a sequence gets removed: 20 bp

Cutadapt seems to be fairly up-to-date (version 4.2). Setting -j 8
Writing final adapter and quality trimmed output to SRR5944069_1_trimmed.fq


  >>> Now performing quality (cutoff '-q 20') and adapter trimming in a single pass for the adapter sequence: 'AGATCGGAAGAGC' from file fastq_rnaseq/SRR5944069_1.fastq <<< 
10000000 sequences processed
20000000 sequences processed
This is cutadapt 4.2 with Python 3.8.16
Command line parameters: -j 8 -e 0.1 -q 20 -O 1 -a AGATCGGAAGAGC fastq_rnaseq/SRR5944069_1.fastq
Processing single-end reads on 8 cores ...
Finished in 20.807 s (0.734 µs/read; 81.78 M reads/minute).

=== Summary ===

Total reads processed:              28,358,712
Reads with adapters:                10,760,677 (37.9%)
Reads written (passing filters):    28,358,712 (100.0%)

Total basepairs processed: 1,417,935,600 bp
Quality-trimmed:                 665,728 bp (0.0%)
Total written (filtered):  1,401,604,956 bp (98.8%)

=== Adapter 1 ===

Sequence: AGATCGGAAGAGC; Type: regular 3'; Length: 13; Trimmed: 10760677 times

Minimum overlap: 1
No. of allowed errors:
1-9 bp: 0; 10-13 bp: 1

Bases preceding removed adapters:
  A: 35.8%
  C: 25.7%
  G: 15.0%
  T: 23.3%
  none/other: 0.1%

Overview of removed sequences
length	count	expect	max.err	error counts
1	8068105	7089678.0	0	8068105
2	1866015	1772419.5	0	1866015
3	621386	443104.9	0	621386
4	139382	110776.2	0	139382
5	24732	27694.1	0	24732
6	2442	6923.5	0	2442
7	899	1730.9	0	899
8	737	432.7	0	737
9	1006	108.2	0	692 314
10	1118	27.0	1	678 440
11	849	6.8	1	622 227
12	654	1.7	1	600 54
13	631	0.4	1	595 36
14	623	0.4	1	591 32
15	589	0.4	1	559 30
16	599	0.4	1	562 37
17	603	0.4	1	566 37
18	627	0.4	1	563 64
19	572	0.4	1	555 17
20	593	0.4	1	564 29
21	573	0.4	1	554 19
22	609	0.4	1	579 30
23	582	0.4	1	546 36
24	642	0.4	1	621 21
25	695	0.4	1	676 19
26	638	0.4	1	614 24
27	659	0.4	1	645 14
28	703	0.4	1	686 17
29	708	0.4	1	689 19
30	738	0.4	1	712 26
31	760	0.4	1	732 28
32	709	0.4	1	693 16
33	640	0.4	1	619 21
34	671	0.4	1	629 42
35	586	0.4	1	565 21
36	538	0.4	1	498 40
37	403	0.4	1	362 41
38	413	0.4	1	408 5
39	304	0.4	1	294 10
40	285	0.4	1	278 7
41	236	0.4	1	235 1
42	180	0.4	1	175 5
43	270	0.4	1	241 29
44	208	0.4	1	188 20
45	137	0.4	1	134 3
46	174	0.4	1	171 3
47	283	0.4	1	272 11
48	241	0.4	1	226 15
49	230	0.4	1	175 55
50	14700	0.4	1	583 14117

RUN STATISTICS FOR INPUT FILE: fastq_rnaseq/SRR5944069_1.fastq
=============================================
28358712 sequences processed in total
Sequences removed because they became shorter than the length cutoff of 20 bp:	22115 (0.1%)

Trimming SRR5944070_1.fastq
Path to Cutadapt set as: 'cutadapt' (default)
Cutadapt seems to be working fine (tested command 'cutadapt --version')
Cutadapt version: 4.2
Could not detect version of Python used by Cutadapt from the first line of Cutadapt (but found this: >>>#!/bin/sh<<<)
Letting the (modified) Cutadapt deal with the Python version instead
pigz 2.6
Parallel gzip (pigz) detected. Proceeding with multicore (de)compression using 8 cores

igzip command line interface 2.30.0
igzip detected. Using igzip for decompressing

No quality encoding type selected. Assuming that the data provided uses Sanger encoded Phred scores (default)

Output will be written into the directory: /gpfs/projects/b1042/LauberthLab/BenFolder/rnaseqtrimmeddir/
Writing report to '/gpfs/projects/b1042/LauberthLab/BenFolder/rnaseqtrimmeddir/SRR5944070_1.fastq_trimming_report.txt'

SUMMARISING RUN PARAMETERS
==========================
Input filename: fastq_rnaseq/SRR5944070_1.fastq
Trimming mode: single-end
Trim Galore version: 0.6.10
Cutadapt version: 4.2
Python version: could not detect
Number of cores used for trimming: 8
Quality Phred score cutoff: 20
Quality encoding type selected: ASCII+33
Adapter sequence: 'AGATCGGAAGAGC' (Illumina TruSeq, Sanger iPCR; user defined)
Maximum trimming error rate: 0.1 (default)
Minimum required adapter overlap (stringency): 1 bp
Minimum required sequence length before a sequence gets removed: 20 bp

Cutadapt seems to be fairly up-to-date (version 4.2). Setting -j 8
Writing final adapter and quality trimmed output to SRR5944070_1_trimmed.fq


  >>> Now performing quality (cutoff '-q 20') and adapter trimming in a single pass for the adapter sequence: 'AGATCGGAAGAGC' from file fastq_rnaseq/SRR5944070_1.fastq <<< 
This is cutadapt 4.2 with Python 3.8.16
Command line parameters: -j 8 -e 0.1 -q 20 -O 1 -a AGATCGGAAGAGC fastq_rnaseq/SRR5944070_1.fastq
Processing single-end reads on 8 cores ...
Finished in 4.580 s (0.742 µs/read; 80.82 M reads/minute).

=== Summary ===

Total reads processed:               6,169,544
Reads with adapters:                 2,293,046 (37.2%)
Reads written (passing filters):     6,169,544 (100.0%)

Total basepairs processed:   308,477,200 bp
Quality-trimmed:                 151,839 bp (0.0%)
Total written (filtered):    305,006,078 bp (98.9%)

=== Adapter 1 ===

Sequence: AGATCGGAAGAGC; Type: regular 3'; Length: 13; Trimmed: 2293046 times

Minimum overlap: 1
No. of allowed errors:
1-9 bp: 0; 10-13 bp: 1

Bases preceding removed adapters:
  A: 34.7%
  C: 27.2%
  G: 15.9%
  T: 22.1%
  none/other: 0.1%

Overview of removed sequences
length	count	expect	max.err	error counts
1	1699200	1542386.0	0	1699200
2	419146	385596.5	0	419146
3	131765	96399.1	0	131765
4	29466	24099.8	0	29466
5	5183	6024.9	0	5183
6	574	1506.2	0	574
7	200	376.6	0	200
8	163	94.1	0	163
9	237	23.5	0	160 77
10	216	5.9	1	138 78
11	193	1.5	1	135 58
12	167	0.4	1	154 13
13	168	0.1	1	150 18
14	158	0.1	1	152 6
15	144	0.1	1	137 7
16	138	0.1	1	135 3
17	154	0.1	1	147 7
18	135	0.1	1	128 7
19	142	0.1	1	137 5
20	153	0.1	1	149 4
21	116	0.1	1	113 3
22	123	0.1	1	120 3
23	153	0.1	1	136 17
24	140	0.1	1	137 3
25	135	0.1	1	125 10
26	146	0.1	1	140 6
27	163	0.1	1	158 5
28	196	0.1	1	183 13
29	177	0.1	1	172 5
30	163	0.1	1	162 1
31	176	0.1	1	174 2
32	167	0.1	1	161 6
33	183	0.1	1	179 4
34	170	0.1	1	162 8
35	133	0.1	1	125 8
36	134	0.1	1	132 2
37	100	0.1	1	92 8
38	89	0.1	1	88 1
39	70	0.1	1	66 4
40	65	0.1	1	65
41	63	0.1	1	61 2
42	40	0.1	1	40
43	53	0.1	1	47 6
44	45	0.1	1	45
45	51	0.1	1	45 6
46	40	0.1	1	34 6
47	57	0.1	1	56 1
48	56	0.1	1	48 8
49	59	0.1	1	52 7
50	2081	0.1	1	154 1927

RUN STATISTICS FOR INPUT FILE: fastq_rnaseq/SRR5944070_1.fastq
=============================================
6169544 sequences processed in total
Sequences removed because they became shorter than the length cutoff of 20 bp:	3877 (0.1%)

Trimming SRR5944071_1.fastq
Path to Cutadapt set as: 'cutadapt' (default)
Cutadapt seems to be working fine (tested command 'cutadapt --version')
Cutadapt version: 4.2
Could not detect version of Python used by Cutadapt from the first line of Cutadapt (but found this: >>>#!/bin/sh<<<)
Letting the (modified) Cutadapt deal with the Python version instead
pigz 2.6
Parallel gzip (pigz) detected. Proceeding with multicore (de)compression using 8 cores

igzip command line interface 2.30.0
igzip detected. Using igzip for decompressing

No quality encoding type selected. Assuming that the data provided uses Sanger encoded Phred scores (default)

Output will be written into the directory: /gpfs/projects/b1042/LauberthLab/BenFolder/rnaseqtrimmeddir/
Writing report to '/gpfs/projects/b1042/LauberthLab/BenFolder/rnaseqtrimmeddir/SRR5944071_1.fastq_trimming_report.txt'

SUMMARISING RUN PARAMETERS
==========================
Input filename: fastq_rnaseq/SRR5944071_1.fastq
Trimming mode: single-end
Trim Galore version: 0.6.10
Cutadapt version: 4.2
Python version: could not detect
Number of cores used for trimming: 8
Quality Phred score cutoff: 20
Quality encoding type selected: ASCII+33
Adapter sequence: 'AGATCGGAAGAGC' (Illumina TruSeq, Sanger iPCR; user defined)
Maximum trimming error rate: 0.1 (default)
Minimum required adapter overlap (stringency): 1 bp
Minimum required sequence length before a sequence gets removed: 20 bp

Cutadapt seems to be fairly up-to-date (version 4.2). Setting -j 8
Writing final adapter and quality trimmed output to SRR5944071_1_trimmed.fq


  >>> Now performing quality (cutoff '-q 20') and adapter trimming in a single pass for the adapter sequence: 'AGATCGGAAGAGC' from file fastq_rnaseq/SRR5944071_1.fastq <<< 
10000000 sequences processed
20000000 sequences processed
This is cutadapt 4.2 with Python 3.8.16
Command line parameters: -j 8 -e 0.1 -q 20 -O 1 -a AGATCGGAAGAGC fastq_rnaseq/SRR5944071_1.fastq
Processing single-end reads on 8 cores ...
Finished in 19.772 s (0.737 µs/read; 81.36 M reads/minute).

=== Summary ===

Total reads processed:              26,810,972
Reads with adapters:                 9,182,091 (34.2%)
Reads written (passing filters):    26,810,972 (100.0%)

Total basepairs processed: 1,340,548,600 bp
Quality-trimmed:               1,440,972 bp (0.1%)
Total written (filtered):  1,325,318,994 bp (98.9%)

=== Adapter 1 ===

Sequence: AGATCGGAAGAGC; Type: regular 3'; Length: 13; Trimmed: 9182091 times

Minimum overlap: 1
No. of allowed errors:
1-9 bp: 0; 10-13 bp: 1

Bases preceding removed adapters:
  A: 31.2%
  C: 30.2%
  G: 18.7%
  T: 19.7%
  none/other: 0.2%

Overview of removed sequences
length	count	expect	max.err	error counts
1	6565634	6702743.0	0	6565634
2	1920558	1675685.8	0	1920558
3	530033	418921.4	0	530033
4	108508	104730.4	0	108508
5	21856	26182.6	0	21856
6	2589	6545.6	0	2589
7	540	1636.4	0	540
8	333	409.1	0	333
9	661	102.3	0	261 400
10	824	25.6	1	284 540
11	490	6.4	1	280 210
12	311	1.6	1	229 82
13	333	0.4	1	277 56
14	283	0.4	1	258 25
15	312	0.4	1	282 30
16	326	0.4	1	298 28
17	293	0.4	1	258 35
18	374	0.4	1	335 39
19	304	0.4	1	265 39
20	359	0.4	1	320 39
21	322	0.4	1	287 35
22	423	0.4	1	391 32
23	393	0.4	1	362 31
24	442	0.4	1	414 28
25	418	0.4	1	387 31
26	480	0.4	1	450 30
27	446	0.4	1	412 34
28	482	0.4	1	443 39
29	560	0.4	1	531 29
30	488	0.4	1	459 29
31	551	0.4	1	520 31
32	531	0.4	1	501 30
33	534	0.4	1	510 24
34	523	0.4	1	496 27
35	490	0.4	1	464 26
36	521	0.4	1	507 14
37	459	0.4	1	440 19
38	516	0.4	1	492 24
39	392	0.4	1	376 16
40	621	0.4	1	607 14
41	323	0.4	1	298 25
42	378	0.4	1	347 31
43	501	0.4	1	482 19
44	284	0.4	1	267 17
45	263	0.4	1	237 26
46	338	0.4	1	312 26
47	294	0.4	1	267 27
48	316	0.4	1	276 40
49	414	0.4	1	249 165
50	14467	0.4	1	433 14034

RUN STATISTICS FOR INPUT FILE: fastq_rnaseq/SRR5944071_1.fastq
=============================================
26810972 sequences processed in total
Sequences removed because they became shorter than the length cutoff of 20 bp:	23092 (0.1%)

Trimming SRR5944072_1.fastq
Path to Cutadapt set as: 'cutadapt' (default)
Cutadapt seems to be working fine (tested command 'cutadapt --version')
Cutadapt version: 4.2
Could not detect version of Python used by Cutadapt from the first line of Cutadapt (but found this: >>>#!/bin/sh<<<)
Letting the (modified) Cutadapt deal with the Python version instead
pigz 2.6
Parallel gzip (pigz) detected. Proceeding with multicore (de)compression using 8 cores

igzip command line interface 2.30.0
igzip detected. Using igzip for decompressing

No quality encoding type selected. Assuming that the data provided uses Sanger encoded Phred scores (default)

Output will be written into the directory: /gpfs/projects/b1042/LauberthLab/BenFolder/rnaseqtrimmeddir/
Writing report to '/gpfs/projects/b1042/LauberthLab/BenFolder/rnaseqtrimmeddir/SRR5944072_1.fastq_trimming_report.txt'

SUMMARISING RUN PARAMETERS
==========================
Input filename: fastq_rnaseq/SRR5944072_1.fastq
Trimming mode: single-end
Trim Galore version: 0.6.10
Cutadapt version: 4.2
Python version: could not detect
Number of cores used for trimming: 8
Quality Phred score cutoff: 20
Quality encoding type selected: ASCII+33
Adapter sequence: 'AGATCGGAAGAGC' (Illumina TruSeq, Sanger iPCR; user defined)
Maximum trimming error rate: 0.1 (default)
Minimum required adapter overlap (stringency): 1 bp
Minimum required sequence length before a sequence gets removed: 20 bp

Cutadapt seems to be fairly up-to-date (version 4.2). Setting -j 8
Writing final adapter and quality trimmed output to SRR5944072_1_trimmed.fq


  >>> Now performing quality (cutoff '-q 20') and adapter trimming in a single pass for the adapter sequence: 'AGATCGGAAGAGC' from file fastq_rnaseq/SRR5944072_1.fastq <<< 
10000000 sequences processed
20000000 sequences processed
This is cutadapt 4.2 with Python 3.8.16
Command line parameters: -j 8 -e 0.1 -q 20 -O 1 -a AGATCGGAAGAGC fastq_rnaseq/SRR5944072_1.fastq
Processing single-end reads on 8 cores ...
Finished in 21.935 s (0.732 µs/read; 82.01 M reads/minute).

=== Summary ===

Total reads processed:              29,980,756
Reads with adapters:                10,761,407 (35.9%)
Reads written (passing filters):    29,980,756 (100.0%)

Total basepairs processed: 1,499,037,800 bp
Quality-trimmed:               1,488,196 bp (0.1%)
Total written (filtered):  1,481,753,113 bp (98.8%)

=== Adapter 1 ===

Sequence: AGATCGGAAGAGC; Type: regular 3'; Length: 13; Trimmed: 10761407 times

Minimum overlap: 1
No. of allowed errors:
1-9 bp: 0; 10-13 bp: 1

Bases preceding removed adapters:
  A: 32.5%
  C: 29.1%
  G: 17.5%
  T: 20.8%
  none/other: 0.1%

Overview of removed sequences
length	count	expect	max.err	error counts
1	7804629	7495189.0	0	7804629
2	2121221	1873797.2	0	2121221
3	638684	468449.3	0	638684
4	136440	117112.3	0	136440
5	25386	29278.1	0	25386
6	2373	7319.5	0	2373
7	552	1829.9	0	552
8	346	457.5	0	346
9	743	114.4	0	344 399
10	885	28.6	1	306 579
11	511	7.1	1	264 247
12	393	1.8	1	297 96
13	393	0.4	1	351 42
14	363	0.4	1	334 29
15	313	0.4	1	282 31
16	364	0.4	1	322 42
17	385	0.4	1	343 42
18	393	0.4	1	349 44
19	387	0.4	1	357 30
20	437	0.4	1	399 38
21	369	0.4	1	336 33
22	552	0.4	1	505 47
23	429	0.4	1	397 32
24	571	0.4	1	529 42
25	478	0.4	1	452 26
26	548	0.4	1	524 24
27	558	0.4	1	533 25
28	557	0.4	1	517 40
29	677	0.4	1	654 23
30	670	0.4	1	644 26
31	741	0.4	1	717 24
32	647	0.4	1	630 17
33	652	0.4	1	630 22
34	643	0.4	1	620 23
35	734	0.4	1	716 18
36	694	0.4	1	671 23
37	649	0.4	1	625 24
38	740	0.4	1	726 14
39	487	0.4	1	468 19
40	909	0.4	1	887 22
41	336	0.4	1	323 13
42	345	0.4	1	326 19
43	559	0.4	1	537 22
44	361	0.4	1	329 32
45	280	0.4	1	267 13
46	384	0.4	1	356 28
47	348	0.4	1	317 31
48	351	0.4	1	315 36
49	413	0.4	1	256 157
50	10527	0.4	1	488 10039

RUN STATISTICS FOR INPUT FILE: fastq_rnaseq/SRR5944072_1.fastq
=============================================
29980756 sequences processed in total
Sequences removed because they became shorter than the length cutoff of 20 bp:	21340 (0.1%)

Trimming SRR5944073_1.fastq
Path to Cutadapt set as: 'cutadapt' (default)
Cutadapt seems to be working fine (tested command 'cutadapt --version')
Cutadapt version: 4.2
Could not detect version of Python used by Cutadapt from the first line of Cutadapt (but found this: >>>#!/bin/sh<<<)
Letting the (modified) Cutadapt deal with the Python version instead
pigz 2.6
Parallel gzip (pigz) detected. Proceeding with multicore (de)compression using 8 cores

igzip command line interface 2.30.0
igzip detected. Using igzip for decompressing

No quality encoding type selected. Assuming that the data provided uses Sanger encoded Phred scores (default)

Output will be written into the directory: /gpfs/projects/b1042/LauberthLab/BenFolder/rnaseqtrimmeddir/
Writing report to '/gpfs/projects/b1042/LauberthLab/BenFolder/rnaseqtrimmeddir/SRR5944073_1.fastq_trimming_report.txt'

SUMMARISING RUN PARAMETERS
==========================
Input filename: fastq_rnaseq/SRR5944073_1.fastq
Trimming mode: single-end
Trim Galore version: 0.6.10
Cutadapt version: 4.2
Python version: could not detect
Number of cores used for trimming: 8
Quality Phred score cutoff: 20
Quality encoding type selected: ASCII+33
Adapter sequence: 'AGATCGGAAGAGC' (Illumina TruSeq, Sanger iPCR; user defined)
Maximum trimming error rate: 0.1 (default)
Minimum required adapter overlap (stringency): 1 bp
Minimum required sequence length before a sequence gets removed: 20 bp

Cutadapt seems to be fairly up-to-date (version 4.2). Setting -j 8
Writing final adapter and quality trimmed output to SRR5944073_1_trimmed.fq


  >>> Now performing quality (cutoff '-q 20') and adapter trimming in a single pass for the adapter sequence: 'AGATCGGAAGAGC' from file fastq_rnaseq/SRR5944073_1.fastq <<< 
10000000 sequences processed
20000000 sequences processed
This is cutadapt 4.2 with Python 3.8.16
Command line parameters: -j 8 -e 0.1 -q 20 -O 1 -a AGATCGGAAGAGC fastq_rnaseq/SRR5944073_1.fastq
Processing single-end reads on 8 cores ...
Finished in 15.460 s (0.739 µs/read; 81.16 M reads/minute).

=== Summary ===

Total reads processed:              20,911,293
Reads with adapters:                 6,400,256 (30.6%)
Reads written (passing filters):    20,911,293 (100.0%)

Total basepairs processed: 1,045,564,650 bp
Quality-trimmed:                 320,449 bp (0.0%)
Total written (filtered):  1,036,192,227 bp (99.1%)

=== Adapter 1 ===

Sequence: AGATCGGAAGAGC; Type: regular 3'; Length: 13; Trimmed: 6400256 times

Minimum overlap: 1
No. of allowed errors:
1-9 bp: 0; 10-13 bp: 1

Bases preceding removed adapters:
  A: 26.4%
  C: 34.0%
  G: 22.5%
  T: 17.1%
  none/other: 0.0%

Overview of removed sequences
length	count	expect	max.err	error counts
1	4446482	5227823.2	0	4446482
2	1518947	1306955.8	0	1518947
3	339653	326739.0	0	339653
4	69546	81684.7	0	69546
5	16570	20421.2	0	16570
6	1756	5105.3	0	1756
7	612	1276.3	0	612
8	202	319.1	0	202
9	446	79.8	0	185 261
10	508	19.9	1	160 348
11	300	5.0	1	145 155
12	186	1.2	1	138 48
13	166	0.3	1	143 23
14	147	0.3	1	137 10
15	143	0.3	1	123 20
16	130	0.3	1	116 14
17	149	0.3	1	130 19
18	125	0.3	1	116 9
19	154	0.3	1	135 19
20	125	0.3	1	115 10
21	152	0.3	1	125 27
22	146	0.3	1	130 16
23	140	0.3	1	132 8
24	171	0.3	1	150 21
25	151	0.3	1	144 7
26	152	0.3	1	135 17
27	144	0.3	1	129 15
28	173	0.3	1	154 19
29	152	0.3	1	138 14
30	131	0.3	1	121 10
31	150	0.3	1	134 16
32	167	0.3	1	147 20
33	157	0.3	1	134 23
34	163	0.3	1	138 25
35	117	0.3	1	104 13
36	140	0.3	1	114 26
37	100	0.3	1	87 13
38	76	0.3	1	67 9
39	56	0.3	1	46 10
40	60	0.3	1	46 14
41	73	0.3	1	54 19
42	39	0.3	1	21 18
43	29	0.3	1	22 7
44	35	0.3	1	26 9
45	36	0.3	1	31 5
46	58	0.3	1	19 39
47	78	0.3	1	66 12
48	63	0.3	1	49 14
49	52	0.3	1	45 7
50	748	0.3	1	144 604

RUN STATISTICS FOR INPUT FILE: fastq_rnaseq/SRR5944073_1.fastq
=============================================
20911293 sequences processed in total
Sequences removed because they became shorter than the length cutoff of 20 bp:	2451 (0.0%)

Trimming SRR5944074_1.fastq
Path to Cutadapt set as: 'cutadapt' (default)
Cutadapt seems to be working fine (tested command 'cutadapt --version')
Cutadapt version: 4.2
Could not detect version of Python used by Cutadapt from the first line of Cutadapt (but found this: >>>#!/bin/sh<<<)
Letting the (modified) Cutadapt deal with the Python version instead
pigz 2.6
Parallel gzip (pigz) detected. Proceeding with multicore (de)compression using 8 cores

igzip command line interface 2.30.0
igzip detected. Using igzip for decompressing

No quality encoding type selected. Assuming that the data provided uses Sanger encoded Phred scores (default)

Output will be written into the directory: /gpfs/projects/b1042/LauberthLab/BenFolder/rnaseqtrimmeddir/
Writing report to '/gpfs/projects/b1042/LauberthLab/BenFolder/rnaseqtrimmeddir/SRR5944074_1.fastq_trimming_report.txt'

SUMMARISING RUN PARAMETERS
==========================
Input filename: fastq_rnaseq/SRR5944074_1.fastq
Trimming mode: single-end
Trim Galore version: 0.6.10
Cutadapt version: 4.2
Python version: could not detect
Number of cores used for trimming: 8
Quality Phred score cutoff: 20
Quality encoding type selected: ASCII+33
Adapter sequence: 'AGATCGGAAGAGC' (Illumina TruSeq, Sanger iPCR; user defined)
Maximum trimming error rate: 0.1 (default)
Minimum required adapter overlap (stringency): 1 bp
Minimum required sequence length before a sequence gets removed: 20 bp

Cutadapt seems to be fairly up-to-date (version 4.2). Setting -j 8
Writing final adapter and quality trimmed output to SRR5944074_1_trimmed.fq


  >>> Now performing quality (cutoff '-q 20') and adapter trimming in a single pass for the adapter sequence: 'AGATCGGAAGAGC' from file fastq_rnaseq/SRR5944074_1.fastq <<< 
This is cutadapt 4.2 with Python 3.8.16
Command line parameters: -j 8 -e 0.1 -q 20 -O 1 -a AGATCGGAAGAGC fastq_rnaseq/SRR5944074_1.fastq
Processing single-end reads on 8 cores ...
Finished in 7.206 s (0.737 µs/read; 81.36 M reads/minute).

=== Summary ===

Total reads processed:               9,771,807
Reads with adapters:                 3,001,966 (30.7%)
Reads written (passing filters):     9,771,807 (100.0%)

Total basepairs processed:   488,590,350 bp
Quality-trimmed:                 151,196 bp (0.0%)
Total written (filtered):    484,196,534 bp (99.1%)

=== Adapter 1 ===

Sequence: AGATCGGAAGAGC; Type: regular 3'; Length: 13; Trimmed: 3001966 times

Minimum overlap: 1
No. of allowed errors:
1-9 bp: 0; 10-13 bp: 1

Bases preceding removed adapters:
  A: 26.4%
  C: 34.2%
  G: 22.4%
  T: 17.0%
  none/other: 0.0%

Overview of removed sequences
length	count	expect	max.err	error counts
1	2083240	2442951.8	0	2083240
2	713943	610737.9	0	713943
3	159996	152684.5	0	159996
4	32990	38171.1	0	32990
5	7640	9542.8	0	7640
6	809	2385.7	0	809
7	286	596.4	0	286
8	95	149.1	0	95
9	183	37.3	0	80 103
10	218	9.3	1	69 149
11	149	2.3	1	62 87
12	95	0.6	1	70 25
13	78	0.1	1	68 10
14	89	0.1	1	84 5
15	61	0.1	1	55 6
16	78	0.1	1	67 11
17	72	0.1	1	65 7
18	84	0.1	1	81 3
19	71	0.1	1	58 13
20	71	0.1	1	65 6
21	73	0.1	1	64 9
22	70	0.1	1	56 14
23	73	0.1	1	64 9
24	63	0.1	1	50 13
25	77	0.1	1	74 3
26	72	0.1	1	68 4
27	86	0.1	1	73 13
28	79	0.1	1	70 9
29	82	0.1	1	74 8
30	95	0.1	1	86 9
31	74	0.1	1	63 11
32	78	0.1	1	66 12
33	76	0.1	1	57 19
34	85	0.1	1	79 6
35	69	0.1	1	53 16
36	50	0.1	1	46 4
37	61	0.1	1	49 12
38	39	0.1	1	28 11
39	23	0.1	1	20 3
40	29	0.1	1	25 4
41	33	0.1	1	26 7
42	18	0.1	1	12 6
43	15	0.1	1	13 2
44	22	0.1	1	11 11
45	13	0.1	1	11 2
46	23	0.1	1	13 10
47	36	0.1	1	32 4
48	32	0.1	1	26 6
49	19	0.1	1	18 1
50	153	0.1	1	60 93

RUN STATISTICS FOR INPUT FILE: fastq_rnaseq/SRR5944074_1.fastq
=============================================
9771807 sequences processed in total
Sequences removed because they became shorter than the length cutoff of 20 bp:	975 (0.0%)

Trimming SRR5944075_1.fastq
Path to Cutadapt set as: 'cutadapt' (default)
Cutadapt seems to be working fine (tested command 'cutadapt --version')
Cutadapt version: 4.2
Could not detect version of Python used by Cutadapt from the first line of Cutadapt (but found this: >>>#!/bin/sh<<<)
Letting the (modified) Cutadapt deal with the Python version instead
pigz 2.6
Parallel gzip (pigz) detected. Proceeding with multicore (de)compression using 8 cores

igzip command line interface 2.30.0
igzip detected. Using igzip for decompressing

No quality encoding type selected. Assuming that the data provided uses Sanger encoded Phred scores (default)

Output will be written into the directory: /gpfs/projects/b1042/LauberthLab/BenFolder/rnaseqtrimmeddir/
Writing report to '/gpfs/projects/b1042/LauberthLab/BenFolder/rnaseqtrimmeddir/SRR5944075_1.fastq_trimming_report.txt'

SUMMARISING RUN PARAMETERS
==========================
Input filename: fastq_rnaseq/SRR5944075_1.fastq
Trimming mode: single-end
Trim Galore version: 0.6.10
Cutadapt version: 4.2
Python version: could not detect
Number of cores used for trimming: 8
Quality Phred score cutoff: 20
Quality encoding type selected: ASCII+33
Adapter sequence: 'AGATCGGAAGAGC' (Illumina TruSeq, Sanger iPCR; user defined)
Maximum trimming error rate: 0.1 (default)
Minimum required adapter overlap (stringency): 1 bp
Minimum required sequence length before a sequence gets removed: 20 bp

Cutadapt seems to be fairly up-to-date (version 4.2). Setting -j 8
Writing final adapter and quality trimmed output to SRR5944075_1_trimmed.fq


  >>> Now performing quality (cutoff '-q 20') and adapter trimming in a single pass for the adapter sequence: 'AGATCGGAAGAGC' from file fastq_rnaseq/SRR5944075_1.fastq <<< 
10000000 sequences processed
This is cutadapt 4.2 with Python 3.8.16
Command line parameters: -j 8 -e 0.1 -q 20 -O 1 -a AGATCGGAAGAGC fastq_rnaseq/SRR5944075_1.fastq
Processing single-end reads on 8 cores ...
Finished in 11.502 s (0.736 µs/read; 81.49 M reads/minute).

=== Summary ===

Total reads processed:              15,622,275
Reads with adapters:                 4,775,179 (30.6%)
Reads written (passing filters):    15,622,275 (100.0%)

Total basepairs processed:   781,113,750 bp
Quality-trimmed:                 245,931 bp (0.0%)
Total written (filtered):    774,117,669 bp (99.1%)

=== Adapter 1 ===

Sequence: AGATCGGAAGAGC; Type: regular 3'; Length: 13; Trimmed: 4775179 times

Minimum overlap: 1
No. of allowed errors:
1-9 bp: 0; 10-13 bp: 1

Bases preceding removed adapters:
  A: 26.3%
  C: 34.3%
  G: 22.5%
  T: 16.9%
  none/other: 0.0%

Overview of removed sequences
length	count	expect	max.err	error counts
1	3315427	3905568.8	0	3315427
2	1134330	976392.2	0	1134330
3	254407	244098.0	0	254407
4	52097	61024.5	0	52097
5	12153	15256.1	0	12153
6	1396	3814.0	0	1396
7	472	953.5	0	472
8	158	238.4	0	158
9	305	59.6	0	130 175
10	372	14.9	1	119 253
11	261	3.7	1	123 138
12	135	0.9	1	104 31
13	116	0.2	1	94 22
14	105	0.2	1	97 8
15	126	0.2	1	115 11
16	93	0.2	1	82 11
17	127	0.2	1	107 20
18	113	0.2	1	105 8
19	86	0.2	1	73 13
20	103	0.2	1	92 11
21	124	0.2	1	104 20
22	109	0.2	1	99 10
23	103	0.2	1	91 12
24	125	0.2	1	100 25
25	101	0.2	1	87 14
26	120	0.2	1	100 20
27	97	0.2	1	83 14
28	127	0.2	1	115 12
29	132	0.2	1	116 16
30	126	0.2	1	119 7
31	127	0.2	1	113 14
32	139	0.2	1	117 22
33	130	0.2	1	109 21
34	107	0.2	1	93 14
35	127	0.2	1	108 19
36	90	0.2	1	69 21
37	74	0.2	1	65 9
38	60	0.2	1	49 11
39	32	0.2	1	24 8
40	37	0.2	1	29 8
41	42	0.2	1	28 14
42	16	0.2	1	9 7
43	25	0.2	1	16 9
44	41	0.2	1	26 15
45	24	0.2	1	19 5
46	47	0.2	1	17 30
47	46	0.2	1	41 5
48	45	0.2	1	35 10
49	34	0.2	1	30 4
50	390	0.2	1	103 287

RUN STATISTICS FOR INPUT FILE: fastq_rnaseq/SRR5944075_1.fastq
=============================================
15622275 sequences processed in total
Sequences removed because they became shorter than the length cutoff of 20 bp:	1676 (0.0%)

Trimming SRR5944076_1.fastq
Path to Cutadapt set as: 'cutadapt' (default)
Cutadapt seems to be working fine (tested command 'cutadapt --version')
Cutadapt version: 4.2
Could not detect version of Python used by Cutadapt from the first line of Cutadapt (but found this: >>>#!/bin/sh<<<)
Letting the (modified) Cutadapt deal with the Python version instead
pigz 2.6
Parallel gzip (pigz) detected. Proceeding with multicore (de)compression using 8 cores

igzip command line interface 2.30.0
igzip detected. Using igzip for decompressing

No quality encoding type selected. Assuming that the data provided uses Sanger encoded Phred scores (default)

Output will be written into the directory: /gpfs/projects/b1042/LauberthLab/BenFolder/rnaseqtrimmeddir/
Writing report to '/gpfs/projects/b1042/LauberthLab/BenFolder/rnaseqtrimmeddir/SRR5944076_1.fastq_trimming_report.txt'

SUMMARISING RUN PARAMETERS
==========================
Input filename: fastq_rnaseq/SRR5944076_1.fastq
Trimming mode: single-end
Trim Galore version: 0.6.10
Cutadapt version: 4.2
Python version: could not detect
Number of cores used for trimming: 8
Quality Phred score cutoff: 20
Quality encoding type selected: ASCII+33
Adapter sequence: 'AGATCGGAAGAGC' (Illumina TruSeq, Sanger iPCR; user defined)
Maximum trimming error rate: 0.1 (default)
Minimum required adapter overlap (stringency): 1 bp
Minimum required sequence length before a sequence gets removed: 20 bp

Cutadapt seems to be fairly up-to-date (version 4.2). Setting -j 8
Writing final adapter and quality trimmed output to SRR5944076_1_trimmed.fq


  >>> Now performing quality (cutoff '-q 20') and adapter trimming in a single pass for the adapter sequence: 'AGATCGGAAGAGC' from file fastq_rnaseq/SRR5944076_1.fastq <<< 
10000000 sequences processed
This is cutadapt 4.2 with Python 3.8.16
Command line parameters: -j 8 -e 0.1 -q 20 -O 1 -a AGATCGGAAGAGC fastq_rnaseq/SRR5944076_1.fastq
Processing single-end reads on 8 cores ...
Finished in 7.569 s (0.741 µs/read; 80.98 M reads/minute).

=== Summary ===

Total reads processed:              10,215,323
Reads with adapters:                 3,146,986 (30.8%)
Reads written (passing filters):    10,215,323 (100.0%)

Total basepairs processed:   510,766,150 bp
Quality-trimmed:                       0 bp (0.0%)
Total written (filtered):    506,331,206 bp (99.1%)

=== Adapter 1 ===

Sequence: AGATCGGAAGAGC; Type: regular 3'; Length: 13; Trimmed: 3146986 times

Minimum overlap: 1
No. of allowed errors:
1-9 bp: 0; 10-13 bp: 1

Bases preceding removed adapters:
  A: 26.4%
  C: 34.5%
  G: 22.1%
  T: 17.0%
  none/other: 0.0%

Overview of removed sequences
length	count	expect	max.err	error counts
1	2191133	2553830.8	0	2191133
2	741110	638457.7	0	741110
3	167339	159614.4	0	167339
4	35413	39903.6	0	35413
5	7925	9975.9	0	7925
6	861	2494.0	0	861
7	331	623.5	0	331
8	91	155.9	0	91
9	180	39.0	0	68 112
10	214	9.7	1	71 143
11	152	2.4	1	68 84
12	87	0.6	1	55 32
13	71	0.2	1	60 11
14	61	0.2	1	59 2
15	64	0.2	1	57 7
16	59	0.2	1	54 5
17	64	0.2	1	57 7
18	53	0.2	1	48 5
19	52	0.2	1	42 10
20	61	0.2	1	56 5
21	68	0.2	1	58 10
22	56	0.2	1	47 9
23	82	0.2	1	76 6
24	96	0.2	1	76 20
25	63	0.2	1	56 7
26	72	0.2	1	61 11
27	68	0.2	1	57 11
28	79	0.2	1	71 8
29	72	0.2	1	66 6
30	62	0.2	1	57 5
31	86	0.2	1	75 11
32	83	0.2	1	67 16
33	77	0.2	1	59 18
34	76	0.2	1	58 18
35	59	0.2	1	48 11
36	57	0.2	1	40 17
37	43	0.2	1	35 8
38	50	0.2	1	45 5
39	38	0.2	1	30 8
40	24	0.2	1	19 5
41	22	0.2	1	14 8
42	14	0.2	1	10 4
43	7	0.2	1	3 4
44	21	0.2	1	10 11
45	13	0.2	1	11 2
46	27	0.2	1	10 17
47	31	0.2	1	17 14
48	20	0.2	1	16 4
49	20	0.2	1	19 1
50	179	0.2	1	40 139

RUN STATISTICS FOR INPUT FILE: fastq_rnaseq/SRR5944076_1.fastq
=============================================
10215323 sequences processed in total
Sequences removed because they became shorter than the length cutoff of 20 bp:	947 (0.0%)

Trimming SRR5944077_1.fastq
Path to Cutadapt set as: 'cutadapt' (default)
Cutadapt seems to be working fine (tested command 'cutadapt --version')
Cutadapt version: 4.2
Could not detect version of Python used by Cutadapt from the first line of Cutadapt (but found this: >>>#!/bin/sh<<<)
Letting the (modified) Cutadapt deal with the Python version instead
pigz 2.6
Parallel gzip (pigz) detected. Proceeding with multicore (de)compression using 8 cores

igzip command line interface 2.30.0
igzip detected. Using igzip for decompressing

No quality encoding type selected. Assuming that the data provided uses Sanger encoded Phred scores (default)

Output will be written into the directory: /gpfs/projects/b1042/LauberthLab/BenFolder/rnaseqtrimmeddir/
Writing report to '/gpfs/projects/b1042/LauberthLab/BenFolder/rnaseqtrimmeddir/SRR5944077_1.fastq_trimming_report.txt'

SUMMARISING RUN PARAMETERS
==========================
Input filename: fastq_rnaseq/SRR5944077_1.fastq
Trimming mode: single-end
Trim Galore version: 0.6.10
Cutadapt version: 4.2
Python version: could not detect
Number of cores used for trimming: 8
Quality Phred score cutoff: 20
Quality encoding type selected: ASCII+33
Adapter sequence: 'AGATCGGAAGAGC' (Illumina TruSeq, Sanger iPCR; user defined)
Maximum trimming error rate: 0.1 (default)
Minimum required adapter overlap (stringency): 1 bp
Minimum required sequence length before a sequence gets removed: 20 bp

Cutadapt seems to be fairly up-to-date (version 4.2). Setting -j 8
Writing final adapter and quality trimmed output to SRR5944077_1_trimmed.fq


  >>> Now performing quality (cutoff '-q 20') and adapter trimming in a single pass for the adapter sequence: 'AGATCGGAAGAGC' from file fastq_rnaseq/SRR5944077_1.fastq <<< 
10000000 sequences processed
20000000 sequences processed
This is cutadapt 4.2 with Python 3.8.16
Command line parameters: -j 8 -e 0.1 -q 20 -O 1 -a AGATCGGAAGAGC fastq_rnaseq/SRR5944077_1.fastq
Processing single-end reads on 8 cores ...
Finished in 15.308 s (0.731 µs/read; 82.11 M reads/minute).

=== Summary ===

Total reads processed:              20,950,492
Reads with adapters:                 6,535,960 (31.2%)
Reads written (passing filters):    20,950,492 (100.0%)

Total basepairs processed: 1,047,524,600 bp
Quality-trimmed:                 333,568 bp (0.0%)
Total written (filtered):  1,037,986,424 bp (99.1%)

=== Adapter 1 ===

Sequence: AGATCGGAAGAGC; Type: regular 3'; Length: 13; Trimmed: 6535960 times

Minimum overlap: 1
No. of allowed errors:
1-9 bp: 0; 10-13 bp: 1

Bases preceding removed adapters:
  A: 27.1%
  C: 34.4%
  G: 21.4%
  T: 17.0%
  none/other: 0.0%

Overview of removed sequences
length	count	expect	max.err	error counts
1	4581708	5237623.0	0	4581708
2	1504935	1309405.8	0	1504935
3	347404	327351.4	0	347404
4	74678	81837.9	0	74678
5	17529	20459.5	0	17529
6	2002	5114.9	0	2002
7	960	1278.7	0	960
8	225	319.7	0	225
9	387	79.9	0	164 223
10	499	20.0	1	172 327
11	268	5.0	1	132 136
12	207	1.2	1	153 54
13	171	0.3	1	156 15
14	165	0.3	1	157 8
15	163	0.3	1	145 18
16	170	0.3	1	156 14
17	147	0.3	1	134 13
18	166	0.3	1	154 12
19	137	0.3	1	122 15
20	164	0.3	1	139 25
21	163	0.3	1	133 30
22	195	0.3	1	165 30
23	148	0.3	1	133 15
24	184	0.3	1	148 36
25	173	0.3	1	159 14
26	183	0.3	1	168 15
27	162	0.3	1	152 10
28	184	0.3	1	161 23
29	173	0.3	1	157 16
30	163	0.3	1	154 9
31	173	0.3	1	157 16
32	174	0.3	1	153 21
33	195	0.3	1	151 44
34	165	0.3	1	130 35
35	144	0.3	1	113 31
36	131	0.3	1	97 34
37	104	0.3	1	92 12
38	73	0.3	1	62 11
39	62	0.3	1	48 14
40	65	0.3	1	48 17
41	92	0.3	1	64 28
42	35	0.3	1	24 11
43	23	0.3	1	13 10
44	56	0.3	1	33 23
45	34	0.3	1	24 10
46	87	0.3	1	42 45
47	71	0.3	1	64 7
48	67	0.3	1	59 8
49	45	0.3	1	40 5
50	351	0.3	1	133 218

RUN STATISTICS FOR INPUT FILE: fastq_rnaseq/SRR5944077_1.fastq
=============================================
20950492 sequences processed in total
Sequences removed because they became shorter than the length cutoff of 20 bp:	2190 (0.0%)

Trimming SRR5944078_1.fastq
Path to Cutadapt set as: 'cutadapt' (default)
Cutadapt seems to be working fine (tested command 'cutadapt --version')
Cutadapt version: 4.2
Could not detect version of Python used by Cutadapt from the first line of Cutadapt (but found this: >>>#!/bin/sh<<<)
Letting the (modified) Cutadapt deal with the Python version instead
pigz 2.6
Parallel gzip (pigz) detected. Proceeding with multicore (de)compression using 8 cores

igzip command line interface 2.30.0
igzip detected. Using igzip for decompressing

No quality encoding type selected. Assuming that the data provided uses Sanger encoded Phred scores (default)

Output will be written into the directory: /gpfs/projects/b1042/LauberthLab/BenFolder/rnaseqtrimmeddir/
Writing report to '/gpfs/projects/b1042/LauberthLab/BenFolder/rnaseqtrimmeddir/SRR5944078_1.fastq_trimming_report.txt'

SUMMARISING RUN PARAMETERS
==========================
Input filename: fastq_rnaseq/SRR5944078_1.fastq
Trimming mode: single-end
Trim Galore version: 0.6.10
Cutadapt version: 4.2
Python version: could not detect
Number of cores used for trimming: 8
Quality Phred score cutoff: 20
Quality encoding type selected: ASCII+33
Adapter sequence: 'AGATCGGAAGAGC' (Illumina TruSeq, Sanger iPCR; user defined)
Maximum trimming error rate: 0.1 (default)
Minimum required adapter overlap (stringency): 1 bp
Minimum required sequence length before a sequence gets removed: 20 bp

Cutadapt seems to be fairly up-to-date (version 4.2). Setting -j 8
Writing final adapter and quality trimmed output to SRR5944078_1_trimmed.fq


  >>> Now performing quality (cutoff '-q 20') and adapter trimming in a single pass for the adapter sequence: 'AGATCGGAAGAGC' from file fastq_rnaseq/SRR5944078_1.fastq <<< 
10000000 sequences processed
This is cutadapt 4.2 with Python 3.8.16
Command line parameters: -j 8 -e 0.1 -q 20 -O 1 -a AGATCGGAAGAGC fastq_rnaseq/SRR5944078_1.fastq
Processing single-end reads on 8 cores ...
Finished in 7.581 s (0.739 µs/read; 81.14 M reads/minute).

=== Summary ===

Total reads processed:              10,252,985
Reads with adapters:                 3,169,334 (30.9%)
Reads written (passing filters):    10,252,985 (100.0%)

Total basepairs processed:   512,649,250 bp
Quality-trimmed:                 156,178 bp (0.0%)
Total written (filtered):    508,030,426 bp (99.1%)

=== Adapter 1 ===

Sequence: AGATCGGAAGAGC; Type: regular 3'; Length: 13; Trimmed: 3169334 times

Minimum overlap: 1
No. of allowed errors:
1-9 bp: 0; 10-13 bp: 1

Bases preceding removed adapters:
  A: 27.0%
  C: 34.6%
  G: 21.6%
  T: 16.8%
  none/other: 0.0%

Overview of removed sequences
length	count	expect	max.err	error counts
1	2223177	2563246.2	0	2223177
2	728975	640811.6	0	728975
3	168093	160202.9	0	168093
4	35960	40050.7	0	35960
5	8568	10012.7	0	8568
6	925	2503.2	0	925
7	461	625.8	0	461
8	109	156.4	0	109
9	173	39.1	0	77 96
10	241	9.8	1	84 157
11	130	2.4	1	73 57
12	88	0.6	1	68 20
13	93	0.2	1	85 8
14	77	0.2	1	71 6
15	78	0.2	1	74 4
16	80	0.2	1	75 5
17	56	0.2	1	51 5
18	70	0.2	1	64 6
19	54	0.2	1	49 5
20	47	0.2	1	43 4
21	64	0.2	1	54 10
22	65	0.2	1	60 5
23	58	0.2	1	50 8
24	92	0.2	1	74 18
25	58	0.2	1	53 5
26	85	0.2	1	73 12
27	60	0.2	1	51 9
28	62	0.2	1	56 6
29	85	0.2	1	79 6
30	87	0.2	1	81 6
31	83	0.2	1	74 9
32	87	0.2	1	60 27
33	85	0.2	1	67 18
34	82	0.2	1	71 11
35	85	0.2	1	70 15
36	62	0.2	1	47 15
37	39	0.2	1	32 7
38	44	0.2	1	38 6
39	36	0.2	1	30 6
40	33	0.2	1	23 10
41	38	0.2	1	24 14
42	15	0.2	1	8 7
43	20	0.2	1	13 7
44	31	0.2	1	20 11
45	9	0.2	1	6 3
46	46	0.2	1	27 19
47	40	0.2	1	38 2
48	25	0.2	1	22 3
49	23	0.2	1	20 3
50	280	0.2	1	65 215

RUN STATISTICS FOR INPUT FILE: fastq_rnaseq/SRR5944078_1.fastq
=============================================
10252985 sequences processed in total
Sequences removed because they became shorter than the length cutoff of 20 bp:	1194 (0.0%)

Trimming SRR5944079_1.fastq
Path to Cutadapt set as: 'cutadapt' (default)
Cutadapt seems to be working fine (tested command 'cutadapt --version')
Cutadapt version: 4.2
Could not detect version of Python used by Cutadapt from the first line of Cutadapt (but found this: >>>#!/bin/sh<<<)
Letting the (modified) Cutadapt deal with the Python version instead
pigz 2.6
Parallel gzip (pigz) detected. Proceeding with multicore (de)compression using 8 cores

igzip command line interface 2.30.0
igzip detected. Using igzip for decompressing

No quality encoding type selected. Assuming that the data provided uses Sanger encoded Phred scores (default)

Output will be written into the directory: /gpfs/projects/b1042/LauberthLab/BenFolder/rnaseqtrimmeddir/
Writing report to '/gpfs/projects/b1042/LauberthLab/BenFolder/rnaseqtrimmeddir/SRR5944079_1.fastq_trimming_report.txt'

SUMMARISING RUN PARAMETERS
==========================
Input filename: fastq_rnaseq/SRR5944079_1.fastq
Trimming mode: single-end
Trim Galore version: 0.6.10
Cutadapt version: 4.2
Python version: could not detect
Number of cores used for trimming: 8
Quality Phred score cutoff: 20
Quality encoding type selected: ASCII+33
Adapter sequence: 'AGATCGGAAGAGC' (Illumina TruSeq, Sanger iPCR; user defined)
Maximum trimming error rate: 0.1 (default)
Minimum required adapter overlap (stringency): 1 bp
Minimum required sequence length before a sequence gets removed: 20 bp

Cutadapt seems to be fairly up-to-date (version 4.2). Setting -j 8
Writing final adapter and quality trimmed output to SRR5944079_1_trimmed.fq


  >>> Now performing quality (cutoff '-q 20') and adapter trimming in a single pass for the adapter sequence: 'AGATCGGAAGAGC' from file fastq_rnaseq/SRR5944079_1.fastq <<< 
10000000 sequences processed
This is cutadapt 4.2 with Python 3.8.16
Command line parameters: -j 8 -e 0.1 -q 20 -O 1 -a AGATCGGAAGAGC fastq_rnaseq/SRR5944079_1.fastq
Processing single-end reads on 8 cores ...
Finished in 12.577 s (0.734 µs/read; 81.70 M reads/minute).

=== Summary ===

Total reads processed:              17,126,563
Reads with adapters:                 5,303,195 (31.0%)
Reads written (passing filters):    17,126,563 (100.0%)

Total basepairs processed:   856,328,150 bp
Quality-trimmed:                 240,810 bp (0.0%)
Total written (filtered):    848,657,160 bp (99.1%)

=== Adapter 1 ===

Sequence: AGATCGGAAGAGC; Type: regular 3'; Length: 13; Trimmed: 5303195 times

Minimum overlap: 1
No. of allowed errors:
1-9 bp: 0; 10-13 bp: 1

Bases preceding removed adapters:
  A: 26.9%
  C: 34.5%
  G: 21.6%
  T: 17.0%
  none/other: 0.0%

Overview of removed sequences
length	count	expect	max.err	error counts
1	3724465	4281640.8	0	3724465
2	1219085	1070410.2	0	1219085
3	279516	267602.5	0	279516
4	59752	66900.6	0	59752
5	13811	16725.2	0	13811
6	1462	4181.3	0	1462
7	754	1045.3	0	754
8	144	261.3	0	144
9	281	65.3	0	110 171
10	365	16.3	1	94 271
11	203	4.1	1	80 123
12	135	1.0	1	94 41
13	118	0.3	1	104 14
14	97	0.3	1	88 9
15	93	0.3	1	87 6
16	114	0.3	1	97 17
17	108	0.3	1	93 15
18	107	0.3	1	95 12
19	85	0.3	1	73 12
20	88	0.3	1	78 10
21	90	0.3	1	75 15
22	101	0.3	1	82 19
23	69	0.3	1	59 10
24	95	0.3	1	68 27
25	88	0.3	1	80 8
26	107	0.3	1	88 19
27	117	0.3	1	102 15
28	128	0.3	1	108 20
29	120	0.3	1	107 13
30	102	0.3	1	95 7
31	101	0.3	1	88 13
32	105	0.3	1	93 12
33	103	0.3	1	86 17
34	111	0.3	1	86 25
35	89	0.3	1	79 10
36	77	0.3	1	57 20
37	63	0.3	1	48 15
38	60	0.3	1	38 22
39	37	0.3	1	28 9
40	30	0.3	1	19 11
41	55	0.3	1	30 25
42	18	0.3	1	9 9
43	21	0.3	1	10 11
44	30	0.3	1	17 13
45	24	0.3	1	18 6
46	56	0.3	1	20 36
47	45	0.3	1	41 4
48	36	0.3	1	26 10
49	30	0.3	1	28 2
50	304	0.3	1	76 228

RUN STATISTICS FOR INPUT FILE: fastq_rnaseq/SRR5944079_1.fastq
=============================================
17126563 sequences processed in total
Sequences removed because they became shorter than the length cutoff of 20 bp:	1440 (0.0%)

Trimming SRR5944080_1.fastq
Path to Cutadapt set as: 'cutadapt' (default)
Cutadapt seems to be working fine (tested command 'cutadapt --version')
Cutadapt version: 4.2
Could not detect version of Python used by Cutadapt from the first line of Cutadapt (but found this: >>>#!/bin/sh<<<)
Letting the (modified) Cutadapt deal with the Python version instead
pigz 2.6
Parallel gzip (pigz) detected. Proceeding with multicore (de)compression using 8 cores

igzip command line interface 2.30.0
igzip detected. Using igzip for decompressing

No quality encoding type selected. Assuming that the data provided uses Sanger encoded Phred scores (default)

Output will be written into the directory: /gpfs/projects/b1042/LauberthLab/BenFolder/rnaseqtrimmeddir/
Writing report to '/gpfs/projects/b1042/LauberthLab/BenFolder/rnaseqtrimmeddir/SRR5944080_1.fastq_trimming_report.txt'

SUMMARISING RUN PARAMETERS
==========================
Input filename: fastq_rnaseq/SRR5944080_1.fastq
Trimming mode: single-end
Trim Galore version: 0.6.10
Cutadapt version: 4.2
Python version: could not detect
Number of cores used for trimming: 8
Quality Phred score cutoff: 20
Quality encoding type selected: ASCII+33
Adapter sequence: 'AGATCGGAAGAGC' (Illumina TruSeq, Sanger iPCR; user defined)
Maximum trimming error rate: 0.1 (default)
Minimum required adapter overlap (stringency): 1 bp
Minimum required sequence length before a sequence gets removed: 20 bp

Cutadapt seems to be fairly up-to-date (version 4.2). Setting -j 8
Writing final adapter and quality trimmed output to SRR5944080_1_trimmed.fq


  >>> Now performing quality (cutoff '-q 20') and adapter trimming in a single pass for the adapter sequence: 'AGATCGGAAGAGC' from file fastq_rnaseq/SRR5944080_1.fastq <<< 
10000000 sequences processed
This is cutadapt 4.2 with Python 3.8.16
Command line parameters: -j 8 -e 0.1 -q 20 -O 1 -a AGATCGGAAGAGC fastq_rnaseq/SRR5944080_1.fastq
Processing single-end reads on 8 cores ...
Finished in 8.467 s (0.736 µs/read; 81.52 M reads/minute).

=== Summary ===

Total reads processed:              11,504,911
Reads with adapters:                 3,533,843 (30.7%)
Reads written (passing filters):    11,504,911 (100.0%)

Total basepairs processed:   575,245,550 bp
Quality-trimmed:                 177,318 bp (0.0%)
Total written (filtered):    570,090,362 bp (99.1%)

=== Adapter 1 ===

Sequence: AGATCGGAAGAGC; Type: regular 3'; Length: 13; Trimmed: 3533843 times

Minimum overlap: 1
No. of allowed errors:
1-9 bp: 0; 10-13 bp: 1

Bases preceding removed adapters:
  A: 26.7%
  C: 34.9%
  G: 21.8%
  T: 16.6%
  none/other: 0.0%

Overview of removed sequences
length	count	expect	max.err	error counts
1	2478957	2876227.8	0	2478957
2	814411	719056.9	0	814411
3	185699	179764.2	0	185699
4	39749	44941.1	0	39749
5	9539	11235.3	0	9539
6	1090	2808.8	0	1090
7	513	702.2	0	513
8	154	175.6	0	154
9	219	43.9	0	90 129
10	289	11.0	1	101 188
11	177	2.7	1	95 82
12	127	0.7	1	87 40
13	98	0.2	1	90 8
14	82	0.2	1	77 5
15	86	0.2	1	80 6
16	87	0.2	1	75 12
17	89	0.2	1	80 9
18	75	0.2	1	66 9
19	83	0.2	1	71 12
20	96	0.2	1	87 9
21	83	0.2	1	76 7
22	79	0.2	1	72 7
23	85	0.2	1	70 15
24	103	0.2	1	82 21
25	101	0.2	1	97 4
26	88	0.2	1	81 7
27	92	0.2	1	82 10
28	94	0.2	1	87 7
29	97	0.2	1	88 9
30	104	0.2	1	102 2
31	112	0.2	1	103 9
32	112	0.2	1	93 19
33	109	0.2	1	91 18
34	98	0.2	1	75 23
35	73	0.2	1	60 13
36	70	0.2	1	60 10
37	66	0.2	1	59 7
38	57	0.2	1	52 5
39	44	0.2	1	32 12
40	39	0.2	1	28 11
41	40	0.2	1	26 14
42	23	0.2	1	9 14
43	28	0.2	1	18 10
44	31	0.2	1	22 9
45	22	0.2	1	16 6
46	35	0.2	1	17 18
47	49	0.2	1	47 2
48	37	0.2	1	28 9
49	23	0.2	1	20 3
50	229	0.2	1	79 150

RUN STATISTICS FOR INPUT FILE: fastq_rnaseq/SRR5944080_1.fastq
=============================================
11504911 sequences processed in total
Sequences removed because they became shorter than the length cutoff of 20 bp:	1336 (0.0%)

Trimming SRR5944081_1.fastq
Path to Cutadapt set as: 'cutadapt' (default)
Cutadapt seems to be working fine (tested command 'cutadapt --version')
Cutadapt version: 4.2
Could not detect version of Python used by Cutadapt from the first line of Cutadapt (but found this: >>>#!/bin/sh<<<)
Letting the (modified) Cutadapt deal with the Python version instead
pigz 2.6
Parallel gzip (pigz) detected. Proceeding with multicore (de)compression using 8 cores

igzip command line interface 2.30.0
igzip detected. Using igzip for decompressing

No quality encoding type selected. Assuming that the data provided uses Sanger encoded Phred scores (default)

Output will be written into the directory: /gpfs/projects/b1042/LauberthLab/BenFolder/rnaseqtrimmeddir/
Writing report to '/gpfs/projects/b1042/LauberthLab/BenFolder/rnaseqtrimmeddir/SRR5944081_1.fastq_trimming_report.txt'

SUMMARISING RUN PARAMETERS
==========================
Input filename: fastq_rnaseq/SRR5944081_1.fastq
Trimming mode: single-end
Trim Galore version: 0.6.10
Cutadapt version: 4.2
Python version: could not detect
Number of cores used for trimming: 8
Quality Phred score cutoff: 20
Quality encoding type selected: ASCII+33
Adapter sequence: 'AGATCGGAAGAGC' (Illumina TruSeq, Sanger iPCR; user defined)
Maximum trimming error rate: 0.1 (default)
Minimum required adapter overlap (stringency): 1 bp
Minimum required sequence length before a sequence gets removed: 20 bp

Cutadapt seems to be fairly up-to-date (version 4.2). Setting -j 8
Writing final adapter and quality trimmed output to SRR5944081_1_trimmed.fq


  >>> Now performing quality (cutoff '-q 20') and adapter trimming in a single pass for the adapter sequence: 'AGATCGGAAGAGC' from file fastq_rnaseq/SRR5944081_1.fastq <<< 
10000000 sequences processed
20000000 sequences processed
30000000 sequences processed
This is cutadapt 4.2 with Python 3.8.16
Command line parameters: -j 8 -e 0.1 -q 20 -O 1 -a AGATCGGAAGAGC fastq_rnaseq/SRR5944081_1.fastq
Processing single-end reads on 8 cores ...
Finished in 29.222 s (0.733 µs/read; 81.85 M reads/minute).

=== Summary ===

Total reads processed:              39,864,045
Reads with adapters:                14,672,508 (36.8%)
Reads written (passing filters):    39,864,045 (100.0%)

Total basepairs processed: 1,993,202,250 bp
Quality-trimmed:               1,903,299 bp (0.1%)
Total written (filtered):  1,970,833,642 bp (98.9%)

=== Adapter 1 ===

Sequence: AGATCGGAAGAGC; Type: regular 3'; Length: 13; Trimmed: 14672508 times

Minimum overlap: 1
No. of allowed errors:
1-9 bp: 0; 10-13 bp: 1

Bases preceding removed adapters:
  A: 33.9%
  C: 27.5%
  G: 16.4%
  T: 22.1%
  none/other: 0.0%

Overview of removed sequences
length	count	expect	max.err	error counts
1	10814669	9966011.2	0	10814669
2	2747921	2491502.8	0	2747921
3	864594	622875.7	0	864594
4	190192	155718.9	0	190192
5	33266	38929.7	0	33266
6	2730	9732.4	0	2730
7	449	2433.1	0	449
8	253	608.3	0	253
9	726	152.1	0	220 506
10	880	38.0	1	191 689
11	552	9.5	1	184 368
12	294	2.4	1	205 89
13	247	0.6	1	196 51
14	216	0.6	1	176 40
15	213	0.6	1	173 40
16	257	0.6	1	214 43
17	216	0.6	1	182 34
18	257	0.6	1	223 34
19	228	0.6	1	190 38
20	271	0.6	1	230 41
21	254	0.6	1	214 40
22	339	0.6	1	302 37
23	300	0.6	1	267 33
24	328	0.6	1	299 29
25	315	0.6	1	276 39
26	315	0.6	1	287 28
27	321	0.6	1	287 34
28	341	0.6	1	316 25
29	378	0.6	1	348 30
30	391	0.6	1	366 25
31	501	0.6	1	465 36
32	385	0.6	1	367 18
33	328	0.6	1	306 22
34	378	0.6	1	358 20
35	375	0.6	1	355 20
36	415	0.6	1	390 25
37	374	0.6	1	351 23
38	442	0.6	1	435 7
39	306	0.6	1	282 24
40	585	0.6	1	558 27
41	265	0.6	1	243 22
42	199	0.6	1	184 15
43	183	0.6	1	168 15
44	209	0.6	1	191 18
45	181	0.6	1	162 19
46	235	0.6	1	216 19
47	174	0.6	1	155 19
48	218	0.6	1	185 33
49	236	0.6	1	139 97
50	4806	0.6	1	237 4569

RUN STATISTICS FOR INPUT FILE: fastq_rnaseq/SRR5944081_1.fastq
=============================================
39864045 sequences processed in total
Sequences removed because they became shorter than the length cutoff of 20 bp:	11436 (0.0%)

Trimming SRR5944082_1.fastq
Path to Cutadapt set as: 'cutadapt' (default)
Cutadapt seems to be working fine (tested command 'cutadapt --version')
Cutadapt version: 4.2
Could not detect version of Python used by Cutadapt from the first line of Cutadapt (but found this: >>>#!/bin/sh<<<)
Letting the (modified) Cutadapt deal with the Python version instead
pigz 2.6
Parallel gzip (pigz) detected. Proceeding with multicore (de)compression using 8 cores

igzip command line interface 2.30.0
igzip detected. Using igzip for decompressing

No quality encoding type selected. Assuming that the data provided uses Sanger encoded Phred scores (default)

Output will be written into the directory: /gpfs/projects/b1042/LauberthLab/BenFolder/rnaseqtrimmeddir/
Writing report to '/gpfs/projects/b1042/LauberthLab/BenFolder/rnaseqtrimmeddir/SRR5944082_1.fastq_trimming_report.txt'

SUMMARISING RUN PARAMETERS
==========================
Input filename: fastq_rnaseq/SRR5944082_1.fastq
Trimming mode: single-end
Trim Galore version: 0.6.10
Cutadapt version: 4.2
Python version: could not detect
Number of cores used for trimming: 8
Quality Phred score cutoff: 20
Quality encoding type selected: ASCII+33
Adapter sequence: 'AGATCGGAAGAGC' (Illumina TruSeq, Sanger iPCR; user defined)
Maximum trimming error rate: 0.1 (default)
Minimum required adapter overlap (stringency): 1 bp
Minimum required sequence length before a sequence gets removed: 20 bp

Cutadapt seems to be fairly up-to-date (version 4.2). Setting -j 8
Writing final adapter and quality trimmed output to SRR5944082_1_trimmed.fq


  >>> Now performing quality (cutoff '-q 20') and adapter trimming in a single pass for the adapter sequence: 'AGATCGGAAGAGC' from file fastq_rnaseq/SRR5944082_1.fastq <<< 
10000000 sequences processed
20000000 sequences processed
30000000 sequences processed
This is cutadapt 4.2 with Python 3.8.16
Command line parameters: -j 8 -e 0.1 -q 20 -O 1 -a AGATCGGAAGAGC fastq_rnaseq/SRR5944082_1.fastq
Processing single-end reads on 8 cores ...
Finished in 26.330 s (0.741 µs/read; 80.93 M reads/minute).

=== Summary ===

Total reads processed:              35,516,180
Reads with adapters:                12,829,542 (36.1%)
Reads written (passing filters):    35,516,180 (100.0%)

Total basepairs processed: 1,775,809,000 bp
Quality-trimmed:               1,733,011 bp (0.1%)
Total written (filtered):  1,756,139,946 bp (98.9%)

=== Adapter 1 ===

Sequence: AGATCGGAAGAGC; Type: regular 3'; Length: 13; Trimmed: 12829542 times

Minimum overlap: 1
No. of allowed errors:
1-9 bp: 0; 10-13 bp: 1

Bases preceding removed adapters:
  A: 34.0%
  C: 27.5%
  G: 16.4%
  T: 22.1%
  none/other: 0.0%

Overview of removed sequences
length	count	expect	max.err	error counts
1	9461591	8879045.0	0	9461591
2	2397979	2219761.2	0	2397979
3	755720	554940.3	0	755720
4	164703	138735.1	0	164703
5	29452	34683.8	0	29452
6	2485	8670.9	0	2485
7	380	2167.7	0	380
8	220	541.9	0	220
9	650	135.5	0	200 450
10	780	33.9	1	168 612
11	459	8.5	1	178 281
12	255	2.1	1	170 85
13	226	0.5	1	178 48
14	162	0.5	1	135 27
15	203	0.5	1	162 41
16	205	0.5	1	181 24
17	200	0.5	1	167 33
18	221	0.5	1	191 30
19	173	0.5	1	148 25
20	224	0.5	1	197 27
21	215	0.5	1	186 29
22	252	0.5	1	229 23
23	254	0.5	1	221 33
24	268	0.5	1	249 19
25	265	0.5	1	243 22
26	285	0.5	1	261 24
27	286	0.5	1	261 25
28	303	0.5	1	274 29
29	356	0.5	1	330 26
30	325	0.5	1	297 28
31	385	0.5	1	365 20
32	314	0.5	1	287 27
33	303	0.5	1	292 11
34	331	0.5	1	319 12
35	356	0.5	1	338 18
36	340	0.5	1	326 14
37	312	0.5	1	291 21
38	351	0.5	1	335 16
39	253	0.5	1	232 21
40	485	0.5	1	468 17
41	194	0.5	1	181 13
42	152	0.5	1	142 10
43	241	0.5	1	231 10
44	142	0.5	1	126 16
45	151	0.5	1	135 16
46	197	0.5	1	176 21
47	146	0.5	1	134 12
48	170	0.5	1	142 28
49	164	0.5	1	96 68
50	5458	0.5	1	206 5252

RUN STATISTICS FOR INPUT FILE: fastq_rnaseq/SRR5944082_1.fastq
=============================================
35516180 sequences processed in total
Sequences removed because they became shorter than the length cutoff of 20 bp:	10954 (0.0%)

Running FastQC on 36 FASTQ files
Started analysis of SRR5944047_1_trimmed.fq
Started analysis of SRR5944048_1_trimmed.fq
Started analysis of SRR5944049_1_trimmed.fq
Started analysis of SRR5944050_1_trimmed.fq
Started analysis of SRR5944051_1_trimmed.fq
Started analysis of SRR5944052_1_trimmed.fq
Started analysis of SRR5944053_1_trimmed.fq
Approx 5% complete for SRR5944048_1_trimmed.fq
Started analysis of SRR5944054_1_trimmed.fq
Approx 5% complete for SRR5944051_1_trimmed.fq
Approx 5% complete for SRR5944049_1_trimmed.fq
Approx 5% complete for SRR5944047_1_trimmed.fq
Started analysis of SRR5944055_1_trimmed.fq
Approx 5% complete for SRR5944050_1_trimmed.fq
Started analysis of SRR5944056_1_trimmed.fq
Approx 5% complete for SRR5944052_1_trimmed.fq
Approx 10% complete for SRR5944051_1_trimmed.fq
Approx 5% complete for SRR5944053_1_trimmed.fq
Approx 10% complete for SRR5944048_1_trimmed.fq
Approx 10% complete for SRR5944049_1_trimmed.fq
Approx 15% complete for SRR5944051_1_trimmed.fq
Approx 10% complete for SRR5944050_1_trimmed.fq
Approx 10% complete for SRR5944052_1_trimmed.fq
Approx 10% complete for SRR5944053_1_trimmed.fq
Approx 5% complete for SRR5944055_1_trimmed.fq
Approx 10% complete for SRR5944047_1_trimmed.fq
Approx 5% complete for SRR5944056_1_trimmed.fq
Approx 5% complete for SRR5944054_1_trimmed.fq
Approx 20% complete for SRR5944051_1_trimmed.fq
Approx 15% complete for SRR5944048_1_trimmed.fq
Approx 15% complete for SRR5944049_1_trimmed.fq
Approx 15% complete for SRR5944052_1_trimmed.fq
Approx 15% complete for SRR5944053_1_trimmed.fq
Approx 15% complete for SRR5944050_1_trimmed.fq
Approx 25% complete for SRR5944051_1_trimmed.fq
Approx 10% complete for SRR5944056_1_trimmed.fq
Approx 10% complete for SRR5944055_1_trimmed.fq
Approx 15% complete for SRR5944047_1_trimmed.fq
Approx 30% complete for SRR5944051_1_trimmed.fq
Approx 20% complete for SRR5944049_1_trimmed.fq
Approx 20% complete for SRR5944048_1_trimmed.fq
Approx 20% complete for SRR5944052_1_trimmed.fq
Approx 20% complete for SRR5944053_1_trimmed.fq
Approx 10% complete for SRR5944054_1_trimmed.fq
Approx 20% complete for SRR5944050_1_trimmed.fq
Approx 35% complete for SRR5944051_1_trimmed.fq
Approx 15% complete for SRR5944056_1_trimmed.fq
Approx 25% complete for SRR5944053_1_trimmed.fq
Approx 25% complete for SRR5944052_1_trimmed.fq
Approx 15% complete for SRR5944055_1_trimmed.fq
Approx 25% complete for SRR5944049_1_trimmed.fq
Approx 25% complete for SRR5944048_1_trimmed.fq
Approx 40% complete for SRR5944051_1_trimmed.fq
Approx 20% complete for SRR5944047_1_trimmed.fq
Approx 25% complete for SRR5944050_1_trimmed.fq
Approx 15% complete for SRR5944054_1_trimmed.fq
Approx 45% complete for SRR5944051_1_trimmed.fq
Approx 30% complete for SRR5944053_1_trimmed.fq
Approx 30% complete for SRR5944052_1_trimmed.fq
Approx 30% complete for SRR5944049_1_trimmed.fq
Approx 20% complete for SRR5944056_1_trimmed.fq
Approx 30% complete for SRR5944048_1_trimmed.fq
Approx 20% complete for SRR5944055_1_trimmed.fq
Approx 50% complete for SRR5944051_1_trimmed.fq
Approx 30% complete for SRR5944050_1_trimmed.fq
Approx 35% complete for SRR5944053_1_trimmed.fq
Approx 35% complete for SRR5944052_1_trimmed.fq
Approx 25% complete for SRR5944047_1_trimmed.fq
Approx 55% complete for SRR5944051_1_trimmed.fq
Approx 35% complete for SRR5944049_1_trimmed.fq
Approx 20% complete for SRR5944054_1_trimmed.fq
Approx 35% complete for SRR5944048_1_trimmed.fq
Approx 25% complete for SRR5944056_1_trimmed.fq
Approx 40% complete for SRR5944053_1_trimmed.fq
Approx 35% complete for SRR5944050_1_trimmed.fq
Approx 60% complete for SRR5944051_1_trimmed.fq
Approx 40% complete for SRR5944052_1_trimmed.fq
Approx 25% complete for SRR5944055_1_trimmed.fq
Approx 40% complete for SRR5944049_1_trimmed.fq
Approx 65% complete for SRR5944051_1_trimmed.fq
Approx 30% complete for SRR5944047_1_trimmed.fq
Approx 45% complete for SRR5944053_1_trimmed.fq
Approx 40% complete for SRR5944048_1_trimmed.fq
Approx 45% complete for SRR5944052_1_trimmed.fq
Approx 40% complete for SRR5944050_1_trimmed.fq
Approx 30% complete for SRR5944056_1_trimmed.fq
Approx 70% complete for SRR5944051_1_trimmed.fq
Approx 25% complete for SRR5944054_1_trimmed.fq
Approx 30% complete for SRR5944055_1_trimmed.fq
Approx 45% complete for SRR5944049_1_trimmed.fq
Approx 50% complete for SRR5944053_1_trimmed.fq
Approx 75% complete for SRR5944051_1_trimmed.fq
Approx 50% complete for SRR5944052_1_trimmed.fq
Approx 45% complete for SRR5944048_1_trimmed.fq
Approx 45% complete for SRR5944050_1_trimmed.fq
Approx 35% complete for SRR5944047_1_trimmed.fq
Approx 35% complete for SRR5944056_1_trimmed.fq
Approx 80% complete for SRR5944051_1_trimmed.fq
Approx 55% complete for SRR5944053_1_trimmed.fq
Approx 50% complete for SRR5944049_1_trimmed.fq
Approx 55% complete for SRR5944052_1_trimmed.fq
Approx 35% complete for SRR5944055_1_trimmed.fq
Approx 30% complete for SRR5944054_1_trimmed.fq
Approx 50% complete for SRR5944048_1_trimmed.fq
Approx 85% complete for SRR5944051_1_trimmed.fq
Approx 50% complete for SRR5944050_1_trimmed.fq
Approx 60% complete for SRR5944053_1_trimmed.fq
Approx 40% complete for SRR5944056_1_trimmed.fq
Approx 40% complete for SRR5944047_1_trimmed.fq
Approx 55% complete for SRR5944049_1_trimmed.fq
Approx 60% complete for SRR5944052_1_trimmed.fq
Approx 90% complete for SRR5944051_1_trimmed.fq
Approx 55% complete for SRR5944048_1_trimmed.fq
Approx 40% complete for SRR5944055_1_trimmed.fq
Approx 55% complete for SRR5944050_1_trimmed.fq
Approx 65% complete for SRR5944053_1_trimmed.fq
Approx 95% complete for SRR5944051_1_trimmed.fq
Approx 65% complete for SRR5944052_1_trimmed.fq
Approx 35% complete for SRR5944054_1_trimmed.fq
Approx 60% complete for SRR5944049_1_trimmed.fq
Approx 45% complete for SRR5944056_1_trimmed.fq
Analysis complete for SRR5944051_1_trimmed.fq
Approx 45% complete for SRR5944047_1_trimmed.fq
Approx 70% complete for SRR5944053_1_trimmed.fq
Approx 60% complete for SRR5944048_1_trimmed.fq
Approx 60% complete for SRR5944050_1_trimmed.fq
Approx 70% complete for SRR5944052_1_trimmed.fq
Approx 45% complete for SRR5944055_1_trimmed.fq
Approx 65% complete for SRR5944049_1_trimmed.fq
Approx 75% complete for SRR5944053_1_trimmed.fq
Approx 50% complete for SRR5944056_1_trimmed.fq
Started analysis of SRR5944057_1_trimmed.fq
Approx 40% complete for SRR5944054_1_trimmed.fq
Approx 65% complete for SRR5944048_1_trimmed.fq
Approx 65% complete for SRR5944050_1_trimmed.fq
Approx 75% complete for SRR5944052_1_trimmed.fq
Approx 50% complete for SRR5944047_1_trimmed.fq
Approx 70% complete for SRR5944049_1_trimmed.fq
Approx 80% complete for SRR5944053_1_trimmed.fq
Approx 50% complete for SRR5944055_1_trimmed.fq
Approx 5% complete for SRR5944057_1_trimmed.fq
Approx 55% complete for SRR5944056_1_trimmed.fq
Approx 80% complete for SRR5944052_1_trimmed.fq
Approx 70% complete for SRR5944050_1_trimmed.fq
Approx 70% complete for SRR5944048_1_trimmed.fq
Approx 85% complete for SRR5944053_1_trimmed.fq
Approx 75% complete for SRR5944049_1_trimmed.fq
Approx 45% complete for SRR5944054_1_trimmed.fq
Approx 55% complete for SRR5944047_1_trimmed.fq
Approx 10% complete for SRR5944057_1_trimmed.fq
Approx 85% complete for SRR5944052_1_trimmed.fq
Approx 55% complete for SRR5944055_1_trimmed.fq
Approx 75% complete for SRR5944050_1_trimmed.fq
Approx 60% complete for SRR5944056_1_trimmed.fq
Approx 75% complete for SRR5944048_1_trimmed.fq
Approx 90% complete for SRR5944053_1_trimmed.fq
Approx 80% complete for SRR5944049_1_trimmed.fq
Approx 15% complete for SRR5944057_1_trimmed.fq
Approx 90% complete for SRR5944052_1_trimmed.fq
Approx 95% complete for SRR5944053_1_trimmed.fq
Approx 50% complete for SRR5944054_1_trimmed.fq
Approx 80% complete for SRR5944050_1_trimmed.fq
Approx 60% complete for SRR5944047_1_trimmed.fq
Approx 60% complete for SRR5944055_1_trimmed.fq
Approx 80% complete for SRR5944048_1_trimmed.fq
Approx 65% complete for SRR5944056_1_trimmed.fq
Approx 85% complete for SRR5944049_1_trimmed.fq
Approx 95% complete for SRR5944052_1_trimmed.fq
Approx 20% complete for SRR5944057_1_trimmed.fq
Analysis complete for SRR5944053_1_trimmed.fq
Approx 85% complete for SRR5944050_1_trimmed.fq
Approx 85% complete for SRR5944048_1_trimmed.fq
Started analysis of SRR5944058_1_trimmed.fq
Approx 90% complete for SRR5944049_1_trimmed.fq
Analysis complete for SRR5944052_1_trimmed.fq
Approx 65% complete for SRR5944055_1_trimmed.fq
Approx 70% complete for SRR5944056_1_trimmed.fq
Approx 65% complete for SRR5944047_1_trimmed.fq
Approx 25% complete for SRR5944057_1_trimmed.fq
Approx 55% complete for SRR5944054_1_trimmed.fq
Approx 90% complete for SRR5944050_1_trimmed.fq
Started analysis of SRR5944059_1_trimmed.fq
Approx 95% complete for SRR5944049_1_trimmed.fq
Approx 90% complete for SRR5944048_1_trimmed.fq
Approx 30% complete for SRR5944057_1_trimmed.fq
Approx 75% complete for SRR5944056_1_trimmed.fq
Approx 70% complete for SRR5944055_1_trimmed.fq
Approx 5% complete for SRR5944058_1_trimmed.fq
Approx 70% complete for SRR5944047_1_trimmed.fq
Approx 95% complete for SRR5944050_1_trimmed.fq
Approx 60% complete for SRR5944054_1_trimmed.fq
Analysis complete for SRR5944049_1_trimmed.fq
Approx 5% complete for SRR5944059_1_trimmed.fq
Approx 95% complete for SRR5944048_1_trimmed.fq
Approx 35% complete for SRR5944057_1_trimmed.fq
Approx 80% complete for SRR5944056_1_trimmed.fq
Approx 75% complete for SRR5944055_1_trimmed.fq
Started analysis of SRR5944060_1_trimmed.fq
Analysis complete for SRR5944050_1_trimmed.fq
Approx 75% complete for SRR5944047_1_trimmed.fq
Analysis complete for SRR5944048_1_trimmed.fq
Approx 10% complete for SRR5944059_1_trimmed.fq
Approx 40% complete for SRR5944057_1_trimmed.fq
Approx 10% complete for SRR5944058_1_trimmed.fq
Approx 65% complete for SRR5944054_1_trimmed.fq
Approx 85% complete for SRR5944056_1_trimmed.fq
Started analysis of SRR5944061_1_trimmed.fq
Approx 80% complete for SRR5944055_1_trimmed.fq
Started analysis of SRR5944062_1_trimmed.fq
Approx 45% complete for SRR5944057_1_trimmed.fq
Approx 5% complete for SRR5944061_1_trimmed.fq
Approx 15% complete for SRR5944059_1_trimmed.fq
Approx 80% complete for SRR5944047_1_trimmed.fq
Approx 10% complete for SRR5944061_1_trimmed.fq
Approx 90% complete for SRR5944056_1_trimmed.fq
Approx 15% complete for SRR5944058_1_trimmed.fq
Approx 70% complete for SRR5944054_1_trimmed.fq
Approx 50% complete for SRR5944057_1_trimmed.fq
Approx 85% complete for SRR5944055_1_trimmed.fq
Approx 15% complete for SRR5944061_1_trimmed.fq
Approx 20% complete for SRR5944059_1_trimmed.fq
Approx 5% complete for SRR5944062_1_trimmed.fq
Approx 5% complete for SRR5944060_1_trimmed.fq
Approx 20% complete for SRR5944061_1_trimmed.fq
Approx 85% complete for SRR5944047_1_trimmed.fq
Approx 95% complete for SRR5944056_1_trimmed.fq
Approx 55% complete for SRR5944057_1_trimmed.fq
Approx 25% complete for SRR5944061_1_trimmed.fq
Approx 75% complete for SRR5944054_1_trimmed.fq
Approx 20% complete for SRR5944058_1_trimmed.fq
Approx 90% complete for SRR5944055_1_trimmed.fq
Approx 25% complete for SRR5944059_1_trimmed.fq
Approx 30% complete for SRR5944061_1_trimmed.fq
Approx 60% complete for SRR5944057_1_trimmed.fq
Analysis complete for SRR5944056_1_trimmed.fq
Approx 10% complete for SRR5944062_1_trimmed.fq
Approx 35% complete for SRR5944061_1_trimmed.fq
Approx 90% complete for SRR5944047_1_trimmed.fq
Started analysis of SRR5944063_1_trimmed.fq
Approx 95% complete for SRR5944055_1_trimmed.fq
Approx 30% complete for SRR5944059_1_trimmed.fq
Approx 40% complete for SRR5944061_1_trimmed.fq
Approx 80% complete for SRR5944054_1_trimmed.fq
Approx 65% complete for SRR5944057_1_trimmed.fq
Approx 25% complete for SRR5944058_1_trimmed.fq
Approx 45% complete for SRR5944061_1_trimmed.fq
Approx 10% complete for SRR5944060_1_trimmed.fq
Approx 95% complete for SRR5944047_1_trimmed.fq
Approx 15% complete for SRR5944062_1_trimmed.fq
Approx 50% complete for SRR5944061_1_trimmed.fq
Approx 35% complete for SRR5944059_1_trimmed.fq
Approx 70% complete for SRR5944057_1_trimmed.fq
Analysis complete for SRR5944055_1_trimmed.fq
Started analysis of SRR5944064_1_trimmed.fq
Approx 55% complete for SRR5944061_1_trimmed.fq
Approx 85% complete for SRR5944054_1_trimmed.fq
Approx 30% complete for SRR5944058_1_trimmed.fq
Approx 5% complete for SRR5944063_1_trimmed.fq
Approx 75% complete for SRR5944057_1_trimmed.fq
Approx 60% complete for SRR5944061_1_trimmed.fq
Approx 5% complete for SRR5944064_1_trimmed.fq
Approx 40% complete for SRR5944059_1_trimmed.fq
Analysis complete for SRR5944047_1_trimmed.fq
Approx 20% complete for SRR5944062_1_trimmed.fq
Approx 65% complete for SRR5944061_1_trimmed.fq
Approx 10% complete for SRR5944064_1_trimmed.fq
Approx 80% complete for SRR5944057_1_trimmed.fq
Approx 70% complete for SRR5944061_1_trimmed.fq
Approx 90% complete for SRR5944054_1_trimmed.fq
Started analysis of SRR5944065_1_trimmed.fq
Approx 15% complete for SRR5944064_1_trimmed.fq
Approx 45% complete for SRR5944059_1_trimmed.fq
Approx 35% complete for SRR5944058_1_trimmed.fq
Approx 15% complete for SRR5944060_1_trimmed.fq
Approx 75% complete for SRR5944061_1_trimmed.fq
Approx 20% complete for SRR5944064_1_trimmed.fq
Approx 85% complete for SRR5944057_1_trimmed.fq
Approx 25% complete for SRR5944062_1_trimmed.fq
Approx 80% complete for SRR5944061_1_trimmed.fq
Approx 10% complete for SRR5944063_1_trimmed.fq
Approx 25% complete for SRR5944064_1_trimmed.fq
Approx 50% complete for SRR5944059_1_trimmed.fq
Approx 85% complete for SRR5944061_1_trimmed.fq
Approx 5% complete for SRR5944065_1_trimmed.fq
Approx 95% complete for SRR5944054_1_trimmed.fq
Approx 90% complete for SRR5944057_1_trimmed.fq
Approx 40% complete for SRR5944058_1_trimmed.fq
Approx 30% complete for SRR5944064_1_trimmed.fq
Approx 90% complete for SRR5944061_1_trimmed.fq
Approx 35% complete for SRR5944064_1_trimmed.fq
Approx 30% complete for SRR5944062_1_trimmed.fq
Approx 55% complete for SRR5944059_1_trimmed.fq
Approx 95% complete for SRR5944061_1_trimmed.fq
Approx 95% complete for SRR5944057_1_trimmed.fq
Approx 10% complete for SRR5944065_1_trimmed.fq
Approx 40% complete for SRR5944064_1_trimmed.fq
Analysis complete for SRR5944061_1_trimmed.fq
Analysis complete for SRR5944054_1_trimmed.fq
Approx 15% complete for SRR5944063_1_trimmed.fq
Approx 20% complete for SRR5944060_1_trimmed.fq
Started analysis of SRR5944066_1_trimmed.fq
Approx 45% complete for SRR5944058_1_trimmed.fq
Approx 45% complete for SRR5944064_1_trimmed.fq
Started analysis of SRR5944067_1_trimmed.fq
Approx 60% complete for SRR5944059_1_trimmed.fq
Analysis complete for SRR5944057_1_trimmed.fq
Started analysis of SRR5944068_1_trimmed.fq
Approx 35% complete for SRR5944062_1_trimmed.fq
Approx 5% complete for SRR5944067_1_trimmed.fq
Approx 50% complete for SRR5944064_1_trimmed.fq
Approx 15% complete for SRR5944065_1_trimmed.fq
Approx 10% complete for SRR5944067_1_trimmed.fq
Approx 55% complete for SRR5944064_1_trimmed.fq
Approx 65% complete for SRR5944059_1_trimmed.fq
Approx 15% complete for SRR5944067_1_trimmed.fq
Approx 50% complete for SRR5944058_1_trimmed.fq
Approx 20% complete for SRR5944067_1_trimmed.fq
Approx 60% complete for SRR5944064_1_trimmed.fq
Approx 40% complete for SRR5944062_1_trimmed.fq
Approx 20% complete for SRR5944063_1_trimmed.fq
Approx 5% complete for SRR5944066_1_trimmed.fq
Approx 25% complete for SRR5944067_1_trimmed.fq
Approx 20% complete for SRR5944065_1_trimmed.fq
Approx 70% complete for SRR5944059_1_trimmed.fq
Approx 65% complete for SRR5944064_1_trimmed.fq
Approx 30% complete for SRR5944067_1_trimmed.fq
Approx 5% complete for SRR5944068_1_trimmed.fq
Approx 25% complete for SRR5944060_1_trimmed.fq
Approx 70% complete for SRR5944064_1_trimmed.fq
Approx 35% complete for SRR5944067_1_trimmed.fq
Approx 55% complete for SRR5944058_1_trimmed.fq
Approx 40% complete for SRR5944067_1_trimmed.fq
Approx 75% complete for SRR5944059_1_trimmed.fq
Approx 75% complete for SRR5944064_1_trimmed.fq
Approx 45% complete for SRR5944062_1_trimmed.fq
Approx 25% complete for SRR5944065_1_trimmed.fq
Approx 45% complete for SRR5944067_1_trimmed.fq
Approx 80% complete for SRR5944064_1_trimmed.fq
Approx 50% complete for SRR5944067_1_trimmed.fq
Approx 25% complete for SRR5944063_1_trimmed.fq
Approx 10% complete for SRR5944066_1_trimmed.fq
Approx 80% complete for SRR5944059_1_trimmed.fq
Approx 60% complete for SRR5944058_1_trimmed.fq
Approx 85% complete for SRR5944064_1_trimmed.fq
Approx 55% complete for SRR5944067_1_trimmed.fq
Approx 10% complete for SRR5944068_1_trimmed.fq
Approx 60% complete for SRR5944067_1_trimmed.fq
Approx 50% complete for SRR5944062_1_trimmed.fq
Approx 30% complete for SRR5944065_1_trimmed.fq
Approx 90% complete for SRR5944064_1_trimmed.fq
Approx 65% complete for SRR5944067_1_trimmed.fq
Approx 30% complete for SRR5944060_1_trimmed.fq
Approx 85% complete for SRR5944059_1_trimmed.fq
Approx 95% complete for SRR5944064_1_trimmed.fq
Approx 70% complete for SRR5944067_1_trimmed.fq
Approx 65% complete for SRR5944058_1_trimmed.fq
Approx 75% complete for SRR5944067_1_trimmed.fq
Analysis complete for SRR5944064_1_trimmed.fq
Approx 30% complete for SRR5944063_1_trimmed.fq
Approx 35% complete for SRR5944065_1_trimmed.fq
Approx 55% complete for SRR5944062_1_trimmed.fq
Approx 15% complete for SRR5944066_1_trimmed.fq
Approx 80% complete for SRR5944067_1_trimmed.fq
Started analysis of SRR5944069_1_trimmed.fq
Approx 90% complete for SRR5944059_1_trimmed.fq
Approx 15% complete for SRR5944068_1_trimmed.fq
Approx 85% complete for SRR5944067_1_trimmed.fq
Approx 90% complete for SRR5944067_1_trimmed.fq
Approx 70% complete for SRR5944058_1_trimmed.fq
Approx 40% complete for SRR5944065_1_trimmed.fq
Approx 95% complete for SRR5944059_1_trimmed.fq
Approx 95% complete for SRR5944067_1_trimmed.fq
Approx 60% complete for SRR5944062_1_trimmed.fq
Approx 5% complete for SRR5944069_1_trimmed.fq
Approx 35% complete for SRR5944060_1_trimmed.fq
Analysis complete for SRR5944067_1_trimmed.fq
Approx 35% complete for SRR5944063_1_trimmed.fq
Started analysis of SRR5944070_1_trimmed.fq
Approx 20% complete for SRR5944066_1_trimmed.fq
Approx 20% complete for SRR5944068_1_trimmed.fq
Analysis complete for SRR5944059_1_trimmed.fq
Approx 5% complete for SRR5944070_1_trimmed.fq
Approx 75% complete for SRR5944058_1_trimmed.fq
Approx 45% complete for SRR5944065_1_trimmed.fq
Started analysis of SRR5944071_1_trimmed.fq
Approx 10% complete for SRR5944070_1_trimmed.fq
Approx 65% complete for SRR5944062_1_trimmed.fq
Approx 10% complete for SRR5944069_1_trimmed.fq
Approx 15% complete for SRR5944070_1_trimmed.fq
Approx 20% complete for SRR5944070_1_trimmed.fq
Approx 25% complete for SRR5944070_1_trimmed.fq
Approx 50% complete for SRR5944065_1_trimmed.fq
Approx 40% complete for SRR5944063_1_trimmed.fq
Approx 80% complete for SRR5944058_1_trimmed.fq
Approx 30% complete for SRR5944070_1_trimmed.fq
Approx 5% complete for SRR5944071_1_trimmed.fq
Approx 25% complete for SRR5944066_1_trimmed.fq
Approx 40% complete for SRR5944060_1_trimmed.fq
Approx 25% complete for SRR5944068_1_trimmed.fq
Approx 70% complete for SRR5944062_1_trimmed.fq
Approx 35% complete for SRR5944070_1_trimmed.fq
Approx 15% complete for SRR5944069_1_trimmed.fq
Approx 40% complete for SRR5944070_1_trimmed.fq
Approx 45% complete for SRR5944070_1_trimmed.fq
Approx 55% complete for SRR5944065_1_trimmed.fq
Approx 50% complete for SRR5944070_1_trimmed.fq
Approx 85% complete for SRR5944058_1_trimmed.fq
Approx 10% complete for SRR5944071_1_trimmed.fq
Approx 55% complete for SRR5944070_1_trimmed.fq
Approx 75% complete for SRR5944062_1_trimmed.fq
Approx 20% complete for SRR5944069_1_trimmed.fq
Approx 60% complete for SRR5944070_1_trimmed.fq
Approx 45% complete for SRR5944063_1_trimmed.fq
Approx 30% complete for SRR5944068_1_trimmed.fq
Approx 65% complete for SRR5944070_1_trimmed.fq
Approx 30% complete for SRR5944066_1_trimmed.fq
Approx 60% complete for SRR5944065_1_trimmed.fq
Approx 70% complete for SRR5944070_1_trimmed.fq
Approx 75% complete for SRR5944070_1_trimmed.fq
Approx 15% complete for SRR5944071_1_trimmed.fq
Approx 45% complete for SRR5944060_1_trimmed.fq
Approx 90% complete for SRR5944058_1_trimmed.fq
Approx 80% complete for SRR5944062_1_trimmed.fq
Approx 80% complete for SRR5944070_1_trimmed.fq
Approx 25% complete for SRR5944069_1_trimmed.fq
Approx 85% complete for SRR5944070_1_trimmed.fq
Approx 65% complete for SRR5944065_1_trimmed.fq
Approx 90% complete for SRR5944070_1_trimmed.fq
Approx 50% complete for SRR5944063_1_trimmed.fq
Approx 95% complete for SRR5944070_1_trimmed.fq
Approx 35% complete for SRR5944068_1_trimmed.fq
Approx 20% complete for SRR5944071_1_trimmed.fq
Approx 35% complete for SRR5944066_1_trimmed.fq
Approx 95% complete for SRR5944058_1_trimmed.fq
Analysis complete for SRR5944070_1_trimmed.fq
Approx 85% complete for SRR5944062_1_trimmed.fq
Started analysis of SRR5944072_1_trimmed.fq
Approx 30% complete for SRR5944069_1_trimmed.fq
Approx 70% complete for SRR5944065_1_trimmed.fq
Approx 50% complete for SRR5944060_1_trimmed.fq
Approx 25% complete for SRR5944071_1_trimmed.fq
Analysis complete for SRR5944058_1_trimmed.fq
Approx 90% complete for SRR5944062_1_trimmed.fq
Approx 55% complete for SRR5944063_1_trimmed.fq
Approx 35% complete for SRR5944069_1_trimmed.fq
Approx 40% complete for SRR5944068_1_trimmed.fq
Approx 5% complete for SRR5944072_1_trimmed.fq
Approx 75% complete for SRR5944065_1_trimmed.fq
Started analysis of SRR5944073_1_trimmed.fq
Approx 40% complete for SRR5944066_1_trimmed.fq
Approx 30% complete for SRR5944071_1_trimmed.fq
Approx 95% complete for SRR5944062_1_trimmed.fq
Approx 5% complete for SRR5944073_1_trimmed.fq
Approx 40% complete for SRR5944069_1_trimmed.fq
Approx 80% complete for SRR5944065_1_trimmed.fq
Approx 10% complete for SRR5944072_1_trimmed.fq
Approx 55% complete for SRR5944060_1_trimmed.fq
Approx 45% complete for SRR5944068_1_trimmed.fq
Approx 60% complete for SRR5944063_1_trimmed.fq
Approx 35% complete for SRR5944071_1_trimmed.fq
Approx 45% complete for SRR5944066_1_trimmed.fq
Approx 10% complete for SRR5944073_1_trimmed.fq
Analysis complete for SRR5944062_1_trimmed.fq
Approx 85% complete for SRR5944065_1_trimmed.fq
Approx 45% complete for SRR5944069_1_trimmed.fq
Started analysis of SRR5944074_1_trimmed.fq
Approx 15% complete for SRR5944072_1_trimmed.fq
Approx 5% complete for SRR5944074_1_trimmed.fq
Approx 15% complete for SRR5944073_1_trimmed.fq
Approx 40% complete for SRR5944071_1_trimmed.fq
Approx 50% complete for SRR5944068_1_trimmed.fq
Approx 10% complete for SRR5944074_1_trimmed.fq
Approx 65% complete for SRR5944063_1_trimmed.fq
Approx 90% complete for SRR5944065_1_trimmed.fq
Approx 50% complete for SRR5944069_1_trimmed.fq
Approx 50% complete for SRR5944066_1_trimmed.fq
Approx 15% complete for SRR5944074_1_trimmed.fq
Approx 20% complete for SRR5944073_1_trimmed.fq
Approx 60% complete for SRR5944060_1_trimmed.fq
Approx 20% complete for SRR5944072_1_trimmed.fq
Approx 45% complete for SRR5944071_1_trimmed.fq
Approx 20% complete for SRR5944074_1_trimmed.fq
Approx 95% complete for SRR5944065_1_trimmed.fq
Approx 25% complete for SRR5944074_1_trimmed.fq
Approx 25% complete for SRR5944073_1_trimmed.fq
Approx 55% complete for SRR5944069_1_trimmed.fq
Approx 55% complete for SRR5944068_1_trimmed.fq
Approx 30% complete for SRR5944074_1_trimmed.fq
Approx 70% complete for SRR5944063_1_trimmed.fq
Approx 25% complete for SRR5944072_1_trimmed.fq
Approx 50% complete for SRR5944071_1_trimmed.fq
Approx 55% complete for SRR5944066_1_trimmed.fq
Approx 35% complete for SRR5944074_1_trimmed.fq
Analysis complete for SRR5944065_1_trimmed.fq
Approx 30% complete for SRR5944073_1_trimmed.fq
Approx 40% complete for SRR5944074_1_trimmed.fq
Approx 60% complete for SRR5944069_1_trimmed.fq
Started analysis of SRR5944075_1_trimmed.fq
Approx 65% complete for SRR5944060_1_trimmed.fq
Approx 45% complete for SRR5944074_1_trimmed.fq
Approx 55% complete for SRR5944071_1_trimmed.fq
Approx 30% complete for SRR5944072_1_trimmed.fq
Approx 35% complete for SRR5944073_1_trimmed.fq
Approx 60% complete for SRR5944068_1_trimmed.fq
Approx 5% complete for SRR5944075_1_trimmed.fq
Approx 50% complete for SRR5944074_1_trimmed.fq
Approx 75% complete for SRR5944063_1_trimmed.fq
Approx 65% complete for SRR5944069_1_trimmed.fq
Approx 60% complete for SRR5944066_1_trimmed.fq
Approx 55% complete for SRR5944074_1_trimmed.fq
Approx 10% complete for SRR5944075_1_trimmed.fq
Approx 40% complete for SRR5944073_1_trimmed.fq
Approx 60% complete for SRR5944071_1_trimmed.fq
Approx 60% complete for SRR5944074_1_trimmed.fq
Approx 35% complete for SRR5944072_1_trimmed.fq
Approx 65% complete for SRR5944074_1_trimmed.fq
Approx 15% complete for SRR5944075_1_trimmed.fq
Approx 65% complete for SRR5944068_1_trimmed.fq
Approx 70% complete for SRR5944060_1_trimmed.fq
Approx 70% complete for SRR5944069_1_trimmed.fq
Approx 45% complete for SRR5944073_1_trimmed.fq
Approx 70% complete for SRR5944074_1_trimmed.fq
Approx 80% complete for SRR5944063_1_trimmed.fq
Approx 65% complete for SRR5944071_1_trimmed.fq
Approx 20% complete for SRR5944075_1_trimmed.fq
Approx 65% complete for SRR5944066_1_trimmed.fq
Approx 75% complete for SRR5944074_1_trimmed.fq
Approx 40% complete for SRR5944072_1_trimmed.fq
Approx 80% complete for SRR5944074_1_trimmed.fq
Approx 50% complete for SRR5944073_1_trimmed.fq
Approx 25% complete for SRR5944075_1_trimmed.fq
Approx 75% complete for SRR5944069_1_trimmed.fq
Approx 85% complete for SRR5944074_1_trimmed.fq
Approx 70% complete for SRR5944071_1_trimmed.fq
Approx 70% complete for SRR5944068_1_trimmed.fq
Approx 30% complete for SRR5944075_1_trimmed.fq
Approx 90% complete for SRR5944074_1_trimmed.fq
Approx 55% complete for SRR5944073_1_trimmed.fq
Approx 85% complete for SRR5944063_1_trimmed.fq
Approx 45% complete for SRR5944072_1_trimmed.fq
Approx 75% complete for SRR5944060_1_trimmed.fq
Approx 95% complete for SRR5944074_1_trimmed.fq
Approx 70% complete for SRR5944066_1_trimmed.fq
Approx 80% complete for SRR5944069_1_trimmed.fq
Approx 35% complete for SRR5944075_1_trimmed.fq
Approx 75% complete for SRR5944071_1_trimmed.fq
Analysis complete for SRR5944074_1_trimmed.fq
Approx 60% complete for SRR5944073_1_trimmed.fq
Started analysis of SRR5944076_1_trimmed.fq
Approx 40% complete for SRR5944075_1_trimmed.fq
Approx 50% complete for SRR5944072_1_trimmed.fq
Approx 75% complete for SRR5944068_1_trimmed.fq
Approx 85% complete for SRR5944069_1_trimmed.fq
Approx 5% complete for SRR5944076_1_trimmed.fq
Approx 90% complete for SRR5944063_1_trimmed.fq
Approx 65% complete for SRR5944073_1_trimmed.fq
Approx 80% complete for SRR5944071_1_trimmed.fq
Approx 45% complete for SRR5944075_1_trimmed.fq
Approx 75% complete for SRR5944066_1_trimmed.fq
Approx 10% complete for SRR5944076_1_trimmed.fq
Approx 80% complete for SRR5944060_1_trimmed.fq
Approx 55% complete for SRR5944072_1_trimmed.fq
Approx 15% complete for SRR5944076_1_trimmed.fq
Approx 50% complete for SRR5944075_1_trimmed.fq
Approx 70% complete for SRR5944073_1_trimmed.fq
Approx 90% complete for SRR5944069_1_trimmed.fq
Approx 80% complete for SRR5944068_1_trimmed.fq
Approx 20% complete for SRR5944076_1_trimmed.fq
Approx 85% complete for SRR5944071_1_trimmed.fq
Approx 55% complete for SRR5944075_1_trimmed.fq
Approx 95% complete for SRR5944063_1_trimmed.fq
Approx 25% complete for SRR5944076_1_trimmed.fq
Approx 75% complete for SRR5944073_1_trimmed.fq
Approx 80% complete for SRR5944066_1_trimmed.fq
Approx 60% complete for SRR5944072_1_trimmed.fq
Approx 30% complete for SRR5944076_1_trimmed.fq
Approx 60% complete for SRR5944075_1_trimmed.fq
Approx 95% complete for SRR5944069_1_trimmed.fq
Approx 90% complete for SRR5944071_1_trimmed.fq
Approx 35% complete for SRR5944076_1_trimmed.fq
Approx 80% complete for SRR5944073_1_trimmed.fq
Approx 85% complete for SRR5944068_1_trimmed.fq
Approx 65% complete for SRR5944075_1_trimmed.fq
Approx 85% complete for SRR5944060_1_trimmed.fq
Approx 40% complete for SRR5944076_1_trimmed.fq
Approx 65% complete for SRR5944072_1_trimmed.fq
Analysis complete for SRR5944069_1_trimmed.fq
Analysis complete for SRR5944063_1_trimmed.fq
Approx 45% complete for SRR5944076_1_trimmed.fq
Approx 70% complete for SRR5944075_1_trimmed.fq
Approx 95% complete for SRR5944071_1_trimmed.fq
Approx 85% complete for SRR5944073_1_trimmed.fq
Started analysis of SRR5944077_1_trimmed.fq
Approx 85% complete for SRR5944066_1_trimmed.fq
Started analysis of SRR5944078_1_trimmed.fq
Approx 50% complete for SRR5944076_1_trimmed.fq
Approx 75% complete for SRR5944075_1_trimmed.fq
Approx 5% complete for SRR5944078_1_trimmed.fq
Approx 55% complete for SRR5944076_1_trimmed.fq
Approx 90% complete for SRR5944068_1_trimmed.fq
Approx 90% complete for SRR5944073_1_trimmed.fq
Approx 70% complete for SRR5944072_1_trimmed.fq
Analysis complete for SRR5944071_1_trimmed.fq
Approx 5% complete for SRR5944077_1_trimmed.fq
Approx 10% complete for SRR5944078_1_trimmed.fq
Approx 60% complete for SRR5944076_1_trimmed.fq
Approx 80% complete for SRR5944075_1_trimmed.fq
Started analysis of SRR5944079_1_trimmed.fq
Approx 90% complete for SRR5944060_1_trimmed.fq
Approx 15% complete for SRR5944078_1_trimmed.fq
Approx 65% complete for SRR5944076_1_trimmed.fq
Approx 95% complete for SRR5944073_1_trimmed.fq
Approx 90% complete for SRR5944066_1_trimmed.fq
Approx 85% complete for SRR5944075_1_trimmed.fq
Approx 10% complete for SRR5944077_1_trimmed.fq
Approx 20% complete for SRR5944078_1_trimmed.fq
Approx 70% complete for SRR5944076_1_trimmed.fq
Approx 5% complete for SRR5944079_1_trimmed.fq
Approx 75% complete for SRR5944072_1_trimmed.fq
Approx 95% complete for SRR5944068_1_trimmed.fq
Approx 25% complete for SRR5944078_1_trimmed.fq
Approx 75% complete for SRR5944076_1_trimmed.fq
Approx 90% complete for SRR5944075_1_trimmed.fq
Analysis complete for SRR5944073_1_trimmed.fq
Approx 15% complete for SRR5944077_1_trimmed.fq
Approx 10% complete for SRR5944079_1_trimmed.fq
Approx 30% complete for SRR5944078_1_trimmed.fq
Approx 80% complete for SRR5944076_1_trimmed.fq
Approx 95% complete for SRR5944075_1_trimmed.fq
Started analysis of SRR5944080_1_trimmed.fq
Approx 35% complete for SRR5944078_1_trimmed.fq
Approx 80% complete for SRR5944072_1_trimmed.fq
Approx 85% complete for SRR5944076_1_trimmed.fq
Approx 95% complete for SRR5944066_1_trimmed.fq
Approx 95% complete for SRR5944060_1_trimmed.fq
Approx 15% complete for SRR5944079_1_trimmed.fq
Approx 20% complete for SRR5944077_1_trimmed.fq
Approx 40% complete for SRR5944078_1_trimmed.fq
Approx 5% complete for SRR5944080_1_trimmed.fq
Approx 90% complete for SRR5944076_1_trimmed.fq
Analysis complete for SRR5944075_1_trimmed.fq
Analysis complete for SRR5944068_1_trimmed.fq
Approx 45% complete for SRR5944078_1_trimmed.fq
Approx 95% complete for SRR5944076_1_trimmed.fq
Approx 10% complete for SRR5944080_1_trimmed.fq
Approx 20% complete for SRR5944079_1_trimmed.fq
Started analysis of SRR5944081_1_trimmed.fq
Started analysis of SRR5944082_1_trimmed.fq
Approx 25% complete for SRR5944077_1_trimmed.fq
Approx 85% complete for SRR5944072_1_trimmed.fq
Approx 50% complete for SRR5944078_1_trimmed.fq
Analysis complete for SRR5944076_1_trimmed.fq
Approx 15% complete for SRR5944080_1_trimmed.fq
Approx 55% complete for SRR5944078_1_trimmed.fq
Approx 25% complete for SRR5944079_1_trimmed.fq
Analysis complete for SRR5944066_1_trimmed.fq
Approx 20% complete for SRR5944080_1_trimmed.fq
Approx 30% complete for SRR5944077_1_trimmed.fq
Approx 60% complete for SRR5944078_1_trimmed.fq
Analysis complete for SRR5944060_1_trimmed.fq
Approx 25% complete for SRR5944080_1_trimmed.fq
Approx 30% complete for SRR5944079_1_trimmed.fq
Approx 90% complete for SRR5944072_1_trimmed.fq
Approx 65% complete for SRR5944078_1_trimmed.fq
Approx 5% complete for SRR5944082_1_trimmed.fq
Approx 5% complete for SRR5944081_1_trimmed.fq
Approx 30% complete for SRR5944080_1_trimmed.fq
Approx 70% complete for SRR5944078_1_trimmed.fq
Approx 35% complete for SRR5944077_1_trimmed.fq
Approx 35% complete for SRR5944079_1_trimmed.fq
Approx 35% complete for SRR5944080_1_trimmed.fq
Approx 75% complete for SRR5944078_1_trimmed.fq
Approx 95% complete for SRR5944072_1_trimmed.fq
Approx 40% complete for SRR5944080_1_trimmed.fq
Approx 80% complete for SRR5944078_1_trimmed.fq
Approx 40% complete for SRR5944079_1_trimmed.fq
Approx 40% complete for SRR5944077_1_trimmed.fq
Approx 10% complete for SRR5944082_1_trimmed.fq
Approx 85% complete for SRR5944078_1_trimmed.fq
Approx 45% complete for SRR5944080_1_trimmed.fq
Approx 10% complete for SRR5944081_1_trimmed.fq
Approx 45% complete for SRR5944079_1_trimmed.fq
Approx 90% complete for SRR5944078_1_trimmed.fq
Approx 45% complete for SRR5944077_1_trimmed.fq
Approx 50% complete for SRR5944080_1_trimmed.fq
Analysis complete for SRR5944072_1_trimmed.fq
Approx 95% complete for SRR5944078_1_trimmed.fq
Approx 55% complete for SRR5944080_1_trimmed.fq
Approx 50% complete for SRR5944079_1_trimmed.fq
Analysis complete for SRR5944078_1_trimmed.fq
Approx 15% complete for SRR5944082_1_trimmed.fq
Approx 50% complete for SRR5944077_1_trimmed.fq
Approx 60% complete for SRR5944080_1_trimmed.fq
Approx 15% complete for SRR5944081_1_trimmed.fq
Approx 55% complete for SRR5944079_1_trimmed.fq
Approx 65% complete for SRR5944080_1_trimmed.fq
Approx 55% complete for SRR5944077_1_trimmed.fq
Approx 70% complete for SRR5944080_1_trimmed.fq
Approx 60% complete for SRR5944079_1_trimmed.fq
Approx 20% complete for SRR5944082_1_trimmed.fq
Approx 75% complete for SRR5944080_1_trimmed.fq
Approx 60% complete for SRR5944077_1_trimmed.fq
Approx 65% complete for SRR5944079_1_trimmed.fq
Approx 20% complete for SRR5944081_1_trimmed.fq
Approx 80% complete for SRR5944080_1_trimmed.fq
Approx 85% complete for SRR5944080_1_trimmed.fq
Approx 70% complete for SRR5944079_1_trimmed.fq
Approx 65% complete for SRR5944077_1_trimmed.fq
Approx 25% complete for SRR5944082_1_trimmed.fq
Approx 90% complete for SRR5944080_1_trimmed.fq
Approx 75% complete for SRR5944079_1_trimmed.fq
Approx 70% complete for SRR5944077_1_trimmed.fq
Approx 95% complete for SRR5944080_1_trimmed.fq
Approx 25% complete for SRR5944081_1_trimmed.fq
Analysis complete for SRR5944080_1_trimmed.fq
Approx 80% complete for SRR5944079_1_trimmed.fq
Approx 75% complete for SRR5944077_1_trimmed.fq
Approx 30% complete for SRR5944082_1_trimmed.fq
Approx 85% complete for SRR5944079_1_trimmed.fq
Approx 80% complete for SRR5944077_1_trimmed.fq
Approx 30% complete for SRR5944081_1_trimmed.fq
Approx 90% complete for SRR5944079_1_trimmed.fq
Approx 35% complete for SRR5944082_1_trimmed.fq
Approx 85% complete for SRR5944077_1_trimmed.fq
Approx 95% complete for SRR5944079_1_trimmed.fq
Analysis complete for SRR5944079_1_trimmed.fq
Approx 35% complete for SRR5944081_1_trimmed.fq
Approx 90% complete for SRR5944077_1_trimmed.fq
Approx 40% complete for SRR5944082_1_trimmed.fq
Approx 95% complete for SRR5944077_1_trimmed.fq
Approx 40% complete for SRR5944081_1_trimmed.fq
Analysis complete for SRR5944077_1_trimmed.fq
Approx 45% complete for SRR5944082_1_trimmed.fq
Approx 45% complete for SRR5944081_1_trimmed.fq
Approx 50% complete for SRR5944082_1_trimmed.fq
Approx 55% complete for SRR5944082_1_trimmed.fq
Approx 50% complete for SRR5944081_1_trimmed.fq
Approx 60% complete for SRR5944082_1_trimmed.fq
Approx 55% complete for SRR5944081_1_trimmed.fq
Approx 65% complete for SRR5944082_1_trimmed.fq
Approx 60% complete for SRR5944081_1_trimmed.fq
Approx 70% complete for SRR5944082_1_trimmed.fq
Approx 65% complete for SRR5944081_1_trimmed.fq
Approx 75% complete for SRR5944082_1_trimmed.fq
Approx 70% complete for SRR5944081_1_trimmed.fq
Approx 80% complete for SRR5944082_1_trimmed.fq
Approx 75% complete for SRR5944081_1_trimmed.fq
Approx 85% complete for SRR5944082_1_trimmed.fq
Approx 80% complete for SRR5944081_1_trimmed.fq
Approx 90% complete for SRR5944082_1_trimmed.fq
Approx 85% complete for SRR5944081_1_trimmed.fq
Approx 95% complete for SRR5944082_1_trimmed.fq
Approx 90% complete for SRR5944081_1_trimmed.fq
Analysis complete for SRR5944082_1_trimmed.fq
Approx 95% complete for SRR5944081_1_trimmed.fq
Analysis complete for SRR5944081_1_trimmed.fq
Running MultiQC

/// MultiQC 🔍 v1.25.1

     version_check | MultiQC Version v1.35 now available!
       file_search | Search path: /gpfs/projects/b1042/LauberthLab/BenFolder/rnaseqfastqcdir

            fastqc | Found 36 reports

     write_results | Data        : rnaseqresults/multiqc_data
     write_results | Report      : rnaseqresults/multiqc_report.html
           multiqc | MultiQC complete
RNA-seq QC reports are in rnaseqfastqcdir/ and rnaseqresults/.
