seqnames,start,end,width,strand,Conc,Conc_p53KD,Conc_Scramble,Fold,p.value,FDR,log2FC,FDR_value,mean_signal,neglog10FDR,Status
chr20,41113809,41114309,501,*,8.13568345905469,9.01039753624913,5.54802365759989,3.2406678439062,3.55035010307862e-13,1.14392280321193e-09,3.2406678439062,1.14392280321193e-09,8.13568345905469,8.94160328259745,Significant gain
chr20,41099899,41100399,501,*,7.88033646419909,8.75472294579673,5.29628265071834,3.11054830866766,1.2435684479222702e-09,2.00338876960278e-06,3.11054830866766,2.00338876960278e-06,7.88033646419909,5.698234765079912,Significant gain
chr7,100148821,100149321,501,*,6.0426282226989,0.0,7.0426282226989,-8.36721030583638,3.1566126702035402e-09,3.3902020077986e-06,-8.36721030583638,3.3902020077986e-06,6.0426282226989,5.469774423254609,Significant loss
KI270729.1,2871,3371,501,*,6.27002358995472,7.24155979518385,1.59232054257119,5.30215889823692,5.09580915523662e-09,4.1046742745431e-06,5.30215889823692,4.1046742745431e-06,6.27002358995472,5.386721300513162,Significant gain
chr7,102464281,102464781,501,*,6.11431862340906,0.0,7.11431862340906,-8.29752648253577,2.46150308840104e-08,1.58619259016563e-05,-8.29752648253577,1.58619259016563e-05,6.11431862340906,4.799644083242689,Significant loss
chr11,69010952,69011452,501,*,5.384789960145,0.0,6.384789960145,-7.61549541308898,2.81384883504002e-07,0.0001511036824416,-7.61549541308898,0.0001511036824416,5.384789960145,3.820724951646551,Significant loss
chr2,39123825,39124325,501,*,5.28281296728795,0.0,6.28281296728795,-7.41695960667147,9.83899103476041e-07,0.0004091143587456,-7.41695960667147,0.0004091143587456,5.28281296728795,3.388155277738125,Significant loss
chr14,23071297,23071797,501,*,5.16611126912757,0.0,6.16611126912757,-7.33494015023422,1.0158022563517e-06,0.0004091143587456,-7.33494015023422,0.0004091143587456,5.16611126912757,3.388155277738125,Significant loss
chr11,78139042,78139542,501,*,5.00608800873186,0.0,6.00608800873186,-7.16347984691335,1.67838938801354e-06,0.0005174653024612,-7.16347984691335,0.0005174653024612,5.00608800873186,3.2861187655905293,Significant loss
chr3,49028966,49029466,501,*,5.38675777870752,0.0,6.37014707444031,-5.61150536969534,1.68725096915698e-06,0.0005174653024612,-5.61150536969534,0.0005174653024612,5.38675777870752,3.2861187655905293,Significant loss
chr11,64241166,64241666,501,*,6.20395220668941,4.24347885739659,7.00557101178232,-2.22901707671132,1.79147104377487e-06,0.0005174653024612,-2.22901707671132,0.0005174653024612,6.20395220668941,3.2861187655905293,Significant loss
chr19,12933423,12933923,501,*,4.98447885944549,0.0,5.98447885944549,-7.13008836931712,1.92724507434367e-06,0.0005174653024612,-7.13008836931712,0.0005174653024612,4.98447885944549,3.2861187655905293,Significant loss
chr7,100081616,100082116,501,*,6.21401273167175,4.3361679599546,7.00304090316893,-2.15844341368097,2.50405804536779e-06,0.0005953556196104,-2.15844341368097,0.0005953556196104,6.21401273167175,3.225223542676664,Significant loss
chr17,63446485,63446985,501,*,6.1629706400058,4.34810230914665,6.94182665804143,-2.10061556787273,2.5868959263026e-06,0.0005953556196104,-2.10061556787273,0.0005953556196104,6.1629706400058,3.225223542676664,Significant loss
chr2,202374748,202375248,501,*,5.0518329162097,0.0,6.0518329162097,-7.10819068490328,2.98306826117727e-06,0.0006407630625008,-7.10819068490328,0.0006407630625008,5.0518329162097,3.19330253159055,Significant loss
chr17,17913813,17914313,501,*,4.92880869885139,0.0,5.92880869885139,-7.01031335133528,3.29427820745603e-06,0.0006441354066255,-7.01031335133528,0.0006441354066255,4.92880869885139,3.191022828030157,Significant loss
chr7,152759716,152760216,501,*,5.10128362245003,0.0,6.10128362245003,-7.1187512109924,3.39860394557249e-06,0.0006441354066255,-7.1187512109924,0.0006441354066255,5.10128362245003,3.191022828030157,Significant loss
chr17,7046952,7047452,501,*,5.31830775522969,0.0,6.31830775522969,-7.24570352675528,3.64772114959965e-06,0.0006529420857783,-7.24570352675528,0.0006529420857783,5.31830775522969,3.1851253377790227,Significant loss
chr1,161132338,161132838,501,*,4.82490301926277,0.0,5.82490301926277,-6.88505551263067,4.54602047523094e-06,0.0007709093669049,-6.88505551263067,0.0007709093669049,4.82490301926277,3.1129966774182813,Significant loss
chr16,88315333,88315833,501,*,4.91522742876287,0.0,5.91522742876287,-6.86971382325721,6.64019115994792e-06,0.0010697347958676,-6.86971382325721,0.0010697347958676,4.91522742876287,2.970723877424285,Significant loss
chr10,123153956,123154456,501,*,5.28200915803164,0.522913575870329,6.25512139030691,-4.80601420018015,7.35492568106324e-06,0.0011054787558126,-4.80601420018015,0.0011054787558126,5.28200915803164,2.9564495989215502,Significant loss
chr16,29789827,29790327,501,*,4.77939221209565,0.0,5.77939221209565,-6.75356032821583,7.5482720756918e-06,0.0011054787558126,-6.75356032821583,0.0011054787558126,4.77939221209565,2.9564495989215502,Significant loss
chr5,154038889,154039389,501,*,4.71910847798026,0.0,5.71910847798026,-6.68502242650584,8.60181798339977e-06,0.0012050025018484,-6.68502242650584,0.0012050025018484,4.71910847798026,2.9190120513979703,Significant loss
chr11,73142783,73143283,501,*,4.90241499345439,0.0,5.90241499345439,-6.74995218438461,1.07498250155754e-05,0.001443164008341,-6.74995218438461,0.001443164008341,4.90241499345439,2.8406843107152504,Significant loss
chr5,134758371,134758871,501,*,4.66393337246939,0.0,5.66393337246939,-6.58173357828123,1.14323318422333e-05,0.001473398927827,-6.58173357828123,0.001473398927827,4.66393337246939,2.831679650511396,Significant loss
chr2,3575104,3575604,501,*,6.34768245969539,4.50694040732969,7.13078020661608,-2.05521201542979,1.2388642289342e-05,0.0015352386713946,-2.05521201542979,0.0015352386713946,6.34768245969539,2.8138240986153695,Significant loss
chr19,2541166,2541666,501,*,4.6321615186653,0.0,5.6321615186653,-6.48931396461482,1.49899991071084e-05,0.0017363142005389,-6.48931396461482,0.0017363142005389,4.6321615186653,2.7603716828386027,Significant loss
chr15,100803813,100804313,501,*,4.6296831449884,0.0,5.6296831449884,-6.47565937073331,1.57016851800583e-05,0.0017363142005389,-6.47565937073331,0.0017363142005389,4.6296831449884,2.7603716828386027,Significant loss
chr5,177351544,177352044,501,*,5.48079348471632,2.77326185179432,6.36590568956559,-2.75783450858662,1.59927625859164e-05,0.0017363142005389,-2.75783450858662,0.0017363142005389,5.48079348471632,2.7603716828386027,Significant loss
chr3,15064985,15065485,501,*,5.44117628274658,2.59607528208403,6.33712412611609,-2.86580612950141,1.65782444977496e-05,0.0017363142005389,-2.86580612950141,0.0017363142005389,5.44117628274658,2.7603716828386027,Significant loss
chr19,40417016,40417516,501,*,4.62149983684784,0.0,5.62149983684784,-6.44996583265741,1.68215523205948e-05,0.0017363142005389,-6.44996583265741,0.0017363142005389,4.62149983684784,2.7603716828386027,Significant loss
chr14,49767504,49768004,501,*,4.75108620362187,0.0,5.75108620362187,-6.52504623997696,1.72445854802129e-05,0.0017363142005389,-6.52504623997696,0.0017363142005389,4.75108620362187,2.7603716828386027,Significant loss
chr1,228082099,228082599,501,*,4.61321512485571,0.0,5.61321512485571,-6.42104891213982,1.82965982883237e-05,0.0017594592408735,-6.42104891213982,0.0017594592408735,4.61321512485571,2.754620789453261,Significant loss
chr10,79347554,79348054,501,*,5.24708694967574,2.30243792635442,6.15021086606602,-2.94737964904574,1.85666089974241e-05,0.0017594592408735,-2.94737964904574,0.0017594592408735,5.24708694967574,2.754620789453261,Significant loss
chr11,75562464,75562964,501,*,5.64917977970923,3.3472383064904,6.49493876172094,-2.38149745856431,1.92911836365638e-05,0.0017758912479145,-2.38149745856431,0.0017758912479145,5.64917977970923,2.7505836330826137,Significant loss
chr22,29096577,29097077,501,*,4.87896612307083,0.0,5.87896612307083,-6.54438096119262,2.09126442050481e-05,0.0018427550719378,-6.54438096119262,0.0018427550719378,4.87896612307083,2.7345323847888796,Significant loss
chr19,10502341,10502841,501,*,5.17687448672932,1.99095620780952,6.09534760894359,-3.18805205899226,2.15125010679356e-05,0.0018427550719378,-3.18805205899226,0.0018427550719378,5.17687448672932,2.7345323847888796,Significant loss
chr17,7583095,7583595,501,*,6.52046736006145,4.61667132350313,7.3135398068827,-2.04994899470623,2.23001640753131e-05,0.0018427550719378,-2.04994899470623,0.0018427550719378,6.52046736006145,2.7345323847888796,Significant loss
chr7,44748326,44748826,501,*,5.11109619669105,0.671239139121204,6.07747093533341,-4.38281444387792,2.23052289899366e-05,0.0018427550719378,-4.38281444387792,0.0018427550719378,5.11109619669105,2.7345323847888796,Significant loss
chr11,119845566,119846066,501,*,4.55091828427679,0.0,5.55091828427679,-6.29136022652845,2.43473929746265e-05,0.0018997629516853,-6.29136022652845,0.0018997629516853,4.55091828427679,2.721300585993284,Significant loss
chr2,200408680,200409180,501,*,5.16839534926422,0.0,6.15875608300228,-5.73204067142612,2.46831153543657e-05,0.0018997629516853,-5.73204067142612,0.0018997629516853,5.16839534926422,2.721300585993284,Significant loss
KI270466.1,771,1271,501,*,8.01320926366524,8.58345176549385,7.05648901908809,1.33610301471323,2.49810988070088e-05,0.0018997629516853,1.33610301471323,0.0018997629516853,8.01320926366524,2.721300585993284,Significant gain
chr9,97983499,97983999,501,*,5.63035576829901,3.05060025560637,6.50435059045084,-2.55251719667486,2.535375757991e-05,0.0018997629516853,-2.55251719667486,0.0018997629516853,5.63035576829901,2.721300585993284,Significant loss
chr1,23743333,23743833,501,*,5.29160831437774,1.93335269580596,6.21949460214027,-3.28959228267793,2.82631610123215e-05,0.0020033421624403,-3.28959228267793,0.0020033421624403,5.29160831437774,2.6982448686949665,Significant loss
chr19,43503953,43504453,501,*,4.50017513395156,0.0,5.50017513395156,-6.20584472209742,2.85449525363333e-05,0.0020033421624403,-6.20584472209742,0.0020033421624403,4.50017513395156,2.6982448686949665,Significant loss
chr1,171339325,171339825,501,*,10.5433809997887,11.4102027096439,8.03996852232821,2.49751139854405,2.86014088989002e-05,0.0020033421624403,2.49751139854405,0.0020033421624403,10.5433809997887,2.6982448686949665,Significant gain
chr5,69188803,69189303,501,*,4.69403555204016,0.0,5.69403555204016,-6.29095239818802,3.14381252007022e-05,0.0021551838169502,-6.29095239818802,0.0021551838169502,4.69403555204016,2.6665156826806737,Significant loss
chr1,35268433,35268933,501,*,4.83775055888789,0.0,5.83775055888789,-6.32320557831437,3.60997888832332e-05,0.002423198328787,-6.32320557831437,0.002423198328787,4.83775055888789,2.615611039196014,Significant loss
chr22,38705697,38706197,501,*,4.43764399338633,0.0,5.43764399338633,-6.05423505822111,3.88592114583899e-05,0.002555191414672,-6.05423505822111,0.002555191414672,4.43764399338633,2.5925765604130278,Significant loss
chr7,66075519,66076019,501,*,4.40197866638683,0.0,5.40197866638683,-5.97464037003827,4.49752960048973e-05,0.0028982080745555,-5.97464037003827,0.0028982080745555,4.40197866638683,2.5378704379168333,Significant loss
chr11,57514108,57514608,501,*,4.49150435087894,0.0,5.49150435087894,-6.01907725701251,4.60733111447812e-05,0.0029107491864408,-6.01907725701251,0.0029107491864408,4.49150435087894,2.5359952152542924,Significant loss
chr10,110567138,110567638,501,*,5.14912516458922,0.928739612923563,6.10989929286934,-4.11969093077552,4.84846845756798e-05,0.0030041856481315,-4.11969093077552,0.0030041856481315,5.14912516458922,2.5222732329635305,Significant loss
chr17,752091,752591,501,*,6.51144760191386,5.20605351969123,7.18535622574561,-1.60204611259583,5.13448296710988e-05,0.0031213781358543,-1.60204611259583,0.0031213781358543,6.51144760191386,2.5056536160295515,Significant loss
chr15,98785758,98786258,501,*,4.34560782328432,0.0,5.34560782328432,-5.83298555684451,5.80202650570607e-05,0.0034618758150712,-5.83298555684451,0.0034618758150712,4.34560782328432,2.4606885152580382,Significant loss
chr19,44890485,44890985,501,*,4.33493929861451,0.0,5.33493929861451,-5.79202732130836,6.268129992513e-05,0.0036719845156139,-5.79202732130836,0.0036719845156139,4.33493929861451,2.4350991588426956,Significant loss
chr3,150408090,150408590,501,*,4.93207750331912,0.0,5.91700570557593,-5.19983032173182,6.54429151483645e-05,0.0037653048680005,-5.19983032173182,0.0037653048680005,4.93207750331912,2.4241998542229033,Significant loss
chr6,42217307,42217807,501,*,4.47216158969524,0.0,5.47216158969524,-5.81475176190894,7.09033143337584e-05,0.0040079031365503,-5.81475176190894,0.0040079031365503,4.47216158969524,2.39708278309142,Significant loss
chr8,48007791,48008291,501,*,5.48909414741695,1.74530599720678,6.43421775519493,-3.3876206583768,7.64226989088121e-05,0.0042149687753129,-3.3876206583768,0.0042149687753129,5.48909414741695,2.3752056383012876,Significant loss
chr17,43387832,43388332,501,*,4.38010005559124,0.0,5.38010005559124,-5.7183486494684,7.7509371068398e-05,0.0042149687753129,-5.7183486494684,0.0042149687753129,4.38010005559124,2.3752056383012876,Significant loss
chr12,7994784,7995284,501,*,4.31336261512562,0.0,5.31336261512562,-5.67350274938801,7.84910386464241e-05,0.0042149687753129,-5.67350274938801,0.0042149687753129,4.31336261512562,2.3752056383012876,Significant loss
chr20,23136762,23137262,501,*,4.88544924026694,0.522913575870329,5.84994970172221,-3.8883378300457,8.3364815539787e-05,0.0044033022240851,-3.8883378300457,0.0044033022240851,4.88544924026694,2.3562215053767255,Significant loss
chr20,47280967,47281467,501,*,4.30005219163688,0.0,5.30005219163688,-5.60512979290691,8.8658986632231e-05,0.0046074073375653,-5.60512979290691,0.0046074073375653,4.30005219163688,2.3365433903875084,Significant loss
chr9,35657754,35658254,501,*,5.64036629456508,2.67399816523222,6.5449866418607,-2.6885413529304,9.18930932111325e-05,0.0046996753385122,-2.6885413529304,0.0046996753385122,5.64036629456508,2.3279321428223123,Significant loss
chr12,53218453,53218953,501,*,4.30484790883548,0.0,5.30484790883548,-5.57833733044318,9.39087486048737e-05,0.0047208276992138,-5.57833733044318,0.0047208276992138,4.30484790883548,2.3259818501610385,Significant loss
chr12,52945538,52946038,501,*,5.05167256900167,0.928739612923563,6.00966520303489,-3.83356045866715,9.52370578674425e-05,0.0047208276992138,-3.83356045866715,0.0047208276992138,5.05167256900167,2.3259818501610385,Significant loss
chr1,153550518,153551018,501,*,4.30962773721104,0.0,5.30962773721104,-5.54389422924871,0.0001007936638007,0.0047896070129691,-5.54389422924871,0.0047896070129691,4.30962773721104,2.3197001189655215,Significant loss
chr9,121075178,121075678,501,*,4.50079772130198,0.0,5.50079772130198,-5.648124091029,0.000101033864118,0.0047896070129691,-5.648124091029,0.0047896070129691,4.50079772130198,2.3197001189655215,Significant loss
chr7,151226788,151227288,501,*,4.44822765108208,0.0,5.44822765108208,-5.61366014150471,0.0001021283568157,0.0047896070129691,-5.61366014150471,0.0047896070129691,4.44822765108208,2.3197001189655215,Significant loss
chr3,119464265,119464765,501,*,4.64601879920939,0.0,5.64601879920939,-5.71681970740992,0.0001025707274658,0.0047896070129691,-5.71681970740992,0.0047896070129691,4.64601879920939,2.3197001189655215,Significant loss
chr6,33571344,33571844,501,*,4.88614158300321,0.522913575870329,5.85065928761137,-3.80567943487819,0.0001094888446316,0.0050396151057578,-3.80567943487819,0.0050396151057578,4.88614158300321,2.2976026309807764,Significant loss
chr17,29580475,29580975,501,*,4.24696193587412,0.0,5.24696193587412,-5.44522687902751,0.0001133988322948,0.0051460709528725,-5.44522687902751,0.0051460709528725,4.24696193587412,2.288524230129448,Significant loss
chr15,65868971,65869471,501,*,4.24945166763927,0.0,5.24945166763927,-5.4314241120303,0.00011657468434,0.0052150625938061,-5.4314241120303,0.0052150625938061,4.24945166763927,2.2827404745852067,Significant loss
chr7,149028912,149029412,501,*,4.7577629348587,0.0,5.74074403447891,-4.82196715306175,0.0001185493215874,0.0052150625938061,-4.82196715306175,0.0052150625938061,4.7577629348587,2.2827404745852067,Significant loss
chr7,460940,461440,501,*,4.91712895601512,0.343777112202407,5.88650725366579,-4.14859375677321,0.0001197748702488,0.0052150625938061,-4.14859375677321,0.0052150625938061,4.91712895601512,2.2827404745852067,Significant loss
chr7,74092553,74093053,501,*,5.49397579095386,2.05060025560637,6.4260925443652,-3.04782280179994,0.0001234710310082,0.005304315492113,-3.04782280179994,0.005304315492113,5.49397579095386,2.2753706527011492,Significant loss
chr17,75515516,75516016,501,*,4.89723986905189,0.0,5.88559939273142,-4.91817765618876,0.0001253968483802,0.0053161663879105,-4.91817765618876,0.0053161663879105,4.89723986905189,2.274401434760807,Significant loss
chr3,51995393,51995893,501,*,6.33511689981975,5.07691882348362,6.99680649500667,-1.52676527445894,0.00013150878836,0.0054371374345416,-1.52676527445894,0.0054371374345416,6.33511689981975,2.2646296891964357,Significant loss
chr17,81871523,81872023,501,*,6.54316180007644,5.14243257670609,7.24027935827386,-1.62677644763354,0.0001316253010224,0.0054371374345416,-1.62677644763354,0.0054371374345416,6.54316180007644,2.2646296891964357,Significant loss
chr19,55654673,55655173,501,*,6.4433279270492,4.50694040732969,7.24136198284018,-1.95556463538114,0.0001341876604855,0.0054728182542326,-1.95556463538114,0.0054728182542326,6.4433279270492,2.261788974019834,Significant loss
chr17,2511644,2512144,501,*,4.17622531323446,0.0,5.17622531323446,-5.3015826100647,0.0001366623974441,0.0055040780570623,-5.3015826100647,0.0055040780570623,4.17622531323446,2.2593154157044033,Significant loss
chr1,179882436,179882936,501,*,5.68921161439847,3.41523534968818,6.5317808084655,-2.14507244966677,0.0001454120875273,0.0057310686661831,-2.14507244966677,0.0057310686661831,5.68921161439847,2.2417643880584324,Significant loss
chr6,3194882,3195382,501,*,4.3856169107226,0.0,5.3856169107226,-5.37468810072646,0.0001458558754273,0.0057310686661831,-5.37468810072646,0.0057310686661831,4.3856169107226,2.2417643880584324,Significant loss
chr1,225817803,225818303,501,*,4.6804531414222,0.0,5.65325138128865,-3.98744817848144,0.0001517420614444,0.0058905171322161,-3.98744817848144,0.0058905171322161,4.6804531414222,2.2298465765525872,Significant loss
chr7,4775363,4775863,501,*,4.76832340328665,0.0,5.75559005150505,-4.70650638722681,0.000161709091488,0.0062026987235043,-4.70650638722681,0.0062026987235043,4.76832340328665,2.2074193128052406,Significant loss
chr4,127781947,127782447,501,*,4.79731762453093,0.0,5.77225093966402,-4.03409083086368,0.0001703279798319,0.0064564323649242,-4.03409083086368,0.0064564323649242,4.79731762453093,2.1900073941141565,Significant loss
chr16,89325903,89326403,501,*,4.11282121372736,0.0,5.11282121372736,-5.09755759612411,0.0001817211994519,0.0068082058678392,-5.09755759612411,0.0068082058678392,4.11282121372736,2.166967320444797,Significant loss
chr15,64841998,64842498,501,*,4.21240725995111,0.0,5.21240725995111,-5.10161094061219,0.00019577729873,0.0071981120248563,-5.10161094061219,0.0071981120248563,4.21240725995111,2.142781398666945,Significant loss
chrX,14029059,14029559,501,*,4.10578307847813,0.0,5.10578307847813,-5.04447630275578,0.0001965964798843,0.0071981120248563,-5.04447630275578,0.0071981120248563,4.10578307847813,2.142781398666945,Significant loss
chr6,125956681,125957181,501,*,4.29972845941629,0.0,5.29972845941629,-5.10821263310062,0.0002071082395388,0.0074890680472154,-5.10821263310062,0.0074890680472154,4.29972845941629,2.1255722233064214,Significant loss
chrX,71181510,71182010,501,*,5.61140190301526,3.74004950843028,6.39940506752675,-1.87873842801836,0.0002091918448942,0.0074890680472154,-1.87873842801836,0.0074890680472154,5.61140190301526,2.1255722233064214,Significant loss
chrX,149939160,149939660,501,*,4.17062755078389,0.0,5.17062755078389,-5.02463156599194,0.0002133813491454,0.0075551066697448,-5.02463156599194,0.0075551066697448,4.17062755078389,2.121759399524226,Significant loss
chr11,69658664,69659164,501,*,5.33908006009513,2.59607528208403,6.22709388821146,-2.4009087954107,0.0002263090756501,0.0079257374102702,-2.4009087954107,0.0079257374102702,5.33908006009513,2.100960320490323,Significant loss
chr14,103880434,103880934,501,*,4.10146936634528,0.0,5.10146936634528,-4.91834987494902,0.0002378796899683,0.0081762176951353,-4.91834987494902,0.0081762176951353,4.10146936634528,2.087447553787475,Significant loss
chr3,48186585,48187085,501,*,4.05506652814347,0.0,5.05506652814347,-4.8936313725974,0.000238536456655,0.0081762176951353,-4.8936313725974,0.0081762176951353,4.05506652814347,2.087447553787475,Significant loss
chr2,110100891,110101391,501,*,5.1930494609749,2.63556275632753,6.06499463603586,-2.24868305291306,0.0002422307759962,0.0082154480027354,-2.24868305291306,0.0082154480027354,5.1930494609749,2.085368748746171,Significant loss
chr15,69857252,69857752,501,*,5.35375292101548,3.18200724425841,6.18405534251645,-2.01885164910003,0.000254055991877,0.0085267542273739,-2.01885164910003,0.0085267542273739,5.35375292101548,2.0692162548111868,Significant loss
chr1,148522590,148523090,501,*,4.05059823540754,0.0,5.05059823540754,-4.82506829705604,0.0002633038491271,0.0087460309472946,-4.82506829705604,0.0087460309472946,4.05059823540754,2.05818899026403,Significant loss
chr2,3378851,3379351,501,*,4.11245261416125,0.0,5.11245261416125,-4.82599838963653,0.0002746103294062,0.0090285151157858,-4.82599838963653,0.0090285151157858,4.11245261416125,2.0443836705112752,Significant loss
chr19,41859962,41860462,501,*,6.86903417492178,5.47038040934284,7.56566646186995,-1.59059357178803,0.0002806695477383,0.009134518008212,-1.59059357178803,0.009134518008212,6.86903417492178,2.0393143636805084,Significant loss
chr17,80584047,80584547,501,*,4.00839388573898,0.0,5.00839388573898,-4.72064738073247,0.0002977013528092,0.0095919375875153,-4.72064738073247,0.0095919375875153,4.00839388573898,2.0180936557521907,Significant loss
chr1,1201484,1201984,501,*,4.03749807553229,0.0,5.03749807553229,-4.72329748243427,0.0003023828560794,0.0096463124979016,-4.72329748243427,0.0096463124979016,4.03749807553229,2.015638672964007,Significant loss
chr16,3021245,3021745,501,*,4.10771135221243,0.0,5.10771135221243,-4.73826934672162,0.000310516890043,0.0097420593982534,-4.73826934672162,0.0097420593982534,4.10771135221243,2.01134922682183,Significant loss
chr10,101694009,101694509,501,*,4.52465571662697,0.0,5.50463151841371,-4.16865260813796,0.0003114314456921,0.0097420593982534,-4.16865260813796,0.0097420593982534,4.52465571662697,2.01134922682183,Significant loss
chr5,159916013,159916513,501,*,3.98895557918687,0.0,4.98895557918687,-4.65042636111053,0.0003247940568804,0.0100623697237371,-4.65042636111053,0.0100623697237371,3.98895557918687,1.9972997293449053,Significant loss
chr2,27071299,27071799,501,*,5.08056824986761,1.59898171425524,6.01450061108938,-2.8079071689536,0.0003296069086972,0.0101142234268828,-2.8079071689536,0.0101142234268828,5.08056824986761,1.995067456874074,Significant loss
chr15,75842609,75843109,501,*,4.5418862787086,0.0,5.5221014509604,-4.13460412067488,0.0003357609439243,0.0102058656728714,-4.13460412067488,0.0102058656728714,4.5418862787086,1.9911501520448054,Significant loss
chr2,8631924,8632424,501,*,4.29836473708735,0.0,5.29836473708735,-4.65360735024883,0.0003879040000886,0.0116148467683032,-4.65360735024883,0.0116148467683032,4.29836473708735,1.934986515361752,Significant loss
chr17,7242325,7242825,501,*,5.00033708576986,0.937951075149173,5.9565016134704,-3.13846378190671,0.0003893244726805,0.0116148467683032,-3.13846378190671,0.0116148467683032,5.00033708576986,1.934986515361752,Significant loss
chr1,153923313,153923813,501,*,4.1314743668922,0.0,5.1314743668922,-4.55349847103853,0.0004038995769124,0.0119391232735047,-4.55349847103853,0.0119391232735047,4.1314743668922,1.9230275636135845,Significant loss
chr7,150322731,150323231,501,*,4.78722883547326,2.1037893526705,5.67032584772426,-2.236622852075,0.0004367889948524,0.0127939467401331,-2.236622852075,0.0127939467401331,4.78722883547326,1.8929954615373592,Significant loss
chr7,2757506,2758006,501,*,5.78347611760558,3.97676951427345,6.56097561481767,-1.76495325977625,0.0004887264419052,0.0141862756380074,-1.76495325977625,0.0141862756380074,5.78347611760558,1.8481316061043882,Significant loss
chr14,89365527,89366027,501,*,5.59735390023904,3.32676630095142,6.4395318715992,-1.98246216770572,0.0005063994554848,0.0144498537826234,-1.98246216770572,0.0144498537826234,5.59735390023904,1.8401365474902083,Significant loss
chr20,44531842,44532342,501,*,4.73701902157798,0.0,5.72400509165867,-4.00938451991166,0.0005096015435454,0.0144498537826234,-4.00938451991166,0.0144498537826234,4.73701902157798,1.8401365474902083,Significant loss
chr8,119855919,119856419,501,*,3.93655464778031,0.0,4.93655464778031,-4.29186619733906,0.0005112611208004,0.0144498537826234,-4.29186619733906,0.0144498537826234,3.93655464778031,1.8401365474902083,Significant loss
chr11,62727802,62728302,501,*,5.65661723424054,2.34377711220241,6.58213674893474,-2.62907312882693,0.000516394210785,0.0144680186708651,-2.62907312882693,0.0144680186708651,5.65661723424054,1.8395909394564192,Significant loss
chr7,56064119,56064619,501,*,4.8744841666156,1.81074975044244,5.78552526033769,-2.40342031054413,0.0005253368083536,0.0145916827285808,-2.40342031054413,0.0145916827285808,4.8744841666156,1.8358946219107117,Significant loss
chr9,19379344,19379844,501,*,5.910473065378,4.30154613017071,6.65218414562781,-1.65593620787955,0.0005501587846093,0.0151505265300123,-1.65593620787955,0.0151505265300123,5.910473065378,1.819572273755382,Significant loss
chr2,231612637,231613137,501,*,4.9196240663968,1.25987917003653,5.86138862440577,-2.74488048936133,0.0005550771383122,0.0151564283020522,-2.74488048936133,0.0151564283020522,4.9196240663968,1.8194031305948777,Significant loss
chr2,108967112,108967612,501,*,4.34259479732643,0.155087007709125,5.3024520429384,-3.14108886104607,0.000561616234314,0.015206113503864,-3.14108886104607,0.015206113503864,4.34259479732643,1.8179817721079898,Significant loss
chr14,103528913,103529413,501,*,5.47768821121265,3.63272916482704,6.2614689430804,-1.76813683293085,0.0005770078922366,0.0153836044497207,-1.76813683293085,0.0153836044497207,5.47768821121265,1.8129418954045289,Significant loss
chr9,95031351,95031851,501,*,3.88261084237095,0.0,4.88261084237095,-4.16923862043285,0.0005824446354525,0.0153836044497207,-4.16923862043285,0.0153836044497207,3.88261084237095,1.8129418954045289,Significant loss
chr12,6228795,6229295,501,*,4.60711293778499,1.43612393533898,5.52471334145671,-2.47002326343868,0.0005824952647007,0.0153836044497207,-2.47002326343868,0.0153836044497207,4.60711293778499,1.8129418954045289,Significant loss
chr19,7903515,7904015,501,*,5.8697996240598,2.66570520708977,6.78932244766434,-2.49926393498471,0.0006264986020096,0.0164112072819106,-2.49926393498471,0.0164112072819106,5.8697996240598,1.7848594691244881,Significant loss
chr1,39192022,39192522,501,*,4.77485626772397,0.937951075149173,5.72347176321666,-2.80354780679428,0.0006369470820853,0.0164374001622942,-2.80354780679428,0.0164374001622942,4.77485626772397,1.784166871981917,Significant loss
chr8,22693279,22693779,501,*,5.13467159860504,0.937951075149173,6.09478793522207,-3.0310763612936,0.0006377017443472,0.0164374001622942,-3.0310763612936,0.0164374001622942,5.13467159860504,1.784166871981917,Significant loss
chr19,1591940,1592440,501,*,6.66710049881476,5.31852014798618,7.35175923917185,-1.50592086696299,0.0006582858130074,0.0168333086469048,-1.50592086696299,0.0168333086469048,6.66710049881476,1.773830513503232,Significant loss
chr20,34302517,34303017,501,*,6.04410869275406,4.79894319748385,6.70233434280686,-1.4418919551044,0.0007072748681848,0.0177818261323512,-1.4418919551044,0.0177818261323512,6.04410869275406,1.7500236405267329,Significant loss
chr12,52280609,52281109,501,*,4.44113295940269,0.0,5.42514007975326,-3.644998776146,0.000708286053461,0.0177818261323512,-3.644998776146,0.0177818261323512,4.44113295940269,1.7500236405267329,Significant loss
chr9,129413989,129414489,501,*,5.82726797626222,4.07431055715419,6.59560649979704,-1.70545461077476,0.0007119353106993,0.0177818261323512,-1.70545461077476,0.0177818261323512,5.82726797626222,1.7500236405267329,Significant loss
chr1,45326814,45327314,501,*,5.74942377057117,4.25435935340558,6.46771744065126,-1.57647572551508,0.0007244146188077,0.0179543377061432,-1.57647572551508,0.0179543377061432,5.74942377057117,1.745830610358145,Significant loss
chr9,97921415,97921915,501,*,4.54896412052152,0.0,5.53412895789105,-3.65569981018189,0.0007524139203622,0.0185059362702848,-3.65569981018189,0.0185059362702848,4.54896412052152,1.732688937765189,Significant loss
chr20,52001855,52002355,501,*,3.6967509755447,4.6967509755447,0.0,3.95072556144344,0.0007891116606293,0.0191397092952585,3.95072556144344,0.0191397092952585,3.6967509755447,1.7180646628195662,Significant gain
chr5,181184266,181184766,501,*,4.9708282123221,2.63272916482704,5.82061075352791,-1.96074816972948,0.0007900624879793,0.0191397092952585,-1.96074816972948,0.0191397092952585,4.9708282123221,1.7180646628195662,Significant loss
chr17,18183113,18183613,501,*,6.00744633782195,4.70538041772099,6.6805096764927,-1.46532542503249,0.000805914692787,0.0193780383594015,-1.46532542503249,0.0193780383594015,6.00744633782195,1.7126901887303727,Significant loss
chr11,119101761,119102261,501,*,6.18201934015185,4.05986963346318,7.00600963201923,-1.85629119168457,0.0008208237024334,0.0195903256980795,-1.85629119168457,0.0195903256980795,6.18201934015185,1.7079583436018506,Significant loss
chr13,44281111,44281611,501,*,5.3747688435743,3.59607528208403,6.14754367750255,-1.69404549838532,0.0008357885600828,0.0198008142690221,-1.69404549838532,0.0198008142690221,5.3747688435743,1.7033169498762584,Significant loss
chr20,48828450,48828950,501,*,4.93793769116186,2.39403987215541,5.80861504000247,-2.03089893722803,0.000850961290974,0.0200131188286013,-2.03089893722803,0.0200131188286013,4.93793769116186,1.698685225981243,Significant loss
chr9,35072225,35072725,501,*,5.74156099264992,4.15508700770912,6.47882869372652,-1.60284023935817,0.0008759320040684,0.0204511080949885,-1.60284023935817,0.0204511080949885,5.74156099264992,1.689283155798386,Significant loss
chr5,91314094,91314594,501,*,4.33487357240998,0.0,5.31201172592327,-3.41120551556583,0.000900226861557,0.0208671291218467,-3.41120551556583,0.0208671291218467,4.33487357240998,1.6805372966127177,Significant loss
chr7,151081415,151081915,501,*,4.95263043179252,2.39403987215541,5.82467802304214,-2.02443456482352,0.000914070801883,0.0210366865976233,-2.02443456482352,0.0210366865976233,4.95263043179252,1.677022663077589,Significant loss
chr16,68085186,68085686,501,*,3.7382065957149,0.0,4.7382065957149,-3.69896161746697,0.0009839834708599,0.0224850691000763,-3.69896161746697,0.0224850691000763,3.7382065957149,1.6481057734402365,Significant loss
chr19,2462581,2463081,501,*,5.84723113112767,4.43693632727926,6.54657416342459,-1.4998839877945,0.0010041086252796,0.0227833661313445,-1.4998839877945,0.0227833661313445,5.84723113112767,1.642382110622624,Significant loss
chr4,52712646,52713146,501,*,5.84653130508018,4.49859132776689,6.53103355516344,-1.46968459148588,0.0010137590178305,0.0228414794087417,-1.46968459148588,0.0228414794087417,5.84653130508018,1.6412757709058001,Significant loss
chr6,111793649,111794149,501,*,5.46228094735834,3.82417537473507,6.20964422106046,-1.60709212982622,0.0010473293800616,0.0234339948788788,-1.60709212982622,0.0234339948788788,5.46228094735834,1.6301536693218353,Significant loss
chr22,41367026,41367526,501,*,5.73351837809565,2.51370211364472,6.65393795274725,-2.34906461647591,0.0010711226114077,0.0238010831307294,-2.34906461647591,0.0238010831307294,5.73351837809565,1.6234032787840151,Significant loss
chr3,14124340,14124840,501,*,5.04912175218438,1.66570520708977,5.97828593562255,-2.44329816168043,0.0010863469454091,0.0239740401240284,-2.44329816168043,0.0239740401240284,5.04912175218438,1.6202587721524184,Significant loss
chr7,131008068,131008568,501,*,4.89675118438917,1.34377711220241,5.83394361909749,-2.52473239727182,0.0011220894329161,0.0245943683867746,-2.52473239727182,0.0245943683867746,4.89675118438917,1.6091643261707493,Significant loss
chr12,114684666,114685166,501,*,5.06114146617318,1.74530599720678,5.98681950636322,-2.31818165530018,0.0011640915325411,0.0250873974608285,-2.31818165530018,0.0250873974608285,5.06114146617318,1.6005443895831772,Significant loss
chr2,134677292,134677792,501,*,5.56141945763854,3.20843434535158,6.41282623352777,-1.88631040483611,0.0011655754649565,0.0250873974608285,-1.88631040483611,0.0250873974608285,5.56141945763854,1.6005443895831772,Significant loss
chr6,34391188,34391688,501,*,4.2433175721596,0.0,5.21894512404956,-3.20018294152249,0.0011703382576912,0.0250873974608285,-3.20018294152249,0.0250873974608285,4.2433175721596,1.6005443895831772,Significant loss
chr19,4246864,4247364,501,*,4.53062647461348,1.6712391391212,5.42763710049487,-2.11376303816157,0.0011757284346943,0.0250873974608285,-2.11376303816157,0.0250873974608285,4.53062647461348,1.6005443895831772,Significant loss
chr5,135263551,135264051,501,*,5.60133642742396,4.04953831088752,6.33157666825657,-1.55370076134645,0.0011918423164979,0.0252639206826081,-1.55370076134645,0.0252639206826081,5.60133642742396,1.597499250823736,Significant loss
chr15,74889973,74890473,501,*,5.10441938126188,1.74530599720678,6.03234962071362,-2.32897212999055,0.0012059354341443,0.0253155648107775,-2.32897212999055,0.0253155648107775,5.10441938126188,1.5966123787070194,Significant loss
chr20,62387029,62387529,501,*,6.14203870280355,4.51080370699819,6.8880833296015,-1.58278251681534,0.0012099928556361,0.0253155648107775,-1.58278251681534,0.0253155648107775,6.14203870280355,1.5966123787070194,Significant loss
chr20,63740823,63741323,501,*,4.27861150526242,0.155087007709125,5.23662161290124,-2.74685632648292,0.0012206255420417,0.0253732612674741,-2.74685632648292,0.0253732612674741,4.27861150526242,1.5956237085984832,Significant loss
chr7,45110914,45111414,501,*,5.55251800206093,3.66985764489258,6.34230300960179,-1.68996114687735,0.0012665989267507,0.0261601393717366,-1.68996114687735,0.0261601393717366,5.55251800206093,1.5823599465780875,Significant loss
chr6,149749119,149749619,501,*,4.15858874758752,0.0,5.1391125501116,-3.09573229163183,0.0013548219557137,0.0278040531293603,-3.09573229163183,0.0278040531293603,4.15858874758752,1.5558918902902243,Significant loss
chr8,22599187,22599687,501,*,4.83103672499867,1.99537487684733,5.72627614444522,-2.04275548397199,0.0014289668829525,0.0291400714991976,-2.04275548397199,0.0291400714991976,4.83103672499867,1.5355093869631158,Significant loss
chr16,2153849,2154349,501,*,5.6461430936975,4.25528079069332,6.34094591764823,-1.46352637751556,0.0014822896469599,0.0300373411478296,-1.46352637751556,0.0300373411478296,5.6461430936975,1.522338512943881,Significant loss
chr19,488645,489145,501,*,4.76802307664604,1.34377711220241,5.69921177668966,-2.34948407960677,0.0015192080448704,0.0304074563347914,-2.34948407960677,0.0304074563347914,4.76802307664604,1.5170199082336437,Significant loss
chr15,72616576,72617076,501,*,5.89020017320047,4.48941070836479,6.58733180384206,-1.46055485175981,0.0015230917012072,0.0304074563347914,-1.46055485175981,0.0304074563347914,5.89020017320047,1.5170199082336437,Significant loss
chr12,11727077,11727577,501,*,4.82012458428852,2.39068928698926,5.67958683868347,-1.88762485076819,0.0015288665196263,0.0304074563347914,-1.88762485076819,0.0304074563347914,4.82012458428852,1.5170199082336437,Significant loss
chr3,48989942,48990442,501,*,3.63050974269795,0.0,4.63050974269795,-3.30002738959739,0.0015425864638788,0.0304921078933594,-3.30002738959739,0.0304921078933594,3.63050974269795,1.5158125521904842,Significant loss
chr11,69820276,69820776,501,*,4.76112319694959,2.39403987215541,5.61405120928896,-1.84033744222388,0.0015640746410718,0.0307283444727661,-1.84033744222388,0.0307283444727661,4.76112319694959,1.512460837261035,Significant loss
chr9,34611930,34612430,501,*,5.79652281089874,4.48862734208188,6.47106512860227,-1.41227440413875,0.0016528515438805,0.0322756828750499,-1.41227440413875,0.0322756828750499,5.79652281089874,1.4911245603480288,Significant loss
chr12,9647463,9647963,501,*,5.17229579317458,3.25435935340559,5.96753679499019,-1.6694524799361,0.0016693560442507,0.0324015974372033,-1.6694524799361,0.0324015974372033,5.17229579317458,1.4894335780322536,Significant loss
chr17,45051485,45051985,501,*,3.61900306394498,0.0,4.61900306394498,-3.21622947180225,0.0017030765835079,0.0327680191839872,-3.21622947180225,0.0327680191839872,3.61900306394498,1.484549810783161,Significant loss
chr14,70254946,70255446,501,*,4.38411950216326,0.522913575870329,5.33360847198566,-2.42266065518352,0.0017085745570794,0.0327680191839872,-2.42266065518352,0.0327680191839872,4.38411950216326,1.484549810783161,Significant loss
chr17,42678156,42678656,501,*,5.03370445731204,2.47701510259649,5.9055756005815,-1.90404845614423,0.0017282680021345,0.0329495828572629,-1.90404845614423,0.0329495828572629,5.03370445731204,1.4821500792167286,Significant loss
chr4,108620563,108621063,501,*,5.61547080681005,3.37422583782207,6.45421791402585,-1.76767712280142,0.0017545539958392,0.033253958674082,-1.76767712280142,0.033253958674082,5.61547080681005,1.478156647263925,Significant loss
chr19,19138043,19138543,501,*,5.56134318388089,3.80698416778353,6.329925707389,-1.59513927592965,0.0018294125974272,0.0344474927102648,-1.59513927592965,0.0344474927102648,5.56134318388089,1.4628423830952202,Significant loss
chr9,21994450,21994950,501,*,5.04524584776383,2.90131218712234,5.8720387557096,-1.74099767690695,0.0018389102253772,0.0344474927102648,-1.74099767690695,0.0344474927102648,5.04524584776383,1.4628423830952202,Significant loss
chr16,89972311,89972811,501,*,5.73237273260545,3.88977585869386,6.51577117247249,-1.61701005070316,0.0018602977727466,0.0346467018716167,-1.61701005070316,0.0346467018716167,5.73237273260545,1.460338100940506,Significant loss
KI270411.1,1158,1658,501,*,4.3272858293089,5.22371111988206,1.47578559509336,1.99279053282048,0.0019254393737949,0.0355258386137699,1.99279053282048,0.0355258386137699,4.3272858293089,1.4494556614361291,Significant gain
chr7,157299589,157300089,501,*,4.01806935291199,0.0,4.99658579807752,-2.81532620427293,0.0019295536180663,0.0355258386137699,-2.81532620427293,0.0355258386137699,4.01806935291199,1.4494556614361291,Significant loss
chr18,12657616,12658116,501,*,4.56048006799401,0.928739612923563,5.50107934188022,-2.33753943327583,0.0020002752457743,0.0366186752379826,-2.33753943327583,0.0366186752379826,4.56048006799401,1.4362973713188911,Significant loss
chr14,101947810,101948310,501,*,5.95277098957497,3.9942714777007,6.75409860246456,-1.64279568699129,0.002100342621682,0.0382333555201107,-1.64279568699129,0.0382333555201107,5.95277098957497,1.417557584797675,Significant loss
chr5,151771149,151771649,501,*,5.88635974758506,4.18394421497639,6.64571059653568,-1.54325015495521,0.0022218625019336,0.0402182077597206,-1.54325015495521,0.0402182077597206,5.88635974758506,1.3955772867329697,Significant loss
chr11,64305229,64305729,501,*,5.5035248824869,2.15113203426001,6.43111002663233,-2.16281059836227,0.0022462589961987,0.0404326619315777,-2.16281059836227,0.0404326619315777,5.5035248824869,1.3932676654400282,Significant loss
chr15,75023486,75023986,501,*,5.86429612116542,4.66985764489258,6.50865406323056,-1.33350794737468,0.002340540977367,0.0418367886583068,-1.33350794737468,0.0418367886583068,5.86429612116542,1.3784416587847117,Significant loss
chr22,38230080,38230580,501,*,3.55896974983151,0.0,4.55896974983151,-2.94017231836828,0.0023502354894952,0.0418367886583068,-2.94017231836828,0.0418367886583068,3.55896974983151,1.3784416587847117,Significant loss
chr8,47960028,47960528,501,*,6.1697662019,5.10225384170218,6.77654854888289,-1.26599376266524,0.0023859894515898,0.0421453618458237,-1.26599376266524,0.0421453618458237,6.1697662019,1.3752502131056803,Significant loss
chr1,27542659,27543159,501,*,4.82223602535899,1.25987917003653,5.75984454573992,-2.17645679452097,0.00239373098007,0.0421453618458237,-2.17645679452097,0.0421453618458237,4.82223602535899,1.3752502131056803,Significant loss
chr10,110871360,110871860,501,*,5.01515091305475,2.51677914059933,5.88148421562567,-1.81226477279356,0.0024207188051785,0.0423888912515506,-1.81226477279356,0.0423888912515506,5.01515091305475,1.3727479429418248,Significant loss
chr12,6867483,6867983,501,*,6.28310676116784,5.1872117989664,6.89866825295231,-1.27745340587294,0.0024400122361084,0.0424957806742772,-1.27745340587294,0.0424957806742772,6.28310676116784,1.371654188087218,Significant loss
chr8,102864002,102864502,501,*,4.33379314323926,0.343777112202407,5.28766623693483,-2.38170006439598,0.0024981795986599,0.0431180774279267,-2.38170006439598,0.0431180774279267,4.33379314323926,1.3653406119460185,Significant loss
chr7,32957184,32957684,501,*,5.23299391253768,3.15311087624414,6.05140801064583,-1.66902945340259,0.0025041976799182,0.0431180774279267,-1.66902945340259,0.0431180774279267,5.23299391253768,1.3653406119460185,Significant loss
chr13,99498457,99498957,501,*,5.14094439196549,2.77583267522761,5.99366065146318,-1.74893873793544,0.0025158903030571,0.0431180774279267,-1.74893873793544,0.0431180774279267,5.14094439196549,1.3653406119460185,Significant loss
chr7,76048039,76048539,501,*,6.19195191457543,4.52883916450536,6.94405210020034,-1.51605638733043,0.002574325940877,0.043601945597182,-1.51605638733043,0.043601945597182,6.19195191457543,1.3604941312986616,Significant loss
chr20,63680241,63680741,501,*,3.44484134918766,4.44484134918766,0.0,2.88985837868417,0.0025828532649513,0.043601945597182,2.88985837868417,0.043601945597182,3.44484134918766,1.3604941312986616,Significant gain
chr12,108661623,108662123,501,*,3.60855964039225,0.0,4.60855964039225,-2.87289645583534,0.0025847211697895,0.043601945597182,-2.87289645583534,0.043601945597182,3.60855964039225,1.3604941312986616,Significant loss
chr13,41060323,41060823,501,*,5.41867776356196,3.47701510259649,6.21750282278604,-1.6057765719548,0.0026900439158435,0.0451422994627494,-1.6057765719548,0.0451422994627494,5.41867776356196,1.3454163225611264,Significant loss
chr7,139340850,139341350,501,*,5.68506596934072,4.16665223297913,6.40834534609895,-1.46477047956167,0.0027065186601832,0.0451834358710382,-1.46477047956167,0.0451834358710382,5.68506596934072,1.3450207472293725,Significant loss
chr12,47752921,47753421,501,*,4.77702266013716,2.20843434535158,5.64999395900693,-1.78923993256896,0.0027989876553319,0.0463700895599328,-1.78923993256896,0.0463700895599328,4.77702266013716,1.3337620653000755,Significant loss
chr17,7686923,7687423,501,*,5.28165150721295,2.10787607659148,6.19941552314467,-1.98378372845093,0.0028288090956665,0.0463700895599328,-1.98378372845093,0.0463700895599328,5.28165150721295,1.3337620653000755,Significant loss
chr7,100866708,100867208,501,*,6.13520023035176,4.87979655114558,6.79615043089363,-1.34549896459225,0.0028349228726214,0.0463700895599328,-1.34549896459225,0.0463700895599328,6.13520023035176,1.3337620653000755,Significant loss
chr17,15463970,15464470,501,*,4.8169500704516,2.55547652283788,5.65807071964543,-1.70544585551402,0.0028351668663273,0.0463700895599328,-1.70544585551402,0.0463700895599328,4.8169500704516,1.3337620653000755,Significant loss
chr5,159263361,159263861,501,*,4.37948747591031,0.0,5.37948747591031,-2.89426137821771,0.0028629205328411,0.046462211042283,-2.89426137821771,0.046462211042283,4.37948747591031,1.3329001268514447,Significant loss
chr17,8138689,8139189,501,*,6.00016668285092,4.54665193763637,6.7093419029032,-1.43117682783611,0.0028696399743681,0.046462211042283,-1.43117682783611,0.046462211042283,6.00016668285092,1.3329001268514447,Significant loss
chr5,139660679,139661179,501,*,5.93000114182923,4.47622497479753,6.63923474121655,-1.42958439442481,0.002922728585968,0.0469345852738983,-1.42958439442481,0.0469345852738983,5.93000114182923,1.328507015319234,Significant loss
chr20,23140790,23141290,501,*,5.38324654214775,3.45671438946574,6.17979384819617,-1.58524396983991,0.0029523088809756,0.0469345852738983,-1.58524396983991,0.0469345852738983,5.38324654214775,1.328507015319234,Significant loss
KI270442.1,111271,111771,501,*,4.67961288967011,5.60496503542721,1.36992812123475,2.02159828535199,0.0029592057223758,0.0469345852738983,2.02159828535199,0.0469345852738983,4.67961288967011,1.328507015319234,Significant gain
chr12,6937497,6937997,501,*,5.82208515969052,4.67054855736809,6.45421791402585,-1.29080890502076,0.0029983326614041,0.0469345852738983,-1.29080890502076,0.0469345852738983,5.82208515969052,1.328507015319234,Significant loss
chr4,98523225,98523725,501,*,4.36602845907354,0.0,5.34365882618678,-2.60080922825344,0.0029997905502904,0.0469345852738983,-2.60080922825344,0.0469345852738983,4.36602845907354,1.328507015319234,Significant loss
chr10,97843009,97843509,501,*,5.38414215789438,3.59461986732458,6.15875608300228,-1.5432665538905,0.00301612773907,0.0469345852738983,-1.5432665538905,0.0469345852738983,5.38414215789438,1.328507015319234,Significant loss
chr7,22822721,22823221,501,*,4.4618103491344,1.59316298283569,5.35950382948722,-1.89249509923094,0.0030298894694494,0.0469345852738983,-1.89249509923094,0.0469345852738983,4.4618103491344,1.328507015319234,Significant loss
chr2,8684979,8685479,501,*,5.09586080925996,1.92873961292356,6.01323354953922,-1.99329109593403,0.0030348080246261,0.0469345852738983,-1.99329109593403,0.0469345852738983,5.09586080925996,1.328507015319234,Significant loss
chrX,41084668,41085168,501,*,5.29914150585793,3.57739310243755,6.06197412437,-1.51484341566547,0.0030431757051779,0.0469345852738983,-1.51484341566547,0.0469345852738983,5.29914150585793,1.328507015319234,Significant loss
chr19,42302311,42302811,501,*,5.45991846347426,3.79085715891723,6.21313114240828,-1.49870264485695,0.0030573349443459,0.0469345852738983,-1.49870264485695,0.0469345852738983,5.45991846347426,1.328507015319234,Significant loss
chr6,27814552,27815052,501,*,4.34314805583073,0.343777112202407,5.29732406950919,-2.2837476170146,0.0030590511817252,0.0469345852738983,-2.2837476170146,0.0469345852738983,4.34314805583073,1.328507015319234,Significant loss
chr12,52147124,52147624,501,*,6.56886533779629,5.410792854029,7.20289086232807,-1.28855192760188,0.0030799132542145,0.0470307132942146,-1.28855192760188,0.0470307132942146,6.56886533779629,1.3276184344499184,Significant loss
chr2,174248835,174249335,501,*,6.21906221522891,4.87860108015217,6.90173041821581,-1.37730923270232,0.0031044668673044,0.0470652101919716,-1.37730923270232,0.0470652101919716,6.21906221522891,1.3272999974240667,Significant loss
chr11,61871164,61871664,501,*,4.72623146258673,2.25251471140557,5.59014870320866,-1.75397581540574,0.0031113872659497,0.0470652101919716,-1.75397581540574,0.0470652101919716,4.72623146258673,1.3272999974240667,Significant loss
chr2,10302482,10302982,501,*,5.98812868111809,4.29281312451823,6.74618695734742,-1.49660675952137,0.0031954249071314,0.048110556312044,-1.49660675952137,0.048110556312044,5.98812868111809,1.3177596212339133,Significant loss
chr13,113296788,113297288,501,*,5.72183786668387,3.74136542722611,6.52638143469852,-1.58618958279175,0.0032147584083868,0.0481765190317315,-1.58618958279175,0.0481765190317315,5.72183786668387,1.317164582916448,Significant loss
chr9,130692685,130693185,501,*,5.13637976984042,1.92873961292356,6.05610574036648,-1.9837284506621,0.0032412022987971,0.04834793429039,-1.9837284506621,0.04834793429039,5.13637976984042,1.3156220768126203,Significant loss
chr6,24721507,24722007,501,*,5.40273718886879,3.82541678661483,6.13816949359134,-1.45165418569967,0.0033510548017212,0.0497562146135758,-1.45165418569967,0.0497562146135758,5.40273718886879,1.3031526676052185,Significant loss
chr16,89246988,89247488,501,*,5.00913698364629,1.92873961292356,5.92123139946319,-1.92871093821373,0.0033879027065682,0.0500725803695541,-1.92871093821373,0.0500725803695541,5.00913698364629,1.3004000277066756,Not significant
chr22,29268090,29268590,501,*,6.51303332268084,5.67089388956516,7.04128881732852,-1.09527265037269,0.0034137427457192,0.0502241056014031,-1.09527265037269,0.0502241056014031,6.51303332268084,1.2990877884937773,Not significant
chr5,132837271,132837771,501,*,4.39116317082382,0.928739612923563,5.32419129361123,-2.0488138366659,0.0034919673041779,0.0511414484275522,-2.0488138366659,0.0511414484275522,4.39116317082382,1.2912269760518542,Not significant
chr12,68610261,68610761,501,*,3.46111302256294,0.0,4.46111302256294,-2.59773939686277,0.0035408017041055,0.0515231424822986,-2.59773939686277,0.0515231424822986,3.46111302256294,1.2879976564964326,Not significant
chr17,65724207,65724707,501,*,3.43640465323381,0.0,4.43640465323381,-2.59010188899541,0.0035568407009098,0.0515231424822986,-2.59010188899541,0.0515231424822986,3.43640465323381,1.2879976564964326,Not significant
chr2,70108642,70109142,501,*,6.41201810506517,5.43174539555759,6.99034443917211,-1.18178818174669,0.0035660027230144,0.0515231424822986,-1.18178818174669,0.0515231424822986,6.41201810506517,1.2879976564964326,Not significant
chr3,50337184,50337684,501,*,5.64594071467761,4.29191535705387,6.33192658484833,-1.35899036856679,0.0037371095655896,0.0537543170550434,-1.35899036856679,0.0537543170550434,5.64594071467761,1.2695866514515184,Not significant
chr12,122500212,122500712,501,*,4.10388780164287,1.05060025560637,5.0142618839099,-1.85921724837551,0.0037630536257541,0.0538459342654667,-1.85921724837551,0.0538459342654667,4.10388780164287,1.268847083317405,Not significant
chr7,3243715,3244215,501,*,3.41246395508031,0.0,4.41246395508031,-2.54048685417995,0.0037769029000606,0.0538459342654667,-2.54048685417995,0.0538459342654667,3.41246395508031,1.268847083317405,Not significant
chr20,31723009,31723509,501,*,5.78786036202607,3.96356993363391,6.5682712974187,-1.51252387136381,0.0038390942546471,0.0544075258471445,-1.51252387136381,0.0544075258471445,5.78786036202607,1.2643410229520915,Not significant
chr11,69297284,69297784,501,*,5.63393204954211,4.34896579467779,6.30261361283937,-1.32949224864495,0.0038500670059431,0.0544075258471445,-1.32949224864495,0.0544075258471445,5.63393204954211,1.2643410229520915,Not significant
chr1,6701337,6701837,501,*,5.51164793018017,3.66985764489258,6.2949156657649,-1.51515962117532,0.0039454932326618,0.0554263797282394,-1.51515962117532,0.0554263797282394,5.51164793018017,1.256283487191322,Not significant
chr1,145927681,145928181,501,*,6.09720771130206,5.04847558391231,6.6980551939459,-1.21885022580944,0.003956569626783,0.0554263797282394,-1.21885022580944,0.0554263797282394,6.09720771130206,1.256283487191322,Not significant
chr8,144508454,144508954,501,*,5.78747949062324,4.48784355020927,6.45992411747419,-1.33366375038911,0.0040007481188138,0.0558026425922871,-1.33366375038911,0.0558026425922871,5.78747949062324,1.2533452341077012,Not significant
chr5,137754634,137755134,501,*,5.59411723699518,3.8057267862681,6.36853969143493,-1.49557975000353,0.0041490081266622,0.0576211387245941,-1.49557975000353,0.0576211387245941,5.59411723699518,1.2394181633252872,Not significant
chr7,100874559,100875059,501,*,7.0494591206359,6.38411632588803,7.50306744281078,-0.951056669332372,0.0042261318138785,0.0584403292030758,-0.951056669332372,0.0584403292030758,7.0494591206359,1.23328734628537,Not significant
chr15,89574898,89575398,501,*,4.86282103785274,2.99316723400857,5.65055514855543,-1.50708948208498,0.0042673553607834,0.0587582007369408,-1.50708948208498,0.0587582007369408,4.86282103785274,1.2309315114178931,Not significant
chr14,77800190,77800690,501,*,6.11119292351064,3.33026849792793,7.00222440617177,-1.74259319562917,0.0043313663605604,0.059385797505216,-1.74259319562917,0.059385797505216,6.11119292351064,1.2263174069147889,Not significant
chr5,393830,394330,501,*,3.66771406109578,0.0,4.66771406109578,-2.44684174452059,0.0044424711390448,0.0606510254661129,-2.44684174452059,0.0606510254661129,3.66771406109578,1.2171618518376515,Not significant
chr7,5555993,5556493,501,*,6.28081763561938,4.94625988227137,6.96202975522434,-1.33998770166158,0.0044618171926867,0.0606581223410837,-1.33998770166158,0.0606581223410837,6.28081763561938,1.2171110373080336,Not significant
KI270442.1,379432,379932,501,*,3.25435935340559,4.25435935340558,0.0,2.41575425231661,0.0045184717936896,0.0611702357952444,2.41575425231661,0.0611702357952444,3.25435935340559,1.213459845407443,Not significant
chr17,82212726,82213226,501,*,6.00385900430294,4.3111130387402,6.76144762179873,-1.45456388022108,0.0045727146168763,0.0616455501906922,-1.45456388022108,0.0616455501906922,6.00385900430294,1.2100982669575409,Not significant
chr1,161765581,161766081,501,*,4.48779934025003,1.25987917003653,5.40867713174241,-1.82212234112848,0.0047616576244929,0.0636982013573742,-1.82212234112848,0.0636982013573742,4.48779934025003,1.1958728306410344,Not significant
chr13,20567942,20568442,501,*,3.96435204433485,0.8057267862681,4.88122242911613,-1.83300065045534,0.0047645147508153,0.0636982013573742,-1.83300065045534,0.0636982013573742,3.96435204433485,1.1958728306410344,Not significant
chr2,231464149,231464649,501,*,5.89559456677005,4.81560537748927,6.50626404762226,-1.22161234850931,0.0047982906688039,0.063884679896224,-1.22161234850931,0.063884679896224,5.89559456677005,1.1946032769627957,Not significant
chr12,53047559,53048059,501,*,5.46813472832758,3.67261931172566,6.24375957529141,-1.46456635077485,0.0048497361371996,0.0642875441160514,-1.46456635077485,0.0642875441160514,5.46813472832758,1.1918731646447813,Not significant
chr19,41264482,41264982,501,*,7.16048478858469,6.39440796328544,7.65821025417857,-1.02905828195233,0.0048684546133819,0.0642875441160514,-1.02905828195233,0.0642875441160514,7.16048478858469,1.1918731646447813,Not significant
chr17,51166846,51167346,501,*,5.97181064146341,4.60388031912229,6.66115750857168,-1.34082383039128,0.0049631617776396,0.0652706418267546,-1.34082383039128,0.0652706418267546,5.97181064146341,1.1852821167287608,Not significant
chr15,44536733,44537233,501,*,4.79772728095235,1.74530599720678,5.70804582306042,-1.76158562226521,0.0050353982225812,0.0658899182111128,-1.76158562226521,0.0658899182111128,4.79772728095235,1.1811810315401012,Not significant
chr15,59689001,59689501,501,*,4.10790144380862,0.522913575870329,5.04650200205684,-1.88804365239415,0.0050511513960722,0.0658899182111128,-1.88804365239415,0.0658899182111128,4.10790144380862,1.1811810315401012,Not significant
chr11,76783507,76784007,501,*,5.10763597074454,3.43449777777787,5.86160796806368,-1.4324571060415,0.0050858627580206,0.0660044329006579,-1.4324571060415,0.0660044329006579,5.10763597074454,1.1804268959786648,Not significant
chr19,19405958,19406458,501,*,4.92001332256929,3.04847558391231,5.70804582306042,-1.48143265834493,0.0051012472210566,0.0660044329006579,-1.48143265834493,0.0660044329006579,4.92001332256929,1.1804268959786648,Not significant
chr17,42566717,42567217,501,*,4.83487276815516,2.59898171425524,5.67298541709982,-1.56214371164037,0.0051213867862087,0.0660044329006579,-1.56214371164037,0.0660044329006579,4.83487276815516,1.1804268959786648,Not significant
chr2,216499159,216499659,501,*,5.96979329405587,4.56573382218048,6.66768771401247,-1.34726026360864,0.0052128483299285,0.0669155271674489,-1.34726026360864,0.0669155271674489,5.96979329405587,1.1744730962723462,Not significant
chr19,1848205,1848705,501,*,5.8719650158149,4.36827587346444,6.5921117124729,-1.37948300659636,0.0052553694507262,0.0671936522628569,-1.37948300659636,0.0671936522628569,5.8719650158149,1.1726717525031034,Not significant
chr22,37199301,37199801,501,*,5.23296487403097,3.12966616589784,6.05449100457281,-1.52899570273627,0.0053346972854397,0.0679383187892757,-1.52899570273627,0.0679383187892757,5.23296487403097,1.1678852044423595,Not significant
chr20,58309399,58309899,501,*,5.09406631383478,3.51831519652711,5.82918255264084,-1.39259314666156,0.0054124685816076,0.0686573770470074,-1.39259314666156,0.0686573770470074,5.09406631383478,1.1633127921682087,Not significant
chr16,20806060,20806560,501,*,5.05517375372648,3.27769225181965,5.82774173122231,-1.44949802340778,0.0054571650169369,0.0686852878808501,-1.44949802340778,0.0686852878808501,5.05517375372648,1.1631362771530611,Not significant
chr2,101252588,101253088,501,*,5.43440537534653,3.82293289372375,6.17661500745592,-1.40339661137607,0.0054738445391522,0.0686852878808501,-1.40339661137607,0.0686852878808501,5.43440537534653,1.1631362771530611,Not significant
chr10,100185393,100185893,501,*,4.93896260157573,2.99095620780952,5.73873450576982,-1.49002819900363,0.0054786216590249,0.0686852878808501,-1.49002819900363,0.0686852878808501,4.93896260157573,1.1631362771530611,Not significant
chr17,42017977,42018477,501,*,4.7882253669027,1.74530599720678,5.69793236100472,-1.73072764971934,0.0055125244801701,0.0688424568802638,-1.73072764971934,0.0688424568802638,4.7882253669027,1.1621436387729915,Not significant
chr2,46804192,46804692,501,*,5.3533577996463,3.83870723548669,6.07584023992639,-1.37134696050688,0.0057102757320474,0.0710367120025365,-1.37134696050688,0.0710367120025365,5.3533577996463,1.1485171484710317,Not significant
chr16,88569684,88570184,501,*,4.97700996457196,3.1037893526705,5.76530862804475,-1.45644392074541,0.0058430071242953,0.072408342132614,-1.45644392074541,0.072408342132614,4.97700996457196,1.1402113960479527,Not significant
chr3,49723967,49724467,501,*,4.7183718087882,1.34377711220241,5.64709060375567,-1.81468847576608,0.0058666899811657,0.0724232763192184,-1.81468847576608,0.0724232763192184,4.7183718087882,1.140121832250678,Not significant
chr6,35259551,35260051,501,*,5.6132863750938,3.97676951427345,6.36034539753552,-1.39764469720041,0.0059353884837209,0.072991685857057,-1.39764469720041,0.072991685857057,5.6132863750938,1.1367266055239007,Not significant
chr21,33542265,33542765,501,*,5.07871249264767,2.47385199167917,5.95497698477546,-1.6260992750048,0.0059728071859533,0.0731725656012993,-1.6260992750048,0.0731725656012993,5.07871249264767,1.1356517173193044,Not significant
chr2,47043081,47043581,501,*,5.74253680676827,4.64315761535701,6.35916053884864,-1.21030848657157,0.0060139064782633,0.073396994973351,-1.21030848657157,0.073396994973351,5.74253680676827,1.1343217206453373,Not significant
chr1,156104306,156104806,501,*,4.06662961985085,0.343777112202407,5.01093540101956,-1.88562901488755,0.0060725517153547,0.073833062742917,-1.88562901488755,0.073833062742917,4.06662961985085,1.1317491158012967,Not significant
chr2,113978283,113978783,501,*,5.14850634189856,3.45511128874733,5.90621369023188,-1.4111287301576,0.0060955500795849,0.0738340690091078,-1.4111287301576,0.0738340690091078,5.14850634189856,1.1317431968693201,Not significant
chr1,1398859,1399359,501,*,5.24097984021873,3.72448356177895,5.96385346683327,-1.35447807287774,0.0061995729015197,0.0748128235531707,-1.35447807287774,0.0748128235531707,5.24097984021873,1.1260239539931696,Not significant
chr20,33667227,33667727,501,*,5.77244008748081,4.57591870853068,6.41737977776874,-1.25188864275885,0.0062765484320645,0.0754591009257908,-1.25188864275885,0.0754591009257908,5.77244008748081,1.1222883736022111,Not significant
chr14,21456318,21456818,501,*,4.06739050632189,0.343777112202407,5.01172622710458,-1.86649705820272,0.0063427425176086,0.0754813954284251,-1.86649705820272,0.0754813954284251,4.06739050632189,1.1221600796085496,Not significant
chr12,57520605,57521105,501,*,5.54191752154195,4.15607405931542,6.23553542388297,-1.31351834617748,0.0063440438219814,0.0754813954284251,-1.31351834617748,0.0754813954284251,5.54191752154195,1.1221600796085496,Not significant
chr16,70454200,70454700,501,*,5.02398792537774,3.37082886353427,5.77421435286134,-1.39012227175534,0.0063486834764442,0.0754813954284251,-1.39012227175534,0.0754813954284251,5.02398792537774,1.1221600796085496,Not significant
chr1,8212013,8212513,501,*,5.61955951118016,4.36079517594877,6.2813987173628,-1.26549549406355,0.0064898835730111,0.0768764885008894,-1.26549549406355,0.0768764885008894,5.61955951118016,1.1142064622218706,Not significant
chr20,53735985,53736485,501,*,4.01741691297065,0.343777112202407,4.95975096315229,-1.84389048514611,0.0065183556063221,0.0769309222108786,-1.84389048514611,0.0769309222108786,4.01741691297065,1.1138990614177686,Not significant
chr2,111705709,111706209,501,*,5.90562659690704,4.58822778969853,6.58256395480536,-1.28486207808644,0.0065599497812727,0.0769762528115542,-1.28486207808644,0.0769762528115542,5.90562659690704,1.1136432340945632,Not significant
chr9,135500629,135501129,501,*,6.36047704431929,5.13406111281369,7.01364911718355,-1.25853767206578,0.0065845260616807,0.0769762528115542,-1.25853767206578,0.0769762528115542,6.36047704431929,1.1136432340945632,Not significant
chr22,43100291,43100791,501,*,4.89689001049718,2.43286978519783,5.75984454573992,-1.5677177242357,0.0066075658737437,0.0769762528115542,-1.5677177242357,0.0769762528115542,4.89689001049718,1.1136432340945632,Not significant
chr17,18224680,18225180,501,*,4.94890809396628,2.83747721212673,5.77150171131541,-1.49294100470626,0.006617759785475,0.0769762528115542,-1.49294100470626,0.0769762528115542,4.94890809396628,1.1136432340945632,Not significant
chr10,70170362,70170862,501,*,5.03855875996467,3.04634777857707,5.84479752426785,-1.46593349206935,0.0066454925925905,0.0770207810551322,-1.46593349206935,0.0770207810551322,5.03855875996467,1.1133920815817109,Not significant
chr7,105521952,105522452,501,*,6.04540177087937,4.90131218712234,6.67536436184281,-1.22344466170696,0.0067515890993851,0.0779699644380611,-1.22344466170696,0.0779699644380611,6.04540177087937,1.1080726638600913,Not significant
chr1,43358824,43359324,501,*,4.81702636843605,3.07535442961616,5.5833900548142,-1.40285169547968,0.0068314271668811,0.0786102083274679,-1.40285169547968,0.0786102083274679,4.81702636843605,1.1045210527848393,Not significant
chr2,113359244,113359744,501,*,3.52360484507048,0.0,4.52360484507048,-2.08901242505799,0.0070195542112777,0.0804875575399892,-2.08901242505799,0.0804875575399892,3.52360484507048,1.0942712514256356,Not significant
chr11,65014002,65014502,501,*,6.80869473232384,6.0208155370563,7.31540339748663,-1.02288553826329,0.0071206270319846,0.0813569514079951,-1.02288553826329,0.0813569514079951,6.80869473232384,1.0896053335795484,Not significant
chr20,63864635,63865135,501,*,6.0107155275689,4.87155159854482,6.63923474121655,-1.2117118009019,0.0072194630336825,0.0821947346096298,-1.2117118009019,0.0821947346096298,6.0107155275689,1.0851560024505236,Not significant
chr11,47254880,47255380,501,*,4.95193509839887,1.74530599720678,5.87160319605977,-1.66791228853613,0.0074389814053108,0.0843957679151812,-1.66791228853613,0.0843957679151812,4.95193509839887,1.0736793308289203,Not significant
chr14,105528286,105528786,501,*,5.2992629454354,3.91742138724535,5.9919323601616,-1.29437048917919,0.0075178030307312,0.0849907416316349,-1.29437048917919,0.0849907416316349,5.2992629454354,1.0706283810773334,Not significant
chr7,99551810,99552310,501,*,5.37971360260438,3.67261931172566,6.13991213452136,-1.36342458536644,0.007961685673225,0.0895365989751276,-1.36342458536644,0.0895365989751276,5.37971360260438,1.0479994062043847,Not significant
chr11,118180575,118181075,501,*,4.63754260096014,2.48017129355789,5.46604067912072,-1.4511751632192,0.0079930782853222,0.0895365989751276,-1.4511751632192,0.0895365989751276,4.63754260096014,1.0479994062043847,Not significant
chr12,6688966,6689466,501,*,6.6967210157463,5.9231611745332,7.19755133432162,-1.0035130852141,0.0080032714167711,0.0895365989751276,-1.0035130852141,0.0895365989751276,6.6967210157463,1.0479994062043847,Not significant
chr10,73251998,73252498,501,*,5.21870343308042,3.32851846215393,6.00966520303489,-1.39624468564906,0.008174497566506,0.0911357479559951,-1.39624468564906,0.0911357479559951,5.21870343308042,1.0403112377935746,Not significant
chr19,10096277,10096777,501,*,5.87218580325753,4.55622442812663,6.54876216462159,-1.26318619519139,0.0082400860605552,0.0915090003718527,-1.26318619519139,0.0915090003718527,5.87218580325753,1.0385361887794673,Not significant
chr16,84116779,84117279,501,*,5.90628798461402,4.52731427871444,6.59827568711849,-1.28050014335215,0.0082647793631934,0.0915090003718527,-1.28050014335215,0.0915090003718527,5.90628798461402,1.0385361887794673,Not significant
chr3,15099162,15099662,501,*,5.11974692312931,2.25987917003653,6.016793091905,-1.56798203967843,0.0083013951376866,0.0915996408685836,-1.56798203967843,0.0915996408685836,5.11974692312931,1.038106229051562,Not significant
chr22,49959784,49960284,501,*,5.2301393623717,3.68875185339165,5.95822976628919,-1.31971535368692,0.0083635728697764,0.0919707569502384,-1.31971535368692,0.0919707569502384,5.2301393623717,1.0363502391109074,Not significant
chr19,58499463,58499963,501,*,5.23404793196764,2.52291357587033,6.1194583661069,-1.53820628520425,0.0084033107177443,0.0920934256209946,-1.53820628520425,0.0920934256209946,5.23404793196764,1.035771372174876,Not significant
chr20,53594161,53594661,501,*,5.69367963786645,4.35908180277198,6.37490166880094,-1.26329364595453,0.0084910799155009,0.0927398626703189,-1.26329364595453,0.0927398626703189,5.69367963786645,1.032733551545313,Not significant
chr12,56645617,56646117,501,*,5.43175519266728,4.00828793428357,6.13413326480974,-1.28303417107853,0.0086184672280508,0.0938131804350665,-1.28303417107853,0.0938131804350665,5.43175519266728,1.0277361404260001,Not significant
chr14,105021238,105021738,501,*,6.18210420301821,4.84591864117546,6.86371856755662,-1.26323635176244,0.0086834434308473,0.0942022044922228,-1.26323635176244,0.0942022044922228,6.18210420301821,1.025938933856748,Not significant
chr2,27370211,27370711,501,*,5.76006435319049,4.49625487929265,6.42323326200498,-1.2381986039941,0.0089027116124409,0.0961655084735198,-1.2381986039941,0.0961655084735198,5.76006435319049,1.0169806677296969,Not significant
KI270744.1,108292,108792,501,*,4.78902283916949,5.69539370757241,1.79679636289417,1.57742185610277,0.0089667573847416,0.0961655084735198,1.57742185610277,0.0961655084735198,4.78902283916949,1.0169806677296969,Not significant
chr12,56221594,56222094,501,*,5.84264545849564,3.15113203426001,6.72642188426009,-1.52609566948516,0.0089817779571301,0.0961655084735198,-1.52609566948516,0.0961655084735198,5.84264545849564,1.0169806677296969,Not significant
chr10,5813760,5814260,501,*,6.0631601138683,5.08912524666176,6.63936267458282,-1.1191214884173,0.0089838044849563,0.0961655084735198,-1.1191214884173,0.0961655084735198,6.0631601138683,1.0169806677296969,Not significant
chr16,1536064,1536564,501,*,4.64196826395554,1.34377711220241,5.56670748529026,-1.63374075361325,0.0090147355986221,0.0961770797972205,-1.63374075361325,0.0961770797972205,4.64196826395554,1.0169284134465164,Not significant
chr16,30585594,30586094,501,*,6.12335877196875,5.16958776142523,6.69257645786488,-1.10239681191113,0.0091664747352747,0.0974732065909411,-1.10239681191113,0.0974732065909411,6.12335877196875,1.0111147466485504,Not significant
chr11,18634874,18635374,501,*,5.23246732768841,2.9669486631373,6.07405817153024,-1.43649498442202,0.0092841290851183,0.0979067926324721,-1.43649498442202,0.0979067926324721,5.23246732768841,1.0091871764250093,Not significant
chr14,105419538,105420038,501,*,5.46340433027652,3.78958563681695,6.21750282278604,-1.33637356912415,0.0092844221009544,0.0979067926324721,-1.33637356912415,0.0979067926324721,5.46340433027652,1.0091871764250093,Not significant
chr3,49093608,49094108,501,*,4.85386841540362,3.20652999924605,5.60299197772946,-1.32792056519856,0.009298410473475,0.0979067926324721,-1.32792056519856,0.0979067926324721,4.85386841540362,1.0091871764250093,Not significant
chr11,47214526,47215026,501,*,5.50136768415877,4.29011814438324,6.15039041668771,-1.21348766812128,0.0093497660235317,0.0981268603512028,-1.21348766812128,0.0981268603512028,5.50136768415877,1.008212096538635,Not significant
chr20,38446563,38447063,501,*,5.84952351829799,4.2937103336628,6.58058790232981,-1.30026807123075,0.0095718382207717,0.100131372556255,-1.30026807123075,0.100131372556255,5.84952351829799,0.999429830678506,Not significant
chr15,65185393,65185893,501,*,5.14547264192233,2.34377711220241,6.03812117919231,-1.52475865426261,0.0096598496978018,0.100725034713002,-1.52475865426261,0.100725034713002,5.14547264192233,0.9968625742680768,Not significant
chr19,43755008,43755508,501,*,7.12278837961774,6.4997114817001,7.55651200705277,-0.885973538430999,0.0097904567925641,0.101757586405296,-0.885973538430999,0.101757586405296,7.12278837961774,0.9924332026321068,Not significant
chr16,70381352,70381852,501,*,4.9528647526727,2.25987917003653,5.83676461531011,-1.48917653926079,0.0098364072463387,0.101906444204835,-1.48917653926079,0.101906444204835,4.9528647526727,0.9917983518708179,Not significant
chr11,66347884,66348384,501,*,5.33623963796546,2.39738269378647,6.23896039923359,-1.52593704561237,0.0099431375493818,0.102682016615731,-1.52593704561237,0.102682016615731,5.33623963796546,0.988505610623073,Not significant
chr4,103076119,103076619,501,*,5.05370900288588,3.59607528208403,5.76380254838308,-1.27470257538606,0.0099803792686149,0.102737322694816,-1.27470257538606,0.102737322694816,5.05370900288588,0.9882717560539434,Not significant
chr1,20185175,20185675,501,*,5.97150397684986,4.85613422213782,6.59296011322279,-1.16781431165064,0.0101005440241832,0.103643161929676,-1.16781431165064,0.103643161929676,5.97150397684986,0.9844593460947093,Not significant
chr10,73246855,73247355,501,*,5.56786532406585,4.10481211945688,6.27916227063132,-1.270735375819,0.0101351832625206,0.103668445942354,-1.270735375819,0.103668445942354,5.56786532406585,0.984353411773389,Not significant
chr20,51631406,51631906,501,*,5.78725729679922,6.52301304790227,4.20832883942481,1.29752394701431,0.0101734390718275,0.10373044521971,1.29752394701431,0.10373044521971,5.78725729679922,0.98409375807236,Not significant
chr2,74440559,74441059,501,*,5.67376253722136,4.37252835049374,6.34661425037978,-1.22534404006101,0.010255173132152,0.10423396792364,-1.22534404006101,0.10423396792364,5.67376253722136,0.9819907294259185,Not significant
chr2,96335989,96336489,501,*,5.5901728936565,4.39152766308457,6.23570466395981,-1.1979381047557,0.0103654482751285,0.104962546556345,-1.1979381047557,0.104962546556345,5.5901728936565,0.9789656411739002,Not significant
chr1,244834959,244835459,501,*,4.95246401528341,3.23251567905731,5.71497476808452,-1.32146139085996,0.0103920087993401,0.104962546556345,-1.32146139085996,0.104962546556345,4.95246401528341,0.9789656411739002,Not significant
GL000224.1,19384,19884,501,*,2.97788637554928,3.97788637554928,0.0,1.8021967637711,0.0104335223120425,0.105010188189311,1.8021967637711,0.105010188189311,2.97788637554928,0.9787685632181731,Not significant
chr8,144791892,144792392,501,*,6.12126523969946,5.10877360776074,6.71036769740578,-1.12461663263583,0.0104619088791958,0.105010188189311,-1.12461663263583,0.105010188189311,6.12126523969946,0.9787685632181731,Not significant
chr10,102133203,102133703,501,*,6.98175405127661,6.3303821796903,7.42888399203951,-0.906026884805401,0.0105811945543477,0.105521779724958,-0.906026884805401,0.105521779724958,6.98175405127661,0.9766578926113265,Not significant
chr2,190880460,190880960,501,*,5.35334015500862,2.66570520708977,6.23679072561453,-1.47778086901672,0.0105982398726078,0.105521779724958,-1.47778086901672,0.105521779724958,5.35334015500862,0.9766578926113265,Not significant
chr17,75110221,75110721,501,*,5.09227725691392,2.56144893703423,5.96172285334415,-1.44464709529063,0.010611128687426,0.105521779724958,-1.44464709529063,0.105521779724958,5.09227725691392,0.9766578926113265,Not significant
chr17,57874685,57875185,501,*,5.65081002832976,4.50694040732969,6.28070829885045,-1.17503823396746,0.010762872395179,0.106701461099283,-1.17503823396746,0.106701461099283,5.65081002832976,0.9718296335932287,Not significant
chr2,127079937,127080437,501,*,4.73282524557523,2.59607528208403,5.55869920703847,-1.38507923062383,0.010818695667563,0.10692232599154,-1.38507923062383,0.10692232599154,4.73282524557523,0.9709316021573343,Not significant
chr17,75182867,75183367,501,*,5.25603647344321,3.82293289372375,5.96061335437222,-1.25800089852651,0.0108515209805194,0.10692232599154,-1.25800089852651,0.10692232599154,5.25603647344321,0.9709316021573343,Not significant
chr2,216412521,216413021,501,*,4.71426821494276,1.93795107514917,5.60493760101703,-1.46893888778293,0.0109661884299103,0.10743555695733,-1.46893888778293,0.10743555695733,4.71426821494276,0.9688519603990337,Not significant
chr2,216109144,216109644,501,*,6.05500539285105,4.96244192976673,6.66954807076635,-1.15168570404628,0.0109702974050161,0.10743555695733,-1.15168570404628,0.10743555695733,6.05500539285105,0.9688519603990337,Not significant
chr15,44427123,44427623,501,*,5.43138564018428,3.55697194589585,6.21987278369681,-1.34054876385119,0.0110114346236035,0.107511643506819,-1.34054876385119,0.107511643506819,5.43138564018428,0.9685444991257636,Not significant
chr11,66637713,66638213,501,*,4.74864482738225,2.63272916482704,5.57182424397186,-1.37780450242342,0.011073195872226,0.107788027493391,-1.37780450242342,0.107788027493391,4.74864482738225,0.9674294755343952,Not significant
chr8,127854191,127854691,501,*,6.56670335474446,5.51601049890287,7.1681752266696,-1.13629882014563,0.0111115245873159,0.107822180550085,-1.13629882014563,0.107822180550085,6.56670335474446,0.9672918894310193,Not significant
chr20,3807754,3808254,501,*,5.78789340749039,4.57518094614602,6.43731880374505,-1.19516453293129,0.011143633185344,0.107822180550085,-1.19516453293129,0.107822180550085,5.78789340749039,0.9672918894310193,Not significant
chr19,42316584,42317084,501,*,6.05074379597714,4.77197472012109,6.7178211464462,-1.2126209148783,0.0113574684230845,0.109372351521906,-1.2126209148783,0.109372351521906,6.05074379597714,0.9610924503888119,Not significant
chr19,41327093,41327593,501,*,5.72060743413694,4.57812973472972,6.3500983916697,-1.16302074599994,0.0113717373556296,0.109372351521906,-1.16302074599994,0.109372351521906,5.72060743413694,0.9610924503888119,Not significant
chr17,27964655,27965155,501,*,4.89227357493024,2.10787607659148,5.78357719071377,-1.45562628781925,0.011529919290674,0.110524900888474,-1.45562628781925,0.110524900888474,4.89227357493024,0.9565398658688935,Not significant
chr7,55699101,55699601,501,*,4.3381711418149,1.81074975044244,5.20729363590499,-1.41973426508441,0.0115601774051569,0.110524900888474,-1.41973426508441,0.110524900888474,4.3381711418149,0.9565398658688935,Not significant
chr2,37345460,37345960,501,*,5.74179957216997,4.2055768827173,6.46881644800116,-1.2684789010056,0.0116631486003163,0.110597330726611,-1.2684789010056,0.110597330726611,5.74179957216997,0.9562553546289039,Not significant
chr11,117098418,117098918,501,*,5.15530526353245,2.7706864390799,6.01010258047442,-1.40660731072555,0.0116670832584628,0.110597330726611,-1.40660731072555,0.110597330726611,5.15530526353245,0.9562553546289039,Not significant
chrX,103686853,103687353,501,*,4.89399826258893,2.62988999692656,5.73542533213184,-1.39043977273119,0.0116707301201265,0.110597330726611,-1.39043977273119,0.110597330726611,4.89399826258893,0.9562553546289039,Not significant
chr22,37848571,37849071,501,*,5.22656689182827,3.01674593603044,6.06155219557815,-1.37574369686023,0.0119744827516036,0.113143059899316,-1.37574369686023,0.113143059899316,5.22656689182827,0.946372080152634,Not significant
chr17,32350007,32350507,501,*,5.69325454557247,4.17154146725655,6.41723056343606,-1.25624317921659,0.0120495239555311,0.113367498058337,-1.25624317921659,0.113367498058337,5.69325454557247,0.9455114378340669,Not significant
chr1,174999316,174999816,501,*,5.999791902264,5.07691882348362,6.55810111706538,-1.06561763129747,0.0120686070248323,0.113367498058337,-1.06561763129747,0.113367498058337,5.999791902264,0.9455114378340669,Not significant
chr1,46247972,46248472,501,*,4.27484365969881,0.0,5.27484365969881,-1.71098727112076,0.0121608715792027,0.113711640932094,-1.71098727112076,0.113711640932094,4.27484365969881,0.9441950732736789,Not significant
chr7,77006634,77007134,501,*,3.03211382910905,0.0,4.03211382910905,-1.69671578727087,0.0121758274741069,0.113711640932094,-1.69671578727087,0.113711640932094,3.03211382910905,0.9441950732736789,Not significant
chr14,75223459,75223959,501,*,5.46718240007056,4.27859891108711,6.10989929286934,-1.17148630402191,0.0124191210508535,0.115572036759303,-1.17148630402191,0.115572036759303,5.46718240007056,0.9371472329587214,Not significant
chr13,20902166,20902666,501,*,5.55022086008431,2.92873961292356,6.42796447952405,-1.42007224287039,0.0124467711841955,0.115572036759303,-1.42007224287039,0.115572036759303,5.55022086008431,0.9371472329587214,Not significant
chr3,155870411,155870911,501,*,5.13626335487466,3.37252835049374,5.90647098136523,-1.29011978708017,0.0127996416805823,0.118507027284012,-1.29011978708017,0.118507027284012,5.13626335487466,0.9262558958970791,Not significant
chr2,74464751,74465251,501,*,5.33675857308824,3.82168934173778,6.05932980016998,-1.25019254300681,0.0129093482401776,0.119180286618488,-1.25019254300681,0.119180286618488,5.33675857308824,0.9237955744685565,Not significant
chr19,55383217,55383717,501,*,4.5021939994546,1.66570520708977,5.39749568177853,-1.43732193674122,0.0130031409725859,0.119555551870695,-1.43732193674122,0.119555551870695,4.5021939994546,0.9224302514944858,Not significant
chr2,177212714,177213214,501,*,6.61867599868771,5.6032435700509,7.20874617461229,-1.09915020336707,0.0130279460506063,0.119555551870695,-1.09915020336707,0.119555551870695,6.61867599868771,0.9224302514944858,Not significant
chr7,99408329,99408829,501,*,6.87910438883524,6.12077523510575,7.37359106388851,-0.96621890011152,0.0130613141708519,0.119555551870695,-0.96621890011152,0.119555551870695,6.87910438883524,0.9224302514944858,Not significant
chr3,50299306,50299806,501,*,5.09074364591248,3.63414665625788,5.8006063540948,-1.2318270165774,0.0131327421000638,0.119868824494066,-1.2318270165774,0.119868824494066,5.09074364591248,0.9212937536042657,Not significant
chr12,31073871,31074371,501,*,4.74079565122413,3.15508700770912,5.47791042765286,-1.25571376050251,0.0133500288314961,0.121507889534125,-1.25571376050251,0.121507889534125,4.74079565122413,0.9153955223134466,Not significant
chr2,231680910,231681410,501,*,5.9503517893987,5.01252313342562,6.51398052940426,-1.06905751151694,0.0134204383739813,0.121577177581464,-1.06905751151694,0.121577177581464,5.9503517893987,0.9151479429965171,Not significant
chr22,50327224,50327724,501,*,5.08985256203182,3.6159541146269,5.80354118974286,-1.2306880444563,0.0134352773214239,0.121577177581464,-1.2306880444563,0.121577177581464,5.08985256203182,0.9151479429965171,Not significant
chr2,130372621,130373121,501,*,4.74256414030873,3.15508700770912,5.48003213531471,-1.25422037314357,0.0134864081371688,0.121577177581464,-1.25422037314357,0.121577177581464,4.74256414030873,0.9151479429965171,Not significant
chr1,19311918,19312418,501,*,4.79632490061545,2.43937076191879,5.64816161262982,-1.3562021254517,0.0135254521426722,0.121577177581464,-1.3562021254517,0.121577177581464,4.79632490061545,0.9151479429965171,Not significant
chr10,5538834,5539334,501,*,4.5265371856981,1.34377711220241,5.44482648545771,-1.46470091866715,0.0135463087373512,0.121577177581464,-1.46470091866715,0.121577177581464,4.5265371856981,0.9151479429965171,Not significant
chr12,47775101,47775601,501,*,5.1143436366624,2.52291357587033,5.9893992794069,-1.37744886612119,0.0138620050142802,0.123292585203563,-1.37744886612119,0.123292585203563,5.1143436366624,0.909063041019892,Not significant
chr21,42879125,42879625,501,*,5.98393579622304,4.76761569088289,6.63435196122299,-1.16288657464205,0.0138630777965803,0.123292585203563,-1.16288657464205,0.123292585203563,5.98393579622304,0.909063041019892,Not significant
chr14,50876139,50876639,501,*,3.38177801367064,0.0,4.34824623433318,-1.55814920980351,0.0138809377995676,0.123292585203563,-1.55814920980351,0.123292585203563,3.38177801367064,0.909063041019892,Not significant
chr1,112619024,112619524,501,*,5.16899436896792,3.77454783614864,5.86464029819884,-1.20993926773357,0.0138905054093399,0.123292585203563,-1.20993926773357,0.123292585203563,5.16899436896792,0.909063041019892,Not significant
chr19,17932834,17933334,501,*,5.37441623904366,4.14342832120172,6.02882830119726,-1.16695540810042,0.0139633516561803,0.123454285495779,-1.16695540810042,0.123454285495779,5.37441623904366,0.9084938297104603,Not significant
chr14,89956001,89956501,501,*,5.51338023315581,3.22688996296292,6.35738532772859,-1.34565090101172,0.0139853551228924,0.123454285495779,-1.34565090101172,0.123454285495779,5.51338023315581,0.9084938297104603,Not significant
chr1,110436582,110437082,501,*,5.46809671647346,3.02541391639951,6.32890756660276,-1.35711137677113,0.0140472249401803,0.1236616359488,-1.35711137677113,0.1236616359488,5.46809671647346,0.9077650124155284,Not significant
chr6,6749491,6749991,501,*,4.09143288074422,0.937951075149173,5.00799761250164,-1.42773306220987,0.0143161461240109,0.125685620739954,-1.42773306220987,0.125685620739954,4.09143288074422,0.9007144056116012,Not significant
chrX,154515950,154516450,501,*,5.17370192055497,2.15113203426001,6.08208469480661,-1.42140107023822,0.0144465408254897,0.12627722824317,-1.42140107023822,0.12627722824317,5.17370192055497,0.8986749593416469,Not significant
chr1,181096200,181096700,501,*,4.94126931691192,3.32676630095142,5.68407111724419,-1.24330111266172,0.0144906459411047,0.12627722824317,-1.24330111266172,0.12627722824317,4.94126931691192,0.8986749593416469,Not significant
chr20,3470565,3471065,501,*,5.13463126280955,2.89895569005934,5.97271832128505,-1.33098174819091,0.0145011093885701,0.12627722824317,-1.33098174819091,0.12627722824317,5.13463126280955,0.8986749593416469,Not significant
chr6,143511295,143511795,501,*,5.2598662455287,3.90248899381112,5.94666599274156,-1.19407636760983,0.0146550752091325,0.127009940279505,-1.19407636760983,0.127009940279505,5.2598662455287,0.8961622881810474,Not significant
chr9,136949983,136950483,501,*,4.9706810030483,2.39738269378647,5.84408504870677,-1.35893986844346,0.0146640899391607,0.127009940279505,-1.35893986844346,0.127009940279505,4.9706810030483,0.8961622881810474,Not significant
chr2,240256438,240256938,501,*,5.37606924311875,2.93795107514917,6.23641695352075,-1.34322135588472,0.0147476671756234,0.127379534231384,-1.34322135588472,0.127379534231384,5.37606924311875,0.8949003434634647,Not significant
chr20,36861286,36861786,501,*,5.92703504803848,5.02054458717541,6.47943054000379,-1.04259579153876,0.0148154386246056,0.127379534231384,-1.04259579153876,0.127379534231384,5.92703504803848,0.8949003434634647,Not significant
chr22,41589817,41590317,501,*,5.40187969763417,3.58033737756848,6.18183833740854,-1.26879199305738,0.0148253647848445,0.127379534231384,-1.26879199305738,0.127379534231384,5.40187969763417,0.8949003434634647,Not significant
chr2,113283640,113284140,501,*,5.14695130742005,2.51370211364472,6.02573103011044,-1.36286029767155,0.015182430505573,0.129892772014204,-1.36286029767155,0.129892772014204,5.14695130742005,0.8864150149137542,Not significant
chr19,3185555,3186055,501,*,4.6948484016911,1.93795107514917,5.58397775436231,-1.36678870793142,0.0152325215102988,0.129892772014204,-1.36678870793142,0.129892772014204,4.6948484016911,0.8864150149137542,Not significant
chr1,62436610,62437110,501,*,5.30960344260952,4.04847558391231,5.97206631336009,-1.16498148658448,0.0152451923042211,0.129892772014204,-1.16498148658448,0.129892772014204,5.30960344260952,0.8864150149137542,Not significant
chr2,203239173,203239673,501,*,5.64021018380152,4.52960100341679,6.26023494058252,-1.1176393614349,0.0152791311587161,0.129892772014204,-1.1176393614349,0.129892772014204,5.64021018380152,0.8864150149137542,Not significant
chr16,30064620,30065120,501,*,5.86778372121338,4.3059996086883,6.60006861417042,-1.22330114752697,0.0153392567047837,0.129899019381324,-1.22330114752697,0.129899019381324,5.86778372121338,0.8863941274403464,Not significant
chr10,133261434,133261934,501,*,5.09846995601048,2.51370211364472,5.97292137641005,-1.35350459914006,0.0154019958706104,0.129899019381324,-1.35350459914006,0.129899019381324,5.09846995601048,0.8863941274403464,Not significant
chr17,74203899,74204399,501,*,5.53830275538992,4.44564884845984,6.15287313275129,-1.11491989690639,0.0154200695985789,0.129899019381324,-1.11491989690639,0.129899019381324,5.53830275538992,0.8863941274403464,Not significant
chr3,124835712,124836212,501,*,5.75660684890815,4.74136542722611,6.34661425037978,-1.08301422269467,0.0154767149944617,0.129899019381324,-1.08301422269467,0.129899019381324,5.75660684890815,0.8863941274403464,Not significant
chr20,36460681,36461181,501,*,4.86869222770123,3.30243792635442,5.60188689291112,-1.22504027604449,0.0154814473750554,0.129899019381324,-1.22504027604449,0.129899019381324,4.86869222770123,0.8863941274403464,Not significant
chr12,53976102,53976602,501,*,4.62535427751006,1.74530599720678,5.52388204902549,-1.37115156068448,0.0156351459500682,0.130425683869448,-1.37115156068448,0.130425683869448,4.62535427751006,0.8846368774351909,Not significant
chr6,27894542,27895042,501,*,5.03126683147076,3.55697194589585,5.74504247002352,-1.20753204498289,0.015701759839288,0.130425683869448,-1.20753204498289,0.130425683869448,5.03126683147076,0.8846368774351909,Not significant
chr19,17842579,17843079,501,*,5.18029002706654,3.82541678661483,5.86648199469498,-1.18032467206292,0.015702538748686,0.130425683869448,-1.18032467206292,0.130425683869448,5.18029002706654,0.8846368774351909,Not significant
chr17,1491135,1491635,501,*,5.07239441169162,2.52291357587033,5.94359422972715,-1.33697890813523,0.0157061344945207,0.130425683869448,-1.33697890813523,0.130425683869448,5.07239441169162,0.8846368774351909,Not significant
chr1,179921956,179922456,501,*,4.99272242935344,3.07952238280446,5.78723979216953,-1.26724368631087,0.015749867659691,0.130452631361245,-1.26724368631087,0.130452631361245,4.99272242935344,0.8845471563173599,Not significant
chr16,33338743,33339243,501,*,3.93159670245445,4.84775252824547,0.78496562051359,1.39403349639265,0.0158832252982583,0.131107281570849,1.39403349639265,0.131107281570849,3.93159670245445,0.8823731873471325,Not significant
chr19,796608,797108,501,*,6.15414123573384,5.06408249764025,6.76791591131726,-1.10629533658659,0.0159102877387343,0.131107281570849,-1.10629533658659,0.131107281570849,6.15414123573384,0.8823731873471325,Not significant
chr16,4183388,4183888,501,*,6.18104260147413,5.29236431061945,6.72690354875011,-1.02346865990787,0.0159625197589043,0.131202139446913,-1.02346865990787,0.131202139446913,6.18104260147413,0.8820590830822106,Not significant
chr1,232380909,232381409,501,*,5.18591180778127,3.79085715891723,5.88170052540919,-1.18753970282902,0.0160933300744764,0.131940736641127,-1.18753970282902,0.131940736641127,5.18591180778127,0.8796210955300581,Not significant
chr17,75131139,75131639,501,*,5.88288117044867,4.33442507012281,6.61243330861348,-1.21589634472258,0.0161835925223965,0.132343997733913,-1.21589634472258,0.132343997733913,5.88288117044867,0.8782957506992576,Not significant
chr11,73779444,73779944,501,*,5.93072964024819,4.60315672156303,6.61020930703862,-1.17379360059179,0.0162396572792506,0.132466267731001,-1.17379360059179,0.132466267731001,5.93072964024819,0.8778946998659903,Not significant
chr17,45225807,45226307,501,*,5.40617975175095,4.2910170305744,6.0275737662539,-1.11344145845877,0.0163675920690029,0.132766061020311,-1.11344145845877,0.132766061020311,5.40617975175095,0.8769129294512096,Not significant
chr20,45934598,45935098,501,*,6.53311201419114,5.8911873887721,6.97580879858813,-0.876041251425749,0.0164050117648037,0.132766061020311,-0.876041251425749,0.132766061020311,6.53311201419114,0.8769129294512096,Not significant
chr1,35192710,35193210,501,*,6.29179718326805,5.36997836871956,6.84972857825396,-1.04112445369197,0.0164078216279702,0.132766061020311,-1.04112445369197,0.132766061020311,6.29179718326805,0.8769129294512096,Not significant
chr7,1741862,1742362,501,*,6.5032371110149,5.35188055895131,7.13531756666831,-1.12601185907992,0.0164412347446008,0.132766061020311,-1.12601185907992,0.132766061020311,6.5032371110149,0.8769129294512096,Not significant
chr7,73308914,73309414,501,*,5.11523035837491,3.49547522151411,5.8590549123242,-1.22448798359874,0.0165017133971501,0.132921301414044,-1.22448798359874,0.132921301414044,5.11523035837491,0.8764054152554158,Not significant
chr14,75215708,75216208,501,*,5.54171311213579,4.3498287637025,6.18535622574561,-1.13160030741515,0.0166323772593518,0.133335554316301,-1.13160030741515,0.133335554316301,5.54171311213579,0.8750540292470963,Not significant
chr1,45521943,45522443,501,*,5.2423514680722,3.99206214447711,5.90194371381848,-1.14941405831303,0.0166632865831622,0.133335554316301,-1.14941405831303,0.133335554316301,5.2423514680722,0.8750540292470963,Not significant
chr3,56682901,56683401,501,*,5.2080304949733,3.80949564796796,5.90463495098448,-1.17980269187046,0.016677290002939,0.133335554316301,-1.17980269187046,0.133335554316301,5.2080304949733,0.8750540292470963,Not significant
chr19,48806822,48807322,501,*,4.09796589761473,0.0,5.09796589761473,-1.49998596298558,0.0168225414288851,0.134163931890762,-1.49998596298558,0.134163931890762,4.09796589761473,0.8723642225140817,Not significant
chr7,101103478,101103978,501,*,4.48024638627048,1.66570520708977,5.37388249153688,-1.34848081155955,0.0169307413346359,0.134365503092167,-1.34848081155955,0.134365503092167,4.48024638627048,0.8717122174411277,Not significant
chr19,55599376,55599876,501,*,5.98058640521422,4.9468303561974,6.57662765902682,-1.0839611932645,0.0169966449069702,0.134365503092167,-1.0839611932645,0.134365503092167,5.98058640521422,0.8717122174411277,Not significant
chr7,362027,362527,501,*,4.37709219064124,1.52291357587033,5.27371664080645,-1.34110653662811,0.0170097575184888,0.134365503092167,-1.34110653662811,0.134365503092167,4.37709219064124,0.8717122174411277,Not significant
chr4,3954821,3955321,501,*,5.18089253106937,3.3059996086883,5.96945533099104,-1.24619900343667,0.0170146260898833,0.134365503092167,-1.24619900343667,0.134365503092167,5.18089253106937,0.8717122174411277,Not significant
chr17,17922490,17922990,501,*,5.39771908482676,3.94568918267794,6.10656247196608,-1.19071352223725,0.0171071537304558,0.134463607402986,-1.19071352223725,0.134463607402986,5.39771908482676,0.8713952416295982,Not significant
chr11,33941456,33941956,501,*,5.09550538245896,2.52291357587033,5.96884461407434,-1.31456363445279,0.0171105149085115,0.134463607402986,-1.31456363445279,0.134463607402986,5.09550538245896,0.8713952416295982,Not significant
chr19,13151782,13152282,501,*,5.04959502950769,3.65071270163795,5.74628079975355,-1.17921230202799,0.0172097423065408,0.134914330198721,-1.17921230202799,0.134914330198721,5.04959502950769,0.8699419184104146,Not significant
chr2,88016377,88016877,501,*,5.07226018555279,3.66985764489258,5.76976836229761,-1.17756107691622,0.0172687861300414,0.135048613861634,-1.17756107691622,0.135048613861634,5.07226018555279,0.8695098690502654,Not significant
chr12,57229649,57230149,501,*,5.88607795887724,4.87034927306013,6.47624547790813,-1.07424532247436,0.0175784279719389,0.13698160006234,-1.07424532247436,0.13698160006234,5.88607795887724,0.8633377651652039,Not significant
chr1,34780674,34781174,501,*,3.09122889550264,0.0,4.09122889550264,-1.48008896955928,0.0176009877175074,0.13698160006234,-1.48008896955928,0.13698160006234,3.09122889550264,0.8633377651652039,Not significant
chr5,126776883,126777383,501,*,5.29561960691267,3.96469705623465,5.97593139136537,-1.15438452581303,0.0179317312788304,0.138769569335351,-1.15438452581303,0.138769569335351,5.29561960691267,0.8577057595200717,Not significant
chr16,4271465,4271965,501,*,7.40238507147609,6.88080595349742,7.78465508202168,-0.772321149161109,0.017943753968828,0.138769569335351,-0.772321149161109,0.138769569335351,7.40238507147609,0.8577057595200717,Not significant
chr16,29995657,29996157,501,*,6.05331502270993,5.16714190270468,6.5982480408976,-1.01880896643053,0.0179679835108304,0.138769569335351,-1.01880896643053,0.138769569335351,6.05331502270993,0.8577057595200717,Not significant
chr7,56051059,56051559,501,*,6.01583426254309,5.17435016698823,6.5438362023617,-0.994685725631227,0.0180030043395955,0.138769569335351,-0.994685725631227,0.138769569335351,6.01583426254309,0.8577057595200717,Not significant
chr15,65530520,65531020,501,*,4.80185623671073,3.04634777857707,5.57063865566963,-1.22173262960546,0.0182954614245201,0.140447821030057,-1.22173262960546,0.140447821030057,4.80185623671073,0.85248499424783,Not significant
chr2,70293390,70293890,501,*,5.75576592464049,4.39487630398821,6.44341599692498,-1.1572891403418,0.0183079096314786,0.140447821030057,-1.1572891403418,0.140447821030057,5.75576592464049,0.85248499424783,Not significant
chr8,128176708,128177208,501,*,6.60764544586137,5.63485488004212,7.18342288915375,-1.04829633250926,0.0183818512417634,0.140680106178057,-1.04829633250926,0.140680106178057,6.60764544586137,0.8517673125719926,Not significant
chr11,2203254,2203754,501,*,6.09073413691509,5.23707514260928,6.62342067629595,-0.996562166790633,0.018536460587578,0.141229416502341,-0.996562166790633,0.141229416502341,6.09073413691509,0.8500748351959543,Not significant
chr17,78213913,78214413,501,*,5.32508526065262,3.76065007579319,6.05791010884436,-1.18906372776938,0.0185412921106425,0.141229416502341,-1.18906372776938,0.141229416502341,5.32508526065262,0.8500748351959543,Not significant
chr12,120291889,120292389,501,*,5.7211937623923,6.32457310268805,4.66448916691811,1.07890729200368,0.0186767613992382,0.141703652748093,1.07890729200368,0.141703652748093,5.7211937623923,0.8486189546368431,Not significant
chr20,63759736,63760236,501,*,2.93480031917865,0.0,3.93480031917865,-1.44449936280868,0.0186915122339974,0.141703652748093,-1.44449936280868,0.141703652748093,2.93480031917865,0.8486189546368431,Not significant
chr7,75442320,75442820,501,*,4.2782581394718,1.34377711220241,5.18067316671672,-1.32514436150638,0.0187534390807639,0.141839391357327,-1.32514436150638,0.141839391357327,4.2782581394718,0.8482031409909052,Not significant
chr12,54359347,54359847,501,*,5.14933054940431,3.68602092520404,5.86068429742251,-1.17515407268938,0.018882637693776,0.142482104565214,-1.17515407268938,0.142482104565214,5.14933054940431,0.8462396786493259,Not significant
chr11,130314552,130315052,501,*,6.07884359668491,4.37825784788746,6.83786204662154,-1.20423025574796,0.0191858067182158,0.144162333217465,-1.20423025574796,0.144162333217465,6.07884359668491,0.8411481974022619,Not significant
chr6,60230237,60230737,501,*,2.75805203022635,3.75805203022635,0.0,1.43050793080895,0.0191947985568878,0.144162333217465,1.43050793080895,0.144162333217465,2.75805203022635,0.8411481974022619,Not significant
chr2,120741692,120742192,501,*,4.88557099677146,3.22876764018215,5.63648523734324,-1.19798471554731,0.0193540610776,0.1450204297489,-1.19798471554731,0.1450204297489,4.88557099677146,0.8385708122324315,Not significant
chr11,310101,310601,501,*,2.86138862440577,0.0,3.86138862440577,-1.4223467517914,0.0194284220616139,0.145239851235545,-1.4223467517914,0.145239851235545,2.86138862440577,0.8379142045926278,Not significant
chr22,45413784,45414284,501,*,4.19406672093746,1.34377711220241,5.09040186112165,-1.30491406949309,0.019518736324071,0.145577241750363,-1.30491406949309,0.145577241750363,4.19406672093746,0.8369065134485731,Not significant
KI270438.1,101670,102170,501,*,6.2450682556236,6.90957071987643,4.97617654567237,1.13111308278091,0.0195768646074031,0.145673574515134,1.13111308278091,0.145673574515134,6.2450682556236,0.8366192229940528,Not significant
chr4,3836106,3836606,501,*,6.04852533991961,5.17386293815294,6.58916619605072,-1.00358539328891,0.0197200354812093,0.146400816406581,-1.00358539328891,0.146400816406581,6.04852533991961,0.8344565014204923,Not significant
chr1,92831892,92832392,501,*,5.27796794634942,2.84484167075769,6.13780731459514,-1.25787896221567,0.0200101769889392,0.147619053990669,-1.25787896221567,0.147619053990669,5.27796794634942,0.8308575821543696,Not significant
chr19,40750030,40750530,501,*,7.22580926248295,6.76393639265489,7.57512571410841,-0.707643222182113,0.0200251448963004,0.147619053990669,-0.707643222182113,0.147619053990669,7.22580926248295,0.8308575821543696,Not significant
chr7,1028616,1029116,501,*,5.6095616394064,3.25066770781093,6.46160799886801,-1.25524656158,0.020058054353879,0.147619053990669,-1.25524656158,0.147619053990669,5.6095616394064,0.8308575821543696,Not significant
chr17,68291232,68291732,501,*,5.6317331654469,4.28921869778247,6.31490608980332,-1.14227644795346,0.0200865304720945,0.147619053990669,-1.14227644795346,0.147619053990669,5.6317331654469,0.8308575821543696,Not significant
chr8,73293821,73294321,501,*,4.95126849340191,3.55846582048056,5.64652806466189,-1.14844954806551,0.0201528734356109,0.147619053990669,-1.14844954806551,0.147619053990669,4.95126849340191,0.8308575821543696,Not significant
chr17,16484801,16485301,501,*,6.18312298806726,5.21674589693137,6.75670143462047,-1.04091037026819,0.0201590266157339,0.147619053990669,-1.04091037026819,0.147619053990669,6.18312298806726,0.8308575821543696,Not significant
chr10,86939323,86939823,501,*,5.27267413511085,3.99095620780952,5.94051591240666,-1.12840166434828,0.0203291295740997,0.148263005615464,-1.12840166434828,0.148263005615464,5.27267413511085,0.8289672000258258,Not significant
chr7,156640747,156641247,501,*,4.4228485864942,2.48017129355789,5.22182540804809,-1.21279286335824,0.0203389970459452,0.148263005615464,-1.21279286335824,0.148263005615464,4.4228485864942,0.8289672000258258,Not significant
chr2,240704346,240704846,501,*,6.00263797517696,4.90307703738059,6.61931702465582,-1.07992826039158,0.0204874685866951,0.148697474799926,-1.07992826039158,0.148697474799926,6.00263797517696,0.8276964066614336,Not significant
chr20,23361995,23362495,501,*,6.0287515086974,5.11526404247314,6.58368393451409,-1.01710007570865,0.0205157584398222,0.148697474799926,-1.01710007570865,0.148697474799926,6.0287515086974,0.8276964066614336,Not significant
chr3,184133745,184134245,501,*,5.35699654791137,4.08860836312044,6.02136715395496,-1.12384649992668,0.0205370503680841,0.148697474799926,-1.12384649992668,0.148697474799926,5.35699654791137,0.8276964066614336,Not significant
chr12,48001398,48001898,501,*,4.26703143087869,1.52291357587033,5.15513506360922,-1.26943564305098,0.0207094992428744,0.149609880180586,-1.26943564305098,0.149609880180586,4.26703143087869,0.8250397248791737,Not significant
chr1,29181388,29181888,501,*,5.31156760582493,3.83747721212673,6.02529836583617,-1.15717751736509,0.0210601294421544,0.151802543764254,-1.15717751736509,0.151802543764254,5.31156760582493,0.818720950881101,Not significant
chr2,241686727,241687227,501,*,6.27345989108148,5.39769986209566,6.81451206645246,-0.995851269733411,0.0211256269259647,0.151934754364862,-0.995851269733411,0.151934754364862,6.27345989108148,0.8183428719406932,Not significant
chr3,57450599,57451099,501,*,5.1323202997807,3.82417537473507,5.80692573851279,-1.12348060728011,0.0214203677664882,0.15371141412834,-1.12348060728011,0.15371141412834,5.1323202997807,0.8132938819543853,Not significant
chr11,69443705,69444205,501,*,5.60956012627528,4.55921217809692,6.210922244256,-1.05553985725676,0.0217302813991398,0.155445075134534,-1.05553985725676,0.155445075134534,5.60956012627528,0.8084230328731368,Not significant
chr9,95649780,95650280,501,*,5.27810092317441,3.77711637106935,5.99766798487422,-1.15016179308142,0.0217783140503711,0.155445075134534,-1.15016179308142,0.155445075134534,5.27810092317441,0.8084230328731368,Not significant
chr1,180953766,180954266,501,*,5.22386872205621,3.97676951427345,5.88261084237095,-1.10977939004664,0.0218066958289291,0.155445075134534,-1.10977939004664,0.155445075134534,5.22386872205621,0.8084230328731368,Not significant
chr15,43566805,43567305,501,*,3.19822197342283,0.0,4.16007996930236,-1.33315061848866,0.021863608225739,0.155506723406912,-1.33315061848866,0.155506723406912,3.19822197342283,0.8082508293033939,Not significant
chr11,62786768,62787268,501,*,5.8154370881663,4.7426801468327,6.42385874846463,-1.06064568336972,0.0219242248836066,0.155594388931675,-1.06064568336972,0.155594388931675,5.8154370881663,0.8080060686570608,Not significant
chr8,127794421,127794921,501,*,7.67818545227128,7.19134367161937,8.04154101769408,-0.731340514006209,0.0222644622155964,0.157661752216817,-0.731340514006209,0.157661752216817,7.67818545227128,0.8022736510963236,Not significant
chr2,73234131,73234631,501,*,6.08187632628857,5.18152259496407,6.63203294509975,-0.998354928780153,0.0225758117248764,0.159372484887501,-0.998354928780153,0.159372484887501,6.08187632628857,0.7975866559198432,Not significant
chr3,31532430,31532930,501,*,4.95233549377993,3.49859132776689,5.6615619475644,-1.1380420013123,0.0226049738030999,0.159372484887501,-1.1380420013123,0.159372484887501,4.95233549377993,0.7975866559198432,Not significant
chr11,61336191,61336691,501,*,5.42488654472175,2.8032087308397,6.30264754641763,-1.23752128364404,0.0226961137631509,0.159665673678761,-1.23752128364404,0.159665673678761,5.42488654472175,0.7967884422477445,Not significant
chr7,369034,369534,501,*,5.84456091409218,4.35155315470163,6.56241071880785,-1.14053078067891,0.0228211931597135,0.160195826493675,-1.14053078067891,0.160195826493675,5.84456091409218,0.7953488025737376,Not significant
chr2,170651421,170651921,501,*,5.50376801131897,3.60043273756495,6.29676938276576,-1.18222974513239,0.0228811489071336,0.160267525606053,-1.18222974513239,0.160267525606053,5.50376801131897,0.7951544681565341,Not significant
chr17,16352856,16353356,501,*,5.43762902642068,3.62988999692656,6.21530061304897,-1.17599862543561,0.0230313128156281,0.160955088149384,-1.17599862543561,0.160955088149384,5.43762902642068,0.7932952897439933,Not significant
chr9,63817910,63818410,501,*,4.13884460115105,5.01728921322744,1.50941299543705,1.23155641822335,0.0230792212057776,0.160955088149384,1.23155641822335,0.160955088149384,4.13884460115105,0.7932952897439933,Not significant
chr20,35742422,35742922,501,*,6.35382712523398,5.5949838586857,6.84852948206075,-0.932066813932945,0.0232720946085035,0.16165548897081,-0.932066813932945,0.16165548897081,6.35382712523398,0.7914095444439346,Not significant
chr7,101126262,101126762,501,*,6.49971295447439,5.6606647200473,7.02677104013963,-0.969782875489981,0.0232799959287572,0.16165548897081,-0.969782875489981,0.16165548897081,6.49971295447439,0.7914095444439346,Not significant
KI270438.1,262,762,501,*,4.7445035737778,5.49205534480225,3.10541267608766,1.15536069890308,0.0233993595784952,0.162134917337444,1.15536069890308,0.162134917337444,4.7445035737778,0.790123445521899,Not significant
chr5,133258939,133259439,501,*,5.87860842873093,4.93392829539895,6.44464933119639,-1.01117917169922,0.0234620630270269,0.162220530199744,-1.01117917169922,0.162220530199744,5.87860842873093,0.7898941834896279,Not significant
MU273333.1,700535,701035,501,*,2.90625835409767,0.0,3.90625835409767,-1.31972752424544,0.0235370704004784,0.162264187367383,-1.31972752424544,0.162264187367383,2.90625835409767,0.7897773208696703,Not significant
chr1,202888337,202888837,501,*,5.15050371365492,3.34550874732244,5.92771759077382,-1.16971201605625,0.0236163756146603,0.162264187367383,-1.16971201605625,0.162264187367383,5.15050371365492,0.7897773208696703,Not significant
chrX,19684817,19685317,501,*,4.78245463946845,2.25987917003653,5.6511161198934,-1.215365088736,0.0236194611655191,0.162264187367383,-1.215365088736,0.162264187367383,4.78245463946845,0.7897773208696703,Not significant
chr15,73951241,73951741,501,*,5.61020101842694,3.25987917003653,6.46131856615208,-1.20493227273799,0.0236723621356461,0.162281597449046,-1.20493227273799,0.162281597449046,5.61020101842694,0.7897307258882734,Not significant
chr19,10565561,10566061,501,*,6.08215672490675,4.91348096287508,6.71922952120183,-1.07414515318248,0.0239576424888847,0.163009613279465,-1.07414515318248,0.163009613279465,6.08215672490675,0.7877867828898164,Not significant
chr11,61814617,61815117,501,*,6.14251431033535,4.94625988227137,6.78737950208649,-1.08437074598045,0.0239744768528522,0.163009613279465,-1.08437074598045,0.163009613279465,6.14251431033535,0.7877867828898164,Not significant
chr12,2812555,2813055,501,*,5.38115215076644,3.10787607659148,6.22364059156339,-1.19592709365692,0.0240136911253801,0.163009613279465,-1.19592709365692,0.163009613279465,5.38115215076644,0.7877867828898164,Not significant
chr1,31714418,31714918,501,*,4.63857873965774,1.92873961292356,5.52388204902549,-1.22589837700078,0.0240171750295517,0.163009613279465,-1.22589837700078,0.163009613279465,4.63857873965774,0.7877867828898164,Not significant
chr2,87419031,87419531,501,*,4.08646201571596,4.93392829539895,1.76930080061527,1.20109451670469,0.0240315227522489,0.163009613279465,1.20109451670469,0.163009613279465,4.08646201571596,0.7877867828898164,Not significant
KI270467.1,2071,2571,501,*,8.11856825471896,7.51793133584219,8.54137956063538,-0.823730393201327,0.0242325256147705,0.163799344220794,-0.823730393201327,0.163799344220794,8.11856825471896,0.7856878412926981,Not significant
chr15,20102133,20102633,501,*,3.13649157855726,4.10071669469419,0.0,1.29179764624596,0.02424962358576,0.163799344220794,1.29179764624596,0.163799344220794,3.13649157855726,0.7856878412926981,Not significant
chr1,23979943,23980443,501,*,5.90046034160309,5.06355656189996,6.42668565538653,-0.96064884265647,0.0245714545255286,0.165625996822705,-0.96064884265647,0.165625996822705,5.90046034160309,0.7808714949029812,Not significant
chr3,47781701,47782201,501,*,5.30119454056938,4.10276586030178,5.94666599274156,-1.07937953595102,0.0246841357309306,0.16603817395628,-1.07937953595102,0.16603817395628,5.30119454056938,0.7797920515225721,Not significant
chr12,49322770,49323270,501,*,4.202565665059,0.928739612923563,5.12598841906148,-1.24239096222884,0.0250301080286227,0.16801460014213,-1.24239096222884,0.16801460014213,4.202565665059,0.7746529772881005,Not significant
chr2,20350873,20351373,501,*,6.08121846271528,5.35446270152236,6.56224743123445,-0.902651673103827,0.025107266613109,0.16818214766619,-0.902651673103827,0.16818214766619,6.08121846271528,0.7742201059313473,Not significant
chr1,32205709,32206209,501,*,5.49908570845174,3.7020051241756,6.2749737611521,-1.15292079967546,0.025340292812397,0.169144708590615,-1.15292079967546,0.169144708590615,5.49908570845174,0.7717415838401864,Not significant
chr3,50569377,50569877,501,*,4.64237274350923,1.92873961292356,5.52798955027401,-1.20810191427404,0.0253847049685861,0.169144708590615,-1.20810191427404,0.169144708590615,4.64237274350923,0.7717415838401864,Not significant
chr12,57429564,57430064,501,*,3.73066391995311,1.05060025560637,4.61347563614768,-1.2024406062534,0.0254276605930607,0.169144708590615,-1.2024406062534,0.169144708590615,3.73066391995311,0.7717415838401864,Not significant
chr11,62709719,62710219,501,*,6.65469037130581,6.05577136391348,7.0766558180292,-0.8179904177407,0.0254609508586122,0.169144708590615,-0.8179904177407,0.169144708590615,6.65469037130581,0.7717415838401864,Not significant
chr1,154221030,154221530,501,*,5.28554306416826,4.19432072547613,5.89967474130692,-1.04732371657724,0.0255716987818197,0.169193567770885,-1.04732371657724,0.169193567770885,5.28554306416826,0.7716161515494194,Not significant
chr17,81977107,81977607,501,*,6.46960601046409,5.64104410747523,6.99257545339562,-0.958622001475866,0.0256022167478506,0.169193567770885,-0.958622001475866,0.169193567770885,6.46960601046409,0.7716161515494194,Not significant
chr5,132102182,132102682,501,*,5.2265781522707,2.93795107514917,6.07082704701075,-1.17834213520096,0.0256634382937285,0.169193567770885,-1.17834213520096,0.169193567770885,5.2265781522707,0.7716161515494194,Not significant
chr17,76072526,76073026,501,*,5.62627941945265,4.60460355393617,6.21839543659984,-1.02931954564658,0.0257437597353854,0.169193567770885,-1.02931954564658,0.169193567770885,5.62627941945265,0.7716161515494194,Not significant
chr17,75078152,75078652,501,*,5.04836617081358,3.3059996086883,5.81485193380588,-1.14168242470542,0.0257480781995317,0.169193567770885,-1.14168242470542,0.169193567770885,5.04836617081358,0.7716161515494194,Not significant
chr11,71787797,71788297,501,*,5.49936830555923,4.47859406117881,6.0911896062453,-1.02480563267244,0.0258780448749522,0.169193567770885,-1.02480563267244,0.169193567770885,5.49936830555923,0.7716161515494194,Not significant
chr18,3622822,3623322,501,*,2.97308176196574,0.0,3.97308176196574,-1.26815561945823,0.02596110478135,0.169193567770885,-1.26815561945823,0.169193567770885,2.97308176196574,0.7716161515494194,Not significant
chr17,2393272,2393772,501,*,6.1453176386071,5.38290268727252,6.64151538969768,-0.918448583452084,0.0259650816675791,0.169193567770885,-0.918448583452084,0.169193567770885,6.1453176386071,0.7716161515494194,Not significant
chr5,140113607,140114107,501,*,5.12176233433581,3.29886742927974,5.90194371381848,-1.1491834581709,0.0259865406716186,0.169193567770885,-1.1491834581709,0.169193567770885,5.12176233433581,0.7716161515494194,Not significant
chr6,151494004,151494504,501,*,4.77671481756648,3.30065378238576,5.49087773920523,-1.11701351662953,0.0259934252161975,0.169193567770885,-1.11701351662953,0.169193567770885,4.77671481756648,0.7716161515494194,Not significant
chr20,347487,347987,501,*,5.0554668153487,2.63839079329026,5.91365852783653,-1.17968455966077,0.026157810108213,0.169653952216103,-1.17968455966077,0.169653952216103,5.0554668153487,0.7704360186852239,Not significant
GL000218.1,97382,97882,501,*,3.43763127023536,4.37910347720431,0.0,1.23679080855681,0.0261694643859104,0.169653952216103,1.23679080855681,0.169653952216103,3.43763127023536,0.7704360186852239,Not significant
chr9,129482035,129482535,501,*,5.06849950688738,3.84116414056352,5.72192134533943,-1.07239013657752,0.0264749109254903,0.171289483939618,-1.07239013657752,0.171289483939618,5.06849950688738,0.7662692990729396,Not significant
chr14,101809913,101810413,501,*,4.96014387885683,2.51370211364472,5.82133491377445,-1.17995123811404,0.0265443930840989,0.171394858751436,-1.17995123811404,0.171394858751436,4.96014387885683,0.7660022095386634,Not significant
chr17,40517360,40517860,501,*,5.09956997591544,3.77454783614864,5.77841435654971,-1.08979789696678,0.0266120665715031,0.171488156986766,-1.08979789696678,0.171488156986766,5.09956997591544,0.7657658670666522,Not significant
chr11,70203507,70204007,501,*,5.93149056245769,5.14193444661701,6.43888226980345,-0.935106724377281,0.0267077943302781,0.171761503656998,-0.935106724377281,0.171761503656998,5.93149056245769,0.7650741665976666,Not significant
chr6,34425621,34426121,501,*,6.00902278952889,5.21816431745627,6.51694420160906,-0.934093956763036,0.0268245193415763,0.171835554891549,-0.934093956763036,0.171835554891549,6.00902278952889,0.7648869703324983,Not significant
chr19,33176501,33177001,501,*,5.31509364710071,3.73741406450645,6.05059823540754,-1.12156468211056,0.0268259727220512,0.171835554891549,-1.12156468211056,0.171835554891549,5.31509364710071,0.7648869703324983,Not significant
chr11,74493251,74493751,501,*,5.78286207845741,4.6130817083257,6.4202506731778,-1.06082124142979,0.0269795438999493,0.172361886444725,-1.06082124142979,0.172361886444725,5.78286207845741,0.7635587613459631,Not significant
chr11,61967957,61968457,501,*,5.73616515965852,4.45911570546932,6.40279582565835,-1.07719316385085,0.0270642942479251,0.172361886444725,-1.07719316385085,0.172361886444725,5.73616515965852,0.7635587613459631,Not significant
chr7,538984,539484,501,*,5.99869793758223,5.12866087402224,6.53760078199708,-0.969623104363243,0.0270686264869742,0.172361886444725,-0.969623104363243,0.172361886444725,5.99869793758223,0.7635587613459631,Not significant
chr2,231672813,231673313,501,*,4.60051300586255,2.73741406450645,5.38720538966834,-1.14070252771247,0.0272586800165145,0.173183853794357,-1.14070252771247,0.173183853794357,4.60051300586255,0.7614926003953691,Not significant
chr16,55040368,55040868,501,*,5.40424851119942,4.19528130498632,6.05264199892045,-1.06333670278042,0.0273052134474033,0.173183853794357,-1.06333670278042,0.173183853794357,5.40424851119942,0.7614926003953691,Not significant
chr2,3605314,3605814,501,*,5.69093412773637,4.4862746878435,6.33813648680958,-1.064634913477,0.0274683708846016,0.173876406660484,-1.064634913477,0.173876406660484,5.69093412773637,0.7597593435424421,Not significant
chrX,52974509,52975009,501,*,3.7035901729433,1.25251471140557,4.56524836534487,-1.16954865146549,0.0275354929770523,0.17395952621973,-1.16954865146549,0.17395952621973,3.7035901729433,0.7595517838098581,Not significant
chr11,66370722,66371222,501,*,5.99606648744478,5.06763280669954,6.55636228097068,-0.990981353736973,0.0276937152744334,0.174258688387565,-0.990981353736973,0.174258688387565,5.99606648744478,0.7588055591426798,Not significant
chr11,118910233,118910733,501,*,6.6075817848973,5.75707655566024,7.13906008104908,-0.957602982554239,0.0277296942639529,0.174258688387565,-0.957602982554239,0.174258688387565,6.6075817848973,0.7588055591426798,Not significant
chr12,113184921,113185421,501,*,6.29602804223667,5.21022214471047,6.90849470719832,-1.03685229910996,0.0277699542199597,0.174258688387565,-1.03685229910996,0.174258688387565,6.29602804223667,0.7588055591426798,Not significant
chr22,20697390,20697890,501,*,4.62376570246704,2.15113203426001,5.48757576328825,-1.16758507889424,0.0277991824429573,0.174258688387565,-1.16758507889424,0.174258688387565,4.62376570246704,0.7588055591426798,Not significant
chr1,31154692,31155192,501,*,5.05554959670349,3.68602092520404,5.74528023396496,-1.08627235295583,0.0284434918410973,0.17790146194354,-1.08627235295583,0.17790146194354,5.05554959670349,0.7498204829930648,Not significant
chr2,47076433,47076933,501,*,6.20462869461941,5.55294572665472,6.65190389479094,-0.848648084938851,0.0285186821766653,0.17790146194354,-0.848648084938851,0.17790146194354,6.20462869461941,0.7498204829930648,Not significant
chr3,122383319,122383819,501,*,5.25300237157316,4.06408249764025,5.89581377820021,-1.05226214340187,0.0285459515284947,0.17790146194354,-1.05226214340187,0.17790146194354,5.25300237157316,0.7498204829930648,Not significant
chr16,30657990,30658490,501,*,5.77126580207355,4.92598780910151,6.30073341685961,-0.950625496373955,0.0286790342628872,0.178156615558206,-0.950625496373955,0.178156615558206,5.77126580207355,0.7491980461893117,Not significant
KI270879.1,266881,267381,501,*,4.83242332873738,3.49703411595797,5.51384097955795,-1.07893002039764,0.0287121775836225,0.178156615558206,-1.07893002039764,0.178156615558206,4.83242332873738,0.7491980461893117,Not significant
chr2,20579150,20579650,501,*,5.84213854584272,5.04221086148369,6.35373008415031,-0.929669512721037,0.0287527747021313,0.178156615558206,-0.929669512721037,0.178156615558206,5.84213854584272,0.7491980461893117,Not significant
chr2,43169208,43169708,501,*,3.81632618117474,0.937951075149173,4.71473195638681,-1.16839941865229,0.0288948758627937,0.178693454951864,-1.16839941865229,0.178693454951864,3.81632618117474,0.7478913542114497,Not significant
chr1,17588259,17588759,501,*,3.35705562589235,0.0,4.28799268688599,-1.1866168002808,0.0289998602834174,0.178933914161434,-1.1866168002808,0.178933914161434,3.35705562589235,0.7473073378156401,Not significant
chr11,61429342,61429842,501,*,5.89732058348242,3.74530599720678,6.72514106493088,-1.1376977805649,0.0290448284005058,0.178933914161434,-1.1376977805649,0.178933914161434,5.89732058348242,0.7473073378156401,Not significant
chr9,112379380,112379880,501,*,4.34562641618631,1.74530599720678,5.22148363544216,-1.15467525095977,0.0291741163165469,0.179031722651875,-1.15467525095977,0.179031722651875,4.34562641618631,0.7470700095116328,Not significant
chr2,96208630,96209130,501,*,6.14275075988527,5.3874317647521,6.6359724138138,-0.906500793572558,0.029215416119753,0.179031722651875,-0.906500793572558,0.179031722651875,6.14275075988527,0.7470700095116328,Not significant
chr19,35716811,35717311,501,*,6.11065726250499,5.15125083808987,6.68183072025392,-0.988935288367485,0.0292274010288287,0.179031722651875,-0.988935288367485,0.179031722651875,6.11065726250499,0.7470700095116328,Not significant
chr14,102591449,102591949,501,*,5.69153414224257,4.51601049890287,6.33055969233289,-1.04931609582317,0.0293227013755405,0.179274656227688,-1.04931609582317,0.179274656227688,5.69153414224257,0.7464811016169921,Not significant
chr12,6763712,6764212,501,*,6.50973216525599,5.85613422213782,6.95790050870116,-0.847449309651397,0.0294005398799085,0.17941011267626,-0.847449309651397,0.17941011267626,6.50973216525599,0.746153081048238,Not significant
chr1,33458406,33458906,501,*,3.50850220406707,0.343777112202407,4.42573358239412,-1.17543024171952,0.0296488496819489,0.18058335288325,-1.17543024171952,0.18058335288325,3.50850220406707,0.7433222877111729,Not significant
chr19,40191302,40191802,501,*,4.05305037041334,1.34377711220241,4.93830684569515,-1.15595423388406,0.0298154997498496,0.181255736215123,-1.15595423388406,0.181255736215123,4.05305037041334,0.7417082403864594,Not significant
chr7,3157531,3158031,501,*,5.70545450431121,4.52061621828061,6.34711720076777,-1.042813975307,0.0300177638382819,0.18204751533236,-1.042813975307,0.18204751533236,5.70545450431121,0.7398152441390419,Not significant
chr8,42271389,42271889,501,*,5.10009595806174,3.75935163783883,5.78283382285724,-1.06858057014699,0.0300587455483598,0.18204751533236,-1.06858057014699,0.18204751533236,5.10009595806174,0.7398152441390419,Not significant
chr13,44918328,44918828,501,*,5.58764282340625,4.66031693033731,6.14754367750255,-0.978635599884739,0.0302511660716684,0.182869150249373,-0.978635599884739,0.182869150249373,5.58764282340625,0.7378595531703992,Not significant
chr2,74549368,74549868,501,*,5.83851030002206,4.17715340924759,6.59028106405361,-1.09341719292708,0.0313922223858022,0.18860744900432,-1.09341719292708,0.18860744900432,5.83851030002206,0.7244411589073488,Not significant
chr17,19063677,19064177,501,*,2.65700704446118,0.0,3.65700704446118,-1.17522875091569,0.0314078523360432,0.18860744900432,-1.17522875091569,0.18860744900432,2.65700704446118,0.7244411589073488,Not significant
chr2,70142499,70142999,501,*,6.96465224516826,6.19474346084077,7.4639705137303,-0.910952492648048,0.0314338737438029,0.18860744900432,-0.910952492648048,0.18860744900432,6.96465224516826,0.7244411589073488,Not significant
chr17,77323162,77323662,501,*,5.06389605974089,3.61738817600952,5.77150171131541,-1.07245383819374,0.0314345748340533,0.18860744900432,-1.07245383819374,0.18860744900432,5.06389605974089,0.7244411589073488,Not significant
chr5,139560686,139561186,501,*,6.15712908292896,5.19143514351791,6.73047252152859,-0.986499227804796,0.0316293697725279,0.189423474734359,-0.986499227804796,0.189423474734359,6.15712908292896,0.722566201067412,Not significant
chr19,38402784,38403284,501,*,6.21016561403953,4.55397954809318,6.9609634942919,-1.08854665685164,0.031973580215369,0.191129639061074,-1.08854665685164,0.191129639061074,6.21016561403953,0.7186719603412977,Not significant
chr17,58337713,58338213,501,*,5.27622969804004,5.96434774425319,3.91340251546039,1.05932682906783,0.0321888578680621,0.192060185279437,1.05932682906783,0.192060185279437,5.27622969804004,0.7165626565104501,Not significant
chr10,97426572,97427072,501,*,4.56685882397382,2.96469705623465,5.3072398025432,-1.08041603022983,0.0323463851385535,0.192643351046986,-1.08041603022983,0.192643351046986,4.56685882397382,0.7152459757682171,Not significant
chr5,178204342,178204842,501,*,5.81769103075554,4.71395854987492,6.43563726092156,-1.01519913263882,0.0326992479479035,0.19438556621429,-1.01519913263882,0.19438556621429,5.81769103075554,0.7113359860466281,Not significant
chr3,113746106,113746606,501,*,5.74753501303129,4.62436602124178,6.37132294802084,-1.01783535949902,0.0328880531366404,0.195147895407468,-1.01783535949902,0.195147895407468,5.74753501303129,0.7096361280509463,Not significant
chr22,50342770,50343270,501,*,4.7231905754717,3.13167465057843,5.46146328976827,-1.07461476069222,0.0330725938072352,0.195882164056823,-1.07461476069222,0.195882164056823,4.7231905754717,0.7080051066512405,Not significant
chr1,93345550,93346050,501,*,4.98474880796183,3.79212756134577,5.62859832489463,-1.02609473505025,0.0337115299218274,0.199300090657115,-1.02609473505025,0.199300090657115,4.98474880796183,0.7004925037487054,Not significant
chr8,127742807,127743307,501,*,6.73928111175791,5.57877766259107,7.37400782050904,-1.02197553749664,0.0338184124952053,0.199565796812365,-1.02197553749664,0.199565796812365,6.73928111175791,0.6999138895441459,Not significant
chr17,19111845,19112345,501,*,3.21070794341076,0.0,4.17289896422496,-1.13988424968675,0.0339131667539231,0.199759091921646,-1.13988424968675,0.199759091921646,3.21070794341076,0.6994934448973708,Not significant
chr7,45811663,45812163,501,*,2.88388704927107,3.84116414056352,0.0,1.13659310218451,0.0341095554984881,0.200549247839651,1.13659310218451,0.200549247839651,2.88388704927107,0.6977789625015897,Not significant
chr5,128082912,128083412,501,*,5.32468234932028,3.0442168303435,6.16799787600479,-1.09763388086431,0.0342141896359393,0.200798030978136,-1.09763388086431,0.200798030978136,5.32468234932028,0.6972405501899813,Not significant
chr12,7936005,7936505,501,*,5.1370774532618,2.93795107514917,5.97076141284336,-1.09320161500752,0.0342830452236645,0.200836312201177,-1.09320161500752,0.200836312201177,5.1370774532618,0.6971577618315659,Not significant
chr11,62881379,62881879,501,*,6.26851802421149,5.49127341359902,6.77086888076121,-0.906052059531429,0.0343782529034139,0.200850706011295,-0.906052059531429,0.200850706011295,6.26851802421149,0.697126637338978,Not significant
chr1,6554097,6554597,501,*,4.95574298636711,3.6130817083257,5.63895196332132,-1.04608682827233,0.0344253045892145,0.200850706011295,-1.04608682827233,0.200850706011295,4.95574298636711,0.697126637338978,Not significant
chr11,10735491,10735991,501,*,5.31032312898931,4.26790037127738,5.90915379433238,-0.9915448807887,0.0344725140981521,0.200850706011295,-0.9915448807887,0.200850706011295,5.31032312898931,0.697126637338978,Not significant
chr10,70603132,70603632,501,*,4.5558652400985,5.2839185760438,3.01465644046917,1.06013801097346,0.0348061005473488,0.202428259862018,1.06013801097346,0.202428259862018,4.5558652400985,0.693728858208697,Not significant
chr16,23678800,23679300,501,*,5.25641776429462,3.61164335771388,6.00505382949793,-1.06767818521708,0.0349438029625283,0.202687447118174,-1.06767818521708,0.202687447118174,5.25641776429462,0.6931731472918055,Not significant
chr14,64387403,64387903,501,*,5.43451537738462,4.09273825548067,6.11750716073679,-1.03962812267391,0.0349764806324347,0.202687447118174,-1.03962812267391,0.202687447118174,5.43451537738462,0.6931731472918055,Not significant
chr5,133051268,133051768,501,*,6.37594273417916,5.69139592595061,6.83830791142127,-0.856272884259766,0.0350681801547497,0.202853997232681,-0.856272884259766,0.202853997232681,6.37594273417916,0.6928164301139934,Not significant
chr20,63641725,63642225,501,*,4.22139814180954,1.66570520708977,5.09317670729065,-1.0975445296628,0.035138227568547,0.202894926928062,-1.0975445296628,0.202894926928062,4.22139814180954,0.6927288116886482,Not significant
chr20,61945340,61945840,501,*,2.90019089711674,3.85795517766398,0.0,1.12184123557338,0.0353297029285589,0.203635604357454,1.12184123557338,0.203635604357454,2.90019089711674,0.691146286138263,Not significant
GL000214.1,131773,132273,501,*,5.92646865994901,6.43373284872882,5.13722582021351,0.906570811422926,0.0354849919567671,0.203774653029444,0.906570811422926,0.203774653029444,5.92646865994901,0.6908498376703559,Not significant
KV880768.1,324047,324547,501,*,2.61128064016698,0.0,3.61128064016698,-1.1171282289386,0.0355112255810454,0.203774653029444,-1.1171282289386,0.203774653029444,2.61128064016698,0.6908498376703559,Not significant
chr12,46382901,46383401,501,*,5.93692789858864,3.86733906825942,6.75395563201778,-1.08034116994279,0.0355435614533046,0.203774653029444,-1.08034116994279,0.203774653029444,5.93692789858864,0.6908498376703559,Not significant
chr5,138575315,138575815,501,*,6.97779512247022,6.4464558960147,7.36525456005179,-0.746908194712086,0.0356749660710129,0.203822483379744,-0.746908194712086,0.203822483379744,6.97779512247022,0.6907479112560482,Not significant
chr7,42198698,42199198,501,*,5.43500794120452,4.34896579467779,6.04754739964628,-0.996067854679501,0.0357415535560289,0.203822483379744,-0.996067854679501,0.203822483379744,5.43500794120452,0.6907479112560482,Not significant
chr11,62556147,62556647,501,*,5.68861885103926,3.51370211364472,6.51931660394104,-1.08184158865693,0.0357416831500793,0.203822483379744,-1.08184158865693,0.203822483379744,5.68861885103926,0.6907479112560482,Not significant
chr11,126341563,126342063,501,*,4.49190959588312,2.70335618935173,5.26635962799464,-1.06501710987152,0.0363703404728518,0.206836396165408,-1.06501710987152,0.206836396165408,4.49190959588312,0.6843730378072971,Not significant
chr17,48193788,48194288,501,*,5.64515341854487,4.31730297173469,6.32470212072935,-1.03033610085683,0.0363985836827394,0.206836396165408,-1.03033610085683,0.206836396165408,5.64515341854487,0.6843730378072971,Not significant
chr19,42252832,42253332,501,*,6.49976155476765,5.92938633128955,6.90744972978494,-0.777795523222142,0.0364907572858254,0.206995105589665,-0.777795523222142,0.206995105589665,6.49976155476765,0.6840399233379161,Not significant
chr14,58426644,58427144,501,*,4.65924913663466,3.23064287676811,5.36280206688784,-1.03993898057693,0.0367914469587956,0.207235529827352,-1.03993898057693,0.207235529827352,4.65924913663466,0.6835357842301789,Not significant
chr19,42280270,42280770,501,*,6.31086263421494,5.51639487094089,6.82024853704952,-0.906320999732212,0.0368161289786228,0.207235529827352,-0.906320999732212,0.207235529827352,6.31086263421494,0.6835357842301789,Not significant
chr15,92164143,92164643,501,*,5.33319690476498,4.05060025560637,6.00126609176672,-1.02293389071924,0.0368223253770306,0.207235529827352,-1.02293389071924,0.207235529827352,5.33319690476498,0.6835357842301789,Not significant
chr1,109763566,109764066,501,*,5.52362555771405,4.31288430269688,6.17250826481286,-1.01496195010878,0.0368473639834298,0.207235529827352,-1.01496195010878,0.207235529827352,5.52362555771405,0.6835357842301789,Not significant
chr14,92122178,92122678,501,*,5.79249996625681,4.93392829539895,6.32706134963652,-0.927146956897482,0.0368547357514192,0.207235529827352,-0.927146956897482,0.207235529827352,5.79249996625681,0.6835357842301789,Not significant
chr9,130712460,130712960,501,*,5.25674238194237,2.92873961292356,6.10541267608766,-1.07516503264612,0.0370517060937603,0.207980134205742,-1.07516503264612,0.207980134205742,5.25674238194237,0.6819781458875098,Not significant
chr11,65900009,65900509,501,*,6.27770962451971,4.97453319451835,6.95105528189395,-1.02480111488323,0.037382740212602,0.208986112102438,-1.02480111488323,0.208986112102438,6.27770962451971,0.6798825733993651,Not significant
chr5,1799252,1799752,501,*,4.54204024352354,3.07743991136449,5.25367971889556,-1.03860942697878,0.0374044501555936,0.208986112102438,-1.03860942697878,0.208986112102438,4.54204024352354,0.6798825733993651,Not significant
chr21,34072620,34073120,501,*,5.54626063547576,4.36912737222701,6.18574346168503,-1.00727111510634,0.037425507971169,0.208986112102438,-1.00727111510634,0.208986112102438,5.54626063547576,0.6798825733993651,Not significant
chr2,118087933,118088433,501,*,5.48030228082556,3.85916787238242,6.22439468591757,-1.04791175414023,0.0375313859654587,0.209214750139633,-1.04791175414023,0.209214750139633,5.48030228082556,0.6794076999269965,Not significant
chr11,2700393,2700893,501,*,5.03988671926614,3.87215238574421,5.67669012329782,-1.00329948856907,0.0376389840315034,0.209407030807346,-1.00329948856907,0.209407030807346,5.03988671926614,0.6790087410450766,Not significant
chr15,75336145,75336645,501,*,4.81000865972643,2.51370211364472,5.6551304349802,-1.06912229254475,0.0377398580953886,0.209407030807346,-1.06912229254475,0.209407030807346,4.81000865972643,0.6790087410450766,Not significant
chr1,150363503,150364003,501,*,5.90935870135872,4.73807337696529,6.54717705020113,-1.00515467994906,0.037760858131306,0.209407030807346,-1.00515467994906,0.209407030807346,5.90935870135872,0.6790087410450766,Not significant
chr5,154682462,154682962,501,*,5.73872453501884,4.85491897364767,6.28277856395394,-0.936635009419461,0.0378552978291764,0.20957005086874,-0.936635009419461,0.20957005086874,5.73872453501884,0.6786707811910793,Not significant
chr4,56435901,56436401,501,*,5.72403989576883,4.91055951085882,6.24105599006501,-0.908338614197578,0.0379695041668816,0.209841753731891,-0.908338614197578,0.209841753731891,5.72403989576883,0.6781080928289669,Not significant
chr19,46860516,46861016,501,*,5.78948314552723,4.98443609209861,6.30313213618572,-0.904193111763458,0.0383569599123861,0.211620076776897,-0.904193111763458,0.211620076776897,5.78948314552723,0.6744431323844746,Not significant
chr11,810128,810628,501,*,6.34905299488139,5.42807281665067,6.90668357729998,-0.945482992617084,0.0387225441231995,0.213271858401622,-0.945482992617084,0.213271858401622,6.34905299488139,0.6710664466939945,Not significant
chr12,6533843,6534343,501,*,5.76235841764785,4.80949564796796,6.33125993398347,-0.948827557825012,0.0390757163385107,0.214235070092282,-0.948827557825012,0.214235070092282,5.76235841764785,0.6691094340603728,Not significant
chr1,10430318,10430818,501,*,5.33587440042615,4.1306707577585,5.98322748620518,-1.00166190323341,0.0391160242590891,0.214235070092282,-1.00166190323341,0.214235070092282,5.33587440042615,0.6691094340603728,Not significant
chr11,67118808,67119308,501,*,5.68606522025587,4.50539218612219,6.32655135733524,-1.00047839603057,0.0391667759863969,0.214235070092282,-1.00047839603057,0.214235070092282,5.68606522025587,0.6691094340603728,Not significant
chr19,41397430,41397930,501,*,5.46505526668078,4.41605958632359,6.06598674224028,-0.972815344505751,0.0391864391395028,0.214235070092282,-0.972815344505751,0.214235070092282,5.46505526668078,0.6691094340603728,Not significant
chr11,8594578,8595078,501,*,5.10604067646235,2.93795107514917,5.93588608573711,-1.05406659220709,0.0392298855848686,0.214235070092282,-1.05406659220709,0.214235070092282,5.10604067646235,0.6691094340603728,Not significant
chr11,66856187,66856687,501,*,5.7617422600104,4.20271374923826,6.49346464023278,-1.03464650887606,0.0394011217310173,0.214806115426967,-1.03464650887606,0.214806115426967,5.7617422600104,0.6679533586411047,Not significant
chr16,50547271,50547771,501,*,4.38209240598269,1.93795107514917,5.24305090261932,-1.0556290164362,0.0396463164182282,0.215777755911371,-1.0556290164362,0.215777755911371,4.38209240598269,0.6659933278777109,Not significant
chr20,32475153,32475653,501,*,5.59500707995344,4.42243971284789,6.23319107412895,-0.99582349775975,0.0399316872852601,0.216901195704971,-0.99582349775975,0.216901195704971,5.59500707995344,0.6637380538565326,Not significant
chr12,453618,454118,501,*,2.83421412596171,0.0,3.83421412596171,-1.0573944671703,0.0400182231559623,0.216901195704971,-1.0573944671703,0.216901195704971,2.83421412596171,0.6637380538565326,Not significant
chr19,4816503,4817003,501,*,5.38849272409142,3.83870723548669,6.11831880621301,-1.02996565260086,0.0400546900820787,0.216901195704971,-1.02996565260086,0.216901195704971,5.38849272409142,0.6637380538565326,Not significant
chr11,12127120,12127620,501,*,5.13426553371251,3.35241457790782,5.90757827091646,-1.03625047123302,0.0404669828331936,0.218766138739178,-1.03625047123302,0.218766138739178,5.13426553371251,0.6600198985029884,Not significant
chr13,26420634,26421134,501,*,6.12835154544195,5.41564752686846,6.60325434143001,-0.852795482731473,0.0406343214670358,0.21916695015126,-0.852795482731473,0.21916695015126,6.12835154544195,0.6592249358131599,Not significant
chr10,5564139,5564639,501,*,5.27901550766764,3.55397954809318,6.04243474600305,-1.03433200394961,0.0406771682776082,0.21916695015126,-1.03433200394961,0.21916695015126,5.27901550766764,0.6592249358131599,Not significant
chr2,173964594,173965094,501,*,6.16463549363798,5.33703861592504,6.6872265903335,-0.904078650191576,0.0409693526372407,0.220372711514507,-0.904078650191576,0.220372711514507,6.16463549363798,0.6568421846496585,Not significant
chr9,93566725,93567225,501,*,4.75626167824168,2.52291357587033,5.594072054389,-1.04025091929841,0.0412931851171394,0.221042145831825,-1.04025091929841,0.221042145831825,4.75626167824168,0.6555249120293065,Not significant
chr5,177431691,177432191,501,*,5.26893428202304,3.96582329894488,5.94226330875001,-1.00266157208464,0.0412939094912049,0.221042145831825,-1.00266157208464,0.221042145831825,5.26893428202304,0.6555249120293065,Not significant
chr7,100049497,100049997,501,*,6.45394179329904,5.33398901847401,7.07677013432714,-0.980749845815625,0.0412996188053255,0.221042145831825,-0.980749845815625,0.221042145831825,6.45394179329904,0.6555249120293065,Not significant
chr13,21176241,21176741,501,*,5.99766816765848,5.1306707577585,6.53542465199092,-0.913201138821401,0.0421466007065719,0.22520123959631,-0.913201138821401,0.22520123959631,5.99766816765848,0.6474292232862527,Not significant
chr19,47112637,47113137,501,*,6.28365284968544,5.14629223472234,6.91164203760815,-0.97840210918899,0.0425364880991085,0.226285024614391,-0.97840210918899,0.226285024614391,6.28365284968544,0.6453441864011517,Not significant
chr17,75784987,75785487,501,*,6.60636893260731,6.07561527975847,6.99351853530669,-0.740122040170975,0.0426402812913765,0.226285024614391,-0.740122040170975,0.226285024614391,6.60636893260731,0.6453441864011517,Not significant
chr21,45011994,45012494,501,*,5.17663185973678,3.93220080721155,5.83466111940274,-0.991884520349759,0.0426520205193347,0.226285024614391,-0.991884520349759,0.226285024614391,5.17663185973678,0.6453441864011517,Not significant
chr11,73788175,73788675,501,*,6.02372622531488,5.23111130530876,6.53236096964828,-0.885210998360011,0.0428050735889783,0.226285024614391,-0.885210998360011,0.226285024614391,6.02372622531488,0.6453441864011517,Not significant
chr8,125501697,125502197,501,*,7.23532636779664,6.79256559180874,7.57363626508535,-0.664562925811741,0.0428567568785943,0.226285024614391,-0.664562925811741,0.226285024614391,7.23532636779664,0.6453441864011517,Not significant
chr6,42746806,42747306,501,*,5.1547579527241,3.82168934173778,5.83560159680982,-0.99997283914108,0.0429737416918882,0.226285024614391,-0.99997283914108,0.226285024614391,5.1547579527241,0.6453441864011517,Not significant
chr5,146447360,146447860,501,*,6.09001702048038,5.29494756964562,6.59964656115352,-0.889247755223432,0.0429806659107341,0.226285024614391,-0.889247755223432,0.226285024614391,6.09001702048038,0.6453441864011517,Not significant
chr10,11875838,11876338,501,*,5.40092860505067,3.25066770781093,6.22852663757279,-1.02785440278249,0.0430100303936109,0.226285024614391,-1.02785440278249,0.226285024614391,5.40092860505067,0.6453441864011517,Not significant
chr17,78883601,78884101,501,*,5.79157929567832,4.88561628310692,6.34378286786422,-0.926797202027962,0.0430512289438083,0.226285024614391,-0.926797202027962,0.226285024614391,5.79157929567832,0.6453441864011517,Not significant
chr19,46793169,46793669,501,*,4.95919794247753,3.80698416778353,5.59152731773867,-0.978261788214653,0.0430517442857299,0.226285024614391,-0.978261788214653,0.226285024614391,4.95919794247753,0.6453441864011517,Not significant
chr12,53994944,53995444,501,*,5.17304277518746,3.93565371755945,5.82918255264084,-0.986470919236915,0.0431942084724226,0.226461428708927,-0.986470919236915,0.226461428708927,5.17304277518746,0.6450057571184632,Not significant
chr7,1569307,1569807,501,*,5.80369734885979,4.87860108015217,6.36280206688784,-0.930044548541191,0.0433214072623713,0.226461428708927,-0.930044548541191,0.226461428708927,5.80369734885979,0.6450057571184632,Not significant
chr1,88992105,88992605,501,*,4.75977577136024,2.51370211364472,5.59909284179529,-1.02669310010353,0.0433522743233145,0.226461428708927,-1.02669310010353,0.226461428708927,4.75977577136024,0.6450057571184632,Not significant
chr16,53503788,53504288,501,*,4.75277302182656,2.51370211364472,5.5912628125133,-1.02557808520525,0.0435031453042663,0.226461428708927,-1.02557808520525,0.226461428708927,4.75277302182656,0.6450057571184632,Not significant
chr2,74472877,74473377,501,*,5.33289019578359,4.28921869778247,5.93212095090101,-0.958384963314351,0.0435057433304056,0.226461428708927,-0.958384963314351,0.226461428708927,5.33289019578359,0.6450057571184632,Not significant
chr19,2427185,2427685,501,*,6.17025160172707,5.22229814502624,6.73743947225674,-0.936915310206723,0.043507021840728,0.226461428708927,-0.936915310206723,0.226461428708927,6.17025160172707,0.6450057571184632,Not significant
chr2,99879361,99879861,501,*,3.68856390081113,0.937951075149173,4.57719006651305,-1.02823048498634,0.0436694029828969,0.226940026469183,-1.02823048498634,0.226940026469183,3.68856390081113,0.644088898819244,Not significant
chr5,139697013,139697513,501,*,5.99154903566594,5.05113093497939,6.55609124872139,-0.928945848775888,0.0438151111698466,0.227330576794276,-0.928945848775888,0.227330576794276,5.99154903566594,0.6433421461495171,Not significant
chr17,40121586,40122086,501,*,5.26054774389705,4.13167465057843,5.88603074789168,-0.967875995742879,0.0440535845561843,0.22820040102898,-0.967875995742879,0.22820040102898,5.26054774389705,0.6416835967078126,Not significant
chr11,116312795,116313295,501,*,5.65182017876788,4.73030072915207,6.20964422106046,-0.927481106353094,0.0442170192609422,0.22867935161919,-0.927481106353094,0.22867935161919,5.65182017876788,0.6407730478230228,Not significant
chr19,3387504,3388004,501,*,5.39046555328813,3.89096210940946,6.1097146312136,-1.00294302023483,0.0442901413775173,0.228690441535835,-1.00294302023483,0.228690441535835,5.39046555328813,0.6407519870110641,Not significant
chr18,10201230,10201730,501,*,5.96120255899044,5.28437002465409,6.42007047511483,-0.830198766191317,0.0445281642869426,0.229551592532046,-0.830198766191317,0.229551592532046,5.96120255899044,0.6391196899357269,Not significant
chr16,70746265,70746765,501,*,5.6659183129764,4.84116414056352,6.18739285306208,-0.890263124501739,0.044952614813306,0.231369528639731,-0.890263124501739,0.231369528639731,5.6659183129764,0.6356938381889854,Not significant
chr19,52189384,52189884,501,*,5.04691685235618,3.29886742927974,5.81439875954003,-1.0085345312891,0.0451061233556941,0.231514706947044,-1.0085345312891,0.231514706947044,5.04691685235618,0.6354214152591116,Not significant
chr10,6163819,6164319,501,*,5.85063790015427,5.01252313342562,6.37733369664935,-0.897726624638621,0.0452088486787971,0.231514706947044,-0.897726624638621,0.231514706947044,5.85063790015427,0.6354214152591116,Not significant
chr14,73760134,73760634,501,*,6.16992048704381,4.93723928925862,6.82479052553863,-0.979113625875681,0.0453276080299336,0.231514706947044,-0.979113625875681,0.231514706947044,6.16992048704381,0.6354214152591116,Not significant
chr14,77097662,77098162,501,*,5.47325351528733,4.24533508151874,6.12683363987564,-0.976107072691412,0.0453600304896378,0.231514706947044,-0.976107072691412,0.231514706947044,5.47325351528733,0.6354214152591116,Not significant
chr17,57903269,57903769,501,*,5.25802065572639,4.08757404014436,5.89559957432017,-0.97137958593961,0.0454616778306181,0.231514706947044,-0.97137958593961,0.231514706947044,5.25802065572639,0.6354214152591116,Not significant
chr4,140099337,140099837,501,*,4.86520640333282,3.65211264188812,5.51473666551302,-0.975047177938779,0.0454695927840751,0.231514706947044,-0.975047177938779,0.231514706947044,4.86520640333282,0.6354214152591116,Not significant
chr2,127387841,127388341,501,*,5.69117645396081,4.56647643022052,6.31542021462624,-0.963602652908191,0.0454935883740718,0.231514706947044,-0.963602652908191,0.231514706947044,5.69117645396081,0.6354214152591116,Not significant
chr22,43151484,43151984,501,*,5.1247129701413,4.04953831088752,5.73388771411769,-0.953509769929535,0.045718732334302,0.231514706947044,-0.953509769929535,0.231514706947044,5.1247129701413,0.6354214152591116,Not significant
chr11,35663046,35663546,501,*,4.82310228064794,3.34550874732244,5.53760078199708,-0.995920353788639,0.0457722499853746,0.231514706947044,-0.995920353788639,0.231514706947044,4.82310228064794,0.6354214152591116,Not significant
chr11,68271294,68271794,501,*,5.55054289414651,3.46151303120619,6.3701794561887,-1.00839023424898,0.0458366759999659,0.231514706947044,-1.00839023424898,0.231514706947044,5.55054289414651,0.6354214152591116,Not significant
chr11,94544211,94544711,501,*,3.90308130173025,1.34377711220241,4.77519505833962,-1.0116558179335,0.0458460760456566,0.231514706947044,-1.0116558179335,0.231514706947044,3.90308130173025,0.6354214152591116,Not significant
chr17,82014667,82015167,501,*,5.89471118793707,4.86144498649849,6.49059411997427,-0.947644760464663,0.0458579882155892,0.231514706947044,-0.947644760464663,0.231514706947044,5.89471118793707,0.6354214152591116,Not significant
chr16,30634410,30634910,501,*,5.52944392794067,4.52655123098315,6.11536937351634,-0.940710886037342,0.0459921165910888,0.231514706947044,-0.940710886037342,0.231514706947044,5.52944392794067,0.6354214152591116,Not significant
chr1,25905664,25906164,501,*,5.2751233173274,4.31465339465662,5.84666470989066,-0.928404701105232,0.0460300990220704,0.231514706947044,-0.928404701105232,0.231514706947044,5.2751233173274,0.6354214152591116,Not significant
chr7,2354083,2354583,501,*,6.85029015801529,6.32737103847826,7.23327583426662,-0.730094724052741,0.0460586366086453,0.231514706947044,-0.730094724052741,0.231514706947044,6.85029015801529,0.6354214152591116,Not significant
chr19,1275837,1276337,501,*,5.93761326569474,5.25574128873825,6.39876888635204,-0.825934904092398,0.0464528027798452,0.23283890176282,-0.825934904092398,0.23283890176282,5.93761326569474,0.6329444578301734,Not significant
chr9,35907583,35908083,501,*,5.56607887732564,4.74973285381501,6.08423285967707,-0.883654518653102,0.0466281600598713,0.23283890176282,-0.883654518653102,0.23283890176282,5.56607887732564,0.6329444578301734,Not significant
chr12,110501760,110502260,501,*,5.03545131509003,3.93220080721155,5.65325138128865,-0.956328089388327,0.0466480536783655,0.23283890176282,-0.956328089388327,0.23283890176282,5.03545131509003,0.6329444578301734,Not significant
chr1,25167176,25167676,501,*,5.61408132725954,4.80020650256683,6.13125423322972,-0.882227031872578,0.046679050915927,0.23283890176282,-0.882227031872578,0.23283890176282,5.61408132725954,0.6329444578301734,Not significant
chr1,153977290,153977790,501,*,4.9360003162346,3.72448356177895,5.5850966374861,-0.968904034095679,0.0466834048847864,0.23283890176282,-0.968904034095679,0.23283890176282,4.9360003162346,0.6329444578301734,Not significant
chr19,2096082,2096582,501,*,4.9869097962492,3.70470599045657,5.65487733850739,-0.97640245959416,0.0469615957554584,0.233443833736681,-0.97640245959416,0.233443833736681,4.9869097962492,0.6318175931810295,Not significant
chr11,68257408,68257908,501,*,4.62797705590757,3.3472383064904,5.29556522038069,-0.976507129107036,0.0469753490912346,0.233443833736681,-0.976507129107036,0.233443833736681,4.62797705590757,0.6318175931810295,Not significant
chr16,30609920,30610420,501,*,6.82716736754757,6.13161443835753,7.29447542003329,-0.834193759206601,0.0470220509295798,0.233443833736681,-0.834193759206601,0.233443833736681,6.82716736754757,0.6318175931810295,Not significant
chr2,27174302,27174802,501,*,4.81123096679132,2.63839079329026,5.64166994802742,-1.00016100059886,0.0472325924892061,0.234128327692649,-1.00016100059886,0.234128327692649,4.81123096679132,0.63054603689579,Not significant
chr14,102540302,102540802,501,*,5.6170231209236,6.24365530291986,4.48426621261631,0.956725300039581,0.0473434889830555,0.234317544552081,0.956725300039581,0.234317544552081,5.6170231209236,0.6301951923381904,Not significant
chr20,5126923,5127423,501,*,5.09606186874556,3.72048562563928,5.78723979216953,-0.982075754290413,0.0474223052669346,0.234347649647336,-0.982075754290413,0.234347649647336,5.09606186874556,0.6301393978097031,Not significant
chr5,116085133,116085633,501,*,5.12413815213454,2.92873961292356,5.95736594864134,-0.997895901846741,0.0476443687727431,0.234801406286453,-0.997895901846741,0.234801406286453,5.12413815213454,0.6292993063144676,Not significant
chr2,134391644,134392144,501,*,5.98113852897507,5.2176916655482,6.47776734463983,-0.863216564185668,0.0476988013643958,0.234801406286453,-0.863216564185668,0.234801406286453,5.98113852897507,0.6292993063144676,Not significant
chr15,74059199,74059699,501,*,4.96436454721808,2.8032087308397,5.79333964032907,-0.997096206590367,0.0477525837245047,0.234801406286453,-0.997096206590367,0.234801406286453,4.96436454721808,0.6292993063144676,Not significant
chr22,42299746,42300246,501,*,5.03684031059117,3.83870723548669,5.68222940592686,-0.963767915043548,0.0479918901855146,0.234801406286453,-0.963767915043548,0.234801406286453,5.03684031059117,0.6292993063144676,Not significant
chr20,62059212,62059712,501,*,3.39228497640248,4.30065378238576,0.369928121234746,0.996908293750306,0.048055979053038,0.234801406286453,0.996908293750306,0.234801406286453,3.39228497640248,0.6292993063144676,Not significant
chr4,145619126,145619626,501,*,4.59925782401023,3.23251567905731,5.28831906298545,-0.976837039040878,0.0480678061447198,0.234801406286453,-0.976837039040878,0.234801406286453,4.59925782401023,0.6292993063144676,Not significant
chr11,67464579,67465079,501,*,6.39228257419456,5.7820863295377,6.81977334400374,-0.785746655216353,0.048074288731013,0.234801406286453,-0.785746655216353,0.234801406286453,6.39228257419456,0.6292993063144676,Not significant
chr12,642943,643443,501,*,5.57068991989875,4.61523654902635,6.14049254737893,-0.920853914722168,0.048098133949669,0.234801406286453,-0.920853914722168,0.234801406286453,5.57068991989875,0.6292993063144676,Not significant
chr17,66275504,66276004,501,*,4.37871905736721,2.90131218712234,5.09317670729065,-0.983741223881188,0.0481699967583318,0.234801406286453,-0.983741223881188,0.234801406286453,4.37871905736721,0.6292993063144676,Not significant
chr8,47681392,47681892,501,*,4.21847861467611,2.55547652283788,4.97055805346065,-0.988068479079976,0.0484904952417608,0.235838763535535,-0.988068479079976,0.235838763535535,4.21847861467611,0.6273848107507487,Not significant
chr9,83979979,83980479,501,*,5.45889548629083,4.20938557658742,6.11828024782814,-0.964561025168519,0.0485676271877372,0.235838763535535,-0.964561025168519,0.235838763535535,5.45889548629083,0.6273848107507487,Not significant
chr20,50242788,50243288,501,*,6.16634164861506,5.05113093497939,6.78775006462521,-0.947981673428427,0.0487405137992369,0.235838763535535,-0.947981673428427,0.235838763535535,6.16634164861506,0.6273848107507487,Not significant
chr12,27022706,27023206,501,*,5.14821126118728,2.8032087308397,5.9987493605151,-0.991028918773832,0.048783222602175,0.235838763535535,-0.991028918773832,0.235838763535535,5.14821126118728,0.6273848107507487,Not significant
chr12,132083692,132084192,501,*,5.13563525205215,3.9468303561974,5.77841435654971,-0.959269704772901,0.0488067458800326,0.235838763535535,-0.959269704772901,0.235838763535535,5.13563525205215,0.6273848107507487,Not significant
chr7,139635452,139635952,501,*,5.4721961300722,3.46151303120619,6.28107077175731,-0.98980498445525,0.0488219910857238,0.235838763535535,-0.98980498445525,0.235838763535535,5.4721961300722,0.6273848107507487,Not significant
chr15,100333766,100334266,501,*,4.328332674026,2.59316298283569,5.09355026413641,-0.986619376700905,0.049015919292942,0.236250937341735,-0.986619376700905,0.236250937341735,4.328332674026,0.6266264597222525,Not significant
chr22,21001830,21002330,501,*,5.82495695879925,4.61810467250005,6.47276622312771,-0.958271379061202,0.0490539655746806,0.236250937341735,-0.958271379061202,0.236250937341735,5.82495695879925,0.6266264597222525,Not significant
chr22,30210520,30211020,501,*,5.07168479618144,3.52138241069665,5.80161731187345,-0.979900020714933,0.04929748551179,0.2370694004761,-0.979900020714933,0.2370694004761,5.07168479618144,0.625124498581862,Not significant
chr9,37466004,37466504,501,*,5.66692082768404,4.57960187191198,6.27985342923276,-0.94036719484482,0.0495076290173606,0.237616649128218,-0.94036719484482,0.237616649128218,5.66692082768404,0.6241231328356549,Not significant
chr17,4987686,4988186,501,*,4.92816792538321,2.84484167075769,5.7470432376315,-0.984657205657656,0.0497475409133297,0.237616649128218,-0.984657205657656,0.237616649128218,4.92816792538321,0.6241231328356549,Not significant
chr17,15699400,15699900,501,*,4.87595041691173,3.27950500092393,5.61520166714262,-0.979311384907054,0.0497786684847001,0.237616649128218,-0.979311384907054,0.237616649128218,4.87595041691173,0.6241231328356549,Not significant
chr2,86719508,86720008,501,*,2.88147510909345,0.0,3.817984039634,-0.981641534480653,0.0498848031946972,0.237616649128218,-0.981641534480653,0.237616649128218,2.88147510909345,0.6241231328356549,Not significant
chr19,58514120,58514620,501,*,6.00064341957976,5.2839185760438,6.47730794676658,-0.83849284007262,0.0499294291083675,0.237616649128218,-0.83849284007262,0.237616649128218,6.00064341957976,0.6241231328356549,Not significant
chr7,76393090,76393590,501,*,5.57095500119252,4.4854896164227,6.18331671929313,-0.9416900323738,0.0499573259949891,0.237616649128218,-0.9416900323738,0.237616649128218,5.57095500119252,0.6241231328356549,Not significant
chr1,155135313,155135813,501,*,5.39284283919052,4.42571744755786,5.96667853366784,-0.916804705325645,0.0500520854354838,0.237616649128218,-0.916804705325645,0.237616649128218,5.39284283919052,0.6241231328356549,Not significant
chr1,156706880,156707380,501,*,4.71282131561546,3.25804157672422,5.42227890720312,-0.972307416104756,0.0500601823703977,0.237616649128218,-0.972307416104756,0.237616649128218,4.71282131561546,0.6241231328356549,Not significant
chr16,67246814,67247314,501,*,3.59427145940935,0.0,4.53589478215817,-0.980310264315035,0.0501211574538067,0.237616649128218,-0.980310264315035,0.237616649128218,3.59427145940935,0.6241231328356549,Not significant
chr12,107685638,107686138,501,*,4.5866405360862,2.39738269378647,5.4191140251136,-0.982004366873721,0.0502211019899661,0.237616649128218,-0.982004366873721,0.237616649128218,4.5866405360862,0.6241231328356549,Not significant
chr17,932690,933190,501,*,4.62092268385015,2.86854390398491,5.38916039254898,-0.97990270652546,0.0502992203138242,0.237616649128218,-0.97990270652546,0.237616649128218,4.62092268385015,0.6241231328356549,Not significant
chr12,52579651,52580151,501,*,6.2137356536912,5.62472258541962,6.63079418001237,-0.765844161320006,0.0503476639753703,0.237616649128218,-0.765844161320006,0.237616649128218,6.2137356536912,0.6241231328356549,Not significant
chr17,75114038,75114538,501,*,5.3819215399088,3.60043273756495,6.15517264947645,-0.979301847429633,0.0503922712327347,0.237616649128218,-0.979301847429633,0.237616649128218,5.3819215399088,0.6241231328356549,Not significant
KI270751.1,149266,149766,501,*,3.68940087872452,4.58968966392552,0.78496562051359,0.979982341996378,0.0504437579154876,0.237616649128218,0.979982341996378,0.237616649128218,3.68940087872452,0.6241231328356549,Not significant
chr7,99438887,99439387,501,*,5.61483695529163,3.91392450993029,6.37391478955203,-0.977221156157059,0.050670911111935,0.238113542661398,-0.977221156157059,0.238113542661398,5.61483695529163,0.6232159034785406,Not significant
chr7,95500116,95500616,501,*,3.99552090593165,0.937951075149173,4.90616902498331,-0.978020946808612,0.0506970484996025,0.238113542661398,-0.978020946808612,0.238113542661398,3.99552090593165,0.6232159034785406,Not significant
chr2,239275670,239276170,501,*,5.44112133623009,4.12664818631922,6.11732347036944,-0.962627548646098,0.050813176459232,0.238311578677796,-0.962627548646098,0.238311578677796,5.44112133623009,0.6228548563790449,Not significant
chr12,64403847,64404347,501,*,4.90299263836374,2.66570520708977,5.7412710170213,-0.974635721301192,0.0514442996651331,0.24092083360619,-0.974635721301192,0.24092083360619,4.90299263836374,0.6181256428037066,Not significant
chr2,53970964,53971464,501,*,5.10058863171942,4.04741207352745,5.70284982856769,-0.930508607783405,0.051608644429706,0.24106615249488,-0.930508607783405,0.24106615249488,5.10058863171942,0.6178637635612929,Not significant
chr1,37990080,37990580,501,*,5.71478772854864,4.50539218612219,6.36329940641114,-0.950165920345825,0.0516902054183656,0.24106615249488,-0.950165920345825,0.24106615249488,5.71478772854864,0.6178637635612929,Not significant
chr11,116276833,116277333,501,*,4.73421941256336,3.51677914059933,5.38494256755613,-0.950949727293367,0.0516997862737313,0.24106615249488,-0.950949727293367,0.24106615249488,4.73421941256336,0.6178637635612929,Not significant
chr2,19902302,19902802,501,*,5.87485777663571,5.18055280767226,6.34160810875907,-0.824219164907938,0.0517865318774609,0.241121684550837,-0.824219164907938,0.241121684550837,5.87485777663571,0.6177637309029611,Not significant
GL000225.1,70598,71098,501,*,2.54227440393903,0.0,3.54227440393903,-0.945920016184714,0.0520588796785734,0.241686473821916,-0.945920016184714,0.241686473821916,2.54227440393903,0.6167476545525534,Not significant
chr14,103714887,103715387,501,*,6.33481842722467,5.74391489395619,6.7528172934314,-0.768210854320902,0.0521065363105633,0.241686473821916,-0.768210854320902,0.241686473821916,6.33481842722467,0.6167476545525534,Not significant
chr11,118608286,118608786,501,*,5.90413675693555,5.05365429971169,6.43560631557755,-0.883803204090398,0.0521328675686628,0.241686473821916,-0.883803204090398,0.241686473821916,5.90413675693555,0.6167476545525534,Not significant
chr17,2042043,2042543,501,*,5.87489596929572,5.08355382848805,6.38301393177525,-0.85955247093435,0.0525048853998005,0.242884125795247,-0.85955247093435,0.242884125795247,5.87489596929572,0.6146008684999846,Not significant
chr8,125655602,125656102,501,*,8.53700533205099,8.19418619368778,8.81380090738024,-0.551413976692968,0.0525419725882332,0.242884125795247,-0.551413976692968,0.242884125795247,8.53700533205099,0.6146008684999846,Not significant
chr19,49641429,49641929,501,*,4.93249470894967,3.77583267522761,5.56611270674927,-0.936684547207055,0.0532395257325354,0.245503805084136,-0.936684547207055,0.245503805084136,4.93249470894967,0.6099417723221245,Not significant
chr2,70136052,70136552,501,*,6.28187887494339,5.6712391391212,6.70958562338977,-0.772727182081891,0.0532610675834299,0.245503805084136,-0.772727182081891,0.245503805084136,6.28187887494339,0.6099417723221245,Not significant
chr5,142445726,142446226,501,*,6.00171013881312,6.5591674087559,5.08121283839293,0.895140706896739,0.0534963661612844,0.245734579390447,0.895140706896739,0.245734579390447,6.00171013881312,0.6095337259709582,Not significant
chr2,201853417,201853917,501,*,4.09237294982935,1.74530599720678,4.94313621389273,-0.962231134121446,0.0535244343609292,0.245734579390447,-0.962231134121446,0.245734579390447,4.09237294982935,0.6095337259709582,Not significant
chr19,50804223,50804723,501,*,5.78847019308811,4.72048562563928,6.39540045989674,-0.926516370527994,0.0535399362917734,0.245734579390447,-0.926516370527994,0.245734579390447,5.78847019308811,0.6095337259709582,Not significant
chr2,85418080,85418580,501,*,6.13739988359561,5.3352967782323,6.64986696496366,-0.864028275797848,0.0537318786270264,0.246264741018889,-0.864028275797848,0.246264741018889,6.13739988359561,0.6085977638697326,Not significant
chr1,153545394,153545894,501,*,5.02468804376091,3.9197479388103,5.64300022075843,-0.927114338092811,0.0540621040656823,0.247426277414245,-0.927114338092811,0.247426277414245,5.02468804376091,0.6065541788783522,Not significant
chr11,65860179,65860679,501,*,5.5288765196039,4.40633663631284,6.15247697153558,-0.928887811620088,0.054141485834919,0.247438109730651,-0.928887811620088,0.247438109730651,5.5288765196039,0.6065334107250653,Not significant
chr1,30787002,30787502,501,*,4.81579069720211,3.53625757522469,5.48306629922443,-0.945356549082276,0.0543630562686753,0.248098820534946,-0.945356549082276,0.248098820534946,4.81579069720211,0.6053753003645589,Not significant
chr1,40691592,40692092,501,*,6.23134096940593,5.6281980345898,6.6553834870593,-0.771489314802371,0.0547765073315617,0.249262821392229,-0.771489314802371,0.249262821392229,6.23134096940593,0.6033424935311112,Not significant
chrX,68930886,68931386,501,*,5.70736264387479,4.77454783614864,6.26921633836666,-0.895119604343424,0.0548414627377449,0.249262821392229,-0.895119604343424,0.249262821392229,5.70736264387479,0.6033424935311112,Not significant
chr14,105521616,105522116,501,*,3.02525821727411,3.9468303561974,0.0,0.948904025663979,0.0548501987483209,0.249262821392229,0.948904025663979,0.249262821392229,3.02525821727411,0.6033424935311112,Not significant
chr9,127450939,127451439,501,*,5.54641799933497,4.69810696781773,6.07705351511734,-0.870633437829201,0.0552590929022241,0.250688870204457,-0.870633437829201,0.250688870204457,5.54641799933497,0.6008649469196692,Not significant
chr16,8797704,8798204,501,*,4.97589659934089,3.64931140161568,5.6551304349802,-0.944578224061935,0.0553196110227713,0.250688870204457,-0.944578224061935,0.250688870204457,4.97589659934089,0.6008649469196692,Not significant
chr14,75068932,75069432,501,*,6.26282834447859,5.58603219714674,6.72167970006764,-0.807591134186168,0.0555122840537531,0.251080057357317,-0.807591134186168,0.251080057357317,6.26282834447859,0.6001877808100659,Not significant
chr9,6757406,6757906,501,*,4.91260762227836,3.49547522151411,5.61353034753568,-0.947213307676425,0.0556342408871555,0.251080057357317,-0.947213307676425,0.251080057357317,4.91260762227836,0.6001877808100659,Not significant
chr16,1678074,1678574,501,*,5.19932140579868,3.15113203426001,6.01343098197458,-0.951787038435202,0.055639714758884,0.251080057357317,-0.951787038435202,0.251080057357317,5.19932140579868,0.6001877808100659,Not significant
chr17,64975491,64975991,501,*,4.97400638189975,3.65490845361009,5.65136987701125,-0.94005712448717,0.0558905508452154,0.251859237515082,-0.94005712448717,0.251859237515082,4.97400638189975,0.5988421157681334,Not significant
chr11,47565102,47565602,501,*,5.72284613528985,3.74530599720678,6.52696377079893,-0.949733227320997,0.0561423938426985,0.252283407639987,-0.949733227320997,0.252283407639987,5.72284613528985,0.5981113115409032,Not significant
chr14,75127094,75127594,501,*,5.7116658336252,4.64245345669928,6.31898041667551,-0.91592157654407,0.0562618179915335,0.252283407639987,-0.91592157654407,0.252283407639987,5.7116658336252,0.5981113115409032,Not significant
chr15,92903795,92904295,501,*,5.44439627248229,3.52291357587033,6.24017729132626,-0.94924033195785,0.0562889565414775,0.252283407639987,-0.94924033195785,0.252283407639987,5.44439627248229,0.5981113115409032,Not significant
chr3,120095174,120095674,501,*,6.04820116164979,5.29236431061945,6.5416407119508,-0.836934207727666,0.0562978802275453,0.252283407639987,-0.836934207727666,0.252283407639987,6.04820116164979,0.5981113115409032,Not significant
chr22,31398935,31399435,501,*,5.73433686286244,4.90997450987259,6.25565726381457,-0.86199562535915,0.0567193490233351,0.253306449933592,-0.86199562535915,0.253306449933592,5.73433686286244,0.5963537516429132,Not significant
chr3,52154674,52155174,501,*,4.43868641243997,2.15113203426001,5.28281296728795,-0.94398015801121,0.0567254193311417,0.253306449933592,-0.94398015801121,0.253306449933592,4.43868641243997,0.5963537516429132,Not significant
chr19,39435517,39436017,501,*,7.05295154674379,6.63777616915165,7.3749623622946,-0.625693480959512,0.0568853707931819,0.253306449933592,-0.625693480959512,0.253306449933592,7.05295154674379,0.5963537516429132,Not significant
chr13,52162399,52162899,501,*,5.61403672002475,4.75870198037154,6.14736377221804,-0.868499553588117,0.0569190524564832,0.253306449933592,-0.868499553588117,0.253306449933592,5.61403672002475,0.5963537516429132,Not significant
chr1,121359606,121360106,501,*,2.30065378238576,3.30065378238576,0.0,0.90717710503798,0.0569426069184438,0.253306449933592,0.90717710503798,0.253306449933592,2.30065378238576,0.5963537516429132,Not significant
chr22,19892033,19892533,501,*,5.22998760163311,3.57886599109336,5.97982858552373,-0.945480065508519,0.0570001348737414,0.253306449933592,-0.945480065508519,0.253306449933592,5.22998760163311,0.5963537516429132,Not significant
chr22,24284563,24285063,501,*,5.21149149183519,3.72714271082277,5.92746406133969,-0.942189674915401,0.0570764998919268,0.253306449933592,-0.942189674915401,0.253306449933592,5.21149149183519,0.5963537516429132,Not significant
chr17,4948948,4949448,501,*,5.61473264122472,4.83932185412674,6.11632744735539,-0.845707412752209,0.0572740641280624,0.253833610207176,-0.845707412752209,0.253833610207176,5.61473264122472,0.5954508733323688,Not significant
chr5,138654543,138655043,501,*,5.0352994027775,3.47385199167917,5.76751563279561,-0.942953294822596,0.0574102392359333,0.254087624750243,-0.942953294822596,0.254087624750243,5.0352994027775,0.5950164865968607,Not significant
chr2,89830765,89831265,501,*,2.34550874732244,3.34550874732244,0.0,0.898728752299282,0.0579264366619494,0.255479840460805,0.898728752299282,0.255479840460805,2.34550874732244,0.5926433637173314,Not significant
chr5,373679,374179,501,*,5.71646764397489,4.97676951427345,6.20306397530435,-0.830829676966168,0.0580096278936478,0.255479840460805,-0.830829676966168,0.255479840460805,5.71646764397489,0.5926433637173314,Not significant
chr16,3717310,3717810,501,*,6.18383448140514,4.71915051448256,6.89549246045251,-0.938131349753754,0.0580663085372776,0.255479840460805,-0.938131349753754,0.255479840460805,6.18383448140514,0.5926433637173314,Not significant
chr19,1652497,1652997,501,*,4.19299426096714,1.93795107514917,5.03336442402992,-0.937609967047546,0.058072315769839,0.255479840460805,-0.937609967047546,0.255479840460805,4.19299426096714,0.5926433637173314,Not significant
chr21,34037406,34037906,501,*,4.69727455229051,2.89895569005934,5.47337060326449,-0.940181546014165,0.0581872763144993,0.255479840460805,-0.940181546014165,0.255479840460805,4.69727455229051,0.5926433637173314,Not significant
chr17,82859799,82860299,501,*,5.62136995670341,4.68670414204164,6.18387993340954,-0.887326216228655,0.0582005595587309,0.255479840460805,-0.887326216228655,0.255479840460805,5.62136995670341,0.5926433637173314,Not significant
chr3,128650728,128651228,501,*,5.10286423178538,3.9197479388103,5.74404104473757,-0.918695549649277,0.0589645804930836,0.258449618823169,-0.918695549649277,0.258449618823169,5.10286423178538,0.5876241040190854,Not significant
chr1,43979174,43979674,501,*,4.20834626393794,2.80824045438174,4.90531814970157,-0.931806612296515,0.0590375293152862,0.258449618823169,-0.931806612296515,0.258449618823169,4.20834626393794,0.5876241040190854,Not significant
chr14,49892258,49892758,501,*,5.57350341884855,4.43693632727926,6.20125910451631,-0.913764098817252,0.059151230012865,0.25850724638249,-0.913764098817252,0.25850724638249,5.57350341884855,0.5875272784121274,Not significant
chr9,34991907,34992407,501,*,4.81167647712655,3.25251471140557,5.54342608903053,-0.933463112204091,0.0595387624212258,0.25850724638249,-0.933463112204091,0.25850724638249,4.81167647712655,0.5875272784121274,Not significant
chr9,136118567,136119067,501,*,5.69000984360909,4.97074591299361,6.16778324574111,-0.817272163730491,0.0595393792010375,0.25850724638249,-0.817272163730491,0.25850724638249,5.69000984360909,0.5875272784121274,Not significant
chr1,9129330,9129830,501,*,3.83087420374872,1.34377711220241,4.69610827103615,-0.925790077353884,0.0596268096463595,0.25850724638249,-0.925790077353884,0.25850724638249,3.83087420374872,0.5875272784121274,Not significant
chr19,40715809,40716309,501,*,5.9187996612548,3.98763330197713,6.71604752516912,-0.93177097633635,0.0597576801426208,0.25850724638249,-0.93177097633635,0.25850724638249,5.9187996612548,0.5875272784121274,Not significant
chrX,154379000,154379500,501,*,5.33730598136611,4.20843434535158,5.96278855340758,-0.910067282786819,0.0598412640347074,0.25850724638249,-0.910067282786819,0.25850724638249,5.33730598136611,0.5875272784121274,Not significant
chr19,3035783,3036283,501,*,4.06875376985155,1.66570520708977,4.92548882477198,-0.925181780075205,0.0599311276461962,0.25850724638249,-0.925181780075205,0.25850724638249,4.06875376985155,0.5875272784121274,Not significant
chr9,6715956,6716456,501,*,5.64269485408304,4.870950561053,6.14277395727107,-0.83805713389397,0.060040968227937,0.25850724638249,-0.83805713389397,0.25850724638249,5.64269485408304,0.5875272784121274,Not significant
chr1,1287978,1288478,501,*,2.36742387183859,3.36742387183859,0.0,0.8827544525988,0.0600699661082685,0.25850724638249,0.8827544525988,0.25850724638249,2.36742387183859,0.5875272784121274,Not significant
chr1,153990450,153990950,501,*,5.91849251905668,5.00555247011383,6.47322706927105,-0.876664461348236,0.0600959828551271,0.25850724638249,-0.876664461348236,0.25850724638249,5.91849251905668,0.5875272784121274,Not significant
chr2,96963243,96963743,501,*,5.23867211343994,4.14143614447542,5.85464283555686,-0.907224293384575,0.0601677361630049,0.25850724638249,-0.907224293384575,0.25850724638249,5.23867211343994,0.5875272784121274,Not significant
chr16,69330396,69330896,501,*,5.56945443753733,4.4754344140283,6.18444292773844,-0.906954201142755,0.0602204202638813,0.25850724638249,-0.906954201142755,0.25850724638249,5.56945443753733,0.5875272784121274,Not significant
chr19,6425493,6425993,501,*,5.50922924408328,4.5496595569558,6.08045920899129,-0.88362258906887,0.0602848339160746,0.25850724638249,-0.88362258906887,0.25850724638249,5.50922924408328,0.5875272784121274,Not significant
chr4,6640108,6640608,501,*,5.21808532956418,4.10481211945688,5.83891184700356,-0.906954001632429,0.0603045016922817,0.25850724638249,-0.906954001632429,0.25850724638249,5.21808532956418,0.5875272784121274,Not significant
chr3,50291908,50292408,501,*,6.83735136208639,6.23456361440276,7.26121956934361,-0.758524661297243,0.0603130130198755,0.25850724638249,-0.758524661297243,0.25850724638249,6.83735136208639,0.5875272784121274,Not significant
chr1,43008256,43008756,501,*,6.18729724972782,5.51677914059933,6.64328220635775,-0.797561113567097,0.0603344038732565,0.25850724638249,-0.797561113567097,0.25850724638249,6.18729724972782,0.5875272784121274,Not significant
chr7,44885386,44885886,501,*,5.46598667149396,3.51370211364472,6.26639442509574,-0.926629177849179,0.060764627702203,0.259587916502553,-0.926629177849179,0.259587916502553,5.46598667149396,0.5857155272738281,Not significant
chr11,447503,448003,501,*,5.06774654123924,3.72048562563928,5.75208275222119,-0.92346256210456,0.0608144167109911,0.259587916502553,-0.92346256210456,0.259587916502553,5.06774654123924,0.5857155272738281,Not significant
chr2,219230120,219230620,501,*,5.08296237277046,3.10787607659148,5.88672281168825,-0.926467132092521,0.0608283292859799,0.259587916502553,-0.926467132092521,0.259587916502553,5.08296237277046,0.5857155272738281,Not significant
chr11,66051347,66051847,501,*,5.17035447524399,3.15113203426001,5.98043467137004,-0.922856373524477,0.0613718981321156,0.261561184896397,-0.922856373524477,0.261561184896397,5.17035447524399,0.5824267039105838,Not significant
chr17,78484338,78484838,501,*,5.72341059895457,4.99261479505373,6.20618513164421,-0.816429439649648,0.0619507326230671,0.263059935128505,-0.816429439649648,0.263059935128505,5.72341059895457,0.579945291319753,Not significant
chr3,128680863,128681363,501,*,5.75628364104301,4.93507880609278,6.27635976355388,-0.845543288135878,0.0619689875526296,0.263059935128505,-0.845543288135878,0.263059935128505,5.75628364104301,0.579945291319753,Not significant
chr11,72103217,72103717,501,*,6.46407754340675,5.94825555488782,6.84326115839806,-0.701672086157042,0.0620114522739161,0.263059935128505,-0.701672086157042,0.263059935128505,6.46407754340675,0.579945291319753,Not significant
chr1,151047464,151047964,501,*,5.04826080466421,3.32149701298869,5.81198772035319,-0.922610135228383,0.0620501398813357,0.263059935128505,-0.922610135228383,0.263059935128505,5.04826080466421,0.579945291319753,Not significant
chr19,4374845,4375345,501,*,5.66814431171878,4.92483002277172,6.15628347888459,-0.823570858788247,0.0621397153614179,0.263093512344926,-0.823570858788247,0.263093512344926,5.66814431171878,0.579889861102963,Not significant
chrX,49269865,49270365,501,*,5.43180943539448,4.43612393533898,6.01533089739084,-0.884648610801047,0.0625373718668902,0.264429674744252,-0.884648610801047,0.264429674744252,5.43180943539448,0.5776898091919926,Not significant
chr17,43483587,43484087,501,*,6.08433815309654,5.38332420480106,6.55407857645363,-0.800720930352658,0.062987506593192,0.265983940030491,-0.800720930352658,0.265983940030491,6.08433815309654,0.5751445850482529,Not significant
chr11,842650,843150,501,*,5.12772853732896,3.18587858859276,5.92658161912587,-0.91395420008363,0.063567168302025,0.267877808329039,-0.91395420008363,0.267877808329039,5.12772853732896,0.5720632629481108,Not significant
chr16,2215409,2215909,501,*,6.12814642969415,5.51908261162909,6.55508526356686,-0.75621444287531,0.0636022729272857,0.267877808329039,-0.75621444287531,0.267877808329039,6.12814642969415,0.5720632629481108,Not significant
chr18,10132244,10132744,501,*,5.62119413282791,4.79276234329901,6.14411258423336,-0.843188864804639,0.0639887697938215,0.269153807148424,-0.843188864804639,0.269153807148424,5.62119413282791,0.5699994727613212,Not significant
chr20,58179494,58179994,501,*,5.65873921700659,4.2697254579409,6.35310620217184,-0.911172211684141,0.0641703076655468,0.26956549061068,-0.911172211684141,0.26956549061068,5.65873921700659,0.5693357063378934,Not significant
chr16,3059484,3059984,501,*,4.96669561192814,2.92873961292356,5.77939221209565,-0.908089674805225,0.0643932552655736,0.269758453648707,-0.908089674805225,0.269758453648707,4.96669561192814,0.5690249365784777,Not significant
chr14,49598965,49599465,501,*,5.35516765813473,4.42489871175889,5.91611684115906,-0.868061334068982,0.0644672036659393,0.269758453648707,-0.868061334068982,0.269758453648707,5.35516765813473,0.5690249365784777,Not significant
chr14,21308798,21309298,501,*,5.38399553137413,4.46610476478731,5.94051591240666,-0.866496054841815,0.0644995362269636,0.269758453648707,-0.866496054841815,0.269758453648707,5.38399553137413,0.5690249365784777,Not significant
chr1,52697225,52697725,501,*,4.79105661259458,2.66570520708977,5.61546181999853,-0.905885079437493,0.0645511383498303,0.269758453648707,-0.905885079437493,0.269758453648707,4.79105661259458,0.5690249365784777,Not significant
chr19,39156183,39156683,501,*,5.22852824692221,4.33703861592504,5.77542790493819,-0.858404081977239,0.0651114883713821,0.271512771492918,-0.858404081977239,0.271512771492918,5.22852824692221,0.5662097371305783,Not significant
chr13,19601448,19601948,501,*,4.83400884829971,2.8032087308397,5.64571059653568,-0.904680463559124,0.0651394700074568,0.271512771492918,-0.904680463559124,0.271512771492918,4.83400884829971,0.5662097371305783,Not significant
chr8,127944478,127944978,501,*,7.34852133497707,6.74375076005535,7.7733618099795,-0.754670096196747,0.0652242634156358,0.271514957009275,-0.754670096196747,0.271514957009275,7.34852133497707,0.5662062413323193,Not significant
chr1,225700290,225700790,501,*,5.13066139162405,4.12866087402224,5.71629011557056,-0.877544462970192,0.0657483871109185,0.27334361712436,-0.877544462970192,0.27334361712436,5.13066139162405,0.5632910629102842,Not significant
chr19,55384769,55385269,501,*,5.33424181094679,4.49859132776689,5.85997962641727,-0.841910081645538,0.065965641531774,0.273893423988886,-0.841910081645538,0.273893423988886,5.33424181094679,0.5624183947618253,Not significant
chr14,103334052,103334552,501,*,5.9670030676708,4.56350370181652,6.66476698386871,-0.903153918611208,0.0664941628892762,0.275732551903794,-0.903153918611208,0.275732551903794,5.9670030676708,0.5595119597641055,Not significant
chr3,196081724,196082224,501,*,5.07240129172376,4.14243257670609,5.63324366376052,-0.862236367695622,0.0667587979069946,0.276474096216371,-0.862236367695622,0.276474096216371,5.07240129172376,0.5583455529570878,Not significant
chr12,108646077,108646577,501,*,5.17880240997382,3.91509107772305,5.84194550844953,-0.894977481281736,0.0676797428113212,0.279359173181772,-0.894977481281736,0.279359173181772,5.17880240997382,0.5538370633522639,Not significant
chr19,36054205,36054705,501,*,5.98231851406346,5.19576135500687,6.48848789993753,-0.822212148387602,0.0677797399141167,0.279359173181772,-0.822212148387602,0.279359173181772,5.98231851406346,0.5538370633522639,Not significant
chr5,34915630,34916130,501,*,4.72570180922447,3.63414665625788,5.33993552714594,-0.881486401980649,0.0678652083375569,0.279359173181772,-0.881486401980649,0.279359173181772,4.72570180922447,0.5538370633522639,Not significant
chr2,120222910,120223410,501,*,5.82812109871282,3.98763330197713,6.61117759215502,-0.895602084328066,0.0679303279802387,0.279359173181772,-0.895602084328066,0.279359173181772,5.82812109871282,0.5538370633522639,Not significant
chr7,74606371,74606871,501,*,5.46416345748422,3.51370211364472,6.26430049760051,-0.893576258763126,0.0679371438011926,0.279359173181772,-0.893576258763126,0.279359173181772,5.46416345748422,0.5538370633522639,Not significant
chr6,136289509,136290009,501,*,5.89379410444779,5.17629743851913,6.37079600005812,-0.79864254642211,0.0679811067361199,0.279359173181772,-0.79864254642211,0.279359173181772,5.89379410444779,0.5538370633522639,Not significant
chr19,58278919,58279419,501,*,4.69234393669871,3.25804157672422,5.39719309543023,-0.897353862049607,0.0680623683884826,0.279359173181772,-0.897353862049607,0.279359173181772,4.69234393669871,0.5538370633522639,Not significant
chr17,4704012,4704512,501,*,6.08275112945051,5.47701510259649,6.50806428789724,-0.750902104869608,0.068311581213371,0.28002533672962,-0.750902104869608,0.28002533672962,6.08275112945051,0.552802671857621,Not significant
chr14,23034829,23035329,501,*,5.42694108370517,3.5818072649239,6.21075007170791,-0.893477098404551,0.0685162776928472,0.280507556196129,-0.893477098404551,0.280507556196129,5.42694108370517,0.5520554354057405,Not significant
chr13,114281134,114281634,501,*,5.72585303751777,5.04847558391231,6.18496888583971,-0.784410191321259,0.0686376382264902,0.280538534029977,-0.784410191321259,0.280538534029977,5.72585303751777,0.5520074767707922,Not significant
chr17,82003402,82003902,501,*,5.87635046379825,5.09570447798712,6.38010005559124,-0.821557599367746,0.0686979836591098,0.280538534029977,-0.821557599367746,0.280538534029977,5.87635046379825,0.5520074767707922,Not significant
chr7,23469494,23469994,501,*,5.00964400831974,3.82168934173778,5.65218414562781,-0.887065994268823,0.0688539320368139,0.280819454459006,-0.887065994268823,0.280819454459006,5.00964400831974,0.5515728086806705,Not significant
chr19,12945893,12946393,501,*,7.05034814455828,6.38864160093964,7.50227914690145,-0.776439881789057,0.0692958238873248,0.282264405265437,-0.776439881789057,0.282264405265437,7.05034814455828,0.5493438847700546,Not significant
chr9,35096197,35096697,501,*,5.77317691593057,5.09067478709078,6.23461778410127,-0.782719611427878,0.0693837127585084,0.282265558722114,-0.782719611427878,0.282265558722114,5.77317691593057,0.5493421100551523,Not significant
chr17,17591888,17592388,501,*,5.44229864446694,4.50694040732969,6.00505382949793,-0.855687039406338,0.0698622461747984,0.283853918253721,-0.855687039406338,0.283853918253721,5.44229864446694,0.546905106496786,Not significant
chr17,68101249,68101749,501,*,5.17818273867663,3.94568918267794,5.83300205989828,-0.885709564309568,0.0699575777448263,0.283883268883918,-0.885709564309568,0.283883268883918,5.17818273867663,0.5468602025622364,Not significant
chr12,49366852,49367352,501,*,5.81040446434197,5.09119093094352,6.28815588416509,-0.795289087272601,0.0700606558021012,0.283943940873422,-0.795289087272601,0.283943940873422,5.81040446434197,0.5467673943632098,Not significant
chr3,113087086,113087586,501,*,4.71143430895788,3.6159541146269,5.32686912692032,-0.874609581738661,0.0701820517227379,0.284021581312906,-0.874609581738661,0.284021581312906,4.71143430895788,0.5466486589353244,Not significant
chr14,68780176,68780676,501,*,5.5977191529494,4.83331194923915,6.09474874277076,-0.810811540358922,0.0702561143098654,0.284021581312906,-0.810811540358922,0.284021581312906,5.5977191529494,0.5466486589353244,Not significant
chr11,9363846,9364346,501,*,5.41669027501562,4.54665193763637,5.95559359913562,-0.84160837184827,0.0706344239098301,0.285193125109615,-0.84160837184827,0.285193125109615,5.41669027501562,0.5448609478347047,Not significant
chr11,116421850,116422350,501,*,5.11706117367056,3.88977585869386,5.77046942082202,-0.881419747086646,0.0708952092516046,0.285887815029624,-0.881419747086646,0.285887815029624,5.11706117367056,0.543804354534171,Not significant
chr1,156127094,156127594,501,*,5.38145754345041,4.56721865620962,5.89877513129916,-0.825856912687193,0.0710012778653683,0.285957646602771,-0.825856912687193,0.285957646602771,5.38145754345041,0.543698285782853,Not significant
chr14,22824935,22825435,501,*,4.73007839347187,3.57886599109336,5.36211697230837,-0.875405174228894,0.0713108666939822,0.286424854708592,-0.875405174228894,0.286424854708592,4.73007839347187,0.5429892985344419,Not significant
chr6,42783090,42783590,501,*,5.41110129265188,4.36827587346444,6.01006101855309,-0.867338486173369,0.0713885575216166,0.286424854708592,-0.867338486173369,0.286424854708592,5.41110129265188,0.5429892985344419,Not significant
chr17,65783720,65784220,501,*,5.86529759248514,5.16714190270468,6.33376659022094,-0.789263750047992,0.0714652756603788,0.286424854708592,-0.789263750047992,0.286424854708592,5.86529759248514,0.5429892985344419,Not significant
chr17,75261443,75261943,501,*,5.19089555418634,3.8266571312014,5.87935396261567,-0.884053424431346,0.0714728687727214,0.286424854708592,-0.884053424431346,0.286424854708592,5.19089555418634,0.5429892985344419,Not significant
chr17,8249171,8249671,501,*,6.01762406933997,5.26297939536136,6.510561824945,-0.804764751487421,0.0717048231585265,0.286997441263071,-0.804764751487421,0.286997441263071,6.01762406933997,0.5421219752182118,Not significant
chr13,113584214,113584714,501,*,5.17376134693241,4.13167465057843,5.77248426188112,-0.863595006448162,0.0718272471911959,0.287130757382175,-0.863595006448162,0.287130757382175,5.17376134693241,0.5419202834843695,Not significant
chr11,67316740,67317240,501,*,4.92905606274573,3.36742387183859,5.6613099769789,-0.881138637687569,0.0724661529441276,0.289325829970234,-0.881138637687569,0.289325829970234,4.92905606274573,0.5386127923707437,Not significant
chr5,177133713,177134213,501,*,5.7286788654438,6.30483412721381,4.7547825115283,0.852889850533283,0.0727073692464201,0.289610387088713,0.852889850533283,0.289610387088713,5.7286788654438,0.5381858659057817,Not significant
chr20,10433960,10434460,501,*,4.66603295505136,3.51984961873572,5.29660715699507,-0.870733384703801,0.072717195268395,0.289610387088713,-0.870733384703801,0.289610387088713,4.66603295505136,0.5381858659057817,Not significant
chr7,99616695,99617195,501,*,5.69959479870818,4.96356993363391,6.18461826841157,-0.796707516015685,0.073050477629634,0.290578566571211,-0.796707516015685,0.290578566571211,5.69959479870818,0.5367364229462667,Not significant
chr22,39520620,39521120,501,*,6.21160218802191,5.66031693033731,6.60950160155585,-0.713904248650279,0.0739182340953523,0.293446230636254,-0.713904248650279,0.293446230636254,6.21160218802191,0.5324714646966302,Not significant
GL000225.1,74007,74507,501,*,2.89064424893095,0.0,3.82756434514871,-0.830828283034111,0.0739535503651888,0.293446230636254,-0.830828283034111,0.293446230636254,2.89064424893095,0.5324714646966302,Not significant
chr11,133957062,133957562,501,*,5.01993047897503,3.55397954809318,5.73186860581453,-0.87575404945993,0.0740814670702316,0.2935922348097,-0.87575404945993,0.2935922348097,5.01993047897503,0.5322554352133775,Not significant
chr17,81927133,81927633,501,*,2.25301102501921,0.0,3.25301102501921,-0.803161454778402,0.0748155834290268,0.296137358486885,-0.803161454778402,0.296137358486885,2.25301102501921,0.5285068017924742,Not significant
chr12,30795878,30796378,501,*,5.47355258260615,4.73228752858496,5.96081812028231,-0.795491189446283,0.0750267356420514,0.296608763483055,-0.795491189446283,0.296608763483055,5.47355258260615,0.5278160216282429,Not significant
chr1,207027423,207027923,501,*,5.13665768233363,3.49391464079507,5.88490678968915,-0.869250305447586,0.0753241173756622,0.297419492873019,-0.869250305447586,0.297419492873019,5.13665768233363,0.52663057122172,Not significant
chr11,62771221,62771721,501,*,5.44112340832651,3.59170462564599,6.22562392094647,-0.864327542076949,0.0754635147190915,0.297605195134532,-0.864327542076949,0.297605195134532,5.44112340832651,0.5263594918137695,Not significant
chr15,88621133,88621633,501,*,5.71271759393911,4.9242507809919,6.2196657343261,-0.809159129940614,0.0762538866041424,0.300299139440092,-0.809159129940614,0.300299139440092,5.71271759393911,0.5224459123463232,Not significant
chr9,90763552,90764052,501,*,4.85031560654071,3.61738817600952,5.5052521860153,-0.864147683146634,0.0763630824027805,0.300299139440092,-0.864147683146634,0.300299139440092,4.85031560654071,0.5224459123463232,Not significant
chr11,63986343,63986843,501,*,6.03131614651814,5.21496616858549,6.54947169691143,-0.812386144309347,0.0764262241902158,0.300299139440092,-0.812386144309347,0.300299139440092,6.03131614651814,0.5224459123463232,Not significant
chr15,50354565,50355065,501,*,5.22863030693596,4.06197760331764,5.86512392043789,-0.860940812793923,0.076630769455399,0.300579959096414,-0.860940812793923,0.300579959096414,5.22863030693596,0.5220399789852634,Not significant
chr1,23958910,23959410,501,*,5.84835075928554,5.14193444661701,6.32048438016318,-0.78182434564054,0.0766842726186383,0.300579959096414,-0.78182434564054,0.300579959096414,5.84835075928554,0.5220399789852634,Not significant
chr12,52441108,52441608,501,*,5.83812959026879,4.27496885026493,6.57069501589234,-0.864233239211464,0.0770628341721949,0.301238273979967,-0.864233239211464,0.301238273979967,5.83812959026879,0.52108984946242,Not significant
chr5,177591956,177592456,501,*,5.43072801692134,3.51370211364472,6.22583011704821,-0.855848256695406,0.0771820926096425,0.301238273979967,-0.855848256695406,0.301238273979967,5.43072801692134,0.52108984946242,Not significant
chr11,120209956,120210456,501,*,4.80274398812163,3.74004950843028,5.40801348413511,-0.852133481063633,0.0772695415215832,0.301238273979967,-0.852133481063633,0.301238273979967,4.80274398812163,0.52108984946242,Not significant
chr12,64221823,64222323,501,*,5.03129776434157,3.93565371755945,5.64678262999077,-0.853408494846572,0.0773019964788866,0.301238273979967,-0.853408494846572,0.301238273979967,5.03129776434157,0.52108984946242,Not significant
ML143380.1,79221,79721,501,*,5.15128783475941,0.0,6.15128783475941,-0.681634199415939,0.0773738318505312,0.301238273979967,-0.681634199415939,0.301238273979967,5.15128783475941,0.52108984946242,Not significant
GL000008.2,2755,3255,501,*,5.06865471071208,5.81466806387884,3.43758218806497,0.861851199529062,0.0774983284133999,0.301238273979967,0.861851199529062,0.301238273979967,5.06865471071208,0.52108984946242,Not significant
chr8,54135056,54135556,501,*,5.21845791804487,4.17909690333259,5.81630567944818,-0.849231236493475,0.0776892397734442,0.301238273979967,-0.849231236493475,0.301238273979967,5.21845791804487,0.52108984946242,Not significant
chr2,174787440,174787940,501,*,5.62373212163119,4.74136542722611,6.16725098370518,-0.825276890180365,0.0777144383131815,0.301238273979967,-0.825276890180365,0.301238273979967,5.62373212163119,0.52108984946242,Not significant
chr15,69784400,69784900,501,*,5.20215133952152,4.34896579467779,5.73465672797307,-0.819537448435113,0.0777277242962348,0.301238273979967,-0.819537448435113,0.301238273979967,5.20215133952152,0.52108984946242,Not significant
chr14,89360597,89361097,501,*,2.12765488115546,3.12765488115546,0.0,0.783970166264645,0.0777871644789982,0.301238273979967,0.783970166264645,0.301238273979967,2.12765488115546,0.52108984946242,Not significant
chr11,62545624,62546124,501,*,4.44529621224805,2.39738269378647,5.2593678493065,-0.846522853997578,0.0789342959696349,0.304909753800658,-0.846522853997578,0.304909753800658,4.44529621224805,0.5158286827056285,Not significant
chr17,75904527,75905027,501,*,5.25893485148491,4.01783228591898,5.9160724814628,-0.857245180340336,0.0789499163613747,0.304909753800658,-0.857245180340336,0.304909753800658,5.25893485148491,0.5158286827056285,Not significant
chr2,9103171,9103671,501,*,5.87432562705235,6.4693881275548,4.84359432090383,0.843480697716846,0.0790191323474704,0.304909753800658,0.843480697716846,0.304909753800658,5.87432562705235,0.5158286827056285,Not significant
chr22,17638533,17639033,501,*,6.13363091465491,4.98874178786381,6.76382719738577,-0.85191964214907,0.0794136005347015,0.306065336032067,-0.85191964214907,0.306065336032067,6.13363091465491,0.5141858544028829,Not significant
chr22,29030628,29031128,501,*,5.12372373923521,3.96018327271321,5.75932430540048,-0.85190262302496,0.0798169449967885,0.307252325901616,-0.85190262302496,0.307252325901616,5.12372373923521,0.5125048208177038,Not significant
chr12,123584152,123584652,501,*,5.25850717509123,3.34377711220241,6.05325859748058,-0.844478851267608,0.0801189005760507,0.308046655914123,-0.844478851267608,0.308046655914123,5.25850717509123,0.5113835014491348,Not significant
chr10,70132703,70133203,501,*,5.36826809035844,3.46151303120619,6.1617963599983,-0.843234767622442,0.0807414874888846,0.310070408449566,-0.843234767622442,0.310070408449566,5.36826809035844,0.5085396786523333,Not significant
chr1,12147839,12148339,501,*,5.19679573558416,3.33026849792793,5.98403364313506,-0.84178827335185,0.0814434872367155,0.312393947472259,-0.84178827335185,0.312393947472259,5.19679573558416,0.5052973890228526,Not significant
chr19,2341347,2341847,501,*,5.71259682249918,6.25412890209892,4.83555469102027,0.815392086844152,0.0815790030350272,0.312541673934432,0.815392086844152,0.312541673934432,5.71259682249918,0.5050920661500633,Not significant
chr14,61762109,61762609,501,*,4.3309536288098,5.1502604799134,2.24439723915089,0.834074936159328,0.0817214615871271,0.31271561666713,0.834074936159328,0.31271561666713,4.3309536288098,0.5048504300362195,Not significant
chr5,160164977,160165477,501,*,5.08086525102637,4.21863681456609,5.61681646797288,-0.812768457235097,0.0819765289517763,0.313319544819245,-0.812768457235097,0.313319544819245,5.08086525102637,0.5040125130583014,Not significant
chr9,129570821,129571321,501,*,5.17596126168906,4.14143614447542,5.77225093966402,-0.836392053524134,0.0821936395366877,0.31377714050617,-0.836392053524134,0.31377714050617,5.17596126168906,0.5033786990972408,Not significant
chr2,3601610,3602110,501,*,5.19993413510545,4.06303043435943,5.82778889171652,-0.842305200393044,0.0824378715465436,0.314131899361855,-0.842305200393044,0.314131899361855,5.19993413510545,0.5028879597702322,Not significant
chr20,59031864,59032364,501,*,6.02170974993044,5.18527921329756,6.54775105412874,-0.80773167767752,0.0824815601676379,0.314131899361855,-0.80773167767752,0.314131899361855,6.02170974993044,0.5028879597702322,Not significant
chr1,24642365,24642865,501,*,4.94874954043405,3.10787607659148,5.73186860581453,-0.837731503609849,0.0827777059734111,0.314887566288466,-0.837731503609849,0.314887566288466,4.94874954043405,0.501844487661068,Not significant
chr11,47425889,47426389,501,*,5.35946182188508,4.38416687056895,5.93609439125425,-0.826307950462057,0.0830784402247333,0.315521255365302,-0.826307950462057,0.315521255365302,5.35946182188508,0.5009713788067744,Not significant
chr19,1406864,1407364,501,*,5.60700429110483,4.41110708816967,6.25176976371047,-0.843278883464946,0.0831401445701867,0.315521255365302,-0.843278883464946,0.315521255365302,5.60700429110483,0.5009713788067744,Not significant
chr2,10277999,10278499,501,*,5.54684835325819,4.51524144746978,6.1421944617099,-0.83252491787364,0.0837857417038662,0.317024042446781,-0.83252491787364,0.317024042446781,5.54684835325819,0.4989078005392596,Not significant
chr17,7573283,7573783,501,*,7.26234696791043,6.4414530029926,7.78230038088397,-0.800761590320056,0.0838464391381617,0.317024042446781,-0.800761590320056,0.317024042446781,7.26234696791043,0.4989078005392596,Not significant
chr7,101882682,101883182,501,*,5.96066280138656,4.50247701954443,6.6708791854079,-0.842203909065411,0.0839929488707495,0.317024042446781,-0.842203909065411,0.317024042446781,5.96066280138656,0.4989078005392596,Not significant
chrX,153926593,153927093,501,*,5.1990236433142,4.12866087402224,5.80669792087284,-0.834258932037112,0.0840382759423915,0.317024042446781,-0.834258932037112,0.317024042446781,5.1990236433142,0.4989078005392596,Not significant
chr19,40317910,40318410,501,*,3.11668823966305,4.00500475432988,0.369928121234746,0.806346392222242,0.0841319272364111,0.317024042446781,0.806346392222242,0.317024042446781,3.11668823966305,0.4989078005392596,Not significant
chr1,119140263,119140763,501,*,5.19968777731306,4.10583416168896,5.81462536446664,-0.834516428347955,0.0841561217861699,0.317024042446781,-0.834516428347955,0.317024042446781,5.19968777731306,0.4989078005392596,Not significant
chr7,1086700,1087200,501,*,4.77055350334182,2.84484167075769,5.56697653062312,-0.829954043527486,0.0842248852682945,0.317024042446781,-0.829954043527486,0.317024042446781,4.77055350334182,0.4989078005392596,Not significant
chrX,40174913,40175413,501,*,4.77167050591933,3.51984961873572,5.43167004901484,-0.840781140100784,0.0843244261180339,0.317028355836996,-0.840781140100784,0.317028355836996,4.77167050591933,0.49890189162203513,Not significant
chr14,61561808,61562308,501,*,5.2359296629178,4.11881225983126,5.85790973196579,-0.835149077912183,0.0844933871343281,0.31729334888905,-0.835149077912183,0.31729334888905,5.2359296629178,0.49853903149573886,Not significant
chr5,150357424,150357924,501,*,5.96490847288772,4.50384230166353,6.67576483824214,-0.839644663649482,0.0846879728809815,0.317564648038284,-0.839644663649482,0.317564648038284,5.96490847288772,0.49816785012541703,Not significant
chr16,88857006,88857506,501,*,4.168470264735,2.10787607659148,4.98427742461734,-0.823981614978992,0.0847672047359776,0.317564648038284,-0.823981614978992,0.317564648038284,4.168470264735,0.49816785012541703,Not significant
chr5,176492521,176493021,501,*,5.60396983108459,4.6500122217634,6.1732524410386,-0.821476531839339,0.084861316561441,0.317564648038284,-0.821476531839339,0.317564648038284,5.60396983108459,0.49816785012541703,Not significant
chr17,75124443,75124943,501,*,6.26210193379443,5.71789438021687,6.65632193236224,-0.69714849604086,0.085157594649133,0.318025194611312,-0.69714849604086,0.318025194611312,6.26210193379443,0.4975384729487878,Not significant
chr22,40370405,40370905,501,*,5.21078608357084,3.39738269378647,5.9893992794069,-0.829810923776961,0.0851920468785448,0.318025194611312,-0.829810923776961,0.318025194611312,5.21078608357084,0.4975384729487878,Not significant
chr14,103628643,103629143,501,*,5.32819635497111,4.51754737299552,5.84408504870677,-0.795706961219424,0.0852804991136478,0.318025194611312,-0.795706961219424,0.318025194611312,5.32819635497111,0.4975384729487878,Not significant
chr16,2720300,2720800,501,*,4.89616340930164,3.02541391639951,5.68407111724419,-0.826847619316734,0.085551870932999,0.318619084336669,-0.826847619316734,0.318619084336669,4.89616340930164,0.49672821480644647,Not significant
chr11,47408267,47408767,501,*,5.89243380636722,4.99744698903521,6.44062171471565,-0.811269293525358,0.085637531668391,0.318619084336669,-0.811269293525358,0.318619084336669,5.89243380636722,0.49672821480644647,Not significant
chr7,975153,975653,501,*,5.30120530516366,4.24069003548091,5.90578832849102,-0.829219560146024,0.0858569494596047,0.319067002490019,-0.829219560146024,0.319067002490019,5.30120530516366,0.49611810767582204,Not significant
chr13,98981606,98982106,501,*,3.52272968048192,4.38079325030345,1.10689371540095,0.807762870020992,0.0860537165915236,0.319100379264276,0.807762870020992,0.319100379264276,3.52272968048192,0.4960726796288514,Not significant
chr2,27085565,27086065,501,*,5.77132277911977,4.88740042707557,6.31542021462624,-0.807440275834752,0.0861080244336652,0.319100379264276,-0.807440275834752,0.319100379264276,5.77132277911977,0.4960726796288514,Not significant
chr8,66924535,66925035,501,*,4.94318727388482,3.57444280629294,5.63272968647329,-0.835908709235146,0.0861732231814989,0.319100379264276,-0.835908709235146,0.319100379264276,4.94318727388482,0.4960726796288514,Not significant
chr12,26938045,26938545,501,*,5.39089149090929,4.65211264188812,5.87709473019428,-0.774608019659125,0.0862620826626892,0.319100379264276,-0.774608019659125,0.319100379264276,5.39089149090929,0.4960726796288514,Not significant
chr17,76736858,76737358,501,*,5.69696461514138,4.79704616326997,6.24696193587412,-0.809036694634307,0.0872008696590842,0.321856031991203,-0.809036694634307,0.321856031991203,5.69696461514138,0.49233834722804815,Not significant
chr2,26562513,26563013,501,*,5.64375621214129,4.85552672585022,6.15060764995317,-0.786178317804067,0.0873030144159492,0.321856031991203,-0.786178317804067,0.321856031991203,5.64375621214129,0.49233834722804815,Not significant
chr8,30727818,30728318,501,*,4.7832653198123,3.54079920937498,5.44076852938928,-0.831774642220394,0.0873066952080419,0.321856031991203,-0.831774642220394,0.321856031991203,4.7832653198123,0.49233834722804815,Not significant
chr10,70478039,70478539,501,*,6.42239608492655,5.48007671082199,6.98760759593627,-0.813773268671047,0.0874279958359,0.321934860095165,-0.813773268671047,0.321934860095165,6.42239608492655,0.4922319940280837,Not significant
chr20,58102934,58103434,501,*,5.67826664199853,4.83269476436317,6.20784756880143,-0.796901156330496,0.0876236888499115,0.322287129537003,-0.796901156330496,0.322287129537003,5.67826664199853,0.49175703759243367,Not significant
chr12,51238788,51239288,501,*,5.36728633304215,3.5818072649239,6.14121546801219,-0.821709323353968,0.0877462339109199,0.322369858222331,-0.821709323353968,0.322369858222331,5.36728633304215,0.4916455717666922,Not significant
chr10,97736726,97737226,501,*,5.43045180926302,4.53928691934205,5.97723162616947,-0.80315142020838,0.0882631935846777,0.32389978329138,-0.80315142020838,0.32389978329138,5.43045180926302,0.4895893425591017,Not significant
chr3,127598831,127599331,501,*,4.61027214139621,3.59607528208403,5.19993605194765,-0.818407662514072,0.0884806365974086,0.324320653215445,-0.818407662514072,0.324320653215445,4.61027214139621,0.48902539393603944,Not significant
chr21,9002485,9002985,501,*,5.27135522780033,4.47780479789918,5.78036940530214,-0.784223137075669,0.0886469168745031,0.324320653215445,-0.784223137075669,0.324320653215445,5.27135522780033,0.48902539393603944,Not significant
chr1,53409085,53409585,501,*,4.14726550206159,2.10787607659148,4.960160710738,-0.81044538112791,0.0886798558295491,0.324320653215445,-0.81044538112791,0.324320653215445,4.14726550206159,0.48902539393603944,Not significant
chr20,29885543,29886043,501,*,5.44769754018566,5.9406801760062,4.69294629559435,0.773481096274246,0.0890197901796431,0.325120984147133,0.773481096274246,0.325120984147133,5.44769754018566,0.48795499911290735,Not significant
chr4,185395886,185396386,501,*,5.10851679035138,3.25987917003653,5.89289141358168,-0.815066968216914,0.0891005055871876,0.325120984147133,-0.815066968216914,0.325120984147133,5.10851679035138,0.48795499911290735,Not significant
chr14,54488669,54489169,501,*,3.75363732126939,1.25987917003653,4.6195219539598,-0.792502994557781,0.0895848676700859,0.326518601394815,-0.792502994557781,0.326518601394815,3.75363732126939,0.48609207241950925,Not significant
chr17,82273326,82273826,501,*,5.17906245404838,4.15409928032735,5.77225093966402,-0.81625086781136,0.0898515436158218,0.327120535062348,-0.81625086781136,0.327120535062348,5.17906245404838,0.48529219208922064,Not significant
chr2,159157475,159157975,501,*,4.80209366049844,2.92873961292356,5.59041341275615,-0.809579981270409,0.0900651959860386,0.327528286080154,-0.809579981270409,0.327528286080154,4.80209366049844,0.48475118740333634,Not significant
chr19,524266,524766,501,*,3.5046172025199,4.36079517594877,1.10689371540095,0.792203525646715,0.09030877114922,0.327680518389819,0.792203525646715,0.327680518389819,3.5046172025199,0.484549377986877,Not significant
chr2,75710444,75710944,501,*,4.8465367276153,3.02541391639951,5.62642623447714,-0.811982666963625,0.0903104594444937,0.327680518389819,-0.811982666963625,0.327680518389819,4.8465367276153,0.484549377986877,Not significant
chr3,51391146,51391646,501,*,4.61495266943481,2.93104799818171,5.37091773040939,-0.814888655141058,0.0904911256942093,0.327966712021082,-0.814888655141058,0.327966712021082,4.61495266943481,0.48417023409076204,Not significant
chr11,47257290,47257790,501,*,5.23933336334904,3.39738269378647,6.02262709529289,-0.809780693792854,0.0907037246511568,0.328103401094363,-0.809780693792854,0.328103401094363,5.23933336334904,0.4839892677277633,Not significant
chr15,90954801,90955301,501,*,5.98197095514274,5.21212162664681,6.48126455583171,-0.774924828324664,0.0907676788891705,0.328103401094363,-0.774924828324664,0.328103401094363,5.98197095514274,0.4839892677277633,Not significant
chr20,25406926,25407426,501,*,4.05148323474413,1.93795107514917,4.87435157602581,-0.800334335445291,0.0908343369882595,0.328103401094363,-0.800334335445291,0.328103401094363,4.05148323474413,0.4839892677277633,Not significant
chr11,48055730,48056230,501,*,5.23316551602819,5.74424310574846,4.4345126756877,0.779733860342737,0.0915413015906454,0.329930873649269,0.779733860342737,0.329930873649269,5.23316551602819,0.48157704296284665,Not significant
chr17,76266434,76266934,501,*,3.12907038892605,0.522913575870329,4.00545091203499,-0.782350541269887,0.0915450655004489,0.329930873649269,-0.782350541269887,0.329930873649269,3.12907038892605,0.48157704296284665,Not significant
chr14,68947959,68948459,501,*,4.97184665417852,4.0337723968337,5.53556212971745,-0.803314602268076,0.0917898822032473,0.330126827633629,-0.803314602268076,0.330126827633629,4.97184665417852,0.4813191814563474,Not significant
chr10,42638136,42638636,501,*,4.7617922533362,3.45991525675609,5.43480753590417,-0.819442215322689,0.0918043567845226,0.330126827633629,-0.819442215322689,0.330126827633629,4.7617922533362,0.4813191814563474,Not significant
chr17,57892805,57893305,501,*,3.88989827324004,1.74530599720678,4.71677517403236,-0.79407817726463,0.0923237012336052,0.331370495683969,-0.79407817726463,0.331370495683969,3.88989827324004,0.479686162579536,Not significant
chr13,113448777,113449277,501,*,4.99710870331559,3.76065007579319,5.65299795492387,-0.817499608938243,0.0923588583589096,0.331370495683969,-0.817499608938243,0.331370495683969,4.99710870331559,0.479686162579536,Not significant
chr19,4909550,4910050,501,*,5.86965878733657,5.16665223297913,6.3402834224548,-0.755310175009089,0.0925707885561721,0.331370495683969,-0.755310175009089,0.331370495683969,5.86965878733657,0.479686162579536,Not significant
chr20,1325287,1325787,501,*,5.24668487671444,4.38332420480106,5.78306543993926,-0.789126966568463,0.0926363382986403,0.331370495683969,-0.789126966568463,0.331370495683969,5.24668487671444,0.479686162579536,Not significant
chr14,74018505,74019005,501,*,5.21771003082806,3.39738269378647,5.99746838329912,-0.803602410228813,0.0927810129378641,0.331370495683969,-0.803602410228813,0.331370495683969,5.21771003082806,0.479686162579536,Not significant
chr22,31944309,31944809,501,*,4.81069601890232,3.38901107179512,5.51266542350291,-0.814511900726331,0.0929054866507458,0.331370495683969,-0.814511900726331,0.331370495683969,4.81069601890232,0.479686162579536,Not significant
chr19,3762658,3763158,501,*,5.66390706689484,4.63627028545496,6.25796541821592,-0.807780997496834,0.0929447915692183,0.331370495683969,-0.807780997496834,0.331370495683969,5.66390706689484,0.479686162579536,Not significant
chr14,77320484,77320984,501,*,5.0499406781746,3.56144893703423,5.76681313709681,-0.813478280988466,0.0929932535346026,0.331370495683969,-0.813478280988466,0.331370495683969,5.0499406781746,0.479686162579536,Not significant
chr22,39994148,39994648,501,*,5.20255799656337,4.31553712780098,5.74780527278784,-0.792054313740534,0.0930758220341378,0.331370495683969,-0.792054313740534,0.331370495683969,5.20255799656337,0.479686162579536,Not significant
chr22,45309071,45309571,501,*,4.48147605764366,2.52291357587033,5.28281296728795,-0.796776432721957,0.0934062609020199,0.332094806525692,-0.796776432721957,0.332094806525692,4.48147605764366,0.47873791607541816,Not significant
chr2,215312163,215312663,501,*,5.85182464345266,4.89259753916177,6.42293602646152,-0.801867726108173,0.0935179269555414,0.332094806525692,-0.801867726108173,0.332094806525692,5.85182464345266,0.47873791607541816,Not significant
chr2,27217341,27217841,501,*,7.27510902060714,6.89814180276719,7.57370320884831,-0.566839768880534,0.0937079333782531,0.332094806525692,-0.566839768880534,0.332094806525692,7.27510902060714,0.47873791607541816,Not significant
chr3,136196556,136197056,501,*,5.24447509762721,4.41441064188292,5.76803292821453,-0.78217017124305,0.0937431703957471,0.332094806525692,-0.78217017124305,0.332094806525692,5.24447509762721,0.47873791607541816,Not significant
chr2,43186623,43187123,501,*,5.05252560215549,4.20652999924605,5.58226984685165,-0.784834427656293,0.0937946225755368,0.332094806525692,-0.784834427656293,0.332094806525692,5.05252560215549,0.47873791607541816,Not significant
chr17,2335780,2336280,501,*,6.4813918147036,5.75577489606736,6.96192746185152,-0.758102120519636,0.0943152384815907,0.333449349343651,-0.758102120519636,0.333449349343651,6.4813918147036,0.4769701256789394,Not significant
chr20,49982423,49982923,501,*,5.96528686483615,5.3198419987981,6.4096405237633,-0.730006516122226,0.0943841733710149,0.333449349343651,-0.730006516122226,0.333449349343651,5.96528686483615,0.4769701256789394,Not significant
chr21,42973850,42974350,501,*,5.57562381879755,4.1600155264386,6.27619522635422,-0.8101635993841,0.0946027737728742,0.333774385719425,-0.8101635993841,0.333774385719425,5.57562381879755,0.4765469947015331,Not significant
chr12,56333780,56334280,501,*,5.84853412948142,5.01633290491148,6.37292723476369,-0.779233369799278,0.0946833608155043,0.333774385719425,-0.779233369799278,0.333774385719425,5.84853412948142,0.4765469947015331,Not significant
chr7,102690533,102691033,501,*,2.07204454374003,0.0,3.07204454374003,-0.716393538080303,0.0948192494179421,0.333888111065147,-0.716393538080303,0.333888111065147,2.07204454374003,0.4763990448292096,Not significant
chr13,48532490,48532990,501,*,4.95254104017777,3.48174680350398,5.66554734195464,-0.807674449266056,0.0950768661306164,0.334429762743282,-0.807674449266056,0.334429762743282,4.95254104017777,0.47569507925937343,Not significant
chr1,109099929,109100429,501,*,5.98143945346625,5.08095754090045,6.53164296991831,-0.790978097155111,0.0953061296536791,0.33472259231246,-0.790978097155111,0.33472259231246,5.98143945346625,0.47531497367298664,Not significant
chr17,40480337,40480837,501,*,5.80508852343779,5.21816431745627,6.22110587596661,-0.705328635107403,0.0954654294821444,0.33472259231246,-0.705328635107403,0.33472259231246,5.80508852343779,0.47531497367298664,Not significant
chr22,41468461,41468961,501,*,5.3558936237596,4.42325984493262,5.91768307244642,-0.794616379360009,0.0955180448128074,0.33472259231246,-0.794616379360009,0.33472259231246,5.3558936237596,0.47531497367298664,Not significant
chr2,118186183,118186683,501,*,5.90888533801604,5.3361679599546,6.31776107941329,-0.699255395481623,0.0955914223391385,0.33472259231246,-0.699255395481623,0.33472259231246,5.90888533801604,0.47531497367298664,Not significant
chr16,28863697,28864197,501,*,5.38302017522167,4.40550682442411,5.96040855939499,-0.797235348152202,0.0956795491991854,0.33472259231246,-0.797235348152202,0.33472259231246,5.38302017522167,0.47531497367298664,Not significant
chr1,8552145,8552645,501,*,5.355576376699,6.12570125058156,3.59232054257119,0.794774506485399,0.0960398259245577,0.33561230779651,0.794774506485399,0.33561230779651,5.355576376699,0.4741621208168296,Not significant
chr20,51760953,51761453,501,*,5.62304463677486,4.79831112986712,6.14451104864641,-0.777006543255454,0.0963138479403325,0.33561230779651,-0.777006543255454,0.33561230779651,5.62304463677486,0.4741621208168296,Not significant
chr7,102478530,102479030,501,*,3.64396544050635,1.25987917003653,4.49870635592173,-0.771609789239087,0.096440788442353,0.33561230779651,-0.771609789239087,0.33561230779651,3.64396544050635,0.4741621208168296,Not significant
chr17,19648091,19648591,501,*,4.9536757994332,3.9197479388103,5.54977256697556,-0.799787350688524,0.0964979391470674,0.33561230779651,-0.799787350688524,0.33561230779651,4.9536757994332,0.4741621208168296,Not significant
chr8,93869343,93869843,501,*,5.7822586696974,5.13506265005798,6.22743433449304,-0.729637122409519,0.0965979942933887,0.33561230779651,-0.729637122409519,0.33561230779651,5.7822586696974,0.4741621208168296,Not significant
chr19,58386228,58386728,501,*,6.84885027266755,6.21910915697903,7.28576644658701,-0.720317198511963,0.096674314310549,0.33561230779651,-0.720317198511963,0.33561230779651,6.84885027266755,0.4741621208168296,Not significant
chr17,2399053,2399553,501,*,5.8255854304731,4.84530682708554,6.40391376543236,-0.796489719528333,0.0967333718362219,0.33561230779651,-0.796489719528333,0.33561230779651,5.8255854304731,0.4741621208168296,Not significant
chr11,69867423,69867923,501,*,5.65041737036494,4.87335321009896,6.15269389086951,-0.763892979236646,0.0969701630490327,0.33561230779651,-0.763892979236646,0.33561230779651,5.65041737036494,0.4741621208168296,Not significant
chr19,42268489,42268989,501,*,6.06315030403691,5.13944121300431,6.62175885656835,-0.790360963179006,0.0971046091157645,0.33561230779651,-0.790360963179006,0.33561230779651,6.06315030403691,0.4741621208168296,Not significant
chr11,65040546,65041046,501,*,5.43225469660583,4.23975922889412,6.07606899273556,-0.804032207782805,0.097272329838317,0.33561230779651,-0.804032207782805,0.33561230779651,5.43225469660583,0.4741621208168296,Not significant
chr11,72822031,72822531,501,*,5.98097674282405,5.00336035823764,6.55840019304527,-0.794850145351643,0.0973625394589217,0.33561230779651,-0.794850145351643,0.33561230779651,5.98097674282405,0.4741621208168296,Not significant
chr20,62595607,62596107,501,*,4.16376063859124,2.90131218712234,4.8265714132338,-0.803894685766541,0.0973785765925129,0.33561230779651,-0.803894685766541,0.33561230779651,4.16376063859124,0.4741621208168296,Not significant
chr2,241355887,241356387,501,*,2.04936249704125,0.0,3.04936249704125,-0.706755017927015,0.0974353490744273,0.33561230779651,-0.706755017927015,0.33561230779651,2.04936249704125,0.4741621208168296,Not significant
chr3,184248506,184249006,501,*,4.80891283878969,3.68602092520404,5.43261821370798,-0.802307387636598,0.0974841458207371,0.33561230779651,-0.802307387636598,0.33561230779651,4.80891283878969,0.4741621208168296,Not significant
chr14,74579141,74579641,501,*,2.19805429383012,0.0,3.19805429383012,-0.701850998433058,0.0974963128794332,0.33561230779651,-0.701850998433058,0.33561230779651,2.19805429383012,0.4741621208168296,Not significant
chr5,56350735,56351235,501,*,5.15504479235761,4.2688132032132,5.69999949301564,-0.782191835783041,0.0977543094899655,0.335906951503374,-0.782191835783041,0.335906951503374,5.15504479235761,0.47378100845867105,Not significant
chr1,1943192,1943692,501,*,4.71380396302117,3.27587722212675,5.4194746376978,-0.799714068422053,0.097790416049089,0.335906951503374,-0.799714068422053,0.335906951503374,4.71380396302117,0.47378100845867105,Not significant
chrX,134885420,134885920,501,*,5.12529603629675,3.39738269378647,5.88922741369459,-0.788318780627711,0.0986409925403991,0.338467814659389,-0.788318780627711,0.338467814659389,5.12529603629675,0.47048262263731094,Not significant
chr12,56449022,56449522,501,*,5.97935837104733,5.44170396344708,6.37014707444031,-0.67436042175762,0.0987542204861779,0.33849584936858,-0.67436042175762,0.33849584936858,5.97935837104733,0.4704466522591139,Not significant
chr20,44210617,44211117,501,*,5.38260311105232,5.87215238574421,4.6359724138138,0.755047311858033,0.0991889964909003,0.339624810514007,0.755047311858033,0.339624810514007,5.38260311105232,0.4690005908787834,Not significant
chr22,44023521,44024021,501,*,4.8701418484756,3.91858513201481,5.4385882412971,-0.785099150918745,0.100285574690003,0.342834090476929,-0.785099150918745,0.342834090476929,4.8701418484756,0.46491599955545587,Not significant
chr12,120200622,120201122,501,*,5.67931590972226,4.75479788008519,6.23821388200981,-0.783562326156141,0.100339089795079,0.342834090476929,-0.783562326156141,0.342834090476929,5.67931590972226,0.46491599955545587,Not significant
chr5,132294025,132294525,501,*,5.39860645239836,4.68875185339165,5.8722564862325,-0.741623506983433,0.100569235686668,0.343256437905131,-0.741623506983433,0.343256437905131,5.39860645239836,0.4643813086565278,Not significant
chr20,50931455,50931955,501,*,6.21899716130064,5.73129447088221,6.58283005955877,-0.646311955369217,0.100802768251116,0.34368943841809,-0.646311955369217,0.34368943841809,6.21899716130064,0.463833813534057,Not significant
chr14,104695097,104695597,501,*,5.3990236990891,4.69742913099373,5.86902195245378,-0.738712404369757,0.101115257984519,0.344390445270739,-0.738712404369757,0.344390445270739,5.3990236990891,0.46294890606784905,Not significant
chr18,10060771,10061271,501,*,5.34834447721213,3.59170462564599,6.11732347036944,-0.776873580383327,0.10161218794429,0.345717496891766,-0.776873580383327,0.345717496891766,5.34834447721213,0.4612786400952789,Not significant
chr16,82629388,82629888,501,*,5.25765700757438,4.31288430269688,5.82373039529967,-0.781998769884226,0.101742614765039,0.345796102081179,-0.781998769884226,0.345796102081179,5.25765700757438,0.46117990653397584,Not significant
chr1,26787714,26788214,501,*,5.18784430020016,4.03162277890242,5.82133491377445,-0.790673086286718,0.102324925826963,0.346062418366117,-0.790673086286718,0.346062418366117,5.18784430020016,0.4608455615912346,Not significant
chr14,105092543,105093043,501,*,5.9343213137894,5.2593097694209,6.39235971038303,-0.730983195659317,0.102566585324886,0.346062418366117,-0.730983195659317,0.346062418366117,5.9343213137894,0.4608455615912346,Not significant
chr11,62646495,62646995,501,*,5.82224502858085,4.75414616831961,6.42921108827605,-0.787873644303664,0.102637590020628,0.346062418366117,-0.787873644303664,0.346062418366117,5.82224502858085,0.4608455615912346,Not significant
chrX,48469121,48469621,501,*,4.53867163485545,3.45831571082012,5.14945470589133,-0.787584424674272,0.102662824628608,0.346062418366117,-0.787584424674272,0.346062418366117,4.53867163485545,0.4608455615912346,Not significant
chr17,3888485,3888985,501,*,6.2594960180846,5.73939109865238,6.64097751198505,-0.66466784951245,0.102679116912121,0.346062418366117,-0.66466784951245,0.346062418366117,6.2594960180846,0.4608455615912346,Not significant
chr9,128683478,128683978,501,*,5.9903779601174,5.374972102768,6.42039957549092,-0.709010450065861,0.102715622299747,0.346062418366117,-0.709010450065861,0.346062418366117,5.9903779601174,0.4608455615912346,Not significant
chr7,74453464,74453964,501,*,5.80897326557796,5.06920559142144,6.29559932014761,-0.746616752040964,0.10274784826405,0.346062418366117,-0.746616752040964,0.346062418366117,5.80897326557796,0.4608455615912346,Not significant
chr3,51973763,51974263,501,*,4.99765912763957,3.96356993363391,5.59380801534976,-0.785253797700026,0.10287771460883,0.346062418366117,-0.785253797700026,0.346062418366117,4.99765912763957,0.4608455615912346,Not significant
chr17,7561696,7562196,501,*,4.78581292295819,3.49547522151411,5.45587795128385,-0.788713273825198,0.102882092863297,0.346062418366117,-0.788713273825198,0.346062418366117,4.78581292295819,0.4608455615912346,Not significant
chr1,35641341,35641841,501,*,5.10948911105787,4.06303043435943,5.70961121632696,-0.785855651548578,0.102895033145481,0.346062418366117,-0.785855651548578,0.346062418366117,5.10948911105787,0.4608455615912346,Not significant
chr19,47273568,47274068,501,*,4.6543478503802,2.74530599720678,5.44822765108208,-0.766939837652158,0.103250513358253,0.346895885339198,-0.766939837652158,0.346895885339198,4.6543478503802,0.45980085145537214,Not significant
chr19,2089684,2090184,501,*,5.04529265509397,4.21863681456609,5.56751447081442,-0.763508025203462,0.103383968974531,0.34694230414975,-0.763508025203462,0.34694230414975,5.04529265509397,0.4597427415570854,Not significant
chr14,104665549,104666049,501,*,5.40853836125268,4.3059996086883,6.02612246288016,-0.786328526460603,0.103479687860928,0.34694230414975,-0.786328526460603,0.34694230414975,5.40853836125268,0.4597427415570854,Not significant
chr2,8609449,8609949,501,*,5.57480425142404,4.75544929758452,6.09414962790392,-0.76289361885143,0.103752965198085,0.347496937492964,-0.76289361885143,0.347496937492964,5.57480425142404,0.4590490185149243,Not significant
chr12,55729154,55729654,501,*,6.10591326326262,5.37369983312277,6.58929864706289,-0.744391342878121,0.104155564847404,0.348123688952041,-0.744391342878121,0.348123688952041,6.10591326326262,0.458266423049783,Not significant
chr22,46035560,46036060,501,*,5.62810428554412,3.92873961292356,6.38690063712216,-0.771692374209567,0.104156187507687,0.348123688952041,-0.771692374209567,0.348123688952041,5.62810428554412,0.458266423049783,Not significant
chr1,42958946,42959446,501,*,4.64823580626911,2.8032087308397,5.43202753713042,-0.763765798066336,0.104593934423392,0.349167067965951,-0.763765798066336,0.349167067965951,4.64823580626911,0.456966723944438,Not significant
chr12,53421377,53421877,501,*,5.12323147495916,3.71009260132665,5.82323269365587,-0.781735418535045,0.104685098589419,0.349167067965951,-0.781735418535045,0.349167067965951,5.12323147495916,0.456966723944438,Not significant
chr2,24046907,24047407,501,*,4.43859092093349,5.06197760331764,3.31676791749465,0.78372553380718,0.104903649079043,0.349534185452612,0.78372553380718,0.349534185452612,4.43859092093349,0.45651034258671414,Not significant
chr22,46006864,46007364,501,*,4.29591644863248,2.90366484136072,4.99104638066606,-0.780211215491663,0.105329771229187,0.350194174701419,-0.780211215491663,0.350194174701419,4.29591644863248,0.4556910824560872,Not significant
chr7,74890704,74891204,501,*,4.6738297961011,3.72315214701014,5.24196954518234,-0.774453358989303,0.105386625398632,0.350194174701419,-0.774453358989303,0.350194174701419,4.6738297961011,0.4556910824560872,Not significant
chr14,68816182,68816682,501,*,6.58680461140979,6.06428230469267,6.96957846482061,-0.663371782920556,0.105427793128608,0.350194174701419,-0.663371782920556,0.350194174701419,6.58680461140979,0.4556910824560872,Not significant
chr1,151195974,151196474,501,*,4.888985487565,3.0442168303435,5.67273543394821,-0.76047826933746,0.105735715692313,0.350855279053173,-0.76047826933746,0.350855279053173,4.888985487565,0.4548719845864565,Not significant
chr9,129036257,129036757,501,*,4.75470023974861,3.82417537473507,5.3157404451785,-0.770701815099755,0.106244381617298,0.351603187749015,-0.770701815099755,0.351603187749015,4.75470023974861,0.4539471961251967,Not significant
chr20,51750123,51750623,501,*,5.62175400729843,4.76373567013337,6.15610466023348,-0.763653783886607,0.106262303230153,0.351603187749015,-0.763653783886607,0.351603187749015,5.62175400729843,0.4539471961251967,Not significant
chr11,67805103,67805603,501,*,5.15384716964437,4.03806204769003,5.77542790493819,-0.779987162028213,0.106288486923507,0.351603187749015,-0.779987162028213,0.351603187749015,5.15384716964437,0.4539471961251967,Not significant
chr2,27409482,27409982,501,*,5.61497657496686,4.71194633004287,6.16611126912757,-0.76792787110204,0.106770733111486,0.352337845554514,-0.76792787110204,0.352337845554514,5.61497657496686,0.4530407055762519,Not significant
chr19,39480738,39481238,501,*,6.44288443748537,5.92287124749897,6.82431682641996,-0.655598769233716,0.106805624860919,0.352337845554514,-0.655598769233716,0.352337845554514,6.44288443748537,0.4530407055762519,Not significant
chr20,47258639,47259139,501,*,4.86635309440948,3.77454783614864,5.48066347432045,-0.778346254818663,0.106854964282314,0.352337845554514,-0.778346254818663,0.352337845554514,4.86635309440948,0.4530407055762519,Not significant
chr9,128829412,128829912,501,*,5.20354112515958,3.92989426724428,5.86928596200412,-0.778336037003721,0.106955493600019,0.352337845554514,-0.778336037003721,0.352337845554514,5.20354112515958,0.4530407055762519,Not significant
chr13,28658483,28658983,501,*,4.31480856462211,1.93795107514917,5.1687816148152,-0.73638374585502,0.107057340409022,0.352337845554514,-0.73638374585502,0.352337845554514,4.31480856462211,0.4530407055762519,Not significant
chr12,7970993,7971493,501,*,4.89761637436847,3.48174680350398,5.5982480408976,-0.774599402675888,0.107307099116746,0.352799462606281,-0.774599402675888,0.352799462606281,4.89761637436847,0.45247208506885883,Not significant
chr11,134050555,134051055,501,*,5.22470876101722,4.18394421497639,5.82300743676758,-0.773873588765806,0.107900289703476,0.354369506889525,-0.773873588765806,0.354369506889525,5.22470876101722,0.4505436557448385,Not significant
chr2,239252081,239252581,501,*,3.87618838793135,2.55846582048056,4.55320699287019,-0.774918798524196,0.108061800100145,0.354369506889525,-0.774918798524196,0.354369506889525,3.87618838793135,0.4505436557448385,Not significant
chr1,181105052,181105552,501,*,5.44334408031185,4.7309632996884,5.91810494208962,-0.732669985538687,0.108114595056612,0.354369506889525,-0.732669985538687,0.354369506889525,5.44334408031185,0.4505436557448385,Not significant
KI270754.1,33067,33567,501,*,2.73609453498117,3.73609453498117,0.0,0.635220894978118,0.108504022658376,0.355284513216754,0.635220894978118,0.355284513216754,2.73609453498117,0.4494237229105953,Not significant
chr19,42324997,42325497,501,*,5.38656793433143,3.74530599720678,6.13453449462586,-0.761508137744834,0.108882404517478,0.355926734805466,-0.761508137744834,0.355926734805466,5.38656793433143,0.4486393895111409,Not significant
chr2,47034578,47035078,501,*,5.7853842653731,4.88442562683364,6.3357621515122,-0.763211960166345,0.109055909275077,0.355926734805466,-0.763211960166345,0.355926734805466,5.7853842653731,0.4486393895111409,Not significant
chr1,231528217,231528717,501,*,5.54081720683419,4.73427159567049,6.05506652814347,-0.748112870636662,0.109071758001481,0.355926734805466,-0.748112870636662,0.355926734805466,5.54081720683419,0.4486393895111409,Not significant
chr7,152676152,152676652,501,*,5.49853524930652,4.56070373597518,6.06216499851942,-0.764624096171616,0.109142027929175,0.355926734805466,-0.764624096171616,0.355926734805466,5.49853524930652,0.4486393895111409,Not significant
chr5,154858100,154858600,501,*,5.18388279266376,4.03806204769003,5.81435115928877,-0.772958447603894,0.109458836304625,0.356598959123863,-0.772958447603894,0.356598959123863,5.18388279266376,0.4478199288202895,Not significant
chr15,40340018,40340518,501,*,4.27352689209369,3.04847558391231,4.92632788996761,-0.771977572203766,0.109787740901755,0.356952131490381,-0.771977572203766,0.356952131490381,4.27352689209369,0.44739002036809356,Not significant
GL000216.2,164045,164545,501,*,2.84742243596413,0.0,3.84742243596413,-0.635703002349971,0.109788815116998,0.356952131490381,-0.635703002349971,0.356952131490381,2.84742243596413,0.44739002036809356,Not significant
chr21,44869208,44869708,501,*,3.91009213426984,2.43286978519783,4.62450939519406,-0.760978724728166,0.111038405579072,0.360650950378802,-0.760978724728166,0.360650950378802,3.91009213426984,0.4429129190299234,Not significant
chrX,154398227,154398727,501,*,5.56113384404403,4.44967957915035,6.18141314426523,-0.764546477711638,0.112930975044861,0.366082063019777,-0.764546477711638,0.366082063019777,5.56113384404403,0.43642154979197884,Not significant
chr9,37592171,37592671,501,*,5.59655493013583,4.86507124553899,6.07962597592605,-0.727725706161204,0.112937793495238,0.366082063019777,-0.727725706161204,0.366082063019777,5.59655493013583,0.43642154979197884,Not significant
KI270435.1,9038,9538,501,*,4.17937081355893,4.86204999632519,2.83886504871727,0.761155532239205,0.113248737149109,0.366706886501041,0.761155532239205,0.366706886501041,4.17937081355893,0.43568093421360166,Not significant
chr16,30651306,30651806,501,*,5.43783967055542,4.28741812055398,6.06964840335253,-0.763841399843669,0.113358180929558,0.366706886501041,-0.763841399843669,0.366706886501041,5.43783967055542,0.43568093421360166,Not significant
chr13,110507733,110508233,501,*,5.20428308922439,3.51370211364472,5.96147523039364,-0.743163353018783,0.114230612554264,0.369158509177372,-0.743163353018783,0.369158509177372,5.20428308922439,0.4327871165515881,Not significant
chr2,219683190,219683690,501,*,4.679932958917,2.93795107514917,5.44635112512692,-0.741319324189919,0.114595873649605,0.369967840580189,-0.741319324189919,0.369967840580189,4.679932958917,0.43183602529941795,Not significant
KI270519.1,79524,80024,501,*,2.75221942918704,3.59898171425524,0.441355638724664,0.714145613960971,0.114924592035641,0.370657693232067,0.714145613960971,0.370657693232067,2.75221942918704,0.431026981395306,Not significant
chr11,64270648,64271148,501,*,4.05392107232928,2.39403987215541,4.80541460946493,-0.743222194669573,0.115075177061031,0.370772220490643,-0.743222194669573,0.370772220490643,4.05392107232928,0.43089281212076747,Not significant
chr15,60478827,60479327,501,*,5.161307511605,4.20366875854788,5.73186860581453,-0.75337360470845,0.11608860326536,0.373663815905086,-0.75337360470845,0.373663815905086,5.161307511605,0.42751895543801605,Not significant
chr1,153634004,153634504,501,*,5.94129097496481,5.43612393533898,6.31471224058576,-0.639716421815759,0.116209149887464,0.373678523889628,-0.639716421815759,0.373678523889628,5.94129097496481,0.4275018612733014,Not significant
chrX,71254320,71254820,501,*,4.63609695971668,3.55547652283788,5.24696193587412,-0.756169767317582,0.116593400794604,0.374540316410982,-0.756169767317582,0.374540316410982,4.63609695971668,0.42650142695671733,Not significant
chr11,69638351,69638851,501,*,6.0214619003749,5.18249173079759,6.548489700672,-0.740085311283834,0.116728237399605,0.374599980977618,-0.740085311283834,0.374599980977618,6.0214619003749,0.42643224901448074,Not significant
chr2,70132854,70133354,501,*,4.88894858813714,5.40955179811766,4.06640737629009,0.73855232457644,0.116884224430392,0.37472733444251,0.73855232457644,0.37472733444251,4.88894858813714,0.42628462618945295,Not significant
chr1,155609666,155610166,501,*,5.75060596051152,4.96850022925611,6.25495441284468,-0.732642550400576,0.117008638220446,0.374753312471449,-0.732642550400576,0.374753312471449,5.75060596051152,0.4262545197025946,Not significant
chr2,27380675,27381175,501,*,5.44614396513633,3.8032087308397,6.19442971137449,-0.736716745365605,0.117481985902556,0.375652423031009,-0.736716745365605,0.375652423031009,5.44614396513633,0.42521380553152327,Not significant
chr19,58575168,58575668,501,*,5.8139383141076,5.0416768901869,6.31423152555904,-0.729041033867152,0.117522545752718,0.375652423031009,-0.729041033867152,0.375652423031009,5.8139383141076,0.42521380553152327,Not significant
chr12,51048538,51049038,501,*,5.06663150454718,3.33026849792793,5.83205988579938,-0.732225222102216,0.117956999988578,0.376446649844236,-0.732225222102216,0.376446649844236,5.06663150454718,0.42429656347387035,Not significant
chr2,173354399,173354899,501,*,5.15257774658808,4.39236555226737,5.64785386743395,-0.726589413205386,0.118091909743104,0.376446649844236,-0.726589413205386,0.376446649844236,5.15257774658808,0.42429656347387035,Not significant
chrX,154001970,154002470,501,*,5.63698300129035,4.97676951427345,6.08822349893121,-0.703163990038387,0.11812152793064,0.376446649844236,-0.703163990038387,0.376446649844236,5.63698300129035,0.42429656347387035,Not significant
chr12,56104474,56104974,501,*,6.30144594080417,5.84323697078515,6.6486701223726,-0.613278935899697,0.11851722051456,0.376977540529389,-0.613278935899697,0.376977540529389,6.30144594080417,0.4236845233080226,Not significant
chr17,81238931,81239431,501,*,5.48417725372088,3.86733906825942,6.22743433449304,-0.735218690118748,0.118522113145956,0.376977540529389,-0.735218690118748,0.376977540529389,5.48417725372088,0.4236845233080226,Not significant
chr11,75445815,75446315,501,*,4.53054830168016,2.52291357587033,5.33899060812405,-0.716457942323185,0.119068027128074,0.377501675757895,-0.716457942323185,0.377501675757895,4.53054830168016,0.42308111616514665,Not significant
chr15,69760855,69761355,501,*,5.51892187335689,4.75610042108322,6.01528948581919,-0.72624924357699,0.119100190771857,0.377501675757895,-0.72624924357699,0.377501675757895,5.51892187335689,0.42308111616514665,Not significant
chr12,48999063,48999563,501,*,5.52607473476788,4.67192939046839,6.05894727551202,-0.737362071070821,0.119119487344032,0.377501675757895,-0.737362071070821,0.377501675757895,5.52607473476788,0.42308111616514665,Not significant
chr14,67241029,67241529,501,*,5.57759804769831,4.02541391639951,6.3079176430882,-0.73769939857463,0.119155556873302,0.377501675757895,-0.73769939857463,0.377501675757895,5.57759804769831,0.42308111616514665,Not significant
chr20,49278391,49278891,501,*,6.47805204011297,6.08660109823448,6.78564085768015,-0.560815715314553,0.119479461453707,0.377974413253461,-0.560815715314553,0.377974413253461,6.47805204011297,0.42253759846684735,Not significant
chr7,100633144,100633644,501,*,5.48272175258465,3.8032087308397,6.2378759702964,-0.72935100550418,0.119593780805092,0.377974413253461,-0.72935100550418,0.377974413253461,5.48272175258465,0.42253759846684735,Not significant
chr7,105348254,105348754,501,*,5.80029382972996,4.84469475342912,6.37014707444031,-0.745718863669316,0.119772269118783,0.377974413253461,-0.745718863669316,0.377974413253461,5.80029382972996,0.42253759846684735,Not significant
chr5,142324916,142325416,501,*,5.70007246484394,6.12324034529913,5.09871043954852,0.68137696673533,0.119891264694326,0.377974413253461,0.68137696673533,0.377974413253461,5.70007246484394,0.42253759846684735,Not significant
chr17,75456511,75457011,501,*,5.27944519728923,3.5818072649239,6.0379270970808,-0.728458042167913,0.120043589493531,0.377974413253461,-0.728458042167913,0.377974413253461,5.27944519728923,0.42253759846684735,Not significant
chr19,934880,935380,501,*,5.28697524483683,4.30243792635442,5.86674646941794,-0.745777913671908,0.120168200612717,0.377974413253461,-0.745777913671908,0.377974413253461,5.28697524483683,0.42253759846684735,Not significant
chr9,132944653,132945153,501,*,4.83774097433805,3.70874783294164,5.46325955931859,-0.748258123584765,0.12020916597418,0.377974413253461,-0.748258123584765,0.377974413253461,4.83774097433805,0.42253759846684735,Not significant
chr2,73984505,73985005,501,*,5.50143982644658,4.5250239237144,6.07845450179364,-0.745713742286296,0.120261676641677,0.377974413253461,-0.745713742286296,0.377974413253461,5.50143982644658,0.42253759846684735,Not significant
chr2,37886670,37887170,501,*,5.09410671851736,4.34810230914665,5.5833900548142,-0.719874950847346,0.1204619335756,0.377974413253461,-0.719874950847346,0.377974413253461,5.09410671851736,0.42253759846684735,Not significant
chr16,30400062,30400562,501,*,5.12165621760007,4.1580461388959,5.69428187183603,-0.743683679800782,0.12047787784336,0.377974413253461,-0.743683679800782,0.377974413253461,5.12165621760007,0.42253759846684735,Not significant
chr9,128067261,128067761,501,*,5.67803317898144,4.95024847071363,6.15950738499037,-0.713946561610735,0.120639338549214,0.378112790666894,-0.713946561610735,0.378112790666894,5.67803317898144,0.4223786312275305,Not significant
chr19,18322573,18323073,501,*,5.60788808125698,4.57444280629294,6.20382889921702,-0.745638176185023,0.121084500995388,0.379139224691098,-0.745638176185023,0.379139224691098,5.60788808125698,0.4212012823483808,Not significant
chr2,42809885,42810385,501,*,5.3035564463709,3.59170462564599,6.0646136106388,-0.72241690754175,0.121589680175741,0.380351407307025,-0.72241690754175,0.380351407307025,5.3035564463709,0.41981497250862126,Not significant
chr20,38730768,38731268,501,*,4.32930574055463,3.04634777857707,4.99746838329912,-0.74141219499691,0.121739310754384,0.380450105965688,-0.74141219499691,0.380450105965688,4.32930574055463,0.41970229060060377,Not significant
chr22,50293385,50293885,501,*,4.94839284733122,3.25987917003653,5.70520574487402,-0.722999666005269,0.12235804305891,0.381777134209827,-0.722999666005269,0.381777134209827,4.94839284733122,0.41819008637680466,Not significant
chr1,229064513,229065013,501,*,4.44362545005221,3.30065378238576,5.0732610138847,-0.743170677464614,0.122400924779252,0.381777134209827,-0.743170677464614,0.381777134209827,4.44362545005221,0.41819008637680466,Not significant
chr11,65961333,65961833,501,*,6.22188042946987,5.45390779311989,6.72039466183923,-0.720877510738179,0.122857571246325,0.382743683818433,-0.720877510738179,0.382743683818433,6.22188042946987,0.4170919674629733,Not significant
chr7,4641836,4642336,501,*,6.50342142213974,5.7589488868126,6.99205359052672,-0.716483055569437,0.122948390053407,0.382743683818433,-0.716483055569437,0.382743683818433,6.50342142213974,0.4170919674629733,Not significant
chr12,949546,950046,501,*,5.62593418871624,4.7940310699124,6.15021086606602,-0.727421063878905,0.123088842471837,0.382811052552374,-0.727421063878905,0.382811052552374,5.62593418871624,0.41701553172797245,Not significant
chr7,100088851,100089351,501,*,5.44005831447255,3.8032087308397,6.1871810890981,-0.72137148107441,0.123450384110052,0.38321517618047,-0.72137148107441,0.38321517618047,5.44005831447255,0.41655730021738424,Not significant
chr8,133375591,133376091,501,*,5.14404981687646,5.66440164464224,4.3221461744868,0.72609882348048,0.123456658248084,0.38321517618047,0.72609882348048,0.38321517618047,5.14404981687646,0.41655730021738424,Not significant
chr6,1025722,1026222,501,*,4.47639259216517,2.74530599720678,5.24088737661685,-0.716670286791081,0.124065219883119,0.384733530763628,-0.716670286791081,0.384733530763628,4.47639259216517,0.4148399618839128,Not significant
chr5,176542653,176543153,501,*,5.30046205489173,4.36827587346444,5.86209260770278,-0.735168934791558,0.124474488960314,0.385631541759743,-0.735168934791558,0.385631541759743,5.30046205489173,0.41382745129416254,Not significant
chrX,46321070,46321570,501,*,4.99695506287112,4.09170689020477,5.54889837730248,-0.731736109714757,0.124760314510101,0.386145757302158,-0.731736109714757,0.386145757302158,4.99695506287112,0.41324873252154026,Not significant
chr3,48564709,48565209,501,*,4.89490265947626,3.97565178771041,5.45191220191477,-0.733534935098393,0.124987182357688,0.386476680956305,-0.733534935098393,0.386476680956305,4.89490265947626,0.41287670520625885,Not significant
chr5,134737731,134738231,501,*,6.02925172199851,5.39686506615054,6.46742923113893,-0.683948469360742,0.126445591537223,0.390380889237856,-0.683948469360742,0.390380889237856,6.02925172199851,0.4085114509994367,Not significant
chr7,148884917,148885417,501,*,5.90566597001416,5.33660335361914,6.31268732864012,-0.660740514513227,0.126492131708355,0.390380889237856,-0.660740514513227,0.390380889237856,5.90566597001416,0.4085114509994367,Not significant
chr1,234600169,234600669,501,*,4.74681265679764,3.75935163783883,5.32757116171937,-0.732432779693656,0.126738585047063,0.39076719714989,-0.732432779693656,0.39076719714989,4.74681265679764,0.4080819001598131,Not significant
chr7,140230989,140231489,501,*,5.31909670915889,4.51754737299552,5.83134109032441,-0.718408514009392,0.126933973807512,0.390995471900385,-0.718408514009392,0.390995471900385,5.31909670915889,0.4078282721183618,Not significant
chr18,3247383,3247883,501,*,4.95989691807773,3.90601366528733,5.56238237668934,-0.732880516985825,0.127226412407807,0.39113363873312,-0.732880516985825,0.39113363873312,4.95989691807773,0.4076748317391527,Not significant
chr17,31549078,31549578,501,*,5.18159216723155,4.30154613017071,5.72424634778355,-0.726084995435314,0.127292509580354,0.39113363873312,-0.726084995435314,0.39113363873312,5.18159216723155,0.4076748317391527,Not significant
chr5,58890468,58890968,501,*,4.65651855877707,3.63131027929823,5.24978687922522,-0.732603133627073,0.12734301273465,0.39113363873312,-0.732603133627073,0.39113363873312,4.65651855877707,0.4076748317391527,Not significant
chrX,153470635,153471135,501,*,4.74525069042987,3.0442168303435,5.50435059045084,-0.706144792813725,0.128020101249371,0.392508215211152,-0.706144792813725,0.392508215211152,4.74525069042987,0.40615124902437605,Not significant
chr1,156054112,156054612,501,*,5.24355077409217,4.54740443048789,5.71112378202956,-0.698559290622351,0.128034181932626,0.392508215211152,-0.698559290622351,0.392508215211152,5.24355077409217,0.40615124902437605,Not significant
chr3,17742534,17743034,501,*,5.3641160611139,4.66240241208564,5.83416717503943,-0.697400208740344,0.128333985792902,0.392766814895747,-0.697400208740344,0.392766814895747,5.3641160611139,0.40586521313683216,Not significant
chr12,4538456,4538956,501,*,4.61717797807347,2.93795107514917,5.37227926728473,-0.708350547951457,0.128362338946375,0.392766814895747,-0.708350547951457,0.392766814895747,4.61717797807347,0.40586521313683216,Not significant
chr17,32833014,32833514,501,*,5.48023905632608,5.92200111664619,4.84029480946116,0.681515646421808,0.128932738002486,0.393921347130621,0.681515646421808,0.393921347130621,5.48023905632608,0.4045904835477351,Not significant
chr3,101686312,101686812,501,*,5.16369812964666,4.15409928032735,5.75184610682435,-0.728912038236647,0.128984177909002,0.393921347130621,-0.728912038236647,0.393921347130621,5.16369812964666,0.4045904835477351,Not significant
chr1,45303676,45304176,501,*,5.54653539902784,4.83022338114916,6.02301937101582,-0.700144247193982,0.130378573785643,0.397544587582536,-0.700144247193982,0.397544587582536,5.54653539902784,0.4006141549192091,Not significant
chr17,41812146,41812646,501,*,3.39505598489827,1.25987917003653,4.22072801755151,-0.680707654012263,0.130536692183804,0.397544587582536,-0.680707654012263,0.397544587582536,3.39505598489827,0.4006141549192091,Not significant
chr9,129823692,129824192,501,*,5.07579678249399,4.34810230914665,5.55723196098874,-0.700964802093176,0.130540711875333,0.397544587582536,-0.700964802093176,0.397544587582536,5.07579678249399,0.4006141549192091,Not significant
chr12,56724749,56725249,501,*,5.89654095824158,4.89141263296246,6.4832088576898,-0.725277523020572,0.130802114360056,0.397964506579888,-0.725277523020572,0.397964506579888,5.89654095824158,0.40015565979533724,Not significant
chr16,370129,370629,501,*,5.08103269600097,3.43123995345275,5.83062193654468,-0.701070207008379,0.13123122533971,0.39820570435914,-0.701070207008379,0.39820570435914,5.08103269600097,0.3998925229275122,Not significant
chr7,75092662,75093162,501,*,4.8882287026824,5.43409095182761,3.99954689292366,0.719080646885139,0.131233261734368,0.39820570435914,0.719080646885139,0.39820570435914,4.8882287026824,0.3998925229275122,Not significant
chr8,83506,84006,501,*,2.68988115897765,0.0,3.68988115897765,-0.575655108123634,0.13125215953737,0.39820570435914,-0.575655108123634,0.39820570435914,2.68988115897765,0.3998925229275122,Not significant
KI270438.1,103823,104323,501,*,10.1783843480647,10.6042519254004,9.57151469777077,0.668531163545799,0.131621420594322,0.39895034539502,0.668531163545799,0.39895034539502,10.1783843480647,0.39908115459619525,Not significant
chr17,42562303,42562803,501,*,5.98733892897303,5.39644748696681,6.40533178670169,-0.664755264301094,0.131810185712469,0.399147009742082,-0.664755264301094,0.399147009742082,5.98733892897303,0.3988671199501835,Not significant
chr10,110758806,110759306,501,*,5.12343814181633,4.20366875854788,5.68063400175294,-0.720401114791492,0.132015253398017,0.399265814525579,-0.720401114791492,0.399265814525579,5.12343814181633,0.39873787287220824,Not significant
chr11,62856350,62856850,501,*,5.40802800984037,4.72448356177895,5.86994030208626,-0.688212461640688,0.132145328030719,0.399265814525579,-0.688212461640688,0.399265814525579,5.40802800984037,0.39873787287220824,Not significant
chr1,44807859,44808359,501,*,5.7547607642139,4.99040292139361,6.25176976371047,-0.705066636512386,0.132221174456484,0.399265814525579,-0.705066636512386,0.399265814525579,5.7547607642139,0.39873787287220824,Not significant
chr2,208265751,208266251,501,*,5.08650179741696,3.46151303120619,5.83134109032441,-0.700324875650607,0.132703265154037,0.400346367346729,-0.700324875650607,0.400346367346729,5.08650179741696,0.3975641078297918,Not significant
chr19,49487240,49487740,501,*,5.77453663245069,5.14778160605964,6.21002499324469,-0.674126519723292,0.133264947085987,0.401022203121828,-0.674126519723292,0.401022203121828,5.77453663245069,0.3968315814288306,Not significant
chr9,34049005,34049505,501,*,6.64079233864254,6.2176916655482,6.96753679499019,-0.578463841911076,0.133291305648754,0.401022203121828,-0.578463841911076,0.401022203121828,6.64079233864254,0.3968315814288306,Not significant
chr8,120775100,120775600,501,*,5.39219684640297,4.69607250117097,5.85976003503185,-0.691036430842541,0.133364798800962,0.401022203121828,-0.691036430842541,0.401022203121828,5.39219684640297,0.3968315814288306,Not significant
chr1,151840074,151840574,501,*,5.00659145982727,4.06513379427905,5.57149977465315,-0.717819645782922,0.13342514020689,0.401022203121828,-0.717819645782922,0.401022203121828,5.00659145982727,0.3968315814288306,Not significant
chr3,46496800,46497300,501,*,2.95936676346167,0.0,3.91424863745856,-0.606750975639162,0.13377546450251,0.40170041624146,-0.606750975639162,0.40170041624146,2.95936676346167,0.39609771825270607,Not significant
chr9,124861433,124861933,501,*,6.42634381136833,5.7846414899817,6.86893576397531,-0.674387440820369,0.134279753343008,0.402839260029023,-0.674387440820369,0.402839260029023,6.42634381136833,0.39486821045435583,Not significant
KI270438.1,109179,109679,501,*,9.98034642465937,10.4221807601413,9.34024919273407,0.674932278635339,0.13463407690211,0.40352650770102,0.674932278635339,0.40352650770102,9.98034642465937,0.39412793115218214,Not significant
chr1,156751400,156751900,501,*,5.24078678801201,4.12664818631922,5.86187333772146,-0.716860821657419,0.134810427847357,0.403679552531771,-0.716860821657419,0.403679552531771,5.24078678801201,0.3939632482303115,Not significant
chr6,85643174,85643674,501,*,5.72024129038041,4.53398138543848,6.36230455585781,-0.714169918511287,0.135229675985642,0.404558974954259,-0.714169918511287,0.404558974954259,5.72024129038041,0.3930181597617908,Not significant
chr1,150579557,150580057,501,*,5.31963339903875,4.25159150518545,5.92658161912587,-0.713421550807514,0.136794222660399,0.408159256083608,-0.713421550807514,0.408159256083608,5.31963339903875,0.38917035028435987,Not significant
chr1,1231436,1231936,501,*,5.86008916946616,4.82836706149326,6.45547257510695,-0.713383570540142,0.136917013251145,0.408159256083608,-0.713383570540142,0.408159256083608,5.86008916946616,0.38917035028435987,Not significant
chr20,2840287,2840787,501,*,5.42712171060495,5.85970113729062,4.80642220467738,0.665826761269401,0.137015780669657,0.408159256083608,0.665826761269401,0.408159256083608,5.42712171060495,0.38917035028435987,Not significant
chr15,66504352,66504852,501,*,5.91587087822731,5.37125392299721,6.31030445699191,-0.638089638969871,0.137052864845573,0.408159256083608,-0.638089638969871,0.408159256083608,5.91587087822731,0.38917035028435987,Not significant
chr19,48954889,48955389,501,*,5.35314281018481,4.67054855736809,5.81462536446664,-0.681766422347023,0.137066516164638,0.408159256083608,-0.681766422347023,0.408159256083608,5.35314281018481,0.38917035028435987,Not significant
chr22,35376389,35376889,501,*,4.63409867124958,2.74530599720678,5.4248432368485,-0.675076490251793,0.137341067187502,0.408599186037056,-0.675076490251793,0.408599186037056,4.63409867124958,0.38870250285278113,Not significant
chr17,17237155,17237655,501,*,5.76694263781435,4.61092364429307,6.40037466902913,-0.710001123372796,0.137623022217219,0.409060311424243,-0.710001123372796,0.409060311424243,5.76694263781435,0.38821265534786287,Not significant
chr16,2968522,2969022,501,*,5.21900037480014,4.36827587346444,5.75056279481605,-0.705404785089205,0.138073571107554,0.409258366653944,-0.705404785089205,0.409258366653944,5.21900037480014,0.3880024333466916,Not significant
chr16,4616103,4616603,501,*,6.36822306860269,5.89407730468577,6.72448756357087,-0.606244139325667,0.138141078613223,0.409258366653944,-0.606244139325667,0.409258366653944,6.36822306860269,0.3880024333466916,Not significant
chr17,45278034,45278534,501,*,4.70281940322924,3.0442168303435,5.45407246172661,-0.68349979218709,0.138257108852589,0.409258366653944,-0.68349979218709,0.409258366653944,4.70281940322924,0.3880024333466916,Not significant
chr7,6729583,6730083,501,*,4.50883609210303,2.84484167075769,5.26110151103072,-0.685112528853333,0.138306799460035,0.409258366653944,-0.685112528853333,0.409258366653944,4.50883609210303,0.3880024333466916,Not significant
chr1,28369404,28369904,501,*,5.08856801829784,4.32676630095142,5.58450939364482,-0.693946399419592,0.138328753768586,0.409258366653944,-0.693946399419592,0.409258366653944,5.08856801829784,0.3880024333466916,Not significant
chr1,26110957,26111457,501,*,5.47686225148204,4.72448356177895,5.96884461407434,-0.692262831363718,0.138451775187088,0.409258366653944,-0.692262831363718,0.409258366653944,5.47686225148204,0.3880024333466916,Not significant
chr7,75359002,75359502,501,*,1.8045021674509,0.0,2.8045021674509,-0.585130361771418,0.138589103435346,0.409288809595496,-0.585130361771418,0.409288809595496,1.8045021674509,0.38797012927939123,Not significant
chr1,6025972,6026472,501,*,5.52729267445687,4.69471459444849,6.0518329162097,-0.701900541170941,0.139181615118721,0.410662238015127,-0.701900541170941,0.410662238015127,5.52729267445687,0.38651523037168606,Not significant
KQ031384.1,459996,460496,501,*,2.63329763061129,0.0,3.63329763061129,-0.555692784869712,0.139514154500658,0.411266793962599,-0.555692784869712,0.411266793962599,2.63329763061129,0.3858763543881833,Not significant
chr12,6430428,6430928,501,*,5.76971302495242,5.04221086148369,6.25106501581427,-0.686731611996803,0.139763543677352,0.411625354413554,-0.686731611996803,0.411625354413554,5.76971302495242,0.38549788234797494,Not significant
chr16,28974556,28975056,501,*,5.36171476464664,4.7067283271477,5.81052961495698,-0.670603770062494,0.140257932726043,0.41270416369252,-0.670603770062494,0.41270416369252,5.36171476464664,0.38436114958741535,Not significant
chr19,4337929,4338429,501,*,5.37802655761062,3.94454710577421,6.08268883989097,-0.691353901229189,0.14051394898807,0.41270590773965,-0.691353901229189,0.41270590773965,5.37802655761062,0.3843593143056059,Not significant
chrX,154763090,154763590,501,*,6.29873627370248,5.89873162056455,6.61156889362881,-0.557165074307589,0.140514705397392,0.41270590773965,-0.557165074307589,0.41270590773965,6.29873627370248,0.3843593143056059,Not significant
chr2,28895053,28895553,501,*,5.80753684061737,4.97453319451835,6.33224317281244,-0.697974121222216,0.141668407292815,0.415715490252687,-0.697974121222216,0.415715490252687,5.80753684061737,0.38120379265537313,Not significant
chr11,73876486,73876986,501,*,5.84770837866288,5.21674589693137,6.28520729746217,-0.665282299600298,0.141874984385924,0.415866492372866,-0.665282299600298,0.415866492372866,5.84770837866288,0.3810460706516733,Not significant
chr5,142326802,142327302,501,*,4.70404266197416,3.10787607659148,5.44323866936881,-0.680336414139478,0.141978007948527,0.415866492372866,-0.680336414139478,0.415866492372866,4.70404266197416,0.3810460706516733,Not significant
chr17,28952028,28952528,501,*,6.27343331010668,5.85939817118095,6.59475965432862,-0.565930963079434,0.142991544821762,0.418098057229707,-0.565930963079434,0.418098057229707,6.27343331010668,0.37872185047488577,Not significant
chr1,93615274,93615774,501,*,5.17262096860766,4.2534373272274,5.72960634638597,-0.700204562882748,0.14299939759998,0.418098057229707,-0.700204562882748,0.418098057229707,5.17262096860766,0.37872185047488577,Not significant
chr7,22854348,22854848,501,*,6.61488048717375,6.16812074383656,6.95551243058409,-0.584935698095705,0.143168791743868,0.418213823208288,-0.584935698095705,0.418213823208288,6.61488048717375,0.3786016165593168,Not significant
chr9,136687131,136687631,501,*,4.97688181715816,3.7706864390799,5.62450939519406,-0.695986078925113,0.143416984977374,0.418559352895922,-0.695986078925113,0.418559352895922,4.97688181715816,0.37824294912233947,Not significant
chr19,12722986,12723486,501,*,4.87632155197316,3.7439936694337,5.50282698683753,-0.699084717698509,0.143552911809147,0.418576906650743,-0.699084717698509,0.418576906650743,4.87632155197316,0.37822473584159905,Not significant
chr5,132830228,132830728,501,*,5.03694660036478,4.03162277890242,5.62367935141164,-0.699136982607733,0.144315400818915,0.420419730052933,-0.699136982607733,0.420419730052933,5.03694660036478,0.37631691097859,Not significant
chr7,148940965,148941465,501,*,5.17386518661077,4.25251471140557,5.73162862107387,-0.697691935001602,0.144518958170362,0.420632414837315,-0.697691935001602,0.420632414837315,5.17386518661077,0.3760972626945401,Not significant
chr15,69747080,69747580,501,*,5.1741294817854,3.63839079329026,5.90104551798425,-0.676941088065544,0.144917213349092,0.421410885749795,-0.676941088065544,0.421410885749795,5.1741294817854,0.3752942500283324,Not significant
chr10,119080412,119080912,501,*,5.60211094881088,4.90425240594666,6.07044755908512,-0.673116282554099,0.145237651821444,0.421961870305404,-0.673116282554099,0.421961870305404,5.60211094881088,0.37472679137036413,Not significant
chr1,8878710,8879210,501,*,6.04669605116729,5.17763952827403,6.5852294626267,-0.693076822493775,0.1459358605247,0.42360841676629,-0.693076822493775,0.42360841676629,6.04669605116729,0.3730354193888197,Not significant
chr7,100479127,100479627,501,*,4.56407903782656,3.32325558156614,5.22114178185154,-0.688877405839405,0.146203336412402,0.424002835212204,-0.688877405839405,0.424002835212204,4.56407903782656,0.37263123936741255,Not significant
chr2,202265652,202266152,501,*,6.54976191158972,6.08860836312044,6.89866825295231,-0.591829212760113,0.146955150657952,0.425799905953168,-0.591829212760113,0.425799905953168,6.54976191158972,0.3707944388207227,Not significant
GL000225.1,6864,7364,501,*,1.87068590467145,0.0,2.87068590467145,-0.561155812493834,0.147383423389789,0.426657134017879,-0.561155812493834,0.426657134017879,1.87068590467145,0.3699209882507356,Not significant
chr3,128879599,128880099,501,*,4.06010646277423,2.87335321009896,4.70230862045305,-0.689058479549625,0.147582660757266,0.426680784983614,-0.689058479549625,0.426680784983614,4.06010646277423,0.36989691458968227,Not significant
chrX,154541855,154542355,501,*,5.13352027458691,4.45671438946574,5.5923760621201,-0.667059787325777,0.147688965528589,0.426680784983614,-0.667059787325777,0.426680784983614,5.13352027458691,0.36989691458968227,Not significant
chr9,128902386,128902886,501,*,5.57772437689875,4.72897467450583,6.10852852589672,-0.688926515327724,0.147788875245721,0.426680784983614,-0.688926515327724,0.426680784983614,5.57772437689875,0.36989691458968227,Not significant
chr2,96145244,96145744,501,*,5.52757736567963,4.87034927306013,5.97743404709704,-0.663190505058305,0.148207884472457,0.426938590891913,-0.663190505058305,0.426938590891913,5.52757736567963,0.3696345876323878,Not significant
chr5,132556713,132557213,501,*,5.82631842013482,6.26022805134196,5.20285449932206,0.652521347563022,0.148222961937849,0.426938590891913,0.652521347563022,0.426938590891913,5.82631842013482,0.3696345876323878,Not significant
chr5,129459433,129459933,501,*,4.99782305242516,4.05166141921965,5.56438350578942,-0.69115461189077,0.148275693112368,0.426938590891913,-0.69115461189077,0.426938590891913,4.99782305242516,0.3696345876323878,Not significant
chr12,52522661,52523161,501,*,4.94936409832427,4.14442337891098,5.46297045778144,-0.683196736786234,0.148498233481572,0.42719759667645,-0.683196736786234,0.42719759667645,4.94936409832427,0.36937119922175643,Not significant
chr11,119094959,119095459,501,*,5.88931903068374,5.35908180277198,6.27619522635422,-0.62239550240707,0.148670207028775,0.427310800220084,-0.62239550240707,0.427310800220084,5.88931903068374,0.36925613031243193,Not significant
chr11,66328151,66328651,501,*,4.92938266278275,4.16958776142523,5.42448396385953,-0.677298956620576,0.149264955553916,0.428449999555934,-0.677298956620576,0.428449999555934,4.92938266278275,0.3680998532833152,Not significant
chr17,17694204,17694704,501,*,6.00926955444282,5.49820218236305,6.38588990421267,-0.613612741498845,0.149332510708043,0.428449999555934,-0.613612741498845,0.428449999555934,6.00926955444282,0.3680998532833152,Not significant
chr11,69080152,69080652,501,*,5.39518416403595,3.93795107514917,6.10518852935434,-0.671387263279254,0.149491937056968,0.428525819570775,-0.671387263279254,0.428525819570775,5.39518416403595,0.3680230058077756,Not significant
chr5,171387965,171388465,501,*,6.45659910275938,6.07202183300545,6.75993750398664,-0.541356681379038,0.149970141928267,0.429163998747097,-0.541356681379038,0.429163998747097,6.45659910275938,0.3673767168115182,Not significant
chr22,36506596,36507096,501,*,5.44578124778705,4.60315672156303,5.97422432560845,-0.684780914159612,0.150046110313227,0.429163998747097,-0.684780914159612,0.429163998747097,5.44578124778705,0.3673767168115182,Not significant
chr1,778095,778595,501,*,3.4363798580299,1.34377711220241,4.25649155150414,-0.631718684821385,0.150114160952197,0.429163998747097,-0.631718684821385,0.429163998747097,3.4363798580299,0.3673767168115182,Not significant
chr1,151070584,151071084,501,*,5.03551717936805,3.9812317810248,5.63813018986382,-0.68774368750745,0.150257308835635,0.429192419386894,-0.68774368750745,0.429192419386894,5.03551717936805,0.36734795736665415,Not significant
chr2,241734627,241735127,501,*,5.69138744374284,4.88442562683364,6.20580334451664,-0.68128532888086,0.150748615234052,0.430214382891156,-0.68128532888086,0.430214382891156,5.69138744374284,0.366315074409163,Not significant
chr20,63627512,63628012,501,*,6.20680841296778,5.49019364951993,6.68342480231609,-0.668662880993163,0.150892176135494,0.430243001335009,-0.668662880993163,0.430243001335009,6.20680841296778,0.3662861855124473,Not significant
chr1,26472455,26472955,501,*,6.44963671975197,5.84561276656255,6.87411132688852,-0.645775187199233,0.151729540956075,0.431751786825556,-0.645775187199233,0.431751786825556,6.44963671975197,0.3647658564081624,Not significant
chr17,49788515,49789015,501,*,5.01721050850272,4.11881225983126,5.56665096907242,-0.683912846925305,0.151733503712905,0.431751786825556,-0.683912846925305,0.431751786825556,5.01721050850272,0.3647658564081624,Not significant
chr2,25210115,25210615,501,*,6.11522705066945,5.57591870853068,6.50688401343497,-0.62374832570255,0.151823331618049,0.431751786825556,-0.62374832570255,0.431751786825556,6.11522705066945,0.3647658564081624,Not significant
chr17,39200115,39200615,501,*,6.08245486167986,5.58566593997621,6.45129876321816,-0.605586729597548,0.152263187117547,0.432484345052538,-0.605586729597548,0.432484345052538,6.08245486167986,0.3640296083849411,Not significant
chr5,171450588,171451088,501,*,5.18319201023534,4.28831869007289,5.73133817694306,-0.683156444349119,0.152463918999667,0.432484345052538,-0.683156444349119,0.432484345052538,5.18319201023534,0.3640296083849411,Not significant
chr1,6393576,6394076,501,*,5.47892487938229,4.34464318956785,6.10600713286453,-0.680750378194272,0.152483617622496,0.432484345052538,-0.680750378194272,0.432484345052538,5.47892487938229,0.3640296083849411,Not significant
chr9,95725112,95725612,501,*,5.776134821631,5.17007643597525,6.2016057014483,-0.64115832770148,0.153416077932615,0.434746352769469,-0.64115832770148,0.434746352769469,5.776134821631,0.36176405274960427,Not significant
chr19,2512748,2513248,501,*,5.46854342217622,4.60315672156303,6.00569110153256,-0.679955312929675,0.153683416302518,0.434786556149436,-0.679955312929675,0.434786556149436,5.46854342217622,0.36172389301348185,Not significant
chr7,139359954,139360454,501,*,5.26845741940561,4.57591870853068,5.73441720661249,-0.662647617980972,0.153700151289326,0.434786556149436,-0.662647617980972,0.434786556149436,5.26845741940561,0.36172389301348185,Not significant
chr22,20916973,20917473,501,*,4.72491980096334,5.2361420000646,3.92590841836938,0.674188727831122,0.154300174884842,0.43572281394261,0.674188727831122,0.43572281394261,4.72491980096334,0.36078970031213103,Not significant
chr4,1870563,1871063,501,*,5.4521910110858,4.37825784788746,6.0609792539922,-0.679261338453636,0.154301592398671,0.43572281394261,-0.679261338453636,0.43572281394261,5.4521910110858,0.36078970031213103,Not significant
chr7,5513781,5514281,501,*,5.94112530493883,4.69267533491287,6.60022767691085,-0.67134927239791,0.154650069993066,0.436324453167827,-0.67134927239791,0.436324453167827,5.94112530493883,0.3601904469300742,Not significant
chr5,134511391,134511891,501,*,4.85886188833489,4.12966616589784,5.34094591764823,-0.665450094823859,0.155254176916786,0.437254926308043,-0.665450094823859,0.437254926308043,4.85886188833489,0.35926528886736,Not significant
chr16,69754519,69755019,501,*,5.90872283803788,5.06920559142144,6.43596282976798,-0.675644646618787,0.155312771698813,0.437254926308043,-0.675644646618787,0.437254926308043,5.90872283803788,0.35926528886736,Not significant
chr20,324265,324765,501,*,5.67456848455101,4.58383325809761,6.28855075772012,-0.676795419742504,0.155386992744478,0.437254926308043,-0.676795419742504,0.437254926308043,5.67456848455101,0.35926528886736,Not significant
KI270733.1,148076,148576,501,*,6.42851944542555,6.87803886540954,5.77201757970641,0.652989533488204,0.155681905287739,0.437551542408255,0.652989533488204,0.437551542408255,6.42851944542555,0.35897078089306184,Not significant
chr19,16111608,16112108,501,*,5.08592127542722,5.81498056941711,3.53985312267706,0.652402574804006,0.155764003458184,0.437551542408255,0.652402574804006,0.437551542408255,5.08592127542722,0.35897078089306184,Not significant
chr7,76359070,76359570,501,*,5.91728543199951,5.32369488897676,6.33661767924891,-0.638005794854916,0.156074243933592,0.43804112713766,-0.638005794854916,0.43804112713766,5.91728543199951,0.35848511221181634,Not significant
chr6,111483484,111483984,501,*,5.48099311207958,4.70403124776521,5.98322748620518,-0.669454547125681,0.156583004877849,0.439086546315431,-0.669454547125681,0.439086546315431,5.48099311207958,0.3574498695466753,Not significant
chr16,1534112,1534612,501,*,4.77787435153684,5.30855858919244,3.92943659724956,0.673718466331841,0.156735576533124,0.43913219790411,0.673718466331841,0.43913219790411,4.77787435153684,0.3574047185334413,Not significant
chr12,56752000,56752500,501,*,5.34771835542746,4.36250651670318,5.92771759077382,-0.675886063291521,0.157142796573326,0.439623162380711,-0.675886063291521,0.439623162380711,5.34771835542746,0.3569194340166786,Not significant
chr19,37293481,37293981,501,*,4.473770227202,5.07378833754845,3.42763710049487,0.674889717425264,0.157183700516008,0.439623162380711,0.674889717425264,0.439623162380711,4.473770227202,0.3569194340166786,Not significant
chr11,69420208,69420708,501,*,4.99509234230351,4.26698696140256,5.4767052141744,-0.661904925295019,0.157664324824982,0.440584956275881,-0.661904925295019,0.440584956275881,4.99509234230351,0.35597033586866494,Not significant
chr14,92513628,92514128,501,*,4.76783798576307,3.70874783294164,5.37197134506386,-0.672579781269046,0.158413049816016,0.441689401821578,-0.672579781269046,0.441689401821578,4.76783798576307,0.35488302135656674,Not significant
chr2,237692203,237692703,501,*,4.63454649367375,5.31022659059507,3.3221461744868,0.660913345270493,0.158464767178116,0.441689401821578,0.660913345270493,0.441689401821578,4.63454649367375,0.35488302135656674,Not significant
chr17,80664871,80665371,501,*,4.26768962497631,3.0732659288438,4.91204343515359,-0.66559170580977,0.158703028651546,0.441689401821578,-0.66559170580977,0.441689401821578,4.26768962497631,0.35488302135656674,Not significant
chr11,68038692,68039192,501,*,5.05622564561449,3.51370211364472,5.78455155433526,-0.645043843779708,0.158839138104916,0.441689401821578,-0.645043843779708,0.441689401821578,5.05622564561449,0.35488302135656674,Not significant
chr17,47896311,47896811,501,*,5.7355249674763,5.1301685492691,6.16065232645427,-0.635761105935741,0.158861924223251,0.441689401821578,-0.635761105935741,0.441689401821578,5.7355249674763,0.35488302135656674,Not significant
chr9,95875134,95875634,501,*,5.31721477295408,3.8032087308397,6.039560468304,-0.64684899560968,0.158882066018376,0.441689401821578,-0.64684899560968,0.441689401821578,5.31721477295408,0.35488302135656674,Not significant
chr11,44565029,44565529,501,*,5.63016001304673,5.01524542497575,6.05994354762831,-0.636984219080962,0.159215710133428,0.442235360387848,-0.636984219080962,0.442235360387848,5.63016001304673,0.35434653492023727,Not significant
chr17,65056833,65057333,501,*,5.55783826868352,4.75935163783883,6.0688488046962,-0.665570895631118,0.15978293285249,0.442956406867031,-0.665570895631118,0.442956406867031,5.55783826868352,0.353639012351799,Not significant
chr16,89240763,89241263,501,*,5.6070897288504,5.04060835432584,6.01279712042018,-0.625525205495536,0.160018947651006,0.442956406867031,-0.625525205495536,0.442956406867031,5.6070897288504,0.353639012351799,Not significant
chr14,100586093,100586593,501,*,5.63255828463185,5.00500475432988,6.068428881974,-0.641583606921627,0.160241409936799,0.442956406867031,-0.641583606921627,0.442956406867031,5.63255828463185,0.353639012351799,Not significant
chr12,55718051,55718551,501,*,5.66505001340968,4.99371946150361,6.12140693608929,-0.648375502552677,0.160280595148115,0.442956406867031,-0.648375502552677,0.442956406867031,5.66505001340968,0.353639012351799,Not significant
chr10,28532960,28533460,501,*,4.92231078834839,4.08860836312044,5.44728969320618,-0.667747879174015,0.160283151286129,0.442956406867031,-0.667747879174015,0.442956406867031,4.92231078834839,0.353639012351799,Not significant
chr1,28518592,28519092,501,*,5.74025819090479,5.188177121857,6.13856960261076,-0.61767923059898,0.160300177035058,0.442956406867031,-0.61767923059898,0.442956406867031,5.74025819090479,0.353639012351799,Not significant
chr12,3137318,3137818,501,*,5.1865560396371,4.30065378238576,5.73138859640638,-0.669072742502446,0.160692036309987,0.443658732639913,-0.669072742502446,0.443658732639913,5.1865560396371,0.35295096573976176,Not significant
chr2,15591794,15592294,501,*,5.25603582893091,3.79593207027674,5.96667853366784,-0.64744244621046,0.160888869604083,0.443821864609894,-0.64744244621046,0.443821864609894,5.25603582893091,0.3527913063277088,Not significant
chr11,69301566,69302066,501,*,4.50293701176621,2.93795107514917,5.23587388418572,-0.640580517848568,0.161225240664014,0.444164599762816,-0.640580517848568,0.444164599762816,4.50293701176621,0.3524560579899656,Not significant
chr19,42217583,42218083,501,*,5.63936752112536,4.65753159023473,6.21822415365624,-0.668491511270337,0.161288821142922,0.444164599762816,-0.668491511270337,0.444164599762816,5.63936752112536,0.3524560579899656,Not significant
chr16,70801138,70801638,501,*,3.9180348613868,2.15113203426001,4.68878876019263,-0.624804561005015,0.161627123287291,0.444716132563322,-0.624804561005015,0.444716132563322,3.9180348613868,0.35191711575873824,Not significant
chr3,46491171,46491671,501,*,4.83276717589672,4.07535442961616,5.32686912692032,-0.659920311598068,0.161856445611611,0.444967122662636,-0.659920311598068,0.444967122662636,4.83276717589672,0.35167207660037286,Not significant
KI270519.1,135505,136005,501,*,3.69419190526066,4.4862746878435,1.79679636289417,0.617165462812469,0.162107421890711,0.445277163965788,0.617165462812469,0.445277163965788,3.69419190526066,0.35136957708515604,Not significant
chr2,219253658,219254158,501,*,4.87351613276226,4.02000253470605,5.40614704946814,-0.663957172874098,0.163192655909214,0.447604461780213,-0.663957172874098,0.447604461780213,4.87351613276226,0.34910559301752986,Not significant
chr4,145180136,145180636,501,*,5.03930197687848,4.27950500092393,5.53440414725972,-0.65713826655478,0.163381088710067,0.447604461780213,-0.65713826655478,0.447604461780213,5.03930197687848,0.34910559301752986,Not significant
chr11,66616453,66616953,501,*,5.31377004934938,3.89214738553605,6.01572516173836,-0.6445391788613,0.16350119171347,0.447604461780213,-0.6445391788613,0.447604461780213,5.31377004934938,0.34910559301752986,Not significant
chr21,38919107,38919607,501,*,4.46329340290273,3.12564078853318,5.14526980370375,-0.648035748804724,0.163510382220767,0.447604461780213,-0.648035748804724,0.447604461780213,4.46329340290273,0.34910559301752986,Not significant
chr11,57325460,57325960,501,*,4.28770205346792,3.30065378238576,4.86832134313976,-0.661891000064345,0.164995859550289,0.451267933469196,-0.661891000064345,0.451267933469196,4.28770205346792,0.34556552580217526,Not significant
chr7,2248929,2249429,501,*,5.51787117189782,4.71328812172398,6.03133410307399,-0.658464893207892,0.16522794964233,0.451267933469196,-0.658464893207892,0.451267933469196,5.51787117189782,0.34556552580217526,Not significant
chr9,94928946,94929446,501,*,5.31584280668697,4.26332752784672,5.91789402268829,-0.659559278198067,0.165343308494335,0.451267933469196,-0.659559278198067,0.451267933469196,5.31584280668697,0.34556552580217526,Not significant
chr5,157603828,157604328,501,*,4.75771369679836,3.56144893703423,5.40258177216647,-0.654148348714949,0.165408885607424,0.451267933469196,-0.654148348714949,0.451267933469196,4.75771369679836,0.34556552580217526,Not significant
chr11,64855263,64855763,501,*,4.45821536015612,3.34550874732244,5.07887151691243,-0.656667402167279,0.165594666778059,0.45139256883156,-0.656667402167279,0.45139256883156,4.45821536015612,0.3454455948861095,Not significant
chr12,54140772,54141272,501,*,5.13741363336108,5.61380034623157,4.42132392066968,0.648544263275162,0.16587851809477,0.451784095774598,0.648544263275162,0.451784095774598,5.13741363336108,0.3450690616823795,Not significant
chr12,49707390,49707890,501,*,5.34170018540228,3.86733906825942,6.05549035771624,-0.634451291061902,0.166215271388332,0.452318922646288,-0.634451291061902,0.452318922646288,5.34170018540228,0.34455524327560577,Not significant
chr12,112012823,112013323,501,*,6.13718025598756,6.60279478664014,5.44541194604984,0.644291507223039,0.166640518851168,0.453093461382668,0.644291507223039,0.453093461382668,6.13718025598756,0.3438122051037899,Not significant
chr13,33817964,33818464,501,*,5.23326703981628,4.55921217809692,5.69086902553281,-0.640027592109635,0.167362793905397,0.454622533556844,-0.640027592109635,0.454622533556844,5.23326703981628,0.3423490420891332,Not significant
chr12,119869431,119869931,501,*,4.41760502884034,2.84484167075769,5.15211836702927,-0.627201752135315,0.167606639460666,0.454622533556844,-0.627201752135315,0.454622533556844,4.41760502884034,0.3423490420891332,Not significant
chr9,137114290,137114790,501,*,5.46744823891003,4.76438306534607,5.9380988594045,-0.645757127138651,0.167626185557272,0.454622533556844,-0.645757127138651,0.454622533556844,5.46744823891003,0.3423490420891332,Not significant
chr5,139637607,139638107,501,*,4.98879992335454,4.2055768827173,5.49360617494073,-0.65264299507112,0.168171865715336,0.455718882535586,-0.65264299507112,0.455718882535586,4.98879992335454,0.341302976220902,Not significant
chr20,24117419,24117919,501,*,5.10704870840332,3.59170462564599,5.82967820627795,-0.627477170840443,0.168348643207302,0.455814561692374,-0.627477170840443,0.455814561692374,5.10704870840332,0.3412118047334664,Not significant
chr11,8682459,8682959,501,*,6.61405424586002,6.16665223297913,6.95505818345684,-0.569323079700075,0.168506305320592,0.455858367542358,-0.569323079700075,0.455858367542358,6.61405424586002,0.34117006906636976,Not significant
chr21,45364147,45364647,501,*,5.52963216493591,6.02000253470605,4.78106533250832,0.647881936893388,0.169073347346892,0.456965172553687,0.647881936893388,0.456965172553687,5.52963216493591,0.34011689827615693,Not significant
KI270442.1,166066,166566,501,*,4.78011496506516,5.508486968852,3.23736895428015,0.624348042733885,0.169199084685459,0.456965172553687,0.624348042733885,0.456965172553687,4.78011496506516,0.34011689827615693,Not significant
chr1,150925966,150926466,501,*,5.03450322464043,4.14442337891098,5.58088235332983,-0.6546428856868,0.169532992877237,0.457483503392343,-0.6546428856868,0.457483503392343,5.03450322464043,0.3396245617392727,Not significant
chr19,45406249,45406749,501,*,5.18395303308102,4.49781293196474,5.6470371504092,-0.639607192320242,0.170247849895598,0.459028094028132,-0.639607192320242,0.459028094028132,5.18395303308102,0.3381607333995331,Not significant
chr17,50209581,50210081,501,*,4.92181805328609,3.97453319451835,5.48877193349163,-0.653075485117586,0.170533346226308,0.459413412659836,-0.653075485117586,0.459413412659836,4.92181805328609,0.3377963296479105,Not significant
chr16,30534957,30535457,501,*,6.66286678768482,6.29847413311408,6.95353202778563,-0.515581782559848,0.170953447865989,0.46010020512502,-0.515581782559848,0.46010020512502,6.66286678768482,0.3371475731150247,Not significant
chr12,130872270,130872770,501,*,6.05333900401866,5.52205632611127,6.44076852938928,-0.602145043184694,0.171073881359334,0.46010020512502,-0.602145043184694,0.46010020512502,6.05333900401866,0.3371475731150247,Not significant
chr20,3795826,3796326,501,*,5.32472949548268,4.61523654902635,5.79822027194542,-0.640379519344106,0.171632906616939,0.461090574870585,-0.640379519344106,0.461090574870585,5.32472949548268,0.3362137550816793,Not significant
chr3,128123517,128124017,501,*,5.13511817128986,4.46610476478731,5.59041341275615,-0.635551778393391,0.171785173133196,0.461090574870585,-0.635551778393391,0.461090574870585,5.13511817128986,0.3362137550816793,Not significant
chr5,181160941,181161441,501,*,4.64853800617028,3.75675125084655,5.19554728137729,-0.651076511388969,0.171871440229538,0.461090574870585,-0.651076511388969,0.461090574870585,4.64853800617028,0.3362137550816793,Not significant
chr1,219790974,219791474,501,*,5.27665385580271,5.98443609209861,3.82935973987204,0.624956999451794,0.17243276933727,0.462211632948989,0.624956999451794,0.462211632948989,5.27665385580271,0.33515912838962764,Not significant
chr1,112849489,112849989,501,*,4.70876932853096,3.65351122500259,5.31169066655605,-0.647287613091719,0.172588784708153,0.462245273756997,-0.647287613091719,0.462245273756997,4.70876932853096,0.3351275206052407,Not significant
chr16,2127667,2128167,501,*,3.05717890369279,0.937951075149173,3.88078963368964,-0.585630375292627,0.173038665714954,0.462959387083774,-0.585630375292627,0.462959387083774,3.05717890369279,0.3344571056106211,Not significant
chr19,43596128,43596628,501,*,6.48571337307258,6.7577269453171,6.15021086606602,0.489368243889964,0.173142787534434,0.462959387083774,0.489368243889964,0.462959387083774,6.48571337307258,0.3344571056106211,Not significant
chr17,1486093,1486593,501,*,4.60674740479917,3.32149701298869,5.27550231255528,-0.630632098063947,0.174321244607158,0.465666049376076,-0.630632098063947,0.465666049376076,4.60674740479917,0.33192542430929217,Not significant
chr18,9102363,9102863,501,*,5.44722267420873,4.0442168303435,6.14487154882848,-0.623086973635662,0.174444109744545,0.465666049376076,-0.623086973635662,0.465666049376076,5.44722267420873,0.33192542430929217,Not significant
chr1,31701086,31701586,501,*,5.41396148224447,3.92873961292356,6.13012395633643,-0.617383174418136,0.174598832367376,0.465693243284508,-0.617383174418136,0.465693243284508,5.41396148224447,0.3319000631742934,Not significant
chr2,74529431,74529931,501,*,5.62361140341785,4.83145960195101,6.13205818361853,-0.643412934277015,0.174864571122271,0.466016251576475,-0.643412934277015,0.466016251576475,5.62361140341785,0.33159893771575916,Not significant
chr17,40536237,40536737,501,*,5.42152517667047,4.5642474583729,5.95559359913562,-0.645028848430147,0.175514374789073,0.467361417826772,-0.645028848430147,0.467361417826772,5.42152517667047,0.33034714285638356,Not significant
chr7,43647527,43648027,501,*,5.49591255236807,4.89378147297914,5.91945832684902,-0.618069698985598,0.175787522625616,0.467702227828023,-0.618069698985598,0.467702227828023,5.49591255236807,0.3300305613912336,Not significant
chrX,154020164,154020664,501,*,4.83904884870154,3.90131218712234,5.40264509521511,-0.643927999166156,0.176222270730605,0.468472076150172,-0.643927999166156,0.468472076150172,4.83904884870154,0.32931629065734297,Not significant
chr5,82278316,82278816,501,*,5.47880171987226,4.82603709220505,5.92658161912587,-0.624480307818696,0.176895111401617,0.469873082387477,-0.624480307818696,0.469873082387477,5.47880171987226,0.3280194336861898,Not significant
chr15,81000544,81001044,501,*,5.38934511852187,4.45751527231653,5.95084912551737,-0.641906813532717,0.177576374232862,0.470968663291016,-0.641906813532717,0.470968663291016,5.38934511852187,0.3270079884391373,Not significant
chr12,6336220,6336720,501,*,6.02900580816621,4.97341373335235,6.63203294509975,-0.638050586949995,0.177599914928176,0.470968663291016,-0.638050586949995,0.470968663291016,6.02900580816621,0.3270079884391373,Not significant
chr2,73214225,73214725,501,*,5.87257479401578,4.9293170555992,6.43811619459332,-0.641097822387693,0.17788450579268,0.470969028858272,-0.641097822387693,0.470969028858272,5.87257479401578,0.32700765133861914,Not significant
chr11,307911,308411,501,*,4.35678024378049,3.32325558156614,4.95274672080752,-0.638196185130499,0.177892398547646,0.470969028858272,-0.638196185130499,0.470969028858272,4.35678024378049,0.32700765133861914,Not significant
chr22,36331007,36331507,501,*,4.90246626015529,3.46151303120619,5.60882099361904,-0.614852623877496,0.178260861591636,0.471557057510879,-0.614852623877496,0.471557057510879,4.90246626015529,0.32646575093744123,Not significant
chr20,33993402,33993902,501,*,5.77104451971812,4.87395324767029,6.32000558492567,-0.640592964502566,0.178509641554647,0.471781193121483,-0.640592964502566,0.471781193121483,5.77104451971812,0.3262593756300691,Not significant
chr16,50468817,50469317,501,*,4.80404274588678,4.00719437093575,5.31439178169941,-0.637978602565707,0.178638440598451,0.471781193121483,-0.637978602565707,0.471781193121483,4.80404274588678,0.3262593756300691,Not significant
chr17,7234395,7234895,501,*,5.66476282617254,4.36421582985127,6.33743957569759,-0.62172841266627,0.179401846221037,0.473409294450598,-0.62172841266627,0.473409294450598,5.66476282617254,0.32476321981424033,Not significant
chr2,42101772,42102272,501,*,4.45814578002946,2.93795107514917,5.1818014398781,-0.606865923376767,0.17979630060347,0.473564171304369,-0.606865923376767,0.473564171304369,4.45814578002946,0.324621162690151,Not significant
chr12,51450925,51451425,501,*,5.40827857445957,4.63131027929823,5.91051559824652,-0.635837230972644,0.179809524745881,0.473564171304369,-0.635837230972644,0.473564171304369,5.40827857445957,0.324621162690151,Not significant
chr17,17839976,17840476,501,*,5.72180938411889,5.03752653833589,6.18405534251645,-0.625608831326648,0.179962536496561,0.473564171304369,-0.625608831326648,0.473564171304369,5.72180938411889,0.324621162690151,Not significant
chr14,100213986,100214486,501,*,6.35627122582411,5.90909656337809,6.69714351489992,-0.560024061379528,0.180170210426763,0.473564171304369,-0.560024061379528,0.473564171304369,6.35627122582411,0.324621162690151,Not significant
chr4,173334585,173335085,501,*,5.55277942578362,4.79957498830298,6.04511019041572,-0.633058457666658,0.180330226010821,0.473564171304369,-0.633058457666658,0.473564171304369,5.55277942578362,0.324621162690151,Not significant
chr14,75293887,75294387,501,*,4.74948643001994,3.15113203426001,5.4891155502342,-0.598687932751699,0.180342407880342,0.473564171304369,-0.598687932751699,0.473564171304369,4.74948643001994,0.324621162690151,Not significant
chr17,75683984,75684484,501,*,4.82708031472975,3.98011750759092,5.35719710343281,-0.636216195464873,0.180940440338852,0.474747637436304,-0.636216195464873,0.474747637436304,4.82708031472975,0.32353718783566177,Not significant
chr2,677032,677532,501,*,5.61242254119791,4.20175810732998,6.31185120517079,-0.610133347242796,0.181116866957614,0.474823877410442,-0.610133347242796,0.474823877410442,5.61242254119791,0.3234674498546418,Not significant
chr9,136607775,136608275,501,*,2.99582283331708,0.937951075149173,3.81125885186512,-0.57173026789185,0.181816163688951,0.476269658053496,-0.57173026789185,0.476269658053496,2.99582283331708,0.322147085420334,Not significant
chr19,49677237,49677737,501,*,6.53008276102387,6.09138701890034,6.86602179093484,-0.554688643005692,0.182174688165967,0.476447006634189,-0.554688643005692,0.476447006634189,6.53008276102387,0.32198539724227904,Not significant
chr12,121747860,121748360,501,*,3.1856462957849,4.00390869854994,1.10689371540095,0.568742705717623,0.182179612716735,0.476447006634189,0.568742705717623,0.476447006634189,3.1856462957849,0.32198539724227904,Not significant
chr11,126225696,126226196,501,*,1.95122214756043,2.86854390398491,0.0,0.524070762126708,0.182677040964951,0.477360442813522,0.524070762126708,0.477360442813522,1.95122214756043,0.32115357229949565,Not significant
chr1,2412873,2413373,501,*,6.21401322078303,5.79427200397451,6.53875620253515,-0.543414791777088,0.183382372503797,0.478815238417532,-0.543414791777088,0.478815238417532,6.21401322078303,0.3198320365126261,Not significant
chr17,67717548,67718048,501,*,5.49879970356242,4.54439210126307,6.06823883481862,-0.631468753458332,0.183673520764464,0.47884764259939,-0.631468753458332,0.47884764259939,5.49879970356242,0.3198026463009851,Not significant
chr19,2456739,2457239,501,*,5.53721734667722,4.65822842956495,6.07947700876875,-0.632572686909428,0.183692019321181,0.47884764259939,-0.632572686909428,0.47884764259939,5.53721734667722,0.3198026463009851,Not significant
chr16,31180018,31180518,501,*,4.74875454472442,3.48174680350398,5.41276335578823,-0.614935040607042,0.184529493456847,0.480641898074343,-0.614935040607042,0.480641898074343,4.74875454472442,0.31817837396204063,Not significant
chr11,65525401,65525901,501,*,4.692629296218,3.91858513201481,5.19365978636335,-0.627834975270461,0.185135247787185,0.481554556171411,-0.627834975270461,0.481554556171411,4.692629296218,0.3173545037585314,Not significant
chr13,30805783,30806283,501,*,5.02429593016546,4.10071669469419,5.58285800281441,-0.629788985267737,0.185178800464425,0.481554556171411,-0.629788985267737,0.481554556171411,5.02429593016546,0.3173545037585314,Not significant
chr12,55817292,55817792,501,*,4.81681519998107,3.34377711220241,5.53031489433785,-0.597260314902699,0.185594975802276,0.482247590350752,-0.597260314902699,0.482247590350752,4.81681519998107,0.3167299337203376,Not significant
chrX,154479060,154479560,501,*,5.49426610273988,4.58309953298394,6.04835888862848,-0.628777815090538,0.185945876239818,0.482446289196532,-0.628777815090538,0.482446289196532,5.49426610273988,0.3165510296859436,Not significant
chr9,94920431,94920931,501,*,2.80235252769147,1.15508700770913,3.55146224444669,-0.584803782348342,0.186233572279785,0.482446289196532,-0.584803782348342,0.482446289196532,2.80235252769147,0.3165510296859436,Not significant
chr17,35578208,35578708,501,*,4.67590646146323,3.68875185339165,5.25656162250783,-0.626695697271715,0.186242678315743,0.482446289196532,-0.626695697271715,0.482446289196532,4.67590646146323,0.3165510296859436,Not significant
chr1,27914601,27915101,501,*,4.91450598474749,3.59316298283569,5.59243157953251,-0.606819729431664,0.186270386021256,0.482446289196532,-0.606819729431664,0.482446289196532,4.91450598474749,0.3165510296859436,Not significant
KI270744.1,120216,120716,501,*,3.30090368694531,3.9942714777007,1.91611684115906,0.601703597357922,0.186616209643448,0.482953757004971,0.601703597357922,0.482953757004971,3.30090368694531,0.31609445110980877,Not significant
chr16,58684242,58684742,501,*,3.79080520341158,2.70605452985324,4.40294654035516,-0.621274559693374,0.186869070634854,0.48322002053411,-0.621274559693374,0.48322002053411,3.79080520341158,0.3158550805388974,Not significant
chr3,195900168,195900668,501,*,4.93783609157782,4.26698696140256,5.39397263862739,-0.615907585270064,0.187295309211237,0.4839338302154,-0.615907585270064,0.4839338302154,4.93783609157782,0.31521401673759714,Not significant
chr3,39406576,39407076,501,*,6.28178505006646,5.78679708060377,6.6496396225815,-0.57293057425327,0.187776224262387,0.484787655908182,-0.57293057425327,0.484787655908182,6.28178505006646,0.31444844709097186,Not significant
chr4,4289774,4290274,501,*,5.26578906928026,4.508486968852,5.75984454573992,-0.621770329246383,0.188796677891756,0.48703194248778,-0.621770329246383,0.48703194248778,5.26578906928026,0.3124425542037396,Not significant
chr2,171433757,171434257,501,*,5.82911172242531,5.24533508151874,6.2435559260661,-0.597145833038501,0.188964528574347,0.487074968853237,-0.597145833038501,0.487074968853237,5.82911172242531,0.31240418857284447,Not significant
chr7,1001142,1001642,501,*,3.22727121177461,1.34377711220241,4.01718695691623,-0.563290806525146,0.189209729224702,0.487317144334124,-0.563290806525146,0.487317144334124,3.22727121177461,0.31218830940932557,Not significant
chr1,820135,820635,501,*,3.46216640788598,1.81074975044244,4.21206324863254,-0.579596445169203,0.189990465318942,0.488937124007692,-0.579596445169203,0.488937124007692,3.46216640788598,0.3107469863819257,Not significant
chr7,74657164,74657664,501,*,5.8356072156697,5.3716788572623,6.18609380579782,-0.556504526774922,0.190417992646498,0.48964626680528,-0.556504526774922,0.48964626680528,5.8356072156697,0.31011755232311145,Not significant
chr5,134226024,134226524,501,*,5.89675457155835,5.41317269555226,6.2582986576769,-0.567730956613763,0.190697237005734,0.489973283598466,-0.567730956613763,0.489973283598466,5.89675457155835,0.3098275997716597,Not significant
chr2,27212086,27212586,501,*,6.10849327884953,5.63237457424861,6.46586611093208,-0.565092887747583,0.190989247676858,0.49013406719612,-0.565092887747583,0.49013406719612,6.10849327884953,0.3096851104212605,Not significant
chr1,32817439,32817939,501,*,5.49422677599155,4.63060031288962,6.0307080605149,-0.62146465802628,0.191064055989549,0.49013406719612,-0.62146465802628,0.49013406719612,5.49422677599155,0.3096851104212605,Not significant
chr6,3068590,3069090,501,*,5.51102948167479,4.79767878521015,5.9862160974619,-0.615792611987943,0.191327277771119,0.490418845647212,-0.615792611987943,0.490418845647212,5.51102948167479,0.3094328492495653,Not significant
chrX,54182705,54183205,501,*,5.75176290747338,5.3081146477313,6.0905890112261,-0.548585152800947,0.191795005705154,0.491226954198733,-0.548585152800947,0.491226954198733,5.75176290747338,0.30871781096581913,Not significant
chr12,109097755,109098255,501,*,5.82093427022475,5.18055280767226,6.26290285562531,-0.606070889177333,0.191967439684199,0.491278070422947,-0.606070889177333,0.491278070422947,5.82093427022475,0.3086726213869863,Not significant
chr14,68547623,68548123,501,*,5.97477047762151,5.24661448814571,6.45640522971401,-0.615299925834384,0.192583302662426,0.492463016808203,-0.615299925834384,0.492463016808203,5.97477047762151,0.30762637876881765,Not significant
chr17,59755916,59756416,501,*,5.08452457415023,5.59643890647602,4.28379539386036,0.617666355332439,0.193111467402585,0.49331303863761,0.617666355332439,0.49331303863761,5.08452457415023,0.30687740565374894,Not significant
chr19,11089228,11089728,501,*,5.11129760207601,4.05272180287558,5.71526852492138,-0.612463967961543,0.193298938803363,0.49331303863761,-0.612463967961543,0.49331303863761,5.11129760207601,0.30687740565374894,Not significant
chr12,109900080,109900580,501,*,5.03395314774953,4.16665223297913,5.57182424397186,-0.617869993584854,0.193475409431975,0.49331303863761,-0.617869993584854,0.49331303863761,5.03395314774953,0.30687740565374894,Not significant
chr16,30922809,30923309,501,*,5.36038492737442,4.38901107179512,5.93567775013914,-0.615114536361709,0.19355539643325,0.49331303863761,-0.615114536361709,0.49331303863761,5.36038492737442,0.30687740565374894,Not significant
chr20,53829654,53830154,501,*,4.69115034835416,3.68465352010942,5.27827197318344,-0.613187678961805,0.193681251979074,0.49331303863761,-0.613187678961805,0.49331303863761,4.69115034835416,0.30687740565374894,Not significant
chr3,195546021,195546521,501,*,5.35246548683442,4.60315672156303,5.84315008713006,-0.614453193024399,0.194308667259219,0.494377254950843,-0.614453193024399,0.494377254950843,5.35246548683442,0.3059415182521048,Not significant
chr8,22141466,22141966,501,*,5.49364540642555,4.64861024086404,6.02301937101582,-0.61656937711183,0.194405953452116,0.494377254950843,-0.61656937711183,0.494377254950843,5.49364540642555,0.3059415182521048,Not significant
chr3,40457427,40457927,501,*,5.68222483027304,5.15706043607028,6.06640737629009,-0.575623159620238,0.194689296215423,0.494707344168844,-0.575623159620238,0.494707344168844,5.68222483027304,0.3056516422771612,Not significant
chr14,68682608,68683108,501,*,5.48759631569411,4.60243276089434,6.03215476056127,-0.61516338785914,0.1951348649176,0.495430385606125,-0.61516338785914,0.495430385606125,5.48759631569411,0.30501736089837506,Not significant
chr7,1160462,1160962,501,*,6.24602653908049,5.85103547357761,6.55579169365589,-0.522278073886683,0.195281374835437,0.495430385606125,-0.522278073886683,0.495430385606125,6.24602653908049,0.30501736089837506,Not significant
chr17,40113194,40113694,501,*,5.7301855852515,4.88382993000089,6.26006855394881,-0.614689303956266,0.195694633745896,0.495967404516131,-0.614689303956266,0.495967404516131,5.7301855852515,0.30454686484839877,Not significant
chr19,572430,572930,501,*,4.86876958857621,4.19432072547613,5.32655135733524,-0.605656316551819,0.19580091202499,0.495967404516131,-0.605656316551819,0.495967404516131,4.86876958857621,0.30454686484839877,Not significant
chr11,11992472,11992972,501,*,4.63673452135586,5.11627870964502,3.91340251546039,0.610025506028118,0.196019268252386,0.496130465286087,0.610025506028118,0.496130465286087,4.63673452135586,0.3044041039466773,Not significant
chr2,47071855,47072355,501,*,5.55093648597417,4.77133072339977,6.05425880437969,-0.611778297798205,0.19718007494613,0.498446801933624,-0.611778297798205,0.498446801933624,5.55093648597417,0.3023811861176801,Not significant
chr10,68720677,68721177,501,*,5.55143693057173,4.96131304325396,5.96904821510645,-0.592327933953754,0.197243846202784,0.498446801933624,-0.592327933953754,0.498446801933624,5.55143693057173,0.3023811861176801,Not significant
chr7,66114817,66115317,501,*,5.88742882535597,5.17775616926907,6.36099874596618,-0.606177306135602,0.197887704928411,0.499681963385062,-0.606177306135602,0.499681963385062,5.88742882535597,0.30130632665049395,Not significant
chr14,23301750,23302250,501,*,5.72635936584442,4.46151303120619,6.38980082395163,-0.591241598448712,0.198044064467355,0.499685180668612,-0.591241598448712,0.499685180668612,5.72635936584442,0.30130353038387503,Not significant
chr17,82586279,82586779,501,*,2.57229480290596,0.0,3.51300339689357,-0.48092836807446,0.198784228632301,0.500692917053636,-0.48092836807446,0.500692917053636,2.57229480290596,0.3004285522125927,Not significant
chr11,69840687,69841187,501,*,6.12995454255259,6.59247773736205,5.44505775955042,0.602952040148054,0.198879816859996,0.500692917053636,0.602952040148054,0.500692917053636,6.12995454255259,0.3004285522125927,Not significant
chr20,2469986,2470486,501,*,6.07804152117208,5.58024913910815,6.44743583091846,-0.565731782971026,0.199361161616953,0.500692917053636,-0.565731782971026,0.500692917053636,6.07804152117208,0.3004285522125927,Not significant
chr16,30096323,30096823,501,*,5.10150829443682,3.66570520708977,5.80669792087284,-0.575438415826652,0.199411437456483,0.500692917053636,-0.575438415826652,0.500692917053636,5.10150829443682,0.3004285522125927,Not significant
chr2,105330198,105330698,501,*,6.18765047834337,5.57481192342717,6.61642658740274,-0.593841798550136,0.199437368208939,0.500692917053636,-0.593841798550136,0.500692917053636,6.18765047834337,0.3004285522125927,Not significant
chr7,75073544,75074044,501,*,5.40529439301183,4.0442168303435,6.09298989258963,-0.580724732270909,0.199505736435421,0.500692917053636,-0.580724732270909,0.500692917053636,5.40529439301183,0.3004285522125927,Not significant
chr4,3461406,3461906,501,*,4.9731921080698,4.14043902355904,5.49780065903494,-0.609168838558925,0.19953125558562,0.500692917053636,-0.609168838558925,0.500692917053636,4.9731921080698,0.3004285522125927,Not significant
chr10,79413132,79413632,501,*,4.94503339215447,4.31376911984339,5.38267619070188,-0.595979674337817,0.199742109160931,0.500826999850049,-0.595979674337817,0.500826999850049,4.94503339215447,0.30031226611989426,Not significant
chr2,494815,495315,501,*,3.23327124580165,4.02000253470605,1.36992812123475,0.548084405748998,0.199985601014605,0.500826999850049,0.548084405748998,0.500826999850049,3.23327124580165,0.30031226611989426,Not significant
chr12,53974152,53974652,501,*,5.3564599454981,4.79894319748385,5.75757625481769,-0.581593234336286,0.200051008319992,0.500826999850049,-0.581593234336286,0.500826999850049,5.3564599454981,0.30031226611989426,Not significant
chr20,23607515,23608015,501,*,4.47156782783141,5.12223056425647,3.25434810297369,0.590409192793165,0.20051750311783,0.501605120377055,0.590409192793165,0.501605120377055,4.47156782783141,0.29963803888357965,Not significant
chr19,12681623,12682123,501,*,5.19052141553462,4.21485249764771,5.76728150556821,-0.603239835026593,0.200968910330476,0.502344320469197,-0.603239835026593,0.502344320469197,5.19052141553462,0.2989985035325124,Not significant
chr2,70086363,70086863,501,*,7.00664792427681,6.6342812466995,7.30235428126293,-0.504440106890754,0.201855953850838,0.503297477139808,-0.504440106890754,0.503297477139808,7.00664792427681,0.29817524656889693,Not significant
chr21,46295621,46296121,501,*,4.48748716985801,3.6873870354815,4.9991481818296,-0.605624952748647,0.201878100910321,0.503297477139808,-0.605624952748647,0.503297477139808,4.48748716985801,0.29817524656889693,Not significant
chr19,5622893,5623393,501,*,5.24044475922518,3.86733906825942,5.93103234594548,-0.575211195382547,0.202185360885583,0.503297477139808,-0.575211195382547,0.503297477139808,5.24044475922518,0.29817524656889693,Not significant
chr20,62623411,62623911,501,*,6.31020043189092,5.74621081002071,6.71463603916414,-0.579634839644422,0.202206137894925,0.503297477139808,-0.579634839644422,0.503297477139808,6.31020043189092,0.29817524656889693,Not significant
chr9,120793473,120793973,501,*,4.92076936530661,4.24440726799336,5.37942312819855,-0.597698475581243,0.202440198570393,0.503297477139808,-0.597698475581243,0.503297477139808,4.92076936530661,0.29817524656889693,Not significant
chr2,32010455,32010955,501,*,5.41146700038891,4.62365262840108,5.91814923933715,-0.604508960124175,0.202507595098329,0.503297477139808,-0.604508960124175,0.503297477139808,5.41146700038891,0.29817524656889693,Not significant
KI270743.1,156030,156530,501,*,2.10787607659148,3.10787607659148,0.0,0.435584991304621,0.202533777327607,0.503297477139808,0.435584991304621,0.503297477139808,2.10787607659148,0.29817524656889693,Not significant
chr1,24018607,24019107,501,*,5.22249187646537,4.59607528208403,5.65781813851572,-0.59177671852361,0.20259988449731,0.503297477139808,-0.59177671852361,0.503297477139808,5.22249187646537,0.29817524656889693,Not significant
chr12,103956775,103957275,501,*,4.33232385626973,2.84484167075769,5.04897732008948,-0.567736664547673,0.202895326905044,0.503417598547283,-0.567736664547673,0.503417598547283,4.33232385626973,0.2980716063911896,Not significant
chr17,34980926,34981426,501,*,5.12366923718602,4.38416687056895,5.61018188855945,-0.601779594666178,0.202960726416176,0.503417598547283,-0.601779594666178,0.503417598547283,5.12366923718602,0.2980716063911896,Not significant
chr19,46812986,46813486,501,*,6.1768571873458,5.67632543858873,6.54775105412874,-0.560047941930855,0.203391798488093,0.503829730575853,-0.560047941930855,0.503829730575853,6.1768571873458,0.29771620872343335,Not significant
chr16,27717638,27718138,501,*,5.27679011438776,4.7067283271477,5.68431914406857,-0.579849735499635,0.203439627398878,0.503829730575853,-0.579849735499635,0.503829730575853,5.27679011438776,0.29771620872343335,Not significant
GL000225.1,2907,3407,501,*,2.63492461227576,0.343777112202407,3.47946055947571,-0.516211600912971,0.203676164549046,0.503938814973003,-0.516211600912971,0.503938814973003,2.63492461227576,0.2976221896113302,Not significant
chr12,6614047,6614547,501,*,5.46237547770857,4.83084162396215,5.90014676260116,-0.591664310420371,0.20381727327538,0.503938814973003,-0.591664310420371,0.503938814973003,5.46237547770857,0.2976221896113302,Not significant
chr17,40100109,40100609,501,*,5.12313179063423,3.73609453498117,5.81703200330776,-0.570972711978676,0.204061420152893,0.503938814973003,-0.570972711978676,0.503938814973003,5.12313179063423,0.2976221896113302,Not significant
chr17,78986701,78987201,501,*,4.49294528619334,3.0442168303435,5.20104936628789,-0.566080188262269,0.204109296567278,0.503938814973003,-0.566080188262269,0.503938814973003,4.49294528619334,0.2976221896113302,Not significant
chr11,57335408,57335908,501,*,5.77699264755529,5.33747374695154,6.11341262629426,-0.536029844358009,0.204424611292895,0.504224772069749,-0.536029844358009,0.504224772069749,5.77699264755529,0.29737582167242727,Not significant
chr1,7312629,7313129,501,*,4.37855926978489,2.93795107514917,5.08483610605006,-0.568227402874644,0.20453810586442,0.504224772069749,-0.568227402874644,0.504224772069749,4.37855926978489,0.29737582167242727,Not significant
chr17,50661747,50662247,501,*,4.96942498812715,4.10276586030178,5.50705368857765,-0.601305268485794,0.204850629447957,0.504272779385644,-0.601305268485794,0.504272779385644,4.96942498812715,0.2973344743982176,Not significant
chr12,31728940,31729440,501,*,5.00474008517192,4.3716788572623,5.44323866936881,-0.58930854668627,0.205159022147596,0.504272779385644,-0.58930854668627,0.504272779385644,5.00474008517192,0.2973344743982176,Not significant
chr17,42553965,42554465,501,*,5.74671570322611,5.21069724970509,6.13664409135956,-0.572207841443273,0.2051603312298,0.504272779385644,-0.572207841443273,0.504272779385644,5.74671570322611,0.2973344743982176,Not significant
chr1,26692445,26692945,501,*,5.01929525983993,4.23157958180474,5.5259372614591,-0.600596227403661,0.205326403475616,0.504272779385644,-0.600596227403661,0.504272779385644,5.01929525983993,0.2973344743982176,Not significant
chr17,48541971,48542471,501,*,5.14617813345932,4.44806863799205,5.61462655289294,-0.596018781713995,0.205340126180622,0.504272779385644,-0.596018781713995,0.504272779385644,5.14617813345932,0.2973344743982176,Not significant
chr3,50340372,50340872,501,*,6.12911220663399,5.56684759094687,6.5326654289735,-0.576024992129387,0.206430547399671,0.5064550654157,-0.576024992129387,0.5064550654157,6.12911220663399,0.295459080822353,Not significant
chr7,100015385,100015885,501,*,6.29847596721868,5.94375854336126,6.58296309353163,-0.490124778032406,0.206625702714835,0.5064550654157,-0.490124778032406,0.5064550654157,6.29847596721868,0.295459080822353,Not significant
chr5,149455992,149456492,501,*,5.35928512256008,4.5547282296276,5.87273756251418,-0.599055502955436,0.206700313786979,0.5064550654157,-0.599055502955436,0.5064550654157,5.35928512256008,0.295459080822353,Not significant
chr14,104815938,104816438,501,*,5.88163168672863,5.36955293322,6.25879837258847,-0.563706062812389,0.207037189728451,0.506895004031206,-0.563706062812389,0.506895004031206,5.88163168672863,0.295081989171886,Not significant
GL000194.1,10207,10707,501,*,4.31586887556307,4.90821808228729,3.29347908692287,0.591709047518996,0.207484453313144,0.507080591245167,0.591709047518996,0.507080591245167,4.31586887556307,0.29492301196531306,Not significant
chr9,89310551,89311051,501,*,5.66430231092318,5.16333769598965,6.03543273026281,-0.556779021327444,0.207528707313882,0.507080591245167,-0.556779021327444,0.507080591245167,5.66430231092318,0.29492301196531306,Not significant
chr1,1273845,1274345,501,*,5.93874723432068,4.94397572810606,6.52196268447027,-0.592255042973757,0.207585133411662,0.507080591245167,-0.592255042973757,0.507080591245167,5.93874723432068,0.29492301196531306,Not significant
chr12,122400210,122400710,501,*,4.19649002667907,2.66570520708977,4.92237159000403,-0.553389006331302,0.208104167822566,0.507963355094172,-0.553389006331302,0.507963355094172,4.19649002667907,0.2941676169570776,Not significant
chr5,149345326,149345826,501,*,5.89053021390994,5.2534373272274,6.33094313015817,-0.587022685910257,0.208566649985571,0.50870684803445,-0.587022685910257,0.50870684803445,5.89053021390994,0.2935324160082059,Not significant
chr5,134526745,134527245,501,*,5.31527757090831,4.49469514216696,5.83510797439368,-0.594149213210879,0.210223545620447,0.512166417715874,-0.594149213210879,0.512166417715874,5.31527757090831,0.2905889012264814,Not significant
chr7,135557785,135558285,501,*,5.58004394315563,4.86144498649849,6.05752720752583,-0.592064732592346,0.210302970402887,0.512166417715874,-0.592064732592346,0.512166417715874,5.58004394315563,0.2905889012264814,Not significant
chr6,16713624,16714124,501,*,4.47755660249892,3.45350640470606,5.07044755908512,-0.584390632711622,0.211375092543847,0.514388631553079,-0.584390632711622,0.514388631553079,4.47755660249892,0.2887086382726447,Not significant
chr3,9915589,9916089,501,*,4.79671001254815,3.43123995345275,5.48546512884962,-0.559585696838967,0.211711979887436,0.514819622035714,-0.559585696838967,0.514819622035714,4.79671001254815,0.2883449085830516,Not significant
chr17,17682268,17682768,501,*,4.96987253900875,4.3361679599546,5.40867713174241,-0.582599213468672,0.212126136602599,0.51493995131783,-0.582599213468672,0.51493995131783,4.96987253900875,0.28824341237981255,Not significant
chr7,100958189,100958689,501,*,2.581665940743,3.41688335232721,0.369928121234746,0.508310365369786,0.212388867376826,0.51493995131783,0.508310365369786,0.51493995131783,2.581665940743,0.28824341237981255,Not significant
chr12,53268005,53268505,501,*,5.71813770394581,4.91450791173797,6.2312181274709,-0.59111380542027,0.212496127493198,0.51493995131783,-0.59111380542027,0.51493995131783,5.71813770394581,0.28824341237981255,Not significant
chr10,93437081,93437581,501,*,5.12491214792385,5.5477805297805,4.5241591997279,0.577303754188683,0.212545841924394,0.51493995131783,0.577303754188683,0.51493995131783,5.12491214792385,0.28824341237981255,Not significant
chr17,40139817,40140317,501,*,4.62995057035447,3.64931140161568,5.20840128909308,-0.585278908499466,0.212560563393145,0.51493995131783,-0.585278908499466,0.51493995131783,4.62995057035447,0.28824341237981255,Not significant
chr16,2752240,2752740,501,*,6.13469182083062,5.18950821080074,6.70090936964339,-0.585705751247344,0.213592601907861,0.516854429720491,-0.585705751247344,0.516854429720491,6.13469182083062,0.28663175723716844,Not significant
chr6,109382301,109382801,501,*,5.48416402408748,4.57444280629294,6.03773298885641,-0.587114528817637,0.213711829394499,0.516854429720491,-0.587114528817637,0.516854429720491,5.48416402408748,0.28663175723716844,Not significant
chr11,65916999,65917499,501,*,2.17728304329235,0.0,3.17728304329235,-0.423076870645658,0.213832077845256,0.516854429720491,-0.423076870645658,0.516854429720491,2.17728304329235,0.28663175723716844,Not significant
chr16,58630039,58630539,501,*,4.79048775914541,3.46151303120619,5.47031595777258,-0.55880750582144,0.215001382765306,0.519291195854436,-0.55880750582144,0.519291195854436,4.79048775914541,0.2845890404402779,Not significant
chr4,151759917,151760417,501,*,4.46692915663435,3.32325558156614,5.09677008967099,-0.568508965300158,0.216636288919192,0.522654756882713,-0.568508965300158,0.522654756882713,4.46692915663435,0.2817850925684037,Not significant
chr3,52239257,52239757,501,*,5.07007013408932,4.34637378608929,5.54977256697556,-0.583626091827146,0.217196907518022,0.522654756882713,-0.583626091827146,0.522654756882713,5.07007013408932,0.2817850925684037,Not significant
chr19,49453130,49453630,501,*,6.41144158279087,6.79720434476362,5.88330454825443,0.557047333440112,0.217469255801858,0.522654756882713,0.557047333440112,0.522654756882713,6.41144158279087,0.2817850925684037,Not significant
chr21,25734893,25735393,501,*,5.03522080583341,4.32413406265693,5.50941299543705,-0.582670660779716,0.217487238812446,0.522654756882713,-0.582670660779716,0.522654756882713,5.03522080583341,0.2817850925684037,Not significant
chr2,113604208,113604708,501,*,4.36453695475217,2.93795107514917,5.06762860693735,-0.547680587425728,0.217561017569179,0.522654756882713,-0.547680587425728,0.522654756882713,4.36453695475217,0.2817850925684037,Not significant
chr19,11505502,11506002,501,*,5.62486424676409,4.975092599527,6.07124627238442,-0.578428473746967,0.217629741543627,0.522654756882713,-0.578428473746967,0.522654756882713,5.62486424676409,0.2817850925684037,Not significant
chr5,958653,959153,501,*,5.78098148483757,5.27723870842567,6.15362750381372,-0.552240307551951,0.217692721890521,0.522654756882713,-0.552240307551951,0.522654756882713,5.78098148483757,0.2817850925684037,Not significant
chr20,20336497,20336997,501,*,2.02541391639951,3.02541391639951,0.0,0.413717405961021,0.217857476211386,0.522654756882713,0.413717405961021,0.522654756882713,2.02541391639951,0.2817850925684037,Not significant
chr20,6051989,6052489,501,*,4.69504724162097,3.62988999692656,5.30109089388993,-0.571609701351375,0.217985183883561,0.522654756882713,-0.571609701351375,0.522654756882713,4.69504724162097,0.2817850925684037,Not significant
chr1,9428418,9428918,501,*,4.22593714615144,3.32676630095142,4.77566071396209,-0.581660455110376,0.218016136949214,0.522654756882713,-0.581660455110376,0.522654756882713,4.22593714615144,0.2817850925684037,Not significant
chr18,24426521,24427021,501,*,4.96043275176491,4.27769225181965,5.42198147495055,-0.580202703168576,0.218226839983099,0.522770913327544,-0.580202703168576,0.522770913327544,4.96043275176491,0.28168858431406735,Not significant
KI270772.1,21397,21897,501,*,2.0442168303435,3.0442168303435,0.0,0.41206941012256,0.218688020443462,0.523222776737638,0.41206941012256,0.523222776737638,2.0442168303435,0.2813133587278154,Not significant
chr17,81991772,81992272,501,*,4.88858527379001,4.03806204769003,5.42007047511483,-0.582251371866328,0.218740248375418,0.523222776737638,-0.582251371866328,0.523222776737638,4.88858527379001,0.2813133587278154,Not significant
GL000214.1,118929,119429,501,*,2.15936644227887,0.0,3.15936644227887,-0.415142423530506,0.219375749208364,0.523853195851309,-0.415142423530506,0.523853195851309,2.15936644227887,0.28079040226122975,Not significant
chr13,44141798,44142298,501,*,4.55597783294474,3.78958563681695,5.05383461279808,-0.581755555947909,0.219437115788897,0.523853195851309,-0.581755555947909,0.523853195851309,4.55597783294474,0.28079040226122975,Not significant
chr9,95738398,95738898,501,*,5.6351786786549,4.90763213090717,6.11654987026874,-0.580748098405453,0.21960447155045,0.523853195851309,-0.580748098405453,0.523853195851309,5.6351786786549,0.28079040226122975,Not significant
chr22,21629398,21629898,501,*,6.31138716505667,5.80107754061831,6.68759780188132,-0.552268671824768,0.21965414885013,0.523853195851309,-0.552268671824768,0.523853195851309,6.31138716505667,0.28079040226122975,Not significant
chr3,196288236,196288736,501,*,4.80666001743164,3.43123995345275,5.49780065903494,-0.542688577761905,0.221754949949851,0.528472225398241,-0.542688577761905,0.528472225398241,4.80666001743164,0.2769778327146486,Not significant
chr11,9384530,9385030,501,*,5.47621480151119,4.82168934173778,5.92481511377562,-0.573438239178537,0.222328196055931,0.529446746261796,-0.573438239178537,0.529446746261796,5.47621480151119,0.27617771632655164,Not significant
chr1,203178158,203178658,501,*,4.27482383971491,2.84484167075769,4.97869045339573,-0.539146493197934,0.222706838599003,0.529956745912841,-0.539146493197934,0.529956745912841,4.27482383971491,0.27575957526326933,Not significant
chr13,44306853,44307353,501,*,5.34062411113158,4.70807497839856,5.7788789744117,-0.569066758763046,0.223187510823648,0.53043519839942,-0.569066758763046,0.53043519839942,5.34062411113158,0.2753676649135358,Not significant
chr2,27183509,27184009,501,*,5.06984935125837,3.79593207027674,5.73566468619217,-0.549663204326943,0.223237159847801,0.53043519839942,-0.549663204326943,0.53043519839942,5.06984935125837,0.2753676649135358,Not significant
chr17,77444672,77445172,501,*,5.01445448581562,4.29281312451823,5.49326362622549,-0.575405530420182,0.223415797959367,0.530468460593279,-0.575405530420182,0.530468460593279,5.01445448581562,0.275340432304559,Not significant
chr17,43530557,43531057,501,*,5.87746646623174,4.95975372410303,6.43392277440121,-0.572024912108264,0.224343049658743,0.53209465153172,-0.572024912108264,0.53209465153172,5.87746646623174,0.2740111064613605,Not significant
chr1,26723014,26723514,501,*,5.16529738759916,5.83601211447396,3.87242846176393,0.545893369170113,0.224430984305279,0.53209465153172,0.545893369170113,0.53209465153172,5.16529738759916,0.2740111064613605,Not significant
chr2,170973812,170974312,501,*,5.49369238157303,4.87740461772524,5.92414108802211,-0.566991615926022,0.224782919989219,0.532307713736577,-0.566991615926022,0.532307713736577,5.49369238157303,0.2738372403668708,Not significant
chr17,68383755,68384255,501,*,5.89687322006683,5.38532894441217,6.27375126091378,-0.547684542544492,0.22495961212079,0.532307713736577,-0.547684542544492,0.532307713736577,5.89687322006683,0.2738372403668708,Not significant
chr3,139302693,139303193,501,*,4.52238699674279,3.75935163783883,5.01884396545257,-0.574384975943338,0.225016482343022,0.532307713736577,-0.574384975943338,0.532307713736577,4.52238699674279,0.2738372403668708,Not significant
chr21,42009624,42010124,501,*,5.23405641531567,4.66916640137776,5.63895196332132,-0.55813312173429,0.225813446210879,0.533447869724038,-0.55813312173429,0.533447869724038,5.23405641531567,0.27290801484752736,Not significant
chr2,20614141,20614641,501,*,5.00138423401094,4.42489871175889,5.41216449222525,-0.559439987852194,0.22600082869213,0.533447869724038,-0.559439987852194,0.533447869724038,5.00138423401094,0.27290801484752736,Not significant
chr12,52191832,52192332,501,*,5.48991534924012,5.00609997803769,5.85158939693796,-0.537839744714898,0.226160624208341,0.533447869724038,-0.537839744714898,0.533447869724038,5.48991534924012,0.27290801484752736,Not significant
chr15,68817980,68818480,501,*,4.58310338149499,3.85674146272592,5.06396180932531,-0.572335038183773,0.226160704544704,0.533447869724038,-0.572335038183773,0.533447869724038,4.58310338149499,0.27290801484752736,Not significant
chr3,9731202,9731702,501,*,5.10918033291535,4.4862746878435,5.54282163239925,-0.565658433372453,0.22659502256419,0.534081318728472,-0.565658433372453,0.534081318728472,5.10918033291535,0.2723926126600155,Not significant
chr20,62641988,62642488,501,*,6.56924883463722,6.05285959901442,6.94873739179308,-0.546920903183964,0.227162252742148,0.534815368888785,-0.546920903183964,0.534815368888785,6.56924883463722,0.27179612099178907,Not significant
chr16,30698061,30698561,501,*,5.64519010113866,4.73625293791367,6.19847461135804,-0.568384019121086,0.227238435756904,0.534815368888785,-0.568384019121086,0.534815368888785,5.64519010113866,0.27179612099178907,Not significant
chr17,83051207,83051707,501,*,3.59715856019143,2.47701510259649,4.22004387103137,-0.553116686266928,0.228009492725919,0.535609690281311,-0.553116686266928,0.535609690281311,3.59715856019143,0.27115157430821457,Not significant
chr11,64246173,64246673,501,*,5.28001702985661,4.56070373597518,5.75781196223859,-0.569619485452445,0.228022082266385,0.535609690281311,-0.569619485452445,0.535609690281311,5.28001702985661,0.27115157430821457,Not significant
chr16,84138852,84139352,501,*,5.33663523969563,4.53474051446194,5.84901853433737,-0.570152619782249,0.228123010676538,0.535609690281311,-0.570152619782249,0.535609690281311,5.33663523969563,0.27115157430821457,Not significant
chr9,132474470,132474970,501,*,5.36207338191414,4.60893536548503,5.85437613245722,-0.570174395945964,0.228240876708951,0.535609690281311,-0.570174395945964,0.535609690281311,5.36207338191414,0.27115157430821457,Not significant
chr1,156129868,156130368,501,*,5.72241767908654,5.17958236804573,6.11592112114927,-0.55144258436395,0.228865164496538,0.53665022271802,-0.55144258436395,0.53665022271802,5.72241767908654,0.2703086860646539,Not significant
chr3,136752545,136753045,501,*,5.91005758706434,5.31807926177207,6.32859024573893,-0.559014465740704,0.229017397963152,0.53665022271802,-0.559014465740704,0.53665022271802,5.91005758706434,0.2703086860646539,Not significant
chr17,75270939,75271439,501,*,4.22555294545667,2.8032087308397,4.92767358635022,-0.524670197454883,0.230752825844431,0.539823414923978,-0.524670197454883,0.539823414923978,4.22555294545667,0.26774828178073545,Not significant
chr10,29083182,29083682,501,*,4.92215122193374,4.08653897509072,5.44787415525822,-0.56539999600732,0.230980872802144,0.539823414923978,-0.56539999600732,0.539823414923978,4.92215122193374,0.26774828178073545,Not significant
chr11,65488541,65489041,501,*,5.68719232791681,4.74514858521078,6.25230688335889,-0.560563217325563,0.231016171162565,0.539823414923978,-0.560563217325563,0.539823414923978,5.68719232791681,0.26774828178073545,Not significant
chr9,120876095,120876595,501,*,5.87078524303961,5.03793354710003,6.39543227976314,-0.565566255514323,0.231041740900113,0.539823414923978,-0.565566255514323,0.539823414923978,5.87078524303961,0.26774828178073545,Not significant
chrX,9829530,9830030,501,*,5.26076218014991,3.98763330197713,5.92637193545555,-0.535235021152173,0.231688454850956,0.540942175021579,-0.535235021152173,0.540942175021579,5.26076218014991,0.2668491570953709,Not significant
chr2,85538929,85539429,501,*,6.6471020577302,5.94454710577421,7.11752645039182,-0.56375835680003,0.232760921295603,0.543052634623051,-0.56375835680003,0.543052634623051,6.6471020577302,0.26515807498108407,Not significant
chr16,57447467,57447967,501,*,5.31998193947559,4.77326185179432,5.71551124633672,-0.547132361139061,0.233925623501543,0.54537507881474,-0.547132361139061,0.54537507881474,5.31998193947559,0.26330471124316296,Not significant
chr2,28224722,28225222,501,*,4.85940894182879,4.0732659288438,5.36540924784835,-0.562442112806074,0.234197540548037,0.545614226786533,-0.562442112806074,0.545614226786533,4.85940894182879,0.2631143140584457,Not significant
chr4,8439746,8440246,501,*,4.55126558671421,5.25839090263696,3.10689371540095,0.518808551157391,0.234692802861064,0.546372984695338,0.518808551157391,0.546372984695338,4.55126558671421,0.262510782400819,Not significant
chr6,37137866,37138366,501,*,4.82453721992033,5.26022805134196,4.19735930756041,0.555957938241499,0.235112934935143,0.546955867408686,0.555957938241499,0.546955867408686,4.82453721992033,0.2620477144601902,Not significant
chr11,36149551,36150051,501,*,5.78449072470737,4.71797458934281,6.39096079368828,-0.546127793737484,0.235793336075848,0.548142950098399,-0.546127793737484,0.548142950098399,5.78449072470737,0.26110616716711893,Not significant
chr4,185333572,185334072,501,*,4.91800742993117,4.06513379427905,5.4503934309661,-0.558037916431519,0.23655398211705,0.549514729907091,-0.558037916431519,0.549514729907091,4.91800742993117,0.2600206616906644,Not significant
chr12,56116634,56117134,501,*,6.68625172616828,6.09641423166445,7.10372055883445,-0.550547257959927,0.237149131426292,0.550197132266059,-0.550547257959927,0.550197132266059,6.68625172616828,0.25948167756733104,Not significant
chr9,134602387,134602887,501,*,4.73158869311988,3.43123995345275,5.40421494563321,-0.52427931952945,0.23734170736169,0.550197132266059,-0.52427931952945,0.550197132266059,4.73158869311988,0.25948167756733104,Not significant
chr1,1308595,1309095,501,*,5.33806113146542,4.56499083169598,5.8386890251316,-0.55866208714577,0.237360029127816,0.550197132266059,-0.55866208714577,0.550197132266059,5.33806113146542,0.25948167756733104,Not significant
chr3,12840718,12841218,501,*,6.14363427715074,5.57914567244728,6.54832482976868,-0.546376919715194,0.237897008349482,0.551045406831078,-0.546376919715194,0.551045406831078,6.14363427715074,0.25881261326494476,Not significant
chr3,194255457,194255957,501,*,5.57760811876418,4.89259753916177,6.04018268203964,-0.555870429360349,0.238976174805672,0.553147439097612,-0.555870429360349,0.553147439097612,5.57760811876418,0.25715909391768055,Not significant
chr19,1864155,1864655,501,*,6.09201481025756,5.71429364715473,6.39108083449954,-0.484254748436152,0.239888737412453,0.554861099743664,-0.484254748436152,0.554861099743664,6.09201481025756,0.25581572167865524,Not significant
chr1,153609186,153609686,501,*,5.33204657312405,4.69539370757241,5.77225093966402,-0.551822014577181,0.240206553306475,0.555197643295167,-0.551822014577181,0.555197643295167,5.33204657312405,0.25555238604397373,Not significant
chr16,46689093,46689593,501,*,4.77703395908254,3.52291357587033,5.43764399338633,-0.524791571239538,0.240688375017214,0.55567765832976,-0.524791571239538,0.55567765832976,4.77703395908254,0.2551770641812514,Not significant
KI270337.1,191,691,501,*,1.92873961292356,2.92873961292356,0.0,0.383687812747405,0.240759159226674,0.55567765832976,0.383687812747405,0.55567765832976,1.92873961292356,0.2551770641812514,Not significant
chr2,69914454,69914954,501,*,6.1595929725686,3.98763330197713,6.98992210312354,-0.462977172557803,0.242278408016232,0.558783844401074,-0.462977172557803,0.558783844401074,6.1595929725686,0.2527561587298173,Not significant
chr1,20662070,20662570,501,*,5.03783526195875,4.30421986664292,5.52182390463153,-0.551911458957285,0.242944836481768,0.559645347076052,-0.551911458957285,0.559645347076052,5.03783526195875,0.25208710263804807,Not significant
chr1,43453549,43454049,501,*,4.68234357638208,3.25066770781093,5.38659582018694,-0.50589900584662,0.242999329782556,0.559645347076052,-0.50589900584662,0.559645347076052,4.68234357638208,0.25208710263804807,Not significant
chr19,46816124,46816624,501,*,5.35636308555181,6.00609997803769,4.14251762513167,0.523441557418704,0.243335351110155,0.560018929483513,0.523441557418704,0.560018929483513,5.35636308555181,0.2517972929379196,Not significant
chr11,2211177,2211677,501,*,6.06164346010385,5.71856267172317,6.33860930347581,-0.463364254956464,0.243687600261305,0.560429299102015,-0.463364254956464,0.560429299102015,6.06164346010385,0.2514791679870681,Not significant
chr17,73192189,73192689,501,*,5.6256289491507,5.15558061792641,5.97958405106833,-0.518430763079956,0.244434501915013,0.561746052189852,-0.518430763079956,0.561746052189852,5.6256289491507,0.25045997101063583,Not significant
chr13,27425096,27425596,501,*,5.4579293784634,4.96413360500651,5.82512798039947,-0.52359679422974,0.245319873690516,0.563378925895113,-0.52359679422974,0.563378925895113,5.4579293784634,0.24919940253775158,Not significant
chr12,7851767,7852267,501,*,5.78376804654845,5.30065378238576,6.14505176514451,-0.522871793016383,0.245852534414365,0.563671643889185,-0.522871793016383,0.563671643889185,5.78376804654845,0.24897381228324858,Not significant
chr15,59105040,59105540,501,*,4.88517068796332,4.19528130498632,5.34994205339007,-0.547468787222028,0.246021654270589,0.563671643889185,-0.547468787222028,0.563671643889185,4.88517068796332,0.24897381228324858,Not significant
chr5,180809988,180810488,501,*,5.35906316668201,4.78958563681695,5.76629540404384,-0.53903271490502,0.246028059878715,0.563671643889185,-0.53903271490502,0.563671643889185,5.35906316668201,0.24897381228324858,Not significant
chr5,178232389,178232889,501,*,5.69455723752512,4.5818072649239,6.31522643448194,-0.527546709950929,0.246251616370771,0.563671643889185,-0.527546709950929,0.563671643889185,5.69455723752512,0.24897381228324858,Not significant
chr14,91418170,91418670,501,*,5.65283999178977,4.52291357587033,6.27863505865005,-0.525474371138112,0.246756127315832,0.563671643889185,-0.525474371138112,0.563671643889185,5.65283999178977,0.24897381228324858,Not significant
chr2,127064766,127065266,501,*,5.95705074296565,5.27587722212675,6.41788998561738,-0.546347961064882,0.247072905058091,0.563671643889185,-0.546347961064882,0.563671643889185,5.95705074296565,0.24897381228324858,Not significant
MU273333.1,1166789,1167289,501,*,2.51580904715338,0.522913575870329,3.3221461744868,-0.46742369587772,0.247097578433945,0.563671643889185,-0.46742369587772,0.563671643889185,2.51580904715338,0.24897381228324858,Not significant
chr16,3105791,3106291,501,*,4.88807355485876,5.33660335361914,4.23369956027462,0.544597531417638,0.247325439341471,0.563671643889185,0.544597531417638,0.563671643889185,4.88807355485876,0.24897381228324858,Not significant
chr17,79027044,79027544,501,*,5.20669921201802,4.47622497479753,5.68933506297975,-0.546477277415026,0.2474657595282,0.563671643889185,-0.546477277415026,0.563671643889185,5.20669921201802,0.24897381228324858,Not significant
chr8,22581923,22582423,501,*,3.47951234593382,1.93795107514917,4.2076387862858,-0.493869651374824,0.247488416130894,0.563671643889185,-0.493869651374824,0.563671643889185,3.47951234593382,0.24897381228324858,Not significant
chr17,7238526,7239026,501,*,4.95918329256809,4.01674593603044,5.52443629719816,-0.537249462289048,0.247497824367164,0.563671643889185,-0.537249462289048,0.563671643889185,4.95918329256809,0.24897381228324858,Not significant
chr7,99997237,99997737,501,*,5.74193430563107,5.10673296368025,6.1814500517277,-0.543798794023177,0.247624853507146,0.563671643889185,-0.543798794023177,0.563671643889185,5.74193430563107,0.24897381228324858,Not significant
chr17,59619136,59619636,501,*,5.22914183390575,4.71395854987492,5.60798187173698,-0.527701052348052,0.247929568039301,0.563671643889185,-0.527701052348052,0.563671643889185,5.22914183390575,0.24897381228324858,Not significant
chr2,25201827,25202327,501,*,5.0471638494634,4.18491172598693,5.58312405334126,-0.542575597489573,0.247990264765617,0.563671643889185,-0.542575597489573,0.563671643889185,5.0471638494634,0.24897381228324858,Not significant
chr2,219542625,219543125,501,*,4.29148560009587,2.92873961292356,4.97958405106833,-0.503341085921184,0.248071505597413,0.563671643889185,-0.503341085921184,0.563671643889185,4.29148560009587,0.24897381228324858,Not significant
chr1,156741020,156741520,501,*,5.72959897829256,4.97354811087689,6.22312854705659,-0.545293355853692,0.248363882159355,0.563938286340692,-0.545293355853692,0.563938286340692,5.72959897829256,0.24876841971905675,Not significant
chr3,49020909,49021409,501,*,5.44733243398183,4.9468303561974,5.81821008216186,-0.524476359333497,0.248609773823581,0.564048935726476,-0.524476359333497,0.564048935726476,5.44733243398183,0.24868321588538558,Not significant
chr19,12782537,12783037,501,*,6.04913191978125,5.4750389711315,6.45870377795611,-0.536859578997891,0.248762736706183,0.564048935726476,-0.536859578997891,0.564048935726476,6.04913191978125,0.24868321588538558,Not significant
chr10,102117933,102118433,501,*,5.41344388756998,4.20175810732998,6.06258674815593,-0.51412645946822,0.24927038531483,0.564485879627176,-0.51412645946822,0.564485879627176,5.41344388756998,0.2483469172938387,Not significant
chr10,28991499,28991999,501,*,5.02758175396369,4.40550682442411,5.46082349051812,-0.5400590751981,0.249332549727006,0.564485879627176,-0.5400590751981,0.564485879627176,5.02758175396369,0.2483469172938387,Not significant
chr11,118316695,118317195,501,*,5.44215557395336,4.75479788008519,5.90578832849102,-0.543751033054594,0.249481034323122,0.564485879627176,-0.543751033054594,0.564485879627176,5.44215557395336,0.2483469172938387,Not significant
chr6,34235971,34236471,501,*,5.94171961830527,5.55809249682839,6.24446790002414,-0.480092077191604,0.250319735415513,0.565260245214525,-0.480092077191604,0.565260245214525,5.94171961830527,0.24775155742168037,Not significant
chr6,42879832,42880332,501,*,5.14833095574821,3.92873961292356,5.79964277701458,-0.51181096545072,0.250328876632057,0.565260245214525,-0.51181096545072,0.565260245214525,5.14833095574821,0.24775155742168037,Not significant
chr2,20446893,20447393,501,*,4.74090609509576,4.04741207352745,5.20729363590499,-0.542643559748747,0.2504910472692,0.565260245214525,-0.542643559748747,0.565260245214525,4.74090609509576,0.24775155742168037,Not significant
chr11,130476545,130477045,501,*,3.34363009792016,1.74530599720678,4.08325322610527,-0.485275801597927,0.250783060894878,0.565260245214525,-0.485275801597927,0.565260245214525,3.34363009792016,0.24775155742168037,Not significant
chr1,8448665,8449165,501,*,5.26705619029209,4.70740180989829,5.66927117306459,-0.531370866356457,0.250930250642435,0.565260245214525,-0.531370866356457,0.565260245214525,5.26705619029209,0.24775155742168037,Not significant
chr17,77440714,77441214,501,*,4.96233573020806,3.69283857731264,5.62699666502539,-0.508451995213593,0.250963360599951,0.565260245214525,-0.508451995213593,0.565260245214525,4.96233573020806,0.24775155742168037,Not significant
chr12,69359653,69360153,501,*,5.27468630079609,4.38901107179512,5.81943463418742,-0.536295982223713,0.251051337958406,0.565260245214525,-0.536295982223713,0.565260245214525,5.27468630079609,0.24775155742168037,Not significant
chr7,73522153,73522653,501,*,5.82116757594149,5.25251471140557,6.2279805894094,-0.533531123195787,0.251640503966073,0.565857212459795,-0.533531123195787,0.565857212459795,5.82116757594149,0.24729314419003934,Not significant
chr11,64358623,64359123,501,*,4.02878033780565,2.63839079329026,4.72347176321666,-0.498522049044423,0.251667717397544,0.565857212459795,-0.498522049044423,0.565857212459795,4.02878033780565,0.24729314419003934,Not significant
chr11,118790913,118791413,501,*,5.78407581974867,5.29494756964562,6.14869814918234,-0.518597316373187,0.252237609067331,0.566324136509443,-0.518597316373187,0.566324136509443,5.78407581974867,0.2469349285209484,Not significant
chr19,47623688,47624188,501,*,3.16888545404876,4.0442168303435,0.574403941557717,0.429716330426824,0.252797496168488,0.566324136509443,0.429716330426824,0.566324136509443,3.16888545404876,0.2469349285209484,Not significant
chr5,136058413,136058913,501,*,5.46435266808685,4.33026849792793,6.09137665419594,-0.516317249795193,0.252975459255035,0.566324136509443,-0.516317249795193,0.566324136509443,5.46435266808685,0.2469349285209484,Not significant
chr11,777297,777797,501,*,4.60860431370248,3.73741406450645,5.14794119552294,-0.534300983273833,0.253070843093295,0.566324136509443,-0.534300983273833,0.566324136509443,4.60860431370248,0.2469349285209484,Not significant
chr16,67561869,67562369,501,*,5.52332320826712,5.06250411487868,5.8720387557096,-0.508938857857364,0.253173677222015,0.566324136509443,-0.508938857857364,0.566324136509443,5.52332320826712,0.2469349285209484,Not significant
chr13,24922978,24923478,501,*,5.04010197094472,3.8032087308397,5.69610827103615,-0.506322102363397,0.253183009526145,0.566324136509443,-0.506322102363397,0.566324136509443,5.04010197094472,0.2469349285209484,Not significant
chr7,99504585,99505085,501,*,5.33530820709157,4.15113203426001,5.97678416738516,-0.510256854537853,0.253497398533886,0.566324136509443,-0.510256854537853,0.566324136509443,5.33530820709157,0.2469349285209484,Not significant
chr14,74572084,74572584,501,*,3.97646329121031,2.51370211364472,4.6876955336239,-0.4877201459082,0.253504109718538,0.566324136509443,-0.4877201459082,0.566324136509443,3.97646329121031,0.2469349285209484,Not significant
chr17,57406493,57406993,501,*,4.86550772985544,3.63839079329026,5.51887024992795,-0.507908683724231,0.253768337033696,0.566324136509443,-0.507908683724231,0.566324136509443,4.86550772985544,0.2469349285209484,Not significant
chr16,28846104,28846604,501,*,5.41642560065179,4.84591864117546,5.82418064826042,-0.531759437988319,0.253796855898678,0.566324136509443,-0.531759437988319,0.566324136509443,5.41642560065179,0.2469349285209484,Not significant
chr17,65403278,65403778,501,*,4.75541813914217,3.52291357587033,5.41024043572609,-0.50740856845512,0.253808830887534,0.566324136509443,-0.50740856845512,0.566324136509443,4.75541813914217,0.2469349285209484,Not significant
chr5,142012313,142012813,501,*,5.04347176588761,4.35822435251548,5.50615321848993,-0.536991376485636,0.255260562575487,0.569138394830768,-0.536991376485636,0.569138394830768,5.04347176588761,0.24478211532178207,Not significant
chr14,75176250,75176750,501,*,6.20663617240307,5.80422907081159,6.5209326092997,-0.48533213404279,0.255423376451052,0.569138394830768,-0.48533213404279,0.569138394830768,6.20663617240307,0.24478211532178207,Not significant
chr12,56152103,56152603,501,*,6.40493574783986,6.06276729862033,6.68130766785984,-0.4544923435765,0.255875592743114,0.569752010931799,-0.4544923435765,0.569752010931799,6.40493574783986,0.24431413330854768,Not significant
chr2,112115320,112115820,501,*,3.66107161881486,4.38079325030345,2.15936644227887,0.481320377227704,0.256565240474816,0.570893097244377,0.481320377227704,0.570893097244377,3.66107161881486,0.24344520808247552,Not significant
chr22,46070415,46070915,501,*,5.41285644907772,4.75544929758452,5.8627962476488,-0.53469131902199,0.256742976440977,0.570894320284906,-0.53469131902199,0.570894320284906,5.41285644907772,0.2434442776820441,Not significant
chr17,57898923,57899423,501,*,5.42487749575996,4.65560656079312,5.92393104931496,-0.534110378645552,0.257365640685448,0.571884202957595,-0.534110378645552,0.571884202957595,5.42487749575996,0.24269189971683539,Not significant
chr1,3460600,3461100,501,*,4.46948436150157,4.98011750759092,3.6719326856223,0.531962241846647,0.257936677183089,0.572563845542818,0.531962241846647,0.572563845542818,4.46948436150157,0.24217607890781878,Not significant
chr20,31547310,31547810,501,*,5.0401050619962,5.44564884845984,4.47394459647864,0.525530737205207,0.258324894721697,0.572563845542818,0.525530737205207,0.572563845542818,5.0401050619962,0.24217607890781878,Not significant
chr14,50312647,50313147,501,*,5.22971012536579,4.0442168303435,5.8715574463108,-0.502595787433027,0.258818761221891,0.572563845542818,-0.502595787433027,0.572563845542818,5.22971012536579,0.24217607890781878,Not significant
chr9,72365695,72366195,501,*,4.03441929515125,2.66570520708977,4.72395441348985,-0.487246466992312,0.258824532616225,0.572563845542818,-0.487246466992312,0.572563845542818,4.03441929515125,0.24217607890781878,Not significant
chr8,80960438,80960938,501,*,4.44843069391952,3.18587858859276,5.11126875865317,-0.497848807311629,0.25900369566243,0.572563845542818,-0.497848807311629,0.572563845542818,4.44843069391952,0.24217607890781878,Not significant
chr10,124042437,124042937,501,*,3.70513888057555,2.25987917003653,4.41246395508031,-0.483872442541665,0.259126699765456,0.572563845542818,-0.483872442541665,0.572563845542818,3.70513888057555,0.24217607890781878,Not significant
chr1,42681900,42682400,501,*,6.2308723840566,5.9145779021824,6.49013878907387,-0.436380593974007,0.259334376812898,0.572563845542818,-0.436380593974007,0.572563845542818,6.2308723840566,0.24217607890781878,Not significant
chr15,64825435,64825935,501,*,5.42039479643692,4.66709068142136,5.91276759814527,-0.531505247383364,0.259536686976894,0.572563845542818,-0.531505247383364,0.572563845542818,5.42039479643692,0.24217607890781878,Not significant
chr11,116561660,116562160,501,*,5.03256627038774,5.55585052394731,4.20320071322993,0.528979344911766,0.259625214121608,0.572563845542818,0.528979344911766,0.572563845542818,5.03256627038774,0.24217607890781878,Not significant
chr19,10738070,10738570,501,*,3.17800747810478,1.52291357587033,3.92859933864226,-0.468960317284776,0.259672561696911,0.572563845542818,-0.468960317284776,0.572563845542818,3.17800747810478,0.24217607890781878,Not significant
chr11,34502067,34502567,501,*,5.1324522579353,3.92873961292356,5.77939221209565,-0.499781516888064,0.259755661209937,0.572563845542818,-0.499781516888064,0.572563845542818,5.1324522579353,0.24217607890781878,Not significant
chr19,14332744,14333244,501,*,3.9918831542981,2.63839079329026,4.6777393902608,-0.48978169039034,0.259803954743513,0.572563845542818,-0.48978169039034,0.572563845542818,3.9918831542981,0.24217607890781878,Not significant
chrX,48476209,48476709,501,*,5.24922087121058,4.58383325809761,5.70284982856769,-0.53134588358099,0.260011336283526,0.572629204036582,-0.53134588358099,0.572629204036582,5.24922087121058,0.24212650677108874,Not significant
chr13,27450087,27450587,501,*,5.98089789108685,5.63308366827439,6.2609352243147,-0.458040720943979,0.260264675494102,0.572795617788248,-0.458040720943979,0.572795617788248,5.98089789108685,0.2420003132869023,Not significant
chr1,159924549,159925049,501,*,4.55301731373101,3.85795517766398,5.02010611131717,-0.528981204101903,0.262279986755576,0.576836940154585,-0.528981204101903,0.576836940154585,4.55301731373101,0.23894693554313703,Not significant
chr9,128656681,128657181,501,*,5.51248092318923,4.86914594473537,5.95584223357778,-0.526902257105376,0.26343801558545,0.578988599056153,-0.526902257105376,0.578988599056153,5.51248092318923,0.23732998794052573,Not significant
chr22,31085060,31085560,501,*,5.58843581574392,4.95138604494255,6.02882830119726,-0.525707060513961,0.263785676374292,0.579357497803661,-0.525707060513961,0.579357497803661,5.58843581574392,0.23705336820437878,Not significant
chr11,4094567,4095067,501,*,5.18577675425156,4.27496885026493,5.73973962000819,-0.516908172536203,0.264426691197565,0.579552768088976,-0.516908172536203,0.579552768088976,5.18577675425156,0.2369070155303359,Not significant
chr2,232549878,232550378,501,*,5.59791357546376,4.47306012914737,6.22220297919088,-0.500016891203409,0.264430419510045,0.579552768088976,-0.500016891203409,0.579552768088976,5.59791357546376,0.2369070155303359,Not significant
chr7,47470833,47471333,501,*,4.52644214297794,3.61882081332816,5.07924879573739,-0.518405415174976,0.264584313886436,0.579552768088976,-0.518405415174976,0.579552768088976,4.52644214297794,0.2369070155303359,Not significant
chr5,138465005,138465505,501,*,5.29879066151361,5.88940792478631,4.28169215918792,0.509572781152914,0.264602281428385,0.579552768088976,0.509572781152914,0.579552768088976,5.29879066151361,0.2369070155303359,Not significant
chr2,219689266,219689766,501,*,5.08398197077012,4.42243971284789,5.53583704587505,-0.525963953659999,0.264773952398191,0.579552768088976,-0.525963953659999,0.579552768088976,5.08398197077012,0.2369070155303359,Not significant
chr1,225924224,225924724,501,*,5.3754145219038,4.7503865618169,5.81007508072951,-0.523696500121194,0.265249435327029,0.580011264670632,-0.523696500121194,0.580011264670632,5.3754145219038,0.2365635717184611,Not significant
chr7,74479395,74479895,501,*,5.09078243789992,5.72831118983577,3.92051147350899,0.495976863810233,0.26534345255261,0.580011264670632,0.495976863810233,0.580011264670632,5.09078243789992,0.2365635717184611,Not significant
chr17,64712458,64712958,501,*,4.45363340081396,3.32149701298869,5.08008224660979,-0.496489775431061,0.266248005691538,0.581593948703822,-0.496489775431061,0.581593948703822,4.45363340081396,0.2353801208185688,Not significant
chr7,5424826,5425326,501,*,3.79526376429217,4.36997836871956,2.82557779746484,0.510154626110129,0.267140795172057,0.58314880897315,0.510154626110129,0.58314880897315,3.79526376429217,0.23422060704306427,Not significant
chr14,105398126,105398626,501,*,5.94048008119618,5.54448256023158,6.25086239528251,-0.473911394214594,0.267915315607458,0.583782049588085,-0.473911394214594,0.583782049588085,5.94048008119618,0.2337492630388152,Not significant
chr17,8162765,8163265,501,*,5.25220808332374,4.5982556549583,5.70054156789989,-0.521769972180375,0.268113092379893,0.583782049588085,-0.521769972180375,0.583782049588085,5.25220808332374,0.2337492630388152,Not significant
chr20,62301850,62302350,501,*,5.16128944723169,4.13844271185664,5.75378782669943,-0.503173088168526,0.268173911386702,0.583782049588085,-0.503173088168526,0.583782049588085,5.16128944723169,0.2337492630388152,Not significant
chr9,92097830,92098330,501,*,6.15342134556681,5.83176849170727,6.41627222820485,-0.438358941878062,0.268209323723834,0.583782049588085,-0.438358941878062,0.583782049588085,6.15342134556681,0.2337492630388152,Not significant
chr17,28744190,28744690,501,*,5.48772799669204,4.71981822450466,5.9862160974619,-0.520356614027219,0.268336814227174,0.583782049588085,-0.520356614027219,0.583782049588085,5.48772799669204,0.2337492630388152,Not significant
chr20,2664134,2664634,501,*,5.59344875108828,4.98067475188475,6.02219349900636,-0.519157222975259,0.268762364757479,0.584248318862519,-0.519157222975259,0.584248318862519,5.59344875108828,0.23340252858876367,Not significant
chr22,11369631,11370131,501,*,2.33131313187983,0.0,3.23736895428015,-0.391815703199746,0.268963739083949,0.584248318862519,-0.391815703199746,0.584248318862519,2.33131313187983,0.23340252858876367,Not significant
chr21,7962267,7962767,501,*,1.74530599720678,2.74530599720678,0.0,0.351882552157883,0.269436981991012,0.584248318862519,0.351882552157883,0.584248318862519,1.74530599720678,0.23340252858876367,Not significant
KI270512.1,6840,7340,501,*,1.74530599720678,2.74530599720678,0.0,0.351882552157883,0.269436981991012,0.584248318862519,0.351882552157883,0.584248318862519,1.74530599720678,0.23340252858876367,Not significant
chr16,87317185,87317685,501,*,5.50109639197263,4.91625670298747,5.9160724814628,-0.517467315986941,0.269457790760305,0.584248318862519,-0.517467315986941,0.584248318862519,5.50109639197263,0.23340252858876367,Not significant
chr18,9474663,9475163,501,*,5.28960330219351,4.6130817083257,5.74832968279555,-0.520614110522087,0.269670249720098,0.584315766374012,-0.520614110522087,0.584315766374012,5.28960330219351,0.2333523951258889,Not significant
chr20,35092615,35093115,501,*,5.22352442458468,4.49469514216696,5.70545016504232,-0.519755430822281,0.269861115195908,0.584336366371784,-0.519755430822281,0.584336366371784,5.22352442458468,0.2333370843843776,Not significant
chr10,132447572,132448072,501,*,5.3392767247839,5.77197472012109,4.71833112922294,0.51787358207941,0.270672575723867,0.5847422367813,0.51787358207941,0.5847422367813,5.3392767247839,0.23303553530833276,Not significant
chr6,8827368,8827868,501,*,1.89633203644508,0.0,2.89633203644508,-0.353297592926367,0.270774493258131,0.5847422367813,-0.353297592926367,0.5847422367813,1.89633203644508,0.23303553530833276,Not significant
chr9,14127,14627,501,*,1.89633203644508,0.0,2.89633203644508,-0.353297592926367,0.270774493258131,0.5847422367813,-0.353297592926367,0.5847422367813,1.89633203644508,0.23303553530833276,Not significant
chr9,105580107,105580607,501,*,1.89633203644508,0.0,2.89633203644508,-0.353297592926367,0.270774493258131,0.5847422367813,-0.353297592926367,0.5847422367813,1.89633203644508,0.23303553530833276,Not significant
chr6,42984255,42984755,501,*,4.49532493065211,5.15508700770912,3.24439723915089,0.480835214574096,0.271541865576648,0.585727810208112,0.480835214574096,0.585727810208112,4.49532493065211,0.232304155290474,Not significant
chr8,142739048,142739548,501,*,5.81376066164153,5.14591467982088,6.26852006373765,-0.518138353623539,0.271737534647034,0.585727810208112,-0.518138353623539,0.585727810208112,5.81376066164153,0.232304155290474,Not significant
chr10,70145715,70146215,501,*,5.1673007801992,4.53549924425078,5.60519961116361,-0.517625071559154,0.271776249615496,0.585727810208112,-0.517625071559154,0.585727810208112,5.1673007801992,0.232304155290474,Not significant
chr12,56687937,56688437,501,*,6.3559545626984,5.90418191276525,6.69948298761928,-0.493048740508578,0.272635539531756,0.58690668838662,-0.493048740508578,0.58690668838662,6.3559545626984,0.23143094123979052,Not significant
chr1,1746246,1746746,501,*,4.32888864591933,3.29886742927974,4.92372098002429,-0.496394592810923,0.272687558198253,0.58690668838662,-0.496394592810923,0.58690668838662,4.32888864591933,0.23143094123979052,Not significant
chr19,1248853,1249353,501,*,5.03762583527652,4.52807692307976,5.4134248225215,-0.504290031768839,0.273197579375314,0.587516477939907,-0.504290031768839,0.587516477939907,5.03762583527652,0.23097994832768387,Not significant
chr17,44218185,44218685,501,*,5.0154878469193,4.49859132776689,5.39524895477324,-0.504778144120016,0.273385676594755,0.587516477939907,-0.504778144120016,0.587516477939907,5.0154878469193,0.23097994832768387,Not significant
chr10,12042993,12043493,501,*,6.00133570903111,5.53663659128703,6.35226039942625,-0.494872371505449,0.273798493046702,0.587516477939907,-0.494872371505449,0.587516477939907,6.00133570903111,0.23097994832768387,Not significant
chr11,68121546,68122046,501,*,5.83783850323939,5.28831869007289,6.23482269885134,-0.509522516904584,0.274105466473813,0.587516477939907,-0.509522516904584,0.587516477939907,5.83783850323939,0.23097994832768387,Not significant
chr11,69075907,69076407,501,*,4.41892832540251,3.65211264188812,4.91696137320229,-0.513639084649485,0.274106168696875,0.587516477939907,-0.513639084649485,0.587516477939907,4.41892832540251,0.23097994832768387,Not significant
chr19,36139613,36140113,501,*,5.83062159212174,5.28346698612183,6.22637697960019,-0.508828266761011,0.274237987214229,0.587516477939907,-0.508828266761011,0.587516477939907,5.83062159212174,0.23097994832768387,Not significant
chr17,45172518,45173018,501,*,5.61683539503097,5.12765488115546,5.9814866435133,-0.500469169413952,0.274446290172644,0.587516477939907,-0.500469169413952,0.587516477939907,5.61683539503097,0.23097994832768387,Not significant
chr7,5592811,5593311,501,*,5.08794727625709,5.57877766259107,4.33829410958305,0.514031988355747,0.274469081564823,0.587516477939907,0.514031988355747,0.587516477939907,5.08794727625709,0.23097994832768387,Not significant
chr10,70578362,70578862,501,*,5.73396148354822,5.29673877992765,6.06903877152213,-0.485689122566171,0.274611985033365,0.587516477939907,-0.485689122566171,0.587516477939907,5.73396148354822,0.23097994832768387,Not significant
chr5,181261103,181261603,501,*,4.98475188005858,4.2937103336628,5.45004046547841,-0.514301403867357,0.275325510417384,0.587981040101729,-0.514301403867357,0.587981040101729,4.98475188005858,0.23063667785575573,Not significant
chrX,123803600,123804100,501,*,4.79617754042021,3.5818072649239,5.44605861503137,-0.479165364171899,0.275334863156178,0.587981040101729,-0.479165364171899,0.587981040101729,4.79617754042021,0.23063667785575573,Not significant
GL000194.1,15846,16346,501,*,2.81670398508116,3.57739310243755,1.10689371540095,0.443136393859105,0.275376595131443,0.587981040101729,0.443136393859105,0.587981040101729,2.81670398508116,0.23063667785575573,Not significant
chr12,14260657,14261157,501,*,5.69273097196153,4.55323047783136,6.32134901313136,-0.483346406860743,0.275901919278513,0.588712572129383,-0.483346406860743,0.588712572129383,5.69273097196153,0.2300966896029552,Not significant
chr5,132963699,132964199,501,*,5.47332454687737,4.86914594473537,5.89787495997863,-0.511762713776653,0.276271616933204,0.588736765004475,-0.511762713776653,0.588736765004475,5.47332454687737,0.2300788428356694,Not significant
chr17,81665754,81666254,501,*,5.61443327361145,5.95074911576021,5.17509266905705,0.484461995623759,0.276307818671511,0.588736765004475,0.484461995623759,0.588736765004475,5.61443327361145,0.2300788428356694,Not significant
GL877875.1,31050,31550,501,*,3.68039303824996,2.77326185179432,4.23302153891284,-0.501596628220299,0.276596789213705,0.588736765004475,-0.501596628220299,0.588736765004475,3.68039303824996,0.2300788428356694,Not significant
chr22,46054432,46054932,501,*,4.50872491963327,3.85552672585022,4.95670696376268,-0.512374772432188,0.27695497330145,0.588736765004475,-0.512374772432188,0.588736765004475,4.50872491963327,0.2300788428356694,Not significant
chr7,5529698,5530198,501,*,6.25697342408306,5.89378147297914,6.54687563830535,-0.457520406452323,0.276975781522695,0.588736765004475,-0.457520406452323,0.588736765004475,6.25697342408306,0.2300788428356694,Not significant
chr10,130110644,130111144,501,*,5.4946876763213,4.96074826857361,5.88352058529979,-0.505176314284131,0.277009601411168,0.588736765004475,-0.505176314284131,0.588736765004475,5.4946876763213,0.2300788428356694,Not significant
chr5,173499068,173499568,501,*,5.15344109698717,3.98763330197713,5.78969251154884,-0.479067637745112,0.277284029039431,0.588931536957841,-0.479067637745112,0.588931536957841,5.15344109698717,0.2299351888284984,Not significant
chr13,40921739,40922239,501,*,5.1143070222366,5.7716527576942,3.87242846176393,0.473403336928395,0.27756156252216,0.589132644562846,0.473403336928395,0.589132644562846,5.1143070222366,0.22978691180702382,Not significant
chr16,29074889,29075389,501,*,4.58213841686679,3.97788637554928,5.00672482420987,-0.509440893818321,0.278161300360451,0.589689708352226,-0.509440893818321,0.589689708352226,4.58213841686679,0.22937645174541021,Not significant
chr6,3165976,3166476,501,*,5.43337165954651,4.8057267862681,5.86928596200412,-0.510381348189722,0.278372380501763,0.589689708352226,-0.510381348189722,0.589689708352226,5.43337165954651,0.22937645174541021,Not significant
chr1,206803440,206803940,501,*,5.08799903227565,5.55032039507953,4.4035492417439,0.510817410178777,0.27847434550721,0.589689708352226,0.510817410178777,0.589689708352226,5.08799903227565,0.22937645174541021,Not significant
chr2,27735130,27735630,501,*,5.80991416662255,5.24115521366737,6.2167811310783,-0.506956875968935,0.278556094386123,0.589689708352226,-0.506956875968935,0.589689708352226,5.80991416662255,0.22937645174541021,Not significant
chr2,20223448,20223948,501,*,5.14091782731898,5.50354763273597,4.6553834870593,0.494844132229211,0.278855191039102,0.589935276118179,0.494844132229211,0.589935276118179,5.14091782731898,0.22919563372505408,Not significant
chr19,48363786,48364286,501,*,5.99068569555171,5.43805668011315,6.38928058325159,-0.504681490910108,0.279733687898245,0.591405474021093,-0.504681490910108,0.591405474021093,5.99068569555171,0.22811465998211589,Not significant
chr19,49850637,49851137,501,*,4.78675186663613,3.94454710577421,5.31503262830594,-0.501706540771445,0.279975427532212,0.591528411481173,-0.501706540771445,0.591528411481173,4.78675186663613,0.22802439109832026,Not significant
chr20,9977778,9978278,501,*,5.60399218086414,5.18152259496407,5.93036121930138,-0.476504714133857,0.280788973919733,0.592139266774897,-0.476504714133857,0.592139266774897,5.60399218086414,0.22757613841434376,Not significant
chr1,24011723,24012223,501,*,4.81218206052487,3.89895569005934,5.36702012048501,-0.495231412580868,0.280944534879886,0.592139266774897,-0.495231412580868,0.592139266774897,4.81218206052487,0.22757613841434376,Not significant
chr10,114257341,114257841,501,*,3.70356862443499,2.25987917003653,4.410540298186,-0.453816908864072,0.281140286438886,0.592139266774897,-0.453816908864072,0.592139266774897,3.70356862443499,0.22757613841434376,Not significant
chr17,63827025,63827525,501,*,5.47390174131733,4.98665712571798,5.83748071435853,-0.492122496465486,0.281158630334406,0.592139266774897,-0.492122496465486,0.592139266774897,5.47390174131733,0.22757613841434376,Not significant
chr19,46068532,46069032,501,*,4.74079098640905,3.96131304325396,5.24406077278847,-0.503946202960618,0.281494559371229,0.592139266774897,-0.503946202960618,0.592139266774897,4.74079098640905,0.22757613841434376,Not significant
chr4,24584404,24584904,501,*,4.93293246110763,5.32676630095142,4.38946466817206,0.501786343731809,0.281512523250883,0.592139266774897,0.501786343731809,0.592139266774897,4.93293246110763,0.22757613841434376,Not significant
chr9,113410744,113411244,501,*,5.92295869165291,6.27678502240536,5.45313829735361,0.488556251595565,0.281551010769442,0.592139266774897,0.488556251595565,0.592139266774897,5.92295869165291,0.22757613841434376,Not significant
chr4,98688579,98689079,501,*,5.21330504861756,5.84293052702568,4.07036783937584,0.475413711798841,0.282272178084531,0.593268726541656,0.475413711798841,0.593268726541656,5.21330504861756,0.22674854437847267,Not significant
chr12,57751838,57752338,501,*,6.58522374906099,6.14043902355904,6.92471014729791,-0.483201023734445,0.28264673139328,0.593668688754334,-0.483201023734445,0.593668688754334,6.58522374906099,0.22645585600877108,Not significant
chr12,53098111,53098611,501,*,5.63840108228513,5.04274463521977,6.058755975142,-0.50399266649024,0.283000578911344,0.594024667916841,-0.50399266649024,0.594024667916841,5.63840108228513,0.22619551980378952,Not significant
chr17,79797844,79798344,501,*,5.79016805309823,5.39686506615054,6.09889651500979,-0.466883311906449,0.283215089843684,0.594087903304916,-0.466883311906449,0.594087903304916,5.79016805309823,0.2261492905477525,Not significant
chr12,54280127,54280627,501,*,7.07296451723357,6.71672412466267,7.3584286444552,-0.450574272150282,0.28359922308421,0.594506634207759,-0.450574272150282,0.594506634207759,7.07296451723357,0.22584329464706332,Not significant
chr1,1115914,1116414,501,*,5.69696949781858,5.24115521366737,6.0428216734515,-0.485142165072082,0.284572500038108,0.595792367059861,-0.485142165072082,0.595792367059861,5.69696949781858,0.22490506500989346,Not significant
chr1,44631506,44632006,501,*,5.39420029765866,4.29797342258928,6.0098631243684,-0.475465418830476,0.284582387617978,0.595792367059861,-0.475465418830476,0.595792367059861,5.39420029765866,0.22490506500989346,Not significant
chr2,111883730,111884230,501,*,5.50300331642605,5.02216952368702,5.86301537741589,-0.48767083492746,0.285180393228689,0.596375431238695,-0.48767083492746,0.596375431238695,5.50300331642605,0.22448025639484034,Not significant
chr15,43370981,43371481,501,*,5.55501778895223,4.9468303561974,5.98152903681431,-0.502575793170778,0.285231079931356,0.596375431238695,-0.502575793170778,0.596375431238695,5.55501778895223,0.22448025639484034,Not significant
chr19,46821454,46821954,501,*,5.10406869185599,3.92873961292356,5.7430389238443,-0.467156027710421,0.285722025127964,0.597014503866601,-0.467156027710421,0.597014503866601,5.10406869185599,0.22401511799505777,Not significant
chr19,8321212,8321712,501,*,6.09622872724041,5.39968473844942,6.56397919283272,-0.501934886456735,0.28615532408145,0.597449653090995,-0.501934886456735,0.597449653090995,6.09622872724041,0.22369868670790957,Not significant
chr20,46364065,46364565,501,*,5.04920371520153,4.49936930381761,5.44635112512692,-0.496978003327011,0.286402862768481,0.597449653090995,-0.496978003327011,0.597449653090995,5.04920371520153,0.22369868670790957,Not significant
chr17,47648890,47649390,501,*,5.85102442169999,5.36283144489548,6.21512896225838,-0.489906254181117,0.286498650411685,0.597449653090995,-0.489906254181117,0.597449653090995,5.85102442169999,0.22369868670790957,Not significant
chr11,133945022,133945522,501,*,4.88532860650087,5.3745481375381,4.13947440162636,0.500091478096695,0.286671993692948,0.597449653090995,0.500091478096695,0.597449653090995,4.88532860650087,0.22369868670790957,Not significant
chr20,50645464,50645964,501,*,5.26682191879029,4.63627028545496,5.70412489267444,-0.501116536804148,0.287076623260194,0.597684662206512,-0.501116536804148,0.597684662206512,5.26682191879029,0.223527888895354,Not significant
chr5,139198239,139198739,501,*,5.50787753947415,4.43123995345275,6.11750716073679,-0.473881213693794,0.287155759495866,0.597684662206512,-0.473881213693794,0.597684662206512,5.50787753947415,0.223527888895354,Not significant
chr16,30875349,30875849,501,*,4.66486169905694,3.52291357587033,5.29419755515495,-0.469403716844143,0.28741330372259,0.597834515554671,-0.469403716844143,0.597834515554671,4.66486169905694,0.22341901488688692,Not significant
chr7,102603980,102604480,501,*,1.79679636289417,0.0,2.79679636289417,-0.335690589504871,0.288203827907487,0.599092086140597,-0.335690589504871,0.599092086140597,1.79679636289417,0.22250641729524642,Not significant
chr12,14257673,14258173,501,*,4.68610523261027,3.91509107772305,5.18588185105513,-0.49594442657413,0.288440901699544,0.599198314168878,-0.49594442657413,0.599198314168878,4.68610523261027,0.22242941718473086,Not significant
chr12,52304694,52305194,501,*,4.16621291746941,2.93795107514917,4.81988622960684,-0.460582315642494,0.288800624684776,0.599559028823677,-0.460582315642494,0.599559028823677,4.16621291746941,0.22216805254781793,Not significant
chr7,726210,726710,501,*,6.45382439339681,6.14902157539415,6.70532796013435,-0.41660765274583,0.289305608806986,0.600220651369033,-0.41660765274583,0.600220651369033,6.45382439339681,0.2216890661898702,Not significant
chr16,69406907,69407407,501,*,5.37686480221009,4.86567473688179,5.7535514608438,-0.48947300375246,0.289629149557042,0.600301128327164,-0.48947300375246,0.600301128327164,5.37686480221009,0.2216308403426093,Not significant
chr16,87778946,87779446,501,*,5.30833222049266,4.84714149153579,5.6572597676214,-0.481867366262176,0.289820657881792,0.600301128327164,-0.481867366262176,0.600301128327164,5.30833222049266,0.2216308403426093,Not significant
chr19,40798947,40799447,501,*,5.06743036489358,3.92873961292356,5.69581058642424,-0.464534106424142,0.290085453776894,0.600301128327164,-0.464534106424142,0.600301128327164,5.06743036489358,0.2216308403426093,Not significant
chr15,69781473,69781973,501,*,4.6448301905558,3.86854390398491,5.14678611771307,-0.493310142658567,0.290432572451366,0.600301128327164,-0.493310142658567,0.600301128327164,4.6448301905558,0.2216308403426093,Not significant
chr17,50478432,50478932,501,*,4.47262701046719,3.72048562563928,4.96450919619027,-0.494562170724242,0.290517840021576,0.600301128327164,-0.494562170724242,0.600301128327164,4.47262701046719,0.2216308403426093,Not significant
chr5,139683351,139683851,501,*,5.0969516920015,4.40051790489329,5.56465298482535,-0.496914600340671,0.290541281448338,0.600301128327164,-0.496914600340671,0.600301128327164,5.0969516920015,0.2216308403426093,Not significant
chr19,40420922,40421422,501,*,6.53572850013992,6.19191647482437,6.81316992379739,-0.441093981803681,0.290830489168506,0.600301128327164,-0.441093981803681,0.600301128327164,6.53572850013992,0.2216308403426093,Not significant
chr22,49827952,49828452,501,*,5.12310637318244,4.60460355393617,5.50372953476546,-0.490631780634384,0.290834904195749,0.600301128327164,-0.490631780634384,0.600301128327164,5.12310637318244,0.2216308403426093,Not significant
chr7,5562537,5563037,501,*,5.28635995157361,4.22335329401142,5.89172767510147,-0.470548604132442,0.291615060411761,0.600993847870281,-0.470548604132442,0.600993847870281,5.28635995157361,0.2211299736705785,Not significant
chr13,37000480,37000980,501,*,5.00650135081884,4.37910347720431,5.44229746126726,-0.496486723059156,0.291688282886169,0.600993847870281,-0.496486723059156,0.600993847870281,5.00650135081884,0.2211299736705785,Not significant
chr14,77033026,77033526,501,*,5.42750877082587,4.77133072339977,5.87687772868757,-0.496443126536741,0.291730098717914,0.600993847870281,-0.496443126536741,0.600993847870281,5.42750877082587,0.2211299736705785,Not significant
chr14,49586150,49586650,501,*,5.13507950124383,5.5299817720625,4.58956351261259,0.491837061992363,0.292245153065203,0.601265332473038,0.491837061992363,0.601265332473038,5.13507950124383,0.22093383581805748,Not significant
GL000225.1,27935,28435,501,*,3.37270754297011,1.93795107514917,4.07765977030044,-0.440408252587967,0.29229496623329,0.601265332473038,-0.440408252587967,0.601265332473038,3.37270754297011,0.22093383581805748,Not significant
chr17,38853279,38853779,501,*,5.79658746987174,5.37252835049374,6.12390158120767,-0.46800152524521,0.292446763334684,0.601265332473038,-0.46800152524521,0.601265332473038,5.79658746987174,0.22093383581805748,Not significant
chr6,110958543,110959043,501,*,5.51516653240439,4.99316723400857,5.89766106193634,-0.488370144666234,0.292608330638648,0.601265332473038,-0.488370144666234,0.601265332473038,5.51516653240439,0.22093383581805748,Not significant
chr3,141311313,141311813,501,*,5.37312805639334,4.80509768431968,5.77962438232519,-0.493240860640926,0.292953516914536,0.601355409564193,-0.493240860640926,0.601355409564193,5.37312805639334,0.22086877792849977,Not significant
chr19,4369724,4370224,501,*,5.05727623142936,4.55771907654691,5.42763710049487,-0.485379060215074,0.293025447863371,0.601355409564193,-0.485379060215074,0.601355409564193,5.05727623142936,0.22086877792849977,Not significant
chr19,2523794,2524294,501,*,4.25857511354108,3.3957122511636,4.79476696349271,-0.484739775341529,0.293837908935142,0.602638919534709,-0.484739775341529,0.602638919534709,4.25857511354108,0.21994282421700612,Not significant
chr8,142726508,142727008,501,*,4.91793257146234,4.39152766308457,5.30277516464788,-0.487607458765624,0.295220218388792,0.605088768224356,-0.487607458765624,0.605088768224356,4.91793257146234,0.2181809084515684,Not significant
chr6,1200707,1201207,501,*,5.31162727740362,4.83932185412674,5.666855789035,-0.479565828518513,0.295445219075021,0.605164968760151,-0.479565828518513,0.605164968760151,5.31162727740362,0.21812621996559842,Not significant
chr17,49192577,49193077,501,*,4.6315420754326,5.17763952827403,3.74222432580738,0.479865195178516,0.295965232421903,0.605844967511672,0.479865195178516,0.605844967511672,4.6315420754326,0.2176384952530602,Not significant
chr19,13056072,13056572,501,*,4.39342669370355,3.77454783614864,4.82512798039947,-0.49123856631817,0.296563782784862,0.606214386732758,-0.49123856631817,0.606214386732758,4.39342669370355,0.21737376113152942,Not significant
chr8,127809579,127810079,501,*,5.93224447341217,5.18334403532912,6.42275616351825,-0.487895318492942,0.296641501359052,0.606214386732758,-0.487895318492942,0.606214386732758,5.93224447341217,0.21737376113152942,Not significant
chr2,32165467,32165967,501,*,5.52617496954067,4.83686180695976,5.99068743809349,-0.490375900106958,0.296710145213395,0.606214386732758,-0.490375900106958,0.606214386732758,5.52617496954067,0.21737376113152942,Not significant
chr12,53984404,53984904,501,*,3.52242921249648,1.93795107514917,4.25929791447073,-0.423124704843327,0.29739282137951,0.607224125782498,-0.423124704843327,0.607224125782498,3.52242921249648,0.2166509817007485,Not significant
chr1,206202943,206203443,501,*,1.69185621612211,0.0,2.69185621612211,-0.327512823023002,0.298081914446336,0.608245679763201,-0.327512823023002,0.608245679763201,1.69185621612211,0.2159209670854557,Not significant
chr1,8197819,8198319,501,*,4.58909743745758,3.46151303120619,5.21419824630561,-0.456581256980193,0.298420517088223,0.608495000803001,-0.456581256980193,0.608495000803001,4.58909743745758,0.21574298544145804,Not significant
chr17,39451377,39451877,501,*,5.75396203442805,5.38079325030345,6.05017296599363,-0.44952443084573,0.298581811380988,0.608495000803001,-0.44952443084573,0.608495000803001,5.75396203442805,0.21574298544145804,Not significant
chr19,48963606,48964106,501,*,5.85817608866288,5.49820218236305,6.14602815991961,-0.441317448187448,0.299288706094178,0.609516908600777,-0.441317448187448,0.609516908600777,5.85817608866288,0.21501424212081197,Not significant
chr16,3580825,3581325,501,*,5.05770183062214,4.33355283498964,5.53760078199708,-0.485810977907921,0.299461597242405,0.609516908600777,-0.485810977907921,0.609516908600777,5.05770183062214,0.21501424212081197,Not significant
chrX,48574425,48574925,501,*,6.11283360771662,5.67727455021055,6.44693596745663,-0.468720629553468,0.299747550826516,0.609713768158482,-0.468720629553468,0.609713768158482,6.11283360771662,0.2148739979127325,Not significant
chr4,185305846,185306346,501,*,5.56330980239901,5.13506265005798,5.89310601990309,-0.466169450446812,0.299980310193029,0.609802245704695,-0.466169450446812,0.609802245704695,5.56330980239901,0.2148109806014004,Not significant
chr2,207624976,207625476,501,*,5.35839198260017,4.71797458934281,5.80037753628552,-0.487481561585253,0.300309223549172,0.610085950993337,-0.487481561585253,0.610085950993337,5.35839198260017,0.21460897578833824,Not significant
chr17,16285893,16286393,501,*,6.01006484478607,5.63237457424861,6.30911154363709,-0.449642486383484,0.300683950077119,0.610370721086857,-0.449642486383484,0.610370721086857,6.01006484478607,0.2144063072540093,Not significant
chr5,96875987,96876487,501,*,4.35347905476118,3.18587858859276,4.99024413393012,-0.450249545949519,0.30082827594225,0.610370721086857,-0.450249545949519,0.610370721086857,4.35347905476118,0.2144063072540093,Not significant
chr11,62679208,62679708,501,*,5.19469846638812,4.09866461436588,5.81030236574389,-0.454201169867192,0.301242078533599,0.610540708958594,-0.454201169867192,0.610540708958594,5.19469846638812,0.21428537334619888,Not significant
chr2,127885511,127886011,501,*,2.4612828613413,3.34377711220241,0.0,0.367084074593484,0.301291038871559,0.610540708958594,0.367084074593484,0.610540708958594,2.4612828613413,0.21428537334619888,Not significant
chr9,35664638,35665138,501,*,6.60678489880818,6.30700419604933,6.85486320715025,-0.410192902874753,0.301911594627449,0.611413675606311,-0.410192902874753,0.611413675606311,6.60678489880818,0.213664851553772,Not significant
chr2,239401275,239401775,501,*,5.28170897898987,4.7726184295005,5.6572597676214,-0.479665639339905,0.302200820839154,0.611614977854116,-0.479665639339905,0.611614977854116,5.28170897898987,0.21352188768132543,Not significant
chr15,100713288,100713788,501,*,5.84665423350357,5.51263901232721,6.11769082771883,-0.429133704313988,0.302476899646476,0.611789435443154,-0.429133704313988,0.611789435443154,5.84665423350357,0.21339802680926154,Not significant
chr6,85678997,85679497,501,*,6.02389422794496,5.71923065380388,6.27530309547114,-0.4107498259495,0.30314787236411,0.612761885042134,-0.4107498259495,0.612761885042134,6.02389422794496,0.21270825648035813,Not significant
chr11,10857726,10858226,501,*,5.3348399726954,4.7827255440349,5.73316864741989,-0.481483803078083,0.303729802396439,0.613455988650153,-0.481483803078083,0.613455988650153,5.3348399726954,0.21221658953356992,Not significant
chr2,174487162,174487662,501,*,5.50188809983943,4.975092599527,5.88693833750826,-0.479993560273762,0.303872053968232,0.613455988650153,-0.479993560273762,0.613455988650153,5.50188809983943,0.21221658953356992,Not significant
chr19,35903763,35904263,501,*,5.27769245511874,5.75096158209169,4.56870262825557,0.481272618467823,0.304469636952733,0.613939493580586,0.481272618467823,0.613939493580586,5.27769245511874,0.21187442836846596,Not significant
chr7,2241830,2242330,501,*,5.96891974157488,5.50044222484916,6.32198677744955,-0.471938601611878,0.304492647654182,0.613939493580586,-0.471938601611878,0.613939493580586,5.96891974157488,0.21187442836846596,Not significant
chr7,636131,636631,501,*,3.58900575741408,2.59898171425524,4.17062755078389,-0.46130019056986,0.304688715686691,0.613950620351794,-0.46130019056986,0.613950620351794,3.58900575741408,0.21186655747630326,Not significant
chr2,47782983,47783483,501,*,5.20086340665846,4.69607250117097,5.57408005197254,-0.476053078338908,0.305195357461288,0.6142832742742,-0.476053078338908,0.6142832742742,5.20086340665846,0.21163130950431847,Not significant
chr17,5191529,5192029,501,*,5.54228004294025,4.51370211364472,6.13664409135956,-0.455323891899818,0.305235109283983,0.6142832742742,-0.455323891899818,0.6142832742742,5.54228004294025,0.21163130950431847,Not significant
chr12,120230564,120231064,501,*,5.37456025668479,4.87800297297066,5.74327701818311,-0.474737154161682,0.305849320555093,0.615135150329907,-0.474737154161682,0.615135150329907,5.37456025668479,0.21102945561622846,Not significant
chr19,47743271,47743771,501,*,4.82938702012646,4.17056494505581,5.27998307971152,-0.481257118629291,0.306088854620954,0.615232869362891,-0.481257118629291,0.615232869362891,4.82938702012646,0.21096047001807916,Not significant
chr17,48944806,48945306,501,*,5.45682795222596,4.96356993363391,5.82373039529967,-0.472800510045024,0.306460528634684,0.615461806544891,-0.472800510045024,0.615461806544891,5.45682795222596,0.21079889272691454,Not significant
chr3,197002802,197003302,501,*,5.20790265642519,4.49469514216696,5.68302644689713,-0.478428086317135,0.306584791900853,0.615461806544891,-0.478428086317135,0.615461806544891,5.20790265642519,0.21079889272691454,Not significant
chr2,113583242,113583742,501,*,4.29378309842118,3.53625757522469,4.78793241391091,-0.474531045872194,0.307666277993415,0.617248286235856,-0.474531045872194,0.617248286235856,4.29378309842118,0.20954010719488672,Not significant
chr17,75896730,75897230,501,*,4.96053158623502,4.3111130387402,5.40674841557002,-0.478134711295873,0.308951818087095,0.618881627414122,-0.478134711295873,0.618881627414122,4.96053158623502,0.2083924099087386,Not significant
chr1,6235934,6236434,501,*,4.69758891419727,4.15607405931542,5.09040186112165,-0.475607902304104,0.309176596538562,0.618881627414122,-0.475607902304104,0.618881627414122,4.69758891419727,0.2083924099087386,Not significant
chr12,27448921,27449421,501,*,5.15023199642046,4.10787607659148,5.74904123436438,-0.450329875520033,0.309276719552911,0.618881627414122,-0.450329875520033,0.618881627414122,5.15023199642046,0.2083924099087386,Not significant
chr5,139710000,139710500,501,*,5.19839066710329,4.66847482650625,5.5850966374861,-0.475129617092533,0.309315009734468,0.618881627414122,-0.475129617092533,0.618881627414122,5.19839066710329,0.2083924099087386,Not significant
chr8,38029923,38030423,501,*,4.02274155833027,2.8032087308397,4.67403738096153,-0.432804988043318,0.309440813707061,0.618881627414122,-0.432804988043318,0.618881627414122,4.02274155833027,0.2083924099087386,Not significant
chr17,21042236,21042736,501,*,4.12646083839884,2.92873961292356,4.77173515472435,-0.433946065861044,0.310043961102193,0.619703252277461,-0.433946065861044,0.619703252277461,4.12646083839884,0.20781622461448354,Not significant
chr7,100429189,100429689,501,*,7.16953724564225,6.88181465010013,7.40930895962865,-0.398944770226847,0.31055681725688,0.619942724102078,-0.398944770226847,0.619942724102078,7.16953724564225,0.20764843268795324,Not significant
chr16,82699671,82700171,501,*,4.46864549656999,3.69147762187469,4.97096474356499,-0.471095248349057,0.310678676985027,0.619942724102078,-0.471095248349057,0.619942724102078,4.46864549656999,0.20764843268795324,Not significant
KZ208915.1,5631938,5632438,501,*,3.52012703609604,2.43937076191879,4.13103406597301,-0.445700854226913,0.310855128437322,0.619942724102078,-0.445700854226913,0.619942724102078,3.52012703609604,0.20764843268795324,Not significant
chr17,40486085,40486585,501,*,4.97970545359221,4.3111130387402,5.43480753590417,-0.475464667479707,0.310933408488193,0.619942724102078,-0.475464667479707,0.619942724102078,4.97970545359221,0.20764843268795324,Not significant
chr11,68328495,68328995,501,*,4.99557505418665,4.35822435251548,5.43611011929131,-0.476151789896878,0.311187794508116,0.620066217628418,-0.476151789896878,0.620066217628418,4.99557505418665,0.20756192918719185,Not significant
chr10,100998105,100998605,501,*,4.22068551936855,3.0442168303435,4.85997962641727,-0.433656244426596,0.311789928934098,0.620882046369384,-0.433656244426596,0.620882046369384,4.22068551936855,0.2069908981753378,Not significant
chr17,32834870,32835370,501,*,5.14642154804087,4.43449777777787,5.62098165785279,-0.471502615631602,0.313149197377159,0.622924111465692,-0.471502615631602,0.622924111465692,5.14642154804087,0.20556485860436471,Not significant
chr10,21294306,21294806,501,*,4.71436334897864,3.7706864390799,5.28005201900909,-0.453022457486758,0.313202067217387,0.622924111465692,-0.453022457486758,0.622924111465692,4.71436334897864,0.20556485860436471,Not significant
chr10,101060867,101061367,501,*,6.02600047467858,5.6873870354815,6.30005219163688,-0.425198798787903,0.313517997271506,0.623167789764831,-0.425198798787903,0.623167789764831,6.02600047467858,0.20539500252565956,Not significant
chr19,43739575,43740075,501,*,6.03721395857413,6.39644748696681,5.55777354626901,0.464401900260475,0.313983066056225,0.623612500060116,0.464401900260475,0.623612500060116,6.03721395857413,0.20508518813886722,Not significant
chr1,26865162,26865662,501,*,5.73560615764139,5.33573243485211,6.04835888862848,-0.448481772498115,0.314128829173671,0.623612500060116,-0.448481772498115,0.623612500060116,5.73560615764139,0.20508518813886722,Not significant
chr17,4967527,4968027,501,*,5.97996773029395,5.61837685025199,6.26885087441917,-0.435067521033481,0.31498605482652,0.624929229464931,-0.435067521033481,0.624929229464931,5.97996773029395,0.20416916184490622,Not significant
chr17,8210156,8210656,501,*,5.65355786525198,4.66570520708977,6.23444841646889,-0.446755001725333,0.315304528870538,0.625176118166691,-0.446755001725333,0.625176118166691,5.65355786525198,0.20399762045854897,Not significant
chr17,6443746,6444246,501,*,5.19574309595822,4.15113203426001,5.79527458103396,-0.440197555867577,0.316343055386142,0.626849523034532,-0.440197555867577,0.626849523034532,5.19574309595822,0.20283670025223566,Not significant
MU273333.1,788009,788509,501,*,1.98627657544025,0.0,2.89633203644508,-0.340882723831225,0.317272919315223,0.627679091333823,-0.340882723831225,0.627679091333823,1.98627657544025,0.20226233792501627,Not significant
chr19,55475081,55475581,501,*,4.89163821611661,3.8032087308397,5.50491239168369,-0.434644826561353,0.317567494563277,0.627679091333823,-0.434644826561353,0.627679091333823,4.89163821611661,0.20226233792501627,Not significant
chr9,137083455,137083955,501,*,4.60531390698956,3.99316723400857,5.03375379145145,-0.469569390526527,0.317891443310578,0.627679091333823,-0.469569390526527,0.627679091333823,4.60531390698956,0.20226233792501627,Not significant
chr3,48663400,48663900,501,*,6.50732614115559,6.25141602767537,6.72460815634217,-0.373020859272283,0.317970192651747,0.627679091333823,-0.373020859272283,0.627679091333823,6.50732614115559,0.20226233792501627,Not significant
chr17,782062,782562,501,*,6.20533013363971,5.63476991387537,6.61311221493136,-0.469056960270022,0.318016485011411,0.627679091333823,-0.469056960270022,0.627679091333823,6.20533013363971,0.20226233792501627,Not significant
chr7,76303522,76304022,501,*,5.81684650716366,5.43409095182761,6.11905292087248,-0.441108719918673,0.318389751232088,0.627679091333823,-0.441108719918673,0.627679091333823,5.81684650716366,0.20226233792501627,Not significant
chr14,77028602,77029102,501,*,5.4234866309986,4.99854796308997,5.7513229736883,-0.451823252114704,0.31840750791892,0.627679091333823,-0.451823252114704,0.627679091333823,5.4234866309986,0.20226233792501627,Not significant
chr3,172750528,172751028,501,*,4.57684709695673,3.93104799818171,5.02136715395496,-0.468046912654767,0.318691097516326,0.627679091333823,-0.468046912654767,0.627679091333823,4.57684709695673,0.20226233792501627,Not significant
GL000225.1,99108,99608,501,*,1.48540533865468,0.0,2.48540533865468,-0.311275915520794,0.318716709697075,0.627679091333823,-0.311275915520794,0.627679091333823,1.48540533865468,0.20226233792501627,Not significant
chrX,16786706,16787206,501,*,5.32772569627488,4.56350370181652,5.82467802304214,-0.461346235480957,0.319013659158149,0.627679091333823,-0.461346235480957,0.627679091333823,5.32772569627488,0.20226233792501627,Not significant
chr2,65130175,65130675,501,*,5.4594079622447,4.84530682708554,5.88879701339811,-0.468295727199209,0.319103734027801,0.627679091333823,-0.468295727199209,0.627679091333823,5.4594079622447,0.20226233792501627,Not significant
chr9,91193873,91194373,501,*,5.05227692367796,4.58749629671888,5.40324792252265,-0.45817887397305,0.319170766795028,0.627679091333823,-0.45817887397305,0.627679091333823,5.05227692367796,0.20226233792501627,Not significant
chr9,129139695,129140195,501,*,5.86509905188598,5.45471023507846,6.18423073029895,-0.448370677510669,0.319567134960128,0.627679091333823,-0.448370677510669,0.627679091333823,5.86509905188598,0.20226233792501627,Not significant
chr19,18281943,18282443,501,*,5.69628359826379,5.09969101938827,6.11710116670063,-0.467849577646158,0.319620708073285,0.627679091333823,-0.467849577646158,0.627679091333823,5.69628359826379,0.20226233792501627,Not significant
chr1,43059894,43060394,501,*,5.58142833129055,4.84408241998587,6.06701812083406,-0.462493868434779,0.319683857504284,0.627679091333823,-0.462493868434779,0.627679091333823,5.58142833129055,0.20226233792501627,Not significant
chr3,52536739,52537239,501,*,5.23626100036825,4.49625487929265,5.72298895141991,-0.462225047202759,0.320002048814274,0.627921194445548,-0.462225047202759,0.627921194445548,5.23626100036825,0.20209485779942596,Not significant
chr2,191020418,191020918,501,*,5.91403244328833,5.48047077547001,6.24696193587412,-0.452048212464695,0.321467586008154,0.630033840693985,-0.452048212464695,0.630033840693985,5.91403244328833,0.20063612287665203,Not significant
chr12,50084797,50085297,501,*,5.24968676060932,4.80761244782809,5.58759703069914,-0.453123436168332,0.32146978091276,0.630033840693985,-0.453123436168332,0.630033840693985,5.24968676060932,0.20063612287665203,Not significant
chr11,72112345,72112845,501,*,6.65561122455722,6.38885153838372,6.88065868333932,-0.37974273192112,0.322626935528361,0.631602656003547,-0.37974273192112,0.631602656003547,6.65561122455722,0.19955605237295954,Not significant
GL000225.1,94092,94592,501,*,1.44887305947386,0.0,2.44887305947386,-0.308175272503583,0.322815777520476,0.631602656003547,-0.308175272503583,0.631602656003547,1.44887305947386,0.19955605237295954,Not significant
chr2,110384684,110385184,501,*,3.02790447069562,1.52291357587033,3.74832968279555,-0.398299404871511,0.322858340918014,0.631602656003547,-0.398299404871511,0.631602656003547,3.02790447069562,0.19955605237295954,Not significant
chr2,85584239,85584739,501,*,5.22670352735121,4.20175810732998,5.81988622960684,-0.43357260006168,0.323390307027663,0.631700047042142,-0.43357260006168,0.631700047042142,5.22670352735121,0.1994890907641061,Not significant
chr12,55926918,55927418,501,*,5.16898073719242,4.09866461436588,5.77664043706909,-0.429186107988182,0.323586421468565,0.631700047042142,-0.429186107988182,0.631700047042142,5.16898073719242,0.1994890907641061,Not significant
KI270330.1,1125,1625,501,*,3.49078790209956,4.18394421497639,2.10689371540095,0.40425248489781,0.323808274905466,0.631700047042142,0.40425248489781,0.631700047042142,3.49078790209956,0.1994890907641061,Not significant
chr1,161153965,161154465,501,*,5.00719630501497,3.92873961292356,5.61739071007321,-0.428199558091167,0.323815867943306,0.631700047042142,-0.428199558091167,0.631700047042142,5.00719630501497,0.1994890907641061,Not significant
chr20,50790657,50791157,501,*,6.16769182513549,5.86507124553899,6.41770949243578,-0.398404543857693,0.323888416422601,0.631700047042142,-0.398404543857693,0.631700047042142,6.16769182513549,0.1994890907641061,Not significant
chr17,81703278,81703778,501,*,5.63504747021467,4.66570520708977,6.20964422106046,-0.437672322648523,0.324335352451451,0.632189053598654,-0.437672322648523,0.632189053598654,5.63504747021467,0.19915302827318482,Not significant
chr2,99864214,99864714,501,*,4.03880215748484,2.84484167075769,4.68302644689713,-0.418956467577157,0.324745941533712,0.632561903848937,-0.418956467577157,0.632561903848937,4.03880215748484,0.19889696709369087,Not significant
chr1,43783360,43783860,501,*,4.44657133373627,3.85552672585022,4.86464029819884,-0.462434524650556,0.325096260021861,0.632561903848937,-0.462434524650556,0.632561903848937,4.44657133373627,0.19889696709369087,Not significant
chr14,49634482,49634982,501,*,5.36746645980486,4.89378147297914,5.72347176321666,-0.455256011464893,0.325537047417192,0.632561903848937,-0.455256011464893,0.632561903848937,5.36746645980486,0.19889696709369087,Not significant
chr18,10017501,10018001,501,*,4.80379769458239,4.14043902355904,5.25649155150414,-0.460089790950209,0.325614541875897,0.632561903848937,-0.460089790950209,0.632561903848937,4.80379769458239,0.19889696709369087,Not significant
chr7,6448184,6448684,501,*,4.16437245295881,3.02541391639951,4.79283134139504,-0.422435459062606,0.325670095791708,0.632561903848937,-0.422435459062606,0.632561903848937,4.16437245295881,0.19889696709369087,Not significant
chr3,12750069,12750569,501,*,4.67494320803346,3.59170462564599,5.28661782064548,-0.425139582739951,0.32588472323793,0.632561903848937,-0.425139582739951,0.632561903848937,4.67494320803346,0.19889696709369087,Not significant
chr22,38506080,38506580,501,*,5.19618879441246,4.58033737756848,5.62642623447714,-0.461172264138777,0.32632128171244,0.632561903848937,-0.461172264138777,0.632561903848937,5.19618879441246,0.19889696709369087,Not significant
chr7,5045814,5046314,501,*,5.22092079030628,4.20175810732998,5.8122147042699,-0.43030332013179,0.326602656025809,0.632561903848937,-0.43030332013179,0.632561903848937,5.22092079030628,0.19889696709369087,Not significant
chr6,110815435,110815935,501,*,4.82751753241599,3.73609453498117,5.4417107351624,-0.423511737963972,0.326737482394971,0.632561903848937,-0.423511737963972,0.632561903848937,4.82751753241599,0.19889696709369087,Not significant
chr9,136354421,136354921,501,*,3.92191248434557,2.74530599720678,4.56124573110167,-0.418113900400153,0.326743033232904,0.632561903848937,-0.418113900400153,0.632561903848937,3.92191248434557,0.19889696709369087,Not significant
chr1,108865504,108866004,501,*,5.48494120046702,5.88502107780136,4.92943659724956,0.460056501217338,0.326753694709718,0.632561903848937,0.460056501217338,0.632561903848937,5.48494120046702,0.19889696709369087,Not significant
chr20,49768587,49769087,501,*,5.49849879790919,5.0258243562371,5.85393520674305,-0.454197510574575,0.326882548078361,0.632561903848937,-0.454197510574575,0.632561903848937,5.49849879790919,0.19889696709369087,Not significant
chr19,1020982,1021482,501,*,5.02333470067985,4.22688996296292,5.53352059256961,-0.448993285234214,0.327636655248631,0.633489995056871,-0.448993285234214,0.633489995056871,5.02333470067985,0.19826023970067297,Not significant
chr17,77451368,77451868,501,*,5.72837584684152,5.40343020414164,5.9934184505129,-0.41098907891741,0.327755376089325,0.633489995056871,-0.41098907891741,0.633489995056871,5.72837584684152,0.19826023970067297,Not significant
chr19,17215134,17215634,501,*,5.63838816128993,5.10020394819093,6.02945515981276,-0.458416716510148,0.328254780061708,0.634074880910566,-0.458416716510148,0.634074880910566,5.63838816128993,0.19785945119407025,Not significant
chr7,875823,876323,501,*,5.81833380212373,5.36283144489548,6.16400699915963,-0.450502535263466,0.328800693516719,0.634434778606944,-0.450502535263466,0.634434778606944,5.81833380212373,0.19761301777260154,Not significant
chr5,176388648,176389148,501,*,5.85895242897208,6.23520825356788,5.34855926164524,0.455506980787804,0.328899853530813,0.634434778606944,0.455506980787804,0.634434778606944,5.85895242897208,0.19761301777260154,Not significant
chr8,125680224,125680724,501,*,7.7843437388185,7.4623671184464,8.04741049406872,-0.409753763663589,0.329031817210491,0.634434778606944,-0.409753763663589,0.634434778606944,7.7843437388185,0.19761301777260154,Not significant
chr2,113235386,113235886,501,*,5.52419850793237,5.10826371727898,5.84666470989066,-0.442609199740688,0.329283435129503,0.63454020812635,-0.442609199740688,0.63454020812635,5.52419850793237,0.19754085329482726,Not significant
chr19,49929034,49929534,501,*,6.09398688327066,5.80698416778353,6.33325896313673,-0.390659544035157,0.329500523006139,0.634579010834298,-0.390659544035157,0.634579010834298,6.09398688327066,0.19751429660622274,Not significant
chr19,17859771,17860271,501,*,6.37000082387775,5.99744698903521,6.66582495522886,-0.429879570989339,0.329922014391324,0.635011188989752,-0.429879570989339,0.635011188989752,6.37000082387775,0.19721862230850282,Not significant
chr4,70839696,70840196,501,*,4.58995357899142,3.9209098091426,5.04526274857253,-0.455410054536584,0.330530892724288,0.635495734749894,-0.455410054536584,0.635495734749894,4.58995357899142,0.19688735994994352,Not significant
chr6,7541464,7541964,501,*,4.51379454528514,3.43123995345275,5.1252578259492,-0.419561406951377,0.330568234463322,0.635495734749894,-0.419561406951377,0.635495734749894,4.51379454528514,0.19688735994994352,Not significant
chr12,47740974,47741474,501,*,4.96097509986289,4.47622497479753,5.32316909643605,-0.452244232117734,0.331011837569189,0.635582846273503,-0.452244232117734,0.635582846273503,4.96097509986289,0.19682783246731947,Not significant
chr5,135204050,135204550,501,*,5.18428955789259,4.15113203426001,5.78013735494645,-0.423689127428901,0.331167066395319,0.635582846273503,-0.423689127428901,0.635582846273503,5.18428955789259,0.19682783246731947,Not significant
chr10,72297592,72298092,501,*,5.41055597045954,4.77952663561283,5.84808676555536,-0.455614792640574,0.331205337955683,0.635582846273503,-0.455614792640574,0.635582846273503,5.41055597045954,0.19682783246731947,Not significant
GL000224.1,3640,4140,501,*,6.31580354391227,7.09721613891297,4.48540533865468,0.367785632263312,0.331601770868279,0.635964824843807,0.367785632263312,0.635964824843807,6.31580354391227,0.19656690447531946,Not significant
chr3,57159122,57159622,501,*,4.26263835192968,3.5599581497955,4.73311829012871,-0.452244311154656,0.331850248400868,0.636062760468529,-0.452244311154656,0.636062760468529,4.26263835192968,0.19650003029432891,Not significant
chr10,11684771,11685271,501,*,4.45354823457951,3.76065007579319,4.91966901769255,-0.452686458533755,0.332097510194727,0.636158250801076,-0.452686458533755,0.636158250801076,4.45354823457951,0.1964348357656884,Not significant
chr14,23320878,23321378,501,*,5.22488240032716,5.64623778959007,4.62720050644098,0.455318664688042,0.332380258443321,0.636321564292561,0.455318664688042,0.636321564292561,5.22488240032716,0.19632335871478288,Not significant
chr17,50200130,50200630,501,*,5.44581379532774,5.78958563681695,4.99361861315772,0.445044442667341,0.33309184615258,0.637282249287192,0.445044442667341,0.637282249287192,5.44581379532774,0.19566817809001366,Not significant
chr11,10658981,10659481,501,*,5.54777038278998,5.11678577574538,5.87918281070464,-0.441296914447743,0.333491669908126,0.637282249287192,-0.441296914447743,0.637282249287192,5.54777038278998,0.19566817809001366,Not significant
chr1,12178175,12178675,501,*,5.05564234340224,4.61451862634642,5.39299872345391,-0.443920051990541,0.333587526991939,0.637282249287192,-0.443920051990541,0.637282249287192,5.05564234340224,0.19566817809001366,Not significant
chr22,43186783,43187283,501,*,5.06636755499636,4.60677108553793,5.41438505042922,-0.445777551012291,0.333673232323865,0.637282249287192,-0.445777551012291,0.637282249287192,5.06636755499636,0.19566817809001366,Not significant
chr11,64185123,64185623,501,*,5.83190306336453,5.37252835049374,6.17979384819617,-0.444081900304711,0.335601125748496,0.640584613247425,-0.444081900304711,0.640584613247425,5.83190306336453,0.19342349723946528,Not significant
chr4,2934958,2935458,501,*,5.26138737500401,4.75805203022635,5.6338114056375,-0.448676843911847,0.336369342232903,0.64167082337147,-0.448676843911847,0.64167082337147,5.26138737500401,0.19268770753263095,Not significant
chr10,75210443,75210943,501,*,5.26091931200385,4.29550307976726,5.83416717503943,-0.424652462578101,0.336805647788799,0.641890495520675,-0.424652462578101,0.641890495520675,5.26091931200385,0.19253905487107933,Not significant
chr15,100721433,100721933,501,*,4.66395558416011,4.07848152282976,5.07924879573739,-0.450995569977821,0.336895089646104,0.641890495520675,-0.450995569977821,0.641890495520675,4.66395558416011,0.19253905487107933,Not significant
chr9,21802982,21803482,501,*,5.32095618972003,4.85431096531449,5.67298541709982,-0.445195103333822,0.337082159658902,0.641890495520675,-0.445195103333822,0.641890495520675,5.32095618972003,0.19253905487107933,Not significant
chr15,75367985,75368485,501,*,5.35186073185321,5.6606647200473,4.95843487076444,0.429650653292743,0.338149567110692,0.64354276741326,0.429650653292743,0.64354276741326,5.35186073185321,0.19142258623526945,Not significant
chr20,33456834,33457334,501,*,2.35615006182586,0.522913575870329,3.13802645069875,-0.360926189887776,0.339407216807881,0.644686560999313,-0.360926189887776,0.644686560999313,2.35615006182586,0.1906513829061167,Not significant
chr17,78840672,78841172,501,*,6.3116901580469,5.95522442342505,6.59729870092544,-0.417465129469161,0.339443304076061,0.644686560999313,-0.417465129469161,0.644686560999313,6.3116901580469,0.1906513829061167,Not significant
chr2,109457674,109458174,501,*,5.55803404474882,4.95295442954666,5.9830258765673,-0.447985229655384,0.339600316341482,0.644686560999313,-0.447985229655384,0.644686560999313,5.55803404474882,0.1906513829061167,Not significant
chr13,27790014,27790514,501,*,5.49494958744416,4.62008036313995,6.03566798009949,-0.428677822431658,0.339681222735854,0.644686560999313,-0.428677822431658,0.644686560999313,5.49494958744416,0.1906513829061167,Not significant
chr5,139670665,139671165,501,*,5.49442903072598,4.96737607517283,5.87961608835957,-0.447544990098174,0.33977940924532,0.644686560999313,-0.447544990098174,0.644686560999313,5.49442903072598,0.1906513829061167,Not significant
chr2,197499584,197500084,501,*,5.40276687684145,4.91916665256479,5.76432117664763,-0.443755501137768,0.339951107119129,0.644686560999313,-0.443755501137768,0.644686560999313,5.40276687684145,0.1906513829061167,Not significant
chr5,149551443,149551943,501,*,6.00656408916611,5.63689262651757,6.30057163624317,-0.422178806128452,0.340664965576099,0.645516000201603,-0.422178806128452,0.645516000201603,6.00656408916611,0.19009298854373288,Not significant
chr1,146051987,146052487,501,*,5.66155409223064,5.15360516293137,6.03648617671668,-0.445566201795852,0.34078917329079,0.645516000201603,-0.445566201795852,0.645516000201603,5.66155409223064,0.19009298854373288,Not significant
chr1,116508923,116509423,501,*,4.435422996648,4.9111442747281,3.72085294863665,0.441465847214236,0.341038477741465,0.645608681129848,0.441465847214236,0.645608681129848,4.435422996648,0.19003063853777977,Not significant
chr17,82336263,82336763,501,*,5.07104891077251,3.98763330197713,5.6827781977147,-0.407377030845362,0.341355817759235,0.645829973470495,-0.407377030845362,0.645829973470495,5.07104891077251,0.18988180290702225,Not significant
chr17,8222909,8223409,501,*,6.09442228417435,4.29797342258928,6.87020414364978,-0.358201609856889,0.341847027191411,0.646379766203478,-0.358201609856889,0.646379766203478,6.09442228417435,0.1895122468555519,Not significant
chr20,38962173,38962673,501,*,4.41786833490821,3.54230991582549,4.95884499225803,-0.427248321982873,0.342202368412118,0.646672158958266,-0.427248321982873,0.646672158958266,4.41786833490821,0.1893158362402529,Not significant
chr22,46771866,46772366,501,*,2.28466948019518,3.15113203426001,0.0,0.32780582909774,0.343710116418027,0.649109726655341,0.32780582909774,0.649109726655341,2.28466948019518,0.18768188308718997,Not significant
chr8,96261475,96261975,501,*,4.98229649892091,4.42489871175889,5.38335159380049,-0.444282180887544,0.343895190378854,0.649109726655341,-0.444282180887544,0.649109726655341,4.98229649892091,0.18768188308718997,Not significant
KI270728.1,232514,233014,501,*,3.22675425606399,3.97341373335235,1.59232054257119,0.364436868453788,0.344973511229537,0.650500041189938,0.364436868453788,0.650500041189938,3.22675425606399,0.18675267160268363,Not significant
chr10,45726977,45727477,501,*,4.24643207270128,3.02541391639951,4.89813374241867,-0.392997469206818,0.345035558781379,0.650500041189938,-0.392997469206818,0.650500041189938,4.24643207270128,0.18675267160268363,Not significant
chr1,25090748,25091248,501,*,6.02138626567251,5.45901973216555,6.42499166593552,-0.442715636121963,0.345618761932045,0.651128029418597,-0.442715636121963,0.651128029418597,6.02138626567251,0.18633360896916085,Not significant
chr11,58578209,58578709,501,*,5.81934928099687,5.51340945191085,6.07162555030147,-0.392493637796157,0.345772830023346,0.651128029418597,-0.392493637796157,0.651128029418597,5.81934928099687,0.18633360896916085,Not significant
chr11,61972001,61972501,501,*,6.19570100626374,5.87800297297066,6.45590846485299,-0.399910636586056,0.346702447782393,0.652316479040357,-0.399910636586056,0.652316479040357,6.19570100626374,0.1855416500442836,Not significant
chr9,95733494,95733994,501,*,5.17331182407981,4.71596796704278,5.52004076298624,-0.434978602102274,0.346946554594167,0.652316479040357,-0.434978602102274,0.652316479040357,5.17331182407981,0.1855416500442836,Not significant
chr5,138644936,138645436,501,*,5.31580428152413,4.7940310699124,5.69817801642981,-0.440315762157483,0.347011311320661,0.652316479040357,-0.440315762157483,0.652316479040357,5.31580428152413,0.1855416500442836,Not significant
chr2,27016124,27016624,501,*,3.86068025415195,3.15706043607028,4.33157666825657,-0.435404157063396,0.34762041157256,0.652761144632085,-0.435404157063396,0.652761144632085,3.86068025415195,0.18524570470471177,Not significant
chr14,105166164,105166664,501,*,5.4752191711771,5.01143277686442,5.82562502874815,-0.436349156554522,0.347693792761841,0.652761144632085,-0.436349156554522,0.652761144632085,5.4752191711771,0.18524570470471177,Not significant
chr1,154999768,155000268,501,*,5.14399547883527,4.5250239237144,5.57574151537322,-0.439170615991387,0.347855644113374,0.652761144632085,-0.439170615991387,0.652761144632085,5.14399547883527,0.18524570470471177,Not significant
chr19,4058744,4059244,501,*,4.65125253757121,4.02108643606014,5.08837156573781,-0.437379181079383,0.349473211056048,0.654262693519241,-0.437379181079383,0.654262693519241,4.65125253757121,0.1842478427471031,Not significant
chr12,104494040,104494540,501,*,4.84518983300845,4.33877835314598,5.21928749848356,-0.437125881758509,0.349824678845168,0.654262693519241,-0.437125881758509,0.654262693519241,4.84518983300845,0.1842478427471031,Not significant
chr13,44577381,44577881,501,*,5.6729494535044,6.01653943525187,5.22106996918802,0.432032825112268,0.350062227832931,0.654262693519241,0.432032825112268,0.654262693519241,5.6729494535044,0.1842478427471031,Not significant
chr3,51384657,51385157,501,*,5.48923643436793,4.68344912609197,6.00318208443621,-0.424523629363126,0.350072253892108,0.654262693519241,-0.424523629363126,0.654262693519241,5.48923643436793,0.1842478427471031,Not significant
chr3,14651254,14651754,501,*,4.37225971769881,3.25987917003653,4.99281779589848,-0.396401048652533,0.350165211049471,0.654262693519241,-0.396401048652533,0.654262693519241,4.37225971769881,0.1842478427471031,Not significant
chr12,54324854,54325354,501,*,5.29743516669386,5.68165436583696,4.7722019282519,0.43771374338603,0.350228730570227,0.654262693519241,0.43771374338603,0.654262693519241,5.29743516669386,0.1842478427471031,Not significant
chr1,167936004,167936504,501,*,4.80417891699625,3.8032087308397,5.38946466817206,-0.404216829349651,0.350598609449478,0.654262693519241,-0.404216829349651,0.654262693519241,4.80417891699625,0.1842478427471031,Not significant
chr19,40425586,40426086,501,*,6.4782058028916,6.10398373584711,6.77507862094605,-0.417611177699149,0.350679551003907,0.654262693519241,-0.417611177699149,0.654262693519241,6.4782058028916,0.1842478427471031,Not significant
chrX,129769320,129769820,501,*,5.05559417176332,4.0442168303435,5.64432926800838,-0.402979461771807,0.350904496220712,0.654262693519241,-0.402979461771807,0.654262693519241,5.05559417176332,0.1842478427471031,Not significant
chr9,94165724,94166224,501,*,5.41880299774675,4.96962350807574,5.76083506486873,-0.431483422307716,0.35105245600124,0.654262693519241,-0.431483422307716,0.654262693519241,5.41880299774675,0.1842478427471031,Not significant
chr7,74298684,74299184,501,*,4.28080113704875,3.41028001641176,4.81988622960684,-0.415600802809059,0.351124839456209,0.654262693519241,-0.415600802809059,0.654262693519241,4.28080113704875,0.1842478427471031,Not significant
chr19,50510758,50511258,501,*,3.98295870084636,3.27950500092393,4.45378151312729,-0.431149539748012,0.351529060963851,0.654262693519241,-0.431149539748012,0.654262693519241,3.98295870084636,0.1842478427471031,Not significant
chr16,73051751,73052251,501,*,3.90525723676141,4.58107250844521,2.59232054257119,0.377770090709015,0.351560542468697,0.654262693519241,0.377770090709015,0.654262693519241,3.90525723676141,0.1842478427471031,Not significant
chr1,173867608,173868108,501,*,5.80213657433011,4.89836596388004,6.35354138232949,-0.412601210280094,0.351599992862389,0.654262693519241,-0.412601210280094,0.654262693519241,5.80213657433011,0.1842478427471031,Not significant
chr6,132813384,132813884,501,*,3.83740879421702,2.99095620780952,4.36732910117468,-0.417501110805744,0.351865954162457,0.654262693519241,-0.417501110805744,0.654262693519241,3.83740879421702,0.1842478427471031,Not significant
chr2,131492722,131493222,501,*,5.14531808900832,4.73228752858496,5.46604067912072,-0.424659521448188,0.351904794496848,0.654262693519241,-0.424659521448188,0.654262693519241,5.14531808900832,0.1842478427471031,Not significant
chr13,49799193,49799693,501,*,0.928739612923563,1.92873961292356,0.0,0.286582466402136,0.352484242222859,0.654841996404859,0.286582466402136,0.654841996404859,0.928739612923563,0.18386347614153958,Not significant
chr17,42824306,42824806,501,*,4.04140709788186,3.39403987215541,4.48666304958031,-0.433654082792366,0.352644815449284,0.654841996404859,-0.433654082792366,0.654841996404859,4.04140709788186,0.18386347614153958,Not significant
chr5,181246525,181247025,501,*,5.70392539040398,5.3430145309475,5.99237514595815,-0.410339147055615,0.353039435084541,0.654841996404859,-0.410339147055615,0.654841996404859,5.70392539040398,0.18386347614153958,Not significant
chr14,23154314,23154814,501,*,4.86017172854607,4.2697254579409,5.27794331597162,-0.435211349509739,0.353356232722467,0.654841996404859,-0.435211349509739,0.654841996404859,4.86017172854607,0.18386347614153958,Not significant
chr6,73461099,73461599,501,*,5.1320583098996,4.57665609383276,5.5320853902368,-0.435482235028298,0.353367026398893,0.654841996404859,-0.435482235028298,0.654841996404859,5.1320583098996,0.18386347614153958,Not significant
chr9,34637347,34637847,501,*,6.1692835131908,5.8546150015109,6.42745782272401,-0.395022832765212,0.353634987845168,0.654841996404859,-0.395022832765212,0.654841996404859,6.1692835131908,0.18386347614153958,Not significant
chr1,110407591,110408091,501,*,5.16609659783478,4.20175810732998,5.73897331148768,-0.404341262890332,0.353691987100634,0.654841996404859,-0.404341262890332,0.654841996404859,5.16609659783478,0.18386347614153958,Not significant
chr15,41774267,41774767,501,*,5.24923530995315,4.25066770781093,5.83372002850858,-0.400943917171259,0.353935938993088,0.654841996404859,-0.400943917171259,0.654841996404859,5.24923530995315,0.18386347614153958,Not significant
chr12,10722056,10722556,501,*,5.01950951712824,5.59998307879148,4.03289313395718,0.402822894392216,0.354045548645954,0.654841996404859,0.402822894392216,0.654841996404859,5.01950951712824,0.18386347614153958,Not significant
chrX,153794081,153794581,501,*,5.13231097174997,4.18587858859276,5.6989662972404,-0.406474474864569,0.354484443796612,0.655277612112842,-0.406474474864569,0.655277612112842,5.13231097174997,0.1835746696784513,Not significant
chr2,129801938,129802438,501,*,4.85488805691487,4.40301452115271,5.19847461135804,-0.428166023788097,0.355904298479745,0.657525028498703,-0.428166023788097,0.657525028498703,4.85488805691487,0.1820877112306035,Not significant
chr2,74958328,74958828,501,*,5.6573056292655,5.05881449240033,6.07906016865767,-0.431828648253827,0.356199494318743,0.657693278335238,-0.431828648253827,0.657693278335238,5.6573056292655,0.18197659663372293,Not significant
chr19,12696216,12696716,501,*,5.20373424762035,4.25987917003653,5.76948549661746,-0.403952624121146,0.356896291153068,0.658308334352614,-0.403952624121146,0.658308334352614,5.20373424762035,0.18157064659341698,Not significant
chr12,6383972,6384472,501,*,6.51823268865234,6.30527907913889,6.70375790989003,-0.324454271461422,0.356941235292991,0.658308334352614,-0.324454271461422,0.658308334352614,6.51823268865234,0.18157064659341698,Not significant
chr11,62665220,62665720,501,*,5.95028980576307,5.3386740309178,6.37847153423893,-0.430308018877025,0.357243794330915,0.65848941952758,-0.430308018877025,0.65848941952758,5.95028980576307,0.1814511988004568,Not significant
chr14,95534119,95534619,501,*,5.85828542112448,5.55332038433275,6.10989929286934,-0.385404298993561,0.357495534047461,0.658576678502526,-0.385404298993561,0.658576678502526,5.85828542112448,0.1813936525749064,Not significant
chr5,141619061,141619561,501,*,5.99531615956724,5.68772836102293,6.24871056078227,-0.3886214711745,0.358113383335371,0.659101693314199,-0.3886214711745,0.659101693314199,5.99531615956724,0.18104757260187235,Not significant
KI270782.1,98546,99046,501,*,3.11257736522666,3.83624613916963,1.59232054257119,0.356924328661032,0.3584298108577,0.659101693314199,0.356924328661032,0.659101693314199,3.11257736522666,0.18104757260187235,Not significant
chr15,44288444,44288944,501,*,2.3224937859556,0.0,3.17728304329235,-0.317600311390656,0.358544462325609,0.659101693314199,-0.317600311390656,0.659101693314199,2.3224937859556,0.18104757260187235,Not significant
chr3,120742253,120742753,501,*,5.33275545870733,4.84591864117546,5.69610827103615,-0.4291239661316,0.358649562227265,0.659101693314199,-0.4291239661316,0.659101693314199,5.33275545870733,0.18104757260187235,Not significant
chr19,13022495,13022995,501,*,4.30222870754633,3.68602092520404,4.73263869640105,-0.428410241371421,0.35880334266701,0.659101693314199,-0.428410241371421,0.659101693314199,4.30222870754633,0.18104757260187235,Not significant
chr2,85437605,85438105,501,*,6.56330088601479,6.15261642014961,6.88261084237095,-0.420004969141957,0.359220188612782,0.6594914231968,-0.420004969141957,0.6594914231968,6.56330088601479,0.1807908481578331,Not significant
chr17,41666020,41666520,501,*,4.16367218396887,3.10787607659148,4.76676394059925,-0.390458585197666,0.360083072413517,0.660699122617513,-0.390458585197666,0.660699122617513,4.16367218396887,0.179996269917315,Not significant
chrX,154490477,154490977,501,*,5.6020549755614,5.18527921329756,5.92502502382262,-0.419315137860854,0.361972138751235,0.663438505932235,-0.419315137860854,0.663438505932235,5.6020549755614,0.17819932565858906,Not significant
chr9,129167702,129168202,501,*,5.01412092616467,4.3059996086883,5.48700716891783,-0.420242687951117,0.361987862640866,0.663438505932235,-0.420242687951117,0.663438505932235,5.01412092616467,0.17819932565858906,Not significant
chr2,61177501,61178001,501,*,6.08662742327599,5.72115271817208,6.37797939847699,-0.408001436378781,0.362259186883534,0.663558328674672,-0.408001436378781,0.663558328674672,6.08662742327599,0.1781208953946559,Not significant
chr16,5097926,5098426,501,*,5.36418025264131,4.73228752858496,5.80212252522889,-0.423371048918782,0.36357179204522,0.665584269300966,-0.423371048918782,0.665584269300966,5.36418025264131,0.1767969508947943,Not significant
chr21,5312642,5313142,501,*,2.19300655337555,0.343777112202407,2.97747655964843,-0.331471797090873,0.363824716374375,0.66561319328156,-0.331471797090873,0.66561319328156,2.19300655337555,0.17677807837509427,Not significant
chr3,51671582,51672082,501,*,3.78514978446307,4.2651584049054,3.06074809581452,0.416104329848391,0.36434991501177,0.66561319328156,0.416104329848391,0.66561319328156,3.78514978446307,0.17677807837509427,Not significant
chr18,11980191,11980691,501,*,5.20501586185208,5.60568772680444,4.64836248564076,0.425243444159388,0.364454568778727,0.66561319328156,0.425243444159388,0.66561319328156,5.20501586185208,0.17677807837509427,Not significant
GL000224.1,14625,15125,501,*,3.97109082985169,4.58749629671888,2.87242846176393,0.380993319510363,0.364660628817512,0.66561319328156,0.380993319510363,0.66561319328156,3.97109082985169,0.17677807837509427,Not significant
chr4,6732724,6733224,501,*,4.71449568361244,3.74530599720678,5.28904010488906,-0.393212932155832,0.364709166216636,0.66561319328156,-0.393212932155832,0.66561319328156,4.71449568361244,0.17677807837509427,Not significant
chr5,6712546,6713046,501,*,5.47180967592776,5.11081136949465,5.76031518165534,-0.402727404312226,0.365152304543469,0.66561319328156,-0.402727404312226,0.66561319328156,5.47180967592776,0.17677807837509427,Not significant
chr11,64900387,64900887,501,*,4.83102721598417,4.30154613017071,5.21750282278604,-0.424555924768118,0.365268647600646,0.66561319328156,-0.424555924768118,0.66561319328156,4.83102721598417,0.17677807837509427,Not significant
KI270735.1,41686,42186,501,*,3.37251895837698,3.90248899381112,2.5259372614591,0.402846280194962,0.365495887948571,0.66561319328156,0.402846280194962,0.66561319328156,3.37251895837698,0.17677807837509427,Not significant
chr3,139309589,139310089,501,*,5.11964057685531,4.67192939046839,5.46082349051812,-0.419046859845926,0.365997199332171,0.66561319328156,-0.419046859845926,0.66561319328156,5.11964057685531,0.17677807837509427,Not significant
chr20,44885574,44886074,501,*,5.37090536573932,5.80973401340752,4.73715019573385,0.420893837473124,0.366127314228218,0.66561319328156,0.420893837473124,0.66561319328156,5.37090536573932,0.17677807837509427,Not significant
chr11,69558315,69558815,501,*,4.58152635684167,3.59170462564599,5.16308008115642,-0.387846624500613,0.366234200072685,0.66561319328156,-0.387846624500613,0.66561319328156,4.58152635684167,0.17677807837509427,Not significant
chr4,7767418,7767918,501,*,4.65032600980982,3.94454710577421,5.12217793681421,-0.414589392056808,0.366253987288721,0.66561319328156,-0.414589392056808,0.66561319328156,4.65032600980982,0.17677807837509427,Not significant
chr2,241315240,241315740,501,*,5.61161471978789,5.02433326263995,6.0278103009864,-0.422947829697533,0.366273181777842,0.66561319328156,-0.422947829697533,0.66561319328156,5.61161471978789,0.17677807837509427,Not significant
chr2,38751056,38751556,501,*,6.01108049947347,5.68105104132704,6.27949065030461,-0.390213854900521,0.36753061221952,0.667521777097685,-0.390213854900521,0.667521777097685,6.01108049947347,0.17553456139547383,Not significant
chr20,45781327,45781827,501,*,5.77722845724106,5.43653018849209,6.05264199892045,-0.394318378210065,0.368356952419978,0.668466164784441,-0.394318378210065,0.668466164784441,5.77722845724106,0.17492057018104476,Not significant
chr1,53413252,53413752,501,*,5.79042955333382,6.07025316281813,5.44294552746953,0.398637498021795,0.368509504594302,0.668466164784441,0.398637498021795,0.668466164784441,5.79042955333382,0.17492057018104476,Not significant
chr18,3603154,3603654,501,*,5.73169208839266,5.13894204881433,6.15060764995317,-0.419990961124817,0.368672990323387,0.668466164784441,-0.419990961124817,0.668466164784441,5.73169208839266,0.17492057018104476,Not significant
chr10,95536962,95537462,501,*,4.63369920612791,4.98499167114398,4.16835255553536,0.418765958781661,0.369061393950013,0.668613272503174,0.418765958781661,0.668613272503174,4.63369920612791,0.17482500656834193,Not significant
chr7,101100009,101100509,501,*,5.7585015204207,6.07815870541359,5.347240945466,0.411322936747884,0.369544591322014,0.668613272503174,0.411322936747884,0.668613272503174,5.7585015204207,0.17482500656834193,Not significant
chr22,41688895,41689395,501,*,5.09830197757447,4.39968473844942,5.56697653062312,-0.411921931178897,0.369571232947201,0.668613272503174,-0.411921931178897,0.668613272503174,5.09830197757447,0.17482500656834193,Not significant
chr2,86106235,86106735,501,*,5.68883537563754,4.8032087308397,6.23356568280703,-0.394650352031667,0.369584183217924,0.668613272503174,-0.394650352031667,0.668613272503174,5.68883537563754,0.17482500656834193,Not significant
chr6,73520704,73521204,501,*,6.28436756546412,6.58905393307087,5.89761613111135,0.406047497264065,0.370280936583402,0.669497855034636,0.406047497264065,0.669497855034636,6.28436756546412,0.1742508100606559,Not significant
chr5,133370526,133371026,501,*,5.98981361866278,5.68036514146183,6.24446790002414,-0.380291539149102,0.370714001442067,0.669904942594694,-0.380291539149102,0.669904942594694,5.98981361866278,0.17398681794903512,Not significant
chr14,22929237,22929737,501,*,5.58501805228947,4.82774775711015,6.07906016865767,-0.405395396111158,0.370995085536727,0.669976818639232,-0.405395396111158,0.669976818639232,5.58501805228947,0.17394022373384843,Not significant
chr17,1267772,1268272,501,*,5.56861073548767,4.94468419898514,6.00274260357053,-0.416600025384291,0.371169652784305,0.669976818639232,-0.416600025384291,0.669976818639232,5.56861073548767,0.17394022373384843,Not significant
chr7,65750987,65751487,501,*,4.37069344930208,3.82293289372375,4.76676394059925,-0.418587405210467,0.371676470736289,0.670516007117762,-0.418587405210467,0.670516007117762,4.37069344930208,0.17359084984827347,Not significant
chr3,169764598,169765098,501,*,5.21334817277936,4.82479621420138,5.5191483650095,-0.405601737212625,0.371912689445067,0.670566695798548,-0.405601737212625,0.670566695798548,5.21334817277936,0.17355801993506545,Not significant
chr11,47269314,47269814,501,*,6.44787135476363,6.19197422220576,6.66514401882464,-0.349876347869689,0.372458243079326,0.670834468481448,-0.349876347869689,0.670834468481448,6.44787135476363,0.1733846307905957,Not significant
chr20,33915325,33915825,501,*,4.90143858276619,4.34550874732244,5.30173767475351,-0.417413399103702,0.372667856021824,0.670834468481448,-0.417413399103702,0.670834468481448,4.90143858276619,0.1733846307905957,Not significant
chr11,125887234,125887734,501,*,5.25974958821985,4.34377711220241,5.81557898973713,-0.388212908865235,0.372685815823026,0.670834468481448,-0.388212908865235,0.670834468481448,5.25974958821985,0.1733846307905957,Not significant
chr17,15477445,15477945,501,*,3.92243461793414,2.84484167075769,4.53236096964828,-0.374735142011326,0.372918131388172,0.670877844406862,-0.374735142011326,0.670877844406862,3.92243461793414,0.17335655036697528,Not significant
chr5,176646837,176647337,501,*,5.75957669643002,5.20879589024177,6.1572147725306,-0.41662208792315,0.373728646563372,0.671747327814916,-0.41662208792315,0.671747327814916,5.75957669643002,0.17279405249813573,Not significant
chr3,52409756,52410256,501,*,5.07101966517464,4.39968473844942,5.52737858998018,-0.409727526152751,0.373818422958456,0.671747327814916,-0.409727526152751,0.671747327814916,5.07101966517464,0.17279405249813573,Not significant
chr12,47758749,47759249,501,*,5.30064691606533,4.88099103234721,5.6253389616916,-0.409236223716344,0.374234138773609,0.672063095124088,-0.409236223716344,0.672063095124088,5.30064691606533,0.17258995227667306,Not significant
chr11,62591624,62592124,501,*,5.36516533017384,5.00019785040933,5.65619549414691,-0.398170938183357,0.374625547298334,0.672063095124088,-0.398170938183357,0.672063095124088,5.36516533017384,0.17258995227667306,Not significant
chr20,29932697,29933197,501,*,3.7089945867865,4.3361679599546,2.57440394155772,0.366052410073393,0.374853115404237,0.672063095124088,0.366052410073393,0.672063095124088,3.7089945867865,0.17258995227667306,Not significant
chr1,29230551,29231051,501,*,4.42702134684587,3.85674146272592,4.83466111940274,-0.415241261961652,0.374936546495101,0.672063095124088,-0.415241261961652,0.672063095124088,4.42702134684587,0.17258995227667306,Not significant
chr12,53006743,53007243,501,*,6.97813766654054,6.66318716487373,7.23650152435126,-0.383698266258774,0.375037071704876,0.672063095124088,-0.383698266258774,0.672063095124088,6.97813766654054,0.17258995227667306,Not significant
chr4,1346597,1347097,501,*,5.39691502338313,5.7426012995983,4.94138987513474,0.412534314827596,0.375596872266494,0.672631883454957,0.412534314827596,0.672631883454957,5.39691502338313,0.17222255052068441,Not significant
chr14,104677471,104677971,501,*,6.01377417735902,5.71328812172398,6.26233477285079,-0.377603644477378,0.375845882708297,0.672631883454957,-0.377603644477378,0.672631883454957,6.01377417735902,0.17222255052068441,Not significant
chr19,2060533,2061033,501,*,0.954890621955902,0.0,1.9548906219559,-0.271085909836057,0.375980764153438,0.672631883454957,-0.271085909836057,0.672631883454957,0.954890621955902,0.17222255052068441,Not significant
chr1,67429331,67429831,501,*,5.01597757524476,4.56647643022052,5.35819548099336,-0.411182118361255,0.377228324795954,0.674231742051361,-0.411182118361255,0.674231742051361,5.01597757524476,0.17119080525134917,Not significant
chr1,144412138,144412638,501,*,4.28709466327977,3.25066770781093,4.88399792073649,-0.371463619512378,0.377423837502755,0.674231742051361,-0.371463619512378,0.674231742051361,4.28709466327977,0.17119080525134917,Not significant
chr12,6961682,6962182,501,*,6.26980905201222,5.99067959112535,6.50358898977538,-0.36656681384158,0.377502812743841,0.674231742051361,-0.36656681384158,0.674231742051361,6.26980905201222,0.17119080525134917,Not significant
chr17,82230016,82230516,501,*,5.19071811194414,5.57009488581689,4.67453685308699,0.412865399536407,0.378304199989137,0.67502763370315,0.412865399536407,0.67502763370315,5.19071811194414,0.17067844802950466,Not significant
chr1,154973800,154974300,501,*,5.1420762344699,4.63131027929823,5.51853364830663,-0.412469576693835,0.378805045710708,0.67502763370315,-0.412469576693835,0.67502763370315,5.1420762344699,0.17067844802950466,Not significant
chr3,197949810,197950310,501,*,5.81150292699404,5.13844271185664,6.2686507366751,-0.404605243962061,0.378919129285391,0.67502763370315,-0.404605243962061,0.67502763370315,5.81150292699404,0.17067844802950466,Not significant
chr1,205749845,205750345,501,*,5.85146100821876,5.52205632611127,6.1194583661069,-0.386395065958925,0.379082919502318,0.67502763370315,-0.386395065958925,0.67502763370315,5.85146100821876,0.17067844802950466,Not significant
chr2,120934744,120935244,501,*,4.58789304190884,5.11323256472866,3.75326539730085,0.390544008243077,0.37912658573834,0.67502763370315,0.390544008243077,0.67502763370315,4.58789304190884,0.17067844802950466,Not significant
chr12,53676122,53676622,501,*,6.3216705443419,5.98984942270601,6.5912628125133,-0.387822494736967,0.37920546772275,0.67502763370315,-0.387822494736967,0.67502763370315,6.3216705443419,0.17067844802950466,Not significant
chr13,49372152,49372652,501,*,5.17017933142936,4.75870198037154,5.48996711274554,-0.40361665573559,0.380875583362159,0.67762624494361,-0.40361665573559,0.67762624494361,5.17017933142936,0.16900978181923576,Not significant
chr16,89711792,89712292,501,*,5.53691411179939,4.66570520708977,6.0762580112806,-0.383467963811152,0.381324013018942,0.677765181635787,-0.383467963811152,0.677765181635787,5.53691411179939,0.16892074563710496,Not significant
chr4,121801193,121801693,501,*,4.41916703241358,3.33026849792793,5.0325853737871,-0.36440434440351,0.381374386811199,0.677765181635787,-0.36440434440351,0.677765181635787,4.41916703241358,0.16892074563710496,Not significant
chr8,38031387,38031887,501,*,5.87051480810021,5.42848134296021,6.20840128909308,-0.406417804326294,0.382536307160513,0.679455337194693,-0.406417804326294,0.679455337194693,5.87051480810021,0.16783908557958818,Not significant
chr2,74507228,74507728,501,*,6.49494205963876,6.16665223297913,6.76220208835881,-0.383852253081069,0.382954020911376,0.679822509849286,-0.383852253081069,0.679822509849286,6.49494205963876,0.16760445943303431,Not significant
chr17,4554973,4555473,501,*,6.05051747127464,5.73906178104851,6.30652780173106,-0.378349899803808,0.383514355286673,0.680192126202857,-0.378349899803808,0.680192126202857,6.05051747127464,0.16736839969886097,Not significant
chr1,200669478,200669978,501,*,5.37716553382772,5.0147013774566,5.66660474141925,-0.391756522000207,0.383691587264227,0.680192126202857,-0.391756522000207,0.680192126202857,5.37716553382772,0.16736839969886097,Not significant
chr1,43067390,43067890,501,*,5.76925396424271,5.42888975362057,6.04444951570793,-0.387992799679867,0.383795557242953,0.680192126202857,-0.387992799679867,0.680192126202857,5.76925396424271,0.16736839969886097,Not significant
chr1,3323312,3323812,501,*,5.62522953650425,5.05881449240033,6.03090311615313,-0.406025380463199,0.384584116789787,0.681214966628199,-0.406025380463199,0.681214966628199,5.62522953650425,0.16671581894103413,Not significant
chr2,671599,672099,501,*,2.72364544654927,1.74004950843028,3.3030982140037,-0.36820007244208,0.385415717628245,0.682312880328683,-0.36820007244208,0.682312880328683,2.72364544654927,0.16601643026945198,Not significant
chr17,78979636,78980136,501,*,5.24003843271199,4.36421582985127,5.78111404373992,-0.379420122957358,0.385786145696085,0.682593608694556,-0.379420122957358,0.682593608694556,5.24003843271199,0.1658377824530455,Not significant
chr9,122213474,122213974,501,*,5.07456406173015,5.3932029551029,4.66499195509404,0.399687146292334,0.386225262600211,0.682995497309484,0.399687146292334,0.682995497309484,5.07456406173015,0.16558215942255336,Not significant
chr7,332255,332755,501,*,5.67799130232801,5.28662515112201,5.98552788788167,-0.395959239648556,0.386993037306993,0.683977820188223,-0.395959239648556,0.683977820188223,5.67799130232801,0.16495798121269614,Not significant
chr8,102807114,102807614,501,*,5.64035602454813,5.95352226295083,5.23980439570507,0.397058918765251,0.387290691733012,0.684128623225747,0.397058918765251,0.684128623225747,5.64035602454813,0.164862238768632,Not significant
chr22,27669476,27669976,501,*,5.31258087276046,4.82960487328497,5.67378758003842,-0.403853833004012,0.388410847189576,0.685458443889461,-0.403853833004012,0.685458443889461,5.31258087276046,0.16401886930124532,Not significant
chr2,42361132,42361632,501,*,5.709813723466,4.89214738553605,6.22849091501527,-0.382194412076302,0.388469000168267,0.685458443889461,-0.382194412076302,0.685458443889461,5.709813723466,0.16401886930124532,Not significant
chr10,70233185,70233685,501,*,5.59054616781241,4.73609453498117,6.12353580212015,-0.377345126460716,0.388750251753959,0.685579261713879,-0.377345126460716,0.685579261713879,5.59054616781241,0.16394232798603328,Not significant
chr15,67839927,67840427,501,*,4.44017270234491,2.93795107514917,5.16000505186051,-0.326033817992089,0.389488501978722,0.686358279702915,-0.326033817992089,0.686358279702915,4.44017270234491,0.16344912295287498,Not significant
chr6,44126991,44127491,501,*,4.91769911125517,4.45511128874733,5.26742286443485,-0.402278453191121,0.389618030284491,0.686358279702915,-0.402278453191121,0.686358279702915,4.91769911125517,0.16344912295287498,Not significant
chr13,110914807,110915307,501,*,5.3023631083305,4.42980417147885,5.84221451924361,-0.375338570958016,0.389971131971124,0.686604911044241,-0.375338570958016,0.686604911044241,5.3023631083305,0.16329309454297108,Not significant
chr1,174204883,174205383,501,*,5.03089049092125,5.58960199563927,4.10689371540095,0.36879934987965,0.391171860859964,0.688111732911325,0.36879934987965,0.688111732911325,5.03089049092125,0.16234103698691207,Not significant
chr6,20402163,20402663,501,*,5.70150512195464,5.32369488897676,6.00062686166769,-0.391816416512555,0.391254095187321,0.688111732911325,-0.391816416512555,0.688111732911325,5.70150512195464,0.16234103698691207,Not significant
chr19,18557756,18558256,501,*,5.21744841468423,4.7726184295005,5.5569610920882,-0.399414210734956,0.391910290964859,0.688650403494023,-0.399414210734956,0.688650403494023,5.21744841468423,0.1620011937164141,Not significant
chr22,40791147,40791647,501,*,5.16157936673433,4.7820863295377,5.4617526934542,-0.391436703842617,0.391987846060843,0.688650403494023,-0.391436703842617,0.688650403494023,5.16157936673433,0.1620011937164141,Not significant
chr7,106285032,106285532,501,*,5.97960381035759,6.21354459868406,5.70024479674101,0.357839283627512,0.393745137599974,0.69136067212377,0.357839283627512,0.69136067212377,5.97960381035759,0.16029532882227093,Not significant
chr17,43545712,43546212,501,*,5.68697399338342,4.83563020853208,6.21877390635866,-0.372248000310035,0.393994774631372,0.691422202539368,-0.372248000310035,0.691422202539368,5.68697399338342,0.160256678763074,Not significant
chr13,29594746,29595246,501,*,6.08705621504561,5.61164335771388,6.44403279585511,-0.398800258570099,0.394223498104889,0.691446984700029,-0.398800258570099,0.691446984700029,6.08705621504561,0.16024111292976867,Not significant
chr17,938012,938512,501,*,5.32727798801778,4.84055030644248,5.69057025778142,-0.398612710841231,0.394611682311349,0.691751273344487,-0.398612710841231,0.691751273344487,5.32727798801778,0.16005003275661603,Not significant
chr19,35757965,35758465,501,*,4.77013845344856,3.8032087308397,5.34390689887759,-0.359212633917604,0.395354767650399,0.692363588373032,-0.359212633917604,0.692363588373032,4.77013845344856,0.15966577988456565,Not significant
chr1,149849721,149850221,501,*,3.45501813153649,2.34377711220241,4.07523321948949,-0.345701115145966,0.395390751895214,0.692363588373032,-0.345701115145966,0.692363588373032,3.45501813153649,0.15966577988456565,Not significant
chr7,6348782,6349282,501,*,4.92962088273083,4.29886742927974,5.36702012048501,-0.390428790573416,0.396368998964763,0.693699573419048,-0.390428790573416,0.693699573419048,4.92962088273083,0.15882857256376684,Not significant
chr2,113574846,113575346,501,*,2.4257086031079,0.343777112202407,3.24439723915089,-0.290992336540236,0.39666178783092,0.693769486896659,-0.290992336540236,0.693769486896659,2.4257086031079,0.15878480504716952,Not significant
chr6,3162538,3163038,501,*,5.00965110629802,4.57886599109336,5.34094591764823,-0.393765802512681,0.396839591666835,0.693769486896659,-0.393765802512681,0.693769486896659,5.00965110629802,0.15878480504716952,Not significant
chr6,35497292,35497792,501,*,4.96893773099638,4.46451207036889,5.34195560101942,-0.396466836038333,0.397103482082755,0.693772833817206,-0.396466836038333,0.693772833817206,4.96893773099638,0.15878270990512844,Not significant
chr10,97498498,97498998,501,*,4.74561484534578,5.30154613017071,3.82935973987204,0.363241435513994,0.397272153442813,0.693772833817206,0.363241435513994,0.693772833817206,4.74561484534578,0.15878270990512844,Not significant
chr3,61251040,61251540,501,*,4.56433474548596,3.81200276370051,5.05629739245542,-0.379862604412312,0.397581841833534,0.693937537588107,-0.379862604412312,0.693937537588107,4.56433474548596,0.15867961931697586,Not significant
chr20,34676716,34677216,501,*,5.50622322564424,5.01034159561286,5.8745689578054,-0.395874943378384,0.397884110715451,0.693958055930917,-0.395874943378384,0.693958055930917,5.50622322564424,0.15866677828901604,Not significant
chr12,52202678,52203178,501,*,6.1132493262321,5.78488399711133,6.38055931971764,-0.376183390307203,0.398024359826299,0.693958055930917,-0.376183390307203,0.693958055930917,6.1132493262321,0.15866677828901604,Not significant
chr12,57112104,57112604,501,*,5.2426487955967,4.66379106032121,5.65462419762529,-0.392849071420367,0.398673825834927,0.694714476387308,-0.392849071420367,0.694714476387308,5.2426487955967,0.15819365124854493,Not significant
chr21,43789323,43789823,501,*,5.61853852968563,5.1719123756672,5.95909306703332,-0.393659991797287,0.39935386553954,0.695345018937983,-0.393659991797287,0.695345018937983,5.61853852968563,0.15779965204194096,Not significant
chr20,47357985,47358485,501,*,5.87813611436819,5.56610517398145,6.13453449462586,-0.369460100879398,0.399467296726942,0.695345018937983,-0.369460100879398,0.695345018937983,5.87813611436819,0.15779965204194096,Not significant
chr20,34965227,34965727,501,*,5.68861761408969,5.27814565267694,6.00779943505801,-0.389775012654291,0.400265859339375,0.695534365418192,-0.389775012654291,0.695534365418192,5.68861761408969,0.15768140723515828,Not significant
chr17,76557786,76558286,501,*,6.09970262961229,5.84507426766868,6.31606060466595,-0.339843488638439,0.400320186138557,0.695534365418192,-0.339843488638439,0.695534365418192,6.09970262961229,0.15768140723515828,Not significant
chr2,96868600,96869100,501,*,6.00536919192391,5.61873489755486,6.30998301741943,-0.386601567057195,0.400324713578784,0.695534365418192,-0.386601567057195,0.695534365418192,6.00536919192391,0.15768140723515828,Not significant
chr9,35814534,35815034,501,*,6.16446670307565,4.66587152971237,6.88352058529979,-0.315404289587722,0.400439555509232,0.695534365418192,-0.315404289587722,0.695534365418192,6.16446670307565,0.15768140723515828,Not significant
chr4,1043697,1044197,501,*,5.04970303431013,4.48470411755693,5.45465418295741,-0.390928291006722,0.40072075057521,0.695647768509335,-0.390928291006722,0.695647768509335,5.04970303431013,0.15761060365650076,Not significant
chr1,248858766,248859266,501,*,4.84941976441841,3.98234519450763,5.38720538966834,-0.364198659308098,0.401424297806937,0.696493854353232,-0.364198659308098,0.696493854353232,4.84941976441841,0.15708271130355592,Not significant
chr3,157129873,157130373,501,*,5.18648164179212,4.5924339885145,5.60604035239524,-0.387464474224249,0.402472245819862,0.697936262665014,-0.387464474224249,0.697936262665014,5.18648164179212,0.15618423645531582,Not significant
chr1,20696797,20697297,501,*,5.0991139392042,4.72248597857284,5.39749568177853,-0.383273349033521,0.403372025370562,0.699120315085504,-0.383273349033521,0.699120315085504,5.0991139392042,0.15544807792914286,Not significant
GL000225.1,82291,82791,501,*,2.43434126012087,3.25066770781093,0.369928121234746,0.286767271926907,0.403941919675743,0.69967907855185,0.286767271926907,0.69967907855185,2.43434126012087,0.1551011119465519,Not significant
chr8,23083641,23084141,501,*,4.3559130950356,5.07169756676561,2.87242846176393,0.312869562533378,0.40417206713214,0.69967907855185,0.312869562533378,0.69967907855185,4.3559130950356,0.1551011119465519,Not significant
chr7,44986174,44986674,501,*,6.36627253851555,6.0411427211831,6.63143748529729,-0.37075773433298,0.404451396107438,0.69967907855185,-0.37075773433298,0.69967907855185,6.36627253851555,0.1551011119465519,Not significant
chr19,10871137,10871637,501,*,5.16117266730565,4.25066770781093,5.71502576266331,-0.355430448228657,0.404563042626349,0.69967907855185,-0.355430448228657,0.69967907855185,5.16117266730565,0.1551011119465519,Not significant
chr17,44066379,44066879,501,*,5.31581397028047,4.47306012914737,5.84430703879241,-0.361287633852387,0.405363485891405,0.700687313059071,-0.361287633852387,0.700687313059071,5.31581397028047,0.154475745954861,Not significant
chr14,24442697,24443197,501,*,5.22119988637095,4.73030072915207,5.58680120380415,-0.389122151352858,0.405820986697889,0.701101994177265,-0.389122151352858,0.701101994177265,5.22119988637095,0.15421879760220217,Not significant
chr1,77682667,77683167,501,*,5.15053863037323,4.55191116385845,5.57236037995666,-0.384583286357938,0.406256553728045,0.701478358044888,-0.384583286357938,0.701478358044888,5.15053863037323,0.15398572324812246,Not significant
chr5,134004271,134004771,501,*,5.85728202113726,5.42725541682193,6.1881293928856,-0.387148169597604,0.406496712828608,0.701517090912573,-0.387148169597604,0.701517090912573,5.85728202113726,0.15396174388208725,Not significant
chr7,87151925,87152425,501,*,4.76473337428232,5.1876945411502,4.16379177430545,0.383703090879077,0.40672941913967,0.701542927445404,0.383703090879077,0.701542927445404,4.76473337428232,0.15394574932234711,Not significant
chr2,3558304,3558804,501,*,6.09277916915548,5.75959843313042,6.3632668698673,-0.372225808228027,0.407083779913474,0.701778458470419,-0.372225808228027,0.701778458470419,6.09277916915548,0.1537999668573065,Not significant
chr7,112391998,112392498,501,*,5.10232646190426,4.7067283271477,5.41246395508031,-0.382469100878137,0.407604267175623,0.702299972641636,-0.382469100878137,0.702299972641636,5.10232646190426,0.1534773485018205,Not significant
chr20,63854258,63854758,501,*,6.13168173537579,5.80580225799858,6.39734439653732,-0.366623783901553,0.408067505761872,0.702722342899387,-0.366623783901553,0.702722342899387,6.13168173537579,0.15321623794754974,Not significant
chr11,68012609,68013109,501,*,4.01587327292438,3.0442168303435,4.5912628125133,-0.344374753115686,0.40916507093859,0.703872906959161,-0.344374753115686,0.703872906959161,4.01587327292438,0.152505751069778,Not significant
chr22,27918869,27919369,501,*,5.14080261935208,4.71663715129959,5.46817990211475,-0.383838740687673,0.409190253171421,0.703872906959161,-0.383838740687673,0.703872906959161,5.14080261935208,0.152505751069778,Not significant
chr2,3519009,3519509,501,*,6.14893711666483,6.39215612558879,5.85623097011794,0.3546410430672,0.409592580712438,0.703872906959161,0.3546410430672,0.703872906959161,6.14893711666483,0.152505751069778,Not significant
chr11,57667222,57667722,501,*,5.70472651256563,5.36624727988317,5.97869045339573,-0.370223951435497,0.409760872078742,0.703872906959161,-0.370223951435497,0.703872906959161,5.70472651256563,0.152505751069778,Not significant
chr17,64146842,64147342,501,*,5.77292408026805,5.48322621828804,6.01406456515828,-0.353512395758984,0.409827924722342,0.703872906959161,-0.353512395758984,0.703872906959161,5.77292408026805,0.152505751069778,Not significant
chr16,2980109,2980609,501,*,5.55041498472597,5.23754148764365,5.80738126589623,-0.362631574103435,0.410388088764193,0.704459468299537,-0.362631574103435,0.704459468299537,5.55041498472597,0.15214398935410928,Not significant
chr16,11850973,11851473,501,*,5.43150811597286,5.03699083013393,5.74098250782351,-0.379704567750611,0.410685946475076,0.704595377818261,-0.379704567750611,0.704595377818261,5.43150811597286,0.15206021013945964,Not significant
chr6,36065048,36065548,501,*,4.20155534164412,3.25066770781093,4.76976836229761,-0.344372272445903,0.411233219976102,0.705158826377328,-0.344372272445903,0.705158826377328,4.20155534164412,0.15171305371695606,Not significant
chr12,52143953,52144453,501,*,4.43586303640684,4.7827255440349,3.97828593562255,0.383964776325451,0.411671874994261,0.705535521931654,0.383964776325451,0.705535521931654,4.43586303640684,0.15148111572885,Not significant
chr20,51368704,51369204,501,*,5.1876687194634,5.71822856466613,4.33955447219123,0.354465245133125,0.412407271966783,0.706420111789993,0.354465245133125,0.706420111789993,5.1876687194634,0.15093694488479253,Not significant
chr1,1724187,1724687,501,*,4.52652531967969,4.95238637255974,3.91966901769255,0.377132953525353,0.413344740009488,0.707649708985425,0.377132953525353,0.707649708985425,4.52652531967969,0.1501816675941193,Not significant
chr20,35311058,35311558,501,*,5.40214046703835,5.92794236038671,4.56632533403825,0.354165146796301,0.413939697465913,0.708129497548902,0.354165146796301,0.708129497548902,5.40214046703835,0.14988731444553044,Not significant
chr10,114337605,114338105,501,*,5.33755277255252,4.83686180695976,5.70853366085784,-0.381780764261811,0.414064547915001,0.708129497548902,-0.381780764261811,0.708129497548902,5.33755277255252,0.14988731444553044,Not significant
chr17,58007188,58007688,501,*,6.13101184522285,5.76341186355233,6.42371020276764,-0.374575939861439,0.414415139662787,0.708353092834748,-0.374575939861439,0.708353092834748,6.13101184522285,0.14975020552475965,Not significant
chr1,153543407,153543907,501,*,5.32962665781124,4.99206214447711,5.60299197772946,-0.367116234050965,0.415151520353135,0.709235524166384,-0.367116234050965,0.709235524166384,5.32962665781124,0.14920951959812062,Not significant
chr19,49150365,49150865,501,*,5.46169875385862,4.62917933106466,5.9862160974619,-0.351493887565549,0.416200601499045,0.710276777543557,-0.351493887565549,0.710276777543557,5.46169875385862,0.14857238432774525,Not significant
GL000225.1,13271,13771,501,*,2.78739598185743,3.32676630095142,1.91611684115906,0.347394014890425,0.416201910615219,0.710276777543557,0.347394014890425,0.710276777543557,2.78739598185743,0.14857238432774525,Not significant
chr1,108692296,108692796,501,*,5.19205950755968,4.72048562563928,5.54687563830535,-0.37984861304193,0.416914641773079,0.711116450922636,-0.37984861304193,0.711116450922636,5.19205950755968,0.1480592743026636,Not significant
chr12,49866951,49867451,501,*,4.67382530467454,5.05312454788943,4.15778826728894,0.378915200060684,0.417243666113599,0.711280218326393,0.378915200060684,0.711280218326393,4.67382530467454,0.1479592694564499,Not significant
chr2,170696039,170696539,501,*,5.57217075932373,4.7700418669045,6.08464820812537,-0.35334661393901,0.417452170346123,0.711280218326393,-0.35334661393901,0.711280218326393,5.57217075932373,0.1479592694564499,Not significant
chr2,28390278,28390778,501,*,4.93968438334196,4.52960100341679,5.25863182018268,-0.376480718072302,0.417772433939271,0.711449673442036,-0.376480718072302,0.711449673442036,4.93968438334196,0.1478558156351338,Not significant
chr2,74120250,74120750,501,*,5.52512655036673,5.07991771620627,5.86485914807477,-0.37843012973625,0.418367946084126,0.711846184719204,-0.37843012973625,0.711846184719204,5.52512655036673,0.14761383830743488,Not significant
chr19,40662891,40663391,501,*,6.0492013593376,5.80265416626936,6.2597007650231,-0.331342674199224,0.418447136517124,0.711846184719204,-0.331342674199224,0.711846184719204,6.0492013593376,0.14761383830743488,Not significant
chr8,125664387,125664887,501,*,7.03490897926602,6.78444362778873,7.24825598485497,-0.332652271231176,0.418906838455032,0.712252154882382,-0.332652271231176,0.712252154882382,7.03490897926602,0.14736622815080638,Not significant
chr11,66336103,66336603,501,*,5.36385754561814,4.96131304325396,5.67823758258613,-0.374959384302529,0.420027159187255,0.713082022840643,-0.374959384302529,0.713082022840643,5.36385754561814,0.1468605121982409,Not significant
chr20,43657320,43657820,501,*,5.39054271413522,4.47306012914737,5.94691617040628,-0.339250441107263,0.420101013079473,0.713082022840643,-0.339250441107263,0.713082022840643,5.39054271413522,0.1468605121982409,Not significant
chr4,153249052,153249552,501,*,5.08557857839103,4.33268007219512,5.57778029661963,-0.355460891053902,0.420282514036702,0.713082022840643,-0.355460891053902,0.713082022840643,5.08557857839103,0.1468605121982409,Not significant
chr10,14953844,14954344,501,*,5.04112511108669,4.64174895418402,5.35357413894695,-0.37401732385877,0.420627773604021,0.713082022840643,-0.37401732385877,0.713082022840643,5.04112511108669,0.1468605121982409,Not significant
chr12,104265189,104265689,501,*,0.343777112202407,1.34377711220241,0.0,0.243173494425944,0.42076234025812,0.713082022840643,0.243173494425944,0.713082022840643,0.343777112202407,0.1468605121982409,Not significant
chr3,134485662,134486162,501,*,5.61542240927036,5.88211294561315,5.28799268688599,0.360582141941219,0.420916771609392,0.713082022840643,0.360582141941219,0.713082022840643,5.61542240927036,0.1468605121982409,Not significant
chr17,68086867,68087367,501,*,5.54632918950135,5.17629743851913,5.84056412819871,-0.369117290781043,0.421029072549723,0.713082022840643,-0.369117290781043,0.713082022840643,5.54632918950135,0.1468605121982409,Not significant
chr16,3282464,3282964,501,*,4.23911836847757,3.33026849792793,4.79237119592819,-0.340435552145522,0.421165452968884,0.713082022840643,-0.340435552145522,0.713082022840643,4.23911836847757,0.1468605121982409,Not significant
chr2,25376856,25377356,501,*,5.24744499900933,4.43123995345275,5.76554307563283,-0.346297466403471,0.422987433448102,0.715790709332871,-0.346297466403471,0.715790709332871,5.24744499900933,0.1452139428720452,Not significant
chr19,42075281,42075781,501,*,6.94224327797294,6.69721893801241,7.15163230877886,-0.328725776531232,0.423336117129379,0.716004708341658,-0.328725776531232,0.716004708341658,6.94224327797294,0.14508412182611402,Not significant
chr16,67170786,67171286,501,*,4.25409806062056,3.34377711220241,4.80788446516673,-0.335836222150158,0.423708666749881,0.716258827003209,-0.335836222150158,0.716258827003209,4.25409806062056,0.1449300128498051,Not significant
chr14,22556468,22556968,501,*,5.71054138474925,5.43653018849209,5.94072355055939,-0.339819029939831,0.42441698862699,0.717079988125936,-0.339819029939831,0.717079988125936,5.71054138474925,0.14443239738079489,Not significant
KI270435.1,870,1370,501,*,4.66757672053959,5.01578926740919,4.2076387862858,0.373279866493927,0.424891022463307,0.717504651140867,0.373279866493927,0.717504651140867,4.66757672053959,0.14417527932112548,Not significant
chr21,46323925,46324425,501,*,5.08018306461465,5.39194666850469,4.6819288434415,0.3697911107415,0.425481913233964,0.717925498682338,0.3697911107415,0.717925498682338,5.08018306461465,0.14392062148181117,Not significant
chr16,30621754,30622254,501,*,4.86666669599825,4.02541391639951,5.39457909985377,-0.342153309540742,0.425815782892461,0.717925498682338,-0.342153309540742,0.717925498682338,4.86666669599825,0.14392062148181117,Not significant
chr19,36687389,36687889,501,*,5.2795989410358,4.42980417147885,5.8108045473685,-0.340981301097195,0.42606027606513,0.717925498682338,-0.340981301097195,0.717925498682338,5.2795989410358,0.14392062148181117,Not significant
KI270442.1,82950,83450,501,*,3.93662914506992,4.37337734381765,3.3072398025432,0.361951322574097,0.426165427600481,0.717925498682338,0.361951322574097,0.717925498682338,3.93662914506992,0.14392062148181117,Not significant
chr7,101138277,101138777,501,*,6.34339431646692,6.07509353230164,6.56953670133036,-0.33817348711009,0.426391539605333,0.717925498682338,-0.33817348711009,0.717925498682338,6.34339431646692,0.14392062148181117,Not significant
chr2,238061330,238061830,501,*,5.17120208579528,4.6207955241671,5.56864619014309,-0.368203072759465,0.426477158435132,0.717925498682338,-0.368203072759465,0.717925498682338,5.17120208579528,0.14392062148181117,Not significant
chr16,72008434,72008934,501,*,5.11564552381949,4.29797342258928,5.6343249977624,-0.342161636240144,0.426966868354939,0.718374542997187,-0.342161636240144,0.718374542997187,5.11564552381949,0.14364906613994155,Not significant
chr4,7749956,7750456,501,*,4.7340545807032,5.154593228548,4.13802645069875,0.364302470671995,0.427295669192687,0.718552529300019,0.364302470671995,0.718552529300019,4.7340545807032,0.14354147756281763,Not significant
chr5,181243520,181244020,501,*,5.95207896459458,5.60460355393617,6.23189699670986,-0.362218102763342,0.42782252256912,0.71906320694716,-0.362218102763342,0.71906320694716,5.95207896459458,0.1432329326743313,Not significant
chr8,106653326,106653826,501,*,4.5384230533738,3.69283857731264,5.06800883699003,-0.339212900751264,0.428566476351567,0.719938053599974,-0.339212900751264,0.719938053599974,4.5384230533738,0.14270487042580488,Not significant
chr2,134368878,134369378,501,*,4.58515231813292,3.66570520708977,5.14223238622474,-0.329753213886582,0.429289097304756,0.720313437179889,-0.329753213886582,0.720313437179889,4.58515231813292,0.14247848354533374,Not significant
chr6,3259172,3259672,501,*,5.672116568002,5.35403266523922,5.93258247660014,-0.353474537725606,0.429321054059692,0.720313437179889,-0.353474537725606,0.720313437179889,5.672116568002,0.14247848354533374,Not significant
chr9,137277778,137278278,501,*,5.23763090951075,4.70268081492053,5.62699666502539,-0.366701670303957,0.429460618504831,0.720313437179889,-0.366701670303957,0.720313437179889,5.23763090951075,0.14247848354533374,Not significant
chr11,67997794,67998294,501,*,5.5166040102559,4.9669486631373,5.91365852783653,-0.366256328224275,0.429707775920253,0.720352993764337,-0.366256328224275,0.720352993764337,5.5166040102559,0.14245463457379665,Not significant
chr12,57087338,57087838,501,*,6.12246845303549,5.89585102215969,6.31827418800697,-0.311415487435871,0.430354147079325,0.720700961239228,-0.311415487435871,0.720700961239228,6.12246845303549,0.14224489869730245,Not significant
chr14,68978307,68978807,501,*,5.1600367868339,4.66709068142136,5.52676737084396,-0.367896132392568,0.430410015759796,0.720700961239228,-0.367896132392568,0.720700961239228,5.1600367868339,0.14224489869730245,Not significant
chr19,13013083,13013583,501,*,5.64289265170748,5.33834361548296,5.89422361092783,-0.348178700340735,0.43058639056037,0.720700961239228,-0.348178700340735,0.720700961239228,5.64289265170748,0.14224489869730245,Not significant
chr12,52949591,52950091,501,*,4.70632620608032,3.86733906825942,5.23336058942483,-0.335732680130607,0.431147029166096,0.720784978743584,-0.335732680130607,0.720784978743584,4.70632620608032,0.14219427269041005,Not significant
chr7,100307620,100308120,501,*,4.26720187897521,4.81622991508422,3.36992812123475,0.330987226173424,0.431259328303089,0.720784978743584,0.330987226173424,0.720784978743584,4.26720187897521,0.14219427269041005,Not significant
chr17,3723465,3723965,501,*,5.67326057002021,5.95217045037265,5.32718682652853,0.358691826071706,0.431307709192312,0.720784978743584,0.358691826071706,0.720784978743584,5.67326057002021,0.14219427269041005,Not significant
chr5,157558194,157558694,501,*,5.54599864967906,4.89081981472017,5.99490301164832,-0.354409530517655,0.431638038985595,0.720815115335259,-0.354409530517655,0.720815115335259,5.54599864967906,0.14217611487324083,Not significant
chr5,135034342,135034842,501,*,5.53201385677855,5.20462313609579,5.79867855593035,-0.355956163635613,0.431773175852591,0.720815115335259,-0.355956163635613,0.720815115335259,5.53201385677855,0.14217611487324083,Not significant
chr2,121530610,121531110,501,*,6.33146366730112,6.08173691788629,6.54427489979727,-0.327172175218016,0.432034383327978,0.720877671197692,-0.327172175218016,0.720877671197692,6.33146366730112,0.1421384263086088,Not significant
chr1,25549394,25549894,501,*,5.14222076155206,4.33026849792793,5.65862877682327,-0.338232198754192,0.432840710899287,0.721849260102227,-0.338232198754192,0.721849260102227,5.14222076155206,0.1415534843427354,Not significant
chr12,124863514,124864014,501,*,5.29498168492015,4.82106716355203,5.6511161198934,-0.365520817879318,0.434006684900861,0.723194716006935,-0.365520817879318,0.723194716006935,5.29498168492015,0.14074475567624123,Not significant
chr19,44718280,44718780,501,*,4.85314891220717,5.2910170305744,4.2214118397934,0.355181301848329,0.434096393779457,0.723194716006935,0.355181301848329,0.723194716006935,4.85314891220717,0.14074475567624123,Not significant
chr11,12182482,12182982,501,*,4.69596685630142,5.00609997803769,4.30037585123018,0.362722308133695,0.435179865147978,0.724486856674787,0.362722308133695,0.724486856674787,4.69596685630142,0.13996948890280006,Not significant
chr21,32464060,32464560,501,*,5.30141658724284,4.88218452539468,5.62585557829583,-0.36393824052179,0.435321711521536,0.724486856674787,-0.36393824052179,0.724486856674787,5.30141658724284,0.13996948890280006,Not significant
chr6,73579763,73580263,501,*,5.50384577553518,5.20091661534806,5.75407378668194,-0.344464505081801,0.436731581168975,0.726228754646966,-0.344464505081801,0.726228754646966,5.50384577553518,0.13892655942026838,Not significant
chr11,62044474,62044974,501,*,5.78235796891034,5.3045581895534,6.14067331150089,-0.363049631767192,0.436819157823036,0.726228754646966,-0.363049631767192,0.726228754646966,5.78235796891034,0.13892655942026838,Not significant
chr17,45161257,45161757,501,*,6.12447692702316,5.8546150015109,6.35172644132041,-0.335025257587539,0.437377036373741,0.726781233211033,-0.335025257587539,0.726781233211033,6.12447692702316,0.13859629547809013,Not significant
chr18,9973706,9974206,501,*,4.3269881834584,4.68002206920406,3.8585692509954,0.362343885688219,0.438114028647335,0.727630618712223,0.362343885688219,0.727630618712223,4.3269881834584,0.138089034102813,Not significant
chr12,56315718,56316218,501,*,5.90448379769728,5.66544181420102,6.1094911519169,-0.318532536501969,0.438508706956471,0.727820322880921,-0.318532536501969,0.727820322880921,5.90448379769728,0.1379758218030759,Not significant
chr9,129626310,129626810,501,*,5.65673299319695,5.91654796221194,5.33962062289938,0.347623853553742,0.438680033219972,0.727820322880921,0.347623853553742,0.727820322880921,5.65673299319695,0.1379758218030759,Not significant
chr2,84919490,84919990,501,*,5.14204584417052,4.36421582985127,5.6446377658848,-0.335478101310519,0.439296823775788,0.72817590013726,-0.335478101310519,0.72817590013726,5.14204584417052,0.13776369866573943,Not significant
chr16,28925161,28925661,501,*,4.79991784230106,5.32928874232511,3.9548906219559,0.328331538325171,0.439346353155442,0.72817590013726,0.328331538325171,0.72817590013726,4.79991784230106,0.13776369866573943,Not significant
chr12,6204898,6205398,501,*,5.4754858693622,5.81896221084533,5.02380360262164,0.361349448039763,0.439600020526411,0.728221730661232,0.361349448039763,0.728221730661232,5.4754858693622,0.1377363655483964,Not significant
chr5,177312035,177312535,501,*,6.23359123791969,6.00555247011383,6.43045662078408,-0.311863614782088,0.440186665065246,0.7288188257144,-0.311863614782088,0.7288188257144,6.23359123791969,0.13738041787055857,Not significant
chr16,81630656,81631156,501,*,5.82591269435629,5.257011504212,6.23285198377183,-0.353475841980042,0.441338653687315,0.729340171381177,-0.353475841980042,0.729340171381177,5.82591269435629,0.13706986524036632,Not significant
chr20,19993719,19994219,501,*,5.05011703266473,4.25066770781093,5.56151579682116,-0.329926666504139,0.441419036981844,0.729340171381177,-0.329926666504139,0.729340171381177,5.05011703266473,0.13706986524036632,Not significant
chr2,20593206,20593706,501,*,5.33380408247516,4.82044471692928,5.71166169394888,-0.35711487508276,0.441738022180916,0.729340171381177,-0.35711487508276,0.729340171381177,5.33380408247516,0.13706986524036632,Not significant
GL000225.1,40471,40971,501,*,2.82883716059683,3.59170462564599,1.10689371540095,0.267854647068281,0.441754641900711,0.729340171381177,0.267854647068281,0.729340171381177,2.82883716059683,0.13706986524036632,Not significant
chr12,3178906,3179406,501,*,4.84196405114523,4.37910347720431,5.19184310468518,-0.359249709166984,0.441817014370714,0.729340171381177,-0.359249709166984,0.729340171381177,4.84196405114523,0.13706986524036632,Not significant
chr5,96807414,96807914,501,*,5.92774670078628,5.6130817083257,6.18591864437612,-0.346739421444755,0.441859718974568,0.729340171381177,-0.346739421444755,0.729340171381177,5.92774670078628,0.13706986524036632,Not significant
chr22,19855080,19855580,501,*,5.99991341685594,5.75389843848895,6.21002499324469,-0.318635868952778,0.442391472273988,0.729843995733123,-0.318635868952778,0.729843995733123,5.99991341685594,0.13676996047231152,Not significant
chr2,239247450,239247950,501,*,5.42345929398049,5.1172926636891,5.67588957304758,-0.342080195512584,0.44305040727478,0.730557017522693,-0.342080195512584,0.730557017522693,5.42345929398049,0.13634588318055194,Not significant
chr19,50969343,50969843,501,*,4.5349370946548,5.06355656189996,3.69185621612211,0.324527443522608,0.443357511769667,0.730689464410161,0.324527443522608,0.730689464410161,4.5349370946548,0.13626715457009317,Not significant
chr20,48515129,48515629,501,*,2.54854173199332,3.20462313609579,1.31136953572392,0.290847924544141,0.443612913077884,0.730736608352221,0.290847924544141,0.730736608352221,2.54854173199332,0.1362391348785323,Not significant
chr9,96417993,96418493,501,*,5.16274000805703,4.7846414899817,5.46204203909758,-0.354224598859737,0.444668812625695,0.732101642452728,-0.354224598859737,0.732101642452728,5.16274000805703,0.13542861881607332,Not significant
chr5,132777383,132777883,501,*,4.51439792263943,3.69283857731264,5.034613935816,-0.325626990956418,0.445103781599227,0.732265601455552,-0.325626990956418,0.732265601455552,4.51439792263943,0.13533136658542072,Not significant
chr4,705902,706402,501,*,4.13129861934222,3.6130817083257,4.51176845030977,-0.353640012391157,0.445222940177352,0.732265601455552,-0.353640012391157,0.732265601455552,4.13129861934222,0.13533136658542072,Not significant
chr9,26891958,26892458,501,*,2.80427386572737,1.66570520708977,3.43261821370798,-0.294780410917097,0.445708797930763,0.732382522018902,-0.294780410917097,0.732382522018902,2.80427386572737,0.13526202849010902,Not significant
chr7,102671553,102672053,501,*,4.94988862295094,4.45911570546932,5.31542021462624,-0.355463463536217,0.445748642358494,0.732382522018902,-0.355463463536217,0.732382522018902,4.94988862295094,0.13526202849010902,Not significant
chr13,110712820,110713320,501,*,5.45398271693506,5.11577146526274,5.7277713476495,-0.347881153119646,0.447709821226786,0.73442163025309,-0.347881153119646,0.73442163025309,5.45398271693506,0.13405454073761078,Not significant
chr22,46613570,46614070,501,*,5.35379953612843,5.62436602124178,5.02049907301359,0.345976437860568,0.447748791199119,0.73442163025309,0.345976437860568,0.73442163025309,5.35379953612843,0.13405454073761078,Not significant
chr2,46305117,46305617,501,*,4.90096700377914,4.38079325030345,5.28248534304105,-0.351687554385259,0.44780806961307,0.73442163025309,-0.351687554385259,0.73442163025309,4.90096700377914,0.13405454073761078,Not significant
chr7,492217,492717,501,*,3.61646416307711,4.20938557658742,2.59232054257119,0.303473158310207,0.447901459791224,0.73442163025309,0.303473158310207,0.73442163025309,3.61646416307711,0.13405454073761078,Not significant
chr21,10381675,10382175,501,*,3.27570222058313,3.870950561053,2.24439723915089,0.30295825804897,0.44829300162248,0.734576176403214,0.30295825804897,0.734576176403214,3.27570222058313,0.1339631606958684,Not significant
chr15,100113791,100114291,501,*,3.675095340295,2.74530599720678,4.23587388418572,-0.312231422322109,0.448451688077319,0.734576176403214,-0.312231422322109,0.734576176403214,3.675095340295,0.1339631606958684,Not significant
chr12,6753307,6753807,501,*,5.92757980583229,5.61980850661205,6.18109857797106,-0.338693805764014,0.450653769733393,0.737808153496439,-0.338693805764014,0.737808153496439,5.92757980583229,0.13205654970701183,Not significant
chr22,29798703,29799203,501,*,5.56642723501449,5.22700268944318,5.84100915883052,-0.344520154290691,0.451106727862844,0.737847335050822,-0.344520154290691,0.737847335050822,5.56642723501449,0.1320334869623577,Not significant
chr7,102572165,102572665,501,*,3.45009623585249,3.93220080721155,2.72085294863665,0.329433041413298,0.451135707650564,0.737847335050822,0.329433041413298,0.737847335050822,3.45009623585249,0.1320334869623577,Not significant
chr18,10035369,10035869,501,*,6.15569498420654,5.88940792478631,6.38040624791949,-0.326762911145621,0.451640970980338,0.737887980945463,-0.326762911145621,0.737887980945463,6.15569498420654,0.13200956358318836,Not significant
chr20,21117716,21118216,501,*,4.35477001431719,3.51370211364472,4.88261084237095,-0.315531673729326,0.451839797752323,0.737887980945463,-0.315531673729326,0.737887980945463,4.35477001431719,0.13200956358318836,Not significant
chr17,27956490,27956990,501,*,5.15590351509311,4.38817123156086,5.654317828044,-0.323307216399352,0.451847605960707,0.737887980945463,-0.323307216399352,0.737887980945463,5.15590351509311,0.13200956358318836,Not significant
chr1,226703229,226703729,501,*,5.4565060657726,5.12866087402224,5.72347176321666,-0.342720384031131,0.4525650515636,0.738446809429701,-0.342720384031131,0.738446809429701,5.4565060657726,0.13168078160201668,Not significant
chr7,2641278,2641778,501,*,5.45357355154597,5.69343699346265,5.16571872694315,0.332716286866227,0.452772133840076,0.738446809429701,0.332716286866227,0.738446809429701,5.45357355154597,0.13168078160201668,Not significant
chr2,55282534,55283034,501,*,4.59401034828523,5.12715162154475,3.73916193090046,0.314474853787218,0.452885890019451,0.738446809429701,0.314474853787218,0.738446809429701,4.59401034828523,0.13168078160201668,Not significant
chr2,135985270,135985770,501,*,6.15523524508541,6.3745481375381,5.89650116604663,0.319883660740578,0.45310656183815,0.738446809429701,0.319883660740578,0.738446809429701,6.15523524508541,0.13168078160201668,Not significant
chr22,50525200,50525700,501,*,5.09120082549711,4.76632350973373,5.35619803449395,-0.341233638104683,0.453445068972757,0.738624879792833,-0.341233638104683,0.738624879792833,5.09120082549711,0.1315760676913275,Not significant
chr14,73058221,73058721,501,*,5.53034822722642,5.21069724970509,5.79186255561132,-0.341017070849666,0.453867981725211,0.738887120944658,-0.341017070849666,0.738887120944658,5.53034822722642,0.1314219032766836,Not significant
chr3,46516411,46516911,501,*,4.73919061609271,4.32413406265693,5.06113014335344,-0.349770012037908,0.454104965780642,0.738887120944658,-0.349770012037908,0.738887120944658,4.73919061609271,0.1314219032766836,Not significant
chr12,8949696,8950196,501,*,5.6253049512089,6.10851868504613,4.89349007729176,0.325580905491153,0.454308877834713,0.738887120944658,0.325580905491153,0.738887120944658,5.6253049512089,0.1314219032766836,Not significant
chr7,101154318,101154818,501,*,6.037307314351,5.65788005197258,6.33743957569759,-0.348097080524974,0.45452336241847,0.738887120944658,-0.348097080524974,0.738887120944658,6.037307314351,0.1314219032766836,Not significant
chr16,69564460,69564960,501,*,4.49462752363217,4.06197760331764,4.82702078054718,-0.348477457721057,0.455782060945755,0.740269183487328,-0.348477457721057,0.740269183487328,4.49462752363217,0.13061032939663017,Not significant
chr11,47176589,47177089,501,*,5.94465986356121,5.61730217487448,6.21130267932389,-0.341057108531576,0.455833041601135,0.740269183487328,-0.341057108531576,0.740269183487328,5.94465986356121,0.13061032939663017,Not significant
chr5,172770957,172771457,501,*,4.87942305974962,4.38500904443033,5.24696193587412,-0.346238930777651,0.456522619127827,0.74041602640521,-0.346238930777651,0.74041602640521,4.87942305974962,0.1305241894544929,Not significant
chr12,57771746,57772246,501,*,5.79903212704432,5.09866461436588,6.26848531786879,-0.326156084587398,0.456559918230687,0.74041602640521,-0.326156084587398,0.74041602640521,5.79903212704432,0.1305241894544929,Not significant
chr1,40979685,40980185,501,*,5.77672606743794,5.52807692307976,5.98875476849082,-0.315084955270474,0.456612862963114,0.74041602640521,-0.315084955270474,0.74041602640521,5.77672606743794,0.1305241894544929,Not significant
chr7,24979808,24980308,501,*,6.09736620402304,5.70343721081698,6.40647934099479,-0.346752472377608,0.456843607607999,0.740417557199685,-0.346752472377608,0.740417557199685,6.09736620402304,0.13052329156076492,Not significant
chr2,109613872,109614372,501,*,5.56256808162502,5.2839185760438,5.79601156781342,-0.327578005967716,0.457985839449798,0.741557265170796,-0.327578005967716,0.741557265170796,5.56256808162502,0.12985530587984323,Not significant
chr11,65507490,65507990,501,*,5.88778936406541,5.39435777613596,6.25478741605425,-0.344299984558035,0.458070864882239,0.741557265170796,-0.344299984558035,0.741557265170796,5.88778936406541,0.12985530587984323,Not significant
chr3,49166178,49166678,501,*,5.42184944444732,5.08095754090045,5.69738930467135,-0.341481852972834,0.458746038649419,0.741557265170796,-0.341481852972834,0.741557265170796,5.42184944444732,0.12985530587984323,Not significant
chr19,507397,507897,501,*,5.85922093727034,5.41069361155893,6.2008760113897,-0.345533594027991,0.459047714248817,0.741557265170796,-0.345533594027991,0.741557265170796,5.85922093727034,0.12985530587984323,Not significant
chr12,12786866,12787366,501,*,6.31608019266423,5.99282474859685,6.57999881997794,-0.338409861175814,0.459049066117001,0.741557265170796,-0.338409861175814,0.741557265170796,6.31608019266423,0.12985530587984323,Not significant
chr17,79813760,79814260,501,*,5.21777948430152,4.78831299306954,5.54829620957116,-0.345846000962442,0.459092585384917,0.741557265170796,-0.345846000962442,0.741557265170796,5.21777948430152,0.12985530587984323,Not significant
chr7,73578045,73578545,501,*,5.246884550419,4.88561628310692,5.53556212971745,-0.343348428583852,0.459157896963295,0.741557265170796,-0.343348428583852,0.741557265170796,5.246884550419,0.12985530587984323,Not significant
chr1,46198018,46198518,501,*,4.63664062715129,4.21674589693137,4.96147523039364,-0.345049337464551,0.460200773566937,0.742869184585506,-0.345049337464551,0.742869184585506,4.63664062715129,0.129087656514734,Not significant
chr16,50303458,50303958,501,*,4.95546580449465,4.56944304579731,5.2597007650231,-0.343482766752603,0.46058252872894,0.743113123467524,-0.343482766752603,0.743113123467524,4.95546580449465,0.12894506893376537,Not significant
chr12,53767701,53768201,501,*,4.01784357469806,3.15113203426001,4.55549207637913,-0.304316115225157,0.460888825120908,0.743162025604282,-0.304316115225157,0.743162025604282,4.01784357469806,0.1289164902036854,Not significant
chr19,48637878,48638378,501,*,5.31615749699959,4.88918236736408,5.64520104238752,-0.344341050355831,0.461111005096608,0.743162025604282,-0.344341050355831,0.743162025604282,5.31615749699959,0.1289164902036854,Not significant
chr10,11713413,11713913,501,*,5.20178141374294,5.48666706340737,4.8464430823157,0.340676766637383,0.46147115214341,0.743162025604282,0.340676766637383,0.743162025604282,5.20178141374294,0.1289164902036854,Not significant
chr18,12308410,12308910,501,*,5.49252254374184,5.12715162154475,5.78380868849231,-0.342114209995419,0.461535447931151,0.743162025604282,-0.342114209995419,0.743162025604282,5.49252254374184,0.1289164902036854,Not significant
chr3,50624406,50624906,501,*,4.29868664138654,4.67192939046839,3.79384776023925,0.33958711881269,0.462463483700081,0.744150855135705,0.33958711881269,0.744150855135705,4.29868664138654,0.1283390148414066,Not significant
chr6,35370036,35370536,501,*,5.29652134845404,4.90013441972837,5.60714226150823,-0.342951183920165,0.462611472016393,0.744150855135705,-0.342951183920165,0.744150855135705,5.29652134845404,0.1283390148414066,Not significant
chr11,47551923,47552423,501,*,4.11072149014094,3.6130817083257,4.48003213531471,-0.339633455455686,0.46291246245755,0.744261121139389,-0.339633455455686,0.744261121139389,4.11072149014094,0.1282746671771948,Not significant
chr7,44082463,44082963,501,*,4.91703217354747,4.15113203426001,5.41468405276121,-0.312750186976037,0.463142007412935,0.744261121139389,-0.312750186976037,0.744261121139389,4.91703217354747,0.1282746671771948,Not significant
chr5,159821566,159822066,501,*,5.72795673336298,5.43927346603564,5.96839454603521,-0.32805447389757,0.463498158639002,0.744462147126055,-0.32805447389757,0.744462147126055,5.72795673336298,0.1281573794594304,Not significant
chr13,49444897,49445397,501,*,5.45917875761158,5.17483723133153,5.69660016149357,-0.325617705401338,0.463975857429585,0.744802594197491,-0.325617705401338,0.744802594197491,5.45917875761158,0.12795881934721165,Not significant
chr7,1937032,1937532,501,*,4.32047130826924,3.77711637106935,4.71424621035827,-0.336039458533655,0.464379431116425,0.744802594197491,-0.336039458533655,0.744802594197491,4.32047130826924,0.12795881934721165,Not significant
chr2,231684336,231684836,501,*,3.62155413012112,2.66570520708977,4.19149415412262,-0.292933149009128,0.464403603892849,0.744802594197491,-0.292933149009128,0.744802594197491,3.62155413012112,0.12795881934721165,Not significant
chr21,33610626,33611126,501,*,3.05815353526865,1.52291357587033,3.78496562051359,-0.257037576983779,0.465026254220359,0.745430144824874,-0.257037576983779,0.745430144824874,3.05815353526865,0.12759304857388076,Not significant
chr11,68297967,68298467,501,*,5.57868194211569,5.28437002465409,5.82300743676758,-0.327063939577783,0.466142894106461,0.746848535460477,-0.327063939577783,0.746848535460477,5.57868194211569,0.12676746630179356,Not significant
KI270519.1,85390,85890,501,*,4.88704844049512,5.33573243485211,4.23234319875249,0.322031157423337,0.466436767286353,0.746936388182189,0.322031157423337,0.746936388182189,4.88704844049512,0.12671638270642477,Not significant
chr8,122798142,122798642,501,*,3.0320222894076,2.15903116871254,3.57203603120876,-0.300417373300929,0.466751056889789,0.746936388182189,-0.300417373300929,0.746936388182189,3.0320222894076,0.12671638270642477,Not significant
chrX,71365835,71366335,501,*,4.80396007199878,4.45671438946574,5.083629360958,-0.336316112569638,0.466930956196318,0.746936388182189,-0.336316112569638,0.746936388182189,4.80396007199878,0.12671638270642477,Not significant
chr2,46955155,46955655,501,*,5.76141722052559,5.4388679847454,6.02486557176695,-0.333273596739045,0.467342714678382,0.746936388182189,-0.333273596739045,0.746936388182189,5.76141722052559,0.12671638270642477,Not significant
chr11,65497275,65497775,501,*,6.08342057200214,6.49703411595797,5.50130177247332,0.329160975788673,0.467356846236901,0.746936388182189,0.329160975788673,0.746936388182189,6.08342057200214,0.12671638270642477,Not significant
chr11,95150464,95150964,501,*,4.94024413147923,4.56573382218048,5.23729794484657,-0.337132147232696,0.469428051145453,0.749874655820847,-0.337132147232696,0.749874655820847,4.94024413147923,0.12501132438789914,Not significant
chr22,41285722,41286222,501,*,5.16662217180786,4.43123995345275,5.65136987701125,-0.309690805734752,0.470022016357416,0.75036762601199,-0.309690805734752,0.75036762601199,5.16662217180786,0.12472591149952197,Not significant
chr20,50838927,50839427,501,*,4.23086589978715,3.68875185339165,4.62399229622191,-0.330569160488756,0.470202432314776,0.75036762601199,-0.330569160488756,0.75036762601199,4.23086589978715,0.12472591149952197,Not significant
chr20,34971693,34972193,501,*,5.37277274147423,5.62890918387974,5.06113014335344,0.327781286297099,0.470781560095744,0.750507636387212,0.327781286297099,0.750507636387212,5.37277274147423,0.12464488446807197,Not significant
chr11,118281226,118281726,501,*,5.30230625410279,5.69904186217352,4.75326539730085,0.329271871840992,0.471017564666557,0.750507636387212,0.329271871840992,0.750507636387212,5.30230625410279,0.12464488446807197,Not significant
chr21,44426005,44426505,501,*,4.58360362632255,5.09467523180528,3.78496562051359,0.302715234838208,0.471485755692563,0.750507636387212,0.302715234838208,0.750507636387212,4.58360362632255,0.12464488446807197,Not significant
chr19,55605033,55605533,501,*,6.06594947305672,5.80170839765253,6.28920318373421,-0.316215355793719,0.47158717587368,0.750507636387212,-0.316215355793719,0.750507636387212,6.06594947305672,0.12464488446807197,Not significant
chr20,25195390,25195890,501,*,4.84718046424441,4.10787607659148,5.33360847198566,-0.308882885790598,0.471806615990088,0.750507636387212,-0.308882885790598,0.750507636387212,4.84718046424441,0.12464488446807197,Not significant
chr21,33947519,33948019,501,*,5.56071198553491,5.81036109732085,5.25863182018268,0.324708827898133,0.471869175568275,0.750507636387212,0.324708827898133,0.750507636387212,5.56071198553491,0.12464488446807197,Not significant
chr13,113153396,113153896,501,*,4.64803466653647,4.08860836312044,5.05013254257338,-0.326546065854579,0.472045315278594,0.750507636387212,-0.326546065854579,0.750507636387212,4.64803466653647,0.12464488446807197,Not significant
chr11,65418900,65419400,501,*,6.03436177419395,6.24777238970001,5.78380868849231,0.308192706762166,0.472609387664913,0.750507636387212,0.308192706762166,0.750507636387212,6.03436177419395,0.12464488446807197,Not significant
chr2,87429465,87429965,501,*,2.48134430610209,1.51677914059933,3.05429911235143,-0.285227820254548,0.472684050313234,0.750507636387212,-0.285227820254548,0.750507636387212,2.48134430610209,0.12464488446807197,Not significant
chr14,105490608,105491108,501,*,5.40775100635642,5.08809129432559,5.66927117306459,-0.329223266915989,0.472709477023898,0.750507636387212,-0.329223266915989,0.750507636387212,5.40775100635642,0.12464488446807197,Not significant
chr7,1555563,1556063,501,*,4.81215331658545,4.38416687056895,5.14179535686576,-0.335026792163448,0.473040298047876,0.750507636387212,-0.335026792163448,0.750507636387212,4.81215331658545,0.12464488446807197,Not significant
chr1,15835523,15836023,501,*,6.11032273745635,4.8032087308397,6.78466722972006,-0.261257842124606,0.473232872326085,0.750507636387212,-0.261257842124606,0.750507636387212,6.11032273745635,0.12464488446807197,Not significant
chr18,2654946,2655446,501,*,5.64726172497143,5.24707776029268,5.96020373534235,-0.334743568698744,0.473482628194625,0.750507636387212,-0.334743568698744,0.750507636387212,5.64726172497143,0.12464488446807197,Not significant
chr1,28507708,28508208,501,*,5.84585797362078,5.58171911632213,6.06903877152213,-0.313395010196734,0.473968798691579,0.750507636387212,-0.313395010196734,0.750507636387212,5.84585797362078,0.12464488446807197,Not significant
chr18,10453914,10454414,501,*,5.6731300743818,5.41317269555226,5.89332059430575,-0.313299813943059,0.474369936346592,0.750507636387212,-0.313299813943059,0.750507636387212,5.6731300743818,0.12464488446807197,Not significant
chr1,1079854,1080354,501,*,5.00510848891823,4.64104410747523,5.29556522038069,-0.332761625298494,0.474767616571727,0.750507636387212,-0.332761625298494,0.750507636387212,5.00510848891823,0.12464488446807197,Not significant
chrX,49172045,49172545,501,*,4.69997744009287,4.32413406265693,4.99786755883761,-0.333236142526262,0.474814807981756,0.750507636387212,-0.333236142526262,0.750507636387212,4.69997744009287,0.12464488446807197,Not significant
chr14,102087493,102087993,501,*,6.18232072382811,5.91596538495011,6.40708056863067,-0.315345487961923,0.474949823913793,0.750507636387212,-0.315345487961923,0.750507636387212,6.18232072382811,0.12464488446807197,Not significant
chr5,76472673,76473173,501,*,4.74835587379709,5.07535442961616,4.32482780297175,0.33348205585715,0.475077820657407,0.750507636387212,0.33348205585715,0.750507636387212,4.74835587379709,0.12464488446807197,Not significant
chr2,201831159,201831659,501,*,5.81818928824528,6.08401029367651,5.49207117592911,0.32747104637563,0.475097373102535,0.750507636387212,0.32747104637563,0.750507636387212,5.81818928824528,0.12464488446807197,Not significant
chr7,936721,937221,501,*,3.89760532382411,4.43449777777787,3.03289313395718,0.29292320251215,0.475181743708849,0.750507636387212,0.29292320251215,0.750507636387212,3.89760532382411,0.12464488446807197,Not significant
chr19,2543478,2543978,501,*,5.41316273563767,5.05524238904103,5.69970261031623,-0.331067293246218,0.476303581134459,0.751910895842835,-0.331067293246218,0.751910895842835,5.41316273563767,0.12383362182401503,Not significant
chr14,91114070,91114570,501,*,4.84206929570593,4.508486968852,5.11282121372736,-0.32763244264852,0.477293377283084,0.753005865002638,-0.32763244264852,0.753005865002638,4.84206929570593,0.12320164115871185,Not significant
chr1,174349795,174350295,501,*,3.19247955488372,3.78831299306954,2.15936644227887,0.275624015302061,0.477464612725137,0.753005865002638,0.275624015302061,0.753005865002638,3.19247955488372,0.12320164115871185,Not significant
chr20,2651718,2652218,501,*,6.10492177616067,5.82231125171798,6.34113627403576,-0.317722812473985,0.47850777850851,0.754178369724688,-0.317722812473985,0.754178369724688,6.10492177616067,0.12252592757070645,Not significant
chr17,19346534,19347034,501,*,4.63873751785713,4.08653897509072,5.03710971747722,-0.321044748470856,0.478878901008414,0.754178369724688,-0.321044748470856,0.754178369724688,4.63873751785713,0.12252592757070645,Not significant
chrX,41333648,41334148,501,*,5.81376083039328,5.5917921662586,6.00608800873186,-0.292230685826712,0.478910286920147,0.754178369724688,-0.292230685826712,0.754178369724688,5.81376083039328,0.12252592757070645,Not significant
chr5,139293607,139294107,501,*,5.73304992145002,5.37210366640325,6.02152224346293,-0.327791668893382,0.480957038396732,0.757031547491095,-0.327791668893382,0.757031547491095,5.73304992145002,0.120886021932133,Not significant
chr10,86971426,86971926,501,*,5.76035520792802,5.99095620780952,5.48574975808312,0.311625032108231,0.482399943545679,0.75893194243368,0.311625032108231,0.75893194243368,5.76035520792802,0.11979716791312935,Not significant
chr7,2555406,2555906,501,*,5.71114579186149,5.15792789335623,6.11004515178416,-0.316157162759869,0.48435232321242,0.761631618052912,-0.316157162759869,0.761631618052912,5.71114579186149,0.11825503513187845,Not significant
chr1,156113104,156113604,501,*,4.12117049624987,3.25066770781093,4.66024868824401,-0.282273232020863,0.485014563233203,0.762053957240053,-0.282273232020863,0.762053957240053,4.12117049624987,0.1180142773454448,Not significant
chr15,92809121,92809621,501,*,6.49082753221958,6.18146442770335,6.74542406668701,-0.319777973659687,0.485093937398929,0.762053957240053,-0.319777973659687,0.762053957240053,6.49082753221958,0.1180142773454448,Not significant
chr8,144522254,144522754,501,*,5.59083600566597,5.05828663234156,5.97893513934855,-0.316937047609451,0.485818789357406,0.762820730657681,-0.316937047609451,0.762820730657681,5.59083600566597,0.1175775129413192,Not significant
chr20,29122851,29123351,501,*,3.34482009733004,2.30243792635442,3.94363775122344,-0.266836259792338,0.48717317163699,0.764574748667502,-0.266836259792338,0.764574748667502,3.34482009733004,0.11658004936624017,Not significant
chr4,6324224,6324724,501,*,3.63088851262628,3.10174164132048,4.01718695691623,-0.31530662185234,0.487884426123658,0.764950156007015,-0.31530662185234,0.764950156007015,3.63088851262628,0.1163668624625264,Not significant
chr14,55117810,55118310,501,*,4.94745227326521,5.43256025613312,4.21123037521569,0.29314169874273,0.488723642761839,0.764950156007015,0.29314169874273,0.764950156007015,4.94745227326521,0.1163668624625264,Not significant
chr17,935516,936016,501,*,4.99294260261555,4.58383325809761,5.31130207684504,-0.322865991135904,0.488751052662376,0.764950156007015,-0.322865991135904,0.764950156007015,4.99294260261555,0.1163668624625264,Not significant
chr22,43127671,43128171,501,*,5.63012742891494,5.30589288898711,5.89469741880444,-0.319573169582455,0.489038200859522,0.764950156007015,-0.319573169582455,0.764950156007015,5.63012742891494,0.1163668624625264,Not significant
chr6,45377861,45378361,501,*,5.64532312862388,5.307226354774,5.91903685283177,-0.320606911680887,0.489075641145555,0.764950156007015,-0.320606911680887,0.764950156007015,5.64532312862388,0.1163668624625264,Not significant
chr11,119625632,119626132,501,*,3.25952022852722,2.15113203426001,3.87887508793066,-0.259446763037752,0.489085782628701,0.764950156007015,-0.259446763037752,0.764950156007015,3.25952022852722,0.1163668624625264,Not significant
chr6,33711311,33711811,501,*,6.11055400946753,5.82960487328497,6.34560782328432,-0.312005958799571,0.489198692623203,0.764950156007015,-0.312005958799571,0.764950156007015,6.11055400946753,0.1163668624625264,Not significant
chr2,240560195,240560695,501,*,6.07321105796031,6.27769225181965,5.83488456419911,0.295745563184744,0.489311691970968,0.764950156007015,0.295745563184744,0.764950156007015,6.07321105796031,0.1163668624625264,Not significant
chr12,34022239,34022739,501,*,4.28063964914243,4.60677108553793,3.8585692509954,0.321482483870088,0.490267489957334,0.766072673444486,0.321482483870088,0.766072673444486,4.28063964914243,0.11573002908955603,Not significant
chr1,226939818,226940318,501,*,5.19240578201652,4.88858863178523,5.44323866936881,-0.314176263954563,0.49086387934736,0.766632777148422,-0.314176263954563,0.766632777148422,5.19240578201652,0.11541261655781752,Not significant
chr11,125625600,125626100,501,*,5.47272606475837,5.21816431745627,5.68903597735811,-0.302134781806487,0.492159122104534,0.767305731379286,-0.302134781806487,0.767305731379286,5.47272606475837,0.11503155783067427,Not significant
chr19,17511141,17511641,501,*,5.20393227755517,5.44129916478877,4.91966901769255,0.309983804106126,0.492224047389243,0.767305731379286,0.309983804106126,0.767305731379286,5.20393227755517,0.11503155783067427,Not significant
chr7,151440283,151440783,501,*,4.58764670494273,4.9197479388103,4.15549291914454,0.319539509767211,0.492235721760506,0.767305731379286,0.319539509767211,0.767305731379286,4.58764670494273,0.11503155783067427,Not significant
chr7,72879173,72879673,501,*,5.1002163867474,5.40218279569063,4.71784659370539,0.320430078927645,0.492355007030005,0.767305731379286,0.320430078927645,0.767305731379286,5.1002163867474,0.11503155783067427,Not significant
chr16,69131446,69131946,501,*,4.26637410020162,3.43123995345275,4.79191090365179,-0.278993805743524,0.492485491152192,0.767305731379286,-0.278993805743524,0.767305731379286,4.26637410020162,0.11503155783067427,Not significant
chr2,46698310,46698810,501,*,4.98417332957524,4.60388031912229,5.28484586248679,-0.319724140924193,0.493342372677465,0.768269272482741,-0.319724140924193,0.768269272482741,4.98417332957524,0.11448653640458283,Not significant
chr3,23917082,23917582,501,*,5.47427172277088,5.20510008822021,5.70103194939025,-0.306252858725147,0.493908088938626,0.768331137018799,-0.306252858725147,0.768331137018799,5.47427172277088,0.11445156644559563,Not significant
chr16,2485879,2486379,501,*,5.17025667103409,5.49664455023602,4.74775542381422,0.318543743212868,0.494196534883687,0.768331137018799,0.318543743212868,0.768331137018799,5.17025667103409,0.11445156644559563,Not significant
chr17,18087813,18088313,501,*,4.72622867142093,4.23438605336162,5.09235078907156,-0.314353062061296,0.49424982963846,0.768331137018799,-0.314353062061296,0.768331137018799,4.72622867142093,0.11445156644559563,Not significant
chr11,118915781,118916281,501,*,4.97586141514824,4.64174895418402,5.24696193587412,-0.316927442924267,0.494335955009302,0.768331137018799,-0.316927442924267,0.768331137018799,4.97586141514824,0.11445156644559563,Not significant
chr2,70123998,70124498,501,*,5.15332185392514,4.84897382581998,5.40451606297213,-0.311968844470736,0.495323239465638,0.769494444338614,-0.311968844470736,0.769494444338614,5.15332185392514,0.11379451137739303,Not significant
chr10,78033873,78034373,501,*,5.43220158286085,5.06250411487868,5.72622554599128,-0.317781435069822,0.495731932828286,0.769758210878428,-0.317781435069822,0.769758210878428,5.43220158286085,0.11364566985552212,Not significant
chr6,36885563,36886063,501,*,4.54221324873055,4.87155159854482,4.11474010959507,0.316696805597889,0.496268884944149,0.770161238881985,0.316696805597889,0.770161238881985,4.54221324873055,0.11341834258587702,Not significant
chr12,130563333,130563833,501,*,5.446991691535,5.13117279148775,5.70593888118562,-0.312924327219537,0.496469550949064,0.770161238881985,-0.312924327219537,0.770161238881985,5.446991691535,0.11341834258587702,Not significant
chr19,2518003,2518503,501,*,5.69348432576435,5.42571744755786,5.91924760523176,-0.302348634081584,0.497155260266352,0.770830166991226,-0.302348634081584,0.770830166991226,5.69348432576435,0.11304129725807893,Not significant
chr14,96502131,96502631,501,*,5.41886865639263,5.10122925902757,5.67903683134809,-0.31355797900476,0.497379241829534,0.770830166991226,-0.31355797900476,0.770830166991226,5.41886865639263,0.11304129725807893,Not significant
chr7,130894174,130894674,501,*,5.59514483650676,5.34853411651417,5.80569051827267,-0.295672232088341,0.498734309822173,0.772394234847413,-0.295672232088341,0.772394234847413,5.59514483650676,0.11216097645569305,Not significant
chr2,241774659,241775159,501,*,5.95472140291986,5.66336072458985,6.19701168883741,-0.308510074410048,0.498867908975005,0.772394234847413,-0.308510074410048,0.772394234847413,5.95472140291986,0.11216097645569305,Not significant
chrX,3814929,3815429,501,*,4.83124829594929,5.1618643059251,4.4016136533697,0.314244225946632,0.499219929049289,0.77256801700135,0.314244225946632,0.77256801700135,4.83124829594929,0.11206327487012213,Not significant
chr16,84536105,84536605,501,*,5.91421185297444,5.69275695842163,6.10615338579464,-0.284839128735266,0.499775509778295,0.773056501442952,-0.284839128735266,0.773056501442952,5.91421185297444,0.11178876304397672,Not significant
chr20,3204084,3204584,501,*,5.18569480161863,4.49253992682681,5.65193053170467,-0.287793080954669,0.500296833559149,0.773491553612082,-0.287793080954669,0.773491553612082,5.18569480161863,0.11154442435594253,Not significant
chr4,49511803,49512303,501,*,5.10525044073137,5.374972102768,4.77323298027221,0.311968529685626,0.501050961482194,0.774285946232916,0.311968529685626,0.774285946232916,5.10525044073137,0.11109862337741547,Not significant
chr16,28822559,28823059,501,*,5.19125969675843,4.62008036313995,5.59935591547402,-0.298617190940277,0.501922602507307,0.774760116824885,-0.298617190940277,0.774760116824885,5.19125969675843,0.11083274403022769,Not significant
chr15,34224834,34225334,501,*,4.86089703136301,4.54740443048789,5.11828024782814,-0.309694004826498,0.502015641011574,0.774760116824885,-0.309694004826498,0.774760116824885,4.86089703136301,0.11083274403022769,Not significant
chr13,24341166,24341666,501,*,3.49357132299,4.09866461436588,2.43143661861556,0.252560492486192,0.502256685249109,0.774760116824885,0.252560492486192,0.774760116824885,3.49357132299,0.11083274403022769,Not significant
chr16,67892948,67893448,501,*,5.09252098722724,4.50384230166353,5.50941299543705,-0.296391822724395,0.50231964123128,0.774760116824885,-0.296391822724395,0.774760116824885,5.09252098722724,0.11083274403022769,Not significant
chr11,355132,355632,501,*,4.7780947840301,4.45671438946574,5.04076394076595,-0.309540544537174,0.503517704198899,0.775982202592487,-0.309540544537174,0.775982202592487,4.7780947840301,0.11014823931463581,Not significant
chr7,1940414,1940914,501,*,4.16495807435964,3.70335618935173,4.51412006575342,-0.307729727999628,0.503616158323792,0.775982202592487,-0.307729727999628,0.775982202592487,4.16495807435964,0.11014823931463581,Not significant
chr19,1605018,1605518,501,*,5.51531604175046,5.08602116395192,5.84573141915123,-0.31007568438689,0.503876172810332,0.775982202592487,-0.31007568438689,0.775982202592487,5.51531604175046,0.11014823931463581,Not significant
chr1,43835645,43836145,501,*,4.25053715616853,3.75935163783883,4.61629660379515,-0.305952880420846,0.504275608365153,0.775982202592487,-0.305952880420846,0.775982202592487,4.25053715616853,0.11014823931463581,Not significant
chr20,25032588,25033088,501,*,4.95429015764221,4.50461745202258,5.29660715699507,-0.308220870817881,0.504316180083385,0.775982202592487,-0.308220870817881,0.775982202592487,4.95429015764221,0.11014823931463581,Not significant
chr2,3651901,3652401,501,*,5.39203959739157,5.72015196366505,4.96663570172762,0.309998262297998,0.504895725788546,0.776503116224675,0.309998262297998,0.776503116224675,5.39203959739157,0.10985679704235747,Not significant
chr5,103119662,103120162,501,*,5.81358502599747,5.57194509192147,6.02049907301359,-0.291508590392718,0.505317149228632,0.776780465083326,-0.291508590392718,0.776780465083326,5.81358502599747,0.10970170484721185,Not significant
chr6,1055361,1055861,501,*,4.79495197502485,4.43368401112402,5.083629360958,-0.310437246260577,0.505770668699439,0.777106864353645,-0.310437246260577,0.777106864353645,4.79495197502485,0.10951925480544084,Not significant
chr19,48355022,48355522,501,*,5.45385192514624,5.05894114660402,5.76356781775398,-0.310077411892159,0.506182548295236,0.777152955115447,-0.310077411892159,0.777152955115447,5.45385192514624,0.10949349725413252,Not significant
chr16,2777235,2777735,501,*,5.90482234721559,5.65552280806461,6.11732347036944,-0.293421770058765,0.506283070387127,0.777152955115447,-0.293421770058765,0.777152955115447,5.90482234721559,0.10949349725413252,Not significant
chr18,24397598,24398098,501,*,4.86715021322656,5.33191160106964,4.17728304329235,0.281923222930658,0.506904429292866,0.777736224372197,0.281923222930658,0.777736224372197,4.86715021322656,0.1091676725781446,Not significant
chr2,112645416,112645916,501,*,5.1370424438649,4.74136542722611,5.44722829973883,-0.308630498448297,0.50787961631444,0.778430690991437,-0.308630498448297,0.778430690991437,5.1370424438649,0.10878004958263406,Not significant
chr11,123062316,123062816,501,*,5.73382030751548,5.39026991617249,6.01109161594264,-0.308295862481375,0.508076915152258,0.778430690991437,-0.308295862481375,0.778430690991437,5.73382030751548,0.10878004958263406,Not significant
chr21,35827971,35828471,501,*,3.95561567374614,3.51831519652711,4.29073849491984,-0.306114420198933,0.508495474033071,0.778430690991437,-0.306114420198933,0.778430690991437,3.95561567374614,0.10878004958263406,Not significant
chr2,110105939,110106439,501,*,5.48715801346561,5.24347885739659,5.6955645275188,-0.289701336152993,0.508499812807308,0.778430690991437,-0.289701336152993,0.778430690991437,5.48715801346561,0.10878004958263406,Not significant
chr19,46788138,46788638,501,*,5.06712721266442,5.36955293322,4.68401901667689,0.308356977177163,0.50864014882862,0.778430690991437,0.308356977177163,0.778430690991437,5.06712721266442,0.10878004958263406,Not significant
chr1,11059271,11059771,501,*,6.2789841034345,5.96406597792547,6.53732620175899,-0.305597014016804,0.508806652770939,0.778430690991437,-0.305597014016804,0.778430690991437,6.2789841034345,0.10878004958263406,Not significant
chr5,59161205,59161705,501,*,5.51155100789443,5.25389841397484,5.7300869490469,-0.294572080988468,0.510253596883049,0.779774607136092,-0.294572080988468,0.779774607136092,5.51155100789443,0.10803091144122695,Not significant
chr16,70523720,70524220,501,*,5.81640337500973,5.59069749656405,6.01152856122008,-0.283377319928474,0.510487983080759,0.779774607136092,-0.283377319928474,0.779774607136092,5.81640337500973,0.10803091144122695,Not significant
chr20,50729318,50729818,501,*,4.98268132531279,4.29797342258928,5.44511924545202,-0.278127902520067,0.510963163351385,0.779774607136092,-0.278127902520067,0.779774607136092,4.98268132531279,0.10803091144122695,Not significant
chr20,43457823,43458323,501,*,6.37469184594677,6.2055768827173,6.52604658119404,-0.250186663135521,0.510993524922189,0.779774607136092,-0.250186663135521,0.779774607136092,6.37469184594677,0.10803091144122695,Not significant
chr17,16438629,16439129,501,*,5.46994042899636,4.84484167075769,5.90463495098448,-0.285574374653526,0.511129893870453,0.779774607136092,-0.285574374653526,0.779774607136092,5.46994042899636,0.10803091144122695,Not significant
chr9,136727980,136728480,501,*,5.44895426044418,5.12715162154475,5.7119050228914,-0.3049115201934,0.511191652664621,0.779774607136092,-0.3049115201934,0.779774607136092,5.44895426044418,0.10803091144122695,Not significant
chr1,53326037,53326537,501,*,5.11877416857914,4.46151303120619,5.56864619014309,-0.281694437953934,0.511538582485712,0.779774607136092,-0.281694437953934,0.779774607136092,5.11877416857914,0.10803091144122695,Not significant
chr20,49812499,49812999,501,*,5.83311347215985,5.62890918387974,6.01196537420113,-0.271168344209152,0.511683095143337,0.779774607136092,-0.271168344209152,0.779774607136092,5.83311347215985,0.10803091144122695,Not significant
chr1,234724106,234724606,501,*,5.24745151762438,4.7701965862454,5.60546157373475,-0.300505059301643,0.51210521830664,0.779774607136092,-0.300505059301643,0.779774607136092,5.24745151762438,0.10803091144122695,Not significant
chr16,3150259,3150759,501,*,5.25185812652683,5.51639487094089,4.92767358635022,0.303701235197211,0.512105235474851,0.779774607136092,0.303701235197211,0.779774607136092,5.25185812652683,0.10803091144122695,Not significant
chr17,48484288,48484788,501,*,5.32146761828496,4.94568918267793,5.61931702465582,-0.305535691376506,0.512420468216075,0.779816520107996,-0.305535691376506,0.779816520107996,5.32146761828496,0.10800756869183008,Not significant
chr14,40728043,40728543,501,*,2.97325195895218,3.66570520708977,1.59232054257119,0.226494848423318,0.512844765637496,0.779816520107996,0.226494848423318,0.779816520107996,2.97325195895218,0.10800756869183008,Not significant
chr17,18721664,18722164,501,*,4.17265312139739,4.66101242593602,3.42882181028831,0.271121921247994,0.512858847333595,0.779816520107996,0.271121921247994,0.779816520107996,4.17265312139739,0.10800756869183008,Not significant
chr17,16216433,16216933,501,*,3.45008820306203,2.90366484136072,3.8454630633949,-0.29205823401759,0.513368194994928,0.780076394633407,-0.29205823401759,0.780076394633407,3.45008820306203,0.10786286379272984,Not significant
chr2,111416311,111416811,501,*,2.80989841617838,2.15508700770912,3.25863182018268,-0.27923329305329,0.51351397672795,0.780076394633407,-0.27923329305329,0.780076394633407,2.80989841617838,0.10786286379272984,Not significant
chr2,169298843,169299343,501,*,1.10553677111222,1.92873961292356,0.0,0.198312721099342,0.513909277529675,0.780308997267018,0.198312721099342,0.780308997267018,1.10553677111222,0.10773338547086656,Not significant
chr1,1375513,1376013,501,*,6.01424554966935,5.64377699312148,6.308756048727,-0.304280543947788,0.514178958104314,0.780350731517711,-0.304280543947788,0.780350731517711,6.01424554966935,0.10771015817224104,Not significant
chr2,96857549,96858049,501,*,4.85216293019821,4.4754344140283,5.15060764995317,-0.303060744403778,0.515694223876442,0.781682130096252,-0.303060744403778,0.781682130096252,4.85216293019821,0.10696981626252951,Not significant
chr12,13100063,13100563,501,*,4.02682207840657,4.46371506331548,3.39712953262335,0.281430705717512,0.515711738735843,0.781682130096252,0.281430705717512,0.781682130096252,4.02682207840657,0.10696981626252951,Not significant
chr19,45455965,45456465,501,*,4.47050976144031,4.95352226295083,3.73916193090046,0.269888596752644,0.515824334769984,0.781682130096252,0.269888596752644,0.781682130096252,4.47050976144031,0.10696981626252951,Not significant
chr19,18152519,18153019,501,*,4.65944134750186,4.33703861592504,4.92279209106627,-0.301358694498493,0.516059606346337,0.781682130096252,-0.301358694498493,0.781682130096252,4.65944134750186,0.10696981626252951,Not significant
chr1,3313796,3314296,501,*,5.46780587808154,5.75544929758452,5.10815882780166,0.302528374526381,0.516575157169127,0.781682130096252,0.302528374526381,0.781682130096252,5.46780587808154,0.10696981626252951,Not significant
chr15,85380242,85380742,501,*,5.57915555556142,5.2279417601747,5.86138862440577,-0.301940336837927,0.51701241175388,0.781682130096252,-0.301940336837927,0.781682130096252,5.57915555556142,0.10696981626252951,Not significant
chr19,34134515,34135015,501,*,5.8535475196662,5.59033242201036,6.07606899273556,-0.291719541704261,0.517179884574466,0.781682130096252,-0.291719541704261,0.781682130096252,5.8535475196662,0.10696981626252951,Not significant
chr7,5596385,5596885,501,*,4.90664105232997,4.51524144746978,5.21419824630561,-0.301356620494489,0.517232846211135,0.781682130096252,-0.301356620494489,0.781682130096252,4.90664105232997,0.10696981626252951,Not significant
chr2,219218670,219219170,501,*,5.66532977053839,5.98032928761411,5.26176646629705,0.301267721688817,0.517239696264807,0.781682130096252,0.301267721688817,0.781682130096252,5.66532977053839,0.10696981626252951,Not significant
chr20,53773681,53774181,501,*,4.67497831908595,5.15311087624414,3.9548906219559,0.269534155400757,0.517548178304277,0.78178163642587,0.269534155400757,0.78178163642587,4.67497831908595,0.10691453509663205,Not significant
chr12,49130780,49131280,501,*,6.80898404752026,6.63219724627185,6.96645317907617,-0.253744335618248,0.518274797270782,0.781793524660109,-0.253744335618248,0.781793524660109,6.80898404752026,0.10690793100792795,Not significant
chr10,72215982,72216482,501,*,5.24569000299017,4.89437307574308,5.52798955027401,-0.301199033582674,0.518289162585677,0.781793524660109,-0.301199033582674,0.781793524660109,5.24569000299017,0.10690793100792795,Not significant
chr15,92820616,92821116,501,*,5.31233824491893,4.76179173959461,5.70985489132538,-0.286558681367562,0.518445229272781,0.781793524660109,-0.286558681367562,0.781793524660109,5.31233824491893,0.10690793100792795,Not significant
chr1,44775651,44776151,501,*,6.41250303426724,6.2176916655482,6.58411068255075,-0.264112733395467,0.518526617690457,0.781793524660109,-0.264112733395467,0.781793524660109,6.41250303426724,0.10690793100792795,Not significant
chrX,129678086,129678586,501,*,4.57432540250662,4.87979655114558,4.18630572940557,0.300295682398877,0.518987496249633,0.782082158916763,0.300295682398877,0.782082158916763,4.57432540250662,0.10674762124968717,Not significant
chr5,173329583,173330083,501,*,5.40182754444573,5.63272916482704,5.12679530839639,0.292245968545062,0.519203518908429,0.782082158916763,0.292245968545062,0.782082158916763,5.40182754444573,0.10674762124968717,Not significant
chr1,228174239,228174739,501,*,3.00700636516356,1.66570520708977,3.68988115897765,-0.222281773950597,0.519746071680101,0.782528121522966,-0.222281773950597,0.782528121522966,3.00700636516356,0.10650004636580014,Not significant
chr9,35756892,35757392,501,*,5.78214633631716,5.54410560008824,5.98641726180548,-0.28125726509185,0.519985322216223,0.782528121522966,-0.28125726509185,0.782528121522966,5.78214633631716,0.10650004636580014,Not significant
chr22,41091247,41091747,501,*,5.83601329166514,4.61037641712067,6.48897357426822,-0.228127379691764,0.520492059741206,0.782925031039294,-0.228127379691764,0.782925031039294,5.83601329166514,0.10627982180504894,Not significant
chr20,1776913,1777413,501,*,4.11054177026823,4.59752923007644,3.36992812123475,0.264306692300475,0.520932888257308,0.783222475951958,0.264306692300475,0.783222475951958,4.11054177026823,0.10611485817906008,Not significant
chr15,41621559,41622059,501,*,5.51067264718029,5.2361420000646,5.74122094175567,-0.291613183503364,0.522630850089644,0.785408861468673,-0.291613183503364,0.785408861468673,5.51067264718029,0.10490420305893437,Not significant
chr2,43178826,43179326,501,*,4.92321304089276,4.61451862634642,5.17735706888277,-0.295751415085979,0.522936413583204,0.785493256403938,-0.295751415085979,0.785493256403938,4.92321304089276,0.1048575391015758,Not significant
chr2,28644420,28644920,501,*,4.30716969231096,3.88977585869386,4.63050974269795,-0.295767691264619,0.523625481020772,0.785493256403938,-0.295767691264619,0.785493256403938,4.30716969231096,0.1048575391015758,Not significant
chr10,14959973,14960473,501,*,4.44302375946863,3.94568918267794,4.8121670319022,-0.287241628670172,0.524031974873429,0.785493256403938,-0.287241628670172,0.785493256403938,4.44302375946863,0.1048575391015758,Not significant
chr21,9246596,9247096,501,*,3.26470052572456,2.63556275632753,3.70132855868784,-0.27416345129633,0.524287149527315,0.785493256403938,-0.27416345129633,0.785493256403938,3.26470052572456,0.1048575391015758,Not significant
chr19,10701471,10701971,501,*,5.67403198085805,5.37910347720431,5.91878179316972,-0.293874578388062,0.524322719303543,0.785493256403938,-0.293874578388062,0.785493256403938,5.67403198085805,0.1048575391015758,Not significant
chr9,136400232,136400732,501,*,5.04950025316606,4.71663715129959,5.3197788875118,-0.296186312195189,0.524379225272025,0.785493256403938,-0.296186312195189,0.785493256403938,5.04950025316606,0.1048575391015758,Not significant
chr22,42614777,42615277,501,*,5.51378835189878,5.21627278001939,5.76031518165534,-0.294063589992274,0.524471885888542,0.785493256403938,-0.294063589992274,0.785493256403938,5.51378835189878,0.1048575391015758,Not significant
chr2,170436260,170436760,501,*,4.34335274759143,3.90013441972837,4.6819288434415,-0.291624260452571,0.524956830049751,0.785493256403938,-0.291624260452571,0.785493256403938,4.34335274759143,0.1048575391015758,Not significant
chr12,123383397,123383897,501,*,5.14967659985525,4.81373014090331,5.42198147495055,-0.296158456760951,0.525077941235477,0.785493256403938,-0.296158456760951,0.785493256403938,5.14967659985525,0.1048575391015758,Not significant
chr19,58558828,58559328,501,*,6.04703994115663,5.78926758111179,6.26566197295815,-0.286956614946451,0.525124914430193,0.785493256403938,-0.286956614946451,0.785493256403938,6.04703994115663,0.1048575391015758,Not significant
chr1,28581593,28582093,501,*,5.21976934853224,5.66786596398888,4.56632533403825,0.268740912119965,0.526330682150227,0.78624770509631,0.268740912119965,0.78624770509631,5.21976934853224,0.10444060916570624,Not significant
chr10,119165106,119165606,501,*,5.28917728322546,4.94797062776064,5.56492241353506,-0.295157162105748,0.526619002091987,0.78624770509631,-0.295157162105748,0.78624770509631,5.28917728322546,0.10444060916570624,Not significant
chr6,45608238,45608738,501,*,5.12588990097208,5.60668444914918,4.3996754646288,0.260568353419273,0.527067335634361,0.78624770509631,0.260568353419273,0.78624770509631,5.12588990097208,0.10444060916570624,Not significant
chr3,48088991,48089491,501,*,5.05676237311378,5.5065535077624,4.3996754646288,0.267772892214734,0.527238072230959,0.78624770509631,0.267772892214734,0.78624770509631,5.05676237311378,0.10444060916570624,Not significant
chr6,35363159,35363659,501,*,5.22643999475138,5.66544181420102,4.59232054257119,0.269969069754908,0.527543392980339,0.78624770509631,0.269969069754908,0.78624770509631,5.22643999475138,0.10444060916570624,Not significant
chr11,9460912,9461412,501,*,5.1263908157479,4.81498056941711,5.3823704798102,-0.292838387800509,0.527869213879998,0.78624770509631,-0.292838387800509,0.78624770509631,5.1263908157479,0.10444060916570624,Not significant
chr2,113756496,113756996,501,*,5.56469839017391,4.95848695631762,5.99024413393012,-0.272053643921845,0.528033862231399,0.78624770509631,-0.272053643921845,0.78624770509631,5.56469839017391,0.10444060916570624,Not significant
chr11,124800231,124800731,501,*,4.69835046448971,4.36912737222701,4.96622778927773,-0.293606245317147,0.528510448245505,0.78624770509631,-0.293606245317147,0.78624770509631,4.69835046448971,0.10444060916570624,Not significant
chr2,10170158,10170658,501,*,3.79432956030891,4.29011814438324,3.03289313395718,0.255937163808684,0.528514355202004,0.78624770509631,0.255937163808684,0.78624770509631,3.79432956030891,0.10444060916570624,Not significant
chr3,195259720,195260220,501,*,4.98276722171067,4.69607250117097,5.22182540804809,-0.290032481366844,0.528522372687784,0.78624770509631,-0.290032481366844,0.78624770509631,4.98276722171067,0.10444060916570624,Not significant
chr22,17877169,17877669,501,*,2.91018914139091,3.59170462564599,1.57440394155772,0.21638926647045,0.528538535491166,0.78624770509631,0.21638926647045,0.78624770509631,2.91018914139091,0.10444060916570624,Not significant
chr16,29614005,29614505,501,*,4.46791988400391,3.94454710577421,4.85114761857015,-0.280683311309196,0.528557582010741,0.78624770509631,-0.280683311309196,0.78624770509631,4.46791988400391,0.10444060916570624,Not significant
chr11,35320598,35321098,501,*,5.42189932488425,5.18055280767226,5.62859832489463,-0.280121320543295,0.528934961103382,0.786445982775771,-0.280121320543295,0.786445982775771,5.42189932488425,0.10433110163325439,Not significant
chr16,56931451,56931951,501,*,5.85878193158258,5.61945072569083,6.06400184711468,-0.278238573504773,0.529588872626319,0.787055049631918,-0.278238573504773,0.787055049631918,5.85878193158258,0.1039948903661532,Not significant
chr2,218217184,218217684,501,*,5.21700810772587,5.54439210126307,4.79283134139504,0.29005967326498,0.530068826350173,0.787405144536771,0.29005967326498,0.787405144536771,5.21700810772587,0.1038017520595906,Not significant
chr7,105830287,105830787,501,*,6.38834420203563,6.16063533037405,6.5849638001155,-0.273743874913589,0.532307809764394,0.790282441659677,-0.273743874913589,0.790282441659677,6.38834420203563,0.10221766702322484,Not significant
chr22,17781640,17782140,501,*,4.41277044278761,3.93565371755945,4.77070303131279,-0.283275080136948,0.532589362648815,0.790282441659677,-0.283275080136948,0.790282441659677,4.41277044278761,0.10221766702322484,Not significant
chr16,9091047,9091547,501,*,5.91354762302366,5.63627028545496,6.14602815991961,-0.284679523792703,0.532848883438571,0.790282441659677,-0.284679523792703,0.790282441659677,5.91354762302366,0.10221766702322484,Not significant
chr17,40107759,40108259,501,*,5.07218959425676,4.6017084367516,5.42638913035534,-0.282219368948583,0.533560555291407,0.790282441659677,-0.282219368948583,0.790282441659677,5.07218959425676,0.10221766702322484,Not significant
chr7,44200720,44201220,501,*,5.02863385503184,4.5924339885145,5.36311195217897,-0.285347889015868,0.533639173915501,0.790282441659677,-0.285347889015868,0.790282441659677,5.02863385503184,0.10221766702322484,Not significant
chr20,47351211,47351711,501,*,4.48850448781844,3.79593207027674,4.95447937463299,-0.258712175761129,0.533650131934157,0.790282441659677,-0.258712175761129,0.790282441659677,4.48850448781844,0.10221766702322484,Not significant
chr20,51661392,51661892,501,*,4.73454433340443,4.32325558156614,5.05421849528173,-0.28716113188498,0.533875761032879,0.790282441659677,-0.28716113188498,0.790282441659677,4.73454433340443,0.10221766702322484,Not significant
chr5,134632730,134633230,501,*,6.01259575586964,4.86733906825942,6.64289941374805,-0.221934815494066,0.534130758723431,0.790282441659677,-0.221934815494066,0.790282441659677,6.01259575586964,0.10221766702322484,Not significant
chr20,6122817,6123317,501,*,3.97431771866599,4.59170462564599,2.87242846176393,0.22425532289034,0.534853814153516,0.790282441659677,0.22425532289034,0.790282441659677,3.97431771866599,0.10221766702322484,Not significant
chr12,62602610,62603110,501,*,5.66757693140895,5.43052224107854,5.87112174130414,-0.274614824970653,0.535086573924794,0.790282441659677,-0.274614824970653,0.790282441659677,5.66757693140895,0.10221766702322484,Not significant
chr22,30206158,30206658,501,*,4.19707110904883,3.73741406450645,4.54512321145916,-0.281656668312183,0.535088783993431,0.790282441659677,-0.281656668312183,0.790282441659677,4.19707110904883,0.10221766702322484,Not significant
chr1,207019649,207020149,501,*,4.72916810581988,4.32851846215393,5.04239410517709,-0.287300395976536,0.535657416646587,0.790282441659677,-0.287300395976536,0.790282441659677,4.72916810581988,0.10221766702322484,Not significant
chr12,53380653,53381153,501,*,4.91670807681796,4.54665193763637,5.21095840448525,-0.287832936249768,0.536369968155064,0.790282441659677,-0.287832936249768,0.790282441659677,4.91670807681796,0.10221766702322484,Not significant
chr1,234772176,234772676,501,*,5.04285997546425,4.74136542722611,5.29210944168635,-0.286224407735384,0.53661973859174,0.790282441659677,-0.286224407735384,0.790282441659677,5.04285997546425,0.10221766702322484,Not significant
chr19,32692792,32693292,501,*,4.94508151597441,4.55547652283788,5.25153208556646,-0.286222079887627,0.536976019701654,0.790282441659677,-0.286222079887627,0.790282441659677,4.94508151597441,0.10221766702322484,Not significant
chr12,50763745,50764245,501,*,6.01600431847061,6.17148289616852,5.84172315466537,0.243970012427401,0.537748729368059,0.790282441659677,0.243970012427401,0.790282441659677,6.01600431847061,0.10221766702322484,Not significant
chr18,10086346,10086846,501,*,5.12393681177379,4.83331194923915,5.36571857369283,-0.283901670392418,0.538271878091736,0.790282441659677,-0.283901670392418,0.790282441659677,5.12393681177379,0.10221766702322484,Not significant
chr17,43367827,43368327,501,*,5.85521172567198,6.02717365237547,5.65994351087596,0.255712341693935,0.538736178930767,0.790282441659677,0.255712341693935,0.790282441659677,5.85521172567198,0.10221766702322484,Not significant
chr13,99200072,99200572,501,*,5.64948509099367,5.35188055895131,5.89607293059434,-0.284823246131424,0.538740381548536,0.790282441659677,-0.284823246131424,0.790282441659677,5.64948509099367,0.10221766702322484,Not significant
chr17,45176105,45176605,501,*,5.20093274821773,4.90366484136072,5.44728969320618,-0.284104938244843,0.538939460088968,0.790282441659677,-0.284104938244843,0.790282441659677,5.20093274821773,0.10221766702322484,Not significant
chr20,41029181,41029681,501,*,5.95038295290072,5.62748653457936,6.21406254680687,-0.286069772389005,0.538987164087868,0.790282441659677,-0.286069772389005,0.790282441659677,5.95038295290072,0.10221766702322484,Not significant
chr1,226308936,226309436,501,*,3.85584188149069,4.34637378608929,3.10689371540095,0.248134483407403,0.539270610695109,0.790282441659677,0.248134483407403,0.790282441659677,3.85584188149069,0.10221766702322484,Not significant
chr2,27356767,27357267,501,*,4.88207020472474,4.25066770781093,5.3197788875118,-0.259013976367957,0.539612191030233,0.790282441659677,-0.259013976367957,0.790282441659677,4.88207020472474,0.10221766702322484,Not significant
chr20,24949154,24949654,501,*,5.12225837332339,4.76696974497957,5.40711213192516,-0.285616687263459,0.540013539502747,0.790282441659677,-0.285616687263459,0.790282441659677,5.12225837332339,0.10221766702322484,Not significant
chr1,156661070,156661570,501,*,5.27625907642115,5.52693280529621,4.97267566828693,0.283920583293066,0.540040066113488,0.790282441659677,0.283920583293066,0.790282441659677,5.27625907642115,0.10221766702322484,Not significant
chr20,45971925,45972425,501,*,6.09391884523112,5.88181465010013,6.27879931784148,-0.265218747996044,0.540116030996419,0.790282441659677,-0.265218747996044,0.790282441659677,6.09391884523112,0.10221766702322484,Not significant
chr22,30425873,30426373,501,*,4.90117298293809,4.44241613600347,5.24871056078227,-0.277789685332243,0.540124609169524,0.790282441659677,-0.277789685332243,0.790282441659677,4.90117298293809,0.10221766702322484,Not significant
chr22,38755924,38756424,501,*,5.16385981825411,4.73675445060366,5.49298047569411,-0.280614253177645,0.540501973944777,0.790282441659677,-0.280614253177645,0.790282441659677,5.16385981825411,0.10221766702322484,Not significant
chr4,1684061,1684561,501,*,5.82043345629371,5.51071111140934,6.07527294569683,-0.2843239855546,0.540837222114997,0.790282441659677,-0.2843239855546,0.790282441659677,5.82043345629371,0.10221766702322484,Not significant
chr17,4476826,4477326,501,*,5.30148845099818,5.05524238904103,5.51176845030977,-0.27490494926045,0.540953068320413,0.790282441659677,-0.27490494926045,0.790282441659677,5.30148845099818,0.10221766702322484,Not significant
chr12,751418,751918,501,*,5.05833295229,4.69403516149825,5.34893794590874,-0.284410763668401,0.541019071863943,0.790282441659677,-0.284410763668401,0.790282441659677,5.05833295229,0.10221766702322484,Not significant
chr16,137927,138427,501,*,5.13630979658069,4.87215238574421,5.35950382948722,-0.278231556777034,0.541179324368284,0.790282441659677,-0.278231556777034,0.790282441659677,5.13630979658069,0.10221766702322484,Not significant
chr9,128771549,128772049,501,*,4.97599082710997,4.34377711220241,5.41408598611536,-0.257362177332903,0.54157110818511,0.790282441659677,-0.257362177332903,0.790282441659677,4.97599082710997,0.10221766702322484,Not significant
chrX,111681037,111681537,501,*,5.6691244895049,5.26915993097079,5.98193264640155,-0.281870273897257,0.541831043361906,0.790282441659677,-0.281870273897257,0.790282441659677,5.6691244895049,0.10221766702322484,Not significant
KI270729.1,23720,24220,501,*,3.91758018287263,4.24254984895946,3.49745910491542,0.280910014129016,0.541891384381853,0.790282441659677,0.280910014129016,0.790282441659677,3.91758018287263,0.10221766702322484,Not significant
chr2,203014539,203015039,501,*,5.04832431180902,4.74776995069535,5.29693159029682,-0.283130876094291,0.541993831827597,0.790282441659677,-0.283130876094291,0.790282441659677,5.04832431180902,0.10221766702322484,Not significant
chr20,34111943,34112443,501,*,5.94253491543001,6.20885296593384,5.61566729761285,0.283938876112486,0.542134607280565,0.790282441659677,0.283938876112486,0.790282441659677,5.94253491543001,0.10221766702322484,Not significant
chr19,49496236,49496736,501,*,5.79898747107728,5.46381072478687,6.07078719819015,-0.283979261604763,0.542353436623084,0.790282441659677,-0.283979261604763,0.790282441659677,5.79898747107728,0.10221766702322484,Not significant
chr6,137055875,137056375,501,*,4.2914363955925,4.59461986732458,3.90710867520795,0.282886365720079,0.542486186397722,0.790282441659677,0.282886365720079,0.790282441659677,4.2914363955925,0.10221766702322484,Not significant
chr1,32291349,32291849,501,*,4.82690548578122,4.51908261162909,5.08045920899129,-0.282700296334134,0.542523688595976,0.790282441659677,-0.282700296334134,0.790282441659677,4.82690548578122,0.10221766702322484,Not significant
chr16,2531705,2532205,501,*,5.31850225467964,5.03430930123063,5.555820165545,-0.28075660393519,0.542568466691935,0.790282441659677,-0.28075660393519,0.790282441659677,5.31850225467964,0.10221766702322484,Not significant
chr5,139274762,139275262,501,*,4.7347868806465,4.09866461436588,5.17473964288806,-0.255880994866528,0.542680682709274,0.790282441659677,-0.255880994866528,0.790282441659677,4.7347868806465,0.10221766702322484,Not significant
KI270310.1,563,1063,501,*,3.7837712334354,3.32676630095142,4.13030602420022,-0.277049809275103,0.542783523498875,0.790282441659677,-0.277049809275103,0.790282441659677,3.7837712334354,0.10221766702322484,Not significant
chr10,133308915,133309415,501,*,5.0861280570182,4.47306012914737,5.51501557851052,-0.258442099134767,0.542797965050548,0.790282441659677,-0.258442099134767,0.790282441659677,5.0861280570182,0.10221766702322484,Not significant
chr1,151836347,151836847,501,*,4.36903428525201,4.74580437324842,3.85768982527334,0.270419884871749,0.543236977466542,0.790564381841553,0.270419884871749,0.790564381841553,4.36903428525201,0.10206275629475516,Not significant
chr12,47745213,47745713,501,*,4.53984915664781,4.2176916655482,4.80303647302827,-0.282706930313216,0.543997191423202,0.791313296056685,-0.282706930313216,0.791313296056685,4.53984915664781,0.10165153696990409,Not significant
chr10,100373407,100373907,501,*,5.9217252935834,5.66778291996021,6.1375881452011,-0.275663461015665,0.544469603412407,0.791643078607751,-0.275663461015665,0.791643078607751,5.9217252935834,0.10147058094796901,Not significant
GL000194.1,4831,5331,501,*,4.76738813209191,4.45591306177416,5.02341154010608,-0.281666556270437,0.54504078706705,0.792116110027079,-0.281666556270437,0.792116110027079,4.76738813209191,0.10121115395583025,Not significant
chr22,29767142,29767642,501,*,5.2499759987765,4.88621124295293,5.54024234984955,-0.280840110629848,0.546072989737428,0.792567400249685,-0.280840110629848,0.792567400249685,5.2499759987765,0.10096379496276693,Not significant
chr1,27004156,27004656,501,*,5.28452770926594,4.96018327271321,5.54917076408859,-0.281069362177755,0.546459173509494,0.792567400249685,-0.281069362177755,0.792567400249685,5.28452770926594,0.10096379496276693,Not significant
chr1,1349864,1350364,501,*,3.37251048181793,2.84239102584314,3.75932430540048,-0.266363280791758,0.546562624114063,0.792567400249685,-0.266363280791758,0.792567400249685,3.37251048181793,0.10096379496276693,Not significant
chr5,132866545,132867045,501,*,5.68400018828001,5.4240795110599,5.90416439609409,-0.275353086885748,0.546583703094681,0.792567400249685,-0.275353086885748,0.792567400249685,5.68400018828001,0.10096379496276693,Not significant
chr12,6723731,6724231,501,*,6.06609419533991,4.98763330197713,6.67628990370078,-0.216298811041434,0.546645653640829,0.792567400249685,-0.216298811041434,0.792567400249685,6.06609419533991,0.10096379496276693,Not significant
chr3,50264624,50265124,501,*,4.86022386556497,5.10225384170218,4.5692399253385,0.278722265151005,0.546827228663889,0.792567400249685,0.278722265151005,0.792567400249685,4.86022386556497,0.10096379496276693,Not significant
chr1,165829027,165829527,501,*,5.07688072198984,4.38817123156086,5.54112179873741,-0.246039520218272,0.547909402695851,0.793778819912784,-0.246039520218272,0.793778819912784,5.07688072198984,0.10030049338264933,Not significant
chr20,62952757,62953257,501,*,5.35737471303587,5.11678577574538,5.56351812746131,-0.269045483635221,0.549207471315135,0.795045177432153,-0.269045483635221,0.795045177432153,5.35737471303587,0.09960819241015807,Not significant
chr1,25197972,25198472,501,*,5.13400007486986,4.83809235489448,5.37942312819855,-0.278135015953432,0.549277022024821,0.795045177432153,-0.278135015953432,0.795045177432153,5.13400007486986,0.09960819241015807,Not significant
chr11,69442468,69442968,501,*,4.79803714341895,5.23064287676811,4.17728304329235,0.252665790779348,0.549539765185589,0.795068308678926,0.252665790779348,0.795068308678926,4.79803714341895,0.0995955571197571,Not significant
chr1,154558752,154559252,501,*,5.7083619962541,5.92025927895346,5.45989368872049,0.269521850296546,0.550014595343222,0.795398126658825,0.269521850296546,0.795398126658825,5.7083619962541,0.09941543620984873,Not significant
chr13,41613963,41614463,501,*,5.34272958315921,4.9293170555992,5.66368181575552,-0.273543153334561,0.550905459555695,0.79565142068141,-0.273543153334561,0.79565142068141,5.34272958315921,0.0992771574272414,Not significant
chr13,27251442,27251942,501,*,6.61945034053256,6.4820459585762,6.74489859925041,-0.214114438030029,0.551108768644636,0.79565142068141,-0.214114438030029,0.79565142068141,6.61945034053256,0.0992771574272414,Not significant
chr17,80454606,80455106,501,*,6.00002352820668,5.76915188198468,6.19899547969431,-0.266439974175894,0.551108937296793,0.79565142068141,-0.266439974175894,0.79565142068141,6.00002352820668,0.0992771574272414,Not significant
chr17,44324276,44324776,501,*,4.94867303811472,4.34377711220241,5.37357491134724,-0.252195157469573,0.551182461668278,0.79565142068141,-0.252195157469573,0.79565142068141,4.94867303811472,0.0992771574272414,Not significant
chr20,29950413,29950913,501,*,2.97833390318621,1.74530599720678,3.63329763061129,-0.205186043349163,0.551456359002099,0.79565142068141,-0.205186043349163,0.79565142068141,2.97833390318621,0.0992771574272414,Not significant
chr12,571364,571864,501,*,4.73480718667478,4.36250651670318,5.03047200044189,-0.276503552817273,0.55183238117878,0.79565142068141,-0.276503552817273,0.79565142068141,4.73480718667478,0.0992771574272414,Not significant
chr20,25696448,25696948,501,*,5.05557488492998,5.32369488897676,4.72598462064051,0.276484904371923,0.552969667957183,0.79565142068141,0.276484904371923,0.79565142068141,5.05557488492998,0.0992771574272414,Not significant
chr11,120565197,120565697,501,*,4.95384384065947,5.38332420480106,4.33955447219123,0.250340796411819,0.55297489375422,0.79565142068141,0.250340796411819,0.79565142068141,4.95384384065947,0.0992771574272414,Not significant
chr8,38937149,38937649,501,*,4.54013279910192,4.14541775078061,4.84972857825396,-0.274332704336425,0.553062142256025,0.79565142068141,-0.274332704336425,0.79565142068141,4.54013279910192,0.0992771574272414,Not significant
chr20,62358980,62359480,501,*,5.7615917265599,5.47464341981403,6.0008260267651,-0.274991617080823,0.55307889124251,0.79565142068141,-0.274991617080823,0.79565142068141,5.7615917265599,0.0992771574272414,Not significant
chr7,72924322,72924822,501,*,5.08375521298008,4.47306012914737,5.51148890878437,-0.249956826131891,0.553184604155318,0.79565142068141,-0.249956826131891,0.79565142068141,5.08375521298008,0.0992771574272414,Not significant
chr11,47248622,47249122,501,*,5.55516648307915,5.13205595006897,5.88191680276526,-0.270782011874304,0.553316061253648,0.79565142068141,-0.270782011874304,0.79565142068141,5.55516648307915,0.0992771574272414,Not significant
chr2,27118159,27118659,501,*,5.81269506755672,6.023457341109,5.5657869501859,0.267574160900979,0.553400010473941,0.79565142068141,0.267574160900979,0.79565142068141,5.81269506755672,0.0992771574272414,Not significant
chr1,156193789,156194289,501,*,5.44446645407247,4.86733906825942,5.85557038104616,-0.252262970292481,0.555061031957254,0.797683606140175,-0.252262970292481,0.797683606140175,5.44446645407247,0.09816933340448156,Not significant
chrX,38803548,38804048,501,*,5.74662937729538,5.32709937825854,6.07124627238442,-0.269562344694891,0.555335197552345,0.797721804063154,-0.269562344694891,0.797721804063154,5.74662937729538,0.09814853725189612,Not significant
chr12,51951405,51951905,501,*,5.12338139965655,4.87215238574421,5.33728185952859,-0.26776798904013,0.555638237972454,0.797801427249219,-0.26776798904013,0.797801427249219,5.12338139965655,0.09810519108220123,Not significant
chr11,133934716,133935216,501,*,5.40584983314205,4.91392450993029,5.77201757970641,-0.261367470585484,0.555973349501851,0.797927007614684,-0.261367470585484,0.797927007614684,5.40584983314205,0.09803683501524411,Not significant
chr22,41448115,41448615,501,*,5.30453706292662,5.01524542497575,5.54539631187801,-0.272324863397387,0.556692266968103,0.79833105869848,-0.272324863397387,0.79833105869848,5.30453706292662,0.097816974375476,Not significant
chr19,55407703,55408203,501,*,6.30866248123793,5.22642016156425,6.92002923583661,-0.208542829985007,0.556750431066259,0.79833105869848,-0.208542829985007,0.79833105869848,6.30866248123793,0.097816974375476,Not significant
chr3,57555884,57556384,501,*,5.06492082999083,4.78144683169837,5.30173767475351,-0.271969174404272,0.557443901211426,0.798969861967622,-0.271969174404272,0.798969861967622,5.06492082999083,0.09746960244823112,Not significant
chr19,2236492,2236992,501,*,4.92831744171154,5.14976504576648,4.66660474141925,0.268433726681776,0.558516283386733,0.800150940450002,0.268433726681776,0.800150940450002,4.92831744171154,0.09682807998152848,Not significant
chr17,45147837,45148337,501,*,6.13364489902647,5.92852012218916,6.31320224461715,-0.25338471348837,0.558806149451251,0.800168549501369,-0.25338471348837,0.800168549501369,6.13364489902647,0.09681852249767786,Not significant
chr5,59125086,59125586,501,*,5.1043481985144,4.85613422213782,5.31606060466595,-0.265676582320385,0.559025265340652,0.800168549501369,-0.265676582320385,0.800168549501369,5.1043481985144,0.09681852249767786,Not significant
chr1,207007290,207007790,501,*,5.86090111181838,5.58923664372824,6.08942640895862,-0.269360011180771,0.559486877863967,0.80025636959906,-0.269360011180771,0.80025636959906,5.86090111181838,0.0967708604256737,Not significant
chr20,29983436,29983936,501,*,3.24561769365001,2.39738269378647,3.77622397423651,-0.222927563542875,0.559971076730088,0.80025636959906,-0.222927563542875,0.80025636959906,3.24561769365001,0.0967708604256737,Not significant
chr18,12419835,12420335,501,*,4.91189027013155,4.5504104831101,5.2007026356586,-0.270743871252986,0.560186165679232,0.80025636959906,-0.270743871252986,0.80025636959906,4.91189027013155,0.0967708604256737,Not significant
chr11,93741167,93741667,501,*,5.88643221603032,5.67761827637179,6.06880890119614,-0.255396740534853,0.560283958863493,0.80025636959906,-0.255396740534853,0.80025636959906,5.88643221603032,0.0967708604256737,Not significant
chr12,6830050,6830550,501,*,3.9584648342196,3.47701510259649,4.31882066946416,-0.259260878517586,0.560516590440985,0.80025636959906,-0.259260878517586,0.80025636959906,3.9584648342196,0.0967708604256737,Not significant
chr11,64566884,64567384,501,*,4.40454323168646,4.08964194508225,4.66287401253559,-0.271132360838011,0.560576854806046,0.80025636959906,-0.271132360838011,0.80025636959906,4.40454323168646,0.0967708604256737,Not significant
chr1,26284840,26285340,501,*,4.93306124340088,4.34377711220241,5.3502547130095,-0.245445611235919,0.561316896620451,0.800400749347921,-0.245445611235919,0.800400749347921,4.93306124340088,0.09669251344222951,Not significant
chr7,44796411,44796911,501,*,6.49860215861463,6.34745435566881,6.6354055218859,-0.22348948693138,0.561520925293278,0.800400749347921,-0.22348948693138,0.800400749347921,6.49860215861463,0.09669251344222951,Not significant
chr1,38564598,38565098,501,*,5.03844159606961,4.74711505572025,5.28070829885045,-0.269799361861218,0.561644398135366,0.800400749347921,-0.269799361861218,0.800400749347921,5.03844159606961,0.09669251344222951,Not significant
chr7,32892196,32892696,501,*,5.55560526795693,5.22135539238795,5.82679611438648,-0.270201153594314,0.561671661786359,0.800400749347921,-0.270201153594314,0.800400749347921,5.55560526795693,0.09669251344222951,Not significant
chr9,37079494,37079994,501,*,5.33620341280264,4.7700418669045,5.74174775015566,-0.247045856923766,0.562706903080265,0.801375028737256,-0.247045856923766,0.801375028737256,5.33620341280264,0.09616419453443982,Not significant
chr19,35509809,35510309,501,*,6.0260650315656,5.72864297031226,6.27252772388366,-0.269221465804849,0.562852790202486,0.801375028737256,-0.269221465804849,0.801375028737256,6.0260650315656,0.09616419453443982,Not significant
chr15,73957006,73957506,501,*,5.13496557842363,4.7964132638033,5.4089773192755,-0.268676217137328,0.563550463493199,0.802013954670976,-0.268676217137328,0.802013954670976,5.13496557842363,0.09581807512746122,Not significant
chr17,17919380,17919880,501,*,5.7139698434663,5.52358677658932,5.88213304770362,-0.243836048347065,0.565184761088428,0.803984680011883,-0.243836048347065,0.803984680011883,5.7139698434663,0.0947522266864891,Not significant
chr16,86555053,86555553,501,*,4.1826265877221,4.67521047169725,3.42882181028831,0.225544673383554,0.566100235544853,0.804738876985824,0.225544673383554,0.804738876985824,4.1826265877221,0.09434501737246762,Not significant
KI270333.1,349,849,501,*,1.97992593972223,0.522913575870329,2.68988115897765,-0.185692698407703,0.566214473658244,0.804738876985824,-0.185692698407703,0.804738876985824,1.97992593972223,0.09434501737246762,Not significant
chr1,155172855,155173355,501,*,5.03659216602633,4.5621937533703,5.39299872345391,-0.255175184523645,0.567144269513284,0.805704954308554,-0.255175184523645,0.805704954308554,5.03659216602633,0.09382396585545312,Not significant
chr10,97069152,97069652,501,*,5.12620154410587,4.85431096531449,5.35488668324524,-0.264369052560726,0.56794692328791,0.806198577255132,-0.264369052560726,0.806198577255132,5.12620154410587,0.0935579726066721,Not significant
chr3,55621119,55621619,501,*,3.76516577662015,3.3472383064904,4.08882507931726,-0.259698866571436,0.567992169574534,0.806198577255132,-0.259698866571436,0.806198577255132,3.76516577662015,0.0935579726066721,Not significant
chr11,67629491,67629991,501,*,5.43671489043924,5.17435016698823,5.65862877682327,-0.26217477036045,0.569048722856173,0.807342573774808,-0.26217477036045,0.807342573774808,5.43671489043924,0.09294214516558907,Not significant
chr19,49876381,49876881,501,*,5.35194437901016,4.99040292139361,5.6407960366606,-0.262697951478081,0.570153878799221,0.808554488332346,-0.262697951478081,0.808554488332346,5.35194437901016,0.09229070774930244,Not significant
chr6,36442108,36442608,501,*,4.58499134867796,3.98234519450763,5.00879005015959,-0.237303507539651,0.570681194220878,0.808946241874029,-0.237303507539651,0.808946241874029,4.58499134867796,0.0920803382557147,Not significant
chr10,75235475,75235975,501,*,4.80367546347579,4.53853017944401,5.0275737662539,-0.261022743438271,0.571435573074248,0.809266618514092,-0.261022743438271,0.809266618514092,4.80367546347579,0.09190837347637829,Not significant
chr17,80891836,80892336,501,*,5.04286820412593,4.72048562563928,5.3062055195047,-0.263123581916552,0.571940473309047,0.809266618514092,-0.263123581916552,0.809266618514092,5.04286820412593,0.09190837347637829,Not significant
chr9,38047140,38047640,501,*,2.53848172067553,1.66570520708977,3.07841486309865,-0.209089375555882,0.572376954858745,0.809266618514092,-0.209089375555882,0.809266618514092,2.53848172067553,0.09190837347637829,Not significant
chr12,121801166,121801666,501,*,5.43744541065371,5.22465233488949,5.62284882979482,-0.250095992648608,0.572512448811129,0.809266618514092,-0.250095992648608,0.809266618514092,5.43744541065371,0.09190837347637829,Not significant
chr11,3797913,3798413,501,*,5.72013623227271,5.97809848332018,5.40578308969495,0.262900360877059,0.572513255775502,0.809266618514092,0.262900360877059,0.809266618514092,5.72013623227271,0.09190837347637829,Not significant
chr9,89318432,89318932,501,*,5.97250868967901,6.12645683320282,5.80014868217897,0.232675514837731,0.572556920702112,0.809266618514092,0.232675514837731,0.809266618514092,5.97250868967901,0.09190837347637829,Not significant
chr22,41946238,41946738,501,*,5.20574597736042,4.93507880609278,5.43356575565978,-0.260502742289762,0.572809101873475,0.809266618514092,-0.260502742289762,0.809266618514092,5.20574597736042,0.09190837347637829,Not significant
chr17,927550,928050,501,*,4.89610066616194,5.31244169054068,4.3085275765706,0.236868101661244,0.572934088001543,0.809266618514092,0.236868101661244,0.809266618514092,4.89610066616194,0.09190837347637829,Not significant
chr1,93609180,93609680,501,*,2.72377868953893,1.52291357587033,3.36992812123475,-0.191220937755701,0.573167729189683,0.809266618514092,-0.191220937755701,0.809266618514092,2.72377868953893,0.09190837347637829,Not significant
chr2,69437523,69438023,501,*,5.17954805254375,5.38163739524479,4.94446633020838,0.255107986514126,0.573687451433013,0.809645627909404,0.255107986514126,0.809645627909404,5.17954805254375,0.0917050249720423,Not significant
chr1,236715099,236715599,501,*,2.78685514108791,3.43123995345275,1.59232054257119,0.190718836268982,0.57417310484037,0.809976245094427,0.190718836268982,0.809976245094427,2.78685514108791,0.09152771788146073,Not significant
chr9,134135568,134136068,501,*,4.80518751223492,4.49019364951993,5.06358051101809,-0.261542764198183,0.574483465295117,0.810059398328606,-0.261542764198183,0.810059398328606,4.80518751223492,0.09148313492313552,Not significant
chr4,118279349,118279849,501,*,4.34258481958779,3.73609453498117,4.76826693353923,-0.23189838308475,0.5750672875327,0.810527909199633,-0.23189838308475,0.810527909199633,4.34258481958779,0.09123202633957182,Not significant
chr5,379009,379509,501,*,5.16356300726593,4.84897382581998,5.42168398136541,-0.26049385427106,0.576010643818801,0.81141795952799,-0.26049385427106,0.81141795952799,5.16356300726593,0.09075538406380332,Not significant
chr20,3811613,3812113,501,*,6.36184289524395,6.14361743662515,6.55135483378162,-0.250341741043089,0.576202449224097,0.81141795952799,-0.250341741043089,0.81141795952799,6.36184289524395,0.09075538406380332,Not significant
chrX,150581487,150581987,501,*,4.72863984975978,4.27496885026493,5.0732610138847,-0.248568631373269,0.576478425196556,0.811451937956882,-0.248568631373269,0.811451937956882,4.72863984975978,0.09073719820158904,Not significant
chr1,159945661,159946161,501,*,5.03450873637527,4.47306012914737,5.43764399338633,-0.235711448965057,0.57691679136164,0.811714367583931,-0.235711448965057,0.811714367583931,5.03450873637527,0.09059676682432434,Not significant
chr9,2260455,2260955,501,*,5.50463108667104,5.28346698612183,5.69635423722877,-0.250329515889053,0.578176375656563,0.812149620231784,-0.250329515889053,0.812149620231784,5.50463108667104,0.09036395443468893,Not significant
chr3,49358332,49358832,501,*,4.90454808099136,4.5547282296276,5.18588185105513,-0.257119634590693,0.57831545005541,0.812149620231784,-0.257119634590693,0.812149620231784,4.90454808099136,0.09036395443468893,Not significant
chr10,68900629,68901129,501,*,5.06673313474461,4.81685418243603,5.27965481211639,-0.254691709847026,0.57851027087109,0.812149620231784,-0.254691709847026,0.812149620231784,5.06673313474461,0.09036395443468893,Not significant
chr3,57597152,57597652,501,*,4.82572362135718,5.2389396189641,4.24439723915089,0.232588552393585,0.578713759162512,0.812149620231784,0.232588552393585,0.812149620231784,4.82572362135718,0.09036395443468893,Not significant
chr1,183472021,183472521,501,*,4.95381239345968,4.57018374750566,5.25656162250783,-0.255197690927226,0.57877403844396,0.812149620231784,-0.255197690927226,0.812149620231784,4.95381239345968,0.09036395443468893,Not significant
chr1,1080555,1081055,501,*,2.36401027471283,3.02541391639951,1.10689371540095,0.184450666624324,0.578829450220938,0.812149620231784,0.184450666624324,0.812149620231784,2.36401027471283,0.09036395443468893,Not significant
chr2,113217474,113217974,501,*,4.90076496136572,4.54155476034073,5.1881293928856,-0.25688461001922,0.578990588973435,0.812149620231784,-0.25688461001922,0.812149620231784,4.90076496136572,0.09036395443468893,Not significant
chr10,110772212,110772712,501,*,4.48313975908692,4.07952238280446,4.79817213488829,-0.252357530141565,0.580084839650282,0.813019493502927,-0.252357530141565,0.813019493502927,4.48313975908692,0.08989904134411013,Not significant
chrX,40013246,40013746,501,*,5.03592730704558,4.70874783294164,5.3024520429384,-0.257254612630662,0.580453409070096,0.813019493502927,-0.257254612630662,0.813019493502927,5.03592730704558,0.08989904134411013,Not significant
chr16,31074215,31074715,501,*,4.8643912543292,4.47087232540315,5.1732524410386,-0.253106533443281,0.5804817106643,0.813019493502927,-0.253106533443281,0.813019493502927,4.8643912543292,0.08989904134411013,Not significant
chr20,49915403,49915903,501,*,5.76090362089338,5.94375854336126,5.55146224444669,0.243819940741218,0.580620066589148,0.813019493502927,0.243819940741218,0.813019493502927,5.76090362089338,0.08989904134411013,Not significant
chr12,47706175,47706675,501,*,4.84219324887721,5.10775364652335,4.51646785426429,0.256844605066428,0.581042883403734,0.813258110480812,0.256844605066428,0.813258110480812,4.84219324887721,0.08977159688164728,Not significant
KI270715.1,77978,78478,501,*,2.96306000862387,2.10787607659148,3.49632946037676,-0.205655106134524,0.581642172433767,0.813743412757966,-0.205655106134524,0.813743412757966,2.96306000862387,0.08951251401754011,Not significant
chr22,38700283,38700783,501,*,4.28071908736622,3.78703922569437,4.64785386743395,-0.238775285860412,0.582308270621627,0.814321722197432,-0.238775285860412,0.814321722197432,4.28071908736622,0.08920398015908014,Not significant
chr19,11559106,11559606,501,*,4.89931195940871,5.17824208527091,4.55320699287019,0.253988957224617,0.583066805612297,0.814494244246311,0.253988957224617,0.814494244246311,4.89931195940871,0.08911198035596112,Not significant
chr1,19251746,19252246,501,*,5.97112689036134,5.64825953265825,6.23478713185278,-0.255104190120296,0.583180075410503,0.814494244246311,-0.255104190120296,0.814494244246311,5.97112689036134,0.08911198035596112,Not significant
chr7,100100982,100101482,501,*,7.70703743444509,7.54340042144593,7.85399032982749,-0.224321237035402,0.583443786880889,0.814494244246311,-0.224321237035402,0.814494244246311,7.70703743444509,0.08911198035596112,Not significant
chr20,57264861,57265361,501,*,3.82765787970244,4.39738269378647,2.87242846176393,0.19650032019636,0.583526323719396,0.814494244246311,0.19650032019636,0.814494244246311,3.82765787970244,0.08911198035596112,Not significant
chr17,76506524,76507024,501,*,5.00689881956991,4.43123995345275,5.41726190545061,-0.228577545772284,0.583695595892219,0.814494244246311,-0.228577545772284,0.814494244246311,5.00689881956991,0.08911198035596112,Not significant
chr19,18588905,18589405,501,*,4.99779757094429,4.74004950843028,5.21640213811435,-0.252592057821843,0.584456127681698,0.815202443026161,-0.252592057821843,0.815202443026161,4.99779757094429,0.0887345274913368,Not significant
chr16,87950954,87951454,501,*,5.67694208862521,5.43327695560236,5.88533835195134,-0.25127545152833,0.584725199035108,0.815224833964136,-0.25127545152833,0.815224833964136,5.67694208862521,0.08872259900983374,Not significant
chr7,120950690,120951190,501,*,5.35262769620191,5.57046511691248,5.09594622662878,0.251558586913354,0.585458341077798,0.815893933803056,0.251558586913354,0.815893933803056,5.35262769620191,0.08836629585162509,Not significant
chr22,46044355,46044855,501,*,4.93877347078553,5.31543111131247,4.42763710049487,0.235120928172706,0.585783865972085,0.815994645984461,0.235120928172706,0.815994645984461,4.93877347078553,0.08831269078907128,Not significant
chr20,53739834,53740334,501,*,4.42618144935366,4.86854390398491,3.78496562051359,0.219892124032554,0.586725730334695,0.816953458573201,0.219892124032554,0.816953458573201,4.42618144935366,0.087802684300609,Not significant
chr22,30591617,30592117,501,*,5.84222469271228,5.62650408562518,6.02984558358924,-0.242165438255583,0.587755583072413,0.817754529471392,-0.242165438255583,0.817754529471392,5.84222469271228,0.08737704167686199,Not significant
chrX,52934873,52935373,501,*,5.72037312862627,5.90079408598073,5.51412006575342,0.241229541392154,0.587808656193589,0.817754529471392,0.241229541392154,0.817754529471392,5.72037312862627,0.08737704167686199,Not significant
chrX,48597675,48598175,501,*,5.15552241467845,5.3745481375381,4.89718822653556,0.249849138738968,0.588577817742421,0.81844614028588,0.249849138738968,0.81844614028588,5.15552241467845,0.08700989505017119,Not significant
chr5,10249858,10250358,501,*,4.90740942621154,4.65071270163795,5.1252578259492,-0.250226360628934,0.588813827803435,0.81844614028588,-0.250226360628934,0.81844614028588,4.90740942621154,0.08700989505017119,Not significant
chr19,35545417,35545917,501,*,5.93033772464613,5.7280589834474,6.10771135221243,-0.238560549463288,0.58977196291921,0.819424434896806,-0.238560549463288,0.819424434896806,5.93033772464613,0.08649108970844968,Not significant
chr2,55268948,55269448,501,*,5.85470626316802,5.57996967161159,6.08539965303676,-0.250023651505082,0.590352506832096,0.819684048171271,-0.250023651505082,0.819684048171271,5.85470626316802,0.0863535166135185,Not significant
chr6,13574301,13574801,501,*,5.64636055073711,5.34550874732244,5.89517107112482,-0.2505678546815,0.590467621292837,0.819684048171271,-0.2505678546815,0.819684048171271,5.64636055073711,0.0863535166135185,Not significant
chr12,132868963,132869463,501,*,2.50656307991293,3.15113203426001,1.31136953572392,0.178786613381859,0.590930074924894,0.819972739624465,0.178786613381859,0.819972739624465,2.50656307991293,0.08620058569855685,Not significant
chr1,203186671,203187171,501,*,4.7802044306746,5.0326979882348,4.47394459647864,0.249585321934171,0.591936053586273,0.820528120906278,0.249585321934171,0.820528120906278,4.7802044306746,0.08590653033892667,Not significant
chr11,34600649,34601149,501,*,4.95639589146891,4.61164335771388,5.23444841646889,-0.247243141323335,0.592016126660004,0.820528120906278,-0.247243141323335,0.820528120906278,4.95639589146891,0.08590653033892667,Not significant
chr7,130204832,130205332,501,*,5.08642536548958,4.55323047783136,5.47486538944436,-0.226052768481857,0.592690606226182,0.820528120906278,-0.226052768481857,0.820528120906278,5.08642536548958,0.08590653033892667,Not significant
chr19,33041314,33041814,501,*,4.62805080080012,4.06723409209414,5.03086214917394,-0.223907758790796,0.59274396943229,0.820528120906278,-0.223907758790796,0.820528120906278,4.62805080080012,0.08590653033892667,Not significant
chr3,15654397,15654897,501,*,3.40518118777612,2.66570520708977,3.89168255910561,-0.204252831113263,0.592963009351491,0.820528120906278,-0.204252831113263,0.820528120906278,3.40518118777612,0.08590653033892667,Not significant
chr7,66844862,66845362,501,*,5.15067228468342,4.82727690383293,5.41468405276121,-0.248337925256797,0.593101143792382,0.820528120906278,-0.248337925256797,0.820528120906278,5.15067228468342,0.08590653033892667,Not significant
chr16,89872977,89873477,501,*,5.449934415174,5.24846668481783,5.62668437130559,-0.237391136821585,0.59311297131928,0.820528120906278,-0.237391136821585,0.820528120906278,5.449934415174,0.08590653033892667,Not significant
chr11,32091434,32091934,501,*,5.77480487445747,5.377411722618,6.08604184260137,-0.240322089018853,0.59493239742098,0.82243844105433,-0.240322089018853,0.82243844105433,5.77480487445747,0.08489659880160945,Not significant
chr7,23474381,23474881,501,*,5.46948642114012,5.25389841397484,5.65700704446118,-0.240214013850288,0.595004347019752,0.82243844105433,-0.240214013850288,0.82243844105433,5.46948642114012,0.08489659880160945,Not significant
chr12,46268436,46268936,501,*,5.1518880544425,4.80446830792523,5.43167004901484,-0.244467510998611,0.595422617741566,0.822663668251855,-0.244467510998611,0.822663668251855,5.1518880544425,0.08477768225640844,Not significant
chr9,136546300,136546800,501,*,5.22446712160481,5.4862746878435,4.90437733217463,0.246051482520558,0.596436032170638,0.823364739309569,0.246051482520558,0.823364739309569,5.22446712160481,0.08440773565184258,Not significant
chr16,77657,78157,501,*,5.46190649445323,5.26744373862808,5.63324366376052,-0.23229612124027,0.596581271395249,0.823364739309569,-0.23229612124027,0.823364739309569,5.46190649445323,0.08440773565184258,Not significant
chr16,29807254,29807754,501,*,4.71885264229712,4.36742387183858,5.00122427449425,-0.243056833991768,0.596696668618201,0.823364739309569,-0.243056833991768,0.823364739309569,4.71885264229712,0.08440773565184258,Not significant
chr12,6451839,6452339,501,*,5.64073310488582,5.4188420283025,5.83300205989828,-0.239829700364709,0.597551455162765,0.824022482463184,-0.239829700364709,0.824022482463184,5.64073310488582,0.08406093893820028,Not significant
chr11,118287015,118287515,501,*,5.35110763494661,4.98178859517713,5.64489266494837,-0.241694965747033,0.597845744049041,0.824022482463184,-0.241694965747033,0.824022482463184,5.35110763494661,0.08406093893820028,Not significant
chr2,70553915,70554415,501,*,4.85005552609769,5.13317918123303,4.49745910491542,0.242386778260572,0.597940584729647,0.824022482463184,0.242386778260572,0.824022482463184,4.85005552609769,0.08406093893820028,Not significant
chr4,3780669,3781169,501,*,5.07034701857227,5.3361679599546,4.74422900279517,0.244462069570993,0.598229605122045,0.824039777625938,0.244462069570993,0.824039777625938,5.07034701857227,0.0840518237561712,Not significant
chr7,105304039,105304539,501,*,5.58380146223359,5.22288233932549,5.8722564862325,-0.241925827935838,0.598464642968558,0.824039777625938,-0.241925827935838,0.824039777625938,5.58380146223359,0.0840518237561712,Not significant
chr7,97971760,97972260,501,*,5.11843601536993,4.89437307574308,5.31233271385739,-0.239879693565694,0.598872313309586,0.824248865221481,-0.239879693565694,0.824248865221481,5.11843601536993,0.08394164209610842,Not significant
chr7,455635,456135,501,*,5.41214959936451,5.63131027929823,5.15362750381372,0.243206212253519,0.59948327288417,0.824648236617088,0.243206212253519,0.824648236617088,5.41214959936451,0.08373126535817817,Not significant
chr16,27769650,27770150,501,*,5.13232154300479,4.65683441415995,5.48933983289578,-0.227158024656212,0.59967436945805,0.824648236617088,-0.227158024656212,0.824648236617088,5.13232154300479,0.08373126535817817,Not significant
chr10,93465931,93466431,501,*,5.07340178798117,4.84116414056352,5.27338694409545,-0.239400974238836,0.600702091119688,0.825709103066397,-0.239400974238836,0.825709103066397,5.07340178798117,0.08317292747903983,Not significant
chr19,47109228,47109728,501,*,4.45836221273971,4.69607250117097,4.17360583126758,0.242920531038411,0.601811666939067,0.826566045193589,0.242920531038411,0.826566045193589,4.45836221273971,0.08272243922844598,Not significant
chr20,38434850,38435350,501,*,6.56059531930033,6.40343020414164,6.70230862045305,-0.214521736590583,0.601838591565537,0.826566045193589,-0.214521736590583,0.826566045193589,6.56059531930033,0.08272243922844598,Not significant
chr19,10653882,10654382,501,*,5.66596623377602,6.03034223297271,5.17728304329235,0.22422508555605,0.602350382107342,0.82661665396946,0.22422508555605,0.82661665396946,5.66596623377602,0.08269584917023322,Not significant
chr19,5090896,5091396,501,*,5.10027396478484,4.87155159854482,5.29764834164979,-0.238346205500895,0.602423837129212,0.82661665396946,-0.238346205500895,0.82661665396946,5.10027396478484,0.08269584917023322,Not significant
chr1,6603538,6604038,501,*,5.66994726271523,5.42489871175889,5.87935396261567,-0.240450916292252,0.602876859431212,0.82661665396946,-0.240450916292252,0.82661665396946,5.66994726271523,0.08269584917023322,Not significant
chr8,130482895,130483395,501,*,5.62085528710563,5.35101881673182,5.84808676555536,-0.242036034385197,0.60292272912801,0.82661665396946,-0.242036034385197,0.82661665396946,5.62085528710563,0.08269584917023322,Not significant
chr3,48465747,48466247,501,*,5.4268855267188,5.1733755447145,5.64243608415729,-0.24116364821432,0.603158210267598,0.82661665396946,-0.24116364821432,0.82661665396946,5.4268855267188,0.08269584917023322,Not significant
chr20,34977530,34978030,501,*,6.12998456587084,6.30327571389373,5.9330000124406,0.229239774800237,0.603517598968179,0.826757527157939,0.229239774800237,0.826757527157939,6.12998456587084,0.08262184239154882,Not significant
chr14,55107747,55108247,501,*,5.4377903099364,5.68670414204164,5.13678727137165,0.241460476006882,0.603806256088341,0.826801426738901,0.241460476006882,0.826801426738901,5.4377903099364,0.08259878262010349,Not significant
chr1,31065246,31065746,501,*,4.72258120742658,4.4273535265643,4.96753679499019,-0.24119478373565,0.604379208361761,0.827093544681244,-0.24119478373565,0.827093544681244,4.72258120742658,0.08244536875291604,Not significant
chr2,112054957,112055457,501,*,4.9990705439489,4.77454783614864,5.19331127498553,-0.236452409911333,0.604532991224187,0.827093544681244,-0.236452409911333,0.827093544681244,4.9990705439489,0.08244536875291604,Not significant
chr14,101760279,101760779,501,*,4.79647151882745,4.49019364951993,5.04897732008948,-0.240635748938035,0.604900764264878,0.827157556252113,-0.240635748938035,0.827157556252113,4.79647151882745,0.08241175853255162,Not significant
chr11,116577123,116577623,501,*,6.02312112824076,6.2285330641321,5.78352856257844,0.237702583547358,0.605353582010758,0.827157556252113,0.237702583547358,0.827157556252113,6.02312112824076,0.08241175853255162,Not significant
chr11,118401208,118401708,501,*,5.98210760434298,6.24226173636309,5.66448916691811,0.2396240721657,0.60544278916833,0.827157556252113,0.2396240721657,0.827157556252113,5.98210760434298,0.08241175853255162,Not significant
chr7,32495121,32495621,501,*,5.64604140963908,5.4579155470809,5.81244165248011,-0.22568530692504,0.605606665176516,0.827157556252113,-0.22568530692504,0.827157556252113,5.64604140963908,0.08241175853255162,Not significant
chr14,34043573,34044073,501,*,4.73875266262695,4.45511128874733,4.9756861953927,-0.238365528361566,0.608524590382443,0.830403722446692,-0.238365528361566,0.830403722446692,4.73875266262695,0.08071071268151082,Not significant
chr21,43728368,43728868,501,*,6.21423319329439,6.04060835432584,6.36918934029523,-0.220156860177863,0.608589581118548,0.830403722446692,-0.220156860177863,0.830403722446692,6.21423319329439,0.08071071268151082,Not significant
chr8,125514207,125514707,501,*,6.40323687432096,6.23981509269422,6.55001620267965,-0.215575156897838,0.608838108904517,0.830403722446692,-0.215575156897838,0.830403722446692,6.40323687432096,0.08071071268151082,Not significant
chr10,5546856,5547356,501,*,4.85687873311764,5.10174164132048,4.56178581199509,0.237724673359703,0.609436461842906,0.830403722446692,0.237724673359703,0.830403722446692,4.85687873311764,0.08071071268151082,Not significant
chr4,3830646,3831146,501,*,4.97567782399376,4.74973285381501,5.17098158448984,-0.233751574102883,0.60944581591492,0.830403722446692,-0.233751574102883,0.830403722446692,4.97567782399376,0.08071071268151082,Not significant
chr13,113208081,113208581,501,*,5.54069935376669,5.30288361780883,5.74480466689083,-0.235310912428035,0.609529734198146,0.830403722446692,-0.235310912428035,0.830403722446692,5.54069935376669,0.08071071268151082,Not significant
chr15,74843224,74843724,501,*,5.98415041473737,5.81865056668367,6.13260358671746,-0.216341589950765,0.610943803613566,0.831130577462573,-0.216341589950765,0.831130577462573,5.98415041473737,0.0803307396136124,Not significant
chrX,153972710,153973210,501,*,5.39442281496771,5.19287865594036,5.5712315716084,-0.228594247439236,0.611142037931013,0.831130577462573,-0.228594247439236,0.831130577462573,5.39442281496771,0.0803307396136124,Not significant
chr11,703242,703742,501,*,4.93769556582487,4.62579174950573,5.19400821357172,-0.2357257473525,0.611194013714941,0.831130577462573,-0.2357257473525,0.831130577462573,4.93769556582487,0.0803307396136124,Not significant
chr9,470086,470586,501,*,4.97281597639509,4.46151303120619,5.34956363263151,-0.214615953217173,0.611251517622578,0.831130577462573,-0.214615953217173,0.831130577462573,4.97281597639509,0.0803307396136124,Not significant
chr17,29590209,29590709,501,*,3.60508275051165,4.05166141921965,2.9548906219559,0.199202328469331,0.611353031839323,0.831130577462573,0.199202328469331,0.831130577462573,3.60508275051165,0.0803307396136124,Not significant
chr20,47317775,47318275,501,*,4.59218216751385,4.83809235489448,4.29556522038069,0.235527960574235,0.612581829601557,0.832449875569893,0.235527960574235,0.832449875569893,4.59218216751385,0.07964190727362302,Not significant
chr19,33797002,33797502,501,*,4.56712918596287,4.26607297285646,4.81607933831665,-0.234470783679301,0.613556765345647,0.832929435366509,-0.234470783679301,0.832929435366509,4.56712918596287,0.0793917898645717,Not significant
chr3,157160288,157160788,501,*,5.22406257149411,4.93047124804359,5.46789178498351,-0.234302832907748,0.614082850735718,0.832929435366509,-0.234302832907748,0.832929435366509,5.22406257149411,0.0793917898645717,Not significant
chr20,46220492,46220992,501,*,4.17615163064446,3.48174680350398,4.64294661564116,-0.19325303779748,0.614130488432516,0.832929435366509,-0.19325303779748,0.832929435366509,4.17615163064446,0.0793917898645717,Not significant
chr7,74932530,74933030,501,*,2.45630260242586,1.34377711220241,3.0769042820869,-0.166398186134694,0.614482261402682,0.832929435366509,-0.166398186134694,0.832929435366509,2.45630260242586,0.0793917898645717,Not significant
chr12,52288144,52288644,501,*,4.22265239461633,4.54589905208856,3.80541460946493,0.223347753843662,0.614865429465999,0.832929435366509,0.223347753843662,0.832929435366509,4.22265239461633,0.0793917898645717,Not significant
chr10,133357085,133357585,501,*,5.4462188940239,5.20843434535158,5.65030124808106,-0.231498510661408,0.615537966634885,0.832929435366509,-0.231498510661408,0.832929435366509,5.4462188940239,0.0793917898645717,Not significant
chr19,13053357,13053857,501,*,4.52438468556447,3.98234519450763,4.91747209135498,-0.207740292833392,0.615685968238227,0.832929435366509,-0.207740292833392,0.832929435366509,4.52438468556447,0.0793917898645717,Not significant
chr17,28318500,28319000,501,*,4.78575774031504,4.31818508384679,5.13831252230267,-0.216219025557169,0.615775144143783,0.832929435366509,-0.216219025557169,0.832929435366509,4.78575774031504,0.0793917898645717,Not significant
chr17,64505545,64506045,501,*,5.56221794909161,5.3472383064904,5.74927834025439,-0.229181648538573,0.616117848750717,0.832929435366509,-0.229181648538573,0.832929435366509,5.56221794909161,0.0793917898645717,Not significant
chr2,234362949,234363449,501,*,5.4909785461172,5.0162024541739,5.84759739726729,-0.213969079435508,0.616424041113186,0.832929435366509,-0.213969079435508,0.832929435366509,5.4909785461172,0.0793917898645717,Not significant
chr6,41072564,41073064,501,*,5.46558572904392,5.6671737653049,5.23118247149603,0.231030307534893,0.616734041817032,0.832929435366509,0.231030307534893,0.832929435366509,5.46558572904392,0.0793917898645717,Not significant
chr2,108652325,108652825,501,*,4.90635248334165,4.63414665625788,5.13526040620292,-0.232870408828575,0.616856559648759,0.832929435366509,-0.232870408828575,0.832929435366509,4.90635248334165,0.0793917898645717,Not significant
chr16,1705681,1706181,501,*,5.17367988937021,4.66570520708977,5.54862593907891,-0.209568460207623,0.616952818169196,0.832929435366509,-0.209568460207623,0.832929435366509,5.17367988937021,0.0793917898645717,Not significant
chr15,44577821,44578321,501,*,2.23595905939946,1.34377711220241,2.78311408368706,-0.175392852381655,0.617391693517202,0.832929435366509,-0.175392852381655,0.832929435366509,2.23595905939946,0.0793917898645717,Not significant
chr12,49018766,49019266,501,*,5.45339487973042,5.22276929042456,5.65218414562781,-0.230561257920158,0.617431820228662,0.832929435366509,-0.230561257920158,0.832929435366509,5.45339487973042,0.0793917898645717,Not significant
chr9,37799915,37800415,501,*,5.01474742718441,4.51370211364472,5.38592193453306,-0.20961040931607,0.617829780216644,0.832929435366509,-0.20961040931607,0.832929435366509,5.01474742718441,0.0793917898645717,Not significant
chr7,105012818,105013318,501,*,6.23373420954589,6.0544485628934,6.39318233458831,-0.21842327617893,0.617935875700768,0.832929435366509,-0.21842327617893,0.832929435366509,6.23373420954589,0.0793917898645717,Not significant
chr20,45890900,45891400,501,*,6.22163972483355,6.00712873256977,6.40834534609895,-0.228190900613441,0.617944611336071,0.832929435366509,-0.228190900613441,0.832929435366509,6.22163972483355,0.0793917898645717,Not significant
chr21,7926028,7926528,501,*,2.94220464494219,3.52291357587033,1.9548906219559,0.170362977546102,0.618213801238259,0.832929435366509,0.170362977546102,0.832929435366509,2.94220464494219,0.0793917898645717,Not significant
chr5,140557212,140557712,501,*,5.86142963621376,5.68704562916715,6.01699003785158,-0.216483094342806,0.618862325797201,0.832929435366509,-0.216483094342806,0.832929435366509,5.86142963621376,0.0793917898645717,Not significant
chr1,45550117,45550617,501,*,5.23907375827896,5.4444374299995,4.99954689292366,0.229746828328532,0.619056935261301,0.832929435366509,0.229746828328532,0.832929435366509,5.23907375827896,0.0793917898645717,Not significant
chr19,55634421,55634921,501,*,4.32320016038069,3.94454710577421,4.62284882979482,-0.222769734777478,0.619219940477241,0.832929435366509,-0.222769734777478,0.832929435366509,4.32320016038069,0.0793917898645717,Not significant
chr1,3900847,3901347,501,*,5.45626031485485,5.1970854679921,5.67588957304758,-0.23117963103052,0.619299235043766,0.832929435366509,-0.23117963103052,0.832929435366509,5.45626031485485,0.0793917898645717,Not significant
chr17,81711671,81712171,501,*,4.56372075922983,4.0442168303435,4.94488044131586,-0.20555318085205,0.619951342375429,0.832929435366509,-0.20555318085205,0.832929435366509,4.56372075922983,0.0793917898645717,Not significant
chr11,108008848,108009348,501,*,4.54515789385668,4.95848695631762,3.96360620934086,0.199592811640266,0.620093516732133,0.832929435366509,0.199592811640266,0.832929435366509,4.54515789385668,0.0793917898645717,Not significant
chr3,184362904,184363404,501,*,5.06336931969786,4.74580437324842,5.32348761179323,-0.228388188681495,0.620118756003454,0.832929435366509,-0.228388188681495,0.832929435366509,5.06336931969786,0.0793917898645717,Not significant
chr19,45584401,45584901,501,*,5.261826659834,4.88397291574922,5.56097561481767,-0.223552968399286,0.620281139475627,0.832929435366509,-0.223552968399286,0.832929435366509,5.261826659834,0.0793917898645717,Not significant
chr20,36835300,36835800,501,*,5.94911041801634,5.75544929758452,6.11982518031308,-0.222731929958341,0.620387663770617,0.832929435366509,-0.222731929958341,0.832929435366509,5.94911041801634,0.0793917898645717,Not significant
chr14,68598854,68599354,501,*,5.52999579035929,5.2579312496885,5.75880387739308,-0.230454445006684,0.620431609211552,0.832929435366509,-0.230454445006684,0.832929435366509,5.52999579035929,0.0793917898645717,Not significant
chr7,75982621,75983121,501,*,5.04637399288675,5.45230156898058,4.47946055947571,0.20036924095828,0.620729970560119,0.83295315809172,0.20036924095828,0.83295315809172,5.04637399288675,0.0793794208672654,Not significant
chr12,3336262,3336762,501,*,4.93489404940441,5.18576260247145,4.6310245113342,0.229381650229156,0.620966320836844,0.83295315809172,0.229381650229156,0.83295315809172,4.93489404940441,0.0793794208672654,Not significant
chr15,41283209,41283709,501,*,5.09710865336562,4.84591864117546,5.31098085949509,-0.229659070127632,0.621338096960115,0.833105013901577,-0.229659070127632,0.833105013901577,5.09710865336562,0.07930025179435174,Not significant
chr9,137435818,137436318,501,*,5.05573985971404,4.79149249996721,5.27899805276132,-0.229333793847246,0.622095294570469,0.833773310776228,-0.229333793847246,0.833773310776228,5.05573985971404,0.07895201082656376,Not significant
chr19,50724658,50725158,501,*,4.2245447468194,3.91742138724535,4.47762424743478,-0.227885887845454,0.622354744563989,0.83377421496265,-0.227885887845454,0.83377421496265,4.2245447468194,0.0789515398556707,Not significant
chr22,31630640,31631140,501,*,3.80062494960208,4.33026849792793,2.9548906219559,0.175334012079868,0.62273169758732,0.833932472828905,0.175334012079868,0.833932472828905,3.80062494960208,0.07886911466814608,Not significant
chr2,138501049,138501549,501,*,5.27926656905145,5.55397954809318,4.9396414199243,0.225048192697442,0.623076063975923,0.834046978865984,0.225048192697442,0.834046978865984,5.27926656905145,0.07880948642743173,Not significant
chr5,138543205,138543705,501,*,6.05772686330841,5.84530682708554,6.24284715332693,-0.224792869949119,0.62364325374177,0.834369840584335,-0.224792869949119,0.834369840584335,6.05772686330841,0.07864140245367496,Not significant
chr4,82428939,82429439,501,*,4.96665542615469,4.72448356177895,5.17395913495431,-0.227322422349872,0.623842207834715,0.834369840584335,-0.227322422349872,0.834369840584335,4.96665542615469,0.07864140245367496,Not significant
chr19,1227367,1227867,501,*,5.63853937209776,5.40830967368808,5.83703459380076,-0.226256025845399,0.624094138984559,0.834369840584335,-0.226256025845399,0.834369840584335,5.63853937209776,0.07864140245367496,Not significant
chr14,22822497,22822997,501,*,5.14453784299589,5.51601049890287,4.64294661564116,0.204652870976805,0.624968709373563,0.83519252658715,0.204652870976805,0.83519252658715,5.14453784299589,0.07821340044871318,Not significant
chr20,58541887,58542387,501,*,4.49364405333739,4.77133072339977,4.14945470589133,0.222703032611911,0.625810091009222,0.835402739009506,0.222703032611911,0.835402739009506,4.49364405333739,0.07810410516047837,Not significant
chr15,74956272,74956772,501,*,5.22838814462242,4.99040292139361,5.43261821370798,-0.225860561453514,0.626488351541357,0.835402739009506,-0.225860561453514,0.835402739009506,5.22838814462242,0.07810410516047837,Not significant
chr16,34064245,34064745,501,*,2.81328564529034,2.04634777857707,3.31136953572392,-0.177658412436564,0.626578034407921,0.835402739009506,-0.177658412436564,0.835402739009506,2.81328564529034,0.07810410516047837,Not significant
chr20,49595775,49596275,501,*,5.61901849186432,5.4515942607852,5.76901784323761,-0.209382487846151,0.627073937859335,0.835402739009506,-0.209382487846151,0.835402739009506,5.61901849186432,0.07810410516047837,Not significant
chr1,161201756,161202256,501,*,4.74706018448653,5.03175184279741,4.39202415037872,0.219813236200883,0.627093730047891,0.835402739009506,0.219813236200883,0.835402739009506,4.74706018448653,0.07810410516047837,Not significant
chr2,24971320,24971820,501,*,5.90041398395376,5.0442168303435,6.43407027233723,-0.17151167664941,0.627158327976602,0.835402739009506,-0.17151167664941,0.835402739009506,5.90041398395376,0.07810410516047837,Not significant
chr12,93314494,93314994,501,*,4.37474139002965,3.8032087308397,4.78301679455128,-0.193997746252889,0.62731211816388,0.835402739009506,-0.193997746252889,0.835402739009506,4.37474139002965,0.07810410516047837,Not significant
chr1,1909173,1909673,501,*,5.08069787029634,4.83809235489448,5.28831906298545,-0.225448482889914,0.627561175339391,0.835402739009506,-0.225448482889914,0.835402739009506,5.08069787029634,0.07810410516047837,Not significant
chr4,2963016,2963516,501,*,4.16153324637254,4.62008036313995,3.48540533865468,0.184756849360551,0.62765190468013,0.835402739009506,0.184756849360551,0.835402739009506,4.16153324637254,0.07810410516047837,Not significant
chr1,77978906,77979406,501,*,5.15240551015548,4.85141332371025,5.40131192957062,-0.224724731119715,0.627718817859098,0.835402739009506,-0.224724731119715,0.835402739009506,5.15240551015548,0.07810410516047837,Not significant
chr7,100126776,100127276,501,*,5.08130279274316,4.61037641712067,5.43575364150123,-0.205495641543401,0.628762701945405,0.836416936092929,-0.205495641543401,0.836416936092929,5.08130279274316,0.07757718200305348,Not significant
chr17,17782249,17782749,501,*,4.6853938702549,4.95238637255974,4.35750819485997,0.221920725380667,0.629000073293968,0.836416936092929,0.221920725380667,0.836416936092929,4.6853938702549,0.07757718200305348,Not significant
chr20,58109165,58109665,501,*,5.25939266689939,5.04741207352745,5.44417926383053,-0.22131592683861,0.629388913499944,0.836421000371394,-0.22131592683861,0.836421000371394,5.25939266689939,0.07757507170453408,Not significant
chr19,58518813,58519313,501,*,4.68709948615409,4.41605958632359,4.91518304171028,-0.224459311152906,0.629522323370773,0.836421000371394,-0.224459311152906,0.836421000371394,4.68709948615409,0.07757507170453408,Not significant
chr15,72237432,72237932,501,*,5.32321507691364,5.52129049161241,5.09355026413641,0.221958568033201,0.630675366031644,0.837303513833362,0.221958568033201,0.837303513833362,5.32321507691364,0.07711708622483998,Not significant
chr16,30786986,30787486,501,*,4.71402174678991,4.45511128874733,4.93346125705394,-0.223705110350918,0.630706278110977,0.837303513833362,-0.223705110350918,0.837303513833362,4.71402174678991,0.07711708622483998,Not significant
chr17,75876424,75876924,501,*,4.6021610823344,4.27063713619001,4.8715574463108,-0.219986954069689,0.631337382689442,0.837796147868774,-0.219986954069689,0.837796147868774,4.6021610823344,0.07686164082748624,Not significant
chr1,41495979,41496479,501,*,4.88133378447877,4.66101242593602,5.0724236118808,-0.220963734527853,0.631735550073751,0.837979391658142,-0.220963734527853,0.837979391658142,4.88133378447877,0.07676666179836734,Not significant
chr2,27177573,27178073,501,*,6.05035735833514,5.8575790372247,6.22038598484544,-0.216313792629572,0.632547467459488,0.838611156006195,-0.216313792629572,0.838611156006195,6.05035735833514,0.07643936449421537,Not significant
chr3,49673373,49673873,501,*,5.84242922388228,5.6451836764535,6.01592225351479,-0.217185122214553,0.633069120684011,0.838611156006195,-0.217185122214553,0.838611156006195,5.84242922388228,0.07643936449421537,Not significant
chr1,32650732,32651232,501,*,5.84550454069575,5.70107214872071,5.97678416738516,-0.196678045972817,0.633199954454622,0.838611156006195,-0.196678045972817,0.838611156006195,5.84550454069575,0.07643936449421537,Not significant
chr16,88811460,88811960,501,*,6.0667505383355,5.853094179392,6.25280867763128,-0.219600614317827,0.633252930652722,0.838611156006195,-0.219600614317827,0.838611156006195,6.0667505383355,0.07643936449421537,Not significant
chr20,45812435,45812935,501,*,5.92900169041342,5.79085715891723,6.05506652814347,-0.192975308638408,0.633631304015029,0.838622471199541,-0.192975308638408,0.838622471199541,5.92900169041342,0.07643350469513643,Not significant
chr2,86195034,86195534,501,*,5.67040432346341,5.22642016156425,6.00942567431667,-0.203603343070174,0.634221083174612,0.838622471199541,-0.203603343070174,0.838622471199541,5.67040432346341,0.07643350469513643,Not significant
chr11,61161267,61161767,501,*,6.61349149644432,6.35860169482698,6.83003806327022,-0.2213764805375,0.634239553398952,0.838622471199541,-0.2213764805375,0.838622471199541,6.61349149644432,0.07643350469513643,Not significant
chr22,36481590,36482090,501,*,5.50536835351175,5.26424325681431,5.7119050228914,-0.221127862939262,0.634302595379665,0.838622471199541,-0.221127862939262,0.838622471199541,5.50536835351175,0.07643350469513643,Not significant
chr7,371072,371572,501,*,4.19631418526146,3.853094179392,4.47337060326449,-0.214709826242392,0.635060113496623,0.839195932516758,-0.214709826242392,0.839195932516758,4.19631418526146,0.07613662978328814,Not significant
chr13,40402277,40402777,501,*,5.37735930848156,5.58428797792373,5.13569941935461,0.220532568814383,0.635257256178887,0.839195932516758,0.220532568814383,0.839195932516758,5.37735930848156,0.07613662978328814,Not significant
chr14,101875585,101876085,501,*,4.61219382542448,4.33442507012281,4.84501940475908,-0.219461864477612,0.636132277125269,0.840007457744924,-0.219461864477612,0.840007457744924,4.61219382542448,0.07571685817253464,Not significant
chr14,76812621,76813121,501,*,6.1420607392453,5.96850022925611,6.29696565778367,-0.208738384830889,0.636862366034476,0.840525106884978,-0.208738384830889,0.840525106884978,6.1420607392453,0.07544930944788736,Not significant
chr7,55532068,55532568,501,*,4.64758623654197,4.90307703738059,4.33690010293032,0.217230060824701,0.637046030730327,0.840525106884978,0.217230060824701,0.840525106884978,4.64758623654197,0.07544930944788736,Not significant
chr2,10448652,10449152,501,*,6.23623155949927,5.91764257291628,6.49703559186168,-0.215221177320041,0.638193151073317,0.840892721291557,-0.215221177320041,0.840892721291557,6.23623155949927,0.07525940672636999,Not significant
chr10,70508891,70509391,501,*,4.45228940882354,4.19239764559617,4.67243288681486,-0.218391571029288,0.638656308976736,0.840892721291557,-0.218391571029288,0.840892721291557,4.45228940882354,0.07525940672636999,Not significant
chr10,114239717,114240217,501,*,5.41812568320857,5.23111130530876,5.58365600725132,-0.211200805084694,0.638763677990503,0.840892721291557,-0.211200805084694,0.840892721291557,5.41812568320857,0.07525940672636999,Not significant
chr7,103347092,103347592,501,*,4.2187681828413,4.60388031912229,3.69185621612211,0.190906036711169,0.638958493356348,0.840892721291557,0.190906036711169,0.840892721291557,4.2187681828413,0.07525940672636999,Not significant
chr2,218896001,218896501,501,*,3.89680404120055,3.52138241069665,4.19442971137449,-0.209761043027862,0.638997119859746,0.840892721291557,-0.209761043027862,0.840892721291557,3.89680404120055,0.07525940672636999,Not significant
chr16,25106937,25107437,501,*,4.99604957920876,4.61092364429307,5.29972845941629,-0.206967441937685,0.639049457930539,0.840892721291557,-0.206967441937685,0.840892721291557,4.99604957920876,0.07525940672636999,Not significant
chr12,54146444,54146944,501,*,5.12017157877721,4.86914594473537,5.33392469112848,-0.2181589083812,0.639151543899138,0.840892721291557,-0.2181589083812,0.840892721291557,5.12017157877721,0.07525940672636999,Not significant
chr17,28357086,28357586,501,*,6.14560749316627,5.84798465636752,6.39220788558059,-0.215926394350945,0.639634454840441,0.840914120405616,-0.215926394350945,0.840914120405616,6.14560749316627,0.07524835490172103,Not significant
chr19,40601394,40601894,501,*,5.8463462589597,5.98499167114398,5.69294629559435,0.197911910547718,0.639689791779691,0.840914120405616,0.197911910547718,0.840914120405616,5.8463462589597,0.07524835490172103,Not significant
chr2,231662786,231663286,501,*,4.86096576901785,4.57444280629294,5.09990464093877,-0.216373226987157,0.639975492849012,0.840946589706165,-0.216373226987157,0.840946589706165,4.86096576901785,0.07523158628589374,Not significant
chr2,195657265,195657765,501,*,5.18594569526728,4.96850022925611,5.37486939287203,-0.215599138888794,0.64109413557714,0.841591823625857,-0.215599138888794,0.841591823625857,5.18594569526728,0.07489849250048541,Not significant
chr9,33290245,33290745,501,*,6.2897900607758,6.10046034422189,6.45713117014575,-0.211192579692425,0.641392688899821,0.841591823625857,-0.211192579692425,0.841591823625857,6.2897900607758,0.07489849250048541,Not significant
chr3,156826161,156826661,501,*,4.92091919110644,4.66847482650625,5.13569941935461,-0.216622579647339,0.641498586002869,0.841591823625857,-0.216622579647339,0.841591823625857,4.92091919110644,0.07489849250048541,Not significant
chr19,2087055,2087555,501,*,3.1466876485816,2.25987917003653,3.69185621612211,-0.16038911639144,0.64151133421015,0.841591823625857,-0.16038911639144,0.841591823625857,3.1466876485816,0.07489849250048541,Not significant
chr1,3459260,3459760,501,*,4.80965148573096,4.508486968852,5.05867560674218,-0.214203801429594,0.641799042465618,0.841626583160041,-0.214203801429594,0.841626583160041,4.80965148573096,0.0748805555841222,Not significant
chr20,59006948,59007448,501,*,5.4356796255778,5.1191969735528,5.69507228377237,-0.212291961062915,0.642265527596925,0.841895659038769,-0.212291961062915,0.841895659038769,5.4356796255778,0.07474172977308065,Not significant
chr4,185201897,185202397,501,*,4.24089651312825,3.74530599720678,4.60908229950863,-0.191737582616942,0.642857434174698,0.842328854376119,-0.191737582616942,0.842328854376119,4.24089651312825,0.07451832208930977,Not significant
chr7,155205076,155205576,501,*,5.12580372363183,4.90248899381112,5.31914014620027,-0.213824821745605,0.64418081849525,0.843719754955974,-0.213824821745605,0.843719754955974,5.12580372363183,0.07380178215043463,Not significant
chr5,134873833,134874333,501,*,5.61028467652078,5.37868072450362,5.80980000925613,-0.214277670670009,0.644716828400451,0.844078675784743,-0.214277670670009,0.844078675784743,5.61028467652078,0.07361707130477295,Not significant
chr2,20595278,20595778,501,*,4.36344912637137,4.07848152282976,4.60130644523414,-0.211975450085916,0.647165150770576,0.846637008928623,-0.211975450085916,0.846637008928623,4.36344912637137,0.07230275119134526,Not significant
chr1,46183290,46183790,501,*,4.77524606854352,5.04007378946848,4.45062381442926,0.20846762296498,0.647434259056912,0.846637008928623,0.20846762296498,0.846637008928623,4.77524606854352,0.07230275119134526,Not significant
chr12,51393482,51393982,501,*,4.68011608876375,4.20175810732998,5.03874401384845,-0.188798063277645,0.647620254139455,0.846637008928623,-0.188798063277645,0.846637008928623,4.68011608876375,0.07230275119134526,Not significant
chr13,50081921,50082421,501,*,5.94115179710774,5.78990362241918,6.07803736610059,-0.196187030407925,0.648114841225158,0.846637008928623,-0.196187030407925,0.846637008928623,5.94115179710774,0.07230275119134526,Not significant
chr18,10067716,10068216,501,*,4.71620836025283,4.25987917003653,5.0623558474188,-0.191932933277696,0.648389375753694,0.846637008928623,-0.191932933277696,0.846637008928623,4.71620836025283,0.07230275119134526,Not significant
chr20,35305721,35306221,501,*,5.58206577545013,5.40218279569063,5.74198605766034,-0.205433660773971,0.648736288117818,0.846637008928623,-0.205433660773971,0.846637008928623,5.58206577545013,0.07230275119134526,Not significant
chr17,21275587,21276087,501,*,4.49475352854989,4.02541391639951,4.84830814078998,-0.190120424340062,0.648828733173826,0.846637008928623,-0.190120424340062,0.846637008928623,4.49475352854989,0.07230275119134526,Not significant
chr17,68019821,68020321,501,*,5.36300014407245,5.18006766945568,5.525325431248,-0.205514644619652,0.649261343568063,0.846637008928623,-0.205514644619652,0.846637008928623,5.36300014407245,0.07230275119134526,Not significant
chr2,9753264,9753764,501,*,5.28673875720702,5.03162277890242,5.50344843109231,-0.211335749549628,0.649315023818536,0.846637008928623,-0.211335749549628,0.846637008928623,5.28673875720702,0.07230275119134526,Not significant
chr20,58017819,58018319,501,*,4.9154677360306,4.66778291996021,5.12679530839639,-0.211398022450334,0.649435647228126,0.846637008928623,-0.211398022450334,0.846637008928623,4.9154677360306,0.07230275119134526,Not significant
chr17,19362111,19362611,501,*,4.91149589906913,4.6215103308561,5.15283548692726,-0.208956010018076,0.649730863661592,0.846637008928623,-0.208956010018076,0.846637008928623,4.91149589906913,0.07230275119134526,Not significant
chr10,37976594,37977094,501,*,4.58485520474419,4.79149249996721,4.34359286038437,0.211148872842548,0.649824122619642,0.846637008928623,0.211148872842548,0.846637008928623,4.58485520474419,0.07230275119134526,Not significant
chr3,12484477,12484977,501,*,5.36729928504319,5.12664818631922,5.57348830578151,-0.210147190997833,0.651448172692256,0.848120002477145,-0.210147190997833,0.848120002477145,5.36729928504319,0.07154269405646017,Not significant
chr2,10121567,10122067,501,*,6.43618424047235,6.32846592971085,6.5364155785118,-0.165512663114312,0.651488828718477,0.848120002477145,-0.165512663114312,0.848120002477145,6.43618424047235,0.07154269405646017,Not significant
chr17,1562135,1562635,501,*,5.33638775221226,4.89836596388004,5.6719326856223,-0.190300996815672,0.652113735166413,0.848353740586785,-0.190300996815672,0.848353740586785,5.33638775221226,0.07142302091411476,Not significant
chr2,237435096,237435596,501,*,4.70588430734943,4.89614642984273,4.48666304958031,0.20882011867397,0.652316113982726,0.848353740586785,0.20882011867397,0.848353740586785,4.70588430734943,0.07142302091411476,Not significant
chr2,219387496,219387996,501,*,6.01720156505621,6.21532608047947,5.78747070303195,0.208933679766835,0.652704158858347,0.848353740586785,0.208933679766835,0.848353740586785,6.01720156505621,0.07142302091411476,Not significant
chr7,75409810,75410310,501,*,2.75773912127903,3.20462313609579,2.10689371540095,0.168759183706303,0.652721577565065,0.848353740586785,0.168759183706303,0.848353740586785,2.75773912127903,0.07142302091411476,Not significant
chr7,100889635,100890135,501,*,5.47994958048915,5.17715340924759,5.7300869490469,-0.205307438332475,0.653393144277366,0.848884157605513,-0.205307438332475,0.848884157605513,5.47994958048915,0.07115157141126555,Not significant
chr11,65382220,65382720,501,*,5.62672132172905,5.44766562148171,5.78598759414382,-0.201332525474513,0.653687921805266,0.848924822271893,-0.201332525474513,0.848924822271893,5.62672132172905,0.07113076761009593,Not significant
chr19,41883735,41884235,501,*,4.8607030246772,4.38817123156086,5.21605907817184,-0.183875731600248,0.654976452357306,0.850255491335713,-0.183875731600248,0.850255491335713,4.8607030246772,0.07045055451538472,Not significant
chr3,9397264,9397764,501,*,5.25379635430358,5.07025316281813,5.41660219606037,-0.201090619567781,0.656108986718693,0.851382664199609,-0.201090619567781,0.851382664199609,5.25379635430358,0.06987519714584454,Not significant
chr17,72421373,72421873,501,*,4.17168790089105,3.69283857731264,4.53059081211956,-0.183179421784575,0.656446784390002,0.851478075404423,-0.183179421784575,0.851478075404423,4.17168790089105,0.06982653014819507,Not significant
chr19,15379809,15380309,501,*,5.10072608272039,4.66570520708977,5.4345126756877,-0.186775706096328,0.656993867565579,0.851844765109173,-0.186775706096328,0.851844765109173,5.10072608272039,0.06963954114761807,Not significant
chr7,602997,603497,501,*,4.81761967382572,5.04060835432584,4.55375009094161,0.205784630690802,0.657543851390563,0.852214919219789,0.205784630690802,0.852214919219789,4.81761967382572,0.0694508671337897,Not significant
chr11,69825057,69825557,501,*,6.28147846272785,6.16475073781521,6.38946466817206,-0.171409124988231,0.658266005142865,0.852766509372037,-0.171409124988231,0.852766509372037,6.28147846272785,0.06916986399353992,Not significant
chr1,6962749,6963249,501,*,3.91264408054213,4.39738269378647,3.17728304329235,0.157751586104723,0.65849878191112,0.852766509372037,0.157751586104723,0.852766509372037,3.91264408054213,0.06916986399353992,Not significant
chr5,173963749,173964249,501,*,5.04224490568741,5.33703861592504,4.67132719100732,0.193961553724487,0.659039395283504,0.852924415755789,0.193961553724487,0.852924415755789,5.04224490568741,0.0690894533279188,Not significant
chr20,57212332,57212832,501,*,4.89957014674613,5.23754148764365,4.45739096248509,0.184888526114568,0.659150153703263,0.852924415755789,0.184888526114568,0.852924415755789,4.89957014674613,0.0690894533279188,Not significant
chr6,36577548,36578048,501,*,5.1285941726287,5.34637378608929,4.87199301977093,0.204646830612306,0.659620911868931,0.853190918523363,0.204646830612306,0.853190918523363,5.1285941726287,0.06895377588573745,Not significant
chr3,129183213,129183713,501,*,6.69847472105206,6.82413811689266,6.56081216472585,0.181718349435577,0.660510283963772,0.853775062485105,0.181718349435577,0.853775062485105,6.69847472105206,0.06865653445041028,Not significant
chr14,21269195,21269695,501,*,5.48238146217513,5.28301525479971,5.65751244651875,-0.202503237745228,0.66073078350813,0.853775062485105,-0.202503237745228,0.853775062485105,5.48238146217513,0.06865653445041028,Not significant
chr20,362344,362844,501,*,5.43824216350401,5.21449246757398,5.63190436007464,-0.203597992744758,0.660867475430742,0.853775062485105,-0.203597992744758,0.853775062485105,5.43824216350401,0.06865653445041028,Not significant
chr3,38633918,38634418,501,*,4.40462912050752,3.86733906825942,4.79522634558866,-0.17179845931385,0.661243655397339,0.853918660396884,-0.17179845931385,0.853918660396884,4.40462912050752,0.06858349584868705,Not significant
chr12,48925002,48925502,501,*,5.93529862772029,6.11374070240431,5.73162862107387,0.201304870270527,0.662289816415674,0.854703680798006,0.201304870270527,0.854703680798006,5.93529862772029,0.06818442573920995,Not significant
chr20,62740142,62740642,501,*,5.58214244473018,5.17666712636715,5.89830266094735,-0.186268803894713,0.662514590589316,0.854703680798006,-0.186268803894713,0.854703680798006,5.58214244473018,0.06818442573920995,Not significant
chr19,51339590,51340090,501,*,3.74897874239998,4.02000253470605,3.41498299313703,0.195996426241745,0.662682694632784,0.854703680798006,0.195996426241745,0.854703680798006,3.74897874239998,0.06818442573920995,Not significant
chr1,31170997,31171497,501,*,4.28668552343246,4.65822842956495,3.78496562051359,0.174916355571255,0.663493501661165,0.854703680798006,0.174916355571255,0.854703680798006,4.28668552343246,0.06818442573920995,Not significant
chr5,177447593,177448093,501,*,6.44605937628813,6.33316888296813,6.55075369069387,-0.168814610322503,0.663496022785035,0.854703680798006,-0.168814610322503,0.854703680798006,6.44605937628813,0.06818442573920995,Not significant
chr1,145281116,145281616,501,*,4.2102065852926,3.74530599720678,4.56124573110167,-0.179234650748088,0.663681667120909,0.854703680798006,-0.179234650748088,0.854703680798006,4.2102065852926,0.06818442573920995,Not significant
chr11,67276632,67277132,501,*,5.7877976264985,5.97865650786185,5.56778336571026,0.201711349131028,0.66370844486549,0.854703680798006,0.201711349131028,0.854703680798006,5.7877976264985,0.06818442573920995,Not significant
chr8,125429206,125429706,501,*,6.07160608679907,5.32105703570232,6.56281547150421,-0.152711886205849,0.664369767065215,0.855206961180899,-0.152711886205849,0.855206961180899,6.07160608679907,0.06792877273128511,Not significant
KN196487.1,2384,2884,501,*,1.75760715731418,2.25620163984236,0.989441440836561,0.150916252075249,0.664633077486457,0.855206961180899,0.150916252075249,0.855206961180899,1.75760715731418,0.06792877273128511,Not significant
chr9,92765106,92765606,501,*,5.84865157092578,5.67796192065881,6.00126609176672,-0.194697273741869,0.664895542445112,0.855206961180899,-0.194697273741869,0.855206961180899,5.84865157092578,0.06792877273128511,Not significant
chr11,57741010,57741510,501,*,4.74395082971102,4.43937076191879,4.99530289752582,-0.197180677671832,0.66545222967369,0.855581438151887,-0.197180677671832,0.855581438151887,4.74395082971102,0.06773864602156365,Not significant
chr2,241701455,241701955,501,*,5.68636815570659,5.52845809413341,5.82868672865799,-0.19016618531129,0.666259474388424,0.856079756364035,-0.19016618531129,0.856079756364035,5.68636815570659,0.06748577254803342,Not significant
chr11,407014,407514,501,*,5.38097086648644,5.21910915697903,5.52649072078283,-0.190702521108689,0.666597363776417,0.856079756364035,-0.190702521108689,0.856079756364035,5.38097086648644,0.06748577254803342,Not significant
chr11,67583653,67584153,501,*,6.05629837472116,5.89289361371456,6.20306397530435,-0.19263677755061,0.666636905250579,0.856079756364035,-0.19263677755061,0.856079756364035,6.05629837472116,0.06748577254803342,Not significant
chr17,39980556,39981056,501,*,5.08165907726258,5.41760788024201,4.64294661564116,0.179302864261975,0.667091898454388,0.856130835499886,0.179302864261975,0.856130835499886,5.08165907726258,0.06745986056389729,Not significant
chr2,201858914,201859414,501,*,4.97469295828325,4.71127496593237,5.19735930756041,-0.198331898692263,0.66749311304244,0.856130835499886,-0.198331898692263,0.856130835499886,4.97469295828325,0.06745986056389729,Not significant
chr11,120121143,120121643,501,*,4.31116830763873,3.8032087308397,4.68610616605457,-0.170053422391152,0.667576359391732,0.856130835499886,-0.170053422391152,0.856130835499886,4.31116830763873,0.06745986056389729,Not significant
chr3,193946801,193947301,501,*,4.53226862962089,4.2697254579409,4.75431006698412,-0.198933976716171,0.667739537433648,0.856130835499886,-0.198933976716171,0.856130835499886,4.53226862962089,0.06745986056389729,Not significant
chr10,99732224,99732724,501,*,5.28873700696408,5.09570447798712,5.45896328728889,-0.197491507346068,0.66808160091995,0.856228686620556,-0.197491507346068,0.856228686620556,5.28873700696408,0.0674102258916777,Not significant
KI270862.1,180824,181324,501,*,3.03872070626146,3.49391464079507,2.36992812123475,0.155895066582584,0.66886094029053,0.85657841501708,0.155895066582584,0.85657841501708,3.03872070626146,0.06723287362037897,Not significant
chr2,9234821,9235321,501,*,4.98838054286858,5.25205318214252,4.6654945681062,0.192605421881909,0.668886186276528,0.85657841501708,0.192605421881909,0.85657841501708,4.98838054286858,0.06723287362037897,Not significant
chr16,2963189,2963689,501,*,5.19027304659594,5.00609997803769,5.35357413894695,-0.194928046999566,0.66964623448957,0.85672776349682,-0.194928046999566,0.85672776349682,5.19027304659594,0.06715715893305756,Not significant
chr2,234412494,234412994,501,*,5.80192901715944,5.95380609586437,5.6321615186653,0.191162402467497,0.669862682584427,0.85672776349682,0.191162402467497,0.85672776349682,5.80192901715944,0.06715715893305756,Not significant
chr13,60396593,60397093,501,*,5.47338278696919,5.07169756676561,5.78723979216953,-0.180798532172988,0.670236726718033,0.85672776349682,-0.180798532172988,0.85672776349682,5.47338278696919,0.06715715893305756,Not significant
chr12,123364875,123365375,501,*,5.37357095811349,5.10071669469419,5.60293686522354,-0.195761804021153,0.670258140297626,0.85672776349682,-0.195761804021153,0.85672776349682,5.37357095811349,0.06715715893305756,Not significant
chr17,45124239,45124739,501,*,4.9395171042904,5.26835685944195,4.51288607507679,0.178045879982804,0.670417357534176,0.85672776349682,0.178045879982804,0.85672776349682,4.9395171042904,0.06715715893305756,Not significant
chr9,137316355,137316855,501,*,5.80416341403004,5.65036250421417,5.94313621389273,-0.188048984038733,0.670598205940093,0.85672776349682,-0.188048984038733,0.85672776349682,5.80416341403004,0.06715715893305756,Not significant
chr20,3799455,3799955,501,*,4.72943601158889,4.29797342258928,5.06113014335344,-0.175808098111048,0.671611522107709,0.857682252965136,-0.175808098111048,0.857682252965136,4.72943601158889,0.06667357618683703,Not significant
chr1,151909206,151909706,501,*,4.66796825815615,4.35564893980106,4.9245610737215,-0.189800112317992,0.67247469223481,0.858107149144219,-0.189800112317992,0.858107149144219,4.66796825815615,0.06645847977756585,Not significant
chr16,1082856,1083356,501,*,5.27640065205978,5.07691882348362,5.45162081728505,-0.194885407030538,0.672812095908111,0.858107149144219,-0.194885407030538,0.858107149144219,5.27640065205978,0.06645847977756585,Not significant
chr1,32760047,32760547,501,*,5.1771830518498,4.97788637554928,5.35226039942625,-0.194814294971791,0.673080675287966,0.858107149144219,-0.194814294971791,0.858107149144219,5.1771830518498,0.06645847977756585,Not significant
chr22,40856604,40857104,501,*,4.87975016968496,5.20605351969123,4.45739096248509,0.176590787981669,0.673130444733307,0.858107149144219,0.176590787981669,0.858107149144219,4.87975016968496,0.06645847977756585,Not significant
chr1,234610975,234611475,501,*,5.39587214554069,5.57518094614602,5.19107179766856,0.194987919065511,0.673275876175229,0.858107149144219,0.194987919065511,0.858107149144219,5.39587214554069,0.06645847977756585,Not significant
chr20,38926539,38927039,501,*,5.58528828226495,5.34637378608929,5.79020191738261,-0.195390604458303,0.674025954747883,0.858402585229433,-0.195390604458303,0.858402585229433,5.58528828226495,0.06630898308638943,Not significant
chr2,238596610,238597110,501,*,4.83517810692837,4.60315672156303,5.03500296619957,-0.195384404156863,0.674120875997074,0.858402585229433,-0.195384404156863,0.858402585229433,4.83517810692837,0.06630898308638943,Not significant
chr19,12778092,12778592,501,*,4.1499921399954,4.42161911427563,3.81507846756892,0.187242557634967,0.674306934579669,0.858402585229433,0.187242557634967,0.858402585229433,4.1499921399954,0.06630898308638943,Not significant
chr3,125916533,125917033,501,*,4.82868261582008,5.05259460147299,4.56351812746131,0.193417700226447,0.675424906562837,0.85948619626598,0.193417700226447,0.85948619626598,4.82868261582008,0.06576109388519472,Not significant
chr12,3231360,3231860,501,*,4.60328583592479,4.28741812055398,4.86226579901767,-0.186501791174411,0.676272232843414,0.859956761467568,-0.186501791174411,0.859956761467568,4.60328583592479,0.06552338448680113,Not significant
chr19,45423625,45424125,501,*,5.9438819925164,5.80202372275261,6.07303181537522,-0.181328830973997,0.676328502035636,0.859956761467568,-0.181328830973997,0.859956761467568,5.9438819925164,0.06552338448680113,Not significant
chr8,95269249,95269749,501,*,4.35834346826838,4.69742913099373,3.91424863745856,0.171076905963508,0.676919325751104,0.86036846846945,0.171076905963508,0.86036846846945,4.35834346826838,0.06531551439412293,Not significant
chr5,172733298,172733798,501,*,5.71905069552086,5.57083525302203,5.85344781858994,-0.183024917038911,0.677784181453278,0.861128009717059,-0.183024917038911,0.861128009717059,5.71905069552086,0.06493228434027293,Not significant
chr22,30423605,30424105,501,*,4.9210738181869,4.51370211364472,5.2383828081912,-0.172822058003619,0.679496273150222,0.862679459860138,-0.172822058003619,0.862679459860138,4.9210738181869,0.06415054226071186,Not significant
chr12,57604140,57604640,501,*,4.65401730043372,4.83269476436317,4.45004046547841,0.191528170603385,0.679629520141457,0.862679459860138,0.191528170603385,0.862679459860138,4.65401730043372,0.06415054226071186,Not significant
chr5,176447353,176447853,501,*,4.39691773026668,4.04634777857707,4.67873560293477,-0.179584487470626,0.679854373189437,0.862679459860138,-0.179584487470626,0.862679459860138,4.39691773026668,0.06415054226071186,Not significant
chr13,44436836,44437336,501,*,4.63721417941963,4.38985042341518,4.84830814078998,-0.190163892025559,0.680759015526552,0.862679459860138,-0.190163892025559,0.862679459860138,4.63721417941963,0.06415054226071186,Not significant
chr14,77040189,77040689,501,*,5.297794313758,5.09673299040853,5.47423150746968,-0.190490191088148,0.681205466151936,0.862679459860138,-0.190490191088148,0.862679459860138,5.297794313758,0.06415054226071186,Not significant
chr13,23569973,23570473,501,*,5.05393824118047,5.2697254579409,4.80010060942339,0.189665535532863,0.681329323643707,0.862679459860138,0.189665535532863,0.862679459860138,5.05393824118047,0.06415054226071186,Not significant
KI270804.1,105007,105507,501,*,3.2460325728457,2.83747721212673,3.56405735849899,-0.170550444880691,0.681357871543811,0.862679459860138,-0.170550444880691,0.862679459860138,3.2460325728457,0.06415054226071186,Not significant
chr6,111841807,111842307,501,*,3.78262863956468,4.08653897509072,3.39712953262335,0.175581385962951,0.681415826953427,0.862679459860138,0.175581385962951,0.862679459860138,3.78262863956468,0.06415054226071186,Not significant
chr5,59040154,59040654,501,*,5.3139026643337,4.98054103655367,5.58450939364482,-0.180323508871003,0.682013133163714,0.862679459860138,-0.180323508871003,0.862679459860138,5.3139026643337,0.06415054226071186,Not significant
chr1,232377191,232377691,501,*,5.32024244562254,5.05894114660402,5.54139565759825,-0.188950176084978,0.682227164030591,0.862679459860138,-0.188950176084978,0.862679459860138,5.32024244562254,0.06415054226071186,Not significant
chr11,108551597,108552097,501,*,6.02313461854319,6.17721175057843,5.8506128688486,0.185570914318328,0.682598455580991,0.862679459860138,0.185570914318328,0.862679459860138,6.02313461854319,0.06415054226071186,Not significant
chr15,70568075,70568575,501,*,3.02318645917724,3.43286978519783,2.44887305947386,0.153038074143305,0.682825675548637,0.862679459860138,0.153038074143305,0.862679459860138,3.02318645917724,0.06415054226071186,Not significant
chr12,50247128,50247628,501,*,5.85153114381026,5.9713067881641,5.72090373586723,0.173389746729912,0.682946813458728,0.862679459860138,0.173389746729912,0.862679459860138,5.85153114381026,0.06415054226071186,Not significant
chr7,151520249,151520749,501,*,4.50915728225137,4.20271374923826,4.76177553750223,-0.182410894661675,0.683148802139918,0.862679459860138,-0.182410894661675,0.862679459860138,4.50915728225137,0.06415054226071186,Not significant
chr12,576101,576601,501,*,5.8439666898816,5.64896086383604,6.01572516173836,-0.188999867028714,0.683410639432475,0.862679459860138,-0.188999867028714,0.862679459860138,5.8439666898816,0.06415054226071186,Not significant
chr3,13002604,13003104,501,*,5.22748496192997,5.40176675307927,5.02921889462882,0.188535300250442,0.683536745745051,0.862679459860138,0.188535300250442,0.862679459860138,5.22748496192997,0.06415054226071186,Not significant
chr3,48472523,48473023,501,*,4.89041352964001,4.68943377847266,5.06678792829849,-0.188845648381625,0.683633531727876,0.862679459860138,-0.188845648381625,0.862679459860138,4.89041352964001,0.06415054226071186,Not significant
chr16,70289138,70289638,501,*,5.46665316730645,5.61380034623157,5.30277516464788,0.182894998191762,0.683824748753194,0.862679459860138,0.182894998191762,0.862679459860138,5.46665316730645,0.06415054226071186,Not significant
KI270712.1,58429,58929,501,*,4.07203553102171,4.29281312451823,3.81125885186512,0.186764453960372,0.684210683742091,0.862828502159302,0.186764453960372,0.862828502159302,4.07203553102171,0.06407551710906634,Not significant
chrX,129777064,129777564,501,*,5.33305346920904,5.47236292779673,5.17884004766192,0.180646663464162,0.684914381057515,0.863377987389403,0.180646663464162,0.863377987389403,5.33305346920904,0.06379902827319968,Not significant
chr13,113841371,113841871,501,*,2.34936879009681,2.8032087308397,1.68352281714763,0.144672452933137,0.685446301286468,0.863597546610623,0.144672452933137,0.863597546610623,2.34936879009681,0.06368860012078718,Not significant
chr19,55472706,55473206,501,*,5.19602269471668,5.00828793428357,5.36211697230837,-0.18635602840801,0.685624619562375,0.863597546610623,-0.18635602840801,0.863597546610623,5.19602269471668,0.06368860012078718,Not significant
chr22,50244784,50245284,501,*,5.02070047437251,4.83932185412674,5.1818014398781,-0.186068865544711,0.686253150790302,0.864017979217365,-0.186068865544711,0.864017979217365,5.02070047437251,0.06347722025993842,Not significant
chr9,2843704,2844204,501,*,5.32313625623642,5.1565673319916,5.47244885545948,-0.182089026403259,0.686994920983268,0.864017979217365,-0.182089026403259,0.864017979217365,5.32313625623642,0.06347722025993842,Not significant
chr7,111931941,111932441,501,*,5.45145424552941,5.27723870842567,5.60688060396403,-0.184635435853605,0.687091140445371,0.864017979217365,-0.184635435853605,0.864017979217365,5.45145424552941,0.06347722025993842,Not significant
chr16,50538694,50539194,501,*,5.23185760772621,5.06303043435943,5.38298183682635,-0.183037214446829,0.687291449657872,0.864017979217365,-0.183037214446829,0.864017979217365,5.23185760772621,0.06347722025993842,Not significant
chr7,26201336,26201836,501,*,5.63450547226009,5.93111719080707,5.26069905147999,0.171313119910519,0.687788098976345,0.864017979217365,0.171313119910519,0.864017979217365,5.63450547226009,0.06347722025993842,Not significant
chr9,86107088,86107588,501,*,3.15238892263126,2.63839079329026,3.53059081211956,-0.155877330560472,0.688127391723072,0.864017979217365,-0.155877330560472,0.864017979217365,3.15238892263126,0.06347722025993842,Not significant
chr20,44960321,44960821,501,*,5.92796502879085,6.03511428336621,5.8122147042699,0.162625312085545,0.688233889104792,0.864017979217365,0.162625312085545,0.864017979217365,5.92796502879085,0.06347722025993842,Not significant
chr22,35399755,35400255,501,*,4.77420746346111,5.08964194508225,4.36992812123475,0.167238553073171,0.688310599788317,0.864017979217365,0.167238553073171,0.864017979217365,4.77420746346111,0.06347722025993842,Not significant
chr2,134668824,134669324,501,*,6.38467690182752,6.2347411535931,6.52048675505825,-0.178447230071662,0.688640191879428,0.864017979217365,-0.178447230071662,0.864017979217365,6.38467690182752,0.06347722025993842,Not significant
chr5,157731323,157731823,501,*,5.24561389066619,4.96737607517283,5.47876862785582,-0.181829377801064,0.688719961344099,0.864017979217365,-0.181829377801064,0.864017979217365,5.24561389066619,0.06347722025993842,Not significant
chr5,163460581,163461081,501,*,5.57104879872955,5.74070761786356,5.37874588303545,0.185039195472929,0.689096269019997,0.864017979217365,0.185039195472929,0.864017979217365,5.57104879872955,0.06347722025993842,Not significant
chr18,58315336,58315836,501,*,3.51131062987366,2.93795107514917,3.92051147350899,-0.149166375980084,0.689176352137997,0.864017979217365,-0.149166375980084,0.864017979217365,3.51131062987366,0.06347722025993842,Not significant
chr11,111878678,111879178,501,*,4.29060280527856,3.8032087308397,4.65426464180901,-0.155554862579803,0.690118808002257,0.864863010261872,-0.155554862579803,0.864863010261872,4.29060280527856,0.06305267704253442,Not significant
chr2,37880368,37880868,501,*,4.30209457505956,4.63272916482704,3.87242846176393,0.162669176608431,0.690450994206761,0.864942886210802,0.162669176608431,0.864942886210802,4.30209457505956,0.06301256886166572,Not significant
chr17,42120938,42121438,501,*,6.23880048232863,6.33169321154312,6.13951239771066,0.149864721189952,0.691016808563551,0.865029149536423,0.149864721189952,0.865029149536423,6.23880048232863,0.06296925754152326,Not significant
chr22,20981649,20982149,501,*,5.25929048364465,5.46411362187982,5.02049907301359,0.184130628378545,0.691198477422688,0.865029149536423,0.184130628378545,0.865029149536423,5.25929048364465,0.06296925754152326,Not significant
chr17,68247501,68248001,501,*,5.6751381662179,5.49547522151411,5.83488456419911,-0.183011459306373,0.691526723020895,0.865029149536423,-0.183011459306373,0.865029149536423,5.6751381662179,0.06296925754152326,Not significant
chr12,21819300,21819800,501,*,5.89161902834214,6.00692085053072,5.76629540404384,0.167292204213693,0.691749943024899,0.865029149536423,0.167292204213693,0.865029149536423,5.89161902834214,0.06296925754152326,Not significant
chr11,48013390,48013890,501,*,5.29863911851789,5.508486968852,5.05298585527983,0.183049808535971,0.69196290862272,0.865029149536423,0.183049808535971,0.865029149536423,5.29863911851789,0.06296925754152326,Not significant
chr11,66727548,66728048,501,*,5.24179805091305,5.38205928256645,5.08641725121159,0.177700745847635,0.692134445034864,0.865029149536423,0.177700745847635,0.865029149536423,5.24179805091305,0.06296925754152326,Not significant
chr2,61471075,61471575,501,*,5.35347648263338,5.1767838460036,5.51087091909054,-0.180989718484222,0.692613498301818,0.865029149536423,-0.180989718484222,0.865029149536423,5.35347648263338,0.06296925754152326,Not significant
chr1,8239729,8240229,501,*,5.2605180438258,5.0814771723368,5.41977258716665,-0.181911605505689,0.693138293797388,0.865029149536423,-0.181911605505689,0.865029149536423,5.2605180438258,0.06296925754152326,Not significant
chr16,88332831,88333331,501,*,4.3188041342587,4.06408249764025,4.53522940055701,-0.181515563936235,0.693186830459208,0.865029149536423,-0.181515563936235,0.865029149536423,4.3188041342587,0.06296925754152326,Not significant
chr5,415173,415673,501,*,2.89009829675569,2.47385199167917,3.21275118925957,-0.160389433820476,0.693310767839723,0.865029149536423,-0.160389433820476,0.865029149536423,2.89009829675569,0.06296925754152326,Not significant
chr17,40540118,40540618,501,*,4.3543065499915,4.54815653105254,4.13030602420022,0.182885073436391,0.693583791706573,0.865029149536423,0.182885073436391,0.865029149536423,4.3543065499915,0.06296925754152326,Not significant
chr19,3367264,3367764,501,*,5.08464842207758,4.70132911682049,5.38720538966834,-0.165057942785375,0.693741564991346,0.865029149536423,-0.165057942785375,0.865029149536423,5.08464842207758,0.06296925754152326,Not significant
chr1,154627697,154628197,501,*,5.31885981120746,5.13506265005798,5.48186538701389,-0.181602375466665,0.694292696439204,0.865381457612037,-0.181602375466665,0.865381457612037,5.31885981120746,0.0627924145949403,Not significant
chr13,20174816,20175316,501,*,5.364599334628,5.5073272031667,5.20618513164421,0.176913289312091,0.694752693763199,0.865385690011426,0.176913289312091,0.865385690011426,5.364599334628,0.06279029055681956,Not significant
chr3,184314210,184314710,501,*,4.54815258969938,4.90645951370985,4.07036783937584,0.154072638558846,0.694833265071247,0.865385690011426,0.154072638558846,0.865385690011426,4.54815258969938,0.06279029055681956,Not significant
chr21,37208187,37208687,501,*,4.87408908300802,4.61451862634642,5.09400215295621,-0.179581475565862,0.695185610557282,0.865489968012195,-0.179581475565862,0.865489968012195,4.87408908300802,0.06273796171371317,Not significant
chr12,12725110,12725610,501,*,4.70427820554496,4.49781293196474,4.88486145988199,-0.181813858036108,0.695729275952167,0.865560062263693,-0.181813858036108,0.865560062263693,4.70427820554496,0.06270279052152009,Not significant
chr5,80184477,80184977,501,*,4.80571379023408,4.62507906149387,4.96622778927773,-0.180105071376523,0.695903922620781,0.865560062263693,-0.180105071376523,0.865560062263693,4.80571379023408,0.06270279052152009,Not significant
chr21,34022765,34023265,501,*,5.47903679253022,5.2208837849467,5.69793236100472,-0.178681986906535,0.696047834055006,0.865560062263693,-0.178681986906535,0.865560062263693,5.47903679253022,0.06270279052152009,Not significant
chr1,1659220,1659720,501,*,4.20123761028003,3.90483973133333,4.44699737336508,-0.175164168220541,0.696601020877506,0.865913769007455,-0.175164168220541,0.865913769007455,4.20123761028003,0.06252535452867944,Not significant
chr11,67420760,67421260,501,*,5.37672590132984,5.14579543573433,5.57574151537322,-0.179968219104713,0.697184825498219,0.866273255712795,-0.179968219104713,0.866273255712795,5.37672590132984,0.0623450932838368,Not significant
chr10,119596691,119597191,501,*,5.05165852359464,5.35822435251548,4.66186678280806,0.161786456159102,0.697427940819054,0.866273255712795,0.161786456159102,0.866273255712795,5.05165852359464,0.0623450932838368,Not significant
chr20,49046262,49046762,501,*,6.51099414556784,6.40830967368808,6.60685312214908,-0.152144654504639,0.698261398999263,0.86697426881527,-0.152144654504639,0.86697426881527,6.51099414556784,0.06199379188638624,Not significant
chr20,3045916,3046416,501,*,5.14196761191306,4.94568918267793,5.31471224058576,-0.179899471551326,0.698670211524166,0.867147697045787,-0.179899471551326,0.867147697045787,5.14196761191306,0.0619069249586226,Not significant
chr2,235570323,235570823,501,*,5.78781360922303,5.64104410747523,5.92102093668266,-0.173067052997137,0.699073539732822,0.867314187531441,-0.173067052997137,0.867314187531441,5.78781360922303,0.06182354935945385,Not significant
chr9,95511546,95512046,501,*,4.92792601079509,4.55266091926438,5.22545349410374,-0.162565961834048,0.699673699815905,0.867724657739356,-0.162565961834048,0.867724657739356,4.92792601079509,0.0616180612228685,Not significant
chr14,104972582,104973082,501,*,6.05565197698597,6.23245953188877,5.85410938004453,0.178916315462048,0.700185614473585,0.86802541355671,0.178916315462048,0.86802541355671,6.05565197698597,0.06146755960936515,Not significant
chr16,68237366,68237866,501,*,5.87888910422901,5.75324632019812,5.99446100113295,-0.16381606479639,0.701729743345519,0.869605089638178,-0.16381606479639,0.869605089638178,5.87888910422901,0.06067792706883292,Not significant
chr2,55232741,55233241,501,*,6.30077531539564,6.19287865594036,6.40116104400445,-0.154902095858611,0.702024734611225,0.869636176438819,-0.154902095858611,0.869636176438819,6.30077531539564,0.06066240210833068,Not significant
chr2,61888478,61888978,501,*,5.6520182303179,5.50432294139229,5.78598759414382,-0.170374494940781,0.702523450769903,0.869836934444701,-0.170374494940781,0.869836934444701,5.6520182303179,0.06056215555206709,Not significant
chr11,726204,726704,501,*,5.05146615102611,5.26160437923289,4.80541460946493,0.175278347991813,0.703105925079143,0.869836934444701,0.175278347991813,0.869836934444701,5.05146615102611,0.06056215555206709,Not significant
chr18,10284279,10284779,501,*,4.91825912917658,5.09621882585248,4.71521753892287,0.176981553004413,0.703370061647624,0.869836934444701,0.176981553004413,0.869836934444701,4.91825912917658,0.06056215555206709,Not significant
chr7,6009453,6009953,501,*,6.31140726657019,6.21514613575597,6.40164533649501,-0.145630280950683,0.703403112219758,0.869836934444701,-0.145630280950683,0.869836934444701,6.31140726657019,0.06056215555206709,Not significant
chr11,128522653,128523153,501,*,4.98546361844668,4.79212756134577,5.15592581941547,-0.176308919366552,0.704012910357739,0.869836934444701,-0.176308919366552,0.869836934444701,4.98546361844668,0.06056215555206709,Not significant
chr2,218323450,218323950,501,*,4.26929878271791,4.50539218612219,3.9868617432507,0.17071318439442,0.704213843406771,0.869836934444701,0.17071318439442,0.869836934444701,4.26929878271791,0.06056215555206709,Not significant
chr5,134845992,134846492,501,*,5.71749481449468,5.55883904755342,5.86041870894208,-0.172343278252778,0.704516353057102,0.869836934444701,-0.172343278252778,0.869836934444701,5.71749481449468,0.06056215555206709,Not significant
GL000194.1,81514,82014,501,*,2.9232179226627,3.23438605336162,2.5259372614591,0.15448243065295,0.704543575284077,0.869836934444701,0.15448243065295,0.869836934444701,2.9232179226627,0.06056215555206709,Not significant
chr5,124592333,124592833,501,*,0.479412426792431,0.0,1.10689371540095,-0.109902115028856,0.704807542506513,0.869836934444701,-0.109902115028856,0.869836934444701,0.479412426792431,0.06056215555206709,Not significant
chr17,48048127,48048627,501,*,4.96865996633605,4.79831112986712,5.12100203817492,-0.174513180375134,0.704893342912777,0.869836934444701,-0.174513180375134,0.869836934444701,4.96865996633605,0.06056215555206709,Not significant
chr22,41412755,41413255,501,*,4.85545699754639,4.61164335771388,5.06396180932531,-0.173247080771974,0.705239457199461,0.869836934444701,-0.173247080771974,0.869836934444701,4.85545699754639,0.06056215555206709,Not significant
chr17,21214087,21214587,501,*,5.76227575181431,5.88621124295293,5.62668437130559,0.164187292397581,0.706059083590153,0.869836934444701,0.164187292397581,0.869836934444701,5.76227575181431,0.06056215555206709,Not significant
GL000225.1,61799,62299,501,*,2.66582813523711,2.10787607659148,3.06716837995191,-0.139015734032919,0.706121805452951,0.869836934444701,-0.139015734032919,0.869836934444701,2.66582813523711,0.06056215555206709,Not significant
chr2,178450764,178451264,501,*,4.90903708170921,5.26870369687835,4.42882181028831,0.145459241461101,0.706223487605734,0.869836934444701,0.145459241461101,0.869836934444701,4.90903708170921,0.06056215555206709,Not significant
chr18,10076960,10077460,501,*,4.50219032092546,4.26698696140256,4.70436949601289,-0.173618378962973,0.706236319213947,0.869836934444701,-0.173618378962973,0.869836934444701,4.50219032092546,0.06056215555206709,Not significant
chrX,123960385,123960885,501,*,5.73477313401416,5.58135176241122,5.87343603099741,-0.170214800334043,0.706747262754841,0.870092508270201,-0.170214800334043,0.870092508270201,5.73477313401416,0.060434570719938914,Not significant
chr6,33613218,33613718,501,*,5.02172532847897,4.78831299306954,5.22258045154449,-0.173152147105551,0.70700629048574,0.870092508270201,-0.173152147105551,0.870092508270201,5.02172532847897,0.060434570719938914,Not significant
chr8,22673023,22673523,501,*,4.50820369655895,4.74580437324842,4.22360474781593,0.168695032707225,0.707253966219632,0.870092508270201,0.168695032707225,0.870092508270201,4.50820369655895,0.060434570719938914,Not significant
chr11,134657056,134657556,501,*,4.97585171128016,4.76065007579319,5.16308008115642,-0.173888536207091,0.708113497954546,0.870500720308262,-0.173888536207091,0.870500720308262,4.97585171128016,0.06023086518332545,Not significant
chr5,177453933,177454433,501,*,4.90395949744425,4.65753159023473,5.11437200003147,-0.170973808695489,0.708126129089993,0.870500720308262,-0.170973808695489,0.870500720308262,4.90395949744425,0.06023086518332545,Not significant
chr4,185384948,185385448,501,*,5.14142370812188,4.9855470363193,5.28208880562537,-0.169604458876402,0.70871392951475,0.8707318204072,-0.169604458876402,0.8707318204072,5.14142370812188,0.06011558420163169,Not significant
chr2,177164724,177165224,501,*,5.22957580193195,4.86733906825942,5.51887024992795,-0.156391849339418,0.708854613571721,0.8707318204072,-0.156391849339418,0.8707318204072,5.22957580193195,0.06011558420163169,Not significant
chr18,3617787,3618287,501,*,3.64465888929361,3.18200724425841,3.99441898614254,-0.144233296775985,0.709942525938352,0.871579369369779,-0.144233296775985,0.871579369369779,3.64465888929361,0.05969305822718514,Not significant
chr10,101066232,101066732,501,*,5.16768421150846,4.88323398709999,5.40518132099264,-0.165293356715426,0.710249414218977,0.871579369369779,-0.165293356715426,0.871579369369779,5.16768421150846,0.05969305822718514,Not significant
chr17,4832804,4833304,501,*,5.05322838059065,4.8501940903929,5.23118247149603,-0.17253699976233,0.710474257040046,0.871579369369779,-0.17253699976233,0.871579369369779,5.05322838059065,0.05969305822718514,Not significant
chr17,15398708,15399208,501,*,4.40235381825038,4.6130817083257,4.15549291914454,0.170256272965688,0.710626630457607,0.871579369369779,0.170256272965688,0.871579369369779,4.40235381825038,0.05969305822718514,Not significant
chrX,136880177,136880677,501,*,5.02591798770368,4.82231125171798,5.20431151207827,-0.171643164902797,0.71164352590534,0.872494459842849,-0.171643164902797,0.872494459842849,5.02591798770368,0.0592373220390616,Not significant
chr5,180831764,180832264,501,*,4.12058910149507,4.37910347720431,3.80541460946493,0.16138872321671,0.711935913939063,0.872520926098008,0.16138872321671,0.872520926098008,4.12058910149507,0.05922414834596332,Not significant
chr17,2400791,2401291,501,*,5.56145874676695,5.39602978688237,5.70985489132538,-0.169752441435684,0.712565349041531,0.872799829838139,-0.169752441435684,0.872799829838139,5.56145874676695,0.05908534709015963,Not significant
chr8,106636461,106636961,501,*,5.17719606583943,4.98221163391809,5.34893794590874,-0.171137946348473,0.712705261422763,0.872799829838139,-0.171137946348473,0.872799829838139,5.17719606583943,0.05908534709015963,Not significant
chr19,6199596,6200096,501,*,3.96573608571824,3.51524144746978,4.3085275765706,-0.142458428135993,0.7135266749183,0.873080715676223,-0.142458428135993,0.873080715676223,3.96573608571824,0.058945604229869906,Not significant
chr17,76726750,76727250,501,*,5.37547325380961,5.23754148764365,5.50136090749558,-0.162512729546021,0.713821088212796,0.873080715676223,-0.162512729546021,0.873080715676223,5.37547325380961,0.058945604229869906,Not significant
chr1,1574166,1574666,501,*,4.97115886276302,4.73559279279754,5.17360583126758,-0.168888558318485,0.713948963238836,0.873080715676223,-0.168888558318485,0.873080715676223,4.97115886276302,0.058945604229869906,Not significant
chr3,14948087,14948587,501,*,5.28587979785623,5.508486968852,5.02254468878613,0.16553333395982,0.714289517603306,0.873080715676223,0.16553333395982,0.873080715676223,5.28587979785623,0.058945604229869906,Not significant
chr1,23691802,23692302,501,*,5.87329931506421,5.97872345446683,5.75955972742124,0.153535400251227,0.714752688871703,0.873080715676223,0.153535400251227,0.873080715676223,5.87329931506421,0.058945604229869906,Not significant
chr6,26286061,26286561,501,*,4.39037911112446,4.62988999692656,4.10303239651254,0.162604771469683,0.714788300677812,0.873080715676223,0.162604771469683,0.873080715676223,4.39037911112446,0.058945604229869906,Not significant
chr15,63834051,63834551,501,*,5.04995154700595,5.33660335361914,4.69185621612211,0.153018874638332,0.714831448775257,0.873080715676223,0.153018874638332,0.873080715676223,5.04995154700595,0.058945604229869906,Not significant
chr20,63941656,63942156,501,*,3.2477140335862,3.59752923007644,2.78496562051359,0.140534623207237,0.715495904339745,0.873338594765455,0.140534623207237,0.873338594765455,3.2477140335862,0.05881734698306093,Not significant
chr3,58332332,58332832,501,*,4.30090235686394,4.62917933106466,3.87522090668592,0.144582143360882,0.715584695897207,0.873338594765455,0.144582143360882,0.873338594765455,4.30090235686394,0.05881734698306093,Not significant
chr5,154754827,154755327,501,*,6.32649361449782,6.22046864128012,6.42525731018232,-0.149358963176881,0.717473693630451,0.874781825934608,-0.149358963176881,0.874781825934608,6.32649361449782,0.05810024824334264,Not significant
chr9,129557937,129558437,501,*,5.52736673067975,5.39236555226737,5.65080900435361,-0.161057235912308,0.717542238452095,0.874781825934608,-0.161057235912308,0.874781825934608,5.52736673067975,0.05810024824334264,Not significant
chr5,442542,443042,501,*,4.44838579490543,4.0442168303435,4.76375324911425,-0.144530714660203,0.71758173989608,0.874781825934608,-0.144530714660203,0.874781825934608,4.44838579490543,0.05810024824334264,Not significant
chr19,43619466,43619966,501,*,6.87213814351771,6.96698803776806,6.77061076416977,0.142033116720102,0.718466893277848,0.875219038651072,0.142033116720102,0.875219038651072,6.87213814351771,0.05788324369440623,Not significant
chr11,2269185,2269685,501,*,5.65254518340959,5.79767878521015,5.49116130269049,0.165040542101743,0.718620573591791,0.875219038651072,0.165040542101743,0.875219038651072,5.65254518340959,0.05788324369440623,Not significant
chr3,126509095,126509595,501,*,4.41779694191527,4.73609453498117,4.00879005015959,0.144070500586834,0.718823807431807,0.875219038651072,0.144070500586834,0.875219038651072,4.41779694191527,0.05788324369440623,Not significant
chr2,26033407,26033907,501,*,4.61434110864927,4.91523099864909,4.23369956027462,0.146626492774659,0.719026938333143,0.875219038651072,0.146626492774659,0.875219038651072,4.61434110864927,0.05788324369440623,Not significant
chr5,56358986,56359486,501,*,5.30316308249339,5.03054676764215,5.53236096964828,-0.159352034728166,0.720349494981016,0.876497761642309,-0.159352034728166,0.876497761642309,5.30316308249339,0.05724918864906247,Not significant
KI270442.1,91535,92035,501,*,4.186846068354,3.90483973133333,4.42263872966661,-0.157856783994691,0.722327478546444,0.878189604898563,-0.157856783994691,0.878189604898563,4.186846068354,0.05641170793068818,Not significant
chr19,35604601,35605101,501,*,5.65211542407178,5.52167345967841,5.77173515472435,-0.157934039575564,0.722517864013912,0.878189604898563,-0.157934039575564,0.878189604898563,5.65211542407178,0.05641170793068818,Not significant
chr9,137240669,137241169,501,*,4.81096428302997,4.96962350807574,4.63267569837288,0.164537763421613,0.722739555016305,0.878189604898563,0.164537763421613,0.878189604898563,4.81096428302997,0.05641170793068818,Not significant
chr18,3447242,3447742,501,*,3.24040959728335,2.8032087308397,3.5754740998007,-0.136776974093006,0.722830177588761,0.878189604898563,-0.136776974093006,0.878189604898563,3.24040959728335,0.05641170793068818,Not significant
chr13,32315490,32315990,501,*,6.12323592785796,5.98276807009341,6.25123244401633,-0.159981412936438,0.723254953992109,0.878374467305909,-0.159981412936438,0.878374467305909,6.12323592785796,0.05632029683445946,Not significant
chr9,129334293,129334793,501,*,5.30538478934434,5.43490448903953,5.16308008115642,0.158794448397489,0.724258500049166,0.878809123954509,0.158794448397489,0.878809123954509,5.30538478934434,0.05610544280463752,Not significant
chr20,62121212,62121712,501,*,4.04738065515901,3.63131027929823,4.36992812123475,-0.138313603795068,0.724466211456377,0.878809123954509,-0.138313603795068,0.878809123954509,4.04738065515901,0.05610544280463752,Not significant
chr1,149812178,149812678,501,*,4.04534369667296,3.66570520708977,4.34560782328432,-0.141609374300067,0.725356359356216,0.878809123954509,-0.141609374300067,0.878809123954509,4.04534369667296,0.05610544280463752,Not significant
chr2,60550344,60550844,501,*,3.54686099395722,3.05272180287558,3.91424863745856,-0.130682210971808,0.725481451714824,0.878809123954509,-0.130682210971808,0.878809123954509,3.54686099395722,0.05610544280463752,Not significant
chrX,69556493,69556993,501,*,3.81300525385337,4.08056249237215,3.48426621261631,0.147800512735268,0.725593936329946,0.878809123954509,0.147800512735268,0.878809123954509,3.81300525385337,0.05610544280463752,Not significant
chr7,101244660,101245160,501,*,5.35267168129982,5.55397954809318,5.11864736166245,0.160548324464338,0.725912073897012,0.878809123954509,0.160548324464338,0.878809123954509,5.35267168129982,0.05610544280463752,Not significant
chr16,30527162,30527662,501,*,5.08326866251217,4.86748369771428,5.27093821267016,-0.162091560013033,0.72592473283699,0.878809123954509,-0.162091560013033,0.878809123954509,5.08326866251217,0.05610544280463752,Not significant
chr9,94872661,94873161,501,*,3.73617812382239,3.33026849792793,4.05260164462277,-0.139489156744603,0.725979076843332,0.878809123954509,-0.139489156744603,0.878809123954509,3.73617812382239,0.05610544280463752,Not significant
chr5,399644,400144,501,*,4.81644585465545,4.56796050054069,5.02835552671868,-0.158380457538147,0.726067625067319,0.878809123954509,-0.158380457538147,0.878809123954509,4.81644585465545,0.05610544280463752,Not significant
chr17,1516785,1517285,501,*,5.17992856621078,5.03538251096305,5.31130207684504,-0.158601255840805,0.726574375998747,0.879036835784787,-0.158601255840805,0.879036835784787,5.17992856621078,0.05599292556004161,Not significant
chr14,49862661,49863161,501,*,4.7249962408733,4.52655123098315,4.89941623515969,-0.161905555673849,0.726801406123734,0.879036835784787,-0.161905555673849,0.879036835784787,4.7249962408733,0.05599292556004161,Not significant
chr3,48609322,48609822,501,*,4.55921789815755,4.20175810732998,4.8454630633949,-0.142556793456294,0.727876222258322,0.879906194119074,-0.142556793456294,0.879906194119074,4.55921789815755,0.05556362506343395,Not significant
chr9,93095804,93096304,501,*,4.27385141297696,3.97341373335235,4.52237894390504,-0.149581139995343,0.728066391533659,0.879906194119074,-0.149581139995343,0.879906194119074,4.27385141297696,0.05556362506343395,Not significant
chr8,85742150,85742650,501,*,2.68418542445302,3.15113203426001,1.98944144083656,0.114986405368658,0.72846667528242,0.880059852928367,0.114986405368658,0.880059852928367,2.68418542445302,0.0554877904491773,Not significant
chr15,60397609,60398109,501,*,6.0509551139538,5.87650661928691,6.2065668177644,-0.160527750145928,0.729629847658576,0.880947264849059,-0.160527750145928,0.880947264849059,6.0509551139538,0.05505008848981145,Not significant
chr3,141366962,141367462,501,*,4.85395726709215,4.58749629671888,5.07879226134632,-0.153562304674911,0.729748060174469,0.880947264849059,-0.153562304674911,0.880947264849059,4.85395726709215,0.05505008848981145,Not significant
chrX,16771587,16772087,501,*,5.06540526986457,4.89673706380681,5.21640213811435,-0.159507424491686,0.730293808484324,0.881275899227151,-0.159507424491686,0.881275899227151,5.06540526986457,0.05488810662334517,Not significant
chr19,2783490,2783990,501,*,5.36425043864535,5.04647553192734,5.62450939519406,-0.146393426458077,0.730966064184841,0.881357210567722,-0.146393426458077,0.881357210567722,5.36425043864535,0.054848038084572184,Not significant
chr20,39822750,39823250,501,*,4.74091393713125,4.92309159926865,4.53236096964828,0.158590640165363,0.731609267542419,0.881357210567722,0.158590640165363,0.881357210567722,4.74091393713125,0.054848038084572184,Not significant
chr1,204103883,204104383,501,*,4.74987570418117,4.58749629671888,4.89581377820021,-0.158217268500384,0.732070436480206,0.881357210567722,-0.158217268500384,0.881357210567722,4.74987570418117,0.054848038084572184,Not significant
chr1,155003744,155004244,501,*,5.22063039202123,5.04007378946848,5.3810827142875,-0.159059763405375,0.732128906421576,0.881357210567722,-0.159059763405375,0.881357210567722,5.22063039202123,0.054848038084572184,Not significant
chr6,159726810,159727310,501,*,4.7442394539614,5.02216952368702,4.3996754646288,0.141343792140679,0.73268230094764,0.881357210567722,0.141343792140679,0.881357210567722,4.7442394539614,0.054848038084572184,Not significant
chr17,7035373,7035873,501,*,5.75073397407758,5.62436602124178,5.86691910298386,-0.151651112008576,0.732841491160267,0.881357210567722,-0.151651112008576,0.881357210567722,5.75073397407758,0.054848038084572184,Not significant
chr1,150067361,150067861,501,*,5.00175281523881,4.78767624995942,5.1881293928856,-0.156670875526917,0.732891858841304,0.881357210567722,-0.156670875526917,0.881357210567722,5.00175281523881,0.054848038084572184,Not significant
chr16,89560444,89560944,501,*,5.94438400544992,5.73220811129913,6.12931892706412,-0.156917565897183,0.733019327634722,0.881357210567722,-0.156917565897183,0.881357210567722,5.94438400544992,0.054848038084572184,Not significant
chr16,2474397,2474897,501,*,5.1620252648963,5.02108643606014,5.29041266576348,-0.154505184830336,0.733142282347567,0.881357210567722,-0.154505184830336,0.881357210567722,5.1620252648963,0.054848038084572184,Not significant
chr15,81184439,81184939,501,*,4.50111465415045,4.15113203426001,4.78255350757282,-0.13945087767369,0.733332008924665,0.881357210567722,-0.13945087767369,0.881357210567722,4.50111465415045,0.054848038084572184,Not significant
chr5,73497974,73498474,501,*,5.24945376840069,5.53474051446194,4.89349007729176,0.139597945933534,0.733370168073266,0.881357210567722,0.139597945933534,0.881357210567722,5.24945376840069,0.054848038084572184,Not significant
chr19,40691266,40691766,501,*,6.01549745908229,5.9214207377181,6.10381327702857,-0.135954048636701,0.734050668436836,0.881846105034857,-0.135954048636701,0.881846105034857,6.01549745908229,0.054607198956296676,Not significant
chr10,68956461,68956961,501,*,5.68613465569603,5.51524144746978,5.83891184700356,-0.157185436151343,0.735066681015554,0.88242854172037,-0.157185436151343,0.88242854172037,5.68613465569603,0.05432045329769904,Not significant
chr20,51386885,51387385,501,*,3.8153142405722,3.43937076191879,4.11326710745695,-0.136192372453725,0.735430146289771,0.88242854172037,-0.136192372453725,0.88242854172037,3.8153142405722,0.05432045329769904,Not significant
chr7,24821412,24821912,501,*,4.882668769466,4.73228752858496,5.01884396545257,-0.155220870072911,0.73548361743132,0.88242854172037,-0.155220870072911,0.88242854172037,4.882668769466,0.05432045329769904,Not significant
chr6,41787673,41788173,501,*,5.93153615365444,6.05702954628343,5.79407761596445,0.152267035251148,0.735855045115423,0.88242854172037,0.152267035251148,0.88242854172037,5.93153615365444,0.05432045329769904,Not significant
chr17,17206097,17206597,501,*,5.65881807007849,5.80973401340752,5.49025085525444,0.156258032787897,0.736011116044498,0.88242854172037,0.156258032787897,0.88242854172037,5.65881807007849,0.05432045329769904,Not significant
chr5,177403243,177403743,501,*,4.66551320853008,4.47938289290783,4.83035075523848,-0.156463709871518,0.736274320321362,0.88242854172037,-0.156463709871518,0.88242854172037,4.66551320853008,0.05432045329769904,Not significant
chr7,495565,496065,501,*,3.70970445153837,4.02325179880758,3.3085275765706,0.131776772042219,0.736547049891043,0.88242854172037,0.131776772042219,0.88242854172037,3.70970445153837,0.05432045329769904,Not significant
chr2,230905505,230906005,501,*,4.40948549201109,4.60388031912229,4.18475676575186,0.153631715836853,0.737258816158371,0.88242854172037,0.153631715836853,0.88242854172037,4.40948549201109,0.05432045329769904,Not significant
chr13,27824394,27824894,501,*,4.42324973341987,4.16469189037904,4.64243608415729,-0.148133039566561,0.737398194258423,0.88242854172037,-0.148133039566561,0.88242854172037,4.42324973341987,0.05432045329769904,Not significant
chr1,6199290,6199790,501,*,5.38463766979897,5.1970854679921,5.55058907833073,-0.155177323887107,0.737845440478045,0.88242854172037,-0.155177323887107,0.88242854172037,5.38463766979897,0.05432045329769904,Not significant
chr10,95539632,95540132,501,*,4.37897582021988,4.66587152971237,4.02049907301359,0.135356816363353,0.737925006132608,0.88242854172037,0.135356816363353,0.88242854172037,4.37897582021988,0.05432045329769904,Not significant
chr14,73569395,73569895,501,*,4.20387013267835,4.50092399847387,3.82935973987204,0.133528754599282,0.738231321601663,0.88242854172037,0.133528754599282,0.88242854172037,4.20387013267835,0.05432045329769904,Not significant
chr20,58652283,58652783,501,*,4.27706577704613,3.89214738553605,4.58061588904666,-0.132711182218082,0.738559420780643,0.88242854172037,-0.132711182218082,0.88242854172037,4.27706577704613,0.05432045329769904,Not significant
chr22,30246789,30247289,501,*,4.29327874370444,4.59316298283569,3.91424863745856,0.133178585179773,0.738598361128044,0.88242854172037,0.133178585179773,0.88242854172037,4.29327874370444,0.05432045329769904,Not significant
chr2,64644361,64644861,501,*,3.86948013644285,3.61738817600952,4.08400539777161,-0.149353086527186,0.738728808317081,0.88242854172037,-0.149353086527186,0.88242854172037,3.86948013644285,0.05432045329769904,Not significant
chr14,50061530,50062030,501,*,5.17423072362883,5.00390869854994,5.32655135733524,-0.154853519277591,0.738917506381613,0.88242854172037,-0.154853519277591,0.88242854172037,5.17423072362883,0.05432045329769904,Not significant
chr6,157764564,157765064,501,*,5.11612369256387,5.24301442795619,4.97698665109988,0.151184356036689,0.739316159784404,0.882577497897498,0.151184356036689,0.882577497897498,5.11612369256387,0.054247149473832613,Not significant
chr19,19663661,19664161,501,*,4.94106799850248,5.09776077011498,4.76525938021517,0.154304526075114,0.73982114987176,0.882853238846967,0.154304526075114,0.882853238846967,4.94106799850248,0.05411148538770281,Not significant
chr2,43226818,43227318,501,*,6.24332718107711,6.1582333479439,6.3236802855562,-0.127959560650103,0.740413539113516,0.883233033329785,-0.127959560650103,0.883233033329785,6.24332718107711,0.05392469649376673,Not significant
chr7,25856984,25857484,501,*,4.54963749638613,4.82355426798594,4.21123037521569,0.135970331250458,0.741248204437887,0.883449860305013,0.135970331250458,0.883449860305013,4.54963749638613,0.05381809359442197,Not significant
chr7,27183328,27183828,501,*,4.03386799068361,4.34377711220241,3.63864224709477,0.129290738800231,0.741510450889988,0.883449860305013,0.129290738800231,0.883449860305013,4.03386799068361,0.05381809359442197,Not significant
chr8,28402012,28402512,501,*,3.74234241090852,3.3059996086883,4.0769042820869,-0.125043046270558,0.74164951332111,0.883449860305013,-0.125043046270558,0.883449860305013,3.74234241090852,0.05381809359442197,Not significant
chr22,46753589,46754089,501,*,4.72000223504115,4.47007882525985,4.93295616884684,-0.146980497897317,0.742087287825637,0.883449860305013,-0.146980497897317,0.883449860305013,4.72000223504115,0.05381809359442197,Not significant
chr17,59837579,59838079,501,*,5.22305316298556,5.3903705735235,5.03375379145145,0.152317944923577,0.742278188576218,0.883449860305013,0.152317944923577,0.883449860305013,5.22305316298556,0.05381809359442197,Not significant
chr12,106139268,106139768,501,*,4.21618791153514,3.86733906825942,4.49689439321144,-0.132915067222096,0.742465677639084,0.883449860305013,-0.132915067222096,0.883449860305013,4.21618791153514,0.05381809359442197,Not significant
chr21,33977538,33978038,501,*,4.68882052297605,4.86144498649849,4.49269726957928,0.152101957891668,0.742514656022959,0.883449860305013,0.152101957891668,0.883449860305013,4.68882052297605,0.05381809359442197,Not significant
chr20,35664864,35665364,501,*,6.15027855897649,6.23637534229075,6.05871579150173,0.129203992559102,0.742918317604652,0.883603846187593,0.129203992559102,0.883603846187593,6.15027855897649,0.05374240238139426,Not significant
chr20,23874427,23874927,501,*,5.05889451486372,5.22829844993478,4.86691910298386,0.151846224625596,0.743325991314985,0.883762488567115,0.151846224625596,0.883762488567115,5.05889451486372,0.05366443607768845,Not significant
chr4,15681484,15681984,501,*,3.74807795572598,4.04741207352745,3.36992812123475,0.128638035563663,0.745033582491716,0.885465954551202,0.128638035563663,0.885465954551202,3.74807795572598,0.05282813242398358,Not significant
chr3,157174808,157175308,501,*,5.66159030441794,5.78144683169837,5.53086667714163,0.145516825274765,0.745997634564477,0.885696602558509,0.145516825274765,0.885696602558509,5.66159030441794,0.05271502122817657,Not significant
chr19,49866909,49867409,501,*,5.25504852675512,5.07991771620627,5.41120278472893,-0.150274122109851,0.746154400413133,0.885696602558509,-0.150274122109851,0.885696602558509,5.25504852675512,0.05271502122817657,Not significant
chr6,43013707,43014207,501,*,5.10703191257217,4.79593207027674,5.36280206688784,-0.1360195555497,0.746222822693037,0.885696602558509,-0.1360195555497,0.885696602558509,5.10703191257217,0.05271502122817657,Not significant
chr6,52284615,52285115,501,*,5.04659849478131,4.83577805181015,5.23050326587027,-0.148564174146592,0.746435256281239,0.885696602558509,-0.148564174146592,0.885696602558509,5.04659849478131,0.05271502122817657,Not significant
chr17,58391463,58391963,501,*,4.58454325965964,4.20175810732998,4.88676808304993,-0.126104594594542,0.746829058715301,0.885696602558509,-0.126104594594542,0.885696602558509,4.58454325965964,0.05271502122817657,Not significant
chr6,34757104,34757604,501,*,5.09880941047841,4.96300604194474,5.22292196444558,-0.146957537592344,0.746876992287855,0.885696602558509,-0.146957537592344,0.885696602558509,5.09880941047841,0.05271502122817657,Not significant
chr5,133240414,133240914,501,*,6.31536097022673,6.23456361440276,6.39187229025701,-0.120286174098696,0.747501802035318,0.886111407710741,-0.120286174098696,0.886111407710741,6.31536097022673,0.052511672342827206,Not significant
KI270544.1,-38,462,501,*,3.42831227553858,3.68465352010942,3.11636605796668,0.134176771964108,0.748436252101782,0.886745864442202,0.134176771964108,0.886745864442202,3.42831227553858,0.05220082829060593,Not significant
chr9,137086031,137086531,501,*,5.95457999666699,5.84024329141447,6.0605169005932,-0.140983390074136,0.748587446084044,0.886745864442202,-0.140983390074136,0.886745864442202,5.95457999666699,0.05220082829060593,Not significant
chr19,39444440,39444940,501,*,3.86631831803877,3.51370211364472,4.14945470589133,-0.127067240119351,0.749750292949189,0.887589503873746,-0.127067240119351,0.887589503873746,3.86631831803877,0.05178784212802605,Not significant
chr17,57879588,57880088,501,*,5.69044920060785,5.86854390398491,5.48723177956434,0.146665170924804,0.749925433417413,0.887589503873746,0.146665170924804,0.887589503873746,5.69044920060785,0.05178784212802605,Not significant
chr17,50397099,50397599,501,*,5.0763685963755,4.7700418669045,5.32890756660276,-0.132884986776003,0.750126076675422,0.887589503873746,-0.132884986776003,0.887589503873746,5.0763685963755,0.05178784212802605,Not significant
chr2,134398123,134398623,501,*,5.57958619412314,5.44291767838513,5.70442086682806,-0.144516456513343,0.750711058093705,0.887955590740792,-0.144516456513343,0.887955590740792,5.57958619412314,0.05160875401701101,Not significant
chr1,25083142,25083642,501,*,4.33044201187947,4.50616650440919,4.13030602420022,0.145690052900223,0.751552162312819,0.888014852845033,0.145690052900223,0.888014852845033,4.33044201187947,0.051579770195844,Not significant
chr10,132330885,132331385,501,*,2.83969946512314,3.25987917003653,2.24439723915089,0.106265115575388,0.75157209454098,0.888014852845033,0.106265115575388,0.888014852845033,2.83969946512314,0.051579770195844,Not significant
chr12,89352541,89353041,501,*,4.91368602102398,4.75740178713941,5.05468287127409,-0.146732992914743,0.751664002546738,0.888014852845033,-0.146732992914743,0.888014852845033,4.91368602102398,0.051579770195844,Not significant
chr19,17405673,17406173,501,*,5.51574665404816,5.33355283498964,5.67749022956975,-0.146220702294847,0.752056654290228,0.888014852845033,-0.146220702294847,0.888014852845033,5.51574665404816,0.051579770195844,Not significant
chr11,69048949,69049449,501,*,5.89443429661074,6.05544342408355,5.71317211251904,0.146522806912499,0.752139209625728,0.888014852845033,0.146522806912499,0.888014852845033,5.89443429661074,0.051579770195844,Not significant
chr9,127423927,127424427,501,*,4.57167389159516,4.74004950843028,4.38101843768951,0.145714020814269,0.752680723025135,0.88832867750439,0.145714020814269,0.88832867750439,4.57167389159516,0.051426317536565756,Not significant
chr3,9890637,9891137,501,*,5.2945199791846,5.40384576739453,5.17622531323446,0.139638386274172,0.754377613946125,0.890005372440284,0.139638386274172,0.890005372440284,5.2945199791846,0.050607371766179875,Not significant
chr12,47820507,47821007,501,*,5.4822616630619,5.33790874677782,5.61347563614768,-0.144154236634101,0.754775721188777,0.890149111885154,-0.144154236634101,0.890149111885154,5.4822616630619,0.050537237125142576,Not significant
chr18,3595223,3595723,501,*,4.42508273383706,4.25435935340558,4.57772421251679,-0.144626534411607,0.755291030442736,0.890241311701318,-0.144626534411607,0.890241311701318,4.42508273383706,0.050492256124461087,Not significant
chr18,12883760,12884260,501,*,5.1902238045696,5.00774125622483,5.35219482576104,-0.143780977411605,0.756039304720765,0.890241311701318,-0.143780977411605,0.890241311701318,5.1902238045696,0.050492256124461087,Not significant
chr17,40287718,40288218,501,*,5.37876951015714,5.49205534480225,5.25582415995338,0.139378620268288,0.756441067518234,0.890241311701318,0.139378620268288,0.890241311701318,5.37876951015714,0.050492256124461087,Not significant
chr17,77389723,77390223,501,*,4.57151689491149,4.78016698498774,4.3275044561907,0.137574053024955,0.756586133220241,0.890241311701318,0.137574053024955,0.890241311701318,4.57151689491149,0.050492256124461087,Not significant
chr8,19816938,19817438,501,*,5.60266430436582,5.70174827646653,5.49627011875484,0.134087816721406,0.756769112891017,0.890241311701318,0.134087816721406,0.890241311701318,5.60266430436582,0.050492256124461087,Not significant
chr17,74873379,74873879,501,*,4.26993292856187,3.92873961292356,4.54566936060907,-0.123284282345027,0.756944976907455,0.890241311701318,-0.123284282345027,0.890241311701318,4.26993292856187,0.050492256124461087,Not significant
chr11,20387259,20387759,501,*,5.77422357924324,5.60243276089434,5.92771759077382,-0.143539928195586,0.756998257646507,0.890241311701318,-0.143539928195586,0.890241311701318,5.77422357924324,0.050492256124461087,Not significant
chr2,219694822,219695322,501,*,5.42413780928572,5.12513682572707,5.67168251997613,-0.12887603947951,0.757064306040227,0.890241311701318,-0.12887603947951,0.890241311701318,5.42413780928572,0.050492256124461087,Not significant
chr9,124868625,124869125,501,*,5.97860414338236,5.89059447794841,6.06155219557815,-0.125822337749667,0.757512196225177,0.890443012126056,-0.125822337749667,0.890443012126056,5.97860414338236,0.05039386992465717,Not significant
chr10,72332066,72332566,501,*,5.77415823428352,5.90594325811443,5.62911377587478,0.142134548836114,0.758110508569281,0.890821319697383,0.142134548836114,0.890821319697383,5.77415823428352,0.0502093977043084,Not significant
chr3,196631975,196632475,501,*,4.80621365471446,5.07169756676561,4.48060348479293,0.124163672146118,0.75973733825195,0.891967689273778,0.124163672146118,0.891967689273778,4.80621365471446,0.04965087726542,Not significant
chr17,45127655,45128155,501,*,4.00002902494385,3.66570520708977,4.27126846939678,-0.121992680105003,0.759760573654564,0.891967689273778,-0.121992680105003,0.891967689273778,4.00002902494385,0.04965087726542,Not significant
chr13,26412895,26413395,501,*,5.57418977397285,5.72115271817208,5.410540298186,0.141899946203045,0.760010488106198,0.891967689273778,0.141899946203045,0.891967689273778,5.57418977397285,0.04965087726542,Not significant
chr9,137568416,137568916,501,*,3.17209484387172,3.47701510259649,2.78496562051359,0.116962274886972,0.760193443434449,0.891967689273778,0.116962274886972,0.891967689273778,3.17209484387172,0.04965087726542,Not significant
chr4,3869991,3870491,501,*,4.72952637735301,4.43123995345275,4.97658165524765,-0.124434512151995,0.763002483970782,0.894759439056242,-0.124434512151995,0.894759439056242,4.72952637735301,0.04829371142533697,Not significant
chr17,81860886,81861386,501,*,4.80304468537841,4.6500122217634,4.94138987513474,-0.139916390478406,0.763257158145711,0.894759439056242,-0.139916390478406,0.894759439056242,4.80304468537841,0.04829371142533697,Not significant
chr11,69948620,69949120,501,*,5.72016897802626,5.61523654902635,5.817984039634,-0.130571211682764,0.763405865290381,0.894759439056242,-0.130571211682764,0.894759439056242,5.72016897802626,0.04829371142533697,Not significant
chr2,74482984,74483484,501,*,5.13965959237089,4.93781334059197,5.31670071057252,-0.136023532693186,0.764283847791542,0.895246595036153,-0.136023532693186,0.895246595036153,5.13965959237089,0.048057322100278355,Not significant
chr18,3649452,3649952,501,*,5.15663980970978,5.27371435411281,5.02921889462882,0.136851802947962,0.764377213825095,0.895246595036153,0.136851802947962,0.895246595036153,5.15663980970978,0.048057322100278355,Not significant
chr1,119648130,119648630,501,*,4.63799122008669,4.46451207036889,4.79283134139504,-0.138034718883465,0.764998969909985,0.895582902304612,-0.138034718883465,0.895582902304612,4.63799122008669,0.047894206189076804,Not significant
chr17,82216751,82217251,501,*,4.85432925309126,4.71462866661899,4.98168846835127,-0.138082279794063,0.765287782823652,0.895582902304612,-0.138082279794063,0.895582902304612,4.85432925309126,0.047894206189076804,Not significant
chr17,78879596,78880096,501,*,6.3168746235681,6.24597492665718,6.38445263464022,-0.109878321896377,0.765970192985669,0.895582902304612,-0.109878321896377,0.895582902304612,6.3168746235681,0.047894206189076804,Not significant
chr13,33542470,33542970,501,*,6.12511228528793,6.0295345830157,6.21474953496742,-0.127731589711946,0.765998815151668,0.895582902304612,-0.127731589711946,0.895582902304612,6.12511228528793,0.047894206189076804,Not significant
chr14,90383153,90383653,501,*,5.14048285989428,4.99744698903521,5.270607880325,-0.137956548244702,0.766054152312697,0.895582902304612,-0.137956548244702,0.895582902304612,5.14048285989428,0.047894206189076804,Not significant
chr11,119168770,119169270,501,*,5.75363262600298,5.63830603511893,5.86041870894208,-0.133631405628418,0.766507457012023,0.895674042049214,-0.133631405628418,0.895674042049214,5.75363262600298,0.04785001209584901,Not significant
chr22,31753516,31754016,501,*,5.00331760736148,5.24301442795619,4.71570295807648,0.12367895216904,0.766859274816521,0.895674042049214,0.12367895216904,0.895674042049214,5.00331760736148,0.04785001209584901,Not significant
chr17,82292613,82293113,501,*,5.76712120907025,5.89259753916177,5.6296831449884,0.136341246720108,0.767091827555796,0.895674042049214,0.136341246720108,0.895674042049214,5.76712120907025,0.04785001209584901,Not significant
chr17,81967812,81968312,501,*,5.43974990110177,5.59033242201036,5.27159865053949,0.137334199597079,0.76724405836618,0.895674042049214,0.137334199597079,0.895674042049214,5.43974990110177,0.04785001209584901,Not significant
chr4,185394607,185395107,501,*,4.36591255084023,4.62917933106466,4.04363582417348,0.118318949065371,0.76843389334749,0.896738139936839,0.118318949065371,0.896738139936839,4.36591255084023,0.04733435849815927,Not significant
chrX,103376620,103377120,501,*,5.11271833368368,4.88323398709999,5.31065957060987,-0.129113011143468,0.769330645093659,0.897459572227288,-0.129113011143468,0.897459572227288,5.11271833368368,0.046985105929649176,Not significant
chr19,55642109,55642609,501,*,4.06109580441673,4.32413406265693,3.73916193090046,0.117141268749075,0.770184484784156,0.89813044153983,0.117141268749075,0.89813044153983,4.06109580441673,0.046660583235895794,Not significant
chr5,133251216,133251716,501,*,5.82962815758609,5.93558474217245,5.71526852492138,0.130364448241585,0.77164290990056,0.898842956986667,0.130364448241585,0.898842956986667,5.82962815758609,0.04631618020432882,Not significant
chr11,2400339,2400839,501,*,4.71983050971888,4.96187759692737,4.42882181028831,0.119678074603434,0.771882894304457,0.898842956986667,0.119678074603434,0.898842956986667,4.71983050971888,0.04631618020432882,Not significant
chr4,1712235,1712735,501,*,5.32013142368742,5.20652999924605,5.42543686159343,-0.130013386661366,0.771883673559737,0.898842956986667,-0.130013386661366,0.898842956986667,5.32013142368742,0.04631618020432882,Not significant
chr7,149126364,149126864,501,*,5.41245909726139,5.27052776821675,5.54166946448384,-0.134531601897625,0.77191137864125,0.898842956986667,-0.134531601897625,0.898842956986667,5.41245909726139,0.04631618020432882,Not significant
chr10,21534280,21534780,501,*,4.10268511134548,3.83624613916963,4.3275044561907,-0.12140150697775,0.772293700266022,0.898963259485955,-0.12140150697775,0.898963259485955,4.10268511134548,0.04625805746429244,Not significant
chr12,106098336,106098836,501,*,4.04532801338346,3.72315214701014,4.3085275765706,-0.113928972794034,0.773786623204881,0.90037576741283,-0.113928972794034,0.90037576741283,4.04532801338346,0.04557620205502573,Not significant
chr7,65981913,65982413,501,*,4.93786002709691,4.77326185179432,5.08558745312443,-0.132182460105854,0.77497596094767,0.901384841001696,-0.132182460105854,0.901384841001696,4.93786002709691,0.04508974993119713,Not significant
chr2,113240838,113241338,501,*,5.69515883632711,5.54476898656405,5.83134109032441,-0.132489160481175,0.775423053949077,0.901384841001696,-0.132489160481175,0.901384841001696,5.69515883632711,0.04508974993119713,Not significant
chr3,53130200,53130700,501,*,5.33718124188966,5.45511128874733,5.20874617461229,0.130935760641613,0.775625806996371,0.901384841001696,0.130935760641613,0.901384841001696,5.33718124188966,0.04508974993119713,Not significant
chr12,54018995,54019495,501,*,4.48835459302388,4.32325558156614,4.63648523734324,-0.131478633226996,0.775772862848449,0.901384841001696,-0.131478633226996,0.901384841001696,4.48835459302388,0.04508974993119713,Not significant
chr11,65117440,65117940,501,*,6.59866080854494,6.67188798583597,6.52151714850146,0.111583076696898,0.777481217142955,0.903044153437131,0.111583076696898,0.903044153437131,6.59866080854494,0.04429101477474483,Not significant
chrX,153724651,153725151,501,*,4.76541862833049,4.89378147297914,4.62450939519406,0.130728016509931,0.777988328090739,0.903307529048058,0.130728016509931,0.903307529048058,4.76541862833049,0.04416436991769606,Not significant
chr17,28719955,28720455,501,*,7.3261242570758,7.26753051070602,7.38243085991301,-0.097345110496777,0.778828211418175,0.903663910773731,-0.097345110496777,0.903663910773731,7.3261242570758,0.04399306159980365,Not significant
chr17,57295769,57296269,501,*,4.32386768267234,4.16763140628625,4.4648255046713,-0.130101566141968,0.779058237547237,0.903663910773731,-0.130101566141968,0.903663910773731,4.32386768267234,0.04399306159980365,Not significant
chr7,27157171,27157671,501,*,3.84567676865945,3.52291357587033,4.109267637997,-0.110720084360731,0.779270568225655,0.903663910773731,-0.110720084360731,0.903663910773731,3.84567676865945,0.04399306159980365,Not significant
chr19,34428197,34428697,501,*,5.76162533791085,5.67391547344468,5.84430703879241,-0.118856613300572,0.779417134711421,0.903663910773731,-0.118856613300572,0.903663910773731,5.76162533791085,0.04399306159980365,Not significant
chr14,73851862,73852362,501,*,5.6273004596579,5.49166443217583,5.75127324611469,-0.129520951488156,0.780117824327791,0.904112106139388,-0.129520951488156,0.904112106139388,5.6273004596579,0.04377771547695818,Not significant
chr12,104499032,104499532,501,*,5.27549688259931,5.16763140628625,5.37585561956115,-0.125618962298066,0.780410667779587,0.904112106139388,-0.125618962298066,0.904112106139388,5.27549688259931,0.04377771547695818,Not significant
chr12,3752076,3752576,501,*,4.70330939824007,4.43123995345275,4.93212095090101,-0.114865834677253,0.780840123131423,0.904112106139388,-0.114865834677253,0.904112106139388,4.70330939824007,0.04377771547695818,Not significant
chr10,92592983,92593483,501,*,4.04917513921408,3.82044471692928,4.24655551194417,-0.120106045575231,0.781024294328429,0.904112106139388,-0.120106045575231,0.904112106139388,4.04917513921408,0.04377771547695818,Not significant
chr7,101162444,101162944,501,*,6.32670124839781,6.26091637941414,6.38961678192169,-0.102732295363067,0.781206736031054,0.904112106139388,-0.102732295363067,0.904112106139388,6.32670124839781,0.04377771547695818,Not significant
chr11,65421998,65422498,501,*,5.85956449466727,5.77108592712886,5.94292892271441,-0.115867373157446,0.781913620066175,0.904309501520975,-0.115867373157446,0.904309501520975,5.85956449466727,0.04368290603102615,Not significant
chr5,176537263,176537763,501,*,4.864128613398,4.99316723400857,4.72240451449323,0.128525458468483,0.781938631668975,0.904309501520975,0.128525458468483,0.904309501520975,4.864128613398,0.04368290603102615,Not significant
chr17,30731435,30731935,501,*,5.20784280113109,5.09518994668168,5.31233271385739,-0.12494896640493,0.784296598663201,0.906427342523667,-0.12494896640493,0.906427342523667,5.20784280113109,0.04266700238556068,Not significant
chr3,15646476,15646976,501,*,5.03358986835097,4.90307703738059,5.15326918521177,-0.126517558583884,0.784391620890077,0.906427342523667,-0.126517558583884,0.906427342523667,5.03358986835097,0.04266700238556068,Not significant
chr6,136853306,136853806,501,*,3.1506828980542,2.66570520708977,3.51300339689357,-0.092391749725006,0.784831016499103,0.906427342523667,-0.092391749725006,0.906427342523667,3.1506828980542,0.04266700238556068,Not significant
GL000225.1,508,1008,501,*,3.22740322783258,2.870950561053,3.51300339689357,-0.102726907130611,0.784895184866863,0.906427342523667,-0.102726907130611,0.906427342523667,3.22740322783258,0.04266700238556068,Not significant
chr2,232444284,232444784,501,*,3.55230012961202,3.89214738553605,3.10689371540095,0.0941902408971862,0.786451296023601,0.90771363647254,0.0941902408971862,0.90771363647254,3.55230012961202,0.04205114015193823,Not significant
chr1,1406972,1407472,501,*,5.8369142357441,5.72963785418451,5.93676285679552,-0.122926807137198,0.786572462145044,0.90771363647254,-0.122926807137198,0.90771363647254,5.8369142357441,0.04205114015193823,Not significant
chr11,319463,319963,501,*,4.54950392222674,4.35564893980106,4.72036925948537,-0.120440315032417,0.787348253507194,0.908154990630604,-0.120440315032417,0.908154990630604,4.54950392222674,0.04184002611392271,Not significant
chr3,194142187,194142687,501,*,3.78809199160397,3.59607528208403,3.95752807276511,-0.120988710785902,0.78751863557477,0.908154990630604,-0.120988710785902,0.908154990630604,3.78809199160397,0.04184002611392271,Not significant
chr15,60371257,60371757,501,*,5.5111766582552,5.36837807704966,5.64110529090838,-0.124128083576383,0.789252710747608,0.909679306131044,-0.124128083576383,0.909679306131044,5.5111766582552,0.0411116847388482,Not significant
chr11,61392411,61392911,501,*,5.39207832122099,5.51186816108739,5.26143402697461,0.123603611701305,0.789405133439602,0.909679306131044,0.123603611701305,0.909679306131044,5.39207832122099,0.0411116847388482,Not significant
chrX,53441776,53442276,501,*,4.16103294788403,4.34464318956785,3.95059962899629,0.117772492005672,0.789948890727419,0.909770293890461,0.117772492005672,0.909770293890461,4.16103294788403,0.041068247996365145,Not significant
chr9,136483721,136484221,501,*,3.21064626983048,2.870950561053,3.48540533865468,-0.100513812496376,0.790048815116546,0.909770293890461,-0.100513812496376,0.909770293890461,3.21064626983048,0.041068247996365145,Not significant
chr5,142356652,142357152,501,*,6.08454036379917,6.00904201178105,6.15628347888459,-0.108518395093082,0.790833747221964,0.910348815130107,-0.108518395093082,0.910348815130107,6.08454036379917,0.040792168712039334,Not significant
chr5,979831,980331,501,*,5.20793536492761,5.31288430269688,5.09474874277076,0.120471389088467,0.791476165052252,0.910367000161126,0.120471389088467,0.910367000161126,5.20793536492761,0.040783493378350535,Not significant
chr17,81223008,81223508,501,*,5.40707429434763,5.307226354774,5.50045687607602,-0.118770443500264,0.791573962323687,0.910367000161126,-0.118770443500264,0.910367000161126,5.40707429434763,0.040783493378350535,Not significant
chr9,128128066,128128566,501,*,5.91695601437825,5.83145960195101,5.99766798487422,-0.112501038458159,0.792010138752039,0.910367000161126,-0.112501038458159,0.910367000161126,5.91695601437825,0.040783493378350535,Not significant
chr2,91502171,91502671,501,*,2.65642310060852,3.02541391639951,2.15936644227887,0.0869252242984709,0.792579779584305,0.910367000161126,0.0869252242984709,0.910367000161126,2.65642310060852,0.040783493378350535,Not significant
chr17,8383026,8383526,501,*,6.0444941899294,5.61056365289731,6.37764047660031,-0.0910338618822463,0.792811998621528,0.910367000161126,-0.0910338618822463,0.910367000161126,6.0444941899294,0.040783493378350535,Not significant
chr20,62305400,62305900,501,*,4.60165942634221,4.77133072339977,4.40934047420855,0.117729653183012,0.792891784121332,0.910367000161126,0.117729653183012,0.910367000161126,4.60165942634221,0.040783493378350535,Not significant
chr15,74099957,74100457,501,*,4.95754761691371,4.83084162396215,5.0740184118582,-0.121789799247654,0.792951955873472,0.910367000161126,-0.121789799247654,0.910367000161126,4.95754761691371,0.040783493378350535,Not significant
chr20,57390139,57390639,501,*,3.70777680374929,3.51831519652711,3.87522090668592,-0.11742286737039,0.793109922238449,0.910367000161126,-0.11742286737039,0.910367000161126,3.70777680374929,0.040783493378350535,Not significant
chr1,1165431,1165931,501,*,5.2122274790631,5.35693722084224,5.05136762181645,0.12073507509582,0.793636076022873,0.910514521369335,0.12073507509582,0.910514521369335,5.2122274790631,0.040713123454693814,Not significant
chr9,33001369,33001869,501,*,5.1660535162087,5.38037099253927,4.91424863745856,0.108938443523226,0.79380362834465,0.910514521369335,0.108938443523226,0.910514521369335,5.1660535162087,0.040713123454693814,Not significant
chr1,9718213,9718713,501,*,2.0829792478957,1.52291357587033,2.48540533865468,-0.0833045237404808,0.794285601574639,0.910687595495585,-0.0833045237404808,0.910687595495585,2.0829792478957,0.04063057892268298,Not significant
chr19,38003710,38004210,501,*,5.51968014076818,5.6863625740667,5.33119339879771,0.117129297342749,0.79451981096775,0.910687595495585,0.117129297342749,0.910687595495585,5.51968014076818,0.04063057892268298,Not significant
chr1,156766878,156767378,501,*,4.0744985605825,3.79593207027674,4.30788383324301,-0.104899861609467,0.795042385211424,0.910962505388054,-0.104899861609467,0.910962505388054,4.0744985605825,0.04049949793169753,Not significant
chr17,75693759,75694259,501,*,5.55914947787486,5.43490448903953,5.67353773585508,-0.119842309445646,0.795801908419006,0.91150862030787,-0.119842309445646,0.91150862030787,5.55914947787486,0.04023921978526651,Not significant
chr4,1289228,1289728,501,*,5.7910481888147,5.68096875281825,5.89332059430575,-0.118314392398612,0.796887570882548,0.912427773057417,-0.118314392398612,0.912427773057417,5.7910481888147,0.03980150386227936,Not significant
chr6,26021226,26021726,501,*,4.66556878151056,4.38817123156086,4.89813374241867,-0.102057577062525,0.798008884642224,0.913387078620691,-0.102057577062525,0.913387078620691,4.66556878151056,0.03934513650329626,Not significant
chr7,40700854,40701354,501,*,4.76543412985018,4.87275292285955,4.64948591574774,0.118005211582711,0.798342248320383,0.913444149179074,0.118005211582711,0.913444149179074,4.76543412985018,0.039318001617253406,Not significant
chr12,111409948,111410448,501,*,4.45259891812364,4.3033291716184,4.58786220880554,-0.117236487832808,0.799716693145683,0.914176109082565,-0.117236487832808,0.914176109082565,4.45259891812364,0.038970132673888595,Not significant
chr1,1157800,1158300,501,*,5.79615812690748,5.90652989569329,5.67663775549014,0.117141389148405,0.799784235471783,0.914176109082565,0.117141389148405,0.914176109082565,5.79615812690748,0.038970132673888595,Not significant
chr1,75785692,75786192,501,*,5.57312462705414,5.44332202323097,5.69220652530247,-0.117563909177675,0.7999360319446,0.914176109082565,-0.117563909177675,0.914176109082565,5.57312462705414,0.038970132673888595,Not significant
chr4,102827261,102827761,501,*,4.60531840919655,4.44726249235735,4.74775542381422,-0.116269105528875,0.80011689249312,0.914176109082565,-0.116269105528875,0.914176109082565,4.60531840919655,0.038970132673888595,Not significant
chr2,26503741,26504241,501,*,4.26826397185785,3.89214738553605,4.56632533403825,-0.0901390141912521,0.801480464710647,0.914847451617639,-0.0901390141912521,0.914847451617639,4.26826397185785,0.038651317347713654,Not significant
chr16,66434032,66434532,501,*,4.18734590454745,4.41688335232721,3.91424863745856,0.100373866577902,0.801608806139678,0.914847451617639,0.100373866577902,0.914847451617639,4.18734590454745,0.038651317347713654,Not significant
chr12,116818640,116819140,501,*,4.68394028760569,4.79894319748385,4.55896974983151,0.116479716148094,0.801782566553241,0.914847451617639,0.116479716148094,0.914847451617639,4.68394028760569,0.038651317347713654,Not significant
chr1,2194787,2195287,501,*,4.49805804431615,4.33355283498964,4.64571059653568,-0.113880014938602,0.801840224509067,0.914847451617639,-0.113880014938602,0.914847451617639,4.49805804431615,0.038651317347713654,Not significant
chr17,45060362,45060862,501,*,5.1713158383257,5.38943080864639,4.91424863745856,0.10222064707812,0.802270564848854,0.914999937135485,0.10222064707812,0.914999937135485,5.1713158383257,0.03857893577148933,Not significant
chr12,108838187,108838687,501,*,5.57565106833046,5.49244615153568,5.654317828044,-0.108070847788807,0.802559745713557,0.914999937135485,-0.108070847788807,0.914999937135485,5.57565106833046,0.03857893577148933,Not significant
chr16,69072608,69073108,501,*,4.76208435909125,4.63272916482704,4.88078963368964,-0.115950382758271,0.8028258293861,0.914999937135485,-0.115950382758271,0.914999937135485,4.76208435909125,0.03857893577148933,Not significant
chr13,45340634,45341134,501,*,6.39571552921651,6.32737103847826,6.46096826380374,-0.10094156837529,0.803225734406525,0.915132007163305,-0.10094156837529,0.915132007163305,6.39571552921651,0.03851625473410809,Not significant
chr22,38218549,38219049,501,*,5.31474493176388,5.08769819465385,5.51087091909054,-0.105257196831325,0.80376734410088,0.915425373875233,-0.105257196831325,0.915425373875233,5.31474493176388,0.03837705391300853,Not significant
chr2,101002159,101002659,501,*,5.43000156757232,5.24208512031007,5.5962379999706,-0.109269356275864,0.80487558789721,0.916363655196047,-0.109269356275864,0.916363655196047,5.43000156757232,0.03793214412342775,Not significant
chr2,218398120,218398620,501,*,5.27884654761683,5.1191969735528,5.4225762781484,-0.111895485100115,0.805703400637786,0.916982111216866,-0.111895485100115,0.916982111216866,5.27884654761683,0.037639136604332935,Not significant
chr9,136244924,136245424,501,*,5.14036366842933,5.02690389408441,5.24554738716489,-0.113198611381142,0.806481349342845,0.917543399570144,-0.113198611381142,0.917543399570144,5.14036366842933,0.03737338457116888,Not significant
chr16,50520307,50520807,501,*,4.80432830046086,4.55921217809692,5.01378431100947,-0.0987590886617058,0.808865021346507,0.919930497274424,-0.0987590886617058,0.919930497274424,4.80432830046086,0.0362449832962097,Not significant
chr2,129814132,129814632,501,*,4.0860652177423,3.82293289372375,4.3085275765706,-0.0951236750834818,0.810319758369442,0.921144286688195,-0.0951236750834818,0.921144286688195,4.0860652177423,0.03567233722494734,Not significant
chr9,129597095,129597595,501,*,5.18671718133213,5.09015845851445,5.27721670523796,-0.108526197443697,0.810504051136261,0.921144286688195,-0.108526197443697,0.921144286688195,5.18671718133213,0.03567233722494734,Not significant
chr1,44532403,44532903,501,*,5.35567406806134,5.4862746878435,5.21206324863254,0.110256780783029,0.810999141372671,0.921381958216765,0.110256780783029,0.921381958216765,5.35567406806134,0.035560296016067534,Not significant
chrX,55161081,55161581,501,*,5.36040919660713,5.23064287676811,5.47946055947571,-0.110623232073299,0.811618094323913,0.921627963622662,-0.110623232073299,0.921627963622662,5.36040919660713,0.035444356552402266,Not significant
chr11,77637593,77638093,501,*,5.1235003985352,5.01252313342562,5.22654729739211,-0.109864542693021,0.812282172949684,0.921627963622662,-0.109864542693021,0.921627963622662,5.1235003985352,0.035444356552402266,Not significant
ML143377.1,240472,240972,501,*,4.69706041090085,4.54439210126307,4.83510797439368,-0.107974112631707,0.812356023025952,0.921627963622662,-0.107974112631707,0.921627963622662,4.69706041090085,0.035444356552402266,Not significant
chr6,35468669,35469169,501,*,5.82161113516336,5.69335540842032,5.93938997744937,-0.110060276048811,0.812359843789063,0.921627963622662,-0.110060276048811,0.921627963622662,5.82161113516336,0.035444356552402266,Not significant
chr9,3526525,3527025,501,*,5.69167446422795,5.60884885897157,5.77000208632669,-0.104341917645115,0.813614523566648,0.922635015453405,-0.104341917645115,0.922635015453405,5.69167446422795,0.03497006725471253,Not significant
chr9,129576438,129576938,501,*,4.79361441849075,4.94454710577421,4.62502630889106,0.106329060935626,0.81382020916157,0.922635015453405,0.106329060935626,0.922635015453405,4.79361441849075,0.03497006725471253,Not significant
chr1,26500417,26500917,501,*,5.58995308010331,5.50393533914578,5.67112949038029,-0.103053677094478,0.814398532653232,0.922643498326745,-0.103053677094478,0.922643498326745,5.58995308010331,0.034966074290989434,Not significant
chr14,68793000,68793500,501,*,5.65950516031586,5.75552744577696,5.55663326231199,0.107972070827544,0.814400406344277,0.922643498326745,0.107972070827544,0.922643498326745,5.65950516031586,0.034966074290989434,Not significant
chr19,4342844,4343344,501,*,4.81816201273164,4.71462866661899,4.91476031666041,-0.107393827459574,0.815261152104613,0.923150286584844,-0.107393827459574,0.923150286584844,4.81816201273164,0.034727591150223024,Not significant
chr2,38461633,38462133,501,*,5.34768703139736,5.44089425251813,5.24803955917712,0.106968888780377,0.815420768348996,0.923150286584844,0.106968888780377,0.923150286584844,5.34768703139736,0.034727591150223024,Not significant
chr16,23640925,23641425,501,*,5.01583405327661,5.13706364111716,4.88347521191616,0.107176183904187,0.816979271537512,0.924589818368059,0.107176183904187,0.924589818368059,5.01583405327661,0.034050893345390396,Not significant
chr9,6680930,6681430,501,*,5.76497932080097,5.69309701601018,5.833449428976,-0.0963501862378069,0.817323543792644,0.924654655231706,-0.0963501862378069,0.924654655231706,5.76497932080097,0.034020439511384844,Not significant
chr10,43408807,43409307,501,*,5.4949147411217,5.57231484857372,5.41312555906973,0.100683844212814,0.819700548592333,0.926891171796322,0.100683844212814,0.926891171796322,5.4949147411217,0.032971254272844926,Not significant
KN538372.1,96932,97432,501,*,4.08471697252418,3.87215238574421,4.26994698864053,-0.0953579063072869,0.820196549236177,0.926891171796322,-0.0953579063072869,0.926891171796322,4.08471697252418,0.032971254272844926,Not significant
chr17,48996450,48996950,501,*,4.53941812843471,4.64315761535701,4.42763710049487,0.105458145024899,0.820199485761722,0.926891171796322,0.105458145024899,0.926891171796322,4.53941812843471,0.032971254272844926,Not significant
KI270465.1,467,967,501,*,2.76631151136967,2.55846582048056,2.94794946987922,-0.0956625929849426,0.820451155171666,0.926891171796322,-0.0956625929849426,0.926891171796322,2.76631151136967,0.032971254272844926,Not significant
chr10,132158455,132158955,501,*,2.00770896192552,1.52291357587033,2.36992812123475,-0.0717609601764322,0.82114809475794,0.927353368843352,-0.0717609601764322,0.927353368843352,2.00770896192552,0.032754746011032655,Not significant
chr16,70428545,70429045,501,*,5.03287566159928,5.16518222580985,4.88719908897408,0.102998294343687,0.821965163664631,0.927948441469673,0.102998294343687,0.927948441469673,5.03287566159928,0.032476153314827,Not significant
chrX,43654382,43654882,501,*,0.0,0.0,0.369928121234746,-0.0645158251233935,0.822251024331445,0.927948441469673,-0.0645158251233935,0.927948441469673,0.0,0.032476153314827,Not significant
chr2,55050526,55051026,501,*,5.52173508778181,5.43409095182761,5.60435837969809,-0.101655967607844,0.82300775981512,0.928477241640166,-0.101655967607844,0.928477241640166,5.52173508778181,0.03222873699821886,Not significant
chr7,135170259,135170759,501,*,5.06279328305308,4.9701848196874,5.14981397302153,-0.10191055600573,0.823380184652116,0.928572262845334,-0.10191055600573,0.928572262845334,5.06279328305308,0.0321842931802112,Not significant
chr21,43767883,43768383,501,*,4.45022473221277,4.22335329401142,4.64621997077488,-0.0908025479156281,0.824082579162666,0.928916921763487,-0.0908025479156281,0.928916921763487,4.45022473221277,0.03202312565444505,Not significant
chr17,43125015,43125515,501,*,5.62563482760219,5.52540590214101,5.71935055426863,-0.102693744236858,0.824319780061649,0.928916921763487,-0.102693744236858,0.928916921763487,5.62563482760219,0.03202312565444505,Not significant
chr9,129489130,129489630,501,*,5.43993872359973,5.53141256603321,5.34226999606636,0.101293525993988,0.824550712676465,0.928916921763487,0.101293525993988,0.928916921763487,5.43993872359973,0.03202312565444505,Not significant
chr14,104933368,104933868,501,*,3.80682490636435,3.9669486631373,3.62668437130559,0.095558823774831,0.82486176940355,0.92894254492074,0.095558823774831,0.92894254492074,3.80682490636435,0.032011146281403974,Not significant
chr10,3785407,3785907,501,*,4.31672834844726,4.06723409209414,4.52937083529476,-0.0867614549814829,0.825604825306678,0.929454488867266,-0.0867614549814829,0.929454488867266,4.31672834844726,0.031771870784724,Not significant
chr1,28643030,28643530,501,*,4.99765291114679,5.18297605469089,4.78496562051359,0.0908704121562051,0.826103497074354,0.929639936330922,0.0908704121562051,0.929639936330922,4.99765291114679,0.031685227729563094,Not significant
chr11,17077278,17077778,501,*,5.44338800488741,5.35489260965915,5.52676737084396,-0.0992168059555549,0.826346610071931,0.929639936330922,-0.0992168059555549,0.929639936330922,5.44338800488741,0.031685227729563094,Not significant
chr15,63610051,63610551,501,*,4.227065457771,4.4273535265643,3.99441898614254,0.0874683444083006,0.827155780725384,0.93022545392572,0.0874683444083006,0.93022545392572,4.227065457771,0.031411780984211574,Not significant
chr9,114587357,114587857,501,*,4.66753997554399,4.54079920937498,4.78404014913021,-0.100498884203048,0.828263956061396,0.930770051679137,-0.100498884203048,0.930770051679137,4.66753997554399,0.031157598956146414,Not significant
chr10,72320198,72320698,501,*,3.25926047875538,2.99095620780952,3.48540533865468,-0.0820278587129296,0.82833813392831,0.930770051679137,-0.0820278587129296,0.930770051679137,3.25926047875538,0.031157598956146414,Not significant
chr11,128890913,128891413,501,*,4.6290180945263,4.50616650440919,4.74222432580738,-0.0999631898119922,0.828506675423887,0.930770051679137,-0.0999631898119922,0.930770051679137,4.6290180945263,0.031157598956146414,Not significant
chr16,56607253,56607753,501,*,4.80228993769236,4.9855470363193,4.59232054257119,0.0894011233065506,0.828820172078109,0.930797697607412,0.0894011233065506,0.930797697607412,4.80228993769236,0.03114469964146668,Not significant
chr19,40285894,40286394,501,*,5.47233549778363,5.27451444976529,5.64627345440671,-0.0894732638035994,0.830499209525146,0.932253891177661,-0.0894732638035994,0.932253891177661,5.47233549778363,0.03046579524103496,Not significant
chr12,123602009,123602509,501,*,4.88419393202371,5.02636422613514,4.72646643111503,0.0949896007661149,0.831670752519567,0.932253891177661,0.0949896007661149,0.932253891177661,4.88419393202371,0.03046579524103496,Not significant
chr17,17752112,17752612,501,*,5.56762805485104,5.4862746878435,5.6446377658848,-0.0957888607065683,0.831956298319578,0.932253891177661,-0.0957888607065683,0.932253891177661,5.56762805485104,0.03046579524103496,Not significant
chr17,32827625,32828125,501,*,3.97583404867585,4.17909690333259,3.73916193090046,0.0839706943195951,0.832044927019709,0.932253891177661,0.0839706943195951,0.932253891177661,3.97583404867585,0.03046579524103496,Not significant
chr1,15354533,15355033,501,*,3.01202443189391,2.63839079329026,3.3085275765706,-0.0715172554161748,0.832078833340744,0.932253891177661,-0.0715172554161748,0.932253891177661,3.01202443189391,0.03046579524103496,Not significant
chr12,110403629,110404129,501,*,5.59371124695042,5.69938044174321,5.47968634802668,0.0984242301129626,0.832111151931102,0.932253891177661,0.0984242301129626,0.932253891177661,5.59371124695042,0.03046579524103496,Not significant
chr1,63847482,63847982,501,*,4.86050912368328,4.75544929758452,4.95843487076444,-0.0984048934920865,0.832142207022642,0.932253891177661,-0.0984048934920865,0.932253891177661,4.86050912368328,0.03046579524103496,Not significant
chr2,118049455,118049955,501,*,5.47678924560156,5.5536949447401,5.39555194911154,0.0949027288354268,0.832565041923333,0.93240339418734,0.0949027288354268,0.93240339418734,5.47678924560156,0.030396154205354853,Not significant
chr16,2428727,2429227,501,*,4.86630911527163,4.66570520708977,5.04239410517709,-0.0866159928213427,0.833659978796079,0.933305229909995,-0.0866159928213427,0.933305229909995,4.86630911527163,0.029976300533267268,Not significant
chr8,128553861,128554361,501,*,5.25831072182263,5.43896530797728,5.05175216120849,0.0859368170104585,0.834088937167242,0.933326208865954,0.0859368170104585,0.933326208865954,5.25831072182263,0.02996653851531322,Not significant
chr1,153566316,153566816,501,*,5.40907499868675,5.32369488897676,5.48968331442051,-0.0955628777302644,0.834535192706609,0.933326208865954,-0.0955628777302644,0.933326208865954,5.40907499868675,0.02996653851531322,Not significant
chr7,27165634,27166134,501,*,5.26694182686125,5.36283144489548,5.16422219191083,0.0967104928667475,0.834547736729614,0.933326208865954,0.0967104928667475,0.933326208865954,5.26694182686125,0.02996653851531322,Not significant
chr1,156748616,156749116,501,*,5.16642267302205,5.26068697321149,5.06556598551408,0.0959400433897497,0.835780437213014,0.934012098449079,0.0959400433897497,0.934012098449079,5.16642267302205,0.029647498228531386,Not significant
chr17,78875555,78876055,501,*,5.78236080358836,5.45230156898058,6.05079062047996,-0.0720079198023986,0.835784600275727,0.934012098449079,-0.0720079198023986,0.934012098449079,5.78236080358836,0.029647498228531386,Not significant
chr7,101603193,101603693,501,*,4.3651916790204,4.20271374923826,4.51120931308355,-0.0903360598554649,0.836030692714818,0.934012098449079,-0.0903360598554649,0.934012098449079,4.3651916790204,0.029647498228531386,Not significant
chr17,5122350,5122850,501,*,3.76785647616536,3.95252272289363,3.55603431508035,0.083099601365022,0.836764246050982,0.934200423628077,0.083099601365022,0.934200423628077,3.76785647616536,0.029559940110434217,Not significant
chr3,37936394,37936894,501,*,5.58556642680997,5.48470411755693,5.67983563757376,-0.0956359389985065,0.836779150400568,0.934200423628077,-0.0956359389985065,0.934200423628077,5.58556642680997,0.029559940110434217,Not significant
chr19,48390983,48391483,501,*,4.91366385092009,4.81373014090331,5.00712144715739,-0.0936896357885983,0.840066559160217,0.936840531605559,-0.0936896357885983,0.936840531605559,4.91366385092009,0.02833432814934657,Not significant
chr2,23939900,23940400,501,*,4.5528791679542,4.73609453498117,4.3429645782486,0.0812714375742853,0.84051808545642,0.936840531605559,0.0812714375742853,0.936840531605559,4.5528791679542,0.02833432814934657,Not significant
chr2,207166387,207166887,501,*,5.77916323098789,5.7036937580422,5.85088026848568,-0.0906731241751755,0.840748347135562,0.936840531605559,-0.0906731241751755,0.936840531605559,5.77916323098789,0.02833432814934657,Not significant
chr17,68258803,68259303,501,*,3.17068685731082,2.92873961292356,3.37782605268642,-0.076086781701463,0.841024677725038,0.936840531605559,-0.076086781701463,0.936840531605559,3.17068685731082,0.02833432814934657,Not significant
chr1,93693098,93693598,501,*,4.58282482091267,4.38817123156086,4.75431006698412,-0.0820311117907756,0.841204752132485,0.936840531605559,-0.0820311117907756,0.936840531605559,4.58282482091267,0.02833432814934657,Not significant
chr14,69398093,69398593,501,*,5.22840637354029,5.0442168303435,5.3917204141486,-0.083334262851362,0.841673268255201,0.936840531605559,-0.083334262851362,0.936840531605559,5.22840637354029,0.02833432814934657,Not significant
chr2,47108578,47109078,501,*,5.05625354250644,4.95579136425543,5.15017315070751,-0.0924461609779999,0.842152970858492,0.936840531605559,-0.0924461609779999,0.936840531605559,5.05625354250644,0.02833432814934657,Not significant
chr11,46243097,46243597,501,*,5.83008661039095,5.76470665404291,5.89263168900715,-0.0868305025780737,0.842318511901222,0.936840531605559,-0.0868305025780737,0.936840531605559,5.83008661039095,0.02833432814934657,Not significant
chr10,70575984,70576484,501,*,5.34616949327229,5.25528079069332,5.43167004901484,-0.0919294916457004,0.842341418501723,0.936840531605559,-0.0919294916457004,0.936840531605559,5.34616949327229,0.02833432814934657,Not significant
chr17,40482644,40483144,501,*,4.62634033647849,4.43123995345275,4.79817213488829,-0.0810343799568955,0.842505822709656,0.936840531605559,-0.0810343799568955,0.936840531605559,4.62634033647849,0.02833432814934657,Not significant
chr20,41428487,41428987,501,*,4.35037459624265,4.45831571082012,4.23369956027462,0.0915397988646865,0.842684832145767,0.936840531605559,0.0915397988646865,0.936840531605559,4.35037459624265,0.02833432814934657,Not significant
chr14,104689385,104689885,501,*,5.40363549378971,5.52425966332107,5.27199808137402,0.0904857809931403,0.842720133753145,0.936840531605559,0.0904857809931403,0.936840531605559,5.40363549378971,0.02833432814934657,Not significant
chr16,82070582,82071082,501,*,4.44121419719071,4.54890823973912,4.32482780297175,0.0915051927199295,0.842923867512265,0.936840531605559,0.0915051927199295,0.936840531605559,4.44121419719071,0.02833432814934657,Not significant
chr19,42396615,42397115,501,*,5.74350060716975,5.57259580269829,5.89628706420964,-0.083602287421264,0.844070012017005,0.937478844816912,-0.083602287421264,0.937478844816912,5.74350060716975,0.028038523795381264,Not significant
chr6,44247149,44247649,501,*,5.70284238843399,5.61236271227219,5.78798089383684,-0.0909591304754865,0.844242019488411,0.937478844816912,-0.0909591304754865,0.937478844816912,5.70284238843399,0.028038523795381264,Not significant
chr3,195548413,195548913,501,*,3.4292148350374,3.10787607659148,3.69185621612211,-0.0675922535912926,0.844484980659404,0.937478844816912,-0.0675922535912926,0.937478844816912,3.4292148350374,0.028038523795381264,Not significant
chrX,72276593,72277093,501,*,5.3739786776208,5.53369280914083,5.19435655665129,0.0821560336284878,0.844876536510984,0.937478844816912,0.0821560336284878,0.937478844816912,5.3739786776208,0.028038523795381264,Not significant
chr15,90717085,90717585,501,*,5.14723620065473,5.03846890542722,5.24837509899029,-0.0900549916665472,0.845467161496803,0.937478844816912,-0.0900549916665472,0.937478844816912,5.14723620065473,0.028038523795381264,Not significant
chr15,100727267,100727767,501,*,5.10093902671521,5.01361266654208,5.18327985955404,-0.0896794697384745,0.845969330662034,0.937478844816912,-0.0896794697384745,0.937478844816912,5.10093902671521,0.028038523795381264,Not significant
chr17,65607270,65607770,501,*,4.77552505143101,4.65822842956495,4.88399792073649,-0.0890352269441419,0.846088273811396,0.937478844816912,-0.0890352269441419,0.937478844816912,4.77552505143101,0.028038523795381264,Not significant
chr19,51367511,51368011,501,*,4.45819579371841,4.2462622987402,4.64294661564116,-0.0768473067230924,0.846286228862243,0.937478844816912,-0.0768473067230924,0.937478844816912,4.45819579371841,0.028038523795381264,Not significant
chr1,223792090,223792590,501,*,4.20434102827455,4.38817123156086,3.99361861315772,0.0772303332291505,0.846385706957754,0.937478844816912,0.0772303332291505,0.937478844816912,4.20434102827455,0.028038523795381264,Not significant
chr20,47348651,47349151,501,*,4.62850692528876,4.72581374896262,4.5241591997279,0.0894994638983513,0.846683961870927,0.937478844816912,0.0894994638983513,0.937478844816912,4.62850692528876,0.028038523795381264,Not significant
chr14,76956551,76957051,501,*,4.99622239471347,5.15792789335623,4.8140769019843,0.0808434073153283,0.846729336385793,0.937478844816912,0.0808434073153283,0.937478844816912,4.99622239471347,0.028038523795381264,Not significant
chr6,2841048,2841548,501,*,3.67001304283445,3.86733906825942,3.44135563872466,0.0747416795786332,0.846989732235267,0.937478844816912,0.0747416795786332,0.937478844816912,3.67001304283445,0.028038523795381264,Not significant
chr1,203006767,203007267,501,*,5.44606983689824,5.51716330793271,5.37129059192861,0.085724865006195,0.847652452120965,0.937550660454171,0.085724865006195,0.937550660454171,5.44606983689824,0.028005255908232263,Not significant
chr15,92109375,92109875,501,*,5.41552854485586,5.3417137515677,5.48574975808312,-0.0868881170807514,0.847868161085907,0.937550660454171,-0.0868881170807514,0.937550660454171,5.41552854485586,0.028005255908232263,Not significant
chr11,76444115,76444615,501,*,5.64117051417479,5.72996932973968,5.54654550847591,0.0883047480035331,0.848750729148938,0.937550660454171,0.0883047480035331,0.937550660454171,5.64117051417479,0.028005255908232263,Not significant
chr3,32570238,32570738,501,*,4.51914868163739,4.70132911682049,4.31059207852483,0.0757999991400068,0.84882216390413,0.937550660454171,0.0757999991400068,0.937550660454171,4.51914868163739,0.028005255908232263,Not significant
chr11,64878616,64879116,501,*,6.02960229395148,5.95024847071363,6.10481797426626,-0.0860615219403288,0.848948558809792,0.937550660454171,-0.0860615219403288,0.937550660454171,6.02960229395148,0.028005255908232263,Not significant
chr3,14402068,14402568,501,*,5.09020815112794,5.16235560315871,5.0142618839099,0.0862437126801669,0.849021207174166,0.937550660454171,0.0862437126801669,0.937550660454171,5.09020815112794,0.028005255908232263,Not significant
chr19,611287,611787,501,*,5.21249248769395,5.09261453396727,5.32316909643605,-0.0866884948404848,0.849091504408836,0.937550660454171,-0.0866884948404848,0.937550660454171,5.21249248769395,0.028005255908232263,Not significant
chr21,43922466,43922966,501,*,4.98707378230138,4.83145960195101,5.12752512352593,-0.0817935639751664,0.849705875727726,0.937907616168117,-0.0817935639751664,0.937907616168117,4.98707378230138,0.027839937489097157,Not significant
chr10,102152246,102152746,501,*,6.07281474981696,6.01067994827902,6.13238362530273,-0.0811707322401923,0.850059180150046,0.937918109429536,-0.0811707322401923,0.937918109429536,6.07281474981696,0.02783507865229873,Not significant
chr21,43659168,43659668,501,*,5.81420526289748,5.51370211364472,6.06277754127542,-0.065350108900083,0.850297578412066,0.937918109429536,-0.065350108900083,0.937918109429536,5.81420526289748,0.02783507865229873,Not significant
chr1,44730616,44731116,501,*,5.01551996894635,4.83563020853208,5.17544560886199,-0.0773820103104982,0.850760269142496,0.938107319362465,-0.0773820103104982,0.938107319362465,5.01551996894635,0.02774747554328981,Not significant
chr3,11568041,11568541,501,*,3.62666775337651,3.33026849792793,3.87242846176393,-0.0650039984399884,0.851740487617879,0.938866866611292,-0.0650039984399884,0.938866866611292,3.62666775337651,0.027395987281617247,Not significant
chr20,63848308,63848808,501,*,5.0326660930853,5.13556315807078,4.92186260365148,0.0860856810048521,0.852190891746912,0.939042083860654,0.0860856810048521,0.939042083860654,5.0326660930853,0.027314944071578896,Not significant
chrX,20029890,20030390,501,*,5.19187278344227,5.29360270097678,5.08242160563657,0.086025628689961,0.852561297797356,0.939129060342934,0.086025628689961,0.939129060342934,5.19187278344227,0.027274720467406168,Not significant
chrX,9405547,9406047,501,*,2.25926047875538,1.99095620780952,2.48540533865468,-0.0644307249190372,0.855308654750886,0.941833385375035,-0.0644307249190372,0.941833385375035,2.25926047875538,0.02602591908848125,Not significant
chr21,43734673,43735173,501,*,4.09775449994491,3.92207074451886,4.25434810297369,-0.0749009497928879,0.856251230595961,0.942549185165762,-0.0749009497928879,0.942549185165762,4.09775449994491,0.02569597768584661,Not significant
chr12,56468180,56468680,501,*,6.0984170216139,6.03692653354532,6.15739345364735,-0.0792513331050364,0.857767521802456,0.943450460600675,-0.0792513331050364,0.943450460600675,6.0984170216139,0.025280899158412216,Not significant
chr12,2958699,2959199,501,*,5.02086796851031,4.93507880609278,5.10184078240877,-0.0825147261990109,0.858262319037124,0.943450460600675,-0.0825147261990109,0.943450460600675,5.02086796851031,0.025280899158412216,Not significant
chr12,27616169,27616669,501,*,5.02113923690844,4.94182531696739,5.09631906714368,-0.0819298046784868,0.858350372864784,0.943450460600675,-0.0819298046784868,0.943450460600675,5.02113923690844,0.025280899158412216,Not significant
chr3,44976427,44976927,501,*,4.83304885069708,4.66570520708977,4.98298352722845,-0.0735068352822512,0.858701717285398,0.943450460600675,-0.0735068352822512,0.943450460600675,4.83304885069708,0.025280899158412216,Not significant
chr12,107686713,107687213,501,*,3.2514488836106,3.0442168303435,3.43261821370798,-0.0672695785871118,0.859727946702232,0.943450460600675,-0.0672695785871118,0.943450460600675,3.2514488836106,0.025280899158412216,Not significant
chr19,12789962,12790462,501,*,4.90755078745874,4.98721185026997,4.82323269365587,0.0819728565325184,0.859788690218608,0.943450460600675,0.0819728565325184,0.943450460600675,4.90755078745874,0.025280899158412216,Not significant
chr20,44966310,44966810,501,*,5.11713988447094,5.27451444976529,4.94047229663108,0.0720037077330263,0.86010894125249,0.943450460600675,0.0720037077330263,0.943450460600675,5.11713988447094,0.025280899158412216,Not significant
chr9,95003760,95004260,501,*,5.68818583299298,5.75992309665498,5.61269396110561,0.0803094767211811,0.860215942703308,0.943450460600675,0.0803094767211811,0.943450460600675,5.68818583299298,0.025280899158412216,Not significant
chr7,155297066,155297566,501,*,3.45158991717886,3.63272916482704,3.24439723915089,0.0679653408943158,0.860489313426184,0.943450460600675,0.0679653408943158,0.943450460600675,3.45158991717886,0.025280899158412216,Not significant
chr19,5790761,5791261,501,*,6.71144594699625,6.77828354563635,6.64136081480808,0.0787034648892475,0.860681391917815,0.943450460600675,0.0787034648892475,0.943450460600675,6.71144594699625,0.025280899158412216,Not significant
chr19,14519310,14519810,501,*,4.80540684972951,4.6596210992918,4.93780345138067,-0.0752078770094508,0.860776260251533,0.943450460600675,-0.0752078770094508,0.943450460600675,4.80540684972951,0.025280899158412216,Not significant
chr1,224330041,224330541,501,*,5.06044662083575,5.17715340924759,4.93346125705394,0.0785157017426097,0.860982493681962,0.943450460600675,0.0785157017426097,0.943450460600675,5.06044662083575,0.025280899158412216,Not significant
chr9,129697524,129698024,501,*,4.71188910437833,4.60243276089434,4.81362348416452,-0.0795317660882883,0.861102068120087,0.943450460600675,-0.0795317660882883,0.943450460600675,4.71188910437833,0.025280899158412216,Not significant
chr17,82000657,82001157,501,*,5.51389279638713,5.40499210398919,5.61514701910065,-0.0795702969837129,0.861474368714122,0.943450460600675,-0.0795702969837129,0.943450460600675,5.51389279638713,0.025280899158412216,Not significant
chr8,134713156,134713656,501,*,5.37810352245275,5.44564884845984,5.3072398025432,0.079173670698239,0.861528028143664,0.943450460600675,0.079173670698239,0.943450460600675,5.37810352245275,0.025280899158412216,Not significant
chr16,18926842,18927342,501,*,4.97763450471925,4.88442562683364,5.06518511100428,-0.0803351384115659,0.862176775957556,0.943450460600675,-0.0803351384115659,0.943450460600675,4.97763450471925,0.025280899158412216,Not significant
chr11,695387,695887,501,*,6.21618973818923,6.15774064466462,6.27236274903968,-0.0753937106081139,0.862286669284189,0.943450460600675,-0.0753937106081139,0.943450460600675,6.21618973818923,0.025280899158412216,Not significant
chr20,35954388,35954888,501,*,6.06412994781211,5.99689618677466,6.12836944478525,-0.0786593448382667,0.862340659984168,0.943450460600675,-0.0786593448382667,0.943450460600675,6.06412994781211,0.025280899158412216,Not significant
chr22,38317394,38317894,501,*,4.30945385051268,4.47306012914737,4.12489239060423,0.0691276125413817,0.862716081237141,0.943510882115048,0.0691276125413817,0.943510882115048,4.30945385051268,0.02525308647386443,Not significant
chr22,28922398,28922898,501,*,4.35494469796722,4.25528079069332,4.44816629751713,-0.0796065491943862,0.862981554808518,0.943510882115048,-0.0796065491943862,0.943510882115048,4.35494469796722,0.02525308647386443,Not significant
chr6,151390301,151390801,501,*,5.4683235603248,5.36112048975969,5.56810867185104,-0.0774010357569832,0.865074339260702,0.944733898979837,-0.0774010357569832,0.944733898979837,5.4683235603248,0.024690500992103213,Not significant
chr20,62182691,62183191,501,*,5.88897246350746,5.83932185412674,5.93697103576645,-0.0710480675333493,0.865565130007183,0.944733898979837,-0.0710480675333493,0.944733898979837,5.88897246350746,0.024690500992103213,Not significant
chr22,46731708,46732208,501,*,4.83648579798602,4.75675125084655,4.91204343515359,-0.0783672860168232,0.865836777797001,0.944733898979837,-0.0783672860168232,0.944733898979837,4.83648579798602,0.024690500992103213,Not significant
chr1,966514,967014,501,*,5.04754924222903,5.15212179453162,4.93480031917865,0.0763766785158637,0.86657790169682,0.944733898979837,0.0763766785158637,0.944733898979837,5.04754924222903,0.024690500992103213,Not significant
chr11,65477107,65477607,501,*,6.65770852229281,6.61136990653653,6.7026049674179,-0.065014953789645,0.86664344688791,0.944733898979837,-0.065014953789645,0.944733898979837,6.65770852229281,0.024690500992103213,Not significant
chr3,196942390,196942890,501,*,5.32684080105855,5.24939189219148,5.40034295798601,-0.0776062419433081,0.866794422207997,0.944733898979837,-0.0776062419433081,0.944733898979837,5.32684080105855,0.024690500992103213,Not significant
chr17,1511948,1512448,501,*,4.90372701448066,4.99744698903521,4.80349322989978,0.077342643916351,0.867133426377692,0.944733898979837,0.077342643916351,0.944733898979837,4.90372701448066,0.024690500992103213,Not significant
chr19,18571472,18571972,501,*,5.77983032679496,5.85012090562655,5.70593888118562,0.0763361609294542,0.867210513271198,0.944733898979837,0.0763361609294542,0.944733898979837,5.77983032679496,0.024690500992103213,Not significant
chr7,832419,832919,501,*,3.89157706370571,3.63839079329026,4.10689371540095,-0.058809284183078,0.867333096921203,0.944733898979837,-0.058809284183078,0.944733898979837,3.89157706370571,0.024690500992103213,Not significant
chr3,126518700,126519200,501,*,5.47952754935376,5.40665184245894,5.54889837730248,-0.0768755608492664,0.867752769367686,0.944733898979837,-0.0768755608492664,0.944733898979837,5.47952754935376,0.024690500992103213,Not significant
chr11,46695412,46695912,501,*,4.83568123971368,4.92032899094006,4.74575564432579,0.0771051517061561,0.867851592589284,0.944733898979837,0.0771051517061561,0.944733898979837,4.83568123971368,0.024690500992103213,Not significant
chr4,3484465,3484965,501,*,4.53473522935182,4.64315761535701,4.41749764045715,0.0748793183759249,0.867909175263255,0.944733898979837,0.0748793183759249,0.944733898979837,4.53473522935182,0.024690500992103213,Not significant
chr5,159582635,159583135,501,*,3.62045114927518,3.78958563681695,3.42882181028831,0.0643378930150376,0.868620403671961,0.944733898979837,0.0643378930150376,0.944733898979837,3.62045114927518,0.024690500992103213,Not significant
chr12,57726188,57726688,501,*,5.9119741448381,5.96215979094051,5.85997962641727,0.0685793999704248,0.86864634778665,0.944733898979837,0.0685793999704248,0.944733898979837,5.9119741448381,0.024690500992103213,Not significant
chr15,75903601,75904101,501,*,4.42525548697385,4.33790874677782,4.50761443838436,-0.0765262617987842,0.869050840089453,0.944733898979837,-0.0765262617987842,0.944733898979837,4.42525548697385,0.024690500992103213,Not significant
chr17,72391184,72391684,501,*,3.95502536901615,4.10787607659148,3.78404014913021,0.0655677904087042,0.869256980924954,0.944733898979837,0.0655677904087042,0.944733898979837,3.95502536901615,0.024690500992103213,Not significant
chr3,123066978,123067478,501,*,5.41017150173812,5.34810230914665,5.46968007330189,-0.0739825586148429,0.869441169100678,0.944733898979837,-0.0739825586148429,0.944733898979837,5.41017150173812,0.024690500992103213,Not significant
chr2,172555517,172556017,501,*,4.66812075467846,4.57591870853068,4.7547825115283,-0.0757825823406137,0.869526150415477,0.944733898979837,-0.0757825823406137,0.944733898979837,4.66812075467846,0.024690500992103213,Not significant
chr11,77994532,77995032,501,*,4.13312554854682,3.89214738553605,4.33955447219123,-0.0583633021305483,0.869671242822531,0.944733898979837,-0.0583633021305483,0.944733898979837,4.13312554854682,0.024690500992103213,Not significant
chr15,101334262,101334762,501,*,3.0778801201904,2.8032087308397,3.3085275765706,-0.0550420753000389,0.870076253956462,0.9448553051054,-0.0550420753000389,0.9448553051054,3.0778801201904,0.024634694142275936,Not significant
chr16,2205057,2205557,501,*,5.68131611173108,5.62784232844627,5.73287851319374,-0.0712000557902474,0.87077277257317,0.944896813861752,-0.0712000557902474,0.944896813861752,5.68131611173108,0.024615615424325252,Not significant
chr12,51172817,51173317,501,*,5.83131247042578,5.77294017651711,5.88741454365955,-0.072474862752867,0.870848740721247,0.944896813861752,-0.072474862752867,0.944896813861752,5.83131247042578,0.024615615424325252,Not significant
chr5,43120801,43121301,501,*,4.95813271539334,5.11272424801665,4.78496562051359,0.0648882151523617,0.870994269760832,0.944896813861752,0.0648882151523617,0.944896813861752,4.95813271539334,0.024615615424325252,Not significant
chr1,44721880,44722380,501,*,5.09079123224578,4.98721185026997,5.18742960786836,-0.0739484817919886,0.87191775845255,0.945580281970419,-0.0739484817919886,0.945580281970419,5.09079123224578,0.024301592639560894,Not significant
chr1,1937145,1937645,501,*,4.51216508028265,4.66570520708977,4.34031648148026,0.0640694367011914,0.872263631346096,0.945637086203608,0.0640694367011914,0.945637086203608,4.51216508028265,0.024275503872140194,Not significant
chr16,29805467,29805967,501,*,5.59483256091207,5.65927305787535,5.52737858998018,0.0725083716872695,0.873094902877381,0.946219904833811,0.0725083716872695,0.946219904833811,5.59483256091207,0.024007920302923254,Not significant
chr1,35557417,35557917,501,*,5.32444343511533,5.26022805134196,5.38592193453306,-0.0725241553513589,0.873404922215526,0.946237612433902,-0.0725241553513589,0.946237612433902,5.32444343511533,0.023999792973313654,Not significant
chr1,1615416,1615916,501,*,5.48097573208546,5.42489871175889,5.53495436857269,-0.07032584202808,0.873817837944829,0.946366747515375,-0.07032584202808,0.946366747515375,5.48097573208546,0.023940527915515354,Not significant
GL000226.1,5457,5957,501,*,2.79639660274402,2.98874178786381,2.57440394155772,0.0571566470353137,0.874179607928645,0.946440422293714,0.0571566470353137,0.946440422293714,2.79639660274402,0.023906719347781064,Not significant
chr1,2391265,2391765,501,*,5.52733628661154,5.59033242201036,5.46146328976827,0.0718131816628523,0.874796746955448,0.946687702866099,0.0718131816628523,0.946687702866099,5.52733628661154,0.0237932641756221,Not significant
chr1,191145,191645,501,*,2.95991091166837,3.18587858859276,2.69185621612211,0.052725843755845,0.875238586140511,0.946687702866099,0.052725843755845,0.946687702866099,2.95991091166837,0.0237932641756221,Not significant
chr2,9406251,9406751,501,*,1.68145262623264,1.34377711220241,1.9548906219559,-0.0484121719475082,0.875289468292399,0.946687702866099,-0.0484121719475082,0.946687702866099,1.68145262623264,0.0237932641756221,Not significant
chr8,125706360,125706860,501,*,6.6670659949944,6.71253016057694,6.62012235113208,0.0662776822212958,0.876378942075384,0.947547970257345,0.0662776822212958,0.947547970257345,6.6670659949944,0.02339879435123184,Not significant
chr7,98211360,98211860,501,*,5.12095823228513,5.19804420904686,5.03951974642758,0.0719872719784469,0.876695658990787,0.947568479014303,0.0719872719784469,0.947568479014303,5.12095823228513,0.023389394570040252,Not significant
chr3,15601790,15602290,501,*,4.774826424342,4.62917933106466,4.90710867520795,-0.0636573542070693,0.876986096964821,0.947568479014303,-0.0636573542070693,0.947568479014303,4.774826424342,0.023389394570040252,Not significant
chr5,134904731,134905231,501,*,6.1058607157795,6.16928470166676,6.03951974642758,0.0699558708981212,0.877682491014461,0.947929698617647,0.0699558708981212,0.947929698617647,6.1058607157795,0.02322387008234848,Not significant
chr19,47256819,47257319,501,*,6.23153203128328,6.18600423633534,6.27566692879518,-0.0646959048904492,0.877908820817833,0.947929698617647,-0.0646959048904492,0.947929698617647,6.23153203128328,0.02322387008234848,Not significant
chr18,110096,110596,501,*,3.01221518749796,2.74530599720678,3.23736895428015,-0.0514223485272495,0.87834665019,0.947938383686544,-0.0514223485272495,0.947938383686544,3.01221518749796,0.02321989103176772,Not significant
chr5,149445562,149446062,501,*,6.013382919223,5.95940321302062,6.06541555940273,-0.066634766505663,0.878505280474246,0.947938383686544,-0.066634766505663,0.947938383686544,6.013382919223,0.02321989103176772,Not significant
chr20,59042538,59043038,501,*,4.68831989830199,4.60315672156303,4.76873483035231,-0.0696363616925887,0.879710027608712,0.948909492709732,-0.0696363616925887,0.948909492709732,4.68831989830199,0.02277520874364955,Not significant
chr7,76291498,76291998,501,*,5.29515172684778,5.19612608938354,5.38781470170238,-0.068101172594192,0.879994278155394,0.948909492709732,-0.068101172594192,0.948909492709732,5.29515172684778,0.02277520874364955,Not significant
chr1,201954960,201955460,501,*,4.70907104176079,4.7889494552728,4.62450939519406,0.0697659058636111,0.880430074213551,0.949061792946156,0.0697659058636111,0.949061792946156,4.70907104176079,0.02270550995219433,Not significant
chr1,10939560,10940060,501,*,5.64757320819493,5.59571156601914,5.69763505257509,-0.066121638662517,0.881414335764605,0.94980501332226,-0.066121638662517,0.94980501332226,5.64757320819493,0.02236554242672374,Not significant
chr17,16387026,16387526,501,*,3.12726730211289,3.34377711220241,2.87242846176393,0.0501536565577192,0.881809304893614,0.949912932252499,0.0501536565577192,0.949912932252499,3.12726730211289,0.022316199737662676,Not significant
chr2,234438015,234438515,501,*,4.49747063950532,4.40550682442411,4.58392191067069,-0.0679180977498072,0.882386139732108,0.949923323880902,-0.0679180977498072,0.949923323880902,4.49747063950532,0.02231144877361629,Not significant
chr11,83071983,83072483,501,*,5.26181274133717,5.19995978188056,5.32112252673495,-0.0678258312468434,0.882408599744115,0.949923323880902,-0.0678258312468434,0.949923323880902,5.26181274133717,0.02231144877361629,Not significant
chrX,77899246,77899746,501,*,4.83819671194739,4.70132911682049,4.96319743930064,-0.0607173608543364,0.882992300609695,0.950234199253319,-0.0607173608543364,0.950234199253319,4.83819671194739,0.02216934322882731,Not significant
chr1,27830745,27831245,501,*,5.26214728127327,5.17093610457726,5.3479331390876,-0.0668235525631009,0.883325527021936,0.950275408368841,-0.0668235525631009,0.950275408368841,5.26214728127327,0.0221505094471865,Not significant
chr12,53078737,53079237,501,*,4.79228845471334,4.90072342361153,4.6750361523512,0.063785442669796,0.884087308276883,0.950777472385887,0.063785442669796,0.950777472385887,4.79228845471334,0.021921116946386585,Not significant
chr4,87220060,87220560,501,*,4.94427681161253,5.07169756676561,4.8045021674509,0.058838327853176,0.886121239836561,0.952581523967589,0.058838327853176,0.952581523967589,4.94427681161253,0.021097846209625872,Not significant
chr15,63504056,63504556,501,*,4.40944773136308,4.26607297285646,4.53985312267706,-0.0573501389242731,0.886700722225198,0.952581523967589,-0.0573501389242731,0.952581523967589,4.40944773136308,0.021097846209625872,Not significant
chr1,158009805,158010305,501,*,4.48997870739074,4.40550682442411,4.56977702239254,-0.0656057721261316,0.886984170709172,0.952581523967589,-0.0656057721261316,0.952581523967589,4.48997870739074,0.021097846209625872,Not significant
chr2,87423984,87424484,501,*,2.79176066512152,2.9669486631373,2.59232054257119,0.0508072470635328,0.887183042629944,0.952581523967589,0.0508072470635328,0.952581523967589,2.79176066512152,0.021097846209625872,Not significant
chr2,200811434,200811934,501,*,5.26820938703177,5.35274178674721,5.17841396980886,0.064999051028187,0.887315273658893,0.952581523967589,0.064999051028187,0.952581523967589,5.26820938703177,0.021097846209625872,Not significant
chr7,55073916,55074416,501,*,5.12122308011271,5.18152259496407,5.05829290856518,0.0650208881692482,0.887538713516667,0.952581523967589,0.0650208881692482,0.952581523967589,5.12122308011271,0.021097846209625872,Not significant
chr3,124730283,124730783,501,*,5.9936566667092,5.7700418669045,6.18721784929972,-0.0482382418167995,0.888248080412472,0.953025412950045,-0.0482382418167995,0.953025412950045,5.9936566667092,0.020895518504567414,Not significant
chr9,124285623,124286123,501,*,4.54212427547503,4.40467653496801,4.66760866987543,-0.0558014290280697,0.890428135905837,0.955046422732559,-0.0558014290280697,0.955046422732559,4.54212427547503,0.019975517791559646,Not significant
chr1,21262576,21263076,501,*,4.96091418008494,4.89378147297914,5.0250614188708,-0.0637620742586833,0.890725342469801,0.955047272358635,-0.0637620742586833,0.955047272358635,4.96091418008494,0.019975131435730705,Not significant
chr19,3984930,3985430,501,*,5.73359004267468,5.68131160005565,5.78404014913021,-0.0619341831414218,0.891986522662091,0.955804930737211,-0.0619341831414218,0.955804930737211,5.73359004267468,0.01963073340254544,Not significant
chr15,43746221,43746721,501,*,5.34853372140821,5.22642016156425,5.46111302256294,-0.0562810127519139,0.892450822779354,0.955804930737211,-0.0562810127519139,0.955804930737211,5.34853372140821,0.01963073340254544,Not significant
chr6,24774758,24775258,501,*,4.59117235803295,4.52807692307976,4.65162358950335,-0.0625671597947566,0.892544115595973,0.955804930737211,-0.0625671597947566,0.955804930737211,4.59117235803295,0.01963073340254544,Not significant
chr17,40070834,40071334,501,*,4.97549321520925,5.0337723968337,4.91476031666041,0.0620080193550206,0.892618571256446,0.955804930737211,0.0620080193550206,0.955804930737211,4.97549321520925,0.01963073340254544,Not significant
chr20,48510152,48510652,501,*,2.58799567673251,2.34377711220241,2.79679636289417,-0.0438743043322606,0.893071783792953,0.955959343480568,-0.0438743043322606,0.955959343480568,2.58799567673251,0.01956057767945163,Not significant
chr1,213987901,213988401,501,*,3.72899086997496,3.85187636635164,3.59465541943955,0.0546843486622134,0.893356171080072,0.955959343480568,0.0546843486622134,0.955959343480568,3.72899086997496,0.01956057767945163,Not significant
chr4,82373666,82374166,501,*,5.68544725462692,5.62686012183381,5.74174775015566,-0.0607596905633401,0.89386322302772,0.95618436407547,-0.0607596905633401,0.95618436407547,5.68544725462692,0.01945836234621544,Not significant
chr16,30557924,30558424,501,*,5.98093268715836,6.042146797121,5.91700570557593,0.060831877741596,0.895370396780423,0.957478731638408,0.060831877741596,0.957478731638408,5.98093268715836,0.018870864184055033,Not significant
chr7,465819,466319,501,*,4.08494544013315,4.17154146725655,3.99281779589848,0.0577935527122987,0.895824525455886,0.95764652323121,0.0577935527122987,0.95764652323121,4.08494544013315,0.018794763717137963,Not significant
chr3,170869735,170870235,501,*,5.47522809544025,5.53625757522469,5.4115024472532,0.0599549095347946,0.896784399432167,0.958087221827192,0.0599549095347946,0.958087221827192,5.47522809544025,0.01859495205511835,Not significant
chr11,67373701,67374201,501,*,4.54991962593124,4.66587152971237,4.42382754943843,0.0526851009748289,0.896831490077843,0.958087221827192,0.0526851009748289,0.958087221827192,4.54991962593124,0.01859495205511835,Not significant
chr9,135992652,135993152,501,*,4.6362932701898,4.51370211364472,4.74927834025439,-0.0520756374537579,0.898128971503692,0.958570703526529,-0.0520756374537579,0.958570703526529,4.6362932701898,0.01837584833734029,Not significant
chr10,73626210,73626710,501,*,5.40188217008611,5.45079008333275,5.351257904765,0.0576737690714028,0.898233435264272,0.958570703526529,0.0576737690714028,0.958570703526529,5.40188217008611,0.01837584833734029,Not significant
chr1,1021130,1021630,501,*,4.60969535527904,4.54004326251379,4.67613901030957,-0.0591279067805517,0.898614425327016,0.958570703526529,-0.0591279067805517,0.958570703526529,4.60969535527904,0.01837584833734029,Not significant
chr2,44361468,44361968,501,*,4.86270487949775,4.73609453498117,4.97909485777783,-0.0510979985047888,0.898815343780484,0.958570703526529,-0.0510979985047888,0.958570703526529,4.86270487949775,0.01837584833734029,Not significant
chr5,132426605,132427105,501,*,4.91475125019959,4.82898610014222,4.99570267259377,-0.0567385809514374,0.898955254914374,0.958570703526529,-0.0567385809514374,0.958570703526529,4.91475125019959,0.01837584833734029,Not significant
chr17,4143351,4143851,501,*,5.46260801515879,5.54476898656405,5.37548393615089,0.057523484694911,0.899069108025193,0.958570703526529,0.057523484694911,0.958570703526529,5.46260801515879,0.01837584833734029,Not significant
chr1,156813606,156814106,501,*,5.32061532849098,5.39968473844942,5.23695981850675,0.0575377815010796,0.899567686674994,0.958785010409141,0.0575377815010796,0.958785010409141,5.32061532849098,0.018278764320782057,Not significant
chr9,133144571,133145071,501,*,3.9878841211185,3.90483973133333,4.06640737629009,-0.0571345311588644,0.900580916653513,0.959416084190003,-0.0571345311588644,0.959416084190003,3.9878841211185,0.017993005052515526,Not significant
chr12,6970678,6971178,501,*,6.61300899225416,6.58603219714674,6.63949059660539,-0.0450212699132847,0.900976580988677,0.959416084190003,-0.0450212699132847,0.959416084190003,6.61300899225416,0.017993005052515526,Not significant
chr1,51879158,51879658,501,*,4.8292729588004,4.91450791173797,4.7386843423841,0.0559036967432462,0.901053094586887,0.959416084190003,0.0559036967432462,0.959416084190003,4.8292729588004,0.017993005052515526,Not significant
chr17,76103828,76104328,501,*,5.04091408905045,4.99095620780952,5.08919976448403,-0.056462710535661,0.902081616704486,0.960193911140355,-0.056462710535661,0.960193911140355,5.04091408905045,0.017641052341576233,Not significant
chr18,12948312,12948812,501,*,5.70984104395331,5.76753819477081,5.64973995974068,0.0565684271598925,0.902570190675601,0.960396682416376,0.0565684271598925,0.960396682416376,5.70984104395331,0.017549348834449804,Not significant
chr7,77010210,77010710,501,*,3.40157534092609,3.25987917003653,3.53059081211956,-0.047238878066743,0.903274312621959,0.960586132131068,-0.047238878066743,0.960586132131068,3.40157534092609,0.017463687510118772,Not significant
chr16,20902499,20902999,501,*,3.90290378085371,4.0442168303435,3.74623089807656,0.0452345249144557,0.903363832573973,0.960586132131068,0.0452345249144557,0.960586132131068,3.90290378085371,0.017463687510118772,Not significant
chr17,29176086,29176586,501,*,4.43889498071344,4.55323047783136,4.31471224058576,0.0487402720108667,0.90389076739934,0.960586132131068,0.0487402720108667,0.960586132131068,4.43889498071344,0.017463687510118772,Not significant
chr7,45974118,45974618,501,*,3.92685978663249,3.79593207027674,4.04688784035854,-0.0479036775689803,0.903940767418187,0.960586132131068,-0.0479036775689803,0.960586132131068,3.92685978663249,0.017463687510118772,Not significant
chr2,96305310,96305810,501,*,5.66750194319651,5.61236271227219,5.72061112433168,-0.0554252176135322,0.904909457168907,0.960923015899512,-0.0554252176135322,0.960923015899512,5.66750194319651,0.01731140432861323,Not significant
chr3,48556984,48557484,501,*,5.0627857051573,5.17666712636715,4.93913849114374,0.0479973424690162,0.905007580375104,0.960923015899512,0.0479973424690162,0.960923015899512,5.0627857051573,0.01731140432861323,Not significant
chr6,159789947,159790447,501,*,4.76954128188261,4.71328812172398,4.82368310194765,-0.0551279632075816,0.905446518026684,0.960923015899512,-0.0551279632075816,0.960923015899512,4.76954128188261,0.01731140432861323,Not significant
chr1,1692609,1693109,501,*,3.41046257117033,3.32325558156614,3.49269726957928,-0.0519751104808075,0.905450737514252,0.960923015899512,-0.0519751104808075,0.960923015899512,3.41046257117033,0.01731140432861323,Not significant
chr6,108294700,108295200,501,*,5.84812311908305,5.80604123439983,5.88901222959655,-0.0527156958491564,0.906137885065297,0.961335615963249,-0.0527156958491564,0.961335615963249,5.84812311908305,0.0171249674665848,Not significant
chr7,98629226,98629726,501,*,4.58536257796395,4.70132911682049,4.45925319285802,0.0467725168879046,0.906442200713164,0.961341925838648,0.0467725168879046,0.961341925838648,4.58536257796395,0.0171221169167576,Not significant
chr7,157336234,157336734,501,*,5.09789602856621,5.20175810732998,4.98597264337729,0.0481805095453263,0.907056420507606,0.961447430650173,0.0481805095453263,0.961447430650173,5.09789602856621,0.017074456826118002,Not significant
chr11,66592514,66593014,501,*,4.07852614267686,4.19239764559617,3.9548906219559,0.0462042615327375,0.907668776197236,0.961447430650173,0.0462042615327375,0.961447430650173,4.07852614267686,0.017074456826118002,Not significant
chr4,6673612,6674112,501,*,4.116853527166,4.22970556315768,3.99441898614254,0.0462590527520061,0.907795296468125,0.961447430650173,0.0462590527520061,0.961447430650173,4.116853527166,0.017074456826118002,Not significant
chrX,123859864,123860364,501,*,4.7178264689228,4.95848695631762,4.42882181028831,0.0338539924434175,0.907947419079519,0.961447430650173,0.0338539924434175,0.961447430650173,4.7178264689228,0.017074456826118002,Not significant
chr16,2520178,2520678,501,*,4.84261306706822,4.73609453498117,4.9418048701228,-0.047340042502782,0.908296423749714,0.961447430650173,-0.047340042502782,0.961447430650173,4.84261306706822,0.017074456826118002,Not significant
chr20,3820424,3820924,501,*,5.43199888393479,5.49088228901437,5.3706095174201,0.0531338255821262,0.908841139448207,0.961447430650173,0.0531338255821262,0.961447430650173,5.43199888393479,0.017074456826118002,Not significant
chr19,58573058,58573558,501,*,6.31867099080181,6.2794506530707,6.35685326340209,-0.0510556751524523,0.908998369750632,0.961447430650173,-0.0510556751524523,0.961447430650173,6.31867099080181,0.017074456826118002,Not significant
chr20,58131200,58131700,501,*,6.32136466816053,6.28566940940401,6.35619803449395,-0.0496409289988363,0.909417704454237,0.961447430650173,-0.0496409289988363,0.961447430650173,6.32136466816053,0.017074456826118002,Not significant
chr12,27551521,27552021,501,*,3.72744802078935,3.64931140161568,3.80156928803072,-0.0501432881841365,0.909494415241517,0.961447430650173,-0.0501432881841365,0.961447430650173,3.72744802078935,0.017074456826118002,Not significant
chr11,62840882,62841382,501,*,6.10599349275281,6.05650103261627,6.153844250239,-0.0523729621273551,0.909637621306813,0.961447430650173,-0.0523729621273551,0.961447430650173,6.10599349275281,0.017074456826118002,Not significant
chr11,118928023,118928523,501,*,4.83157188266622,4.72048562563928,4.93471274001827,-0.0457049259832969,0.909824089401731,0.961447430650173,-0.0457049259832969,0.961447430650173,4.83157188266622,0.017074456826118002,Not significant
chr16,67192334,67192834,501,*,4.15338536382132,4.21958134479635,4.08400539777161,0.0515571475046834,0.910433549198911,0.961494453265252,0.0515571475046834,0.961494453265252,4.15338536382132,0.017053216805888234,Not significant
chr12,27522915,27523415,501,*,4.25294884711223,4.12564078853318,4.36992812123475,-0.0430243217763851,0.910465418036091,0.961494453265252,-0.0430243217763851,0.961494453265252,4.25294884711223,0.017053216805888234,Not significant
chr13,51583937,51584437,501,*,5.94351136310549,5.98714529641179,5.89851646389256,0.0492629407518667,0.912454806365943,0.963079000511928,0.0492629407518667,0.963079000511928,5.94351136310549,0.016338086625028232,Not significant
chr12,111405262,111405762,501,*,4.50774154965572,4.44726249235735,4.5657869501859,-0.0506632916945161,0.912862338910398,0.963079000511928,-0.0506632916945161,0.963079000511928,4.50774154965572,0.016338086625028232,Not significant
chr11,12163599,12164099,501,*,5.0732163815851,5.12172540857157,5.02301937101582,0.050251455528624,0.912958921273788,0.963079000511928,0.050251455528624,0.963079000511928,5.0732163815851,0.016338086625028232,Not significant
chr11,64317413,64317913,501,*,6.5703823715684,6.59980172414931,6.54035059101797,0.0417378666116658,0.91351426509459,0.963079000511928,0.0417378666116658,0.963079000511928,6.5703823715684,0.016338086625028232,Not significant
chr20,35454676,35455176,501,*,5.99261468173465,6.04274463521977,5.9406799410608,0.0499849805402471,0.914076221226184,0.963079000511928,0.0499849805402471,0.963079000511928,5.99261468173465,0.016338086625028232,Not significant
chr16,1379199,1379699,501,*,5.62827376047906,5.58639836135912,5.66896789849276,-0.049092772006952,0.914100899978698,0.963079000511928,-0.049092772006952,0.963079000511928,5.62827376047906,0.016338086625028232,Not significant
chr19,39402732,39403232,501,*,5.57711629595392,5.67555468992427,5.47146614769681,0.0440524264867581,0.914204007243933,0.963079000511928,0.0440524264867581,0.963079000511928,5.57711629595392,0.016338086625028232,Not significant
chr8,95133423,95133923,501,*,4.70136950351924,4.8032087308397,4.59179177447826,0.0434731345612628,0.914473640435263,0.963079000511928,0.0434731345612628,0.963079000511928,4.70136950351924,0.016338086625028232,Not significant
chr10,97713285,97713785,501,*,4.42080984579635,4.50247701954443,4.33424084097555,0.0458448132885677,0.914656034005741,0.963079000511928,0.0458448132885677,0.963079000511928,4.42080984579635,0.016338086625028232,Not significant
chr12,3169288,3169788,501,*,5.36968459050866,5.27451444976529,5.45896328728889,-0.0443404657282851,0.915112000345466,0.963244320520448,-0.0443404657282851,0.963244320520448,5.36968459050866,0.016263542993810373,Not significant
chr9,137450539,137451039,501,*,4.09036049884444,4.00281180943262,4.17289896422496,-0.0448752885313592,0.915842207496014,0.963698103380848,-0.0448752885313592,0.963698103380848,4.09036049884444,0.016058995734429236,Not significant
chr16,72976760,72977260,501,*,5.62752165690027,5.5828206171514,5.6708791854079,-0.0470398815081642,0.917592172326548,0.965224283132921,-0.0470398815081642,0.965224283132921,5.62752165690027,0.01537176063605415,Not significant
chr5,56330032,56330532,501,*,4.35660632306637,4.4607143651716,4.24439723915089,0.0401371476469197,0.91806626207522,0.965407799088237,0.0401371476469197,0.965407799088237,4.35660632306637,0.015289197036589541,Not significant
chr12,121917831,121918331,501,*,3.99552017147607,4.09866461436588,3.88442975491921,0.040271733805797,0.918926242031044,0.965899374321037,0.040271733805797,0.965899374321037,3.99552017147607,0.015068115254680369,Not significant
chr19,1438253,1438753,501,*,5.30402930784983,5.25205318214252,5.35419781864643,-0.0466928182564443,0.919593278724309,0.965899374321037,-0.0466928182564443,0.965899374321037,5.30402930784983,0.015068115254680369,Not significant
chr3,58251901,58252401,501,*,3.88302558182387,3.98763330197713,3.77023577249741,0.0396239354109828,0.919646405389663,0.965899374321037,0.0396239354109828,0.965899374321037,3.88302558182387,0.015068115254680369,Not significant
chr16,1610606,1611106,501,*,5.60412564716381,5.53881778985922,5.66660474141925,-0.0454388893858377,0.919732861706065,0.965899374321037,-0.0454388893858377,0.965899374321037,5.60412564716381,0.015068115254680369,Not significant
chr2,108533361,108533861,501,*,4.95383725743048,5.0108872894029,4.89443801918605,0.0453028479732349,0.921992830312663,0.967164668974475,0.0453028479732349,0.967164668974475,4.95383725743048,0.01449957685953173,Not significant
chrX,101391112,101391612,501,*,5.65430338098823,5.7093396876818,5.59708397836576,0.0452076262367043,0.922104456457568,0.967164668974475,0.0452076262367043,0.967164668974475,5.65430338098823,0.01449957685953173,Not significant
chr19,32345581,32346081,501,*,5.44318541995392,5.49049105836439,5.3942759011076,0.0451338439020642,0.922220200987625,0.967164668974475,0.0451338439020642,0.967164668974475,5.44318541995392,0.01449957685953173,Not significant
chr2,37570328,37570828,501,*,6.06801810498838,6.0366585928881,6.09871043954852,-0.0424590280893087,0.922596124807485,0.967164668974475,-0.0424590280893087,0.967164668974475,6.06801810498838,0.01449957685953173,Not significant
chr7,73842222,73842722,501,*,5.11432962348771,5.06868152033603,5.15857757058109,-0.0449180256846085,0.922705614051585,0.967164668974475,-0.0449180256846085,0.967164668974475,5.11432962348771,0.01449957685953173,Not significant
chr12,96212408,96212908,501,*,4.70323104948876,4.63892749882043,4.76479035469717,-0.0430987675409921,0.923004791794028,0.967164668974475,-0.0430987675409921,0.967164668974475,4.70323104948876,0.01449957685953173,Not significant
chr9,130681499,130681999,501,*,4.33173299369142,4.25896066595338,4.40101014265613,-0.0432042138656215,0.92310538848887,0.967164668974475,-0.0432042138656215,0.967164668974475,4.33173299369142,0.01449957685953173,Not significant
chr1,161398668,161399168,501,*,4.98473966099951,5.07169756676561,4.89220230326436,0.0391866731848232,0.923924134540936,0.967164668974475,0.0391866731848232,0.967164668974475,4.98473966099951,0.01449957685953173,Not significant
chr7,101869184,101869684,501,*,5.72483336718515,5.67555468992427,5.77248426188112,-0.04402658358454,0.924244463147446,0.967164668974475,-0.04402658358454,0.967164668974475,5.72483336718515,0.01449957685953173,Not significant
chr17,65593322,65593822,501,*,5.08677526745378,5.04847558391231,5.12408443598011,-0.0434606503448658,0.924394190972307,0.967164668974475,-0.0434606503448658,0.967164668974475,5.08677526745378,0.01449957685953173,Not significant
chr6,16684135,16684635,501,*,4.20622578383044,4.10787607659148,4.29829666735457,-0.0380441966918688,0.924633132969643,0.967164668974475,-0.0380441966918688,0.967164668974475,4.20622578383044,0.01449957685953173,Not significant
chr16,30814215,30814715,501,*,4.24574915943493,4.14541775078061,4.33955447219123,-0.0373142994129595,0.924810052404449,0.967164668974475,-0.0373142994129595,0.967164668974475,4.24574915943493,0.01449957685953173,Not significant
chr17,74776253,74776753,501,*,5.64076262712824,5.59780531701411,5.6824777495515,-0.0437658047813681,0.92483995813481,0.967164668974475,-0.0437658047813681,0.967164668974475,5.64076262712824,0.01449957685953173,Not significant
chr20,58691969,58692469,501,*,4.96126560113496,5.0130680028367,4.90753364789543,0.0432220341436072,0.925652390400739,0.967439519313187,0.0432220341436072,0.967439519313187,4.96126560113496,0.014376175921006309,Not significant
chr7,101122332,101122832,501,*,5.73148634207037,5.76850662367648,5.69349102661788,0.0415675817006097,0.926241565343177,0.967439519313187,0.0415675817006097,0.967439519313187,5.73148634207037,0.014376175921006309,Not significant
chr7,100335821,100336321,501,*,5.83971270957029,5.88442562683364,5.79356957701769,0.0427809647596967,0.926269933572107,0.967439519313187,0.0427809647596967,0.967439519313187,5.83971270957029,0.014376175921006309,Not significant
chr19,36528232,36528732,501,*,4.77510907735912,4.86868841271206,4.6750361523512,0.0361071407544238,0.926303822806077,0.967439519313187,0.0361071407544238,0.967439519313187,4.77510907735912,0.014376175921006309,Not significant
chr11,70568384,70568884,501,*,4.74551731122857,4.68670414204164,4.80202650957525,-0.0415090548718632,0.926612531704836,0.967448339971802,-0.0415090548718632,0.967448339971802,4.74551731122857,0.014372216246191128,Not significant
chr1,155938189,155938689,501,*,3.56742499250046,3.43123995345275,3.69185621612211,-0.0313128877859429,0.92757095143304,0.968135278755184,-0.0313128877859429,0.968135278755184,3.56742499250046,0.014063953939497506,Not significant
chr3,186826751,186827251,501,*,5.65962554773629,5.70301854165684,5.6148868094672,0.0415243087085852,0.928418626678834,0.968706222525648,0.0415243087085852,0.968706222525648,5.65962554773629,0.01380791054512815,Not significant
chr13,50124273,50124773,501,*,4.9263103993274,4.87979655114558,4.97137131905728,-0.0414072252115889,0.928802284578894,0.968792800554612,-0.0414072252115889,0.968792800554612,4.9263103993274,0.013769097250452627,Not significant
chr19,35931382,35931882,501,*,5.69477123269486,5.63406164836949,5.7530289458298,-0.0395123995468816,0.929253491988086,0.968949757665247,-0.0395123995468816,0.968949757665247,5.69477123269486,0.013698741560627694,Not significant
chr9,136373198,136373698,501,*,5.10957654309623,5.066583330185,5.15132552098916,-0.0402038034513438,0.930798754654135,0.970247035747532,-0.0402038034513438,0.970247035747532,5.10957654309623,0.01311767542170821,Not significant
chr22,37432245,37432745,501,*,4.44886340176475,4.36421582985127,4.528818479975,-0.0347944246113787,0.932144184864155,0.97133524050204,-0.0347944246113787,0.97133524050204,4.44886340176475,0.012630854569117079,Not significant
chr20,63682443,63682943,501,*,5.65617808442506,5.71060328925434,5.59961894119032,0.0384268057485869,0.932819161401137,0.971443722896386,0.0384268057485869,0.971443722896386,5.65617808442506,0.012582353626719923,Not significant
chr17,29148641,29149141,501,*,5.23258939510491,5.19095365156963,5.27305717202218,-0.039071822033455,0.932851296909192,0.971443722896386,-0.039071822033455,0.971443722896386,5.23258939510491,0.012582353626719923,Not significant
chr22,30256822,30257322,501,*,3.60110973927816,3.51370211364472,3.68352281714763,-0.0325923818930635,0.933206130844504,0.971499241867848,-0.0325923818930635,0.971499241867848,3.60110973927816,0.012557533975921421,Not significant
chr2,129827055,129827555,501,*,4.56383467683116,4.62293888262292,4.50220527477883,0.0371439918643653,0.933872435540242,0.971878871870368,0.0371439918643653,0.971878871870368,4.56383467683116,0.012387859102883573,Not significant
chr8,100722382,100722882,501,*,5.3877301439337,5.35101881673182,5.42353043632221,-0.0377685522318082,0.935132607348341,0.972459113499012,-0.0377685522318082,0.972459113499012,5.3877301439337,0.012128649287648138,Not significant
chr20,46216300,46216800,501,*,5.09681574411617,5.13506265005798,5.05752720752583,0.0376527722330971,0.935236817899322,0.972459113499012,0.0376527722330971,0.972459113499012,5.09681574411617,0.012128649287648138,Not significant
chr20,33909486,33909986,501,*,4.70428360916768,4.61882081332816,4.78496562051359,-0.0320184354223369,0.935585870325575,0.972459113499012,-0.0320184354223369,0.972459113499012,4.70428360916768,0.012128649287648138,Not significant
chr11,394108,394608,501,*,5.0779355844903,5.15113203426001,5.0008260267651,0.0333202156406521,0.935637260039398,0.972459113499012,0.0333202156406521,0.972459113499012,5.0779355844903,0.012128649287648138,Not significant
chr20,36773562,36774062,501,*,6.11406162456522,6.13581334697757,6.09197692147647,0.0310093199436382,0.936553604753502,0.973097618354009,0.0310093199436382,0.973097618354009,6.11406162456522,0.011843590373035959,Not significant
chr3,44337964,44338464,501,*,4.67698097747277,4.71529847224536,4.63761795082333,0.0365583543246052,0.937132215224571,0.973384912138481,0.0365583543246052,0.973384912138481,4.67698097747277,0.011715389781216876,Not significant
chr12,50025202,50025702,501,*,5.37701819649343,5.40426121098036,5.34925082318962,0.034846471307398,0.937575526460552,0.973531532792749,0.034846471307398,0.973531532792749,5.37701819649343,0.011649977070396358,Not significant
chr2,241223738,241224238,501,*,3.80778691413507,3.69283857731264,3.91424863745856,-0.0271722259698273,0.938138385545515,0.973802151490866,-0.0271722259698273,0.973802151490866,3.80778691413507,0.011529270271148544,Not significant
chr3,47513392,47513892,501,*,6.085007207808,6.05702954628343,6.11245261416125,-0.0343906060955309,0.939367074934763,0.974763515439551,-0.0343906060955309,0.974763515439551,6.085007207808,0.011100734452236518,Not significant
chr19,13116371,13116871,501,*,6.23071114647741,6.20605351969123,6.25495441284468,-0.0320212160230889,0.939932243428123,0.975035958894209,-0.0320212160230889,0.975035958894209,6.23071114647741,0.010979367418019715,Not significant
chr17,80258253,80258753,501,*,4.10937584968155,4.18200724425841,4.03289313395718,0.029590050869605,0.940954922369432,0.975735630224415,0.029590050869605,0.975735630224415,4.10937584968155,0.01066783590651016,Not significant
chr3,156751310,156751810,501,*,4.60688028031824,4.56870196360602,4.64407426937416,-0.0342141142437187,0.941212395635469,0.975735630224415,-0.0342141142437187,0.975735630224415,4.60688028031824,0.01066783590651016,Not significant
chr12,122266464,122266964,501,*,5.17540438563311,5.14778160605964,5.2025082023108,-0.0335462609666511,0.941594803923041,0.97581809528467,-0.0335462609666511,0.97581809528467,5.17540438563311,0.01063113271953483,Not significant
chr2,20584568,20585068,501,*,6.52064390388277,6.54589905208856,6.49493876172094,0.0307096380608892,0.942665284114845,0.976613358655315,0.0307096380608892,0.976613358655315,6.52064390388277,0.010277339492188078,Not significant
chr12,121663994,121664494,501,*,4.16823302817266,4.25987917003653,4.07036783937584,0.0251835473598541,0.943548017470675,0.977131075976984,0.0251835473598541,0.977131075976984,4.16823302817266,0.010047174505136862,Not significant
chr7,151062557,151063057,501,*,5.50614358171681,5.56647643022052,5.44317710326538,0.0295040434413048,0.943975593313628,0.977131075976984,0.0295040434413048,0.977131075976984,5.50614358171681,0.010047174505136862,Not significant
chr17,47694311,47694811,501,*,4.2681270843692,4.20175810732998,4.33157666825657,-0.0281829239213819,0.944117219292515,0.977131075976984,-0.0281829239213819,0.977131075976984,4.2681270843692,0.010047174505136862,Not significant
chr5,95823684,95824184,501,*,4.32397568188265,4.36827587346444,4.27827197318344,0.0320929797501861,0.944378079016862,0.977131075976984,0.0320929797501861,0.977131075976984,4.32397568188265,0.010047174505136862,Not significant
chr7,55366179,55366679,501,*,4.98922875773356,4.95635808238063,5.02136715395496,-0.0316147117776595,0.945283601531227,0.977751499120937,-0.0316147117776595,0.977751499120937,4.98922875773356,0.009771509500657563,Not significant
chr2,231706623,231707123,501,*,5.59340305003614,5.57046511691248,5.61598198501706,-0.0308362421674858,0.945606355287847,0.977751499120937,-0.0308362421674858,0.977751499120937,5.59340305003614,0.009771509500657563,Not significant
chr11,130002667,130003167,501,*,6.29172123091049,6.31526322987323,6.26778869025947,0.028509491986866,0.945888089000609,0.977751499120937,0.028509491986866,0.977751499120937,6.29172123091049,0.009771509500657563,Not significant
chr14,104729800,104730300,501,*,3.14777624430008,3.0442168303435,3.24439723915089,-0.0225440118069501,0.946692973623445,0.978269647535196,-0.0225440118069501,0.978269647535196,3.14777624430008,0.009541420983702776,Not significant
chr12,51270501,51271001,501,*,5.96675185988022,5.94153911693054,5.99153153881721,-0.0284159979542159,0.948503621846182,0.979826441035075,-0.0284159979542159,0.979826441035075,5.96675185988022,0.008850845099439156,Not significant
chr2,96324784,96325284,501,*,5.51344758813507,5.48283290565912,5.54342608903053,-0.029487702794753,0.949108688792955,0.980137242080418,-0.029487702794753,0.980137242080418,5.51344758813507,0.008713108690079718,Not significant
chr2,10285492,10285992,501,*,5.00914780020514,5.0348460058909,4.98298352722845,0.0286945412083775,0.949768727176172,0.980504594348486,0.0286945412083775,0.980504594348486,5.00914780020514,0.008550367018613546,Not significant
chr17,80791880,80792380,501,*,4.75122162717805,4.80824045438174,4.69185621612211,0.0256067220929832,0.950282687087856,0.980720953810721,0.0256067220929832,0.980720953810721,4.75122162717805,0.008454545585912365,Not significant
chr11,126416353,126416853,501,*,5.1179340218445,5.08653897509072,5.14866039425668,-0.0282784460125164,0.951009474430628,0.98115674883621,-0.0282784460125164,0.98115674883621,5.1179340218445,0.008261604529832978,Not significant
chr2,3535698,3536198,501,*,3.92741189073119,3.86733906825942,3.9850829952341,-0.0227296992495988,0.953221389523965,0.98312398112875,-0.0227296992495988,0.98312398112875,3.92741189073119,0.007391710118223119,Not significant
chr12,53978290,53978790,501,*,5.29324928288969,5.34377711220241,5.24088737661685,0.0232426206953595,0.955405985742206,0.984766509593616,0.0232426206953595,0.984766509593616,5.29324928288969,0.006666729518259165,Not significant
chr19,2475089,2475589,501,*,4.19209059011061,4.25066770781093,4.13103406597301,0.0222191495172367,0.955425235564756,0.984766509593616,0.0222191495172367,0.984766509593616,4.19209059011061,0.006666729518259165,Not significant
chr17,44070294,44070794,501,*,5.52596543899624,5.54523618516041,5.50643379569041,0.0254134447151826,0.955785240436169,0.984822527881464,0.0254134447151826,0.984822527881464,5.52596543899624,0.006642025447672151,Not significant
chr22,38181204,38181704,501,*,5.1286725913227,5.10877360776074,5.14830083970583,-0.025022963089338,0.956271272940169,0.985008325259982,-0.025022963089338,0.985008325259982,5.1286725913227,0.006560098843311068,Not significant
chr11,62612168,62612668,501,*,5.40289229798188,5.42848134296021,5.376841172526,0.0248215382797481,0.956909892569702,0.985351126193538,0.0248215382797481,0.985351126193538,5.40289229798188,0.0064089827053628165,Not significant
chr19,2840754,2841254,501,*,4.93408402418397,4.96793826170767,4.89941623515969,0.0245926109131451,0.957542103233601,0.985482082833443,0.0245926109131451,0.985482082833443,4.93408402418397,0.006351267272212508,Not significant
chr19,44954904,44955404,501,*,5.61823464670424,5.58740849504281,5.64841588990565,-0.024201934129855,0.957648789991158,0.985482082833443,-0.024201934129855,0.985482082833443,5.61823464670424,0.006351267272212508,Not significant
chr12,53180650,53181150,501,*,5.92602946629247,5.90330043304261,5.94840596042534,-0.0243440332342892,0.958148878416608,0.985681892164212,-0.0243440332342892,0.985681892164212,5.92602946629247,0.006263221740553397,Not significant
chr15,41115829,41116329,501,*,5.52860143678203,5.51071111140934,5.54627262553252,-0.0223147078299508,0.961496180427751,0.988434968823991,-0.0223147078299508,0.988434968823991,5.52860143678203,0.005051898540439556,Not significant
chrX,151396767,151397267,501,*,4.55730000860424,4.51370211364472,4.59961894119032,-0.0195311665448501,0.961518629786144,0.988434968823991,-0.0195311665448501,0.988434968823991,4.55730000860424,0.005051898540439556,Not significant
chr11,134037811,134038311,501,*,4.10114444867741,4.15113203426001,4.04936249704125,0.0188736694911912,0.962181894971275,0.988434968823991,0.0188736694911912,0.988434968823991,4.10114444867741,0.005051898540439556,Not significant
chr14,44962384,44962884,501,*,4.75482975536655,4.77519039872004,4.73417764547912,0.0218764350939602,0.962394135147984,0.988434968823991,0.0218764350939602,0.988434968823991,4.75482975536655,0.005051898540439556,Not significant
chr1,219801244,219801744,501,*,4.17358962503432,4.13944121300431,4.20694840293063,-0.0204870800578873,0.962408972251516,0.988434968823991,-0.0204870800578873,0.988434968823991,4.17358962503432,0.005051898540439556,Not significant
chr4,98928796,98929296,501,*,4.78656156577144,4.75349416202181,4.81888799732402,-0.0201962021788641,0.962676456141334,0.988434968823991,-0.0201962021788641,0.988434968823991,4.78656156577144,0.005051898540439556,Not significant
chr19,58380863,58381363,501,*,4.85178199715226,4.89214738553605,4.81025463014199,0.0190532374074086,0.962972491352734,0.988434968823991,0.0190532374074086,0.988434968823991,4.85178199715226,0.005051898540439556,Not significant
GL000194.1,100334,100834,501,*,2.44844774882273,2.52291357587033,2.36992812123475,0.0148370120380399,0.963613838684782,0.988778276510308,0.0148370120380399,0.988778276510308,2.44844774882273,0.00490108361381226,Not significant
chr8,125290005,125290505,501,*,3.9051667681361,3.93450366543355,3.87522090668592,0.0203364248393502,0.964020564121384,0.988880693282107,0.0203364248393502,0.988880693282107,3.9051667681361,0.00485610210833957,Not significant
chr2,170714368,170714868,501,*,4.5112186764444,4.48017129355789,4.54161195884472,-0.019706789682909,0.965065266224421,0.989051857808696,-0.019706789682909,0.989051857808696,4.5112186764444,0.004780936947080939,Not significant
chr16,28211883,28212383,501,*,5.42995401661438,5.44998545737104,5.4096405237633,0.0199803949178408,0.965304244206764,0.989051857808696,0.0199803949178408,0.989051857808696,5.42995401661438,0.004780936947080939,Not significant
chr12,110468631,110469131,501,*,5.89487494416038,5.90682312505364,5.88282698331282,0.0174353444153111,0.965560939498494,0.989051857808696,0.0174353444153111,0.989051857808696,5.89487494416038,0.004780936947080939,Not significant
chr16,67174229,67174729,501,*,4.68076052647294,4.63839079329026,4.72192134533943,-0.0177898605122608,0.965662572909991,0.989051857808696,-0.0177898605122608,0.989051857808696,4.68076052647294,0.004780936947080939,Not significant
chr19,50977504,50978004,501,*,4.2609435188072,4.29460698518157,4.22647575330078,0.0182186493035799,0.965722267121712,0.989051857808696,0.0182186493035799,0.989051857808696,4.2609435188072,0.004780936947080939,Not significant
chr11,62653436,62653936,501,*,5.21241461954415,5.17666712636715,5.24729772638372,-0.0174663603443829,0.966443749389039,0.98914278821681,-0.0174663603443829,0.98914278821681,5.21241461954415,0.004741011073670766,Not significant
chr7,44573511,44574011,501,*,5.64550414487265,5.6222247835579,5.66841382711894,-0.0191058911836613,0.966619380592985,0.98914278821681,-0.0191058911836613,0.98914278821681,5.64550414487265,0.004741011073670766,Not significant
KI270438.1,13273,13773,501,*,1.86348524810157,1.93795107514917,1.78496562051359,0.0129200291824722,0.967075832663839,0.98914278821681,0.0129200291824722,0.98914278821681,1.86348524810157,0.004741011073670766,Not significant
chr12,3455162,3455662,501,*,4.78459870551324,4.76244000751889,4.80642220467738,-0.0186562745816629,0.967164489000842,0.98914278821681,-0.0186562745816629,0.98914278821681,4.78459870551324,0.004741011073670766,Not significant
chr7,74292951,74293451,501,*,5.07794907682519,5.05934215939381,5.09631906714368,-0.018906521534066,0.967346035279693,0.98914278821681,-0.018906521534066,0.98914278821681,5.07794907682519,0.004741011073670766,Not significant
chr17,2114926,2115426,501,*,2.86427583926648,2.92873961292356,2.79679636289417,0.0130651728103189,0.968533920121973,0.98990484601319,0.0130651728103189,0.98990484601319,2.86427583926648,0.004406549682754997,Not significant
chr11,134000892,134001392,501,*,3.24000700397992,3.18587858859276,3.29217780396688,-0.0144633921204568,0.968840834113525,0.98990484601319,-0.0144633921204568,0.98990484601319,3.24000700397992,0.004406549682754997,Not significant
chr7,73828209,73828709,501,*,4.94770398312165,4.93162451784299,4.96360620934086,-0.0180178038242825,0.969012999480323,0.98990484601319,-0.0180178038242825,0.98990484601319,4.94770398312165,0.004406549682754997,Not significant
chr5,135245183,135245683,501,*,5.41988820302836,5.40830967368808,5.43137454679048,-0.0168059422790406,0.970110439513409,0.990207172476399,-0.0168059422790406,0.990207172476399,5.41988820302836,0.004273932220208175,Not significant
chr1,109298284,109298784,501,*,3.74483244228208,3.79593207027674,3.69185621612211,0.0130742072851295,0.97011223756726,0.990207172476399,0.0130742072851295,0.990207172476399,3.74483244228208,0.004273932220208175,Not significant
chr4,153344565,153345065,501,*,5.0928884214787,5.1197030151831,5.06556598551408,0.0170638418179002,0.970230925980134,0.990207172476399,0.0170638418179002,0.990207172476399,5.0928884214787,0.004273932220208175,Not significant
chr19,48619264,48619764,501,*,5.95854513595316,5.98109811731406,5.93563398784776,0.0164150160190295,0.971661351849878,0.990463256199758,0.0164150160190295,0.990463256199758,5.95854513595316,0.0041616311054244615,Not significant
chr2,37376628,37377128,501,*,6.25567868243008,6.27035457904479,6.2408519588198,0.0158703202425182,0.971971300134623,0.990463256199758,0.0158703202425182,0.990463256199758,6.25567868243008,0.0041616311054244615,Not significant
chr2,112641061,112641561,501,*,6.05020222258207,6.06684577089415,6.03336442402992,0.0156322302249455,0.972428286540221,0.990463256199758,0.0156322302249455,0.990463256199758,6.05020222258207,0.0041616311054244615,Not significant
chr13,52158980,52159480,501,*,5.51342399850907,5.53474051446194,5.49178779124174,0.0160184965289687,0.972432544879498,0.990463256199758,0.0160184965289687,0.990463256199758,5.51342399850907,0.0041616311054244615,Not significant
chr12,49265114,49265614,501,*,6.21884728601878,6.23520825356788,6.20229864561014,0.0154649430792893,0.972692086256958,0.990463256199758,0.0154649430792893,0.990463256199758,6.21884728601878,0.0041616311054244615,Not significant
chr2,197434799,197435299,501,*,5.82318358628045,5.80824045438174,5.83797352574037,-0.0152642068549757,0.972859142799588,0.990463256199758,-0.0152642068549757,0.990463256199758,5.82318358628045,0.0041616311054244615,Not significant
chr11,119334285,119334785,501,*,5.63018566523553,5.64966185424435,5.61044294809758,0.0157120722437562,0.972920023386332,0.990463256199758,0.0157120722437562,0.990463256199758,5.63018566523553,0.0041616311054244615,Not significant
chr1,15950187,15950687,501,*,4.02967118187457,4.06408249764025,3.99441898614254,0.01344357477382,0.972941094311681,0.990463256199758,0.01344357477382,0.990463256199758,4.02967118187457,0.0041616311054244615,Not significant
chr19,6590724,6591224,501,*,10.1465114584602,10.1309575662301,10.1618994490727,-0.015500179359109,0.973272569257506,0.990487750520431,-0.015500179359109,0.990487750520431,10.1465114584602,0.004150891063625604,Not significant
chr11,67288410,67288910,501,*,6.13939201492767,6.1589130038832,6.11960326182625,0.0152386202962786,0.973801669329687,0.990713286574125,0.0152386202962786,0.990713286574125,6.13939201492767,0.004052012593264714,Not significant
chr10,119178460,119178960,501,*,5.3238399286061,5.29797342258928,5.34925082318962,-0.0130730901510015,0.974970186493535,0.991588996490584,-0.0130730901510015,0.991588996490584,5.3238399286061,0.003668301176034912,Not significant
chr19,57279566,57280066,501,*,5.16177311446589,5.14529846561226,5.17806175552348,-0.0137880018329061,0.975577995409748,0.991894067911079,-0.0137880018329061,0.991894067911079,5.16177311446589,0.003534707057758828,Not significant
chr12,54259083,54259583,501,*,5.6717531851116,5.68242186354073,5.66100502404943,0.013894020975674,0.976075656649744,0.991972124187714,0.013894020975674,0.991972124187714,5.6717531851116,0.0035005319602921044,Not significant
chr1,15524455,15524955,501,*,5.2980493208321,5.28572352349866,5.31027070303659,-0.0135044823897923,0.976406889504409,0.991972124187714,-0.0135044823897923,0.991972124187714,5.2980493208321,0.0035005319602921044,Not significant
chr9,6703991,6704491,501,*,4.92457101461672,4.93565371755945,4.91340251546039,0.0136226867692823,0.97657839165842,0.991972124187714,0.0136226867692823,0.991972124187714,4.92457101461672,0.0035005319602921044,Not significant
chrX,54529867,54530367,501,*,5.3655461091901,5.38037099253927,5.35056730488429,0.0127427239766388,0.977729072050094,0.992827945208132,0.0127427239766388,0.992827945208132,5.3655461091901,0.003126007215528287,Not significant
chr7,435851,436351,501,*,5.8197711352199,5.83084162396215,5.80861504000247,0.0121462900168252,0.978109579812029,0.992901407105973,0.0121462900168252,0.992901407105973,5.8197711352199,0.0030938738365863415,Not significant
chr5,136036792,136037292,501,*,5.22015611658314,5.23975922889412,5.20028296684091,0.0122367466174048,0.978765818519038,0.992917727966503,0.0122367466174048,0.992917727966503,5.22015611658314,0.003086735160618236,Not significant
chr1,153698149,153698649,501,*,3.90871544347072,3.93795107514917,3.87887508793066,0.0099086836923855,0.978899268813779,0.992917727966503,0.0099086836923855,0.992917727966503,3.90871544347072,0.003086735160618236,Not significant
chr15,41827082,41827582,501,*,3.4718861086858,3.51370211364472,3.42882181028831,0.0089992112676724,0.979050161933451,0.992917727966503,0.0089992112676724,0.992917727966503,3.4718861086858,0.003086735160618236,Not significant
chr22,28882772,28883272,501,*,4.83163130772554,4.85552672585022,4.80733343354204,0.0102098918355837,0.9801939207246,0.99376488753136,0.0102098918355837,0.99376488753136,4.83163130772554,0.002716352147510113,Not significant
chr11,62791678,62792178,501,*,5.03441542125721,5.02474400998976,5.04402242967276,-0.0111280762556468,0.980677142422909,0.99384198249951,-0.0111280762556468,0.99384198249951,5.03441542125721,0.00268266146171944,Not significant
chr2,64831137,64831637,501,*,5.49224930941449,5.50616650440919,5.47819655111405,0.0109836707030599,0.98088687285799,0.99384198249951,0.0109836707030599,0.99384198249951,5.49224930941449,0.00268266146171944,Not significant
chr1,228620679,228621179,501,*,4.5564762832181,4.54589905208856,4.56697653062312,-0.0106833353674889,0.981538471609067,0.993997153496232,-0.0106833353674889,0.993997153496232,4.5564762832181,0.002614859287444486,Not significant
chr19,18374251,18374751,501,*,5.51297500832521,5.52243909096493,5.50344843109231,0.0098240863316652,0.982163243884755,0.993997153496232,0.0098240863316652,0.993997153496232,5.51297500832521,0.002614859287444486,Not significant
chr22,43104009,43104509,501,*,5.41474945347817,5.40748099620459,5.42198147495055,-0.009839918181623,0.982861039411505,0.993997153496232,-0.009839918181623,0.993997153496232,5.41474945347817,0.002614859287444486,Not significant
chr20,24096158,24096658,501,*,3.84972430806198,3.8266571312014,3.87242846176393,-0.0081369525056639,0.983297404719485,0.993997153496232,-0.0081369525056639,0.993997153496232,3.84972430806198,0.002614859287444486,Not significant
chr14,89336302,89336802,501,*,5.08518724962079,5.07639754732271,5.09392372428217,-0.0096196529631153,0.98345984319001,0.993997153496232,-0.0096196529631153,0.993997153496232,5.08518724962079,0.002614859287444486,Not significant
chr12,108731419,108731919,501,*,4.70801770731114,4.71730602530375,4.69866920182839,0.0095208196260477,0.983511203818069,0.993997153496232,0.0095208196260477,0.993997153496232,4.70801770731114,0.002614859287444486,Not significant
chr7,95488823,95489323,501,*,4.89916111075351,4.91289714555451,4.88529303570215,0.0091711412954541,0.983594986594931,0.993997153496232,0.0091711412954541,0.993997153496232,4.89916111075351,0.002614859287444486,Not significant
chr19,47227455,47227955,501,*,4.99133359842848,4.97788637554928,5.00465663763912,-0.0092192081780389,0.984034182468005,0.993997153496232,-0.0092192081780389,0.993997153496232,4.99133359842848,0.002614859287444486,Not significant
KI270736.1,180036,180536,501,*,2.95940975929243,2.92873961292356,2.98944144083656,-0.0066400114875944,0.984087909039912,0.993997153496232,-0.0066400114875944,0.993997153496232,2.95940975929243,0.002614859287444486,Not significant
chr20,51671605,51672105,501,*,5.80326705192014,5.81435549063335,5.79209272781943,0.0089429150450366,0.984137432496144,0.993997153496232,0.0089429150450366,0.993997153496232,5.80326705192014,0.002614859287444486,Not significant
chr2,237296691,237297191,501,*,4.53177027659368,4.5504104831101,4.51288607507679,0.0078529994782902,0.984433555805858,0.993997153496232,0.0078529994782902,0.993997153496232,4.53177027659368,0.002614859287444486,Not significant
chr2,55693752,55694252,501,*,4.48742205558587,4.47306012914737,4.50164241816951,-0.0073752090240375,0.985457864260911,0.994468951114834,-0.0073752090240375,0.994468951114834,4.48742205558587,0.002408771684840847,Not significant
chr18,20938634,20939134,501,*,3.77691274471552,3.75675125084655,3.79679636289417,-0.0070714677595014,0.985518113255638,0.994468951114834,-0.0070714677595014,0.994468951114834,3.77691274471552,0.002408771684840847,Not significant
chr17,7841831,7842331,501,*,5.24826487824258,5.24208512031007,5.25441827815848,-0.0077870780652471,0.986449698097855,0.995097347298462,-0.0077870780652471,0.995097347298462,5.24826487824258,0.0021344314888982977,Not significant
chr12,53452169,53452669,501,*,5.4434650213255,5.43123995345275,5.45558736660688,-0.0067390601944283,0.987119059149235,0.995460910353313,-0.0067390601944283,0.995460910353313,5.4434650213255,0.001975789128450493,Not significant
chr1,43946550,43947050,501,*,5.88378305219526,5.8806208509014,5.88693833750826,-0.006986703296578,0.987910914038292,0.995635901091943,-0.006986703296578,0.995635901091943,5.88378305219526,0.001899451793239049,Not significant
chr11,65569865,65570365,501,*,5.56729356102884,5.57840955883713,5.55609124872139,0.0069833976307116,0.987968359089266,0.995635901091943,0.0069833976307116,0.995635901091943,5.56729356102884,0.001899451793239049,Not significant
chr8,134832678,134833178,501,*,5.49002294169933,5.48705933228429,5.49298047569411,-0.0065082588442659,0.988219618774685,0.995635901091943,-0.0065082588442659,0.995635901091943,5.49002294169933,0.001899451793239049,Not significant
chr1,54764028,54764528,501,*,4.44190651645,4.43123995345275,4.45249479467863,-0.0057375817873784,0.988597989858621,0.995673264758974,-0.0057375817873784,0.995673264758974,4.44190651645,0.0018831541387156706,Not significant
chr12,12716729,12717229,501,*,5.70225340558194,5.71228189497618,5.69215471771055,0.0064275386454354,0.988874750846902,0.995673264758974,0.0064275386454354,0.995673264758974,5.70225340558194,0.0018831541387156706,Not significant
chr8,93846582,93847082,501,*,5.87346233574237,5.87627903561114,5.87064012582426,0.0055087786786988,0.989237368520465,0.995727210675707,0.0055087786786988,0.995727210675707,5.87346233574237,0.0018596245531269347,Not significant
chr5,177357742,177358242,501,*,5.25096022677109,5.24115521366737,5.26069905147999,-0.0051945321153309,0.989960547774288,0.996143936579874,-0.0051945321153309,0.996143936579874,5.25096022677109,0.0016779042008483722,Not significant
chr14,21511060,21511560,501,*,4.32625999870893,4.34377711220241,4.3085275765706,0.0040605009136555,0.990898556679784,0.996776506282318,0.0040605009136555,0.996776506282318,4.32625999870893,0.0014022067525127659,Not significant
chr5,112190792,112191292,501,*,5.69108567713138,5.69105546711438,5.69111588651579,-0.0044167295361797,0.992146876388387,0.997720735244501,-0.0044167295361797,0.997720735244501,5.69108567713138,0.0009910019134916394,Not significant
chr22,20079551,20080051,501,*,5.39663719068522,5.39644748696681,5.39682686946228,-0.0040759669728228,0.992962710678526,0.998229595571361,-0.0040759669728228,0.998229595571361,5.39663719068522,0.0007695582899797015,Not significant
chr17,82098882,82099382,501,*,6.23031517195777,6.23590862009146,6.22469995312835,0.0034012436795833,0.993660800353288,0.998619806219056,0.0034012436795833,0.998619806219056,6.23031517195777,0.0005998245753801294,Not significant
chr2,87076773,87077273,501,*,3.63804224590934,3.64931140161568,3.62668437130559,0.0032723283566134,0.994085733413019,0.998735339275568,0.0032723283566134,0.998735339275568,3.63804224590934,0.0005495827652646631,Not significant
chr12,12714858,12715358,501,*,4.36548683459273,4.37082886353427,4.36012495158206,0.0030715999581093,0.994693687001694,0.998741970420427,0.0030715999581093,0.998741970420427,4.36548683459273,0.000546699258546471,Not significant
chr20,21017737,21018237,501,*,5.93916003555207,5.93450366543355,5.94380142534086,-0.0025643893484823,0.995121121410175,0.998741970420427,-0.0025643893484823,0.998741970420427,5.93916003555207,0.000546699258546471,Not significant
chr8,80965559,80966059,501,*,4.72656378193541,4.72714271082277,4.72598462064051,0.0025576303522825,0.99547251605071,0.998741970420427,0.0025576303522825,0.998741970420427,4.72656378193541,0.000546699258546471,Not significant
chr17,4940192,4940692,501,*,4.70861466974714,4.70149138302189,4.71570295807648,-0.0021226713779674,0.995583053569096,0.998741970420427,-0.0021226713779674,0.998741970420427,4.70861466974714,0.000546699258546471,Not significant
chr19,18417269,18417769,501,*,4.65175366388384,4.65351122500259,4.64999395900693,0.0024651991702727,0.995758422051385,0.998741970420427,0.0024651991702727,0.998741970420427,4.65175366388384,0.000546699258546471,Not significant
chr20,32109649,32110149,501,*,6.04298163268439,6.04867756403663,6.03726312395111,0.0023540883822136,0.995952188380147,0.998741970420427,0.0023540883822136,0.998741970420427,6.04298163268439,0.000546699258546471,Not significant
chr16,82703654,82704154,501,*,5.21633779176349,5.22135539238795,5.21130267932389,0.0014887467257007,0.997419915086102,0.999523966176675,0.0014887467257007,0.999523966176675,5.21633779176349,0.00020678808563676478,Not significant
chr2,236665447,236665947,501,*,4.33053181525339,4.33355283498964,4.3275044561907,-0.0011420871108264,0.997886232678348,0.999523966176675,-0.0011420871108264,0.999523966176675,4.33053181525339,0.00020678808563676478,Not significant
chrX,129905773,129906273,501,*,6.01942104854919,6.02102142672297,6.01781889310802,-0.0012044343619703,0.99792317366915,0.999523966176675,-0.0012044343619703,0.999523966176675,6.01942104854919,0.00020678808563676478,Not significant
chr5,150449493,150449993,501,*,6.53933956511734,6.53961976043556,6.53905931536996,-0.000559083194892,0.998912867497595,0.999523966176675,-0.000559083194892,0.999523966176675,6.53933956511734,0.00020678808563676478,Not significant
chr12,52924912,52925412,501,*,4.91757809304564,4.92309159926865,4.91204343515359,0.0006096082534391,0.998948325939015,0.999523966176675,0.0006096082534391,0.999523966176675,4.91757809304564,0.00020678808563676478,Not significant
chr5,132258350,132258850,501,*,3.06457606214817,3.0732659288438,3.05583353593944,0.0005157821135534,0.998984072028887,0.999523966176675,0.0005157821135534,0.999523966176675,3.06457606214817,0.00020678808563676478,Not significant
chr17,42773164,42773664,501,*,5.42978103383308,5.43286978519783,5.42668565538653,-0.0004835456426853,0.999168304918851,0.999523966176675,-0.0004835456426853,0.999523966176675,5.42978103383308,0.00020678808563676478,Not significant
chr17,39754218,39754718,501,*,5.97305366678813,5.97102637783522,5.97507811097212,0.000414205166947,0.999213747689345,0.999523966176675,0.000414205166947,0.999523966176675,5.97305366678813,0.00020678808563676478,Not significant
chr11,116428545,116429045,501,*,4.5692395931375,4.56870196360602,4.56977702239254,9.24096702183713e-05,0.999840909640681,0.999840909640681,9.24096702183713e-05,0.999840909640681,4.5692395931375,6.909756169997568e-05,Not significant
