gene_id,Gene,chr,start,end,strand
ENSG00000184270.6,H2AC21,chr1,149887468,149887965,-
ENSG00000274997.2,H2AC12,chr6,27147105,27147562,+
ENSG00000146066.4,HIGD2A,chr5,176388731,176389768,+
ENSG00000196866.3,H2AC7,chr6,26198783,26199293,-
ENSG00000160813.9,PPP1R35,chr7,100435260,100436546,-
ENSG00000204822.9,MRPL53,chr2,74471956,74472699,-
ENSG00000288859.2,H2AC19,chr1,149851060,149851652,+
ENSG00000284465.1,TAF11L7,chr5,17585161,17585758,-
ENSG00000136997.22,MYC,chr8,127735433,127742951,+
ENSG00000197061.5,H4C3,chr6,26103932,26104337,+
ENSG00000183598.4,H3C13,chr1,149813224,149813693,-
ENSG00000276903.2,H2AC16,chr6,27865316,27865798,+
ENSG00000204335.5,SP5,chr2,170715286,170718078,+
ENSG00000005448.19,WDR54,chr2,74421476,74425770,+
ENSG00000164645.3,TEX47,chr7,88794105,88795737,-
ENSG00000163795.16,ZNF513,chr2,27377234,27380790,-
ENSG00000233816.4,IFNA13,chr9,21367371,21368057,-
ENSG00000165204.3,OR1K1,chr9,122800122,122801073,+
ENSG00000278677.2,H2AC17,chr6,27892698,27893185,-
ENSG00000277157.2,H4C4,chr6,26188709,26189112,-
ENSG00000197238.5,H4C11,chr6,27824091,27824480,+
ENSG00000215156.6,ENSG00000215156,chr5,34190155,34193653,+
ENSG00000196747.5,H2AC13,chr6,27808172,27808667,+
ENSG00000310604.1,ENSG00000310604,chr2,69829738,69829798,+
ENSG00000184260.6,H2AC20,chr1,149886917,149887411,+
ENSG00000214309.7,MBLAC1,chr7,100126693,100128498,+
ENSG00000283267.3,FAM237B,chr7,90316502,90321304,-
ENSG00000146834.17,MEPCE,chr7,100428321,100435138,+
ENSG00000276966.3,H4C5,chr6,26204609,26205021,+
ENSG00000176125.7,UFSP1,chr7,100888720,100889715,-
ENSG00000185130.7,H2BC13,chr6,27805408,27807936,-
ENSG00000107175.14,CREB3,chr9,35732295,35738887,+
ENSG00000273703.2,H2BC14,chr6,27815021,27815489,+
ENSG00000278588.2,H2BC10,chr6,26272930,26273412,+
ENSG00000187186.17,ENSG00000187186,chr9,34664162,34666122,-
ENSG00000288646.1,ENSG00000288646,chr6,53065601,53065673,+
ENSG00000137133.13,HINT2,chr9,35812959,35815354,-
ENSG00000228083.3,IFNA14,chr9,21239001,21240005,-
ENSG00000196196.3,HRCT1,chr9,35906201,35907136,+
ENSG00000198755.13,RPL10A,chr6,35468365,35470786,+
ENSG00000286095.4,SPEGNB,chr2,219496128,219498287,+
ENSG00000159884.13,CCDC107,chr9,35658276,35661524,+
ENSG00000165202.3,OR1Q1,chr9,122614737,122615682,+
ENSG00000288654.2,ENSG00000288654,chr3,88058138,88059047,-
ENSG00000169230.12,PRELID1,chr5,177303786,177306958,+
ENSG00000196981.5,WDR5B,chr3,122411845,122416464,-
ENSG00000106211.12,HSPB1,chr7,76302665,76305813,+
ENSG00000278705.4,H4C2,chr6,26025801,26027283,-
ENSG00000172586.9,CHCHD1,chr10,73782038,73783652,+
ENSG00000233276.10,GPX1,chr3,49357173,49358605,-
ENSG00000147873.6,IFNA5,chr9,21304325,21305313,-
ENSG00000134248.16,LAMTOR5,chr1,110401248,110407963,-
ENSG00000168906.15,MAT2A,chr2,85539162,85545281,+
ENSG00000137077.11,CCL21,chr9,34709004,34710167,-
ENSG00000277224.3,H2BC7,chr6,26199515,26199988,+
ENSG00000173207.15,CKS1B,chr1,154974640,154979256,+
ENSG00000164405.13,UQCRQ,chr5,132866622,132868847,+
ENSG00000164967.12,RPP25L,chr9,34610485,34612605,-
ENSG00000155876.6,RRAGA,chr9,19049426,19051025,+
ENSG00000213927.4,CCL27,chr9,34661879,34664048,-
ENSG00000128564.10,VGF,chr7,101162508,101167245,-
ENSG00000188396.6,DYNLT4,chr1,44805884,44807417,-
ENSG00000275714.3,H3C1,chr6,26020450,26021487,+
ENSG00000168672.6,LRATD2,chr8,126552438,126558484,-
ENSG00000270170.2,NCBP2AS2,chr3,196942673,196943543,+
ENSG00000184924.8,PTRHD1,chr2,24788910,24793395,-
ENSG00000187080.10,OR2AK2,chr1,247965232,247966386,+
ENSG00000171863.17,RPS7,chr2,3575197,3580952,+
ENSG00000275126.2,H4C13,chr6,27873147,27873534,-
ENSG00000115738.12,ID2,chr2,8678844,8684461,+
ENSG00000187837.5,H1-2,chr6,26054759,26056470,-
ENSG00000186803.3,IFNA10,chr9,21206180,21207143,-
ENSG00000114503.12,NCBP2,chr3,196935401,196942594,-
ENSG00000274641.2,H2BC17,chr6,27893424,27893891,+
ENSG00000167700.11,SLC33A2,chr8,144508262,144511317,+
ENSG00000147955.20,SIGMAR1,chr9,34631715,34637844,-
ENSG00000164032.14,H2AZ1,chr4,99948050,99950540,-
ENSG00000170122.6,FOXD4,chr9,116230,118417,-
ENSG00000106004.6,HOXA5,chr7,27141051,27143719,-
ENSG00000203877.9,RIPPLY2,chr6,83853359,83857515,+
ENSG00000166508.21,MCM7,chr7,100092232,100101940,-
ENSG00000221821.4,PEX39,chr6,42890264,42890821,-
ENSG00000235631.2,RNF148,chr7,122701667,122702922,-
ENSG00000136710.12,VMA22,chr2,130337921,130342699,-
ENSG00000176714.12,CCDC121,chr2,27625534,27629018,-
ENSG00000291315.1,ENSG00000291315,chr3,40312085,40312214,+
ENSG00000183513.11,COA5,chr2,98598241,98608542,-
ENSG00000115486.15,GGCX,chr2,85544719,85561838,-
ENSG00000221869.6,CEBPD,chr8,47735633,47738164,-
ENSG00000181867.3,FTMT,chr5,121851881,121852833,+
ENSG00000213347.13,MXD3,chr5,177301460,177312757,-
ENSG00000169564.7,PCBP1,chr2,70087476,70089203,+
ENSG00000106367.17,AP1S1,chr7,101154351,101161596,+
ENSG00000288699.1,ENSG00000288699,chr9,35065338,35074175,-
ENSG00000162244.14,RPL29,chr3,51993521,51996021,-
ENSG00000204628.14,RACK1,chr5,181235390,181248096,-
ENSG00000135637.17,CCDC142,chr2,74471956,74483408,-
ENSG00000282988.2,ENSG00000282988,chr6,26195594,26199293,-
ENSG00000143947.17,RPS27A,chr2,55229446,55236649,+
ENSG00000184357.5,H1-5,chr6,27866791,27867588,-
ENSG00000214253.11,FIS1,chr7,101239457,101252321,-
ENSG00000117308.17,GALE,chr1,23795598,23800804,-
ENSG00000168913.9,ENHO,chr9,34521042,34523174,-
ENSG00000137098.16,SPAG8,chr9,35808044,35812272,-
ENSG00000106245.13,BUD31,chr7,99408609,99419618,+
ENSG00000170584.14,NUDCD2,chr5,163446525,163460404,-
ENSG00000115875.21,SRSF7,chr2,38743598,38751498,-
ENSG00000168090.12,COPS6,chr7,100088947,100095185,+
ENSG00000237621.4,OR9A1P,chr7,141887147,141888092,+
ENSG00000115211.19,EIF2B4,chr2,27363419,27370466,-
ENSG00000275221.3,H2AC15,chr6,27835507,27838375,-
ENSG00000166997.10,CNPY4,chr7,100119613,100125511,+
ENSG00000176402.6,GJC3,chr7,99923265,99929620,-
ENSG00000284042.1,TAF11L6,chr5,17528668,17529265,+
ENSG00000284283.1,TAF11L4,chr5,17521800,17522397,+
ENSG00000115275.16,MOGS,chr2,74461056,74465415,-
ENSG00000143878.10,RHOB,chr2,20447073,20449440,+
ENSG00000172023.10,REG1B,chr2,79085022,79088019,-
ENSG00000203852.4,H3C15,chr1,149852607,149853125,+
ENSG00000157778.11,PSMG3,chr7,1567331,1571078,-
ENSG00000138085.20,ATRAID,chr2,27212011,27217178,+
ENSG00000276368.2,H2AC14,chr6,27814301,27814777,-
ENSG00000117410.16,ATP6V0B,chr1,43974486,43978299,+
ENSG00000146007.13,ZMAT2,chr5,140698679,140707729,+
ENSG00000179774.9,ATOH7,chr10,68230594,68232113,-
ENSG00000105991.11,HOXA1,chr7,27092992,27096039,-
ENSG00000112306.10,RPS12,chr6,132814541,132825144,+
ENSG00000283988.1,TAF11L9,chr5,17593797,17594394,-
ENSG00000221886.6,FAM200C,chr5,160392276,160400091,-
ENSG00000267368.3,UPK3BL1,chr7,102637023,102642980,-
ENSG00000138073.16,PREB,chr2,27129152,27134689,-
ENSG00000115307.19,AUP1,chr2,74526635,74529966,-
ENSG00000273542.3,H4C12,chr6,27830917,27831560,-
ENSG00000136718.12,IMP4,chr2,130342402,130348550,+
ENSG00000289760.1,ENSG00000289760,chr7,100478098,100478170,-
ENSG00000117407.19,ARTN,chr1,43933271,43937244,+
ENSG00000169976.7,SF3B5,chr6,144094883,144095573,-
ENSG00000196659.10,IFT70B,chr2,177548997,177552796,-
ENSG00000034510.8,TMSB10,chr2,84904922,84906680,+
ENSG00000197451.14,HNRNPAB,chr5,178204478,178216389,+
ENSG00000136271.13,DDX56,chr7,44565415,44575388,-
ENSG00000169241.21,SLC50A1,chr1,155135343,155138857,+
ENSG00000159377.13,PSMB4,chr1,151399555,151401941,+
ENSG00000145632.17,PLK2,chr5,58453090,58460139,-
ENSG00000131188.14,PRR7,chr5,177446444,177456291,+
ENSG00000213439.3,OR5AC1,chr3,98064471,98065396,+
ENSG00000174173.8,TRMT10C,chr3,101561833,101566446,+
ENSG00000180644.10,PRF1,chr10,70596400,70602788,-
ENSG00000169972.15,PUSL1,chr1,1308546,1311679,+
ENSG00000134107.7,BHLHE40,chr3,4978714,4985323,+
ENSG00000106330.14,MOSPD3,chr7,100612101,100616004,+
ENSG00000163464.9,CXCR1,chr2,218162840,218166969,-
ENSG00000147896.4,IFNK,chr9,27524289,27526498,+
ENSG00000242950.7,ERVW-1,chr7,92468379,92477986,-
ENSG00000132773.14,TOE1,chr1,45339937,45345623,+
ENSG00000136918.10,WDR38,chr9,124853265,124859596,+
ENSG00000137135.20,ARHGEF39,chr9,35658873,35675866,-
ENSG00000135175.6,OCM2,chr7,97984686,97991169,-
ENSG00000115325.16,DOK1,chr2,74548874,74557554,+
ENSG00000224051.9,CPTP,chr1,1324755,1328897,+
ENSG00000278889.4,OR2S2,chr9,35957107,35958154,-
ENSG00000178149.19,DALRD3,chr3,49015473,49022293,-
ENSG00000164611.15,PTTG1,chr5,160421800,160428748,+
ENSG00000144021.5,CIAO1,chr2,96266158,96274173,+
ENSG00000107185.12,RGP1,chr9,35748612,35759600,+
ENSG00000185972.7,CCIN,chr9,36165750,36172384,+
ENSG00000147669.13,POLR2K,chr8,100150609,100154005,+
ENSG00000120329.7,SLC25A2,chr5,141302634,141304049,-
ENSG00000113328.23,CCNG1,chr5,163437568,163457635,+
ENSG00000183891.8,TTC32,chr2,19896630,19902282,-
ENSG00000113272.16,THG1L,chr5,157731401,157741449,+
ENSG00000228049.9,POLR2J2,chr7,102665367,102671752,-
ENSG00000226479.4,TMEM185B,chr2,120217478,120223400,-
ENSG00000175793.12,SFN,chr1,26863148,26864456,+
ENSG00000172336.7,POP7,chr7,100695901,100708628,+
ENSG00000154518.12,ATP5MC3,chr2,175172967,175181764,-
ENSG00000115289.16,PCGF1,chr2,74505040,74508361,-
ENSG00000113119.15,TMCO6,chr5,140639395,140647730,+
ENSG00000284308.3,C2orf81,chr2,74414175,74421655,-
ENSG00000165283.18,STOML2,chr9,35099468,35103195,-
ENSG00000011009.14,LYPLA2,chr1,23791109,23795545,+
ENSG00000117399.16,CDC20,chr1,43358906,43363212,+
ENSG00000181904.11,C5orf24,chr5,134845679,134859735,+
ENSG00000175756.16,AURKAIP1,chr1,1373709,1375521,-
ENSG00000172354.12,GNB2,chr7,100673476,100679174,+
ENSG00000134222.18,PSRC1,chr1,109279052,109284107,-
ENSG00000131495.10,NDUFA2,chr5,140638739,140647823,-
ENSG00000188186.12,LAMTOR4,chr7,100148887,100155945,+
ENSG00000273802.4,H2BC8,chr6,26214569,26217252,-
ENSG00000277775.2,H3C7,chr6,26250141,26250635,-
ENSG00000144362.14,PHOSPHO2,chr2,169694434,169704808,+
ENSG00000163840.11,DTX3L,chr3,122564227,122575203,+
ENSG00000168209.8,DDIT4,chr10,72273918,72276039,+
ENSG00000135973.3,GPR45,chr2,105241742,105243467,+
ENSG00000244234.3,GMCL2,chr5,178184504,178187371,-
ENSG00000152518.10,ZFP36L2,chr2,43221824,43226612,-
ENSG00000158604.18,TMED4,chr7,44576391,44582309,-
ENSG00000221838.14,AP4M1,chr7,100100840,100110345,+
ENSG00000070610.16,GBA2,chr9,35734576,35749986,-
ENSG00000127184.15,COX7C,chr5,86617883,86621645,+
ENSG00000116586.14,LAMTOR2,chr1,156053915,156058817,+
ENSG00000188542.11,DUSP28,chr2,240560053,240565256,+
ENSG00000188290.13,HES4,chr1,998961,1000825,-
ENSG00000197956.12,S100A6,chr1,153532725,153536549,-
ENSG00000152795.20,HNRNPDL,chr4,82422564,82430494,-
ENSG00000143543.17,JTB,chr1,153974268,153978011,-
ENSG00000116741.9,RGS2,chr1,192809037,192812283,+
ENSG00000175768.15,TOMM5,chr9,37582645,37592619,-
ENSG00000125611.17,CHCHD5,chr2,112584239,112589275,+
ENSG00000157593.21,SLC35B2,chr6,44253871,44257890,-
ENSG00000198467.18,TPM2,chr9,35681991,35691116,-
ENSG00000165655.18,ZNF503,chr10,75397829,75402399,-
ENSG00000286053.3,ASDURF,chr2,189661384,189666437,+
ENSG00000173334.5,TRIB1,chr8,125430151,125438957,+
ENSG00000164266.12,SPINK1,chr5,147824571,147831679,-
ENSG00000048162.24,NOP16,chr5,176383932,176389007,-
ENSG00000178035.15,IMPDH2,chr3,49024314,49029452,-
ENSG00000068028.20,RASSF1,chr3,50329781,50340980,-
ENSG00000178252.21,WDR6,chr3,49007061,49015953,+
ENSG00000144120.15,TMEM177,chr2,119679136,119690407,+
ENSG00000168582.5,CRYGA,chr2,208160739,208163589,-
ENSG00000114391.16,RPL24,chr3,101677659,101686825,-
ENSG00000284356.1,TAF11L10,chr5,17597231,17597828,-
ENSG00000171314.11,PGAM1,chr10,97426104,97433444,+
ENSG00000115274.16,INO80B,chr2,74455077,74457958,+
ENSG00000163584.20,RPL22L1,chr3,170864874,170870475,-
ENSG00000230301.6,OR5H6,chr3,98263251,98265356,+
ENSG00000176410.8,DNAJC30,chr7,73680917,73683453,-
ENSG00000175879.10,HOXD8,chr2,176129327,176132695,+
ENSG00000106077.21,ABHD11,chr7,73736090,73738864,-
ENSG00000116560.13,SFPQ,chr1,35176377,35193446,-
ENSG00000221829.13,FANCG,chr9,35073792,35082444,-
ENSG00000187678.12,SPRY4,chr5,142310419,142326455,-
ENSG00000106400.14,ZNHIT1,chr7,101218116,101224195,+
ENSG00000075618.20,FSCN1,chr7,5592805,5606656,+
ENSG00000183718.8,TRIM52,chr5,181254076,181262068,-
ENSG00000170144.25,HNRNPA3,chr2,177212586,177226106,+
ENSG00000160050.18,CCDC28B,chr1,32200382,32205453,+
ENSG00000184709.8,LRRC26,chr9,137168757,137170058,-
ENSG00000065518.10,NDUFB4,chr3,120596272,120602507,+
ENSG00000164609.12,SLU7,chr5,160400534,160421711,-
ENSG00000240344.12,PPIL3,chr2,200870906,200889358,-
ENSG00000146618.3,FERD3L,chr7,19144781,19145421,-
ENSG00000168890.16,TMEM150A,chr2,85598546,85603201,-
ENSG00000115282.23,TTC31,chr2,74482616,74496915,+
ENSG00000113583.10,C5orf15,chr5,133955497,133968674,-
ENSG00000289761.1,ENSG00000289761,chr4,41143021,41143099,-
ENSG00000164898.14,FMC1,chr7,139339456,139347031,+
ENSG00000127951.9,FGL2,chr7,77193181,77199884,-
ENSG00000174038.13,SPATA31G1,chr9,35041094,35045986,+
ENSG00000197153.5,H3C12,chr6,27890314,27893106,-
ENSG00000286165.1,ENSG00000286165,chr2,189661518,189667881,+
ENSG00000189266.15,PNRC2,chr1,23956838,23963776,+
ENSG00000181965.6,NEUROG1,chr5,135534281,135535964,-
ENSG00000253251.5,SHLD3,chr5,65624732,65631064,+
ENSG00000163352.6,LENEP,chr1,154993585,154994315,+
ENSG00000164400.7,CSF2,chr5,132073783,132076170,+
ENSG00000180667.11,YOD1,chr1,207043848,207052980,-
ENSG00000164404.10,GDF9,chr5,132861180,132866884,-
ENSG00000147869.6,CER1,chr9,14717326,14722740,-
ENSG00000174748.24,RPL15,chr3,23916590,23924374,+
ENSG00000165282.18,PIGO,chr9,35085491,35096632,-
ENSG00000143977.16,SNRPG,chr2,70281203,70293766,-
ENSG00000167011.10,NAT16,chr7,101170495,101180301,-
ENSG00000188763.5,FZD9,chr7,73433777,73436120,+
ENSG00000006377.11,DLX6,chr7,97005552,97011040,+
ENSG00000284976.2,ENSG00000284976,chr9,137217493,137219361,+
ENSG00000223601.5,EBLN1,chr10,22208474,22218018,-
ENSG00000180228.16,PRKRA,chr2,178431291,178451512,-
ENSG00000178096.11,BOLA1,chr1,149886405,149900798,+
ENSG00000276180.3,H4C9,chr6,27139281,27140640,+
ENSG00000005238.22,ATOSB,chr9,35104111,35116357,-
ENSG00000188379.7,IFNA2,chr9,21384254,21385398,-
ENSG00000284635.2,SCYGR8,chr2,227745893,227746220,+
ENSG00000145040.4,UCN2,chr3,48561717,48563781,-
ENSG00000173349.6,SFT2D3,chr2,127701496,127705242,+
ENSG00000215375.9,MYL5,chr4,673518,682033,+
ENSG00000146006.9,LRRTM2,chr5,138868920,138875383,-
ENSG00000278828.2,H3C10,chr6,27810050,27811300,+
ENSG00000062582.16,MRPS24,chr7,43866555,43869893,-
ENSG00000172215.8,CXCR6,chr3,45940914,45948640,+
ENSG00000114993.18,RTKN,chr2,74424130,74442422,-
ENSG00000119760.18,SUPT7L,chr2,27642567,27663847,-
ENSG00000203667.12,COX20,chr1,244835300,244845480,+
ENSG00000114902.16,SPCS1,chr3,52704954,52711148,+
ENSG00000160691.21,SHC1,chr1,154962283,154974452,-
ENSG00000164296.9,TIGD6,chr5,149992251,150001160,-
ENSG00000115541.13,HSPE1,chr2,197500109,197513408,+
ENSG00000241468.10,ATP5MF,chr7,99448474,99466201,-
ENSG00000106244.15,PDAP1,chr7,99392047,99408831,-
ENSG00000131931.10,THAP1,chr8,42836248,42843364,-
ENSG00000174007.11,CEP19,chr3,196706267,196712603,-
ENSG00000163481.10,RNF25,chr2,218662080,218672009,-
ENSG00000164403.17,SHROOM1,chr5,132821270,132830924,-
ENSG00000145879.12,SPINK7,chr5,148312418,148315924,+
ENSG00000155100.13,OTUD6B,chr8,91070195,91087095,+
ENSG00000013441.19,CLK1,chr2,200853008,200864728,-
ENSG00000176087.18,SLC35A4,chr5,140564439,140569215,+
ENSG00000293600.3,ENSG00000293600,chr5,140564439,140569215,+
ENSG00000179528.17,LBX2,chr2,74497454,74503316,-
ENSG00000168894.12,RNF181,chr2,85595619,85598589,+
ENSG00000228672.4,PROB1,chr5,139390591,139395104,-
ENSG00000157992.14,KRTCAP3,chr2,27442336,27446486,+
ENSG00000119801.16,YPEL5,chr2,30146554,30160538,+
ENSG00000186364.14,NUDT17,chr1,145845602,145848954,+
ENSG00000217236.3,SP9,chr2,174334947,174338707,+
ENSG00000122678.19,POLM,chr7,44070914,44082985,-
ENSG00000289549.1,PPIAL4D,chr1,145241414,145242174,-
ENSG00000180535.6,BHLHA15,chr7,98211431,98215457,+
ENSG00000182180.16,MRPS16,chr10,73248759,73252693,-
ENSG00000156976.19,EIF4A2,chr3,186783204,186789901,+
ENSG00000035141.12,FAM136A,chr2,70295974,70302086,-
ENSG00000086061.18,DNAJA1,chr9,33025202,33041858,+
ENSG00000274049.4,INO80B-WBP1,chr2,74455087,74460884,+
ENSG00000187961.17,KLHL17,chr1,960554,965721,+
ENSG00000205442.13,IZUMO3,chr9,24542951,24545946,-
ENSG00000173250.3,GPR151,chr5,146513143,146516190,-
ENSG00000106006.7,HOXA6,chr7,27144102,27150603,-
ENSG00000122406.16,RPL5,chr1,92831989,92841924,+
ENSG00000113525.12,IL5,chr5,132541443,132556838,-
ENSG00000074582.17,BCS1L,chr2,218658763,218668759,+
ENSG00000006625.20,GGCT,chr7,30496615,30504866,-
ENSG00000119335.20,SET,chr9,128683423,128696400,+
ENSG00000213563.8,C8orf82,chr8,144525732,144529132,-
ENSG00000137078.12,SIT1,chr9,35649287,35650970,-
ENSG00000203811.2,H3C14,chr1,149840686,149841208,-
ENSG00000197982.15,C1orf122,chr1,37806978,37809886,+
ENSG00000205808.7,PLPP6,chr9,4662293,4665258,+
ENSG00000187791.14,SPATA31F3,chr9,34889061,34895797,-
ENSG00000286143.1,ENSG00000286143,chr2,219491866,219498244,+
ENSG00000144136.13,SLC20A1,chr2,112645852,112664727,+
ENSG00000137094.17,DNAJB5,chr9,34989640,34999403,+
ENSG00000115128.9,SF3B6,chr2,24066653,24076476,-
ENSG00000082153.20,BZW1,chr2,200810593,200827921,+
ENSG00000106268.18,NUDT1,chr7,2242202,2251824,+
ENSG00000186150.5,UBL4B,chr1,110112442,110113947,+
ENSG00000186367.7,MINAR2,chr5,129748093,129766732,+
ENSG00000160917.17,CPSF4,chr7,99438907,99458910,+
ENSG00000127993.17,RBM48,chr7,92528769,92540481,+
ENSG00000147883.14,CDKN2B,chr9,22002899,22009325,-
ENSG00000106384.14,MOGAT3,chr7,101195006,101201088,-
ENSG00000157259.9,GATAD1,chr7,92447447,92460075,+
ENSG00000184434.10,LRRC19,chr9,26993135,27005709,-
ENSG00000232113.3,TEX50,chr1,173635337,173637130,+
ENSG00000120235.5,IFNA6,chr9,21350252,21350956,-
ENSG00000135617.6,PRADC1,chr2,73228007,73233262,-
ENSG00000143942.7,CHAC2,chr2,53767790,53776958,+
ENSG00000146826.19,TRAPPC14,chr7,100154419,100158737,-
ENSG00000198715.15,GLMP,chr1,156290087,156295699,-
ENSG00000137185.15,ZSCAN9,chr6,28224885,28233487,+
ENSG00000142864.17,SERBP1,chr1,67406388,67430418,-
ENSG00000198522.16,GPN1,chr2,27628246,27652152,+
ENSG00000116096.9,SPR,chr2,72887373,72892158,+
ENSG00000004799.10,PDK4,chr7,95583496,95597638,-
ENSG00000107018.8,RLN1,chr9,5334929,5339876,-
ENSG00000053372.7,MRTO4,chr1,19251554,19260128,+
ENSG00000165644.13,COMTD1,chr10,75230308,75236088,-
ENSG00000143971.11,ETAA1,chr2,67397314,67412120,+
ENSG00000158552.15,ZFAND2B,chr2,219195236,219209651,+
ENSG00000169894.20,MUC3A,chr7,100949413,100968348,+
ENSG00000077454.19,LRCH4,chr7,100574010,100586236,-
ENSG00000189043.12,COXFA4,chr7,10931117,10940531,-
ENSG00000156928.7,MALSU1,chr7,23298738,23311729,+
ENSG00000114491.16,UMPS,chr3,124730432,124749384,+
ENSG00000285645.1,ENSG00000285645,chr9,35812959,35828732,-
ENSG00000239779.9,WBP1,chr2,74458262,74461077,+
ENSG00000163170.14,BOLA3,chr2,74133332,74147977,-
ENSG00000186889.12,TMEM17,chr2,62500217,62511894,-
ENSG00000125629.18,INSIG2,chr2,118088136,118112313,+
ENSG00000165280.20,VCP,chr9,35053927,35072725,-
ENSG00000179674.4,ARL14,chr3,160677159,160678448,+
ENSG00000229894.5,GK3,chr4,165277806,165279704,-
ENSG00000204930.10,FAM221B,chr9,35816390,35828747,-
ENSG00000143314.14,MRPL24,chr1,156737291,156741590,-
ENSG00000155366.19,RHOC,chr1,112699764,112707897,-
ENSG00000284981.3,UPK3BL2,chr7,102537918,102543759,-
ENSG00000115758.16,ODC1,chr2,10435416,10450116,-
ENSG00000115317.15,HTRA2,chr2,74529273,74533966,+
ENSG00000203724.13,C1orf53,chr1,197902448,197907492,+
ENSG00000197938.6,OR5H2,chr3,98282504,98284070,+
ENSG00000087087.22,SRRT,chr7,100875064,100888664,+
ENSG00000198830.15,HMGN2,chr1,26471494,26487537,+
ENSG00000107984.11,DKK1,chr10,52314273,52318042,+
ENSG00000121716.22,PILRB,chr7,100351626,100367831,+
ENSG00000278637.3,H4C1,chr6,26021648,26022847,+
ENSG00000176022.7,B3GALT6,chr1,1232236,1235041,+
ENSG00000136694.9,IL36A,chr2,113005458,113008044,+
ENSG00000260097.3,SPDYE6,chr7,102345745,102356444,-
ENSG00000169252.6,ADRB2,chr5,148826610,148828623,+
ENSG00000126524.14,SBDS,chr7,66987678,66995693,-
ENSG00000138379.6,MSTN,chr2,190055699,190062740,-
ENSG00000205307.13,SAP25,chr7,100572227,100573916,-
ENSG00000175309.18,PHYKPL,chr5,178207126,178233208,-
ENSG00000186130.7,ZBTB6,chr9,122908052,122913333,-
ENSG00000168564.8,CDKN2AIP,chr4,183444627,183452995,+
ENSG00000214558.5,ZC3H11C,chr6,65301475,65306574,+
ENSG00000138382.17,METTL5,chr2,169810080,169824931,-
ENSG00000189280.5,GJB5,chr1,34755012,34758512,+
ENSG00000156006.7,NAT2,chr8,18391246,18401220,+
ENSG00000078487.20,ZCWPW1,chr7,100400825,100428992,-
ENSG00000293562.1,ENSG00000293562,chr1,174022121,174022298,-
ENSG00000163521.18,GLB1L,chr2,219236597,219245478,-
ENSG00000268799.4,H3Y2,chr5,17490966,17492076,-
ENSG00000168131.4,OR2B2,chr6,27911184,27912396,-
ENSG00000177733.8,HNRNPA0,chr5,137745650,137754363,-
ENSG00000163882.12,POLR2H,chr3,184360855,184368596,+
ENSG00000197591.3,OR11L1,chr1,247840927,247841896,-
ENSG00000275713.3,H2BC9,chr6,26251613,26252075,+
ENSG00000117601.17,SERPINC1,chr1,173903413,173917543,-
ENSG00000172209.8,GPR22,chr7,107470017,107478011,+
ENSG00000155438.14,NIFK,chr2,121724714,121737120,-
ENSG00000146676.10,PURB,chr7,44876298,44885530,-
ENSG00000130305.19,NSUN5,chr7,73302515,73308867,-
ENSG00000115234.13,SNX17,chr2,27370495,27377535,+
ENSG00000138030.16,KHK,chr2,27086722,27100777,+
ENSG00000115523.19,GNLY,chr2,85685174,85698854,+
ENSG00000121966.8,CXCR4,chr2,136114348,136119177,-
ENSG00000171133.4,OR2K2,chr9,111327228,111330224,-
ENSG00000168887.13,C2orf68,chr2,85605253,85612066,-
ENSG00000198925.14,ATG9A,chr2,219219379,219230383,-
ENSG00000136942.17,RPL35,chr9,124857872,124862017,-
ENSG00000205186.4,FABP9,chr8,81458252,81461579,-
ENSG00000113083.17,LOX,chr5,122063150,122078634,-
ENSG00000096746.20,HNRNPH3,chr10,68331173,68344002,+
ENSG00000284820.1,ENSG00000284820,chr2,219209771,219222738,-
ENSG00000163793.14,DNAJC5G,chr2,27275429,27281499,+
ENSG00000164647.11,STEAP1,chr7,90154179,90164829,+
ENSG00000143570.21,SLC39A1,chr1,153959098,153968667,-
ENSG00000163516.16,ANKZF1,chr2,219229768,219236679,+
ENSG00000128694.14,OSGEPL1,chr2,189746414,189763230,-
ENSG00000163155.12,LYSMD1,chr1,151159747,151165948,-
ENSG00000143222.14,UFC1,chr1,161152775,161159368,+
ENSG00000113108.22,APBB3,chr5,140558267,140564781,-
ENSG00000109475.20,RPL34,chr4,108620507,108632886,+
ENSG00000130222.13,GADD45G,chr9,89604938,89609775,+
ENSG00000106031.9,HOXA13,chr7,27193502,27200091,-
ENSG00000136819.17,C9orf78,chr9,129827193,129835863,-
ENSG00000163608.17,RMP64,chr3,113001459,113019861,-
ENSG00000142686.9,C1orf216,chr1,35713874,35718894,-
ENSG00000170458.17,CD14,chr5,140630401,140633711,-
ENSG00000115657.16,ABCB6,chr2,219209764,219219012,-
ENSG00000197579.10,TOPORS,chr9,32540543,32552611,-
ENSG00000113013.18,HSPA9,chr5,138553755,138575675,-
ENSG00000163041.15,H3-3A,chr1,226061570,226073207,+
ENSG00000171865.12,RNASEH1,chr2,3541429,3558371,-
ENSG00000174255.8,ZNF80,chr3,114234630,114237578,-
ENSG00000120438.14,TCP1,chr6,159778497,159789707,-
ENSG00000214706.14,IFRD2,chr3,50286002,50292918,-
ENSG00000203760.11,CENPW,chr6,126340087,126349768,+
ENSG00000188846.15,RPL14,chr3,40457291,40468587,+
ENSG00000242485.8,MRPL20,chr1,1401906,1407306,-
ENSG00000114395.13,CYB561D2,chr3,50350833,50358460,+
ENSG00000243056.3,EIF4EBP3,chr5,140547615,140551708,+
ENSG00000143994.16,ABHD1,chr2,27123788,27130812,+
ENSG00000135624.19,CCT7,chr2,73233419,73253282,+
ENSG00000135587.11,SMPD2,chr6,109440677,109446515,+
ENSG00000142676.16,RPL11,chr1,23691684,23698426,+
ENSG00000137100.18,DCTN3,chr9,34613544,34620529,-
ENSG00000196683.13,TOMM7,chr7,22812627,22822891,-
ENSG00000106333.15,PCOLCE,chr7,100602320,100608175,+
ENSG00000126088.16,UROD,chr1,45010949,45015577,+
ENSG00000137040.11,RANBP6,chr9,6011024,6015639,-
ENSG00000197093.13,GAL3ST4,chr7,100159243,100168953,-
ENSG00000130429.18,ARPC1B,chr7,99374225,99398124,+
ENSG00000072571.22,HMMR,chr5,163460202,163491945,+
ENSG00000012171.22,SEMA3B,chr3,50267506,50277573,+
ENSG00000164615.8,CAMLG,chr5,134737607,134752705,+
ENSG00000153234.18,NR4A2,chr2,156324431,156342348,-
ENSG00000196407.12,THEM5,chr1,151847100,151853712,-
ENSG00000142871.20,CCN1,chr1,85580115,85584589,+
ENSG00000115204.17,MPV17,chr2,27309485,27325680,-
ENSG00000152133.19,GPATCH11,chr2,37084417,37099301,+
ENSG00000164587.15,RPS14,chr5,150429755,150449952,-
ENSG00000115844.12,DLX2,chr2,172099437,172102909,-
ENSG00000168263.9,KCNV2,chr9,2717509,2730037,+
ENSG00000087085.18,ACHE,chr7,100889992,100897022,-
ENSG00000158428.7,CATIP,chr2,218356837,218369962,+
ENSG00000289690.1,ENSG00000289690,chr7,100397576,100434107,+
ENSG00000120129.8,DUSP1,chr5,172766991,172771198,-
ENSG00000170777.11,TPD52L3,chr9,6328374,6331891,+
ENSG00000151093.10,OXSM,chr3,25782916,25797141,+
ENSG00000119777.22,TMEM214,chr2,27032909,27041697,+
ENSG00000137955.18,RABGGTB,chr1,75786170,75795337,+
ENSG00000155115.9,GTF3C6,chr6,110958476,110968586,+
ENSG00000119185.15,ITGB1BP1,chr2,9402706,9423891,-
ENSG00000137070.21,IL11RA,chr9,34651581,34661902,+
ENSG00000071082.13,RPL31,chr2,100997745,101024037,+
ENSG00000178057.17,NDUFAF3,chr3,49020458,49027593,+
ENSG00000223658.8,C1GALT1C1L,chr2,43675150,43676429,-
ENSG00000197409.9,H3C4,chr6,26195163,26197286,-
ENSG00000164284.17,GRPEL2,chr5,149344994,149356029,+
ENSG00000112029.11,FBXO5,chr6,152970518,152983599,-
ENSG00000134072.13,CAMK1,chr3,9757340,9770606,-
ENSG00000121807.8,CCR2,chr3,46353863,46360940,+
ENSG00000214022.14,REPIN1,chr7,150368066,150374045,+
ENSG00000196787.5,H2AC11,chr6,27133042,27135292,+
ENSG00000160993.6,ALKBH4,chr7,102456220,102464899,-
ENSG00000163463.15,KRTCAP2,chr1,155169181,155173475,-
ENSG00000107262.27,BAG1,chr9,33247819,33264720,-
ENSG00000177721.5,ANXA2R,chr5,43039232,43043170,-
ENSG00000112855.19,HARS2,chr5,140691421,140699315,+
ENSG00000197948.13,FCHSD1,chr5,141639295,141651430,-
ENSG00000178896.11,EXOSC4,chr8,144078559,144081408,+
ENSG00000138381.11,ASNSD1,chr2,189661384,189671381,+
ENSG00000255833.3,TIFAB,chr5,135444225,135452388,-
ENSG00000163467.14,TSACC,chr1,156337313,156347019,+
ENSG00000169228.16,RAB24,chr5,177301197,177303766,-
ENSG00000144579.11,CTDSP1,chr2,218397135,218405942,+
ENSG00000148444.18,COMMD3,chr10,22315979,22320430,+
ENSG00000293137.4,MSL3B,chr2,233864662,233868413,-
ENSG00000145782.15,ATG12,chr5,115828181,115842534,-
ENSG00000081692.15,JMJD4,chr1,227730411,227735413,-
ENSG00000164972.15,SPMIP6,chr9,34379018,34397828,-
ENSG00000174721.11,FGFBP3,chr10,91906495,91909506,-
ENSG00000142669.17,SH3BGRL3,chr1,26279127,26281522,+
ENSG00000168283.16,BMI1,chr10,22321057,22331685,+
ENSG00000203737.5,GPR52,chr1,174447963,174449545,+
ENSG00000175130.9,MARCKSL1,chr1,32333563,32336241,-
ENSG00000163918.14,RFC4,chr3,186789865,186807058,-
ENSG00000144045.16,DQX1,chr2,74518130,74526396,-
ENSG00000126062.6,TMEM115,chr3,50352819,50359566,-
ENSG00000106290.18,TAF6,chr7,100106875,100127187,-
ENSG00000188010.18,MORN2,chr2,38875968,38882709,+
ENSG00000145741.18,BTF3,chr5,73498407,73507479,+
ENSG00000271824.2,SMIM32,chr5,136191467,136193162,-
ENSG00000016864.21,GLT8D1,chr3,52691526,52706368,-
ENSG00000214842.7,RAD51AP2,chr2,17510158,17518440,-
ENSG00000177494.8,ZBED2,chr3,111592899,111595394,-
ENSG00000161016.20,RPL8,chr8,144789764,144793502,-
ENSG00000213523.14,SRA1,chr5,140536449,140557920,-
ENSG00000157017.18,GHRL,chr3,10285665,10292959,-
ENSG00000112996.13,MRPS30,chr5,44808940,44820428,+
ENSG00000136834.3,OR1J1,chr9,122476957,122477926,-
ENSG00000169605.8,GKN1,chr2,68974572,68980980,+
ENSG00000165678.24,GHITM,chr10,84139481,84154841,+
ENSG00000090621.17,PABPC4,chr1,39560708,39576900,-
ENSG00000109534.19,GAR1,chr4,109815475,109827320,+
ENSG00000146830.13,GIGYF1,chr7,100679504,100694481,-
ENSG00000117650.15,NEK2,chr1,211658250,211675663,-
ENSG00000168264.14,IRF2BP2,chr1,234602294,234610189,-
ENSG00000144567.13,RETREG2,chr2,219176224,219185917,+
ENSG00000188050.3,RNF133,chr7,122697734,122699117,-
ENSG00000169490.19,TM2D2,chr8,38988807,38996824,-
ENSG00000132313.16,MRPL35,chr2,86199354,86222540,+
ENSG00000104738.21,MCM4,chr8,47960184,47979181,+
ENSG00000115661.16,STK16,chr2,219245211,219250339,+
ENSG00000182899.19,RPL35A,chr3,197949956,197956610,+
ENSG00000132467.4,UTP3,chr4,70688531,70690551,+
ENSG00000235118.10,FAM237A,chr2,206642416,206649365,+
ENSG00000128581.18,IFT22,chr7,101310913,101321831,-
ENSG00000170476.17,MZB1,chr5,139387466,139390081,-
ENSG00000115216.16,NRBP1,chr2,27427789,27442260,+
ENSG00000026025.18,VIM,chr10,17228240,17237595,+
ENSG00000163794.6,UCN,chr2,27307399,27308445,-
ENSG00000243147.10,MRPL33,chr2,27771682,27781484,+
ENSG00000145386.13,CCNA2,chr4,121815709,121823936,-
ENSG00000105996.8,HOXA2,chr7,27099977,27102686,-
ENSG00000164631.20,ZNF12,chr7,6688432,6706979,-
ENSG00000127054.24,INTS11,chr1,1311584,1324688,-
ENSG00000272573.8,MUSTN1,chr3,52833112,52835222,-
ENSG00000136247.17,ZDHHC4,chr7,6577404,6589374,+
ENSG00000160401.16,CFAP157,chr9,127706978,127716002,+
ENSG00000163428.6,LRRC58,chr3,120324508,120349412,-
ENSG00000282872.2,C1orf232,chr1,26164100,26168963,-
ENSG00000158435.10,CNOT11,chr2,101252805,101270316,+
ENSG00000203730.3,TEDDM1,chr1,182398116,182400667,-
ENSG00000137054.18,POLR1E,chr9,37481694,37503701,+
ENSG00000240045.3,STRIT1,chr3,155287621,155294017,-
ENSG00000146250.9,PRSS35,chr6,83512477,83525704,+
ENSG00000205413.9,SAMD9,chr7,93099512,93118042,-
ENSG00000143933.22,CALM2,chr2,47160083,47176921,-
ENSG00000128524.6,ATP6V1F,chr7,128862815,128865849,+
ENSG00000105849.8,POLR1F,chr7,19695394,19709066,-
ENSG00000285437.4,POLR2J3,chr7,102552327,102572620,-
ENSG00000143742.16,SRP9,chr1,225777698,225790670,+
ENSG00000134186.14,PRPF38B,chr1,108692291,108702928,+
ENSG00000173678.15,SPDYE2B,chr7,102650318,102662625,+
ENSG00000144231.13,POLR2D,chr2,127843552,127858163,-
ENSG00000155368.20,DBI,chr2,119366871,119372560,+
ENSG00000213625.10,LEPROT,chr1,65420546,65436051,+
ENSG00000160862.15,AZGP1,chr7,99966719,99976074,-
ENSG00000146063.22,TRIM41,chr5,181222498,181235808,+
ENSG00000182154.9,MRPL41,chr9,137550423,137552555,+
ENSG00000159214.15,CCDC24,chr1,43991351,43996529,+
ENSG00000014641.23,MDH1,chr2,63588556,63607273,+
ENSG00000188295.16,ZNF669,chr1,247098034,247104386,-
ENSG00000225828.2,FAM229A,chr1,32361269,32364278,-
ENSG00000213281.7,NRAS,chr1,114704467,114716775,-
ENSG00000171169.10,NAIF1,chr9,128061232,128068206,-
ENSG00000122565.21,CBX3,chr7,26200567,26213607,+
ENSG00000124688.16,MAD2L1BP,chr6,43629493,43640960,+
ENSG00000115241.13,PPM1G,chr2,27381193,27409674,-
ENSG00000084090.16,STARD7,chr2,96184858,96208854,-
ENSG00000066322.17,ELOVL1,chr1,43363140,43368075,-
ENSG00000090104.14,RGS1,chr1,192575762,192580037,+
ENSG00000288825.1,H2AC18,chr1,149842217,149842750,-
ENSG00000078668.16,VDAC3,chr8,42391623,42407493,+
ENSG00000137193.16,PIM1,chr6,37170151,37175428,+
ENSG00000258728.2,ENSG00000258728,chr9,34646630,34661886,+
ENSG00000181817.8,LSM10,chr1,36388813,36397945,-
ENSG00000178363.5,CALML3,chr10,5524960,5526771,+
ENSG00000164056.13,SPRY1,chr4,123396753,123407429,+
ENSG00000146083.15,RNF44,chr5,176526699,176543514,-
ENSG00000164104.14,HMGB2,chr4,173331375,173335152,-
ENSG00000205208.7,C4orf46,chr4,158666674,158672255,-
ENSG00000293584.1,ENSG00000293584,chr2,111121152,111123765,+
ENSG00000239474.9,KLHL41,chr2,169509683,169526262,+
ENSG00000135185.14,TMEM243,chr7,87191687,87220597,-
ENSG00000013392.10,RWDD2A,chr6,83193336,83198950,+
ENSG00000124593.16,ENSG00000124593,chr6,41780348,41790141,+
ENSG00000184840.14,TMED9,chr5,177592173,177597242,+
ENSG00000169245.7,CXCL10,chr4,76021117,76023518,-
ENSG00000184378.5,ACTRT3,chr3,169765609,169769851,-
ENSG00000162607.15,USP1,chr1,62436040,62454457,+
ENSG00000171855.7,IFNB1,chr9,21077103,21077942,-
ENSG00000127920.7,GNG11,chr7,93921442,93928610,+
ENSG00000113739.12,STC2,chr5,173314707,173328447,-
ENSG00000180245.7,RRH,chr4,109827971,109849123,+
ENSG00000179862.7,CITED4,chr1,40861053,40862363,-
ENSG00000179010.18,MRFAP1,chr4,6640090,6642731,+
ENSG00000135900.6,MRPL44,chr2,223957385,223969078,+
ENSG00000119013.12,NDUFB3,chr2,201071432,201085757,+
ENSG00000186105.8,LRRC70,chr5,62578818,62581446,+
ENSG00000008282.12,SYPL1,chr7,106086671,106112618,-
ENSG00000115446.14,UNC50,chr2,98608173,98618604,+
ENSG00000221909.5,FAM200A,chr7,99546203,99559392,-
ENSG00000182004.15,SNRPE,chr1,203861495,203871152,+
ENSG00000145908.15,ZNF300,chr5,150893803,150904987,-
ENSG00000164932.15,CTHRC1,chr8,103371496,103383815,+
ENSG00000171497.7,PPID,chr4,158708160,158723418,-
ENSG00000164399.5,IL3,chr5,132060654,132063204,+
ENSG00000115008.8,IL1A,chr2,112773915,112784500,-
ENSG00000163660.14,CCNL1,chr3,157145519,157160771,-
ENSG00000005075.18,POLR2J,chr7,102473109,102478936,-
ENSG00000168288.15,MMADHC,chr2,149564525,149587812,-
ENSG00000120709.13,FAM53C,chr5,138331934,138349729,+
ENSG00000006128.14,TAC1,chr7,97731906,97740472,+
ENSG00000185055.13,EFCAB10,chr7,105565108,105600875,-
ENSG00000158050.8,DUSP2,chr2,96143165,96145447,-
ENSG00000090432.9,MUL1,chr1,20495721,20508163,-
ENSG00000132432.16,SEC61G,chr7,54752135,54759974,-
ENSG00000171307.21,ZDHHC16,chr10,97446140,97457934,+
ENSG00000279111.2,OR10X1,chr1,158578918,158579899,-
ENSG00000218739.12,CEBPZOS,chr2,37191472,37216555,+
ENSG00000157911.13,PEX10,chr1,2403783,2413797,-
ENSG00000231192.3,OR5H1,chr3,98130720,98138548,+
ENSG00000241563.5,CORT,chr1,10450009,10452083,+
ENSG00000162971.13,TYW5,chr2,199928912,199955818,-
ENSG00000234545.10,FAM133B,chr7,92560653,92590417,-
ENSG00000058729.13,RIOK2,chr5,97160866,97183297,-
ENSG00000129071.12,MBD4,chr3,129430281,129440543,-
ENSG00000113141.20,IK,chr5,140647057,140662480,+
ENSG00000204859.15,ZBTB48,chr1,6579993,6589290,+
ENSG00000113196.5,HAND1,chr5,154472102,154478356,-
ENSG00000112667.15,DNPH1,chr6,43225628,43229490,-
ENSG00000213221.7,DNLZ,chr9,136359479,136363773,-
ENSG00000144580.17,CNOT9,chr2,218568574,218597080,+
ENSG00000085514.17,PILRA,chr7,100367529,100400098,+
ENSG00000184845.6,DRD1,chr5,175440026,175444794,-
ENSG00000235387.7,SPAAR,chr9,35909487,35937153,+
ENSG00000145780.10,FEM1C,chr5,115520586,115544857,-
ENSG00000181163.16,NPM1,chr5,171387085,171411952,+
ENSG00000143320.11,CRABP2,chr1,156699591,156708094,-
ENSG00000106336.15,FBXO24,chr7,100583981,100601117,+
ENSG00000105968.21,H2AZ2,chr7,44826790,44848146,-
ENSG00000144827.11,ABHD10,chr3,111978971,111993368,+
ENSG00000169871.15,TRIM56,chr7,101085233,101097967,+
ENSG00000187189.11,TSPYL4,chr6,116249963,116254075,-
ENSG00000288677.2,HRURF,chr8,22130457,22131010,-
ENSG00000106628.15,POLD2,chr7,44114630,44124407,-
ENSG00000213901.13,SLC23A3,chr2,219161464,219170095,-
ENSG00000186118.10,TEX38,chr1,46668854,46673595,+
ENSG00000144031.14,ANKRD53,chr2,70978379,70985967,+
ENSG00000148215.4,OR5C1,chr9,122788932,122789895,+
ENSG00000143390.20,RFX5,chr1,151340639,151347339,-
ENSG00000162396.8,PARS2,chr1,54756590,54764549,-
ENSG00000114315.6,HES1,chr3,194136138,194138732,+
ENSG00000132855.7,ANGPTL3,chr1,62597463,62607699,+
ENSG00000105854.15,PON2,chr7,95403732,95435393,-
ENSG00000144354.17,CDCA7,chr2,173354817,173368997,+
ENSG00000113140.13,SPARC,chr5,151661095,151687352,-
ENSG00000178732.6,GP5,chr3,194394820,194399266,-
ENSG00000146731.13,CCT6A,chr7,56051684,56063992,+
ENSG00000113811.13,SELENOK,chr3,53883495,53891885,-
ENSG00000164105.6,SAP30,chr4,173369968,173380480,+
ENSG00000185278.18,ZBTB37,chr1,173868081,173903547,+
ENSG00000185129.8,PURA,chr5,140107776,140125619,+
ENSG00000164088.20,PPM1M,chr3,52245740,52250616,+
ENSG00000198642.9,KLHL9,chr9,21320023,21335404,-
ENSG00000122566.25,HNRNPA2B1,chr7,26169260,26201529,-
ENSG00000215187.14,CIMIP2B,chr9,35561830,35563914,-
ENSG00000124614.19,RPS10,chr6,34417446,34426237,-
ENSG00000213930.14,GALT,chr9,34637366,34651754,+
ENSG00000196772.5,OR14A16,chr1,247814659,247824119,-
ENSG00000150628.8,SPATA4,chr4,176184498,176195585,-
ENSG00000253457.6,SMIM18,chr8,30638558,30647260,+
ENSG00000086065.16,CHMP5,chr9,33264016,33282071,+
ENSG00000184307.19,ZDHHC23,chr3,113947705,113965401,+
ENSG00000143578.18,CREB3L4,chr1,153963718,153974366,+
ENSG00000177606.9,JUN,chr1,58776844,58784048,-
ENSG00000106591.6,MRPL32,chr7,42932345,42948958,+
ENSG00000132436.15,FIGNL1,chr7,50439721,50450406,-
ENSG00000052723.14,SIKE1,chr1,114769478,114780706,-
ENSG00000204923.6,FBXO48,chr2,68459421,68467317,-
ENSG00000137414.9,FAM8A1,chr6,17600275,17611719,+
ENSG00000178988.13,MRFAP1L1,chr4,6702280,6709923,-
ENSG00000168936.14,TMEM129,chr4,1715950,1721367,-
ENSG00000106682.17,EIF4H,chr7,74174126,74197122,+
ENSG00000196968.12,POFUT4,chr10,73772270,73780251,+
ENSG00000271810.5,ENSG00000271810,chr1,112702613,112711433,-
ENSG00000132768.16,DPH2,chr1,43969974,43973373,+
ENSG00000115946.10,PNO1,chr2,68157827,68176239,+
ENSG00000178821.15,TMEM52,chr1,1917588,1919329,-
ENSG00000118655.10,DCLRE1B,chr1,113904402,113914140,+
ENSG00000277556.1,OR13C5,chr9,104598456,104599413,-
ENSG00000163060.10,TEKT4,chr2,94871380,94876832,+
ENSG00000161036.15,LRWD1,chr7,102464923,102476237,+
ENSG00000164896.23,FASTK,chr7,151076584,151080881,-
ENSG00000146054.20,TRIM7,chr5,181193923,181205309,-
ENSG00000123989.17,CHPF,chr2,219538948,219543818,-
ENSG00000143621.19,ILF2,chr1,153661745,153671028,-
ENSG00000171720.12,HDAC3,chr5,141620765,141637304,-
ENSG00000198517.12,MAFK,chr7,1530686,1543049,+
ENSG00000164051.16,CCDC51,chr3,48432163,48440456,-
ENSG00000107159.16,CA9,chr9,35673897,35681159,+
ENSG00000072135.15,PTPN18,chr2,130356025,130375409,+
ENSG00000038274.20,MAT2B,chr5,163503108,163519588,+
ENSG00000189292.19,ALKAL2,chr2,278285,289623,-
ENSG00000198075.12,SULT1C4,chr2,108377910,108388990,+
ENSG00000145912.12,NHP2,chr5,178139871,178153968,-
ENSG00000075142.16,SRI,chr7,88201116,88226997,-
ENSG00000120160.11,EQTN,chr9,27284653,27297150,-
ENSG00000187713.7,TMEM203,chr9,137204081,137205648,-
ENSG00000188984.13,AADACL3,chr1,12716108,12728760,+
ENSG00000138080.16,EMILIN1,chr2,27078043,27086408,+
ENSG00000169908.14,TM4SF1,chr3,149369021,149377729,-
ENSG00000164221.15,CCDC112,chr5,115267187,115296756,-
ENSG00000122687.21,MRM2,chr7,2234194,2242229,-
ENSG00000120738.9,EGR1,chr5,138465189,138471204,+
ENSG00000165312.7,OTUD1,chr10,23439074,23442377,+
ENSG00000150753.14,CCT5,chr5,10249928,10266389,+
ENSG00000074935.16,TUBE1,chr6,112070659,112087569,-
ENSG00000136541.17,ERMN,chr2,157318613,157327719,-
ENSG00000187514.19,PTMA,chr2,231706894,231713552,+
ENSG00000169258.9,GPRIN1,chr5,176595801,176610177,-
ENSG00000079150.20,FKBP7,chr2,178463663,178478604,-
ENSG00000163607.20,GTPBP8,chr3,112990908,113015877,+
ENSG00000106624.13,AEBP1,chr7,44104285,44114565,+
ENSG00000135632.14,SMYD5,chr2,73214221,73227229,+
ENSG00000119048.11,UBE2B,chr5,134371173,134394447,+
ENSG00000148229.15,POLE3,chr9,113407231,113410723,-
ENSG00000145592.16,RPL37,chr5,40822127,40835336,-
ENSG00000152778.10,IFIT5,chr10,89414567,89421605,+
ENSG00000160957.17,RECQL4,chr8,144511283,144517890,-
ENSG00000111875.10,ASF1A,chr6,118894019,118909264,+
ENSG00000166507.21,NDST2,chr10,73801739,73811963,-
ENSG00000137124.10,ALDH1B1,chr9,38392622,38398661,+
ENSG00000155755.21,TMEM237,chr2,201620183,201643570,-
ENSG00000176731.14,RBIS,chr8,85213640,85220793,-
ENSG00000172073.5,SPMIP9,chr2,88524618,88529591,+
ENSG00000243477.8,NAA80,chr3,50296401,50299437,-
ENSG00000118246.16,FASTKD2,chr2,206765356,206796189,+
ENSG00000135316.21,SYNCRIP,chr6,85607389,85644063,-
ENSG00000120727.15,PAIP2,chr5,139341586,139369733,+
ENSG00000163682.19,RPL9,chr4,39450678,39472424,-
ENSG00000183155.7,RABIF,chr1,202876228,202889227,-
ENSG00000104722.15,NEFM,chr8,24913757,24919098,+
ENSG00000143384.15,MCL1,chr1,150560894,150579738,-
ENSG00000115649.18,CNPPD1,chr2,219170703,219182664,-
ENSG00000164011.20,ZNF691,chr1,42846572,42854023,+
ENSG00000185798.10,WDR53,chr3,196552216,196569263,-
ENSG00000131584.21,ACAP3,chr1,1292375,1309609,-
ENSG00000115484.17,CCT4,chr2,61867337,61888696,-
ENSG00000105954.2,NPVF,chr7,25224569,25228486,-
ENSG00000136807.15,CDK9,chr9,127785251,127792871,+
ENSG00000132300.21,PTCD3,chr2,86106222,86142157,+
ENSG00000164978.21,NUDT2,chr9,34329495,34343713,+
ENSG00000179632.13,MAF1,chr8,144103111,144107618,+
ENSG00000124380.13,SNRNP27,chr2,69893943,69907658,+
ENSG00000167113.13,COQ4,chr9,128322482,128334073,+
ENSG00000071994.12,PDCD2,chr6,170572300,170584692,-
ENSG00000122644.15,ARL4A,chr7,12686601,12692543,+
ENSG00000145777.15,TSLP,chr5,111070061,111078026,+
ENSG00000266265.4,KLF14,chr7,130730696,130734207,-
ENSG00000065371.19,ROPN1,chr3,123968520,123992178,-
ENSG00000164294.16,GPX8,chr5,55160000,55167299,+
ENSG00000067334.15,DNTTIP2,chr1,93866283,93879918,-
ENSG00000233136.3,USP17L11,chr4,9215404,9216997,+
ENSG00000115263.16,GCG,chr2,162142876,162152404,-
ENSG00000143575.18,HAX1,chr1,154272325,154275882,+
ENSG00000177954.16,RPS27,chr1,153990748,153992344,+
ENSG00000233087.8,RAB6D,chr2,131360491,131364168,-
ENSG00000115137.13,DNAJC27,chr2,24943635,24972094,-
ENSG00000198944.6,SOWAHA,chr5,132813301,132816786,+
ENSG00000168291.15,PDHB,chr3,58425142,58434012,-
ENSG00000118640.13,VAMP8,chr2,85561561,85582032,+
ENSG00000169020.12,ATP5ME,chr4,672422,674400,-
ENSG00000155508.16,CNOT8,chr5,154857528,154876793,+
ENSG00000189134.4,NKAPL,chr6,28259296,28260958,+
ENSG00000106355.12,LSM5,chr7,32474305,32495283,-
ENSG00000160752.17,FDPS,chr1,155304785,155320666,+
ENSG00000253293.7,HOXA10,chr7,27170591,27180261,-
ENSG00000146232.19,NFKBIE,chr6,44258165,44265788,-
ENSG00000197713.17,RPE,chr2,210002564,210027529,+
ENSG00000179564.6,LSMEM2,chr3,50279029,50288116,+
ENSG00000135334.11,AKIRIN2,chr6,87674859,87702275,-
ENSG00000010256.14,UQCRC1,chr3,48598989,48610976,-
ENSG00000132781.24,MUTYH,chr1,45329162,45340893,-
ENSG00000138135.7,CH25H,chr10,89205628,89207317,-
ENSG00000215183.6,MSMP,chr9,35752989,35756613,-
ENSG00000203782.6,LORICRIN,chr1,153259686,153262124,+
ENSG00000128699.17,ORMDL1,chr2,189765544,189784395,-
ENSG00000112599.9,GUCA1B,chr6,42183283,42194956,-
ENSG00000196900.5,SPMIP10,chr5,126631704,126636284,+
ENSG00000116005.14,PCYOX1,chr2,70257385,70281185,+
ENSG00000131187.13,F12,chr5,177402132,177416583,-
ENSG00000117280.15,RAB29,chr1,205767985,205775489,-
ENSG00000176907.5,TCIM,chr8,40153481,40155310,+
ENSG00000184678.11,H2BC21,chr1,149884458,149886682,-
ENSG00000151729.13,SLC25A4,chr4,185143232,185150393,+
ENSG00000106397.14,PLOD3,chr7,101205976,101219968,-
ENSG00000135926.17,TMBIM1,chr2,218274192,218292589,-
ENSG00000164976.11,MYORG,chr9,34366622,34377150,-
ENSG00000198967.5,OR10Z1,chr1,158605267,158612514,+
ENSG00000188573.8,FBLL1,chr5,168529304,168530634,+
ENSG00000137076.24,TLN1,chr9,35696924,35732212,-
ENSG00000183386.13,FHL3,chr1,37994393,38006380,-
ENSG00000168255.20,POLR2J3,chr7,102537917,102572653,-
ENSG00000174429.6,ABRA,chr8,106759005,106770251,-
ENSG00000197343.13,ZNF655,chr7,99558388,99578948,+
ENSG00000162775.18,RBM15,chr1,110338505,110346681,+
ENSG00000106460.22,TMEM106B,chr7,12210930,12243367,+
ENSG00000168795.7,ZBTB5,chr9,37437686,37468850,-
ENSG00000155636.18,RBM45,chr2,178112383,178139011,+
ENSG00000188229.8,TUBB4B,chr9,137241277,137243713,+
ENSG00000168301.15,KCTD6,chr3,58491077,58502584,+
ENSG00000019582.19,CD74,chr5,150401636,150412969,-
ENSG00000197958.15,RPL12,chr9,127447421,127452094,-
ENSG00000284024.5,MSANTD7,chr10,14838163,14846999,+
ENSG00000180044.6,C3orf80,chr3,160225421,160228213,+
ENSG00000136243.20,NUP42,chr7,23181803,23201011,+
ENSG00000143110.14,C1orf162,chr1,111473753,111478513,+
ENSG00000120242.4,IFNA8,chr9,21409116,21410185,+
ENSG00000177144.8,NUDT4B,chr1,148748773,148752415,+
ENSG00000254402.8,LRRC24,chr8,144522384,144527608,-
ENSG00000236398.2,TAS2R39,chr7,143183418,143184435,+
ENSG00000172548.16,NIPAL4,chr5,157460212,157474723,+
ENSG00000138400.14,MDH1B,chr2,206737762,206765337,-
ENSG00000159388.7,BTG2,chr1,203305490,203311424,+
ENSG00000164406.10,LEAP2,chr5,132873443,132899343,+
ENSG00000169962.6,TAS1R3,chr1,1331274,1335314,+
ENSG00000196290.19,NIF3L1,chr2,200888991,200905579,+
ENSG00000116717.14,GADD45A,chr1,67685047,67691165,+
ENSG00000116691.13,MIIP,chr1,12019465,12032048,+
ENSG00000153767.12,GTF2E1,chr3,120742369,120783368,+
ENSG00000167136.9,ENDOG,chr9,128818450,128822683,+
ENSG00000114023.17,FAM162A,chr3,122384160,122412334,+
ENSG00000166925.11,TSC22D4,chr7,100466507,100479257,-
ENSG00000115520.11,COQ10B,chr2,197453437,197475488,+
ENSG00000106404.15,CLDN15,chr7,101232091,101238820,-
ENSG00000138496.19,PARP9,chr3,122527909,122565478,-
ENSG00000027869.15,SH2D2A,chr1,156806234,156817014,-
ENSG00000114867.24,EIF4G1,chr3,184314489,184335358,+
ENSG00000128713.15,HOXD11,chr2,176104215,176109754,+
ENSG00000172016.17,REG3A,chr2,79157002,79159757,-
ENSG00000289701.1,ENSG00000289701,chr9,136361903,136373644,-
ENSG00000106263.21,EIF3B,chr7,2354079,2380747,+
ENSG00000115718.20,PROC,chr2,127415932,127429762,+
ENSG00000113555.6,PCDH12,chr5,141943580,141969741,-
ENSG00000107014.10,RLN2,chr9,5298697,5304716,-
ENSG00000124562.12,SNRPC,chr6,34757096,34774045,+
ENSG00000108179.16,PPIF,chr10,79347460,79355350,+
ENSG00000285779.1,ENSG00000285779,chr1,153959150,153975887,-
ENSG00000143319.20,ISG20L2,chr1,156720650,156728836,-
ENSG00000169469.10,SPRR1B,chr1,153031195,153032900,+
ENSG00000183808.14,RBM12B,chr8,93728154,93741098,-
ENSG00000171163.18,ZNF692,chr1,248850003,248859144,-
ENSG00000243989.11,ACY1,chr3,51983046,51989457,+
ENSG00000197903.11,H2BC12,chr6,27135927,27146863,-
ENSG00000172568.6,FNDC9,chr5,157341597,157345766,-
ENSG00000120314.20,WDR55,chr5,140664475,140674124,+
ENSG00000213639.13,PPP1CB,chr2,28751078,28802964,+
ENSG00000067082.17,KLF6,chr10,3775995,3785281,-
ENSG00000135346.10,CGA,chr6,87085494,87095150,-
ENSG00000182795.15,C1orf116,chr1,207018049,207032821,-
ENSG00000238227.10,TMEM250,chr9,136113066,136118946,-
ENSG00000198601.4,OR2M2,chr1,248174820,248181067,+
ENSG00000081721.14,DUSP12,chr1,161749757,161757238,+
ENSG00000180929.6,GPR62,chr3,51955380,51957499,+
ENSG00000196154.14,S100A4,chr1,153543612,153552135,-
ENSG00000203733.6,GJE1,chr6,142132924,142135358,+
ENSG00000183423.14,LRIT3,chr4,109846012,109872315,+
ENSG00000285655.1,ENSG00000285655,chr8,66430184,66445324,+
ENSG00000184492.7,FOXD4L1,chr2,113498664,113501150,+
ENSG00000292277.1,ENSG00000292277,chr7,100205356,100221488,+
ENSG00000197557.7,IFT70A,chr2,177612998,177618742,-
ENSG00000134249.7,ADAM30,chr1,119893532,119896515,-
ENSG00000175283.8,DOLK,chr9,128945529,128947603,-
ENSG00000114784.5,EIF1B,chr3,40309106,40316985,+
ENSG00000213420.10,GPC2,chr7,100169601,100177389,-
ENSG00000179902.15,CFAP276,chr1,109105950,109113857,-
ENSG00000147885.4,IFNA16,chr9,21216372,21217311,-
ENSG00000187608.11,ISG15,chr1,1001137,1014540,+
ENSG00000054148.20,PHPT1,chr9,136847993,136851043,+
ENSG00000085760.17,MTIF2,chr2,55236217,55270263,-
ENSG00000145882.13,PCYOX1L,chr5,149357997,149369653,+
ENSG00000167103.13,PIP5KL1,chr9,127920880,127930823,-
ENSG00000243480.8,AMY2A,chr1,103617426,103625780,+
ENSG00000158806.16,NPM2,chr8,22024080,22036897,+
ENSG00000160685.16,ZBTB7B,chr1,155002542,155018525,+
ENSG00000143545.12,RAB13,chr1,153981616,153986382,-
ENSG00000144381.20,HSPD1,chr2,197485927,197516737,-
ENSG00000058262.13,SEC61A1,chr3,128051640,128071705,+
ENSG00000152669.10,CCNO,chr5,55231151,55233649,-
ENSG00000154813.12,DPH3,chr3,16257060,16264998,-
ENSG00000177432.8,NAP1L5,chr4,88695912,88697829,-
ENSG00000088205.15,DDX18,chr2,117814655,117832716,+
ENSG00000162576.19,MXRA8,chr1,1352682,1361800,-
ENSG00000115507.12,OTX1,chr2,63050056,63057836,+
ENSG00000169026.15,SLC49A3,chr4,681823,689548,-
ENSG00000115539.17,PDCL3,chr2,100562801,100577483,+
ENSG00000049245.14,VAMP3,chr1,7771263,7781447,+
ENSG00000106803.12,SEC61B,chr9,99222063,99230696,+
ENSG00000168484.15,SFTPC,chr8,22156912,22164479,+
ENSG00000158615.10,PPP1R15B,chr1,204396491,204411887,-
ENSG00000123737.15,EXOSC9,chr4,121801317,121817023,+
ENSG00000144713.15,RPL32,chr3,12834466,12841587,-
ENSG00000278224.9,PRICKLE4,chr6,41780738,41787452,+
ENSG00000138028.18,CGREF1,chr2,27098852,27119139,-
ENSG00000113369.10,ARRDC3,chr5,91368630,91383348,-
ENSG00000285891.3,MSANTD5,chr5,178694558,178697761,-
ENSG00000165275.12,TRMT10B,chr9,37753767,37780789,+
ENSG00000066583.14,ISOC1,chr5,129094697,129114130,+
ENSG00000215717.9,TMEM167B,chr1,109090361,109096935,+
ENSG00000112984.14,KIF20A,chr5,138178714,138188171,+
ENSG00000134748.15,PRPF38A,chr1,52404059,52421226,+
ENSG00000239305.9,RNF103,chr2,86602510,86623900,-
ENSG00000160087.23,UBE2J2,chr1,1253906,1274477,-
ENSG00000284234.1,TAF11L5,chr5,17525234,17525831,+
ENSG00000106993.14,CDC37L1,chr9,4679555,4708399,+
ENSG00000074317.13,SNCB,chr5,176620081,176630672,-
ENSG00000086589.14,RBM22,chr5,150690789,150701097,-
ENSG00000160908.17,ZNF394,chr7,99473876,99504918,-
ENSG00000168028.17,RPSA,chr3,39406708,39426255,+
ENSG00000106366.11,SERPINE1,chr7,101122157,101139263,+
ENSG00000204909.8,SPINK9,chr5,148321202,148339852,+
ENSG00000198556.16,ZNF789,chr7,99472793,99503650,+
ENSG00000173531.17,MST1,chr3,49683921,49689501,-
ENSG00000169220.20,RGS14,chr5,177357653,177374390,+
ENSG00000144182.19,LIPT1,chr2,99154954,99163199,+
ENSG00000185875.15,THNSL1,chr10,25016573,25026859,+
ENSG00000146674.18,IGFBP3,chr7,45912244,45921874,-
ENSG00000163825.6,RTP3,chr3,46494610,46501506,+
ENSG00000188529.17,SRSF10,chr1,23962473,23980927,-
ENSG00000144848.13,ATG3,chr3,112531771,112562318,-
ENSG00000254440.3,PBOV1,chr6,138215985,138218491,-
ENSG00000137267.9,TUBB2A,chr6,3153496,3157553,-
ENSG00000119862.15,LGALSL,chr2,64453447,64461382,+
ENSG00000115129.16,TP53I3,chr2,24077432,24085861,-
ENSG00000286905.1,ENSG00000286905,chr2,3532007,3558333,-
ENSG00000122696.16,SLC25A51,chr9,37879399,37904387,-
ENSG00000078401.9,EDN1,chr6,12287458,12297194,+
ENSG00000170445.18,HARS1,chr5,140673034,140691537,-
ENSG00000138363.17,ATIC,chr2,215311955,215352251,+
ENSG00000065978.21,YBX1,chr1,42682143,42703805,+
ENSG00000130717.15,UCK1,chr9,131523755,131531289,-
ENSG00000226314.10,ZKSCAN8P1,chr6,28161755,28170549,+
ENSG00000173540.16,GMPPB,chr3,49716843,49723988,-
ENSG00000160868.18,CYP3A4,chr7,99756953,99784327,-
ENSG00000057757.12,PITHD1,chr1,23778364,23788232,+
ENSG00000131910.6,NR0B2,chr1,26911483,26914073,-
ENSG00000178295.17,GEN1,chr2,17753277,17788946,+
ENSG00000241553.15,ARPC4,chr3,9792483,9807704,+
ENSG00000228474.8,OST4,chr2,27058734,27073830,-
ENSG00000158773.16,USF1,chr1,161039248,161045982,-
ENSG00000124733.6,MEA1,chr6,43011142,43016868,-
ENSG00000232112.5,TMA7,chr3,48440212,48444218,+
ENSG00000288614.1,ENSG00000288614,chr6,53041265,53041385,-
ENSG00000267645.5,POLR2J3-UPK3BL2,chr7,102637048,102671641,-
ENSG00000177275.4,OR2AJ1,chr1,247924888,247935339,+
ENSG00000205129.11,CFAP96,chr4,185426013,185449828,+
ENSG00000172059.13,KLF11,chr2,10042848,10054958,+
ENSG00000029559.9,IBSP,chr4,87799545,87813329,+
ENSG00000143418.22,CERS2,chr1,150959098,150977396,-
ENSG00000023909.12,GCLM,chr1,93885198,93909654,-
ENSG00000134987.15,WDR36,chr5,111092302,111130502,+
ENSG00000203722.10,RAET1G,chr6,149915592,149923126,-
ENSG00000077080.12,ACTL6B,chr7,100643096,100656458,-
ENSG00000169016.19,E2F6,chr2,11444374,11466177,-
ENSG00000069011.17,PITX1,chr5,135027733,135034813,-
ENSG00000146278.12,PNRC1,chr6,89080746,89087711,+
ENSG00000168530.18,MYL1,chr2,210290144,210315180,-
ENSG00000171311.15,EXOSC1,chr10,97428013,97446085,-
ENSG00000136816.18,TOR1B,chr9,129803130,129813640,+
ENSG00000188931.6,CFAP126,chr1,161364732,161367885,-
ENSG00000161911.14,TREML1,chr6,41149166,41155556,-
ENSG00000221978.15,CCNL2,chr1,1385708,1400909,-
ENSG00000084092.9,NOA1,chr4,56961619,56977625,-
ENSG00000130713.19,EXOSC2,chr9,130693720,130707608,+
ENSG00000163348.5,PYGO2,chr1,154957024,154963853,-
ENSG00000183733.6,FIGLA,chr2,70777309,70790643,-
ENSG00000137285.12,TUBB2B,chr6,3223323,3231730,-
ENSG00000155542.14,SETD9,chr5,56909259,56926521,+
ENSG00000143612.23,LTAP1,chr1,154206665,154220686,-
ENSG00000115596.5,WNT6,chr2,218859794,218874233,+
ENSG00000197191.7,CYSRT1,chr9,137225173,137226315,+
ENSG00000138385.18,SSB,chr2,169791932,169812091,+
ENSG00000120436.4,GPR31,chr6,167155246,167157980,-
ENSG00000054356.16,PTPRN,chr2,219289622,219309648,-
ENSG00000142937.14,RPS8,chr1,44775250,44779124,+
ENSG00000112874.12,NUDT12,chr5,103548854,103562817,-
ENSG00000144589.24,STK11IP,chr2,219595804,219616452,+
ENSG00000214367.11,HAUS3,chr4,2227461,2242190,-
ENSG00000117593.14,DARS2,chr1,173824539,173858808,+
ENSG00000162892.16,IL24,chr1,206897442,206904139,+
ENSG00000145817.19,YIPF5,chr5,144158160,144170714,-
ENSG00000196652.14,ZKSCAN5,chr7,99504633,99535360,+
ENSG00000142765.20,SYTL1,chr1,27342008,27353937,+
ENSG00000183665.5,TYW2,chr8,124450819,124462150,+
ENSG00000213413.4,PVRIG,chr7,100218240,100221490,+
ENSG00000168899.7,VAMP5,chr2,85584396,85593421,+
ENSG00000136696.11,IL36B,chr2,113022088,113052867,-
ENSG00000122728.6,TAF1L,chr9,32629453,32635669,-
ENSG00000134262.17,AP4B1,chr1,113894193,113905722,-
ENSG00000106327.15,TFR2,chr7,100620415,100642779,-
ENSG00000198585.13,NUDT16,chr3,131381670,131388830,+
ENSG00000240747.10,KRABD1,chr3,42936335,42942799,+
ENSG00000188163.8,CIMIP2A,chr9,137243583,137247770,-
ENSG00000175857.10,GAPT,chr5,58491427,58497090,+
ENSG00000115226.12,FNDC4,chr2,27491259,27495631,-
ENSG00000183520.14,UTP11,chr1,38009110,38024828,+
ENSG00000214510.11,SPINK13,chr5,148268179,148286255,+
ENSG00000168237.20,GLYCTK,chr3,52286944,52295273,+
ENSG00000115207.17,GTF3C2,chr2,27324197,27357566,-
ENSG00000148346.14,LCN2,chr9,128149070,128153454,+
ENSG00000205279.10,CTXN3,chr5,127649018,127658630,+
ENSG00000163479.16,SSR2,chr1,156009040,156020972,-
ENSG00000184897.7,H1-10,chr3,129314770,129316286,-
ENSG00000168495.15,POLR3D,chr8,22245077,22254601,+
ENSG00000198612.13,COPS8,chr2,237085876,237103208,+
ENSG00000164508.6,H2AC1,chr6,25723396,25726562,-
ENSG00000178074.7,C2orf69,chr2,199911248,199955935,+
ENSG00000164129.14,NPY5R,chr4,163343259,163352477,+
ENSG00000162630.8,B3GALT2,chr1,193177026,193186627,-
ENSG00000163938.19,GNL3,chr3,52681155,52696160,+
ENSG00000160867.17,FGFR4,chr5,177086455,177098156,+
ENSG00000152804.13,HHEX,chr10,92689892,92695647,+
ENSG00000117362.15,APH1A,chr1,150265041,150269580,-
ENSG00000122592.9,HOXA7,chr7,27153715,27157936,-
ENSG00000115568.18,ZNF142,chr2,218633328,218659655,-
ENSG00000239789.8,MRPS17,chr7,55950704,55956500,+
ENSG00000131779.13,PEX11B,chr1,145911347,145918747,-
ENSG00000244623.2,OR2AE1,chr7,99876061,99877033,-
ENSG00000123999.6,INHA,chr2,219569161,219575711,+
ENSG00000269897.5,COMMD3-BMI1,chr10,22316387,22329542,+
ENSG00000155858.7,LSM11,chr5,157743705,157760709,+
ENSG00000123689.8,G0S2,chr1,209675404,209676390,+
ENSG00000164002.14,EXO5,chr1,40508440,40518869,+
ENSG00000231861.3,OR5K2,chr3,98497680,98498631,+
ENSG00000164610.11,RP9,chr7,33094796,33109601,-
ENSG00000115828.19,QPCT,chr2,37342826,37373323,+
ENSG00000275111.7,ZNF2,chr2,95165431,95184317,+
ENSG00000131183.13,SLC34A1,chr5,177379234,177398848,+
ENSG00000170667.18,RASA4B,chr7,102479975,102517800,-
ENSG00000148331.14,ASB6,chr9,129634600,129642363,-
ENSG00000148677.9,ANKRD1,chr10,90912091,90921277,-
ENSG00000236782.10,ZNF593OS,chr1,26169515,26171832,-
ENSG00000161057.15,PSMC2,chr7,103328569,103370346,+
ENSG00000136783.12,NIPSNAP3A,chr9,104747663,104760369,+
ENSG00000134200.4,TSHB,chr1,115029825,115034302,+
ENSG00000106236.6,NPTX2,chr7,98617253,98629870,+
ENSG00000173627.8,APOBEC4,chr1,183646274,183653316,-
ENSG00000171421.15,MRPL36,chr5,1793018,1802029,-
ENSG00000170577.10,SIX2,chr2,45005181,45009520,-
ENSG00000172410.5,INSL5,chr1,66797739,66801276,-
ENSG00000112312.12,GMNN,chr6,24774891,24788205,+
ENSG00000204311.17,PJVK,chr2,178451345,178462408,+
ENSG00000005421.11,PON1,chr7,95297107,95325949,-
ENSG00000123505.22,AMD1,chr6,110874769,110898879,+
ENSG00000169194.10,IL13,chr5,132656262,132661110,+
ENSG00000120729.12,MYOT,chr5,137867776,137887852,+
ENSG00000037241.9,RPL26L1,chr5,172954003,172974768,+
ENSG00000198746.15,GPATCH3,chr1,26890487,26900478,-
ENSG00000176919.15,C8G,chr9,136942531,136946980,+
ENSG00000197385.8,ZNF860,chr3,31981721,31994074,+
ENSG00000131435.15,PDLIM4,chr5,132257639,132273712,+
ENSG00000214042.1,IFNA7,chr9,21201468,21202205,-
ENSG00000135914.8,HTR2B,chr2,231108229,231125103,-
ENSG00000280670.5,CCDC163,chr1,45493862,45500163,-
ENSG00000143409.20,MINDY1,chr1,150995124,151008376,-
ENSG00000145384.5,FABP2,chr4,119316751,119322141,-
ENSG00000162704.17,ARPC5,chr1,183620845,183635908,-
ENSG00000164708.8,PGAM2,chr7,44062723,44065736,-
ENSG00000115138.13,POMC,chr2,25160360,25168952,-
ENSG00000132563.19,REEP2,chr5,138438975,138446969,+
ENSG00000112212.13,TSPO2,chr6,41039277,41044344,+
ENSG00000170166.7,HOXD4,chr2,176151544,176156078,+
ENSG00000136695.16,IL36RN,chr2,113058637,113065382,+
ENSG00000159899.18,NPR2,chr9,35791002,35809732,+
ENSG00000105821.17,DNAJC2,chr7,103310496,103344837,-
ENSG00000135211.8,TMEM60,chr7,77793727,77799723,-
ENSG00000106153.16,CHCHD2,chr7,56094566,56106531,-
ENSG00000106636.11,YKT6,chr7,44200958,44214294,+
ENSG00000164086.11,DUSP7,chr3,52048918,52056577,-
ENSG00000143793.15,C1orf35,chr1,228099029,228105411,-
ENSG00000164902.16,PHAX,chr5,126600924,126627252,+
ENSG00000064218.7,DMRT3,chr9,976372,991746,+
ENSG00000270276.3,H4C15,chr1,149854044,149861159,-
ENSG00000288634.1,ENSG00000288634,chr7,112450486,112450645,+
ENSG00000074800.18,ENO1,chr1,8854042,8879308,-
ENSG00000164591.16,MYOZ3,chr5,150660449,150680022,+
ENSG00000135956.13,TMEM127,chr2,96248499,96266082,-
ENSG00000180592.17,SKIDA1,chr10,21513474,21526368,-
ENSG00000184995.7,IFNE,chr9,21480838,21482313,-
ENSG00000198791.14,CNOT7,chr8,17224965,17247726,-
ENSG00000180549.10,FUT7,chr9,137030173,137032825,-
ENSG00000162891.12,IL20,chr1,206865620,206869223,+
ENSG00000115368.12,WDR75,chr2,189441428,189485916,+
ENSG00000065548.21,ZC3H15,chr2,186485889,186513373,+
ENSG00000136279.23,DBNL,chr7,44044627,44069456,+
ENSG00000136518.19,ACTL6A,chr3,179562885,179588462,+
ENSG00000164241.15,C5orf63,chr5,127044769,127073577,-
ENSG00000124357.15,NAGK,chr2,71064343,71079808,+
ENSG00000021355.15,SERPINB1,chr6,2832331,2842035,-
ENSG00000163636.13,PSMD6,chr3,64010548,64024010,-
ENSG00000159450.13,TCHH,chr1,152106316,152115444,-
ENSG00000168938.8,PPIC,chr5,123022051,123036727,-
ENSG00000177186.3,OR2M7,chr1,248323629,248324568,-
ENSG00000106305.12,AIMP2,chr7,6009225,6024655,+
ENSG00000163626.19,COX18,chr4,73052361,73069755,-
ENSG00000284667.1,SCYGR5,chr2,227666803,227667061,+
ENSG00000143443.11,C1orf56,chr1,151047745,151051986,+
ENSG00000129596.7,CDO1,chr5,115804732,115816820,-
ENSG00000186038.9,HTR3E,chr3,184097063,184106995,+
ENSG00000142867.16,BCL10,chr1,85265775,85276640,-
ENSG00000164128.9,NPY1R,chr4,163323084,163344852,-
ENSG00000213699.11,SLC35F6,chr2,26764239,26781231,+
ENSG00000197747.11,S100A10,chr1,151981696,151993891,-
ENSG00000052802.15,MSMO1,chr4,165327659,165343318,+
ENSG00000163600.15,ICOS,chr2,203936756,203961577,+
ENSG00000119782.15,FKBP1B,chr2,24049673,24067714,+
ENSG00000177300.7,CLDN22,chr4,183318099,183320276,-
ENSG00000177409.14,SAMD9L,chr7,93130055,93148410,-
ENSG00000186844.6,LCE1A,chr1,152827472,152828097,+
ENSG00000173947.15,CIMAP3,chr1,111346268,111355113,+
ENSG00000054598.9,FOXC1,chr6,1609914,1613897,+
ENSG00000120149.10,MSX2,chr5,174724550,174730896,+
ENSG00000143632.17,ACTA1,chr1,229430364,229434789,-
ENSG00000112695.15,COX7A2,chr6,75237674,75250323,-
ENSG00000187944.5,C2orf66,chr2,196804416,196809355,-
ENSG00000069812.13,HES2,chr1,6412417,6424690,-
ENSG00000143333.9,RGS16,chr1,182598622,182604394,-
ENSG00000071462.15,BUD23,chr7,73683160,73698228,+
ENSG00000183779.8,ZNF703,chr8,37695743,37700019,+
ENSG00000242265.6,PEG10,chr7,94656324,94669695,+
ENSG00000175166.19,PSMD2,chr3,184299156,184309054,+
ENSG00000159346.15,ADIPOR1,chr1,202940089,202958779,-
ENSG00000185155.13,MIXL1,chr1,226223507,226227384,+
ENSG00000285641.1,ENSG00000285641,chr1,153975849,153986246,-
ENSG00000163157.17,TMOD4,chr1,151169983,151176284,-
ENSG00000256977.14,LIMS3,chr2,109898427,109925625,+
ENSG00000265972.8,TXNIP,chr1,145992434,145996580,-
ENSG00000163874.13,ZC3H12A,chr1,37474495,37484379,+
ENSG00000106261.19,ZKSCAN1,chr7,100015569,100047430,+
ENSG00000189129.16,PLAC9,chr10,80131681,80147044,+
ENSG00000164299.7,SPZ1,chr5,80319624,80321842,+
ENSG00000180871.10,CXCR2,chr2,218125268,218137251,+
ENSG00000115297.11,TLX2,chr2,74513462,74517148,+
ENSG00000198885.12,ITPRIPL1,chr2,96324976,96330517,+
ENSG00000104763.22,ASAH1,chr8,18055991,18084998,-
ENSG00000084652.18,TXLNA,chr1,32178096,32198299,+
ENSG00000118434.9,SPACA1,chr6,88047840,88066838,+
ENSG00000112651.14,MRPL2,chr6,43054028,43059464,-
ENSG00000221944.9,TIGD1,chr2,232543882,232550557,-
ENSG00000179388.9,EGR3,chr8,22687658,22693480,-
ENSG00000235453.14,SMIM27,chr9,32551143,32568621,+
ENSG00000114978.20,MOB1A,chr2,74152527,74178932,-
ENSG00000188394.9,GPR21,chr9,123033649,123038690,+
ENSG00000164211.15,STARD4,chr5,111495283,111513044,-
ENSG00000155090.17,KLF10,chr8,102648780,102655729,-
ENSG00000146858.9,ZC3HAV1L,chr7,139021497,139036219,-
ENSG00000068001.16,HYAL2,chr3,50313395,50324687,-
ENSG00000197070.16,ARRDC1,chr9,137605618,137617859,+
ENSG00000151005.5,TKTL2,chr4,163471094,163473754,-
ENSG00000136908.20,DPM2,chr9,127935089,127937879,-
ENSG00000174279.5,EVX2,chr2,176077471,176083962,-
ENSG00000172113.12,NME6,chr3,48287639,48301685,-
ENSG00000158882.17,TOMM40L,chr1,161225938,161233755,+
ENSG00000106009.18,BRAT1,chr7,2537783,2555782,-
ENSG00000183888.5,SRARP,chr1,16004228,16009382,+
ENSG00000145907.18,G3BP1,chr5,151770950,151812911,+
ENSG00000225556.3,C2CD4D,chr1,151837817,151840557,-
ENSG00000158411.12,MITD1,chr2,99161426,99181352,-
ENSG00000115194.13,SLC30A3,chr2,27253508,27275817,-
ENSG00000163633.14,C4orf36,chr4,86876204,86892813,-
ENSG00000040275.19,SPDL1,chr5,169583631,169604780,+
ENSG00000144655.17,CSRNP1,chr3,39141853,39154852,-
ENSG00000203668.4,CHML,chr1,241628850,241640399,-
ENSG00000135625.10,EGR4,chr2,73290926,73293721,-
ENSG00000146700.11,SSC4D,chr7,76389016,76409744,-
ENSG00000116095.13,PLEKHA3,chr2,178480346,178516463,+
ENSG00000165879.9,FRAT1,chr10,97319270,97321915,+
ENSG00000159239.13,ENSG00000159239,chr2,74393835,74421662,-
ENSG00000135569.5,TAAR5,chr6,132588591,132589741,-
ENSG00000196811.13,CHRNG,chr2,232539691,232548115,+
ENSG00000170075.11,GPR37L1,chr1,202122852,202133592,+
ENSG00000215853.3,RPTN,chr1,152153594,152159228,-
ENSG00000285839.1,ENSG00000285839,chr1,52020152,52033350,-
ENSG00000078967.15,UBE2D4,chr7,43925798,43956136,+
ENSG00000170613.4,GARIN3,chr5,157161845,157166264,-
ENSG00000185955.6,SPACDR,chr7,100456619,100464277,-
ENSG00000240857.4,RDH14,chr2,18554542,18560697,-
ENSG00000176018.15,LYSMD3,chr5,90512564,90529745,-
ENSG00000164040.19,PGRMC2,chr4,128268171,128288834,-
ENSG00000166526.21,ZNF3,chr7,100056867,100082706,-
ENSG00000163001.14,CFAP36,chr2,55519558,55545501,+
ENSG00000160404.20,TOR2A,chr9,127731515,127735355,-
ENSG00000160051.14,IQCC,chr1,32205637,32208688,+
ENSG00000196420.10,S100A5,chr1,153537146,153543074,-
ENSG00000253304.4,TMEM200B,chr1,29119425,29123935,-
ENSG00000116161.20,CACYBP,chr1,174999162,175022285,+
ENSG00000256235.5,SMIM3,chr5,150777882,150796736,+
ENSG00000214336.6,FOXI3,chr2,88444825,88452693,-
ENSG00000011007.15,ELOA,chr1,23743152,23762059,+
ENSG00000129128.14,SPCS3,chr4,176319959,176333045,+
ENSG00000107404.23,DVL1,chr1,1335274,1349962,-
ENSG00000158869.13,FCER1G,chr1,161215174,161220709,+
ENSG00000075426.14,FOSL2,chr2,28392447,28417317,+
ENSG00000164346.12,NSA2,chr5,74766981,74782194,+
ENSG00000257184.4,HOXA10-HOXA9,chr7,27162437,27180239,-
ENSG00000214300.8,SPDYE3,chr7,100307701,100322372,+
ENSG00000213689.14,TREX1,chr3,48465810,48467645,+
ENSG00000285946.2,LCE7A,chr1,152859995,152861252,+
ENSG00000182613.3,OR2V2,chr5,181147585,181159285,+
ENSG00000113558.21,SKP1,chr5,134145692,134177911,-
ENSG00000213265.9,TSGA13,chr7,130668642,130687432,-
ENSG00000151665.15,PIGF,chr2,46580936,46617067,-
ENSG00000115318.14,LOXL3,chr2,74531715,74555718,-
ENSG00000113758.16,DBN1,chr5,177456224,177474401,-
ENSG00000182447.4,OTOL1,chr3,161496807,161503942,+
ENSG00000153230.4,OR14K1,chr1,247738614,247739559,+
ENSG00000153187.23,HNRNPU,chr1,244840637,244864574,-
ENSG00000170852.14,KBTBD2,chr7,32861368,32894131,-
ENSG00000243955.8,GSTA1,chr6,52791117,52804021,-
ENSG00000107443.18,CCNJ,chr10,96043052,96060870,+
ENSG00000187796.18,CARD9,chr9,136363955,136373683,-
ENSG00000215788.13,TNFRSF25,chr1,6460785,6466190,-
ENSG00000136244.14,IL6,chr7,22725883,22732002,+
ENSG00000135249.10,RINT1,chr7,105532115,105569207,+
ENSG00000278463.2,H2AC4,chr6,26033091,26033618,-
ENSG00000203872.7,C6orf163,chr6,87344812,87365463,+
ENSG00000162894.14,FCMR,chr1,206903266,206923247,-
ENSG00000146701.14,MDH2,chr7,76048036,76067508,+
ENSG00000160679.14,CHTOP,chr1,153633981,153646306,+
ENSG00000163012.5,ZSWIM2,chr2,186826859,186849208,-
ENSG00000078399.20,HOXA9,chr7,27162437,27175180,-
ENSG00000187583.13,PLEKHN1,chr1,966436,975865,+
ENSG00000148156.8,ACTL7B,chr9,108854587,108855986,-
ENSG00000135164.21,DMTF1,chr7,87152339,87202747,+
ENSG00000145839.2,IL9,chr5,135892245,135895841,-
ENSG00000171960.14,PPIH,chr1,42658184,42676758,+
ENSG00000136897.9,MRPL50,chr9,101386115,101398665,-
ENSG00000164692.21,COL1A2,chr7,94394359,94431227,+
ENSG00000124383.13,MPHOSPH10,chr2,71130304,71150101,+
ENSG00000204640.1,NMS,chr2,100470481,100483280,+
ENSG00000105808.21,RASA4,chr7,102579645,102616779,-
ENSG00000158793.16,NIT1,chr1,161118081,161125812,+
ENSG00000272916.5,ENSG00000272916,chr10,73796513,73811651,-
ENSG00000170469.13,SPATA24,chr5,139396562,139404094,-
ENSG00000006606.10,CCL26,chr7,75769532,75789896,-
ENSG00000134057.17,CCNB1,chr5,69167003,69178389,+
ENSG00000166321.16,NUDT13,chr10,73110374,73131828,+
ENSG00000284733.2,OR4F29,chr1,450739,451678,-
ENSG00000174599.5,TRAM1L1,chr4,117083553,117085576,-
ENSG00000213462.6,ERV3-1,chr7,64990355,65006743,-
ENSG00000018280.20,SLC11A1,chr2,218382005,218396906,+
ENSG00000124006.17,OBSL1,chr2,219550726,219572076,-
ENSG00000125630.17,POLR1B,chr2,112541914,112579818,+
ENSG00000117640.20,MTFR1L,chr1,25818639,25835879,+
ENSG00000136059.18,VILL,chr3,37987959,38007535,+
ENSG00000288841.1,ENSG00000288841,chr9,131432758,131446473,+
ENSG00000181274.8,FRAT2,chr10,97329254,97334729,-
ENSG00000241852.13,C8orf58,chr8,22599587,22604271,+
ENSG00000290230.1,ENSG00000290230,chr8,144078641,144084330,+
ENSG00000185149.7,NPY2R,chr4,155208626,155217078,+
ENSG00000188760.13,TMEM198,chr2,219543129,219550595,+
ENSG00000284439.1,TAF11L3,chr5,17518366,17518963,+
ENSG00000174021.14,GNG5,chr1,84489406,84507237,-
ENSG00000168389.20,MFSD2A,chr1,39955111,39972134,+
ENSG00000165171.13,METTL27,chr7,73832678,73842540,-
ENSG00000197279.7,ZNF165,chr6,28080275,28089563,+
ENSG00000096384.22,HSP90AB1,chr6,44237394,44253888,+
ENSG00000055044.13,NOP58,chr2,202265275,202303667,+
ENSG00000180828.3,BHLHE22,chr8,64580364,64583627,+
ENSG00000169067.4,ACTBL2,chr5,57480017,57482811,-
ENSG00000158710.17,TAGLN2,chr1,159918105,159925546,-
ENSG00000254535.5,PABPC4L,chr4,134196332,134201885,-
ENSG00000136688.12,IL36G,chr2,112973202,112985672,+
ENSG00000178172.7,SPINK6,chr5,148202793,148215137,+
ENSG00000164548.14,TRA2A,chr7,23504779,23532041,-
ENSG00000185730.10,ZNF696,chr8,143289675,143299952,+
ENSG00000176428.8,VPS37D,chr7,73667830,73682024,+
ENSG00000163251.6,FZD5,chr2,207762597,207769914,-
ENSG00000198142.5,SOWAHC,chr2,109614363,109618990,+
ENSG00000181751.12,MACIR,chr5,103258387,103280933,+
ENSG00000123610.6,TNFAIP6,chr2,151357584,151380931,+
ENSG00000185112.6,FAM43A,chr3,194685882,194689037,+
ENSG00000183696.16,UPP1,chr7,48088597,48108736,+
ENSG00000143436.12,MRPL9,chr1,151759642,151763522,-
ENSG00000136197.16,C7orf25,chr7,42883177,42912518,-
ENSG00000116690.15,PRG4,chr1,186296221,186314567,+
ENSG00000131233.10,GJA9,chr1,38874068,38881587,-
ENSG00000169607.14,CKAP2L,chr2,112736348,112764664,-
ENSG00000169618.8,PROKR1,chr2,68643085,68659042,+
ENSG00000131591.20,C1orf159,chr1,1081810,1116361,-
ENSG00000172428.13,COPS9,chr2,240126562,240136807,-
ENSG00000146678.11,IGFBP1,chr7,45888359,45893660,+
ENSG00000145919.13,BOD1,chr5,173603721,173616694,-
ENSG00000105829.14,BET1,chr7,93962761,94004383,-
ENSG00000163191.8,S100A11,chr1,152032503,152047907,-
ENSG00000163497.4,FEV,chr2,218981086,218985566,-
ENSG00000184731.7,FAM110C,chr2,38813,47084,-
ENSG00000222046.5,DCDC2B,chr1,32209078,32216196,+
ENSG00000169242.14,EFNA1,chr1,155127451,155134899,+
ENSG00000243449.10,NICOL1,chr4,2040627,2043964,+
ENSG00000162543.8,UBXN10,chr1,20183292,20196050,+
ENSG00000181004.11,BBS12,chr4,122732652,122746078,+
ENSG00000172936.20,MYD88,chr3,38138551,38143024,+
ENSG00000137392.12,CLPS,chr6,35794981,35798251,-
ENSG00000213585.13,VDAC1,chr5,133971870,134005360,-
ENSG00000279263.1,OR2L8,chr1,247948857,247949796,+
ENSG00000160791.15,CCR5,chr3,46370938,46377528,+
ENSG00000274750.5,H3C6,chr6,26224178,26227476,+
ENSG00000162413.18,KLHL21,chr1,6590723,6614607,-
ENSG00000157240.5,FZD1,chr7,91264432,91289201,+
ENSG00000176532.6,PRR15,chr7,29563774,29568145,+
ENSG00000138326.23,RPS24,chr10,78033722,78056813,+
ENSG00000198890.9,PRMT6,chr1,107056673,107067636,+
ENSG00000120533.14,ENY2,chr8,109333554,109345954,+
ENSG00000116726.5,PRAMEF12,chr1,12773737,12777906,+
ENSG00000104549.14,SQLE,chr8,124998466,125022294,+
ENSG00000112514.20,CUTA,chr6,33416441,33418381,-
ENSG00000179526.19,SHARPIN,chr8,144097512,144108124,-
ENSG00000122203.17,KIAA1191,chr5,176339649,176366459,-
ENSG00000171209.5,CSN3,chr4,70238381,70251474,+
ENSG00000156990.16,RPUSD3,chr3,9831632,9844602,-
ENSG00000130775.18,THEMIS2,chr1,27872536,27887067,+
ENSG00000234602.10,MCIDAS,chr5,55218789,55227315,-
ENSG00000143774.20,GUK1,chr1,228139961,228148984,+
ENSG00000196242.10,OR2C3,chr1,247524676,247536440,-
ENSG00000135047.18,CTSL,chr9,87724050,87731469,+
ENSG00000170364.15,SETMAR,chr3,4303303,4321454,+
ENSG00000142748.16,FCN3,chr1,27369107,27374920,-
ENSG00000213190.6,MLLT11,chr1,151054176,151069544,+
ENSG00000114767.9,RRP9,chr3,51933424,51941946,-
ENSG00000042493.18,CAPG,chr2,85388143,85422017,-
ENSG00000243641.3,OR13C7,chr9,36002908,36003867,-
ENSG00000164342.16,TLR3,chr4,186068910,186088073,+
ENSG00000182698.14,RESP18,chr2,219327406,219335552,-
ENSG00000127980.18,PEX1,chr7,92487019,92528663,-
ENSG00000187658.8,C5orf52,chr5,157671514,157680174,+
ENSG00000138092.13,CENPO,chr2,24793099,24822376,+
ENSG00000136634.7,IL10,chr1,206767601,206774541,-
ENSG00000255072.3,PIGY,chr4,88520985,88523776,-
ENSG00000145826.10,LECT2,chr5,135922278,135955061,-
ENSG00000136697.13,IL1F10,chr2,113067969,113075843,+
ENSG00000268279.4,ENSG00000268279,chr3,14135216,14148252,+
ENSG00000169429.14,CXCL8,chr4,73740518,73747379,+
ENSG00000145337.6,PYURF,chr4,88520985,88523794,-
ENSG00000128709.14,HOXD9,chr2,176121228,176127570,+
ENSG00000124659.7,TBCC,chr6,42744497,42746103,-
ENSG00000143224.20,PPOX,chr1,161165836,161178576,+
ENSG00000075886.12,TUBA3D,chr2,131476117,131482935,+
ENSG00000136810.15,TXN,chr9,110243809,110256636,-
ENSG00000170264.15,FAM161A,chr2,61824847,61854143,-
ENSG00000241635.9,UGT1A1,chr2,233760261,233773313,+
ENSG00000176732.9,PFN4,chr2,24112082,24123734,-
ENSG00000113734.20,BNIP1,chr5,173144441,173164397,+
ENSG00000204246.4,OR13C3,chr9,104535748,104536856,-
ENSG00000038002.11,AGA,chr4,177430126,177442450,-
ENSG00000168497.7,CAVIN2,chr2,191834297,191847253,-
ENSG00000265241.10,RBM8A,chr1,145920934,145928067,-
ENSG00000065911.14,MTHFD2,chr2,74186171,74218432,+
ENSG00000082213.20,C5orf22,chr5,31532277,31555335,+
ENSG00000106588.14,PSMA2,chr7,42916827,42932223,-
ENSG00000174013.9,FBXO45,chr3,196568610,196589059,+
ENSG00000212916.6,MAP10,chr1,232805415,232809929,+
ENSG00000253368.6,TRNP1,chr1,26993648,27002812,+
ENSG00000122515.18,ZMIZ2,chr7,44748547,44770112,+
ENSG00000158122.14,PRXL2C,chr9,96639576,96655337,-
ENSG00000175877.5,TMEM270,chr7,73861158,73865891,+
ENSG00000221888.4,OR1C1,chr1,247754845,247760556,-
ENSG00000064835.12,POU1F1,chr3,87259403,87276584,-
ENSG00000284701.1,TMEM247,chr2,46479564,46484425,+
ENSG00000155868.10,MED7,chr5,157134847,157159019,-
ENSG00000165271.19,NOL6,chr9,33461352,33473930,-
ENSG00000116459.13,ATP5PB,chr1,111448110,111468527,+
ENSG00000138483.3,CCDC54,chr3,107377438,107378635,+
ENSG00000288564.1,ENSG00000288564,chr6,43051065,43058185,-
ENSG00000143257.15,NR1I3,chr1,161228774,161238276,-
ENSG00000160753.19,RUSC1,chr1,155320738,155331422,+
ENSG00000163798.16,SLC4A1AP,chr2,27663425,27695756,+
ENSG00000114115.13,RBP1,chr3,139517433,139540396,-
ENSG00000260286.5,ARMH2,chr6,24797322,24798917,-
ENSG00000109519.16,GRPEL1,chr4,7058642,7068145,-
ENSG00000178021.11,TSPYL6,chr2,54253177,54256229,-
ENSG00000118245.3,TNP1,chr2,216859457,216865732,-
ENSG00000134330.20,IAH1,chr2,9473657,9500587,+
ENSG00000155760.3,FZD7,chr2,202033854,202038441,+
ENSG00000170340.13,B3GNT2,chr2,62195484,62226271,+
ENSG00000251380.3,DCANP1,chr5,135444213,135447348,-
ENSG00000186577.16,SMIM29,chr6,34245864,34249113,-
ENSG00000182585.11,EPGN,chr4,74308463,74317297,+
ENSG00000196923.16,PDLIM7,chr5,177482837,177497664,-
ENSG00000120333.6,MRPS14,chr1,175010788,175023471,-
ENSG00000105879.14,CBLL1,chr7,107743072,107762079,+
ENSG00000204052.7,LRRC73,chr6,43506061,43510388,-
ENSG00000239620.4,PRR20G,chr3,127283782,127288047,-
ENSG00000163449.13,TMEM169,chr2,216081865,216102783,+
ENSG00000272104.1,ENSG00000272104,chr3,50350891,50367923,+
ENSG00000244476.4,ERVFRD-1,chr6,11102323,11111845,-
ENSG00000114923.19,SLC4A3,chr2,219627010,219641982,+
ENSG00000116455.15,WDR77,chr1,111437221,111449297,-
ENSG00000171450.6,CDK5R2,chr2,218959665,218962155,+
ENSG00000163217.4,BMP10,chr2,68860908,68871439,-
ENSG00000170482.19,SLC23A1,chr5,139366641,139385495,-
ENSG00000163220.13,S100A9,chr1,153357766,153361036,+
ENSG00000198315.13,ZKSCAN8,chr6,28141731,28160205,+
ENSG00000203783.5,PRR9,chr1,153217583,153219310,+
ENSG00000137106.20,GRHPR,chr9,37422659,37463037,+
ENSG00000162572.22,SCNN1D,chr1,1280435,1292029,+
ENSG00000156097.13,GPR61,chr1,109539871,109548406,+
ENSG00000168505.8,GBX2,chr2,236165235,236168395,-
ENSG00000127954.15,STEAP4,chr7,88270891,88307061,-
ENSG00000048545.19,GUCA1A,chr6,42173363,42181338,+
ENSG00000006634.10,DBF4,chr7,87876215,87909553,+
ENSG00000132485.16,ZRANB2,chr1,71063250,71081289,-
ENSG00000113073.17,SLC4A9,chr5,140360187,140375324,+
ENSG00000116237.18,ICMT,chr1,6221192,6235997,-
ENSG00000179144.7,GIMAP7,chr7,150514851,150521073,+
ENSG00000177201.3,OR2T12,chr1,248290138,248303424,-
ENSG00000143556.11,S100A7,chr1,153457741,153460653,-
ENSG00000181016.11,LSMEM1,chr7,112480852,112491418,+
ENSG00000163141.22,BNIPL,chr1,151036320,151047720,+
ENSG00000272899.5,SPMIP1,chr7,128866329,128872047,+
ENSG00000277586.6,NEFL,chr8,24950954,24956721,-
ENSG00000136238.22,RAC1,chr7,6374097,6404016,+
ENSG00000114383.12,TUSC2,chr3,50320026,50328251,-
ENSG00000113520.12,IL4,chr5,132673985,132682678,+
ENSG00000078579.10,FGF20,chr8,16992165,17002352,-
ENSG00000151353.18,TMEM18,chr2,663876,677470,-
ENSG00000173641.20,HSPB7,chr1,16014017,16020597,-
ENSG00000031698.15,SARS1,chr1,109213843,109239456,+
ENSG00000127837.12,AAMP,chr2,218264124,218270889,-
ENSG00000081386.15,ZNF510,chr9,96754552,96778129,-
ENSG00000152684.13,PELO,chr5,52787620,52807447,+
ENSG00000259956.2,RBM15B,chr3,51391284,51397908,+
ENSG00000162639.18,HENMT1,chr1,108648284,108661526,-
ENSG00000176020.9,AMIGO3,chr3,49716828,49719684,-
ENSG00000048544.9,MRPS10,chr6,42205716,42217881,-
ENSG00000175084.15,DES,chr2,219417473,219426740,+
ENSG00000122694.18,GLIPR2,chr9,36136416,36163913,+
ENSG00000136929.14,HEMGN,chr9,97926790,97944856,-
ENSG00000164683.20,HEY1,chr8,79762370,79767857,-
ENSG00000142959.8,BEST4,chr1,44781835,44791550,-
ENSG00000116898.14,MRPS15,chr1,36455717,36464418,-
ENSG00000273045.9,C2orf15,chr2,99141234,99154585,+
ENSG00000164379.7,FOXQ1,chr6,1312097,1314758,+
ENSG00000132698.17,RAB25,chr1,156061146,156070514,+
ENSG00000050344.11,NFE2L3,chr7,26152189,26190901,+
ENSG00000164062.15,APEH,chr3,49673817,49683973,+
ENSG00000188976.13,NOC2L,chr1,943526,960714,-
ENSG00000167910.5,CYP7A1,chr8,58490173,58500164,-
ENSG00000168763.18,CNNM3,chr2,96816237,96837543,+
ENSG00000152292.19,SH2D6,chr2,85418713,85437029,+
ENSG00000144746.9,ARL6IP5,chr3,69084784,69106092,+
ENSG00000197261.13,C6orf141,chr6,49550655,49561914,+
ENSG00000133731.12,IMPA1,chr8,81656686,81686848,-
ENSG00000186352.10,ANKRD37,chr4,185395963,185412509,+
ENSG00000172053.20,QARS1,chr3,49095931,49105130,-
ENSG00000156508.22,EEF1A1,chr6,73489307,73525587,-
ENSG00000186143.11,PRR30,chr2,27136847,27139410,-
ENSG00000162757.6,C1orf74,chr1,209779207,209784620,-
ENSG00000109205.19,ODAM,chr4,70195705,70205734,+
ENSG00000059769.22,DNAJC25,chr9,111631316,111654352,+
ENSG00000227868.8,TEX46,chr1,23010832,23019100,-
ENSG00000128609.18,NDUFA5,chr7,123536996,123557904,-
ENSG00000126545.16,CSN1S1,chr4,69931066,69946574,+
ENSG00000289746.1,TARP,chr7,38259642,38273636,-
ENSG00000285976.5,ENSG00000285976,chr6,63572001,63583588,+
ENSG00000164850.18,GPER1,chr7,1082207,1094516,+
ENSG00000284753.4,EEF1AKMT4,chr3,184249608,184258759,+
ENSG00000163811.14,WDR43,chr2,28894610,28948926,+
ENSG00000128050.11,PAICS,chr4,56435057,56464578,+
ENSG00000197062.14,ZSCAN26,chr6,28267044,28278224,+
ENSG00000120334.18,CENPL,chr1,173794850,173824925,-
ENSG00000121864.12,ZNF639,chr3,179322855,179338583,+
ENSG00000138068.13,SULT6B1,chr2,37167819,37196598,-
ENSG00000212993.6,POU5F1B,chr8,127322182,127420066,+
ENSG00000174136.15,RGMB,chr5,98768003,98798643,+
ENSG00000186451.4,SPATA12,chr3,57060658,57075530,+
ENSG00000162976.14,SLC66A3,chr2,11155197,11178870,+
ENSG00000185090.17,MANEAL,chr1,37793787,37804745,+
ENSG00000174156.17,GSTA3,chr6,52896638,52909701,-
ENSG00000160049.14,DFFA,chr1,10456521,10472582,-
ENSG00000177873.16,ZNF619,chr3,40477104,40491053,+
ENSG00000144043.14,TEX261,chr2,70968324,70994873,-
ENSG00000108064.13,TFAM,chr10,58385344,58401706,+
ENSG00000178776.7,C5orf46,chr5,147879631,147906544,-
ENSG00000158796.19,DEDD,chr1,161120956,161133280,-
ENSG00000170092.15,SPDYE5,chr7,75492319,75504316,+
ENSG00000123545.8,NDUFAF4,chr6,96889310,96897897,-
ENSG00000276302.1,ENSG00000276302,chr6,28267120,28281580,+
ENSG00000253276.5,CCDC71L,chr7,106654359,106661158,-
ENSG00000175279.23,CENPS,chr1,10430389,10442813,+
ENSG00000135940.9,COX5B,chr2,97646033,97648383,+
ENSG00000138413.16,IDH1,chr2,208236223,208266095,-
ENSG00000113643.11,RARS1,chr5,168486446,168519325,+
ENSG00000113716.15,HMGXB3,chr5,150000045,150053148,+
ENSG00000136827.13,TOR1A,chr9,129812941,129824247,-
ENSG00000163221.10,S100A12,chr1,153373702,153375660,-
ENSG00000204659.6,CBY3,chr5,179678559,179681034,-
ENSG00000163900.13,TMEM41A,chr3,185475949,185499096,-
ENSG00000176566.5,DCAF4L2,chr8,87870746,87874015,-
ENSG00000121853.5,GHSR,chr3,172442550,172448456,-
ENSG00000167701.16,GPT,chr8,144502607,144507494,+
ENSG00000175087.12,PDIK1L,chr1,26111140,26125906,+
ENSG00000185290.5,NUPR2,chr7,56114680,56116422,-
ENSG00000122711.10,SPINK4,chr9,33218364,33248567,+
ENSG00000113552.18,GNPDA1,chr5,141991748,142013061,-
ENSG00000221986.9,MYBPHL,chr1,109292362,109307213,-
ENSG00000123609.13,NMI,chr2,151270466,151289921,-
ENSG00000161204.14,ABCF3,chr3,184186094,184194451,+
ENSG00000178033.7,CALHM5,chr6,116511603,116524788,+
ENSG00000181617.7,FDCSP,chr4,70226116,70235252,+
ENSG00000310560.3,PAXX,chr9,136992399,136994074,+
ENSG00000118298.14,CA14,chr1,150257068,150265078,+
ENSG00000105819.17,PMPCB,chr7,103295716,103342067,+
ENSG00000184432.13,COPB2,chr3,139353941,139389736,-
ENSG00000129055.15,ANAPC13,chr3,134476250,134486716,-
ENSG00000171159.6,BBLN,chr9,128160218,128163928,+
ENSG00000143954.15,REG3G,chr2,79025685,79028507,+
ENSG00000113070.10,HBEGF,chr5,140332842,140346614,-
ENSG00000235272.3,RAMACL,chr6,166583008,166586678,-
ENSG00000128606.14,LRRC17,chr7,102912940,102945111,+
ENSG00000019549.14,SNAI2,chr8,48917283,48921740,-
ENSG00000175305.20,CCNE2,chr8,94874346,94896680,-
ENSG00000231213.7,PLSCR5,chr3,146576554,146605346,-
ENSG00000162999.14,DUSP19,chr2,183078558,183101060,+
ENSG00000183607.12,GKN2,chr2,68938775,68953028,-
ENSG00000077152.14,UBE2T,chr1,202328713,202341984,-
ENSG00000163545.12,NUAK2,chr1,205302058,205321781,-
ENSG00000146587.20,RBAK,chr7,5045820,5069491,+
ENSG00000115816.17,CEBPZ,chr2,37201569,37231612,-
ENSG00000185127.7,C6orf120,chr6,169702125,169706360,+
ENSG00000137101.15,CD72,chr9,35609964,35646810,-
ENSG00000087338.7,GMCL1,chr2,69829611,69881393,+
ENSG00000183258.14,DDX41,chr5,177511568,177516979,-
ENSG00000143751.12,SDE2,chr1,225982692,225999385,-
ENSG00000157999.6,ANKRD61,chr7,6031375,6036552,+
ENSG00000087077.16,TRIP6,chr7,100867125,100873524,+
ENSG00000189241.9,TSPYL1,chr6,116267759,116279930,-
ENSG00000205143.7,ARID3C,chr9,34621048,34630503,-
ENSG00000095739.13,BAMBI,chr10,28677509,28684890,+
ENSG00000107140.19,TESK1,chr9,35605234,35610328,+
ENSG00000070718.15,AP3M2,chr8,42152945,42171673,+
ENSG00000157330.11,CFAP107,chr1,12746193,12763699,+
ENSG00000180198.19,RCC1,chr1,28505931,28539300,+
ENSG00000135924.19,DNAJB2,chr2,219279307,219286900,+
ENSG00000145050.20,MANF,chr3,51385254,51389802,+
ENSG00000081791.11,DELE1,chr5,141923799,141952031,+
ENSG00000165802.25,NSMF,chr9,137447569,137459576,-
ENSG00000144659.15,SLC25A38,chr3,39383291,39397426,+
ENSG00000106105.17,GARS1,chr7,30580532,30634033,+
ENSG00000189077.13,TMEM120A,chr7,75973303,75994669,-
ENSG00000135974.13,C2orf49,chr2,105337515,105360776,+
ENSG00000188725.10,SMIM15,chr5,61153909,61163142,-
ENSG00000248235.6,ENSG00000248235,chr8,22589273,22602084,+
ENSG00000135045.8,C9orf40,chr9,74945946,74952921,-
ENSG00000188483.8,IER5L,chr9,129175551,129178261,-
ENSG00000206262.11,FOXL2NB,chr3,138947176,138953990,+
ENSG00000230667.7,SETSIP,chr1,92074532,92075411,-
ENSG00000118292.11,C1orf54,chr1,150268033,150281744,+
ENSG00000073756.13,PTGS2,chr1,186671790,186680922,-
ENSG00000082515.20,MRPL22,chr5,154941063,154971241,+
ENSG00000211454.16,AKR7L,chr1,19265981,19274194,-
ENSG00000187223.5,LCE2D,chr1,152658823,152664659,+
ENSG00000104371.6,DKK4,chr8,42373194,42384830,-
ENSG00000124370.13,MCEE,chr2,71108925,71130279,-
ENSG00000114378.19,HYAL1,chr3,50299882,50312890,-
ENSG00000060642.14,PIGV,chr1,26787053,26800659,+
ENSG00000274286.2,ADRA2B,chr2,96112875,96116571,-
ENSG00000198829.8,SUCNR1,chr3,151873634,151884619,+
ENSG00000120705.15,ETF1,chr5,138506092,138543239,-
ENSG00000116649.12,SRM,chr1,11054583,11060078,-
ENSG00000109208.5,SMR3A,chr4,70360759,70367158,+
ENSG00000213139.9,CRYGS,chr3,186536577,186546702,-
ENSG00000170899.13,GSTA4,chr6,52977947,52995359,-
ENSG00000168303.10,MPLKIP,chr7,40092206,40134877,-
ENSG00000124508.19,BTN2A2,chr6,26383090,26394880,+
ENSG00000243749.4,TMEM35B,chr1,34981379,34985350,-
ENSG00000255690.3,TRIL,chr7,28953357,28958330,-
ENSG00000196289.7,BECN2,chr1,241957766,241959062,+
ENSG00000165059.8,PRKACG,chr9,69012503,69014113,-
ENSG00000205903.9,ZNF316,chr7,6637297,6658279,+
ENSG00000044090.15,CUL7,chr6,43037616,43053943,-
ENSG00000076258.12,FMO4,chr1,171314090,171343757,+
ENSG00000164651.19,SP8,chr7,20779743,20786907,-
ENSG00000162385.13,MAGOH,chr1,53226637,53238626,-
ENSG00000135821.20,GLUL,chr1,182378097,182392206,-
ENSG00000137288.12,UQCC2,chr6,33690634,33711748,-
ENSG00000015479.22,MATR3,chr5,139273751,139332518,+
ENSG00000187170.6,LCE4A,chr1,152708159,152709434,+
ENSG00000247626.5,MARS2,chr2,197705368,197708395,+
ENSG00000105835.15,NAMPT,chr7,106248297,106291225,-
ENSG00000153044.12,CENPH,chr5,69189536,69210357,+
ENSG00000136206.5,SPDYE1,chr7,43997896,44010124,+
ENSG00000205238.12,SPDYE2,chr7,102551225,102563538,+
ENSG00000171790.18,SLFNL1,chr1,41015588,41024551,-
ENSG00000136867.12,SLC31A2,chr9,113150950,113164140,+
ENSG00000144485.13,HES6,chr2,238237902,238240680,-
ENSG00000091010.7,POU4F3,chr5,146338647,146341728,+
ENSG00000136535.16,TBR1,chr2,161416205,161425870,+
ENSG00000256646.8,ENSG00000256646,chr7,42909272,42932214,-
ENSG00000164576.14,SAP30L,chr5,154445975,154461053,+
ENSG00000168078.12,PBK,chr8,27809531,27838082,-
ENSG00000064703.15,DDX20,chr1,111754831,111775602,+
ENSG00000165724.8,ZMYND19,chr9,137582065,137590520,-
ENSG00000186501.17,TMEM222,chr1,27322138,27336401,+
ENSG00000180346.6,TIGD2,chr4,89111521,89114901,+
ENSG00000143761.19,ARF1,chr1,228081840,228099212,+
ENSG00000163877.12,SNIP1,chr1,37534448,37554304,-
ENSG00000041988.18,THAP3,chr1,6624844,6635612,+
ENSG00000187634.15,SAMD11,chr1,923894,944590,+
ENSG00000124702.21,KLHDC3,chr6,43014102,43021314,+
ENSG00000115540.17,MOB4,chr2,197515570,197553699,+
ENSG00000162642.16,C1orf52,chr1,85249952,85259686,-
ENSG00000179456.14,ZBTB18,chr1,244048546,244057476,+
ENSG00000124762.17,CDKN1A,chr6,36676440,36688042,+
ENSG00000113621.17,TXNDC15,chr5,134874307,134902952,+
ENSG00000164949.10,GEM,chr8,94249248,94262461,-
ENSG00000152455.18,SUV39H2,chr10,14878322,14906331,+
ENSG00000123080.14,CDKN2C,chr1,50960744,50975654,+
ENSG00000138071.17,ACTR2,chr2,65227713,65271253,+
ENSG00000163156.14,SCNM1,chr1,151156663,151179006,+
ENSG00000175182.17,FAM131A,chr3,184335915,184348421,+
ENSG00000147874.13,HAUS6,chr9,19053140,19103120,-
ENSG00000240720.11,LRRD1,chr7,92141642,92179531,-
ENSG00000169714.19,CNBP,chr3,129167290,129184008,-
ENSG00000143590.16,EFNA3,chr1,155078822,155087538,+
ENSG00000147588.9,PMP2,chr8,81440325,81447518,-
ENSG00000124701.8,APOBEC2,chr6,41053200,41067058,+
ENSG00000145945.9,FAM50B,chr6,3849350,3851320,+
ENSG00000196098.2,OR5K4,chr3,98353853,98354819,+
ENSG00000288784.1,CTAGE4,chr7,144183465,144186080,+
ENSG00000171448.11,ZBTB26,chr9,122915547,122931565,-
ENSG00000138231.15,DBR1,chr3,138160987,138174953,-
ENSG00000162992.6,NEUROD1,chr2,181668294,181680827,-
ENSG00000109771.18,LRP2BP,chr4,185363654,185397292,-
ENSG00000107317.15,PTGDS,chr9,136975052,136981750,+
ENSG00000021461.20,CYP3A43,chr7,99827921,99867801,+
ENSG00000196449.6,YRDC,chr1,37802944,37808216,-
ENSG00000164414.21,SLC35A1,chr6,87470622,87512336,+
ENSG00000213213.15,CCDC183,chr9,136796337,136807741,+
ENSG00000176244.8,ACBD7,chr10,15073037,15088802,-
ENSG00000109321.13,AREG,chr4,74444998,74455005,+
ENSG00000112981.7,NME5,chr5,138114411,138139443,-
ENSG00000232237.5,ASCL5,chr1,201113942,201127184,-
ENSG00000181467.5,RAP2B,chr3,153162225,153170627,+
ENSG00000115902.13,SLC1A4,chr2,64988476,65023865,+
ENSG00000213337.11,ANKRD39,chr2,96836239,96858070,-
ENSG00000160959.10,LRRC14,chr8,144517956,144526244,+
ENSG00000114956.22,DGUOK,chr2,73926793,73958961,+
ENSG00000152672.9,CLEC4F,chr2,70808642,70820601,-
ENSG00000293253.2,ENSG00000293253,chr1,53413148,53440018,-
ENSG00000147889.19,CDKN2A,chr9,21966923,21995301,-
ENSG00000169214.5,OR6F1,chr1,247711435,247716646,-
ENSG00000112110.12,MRPL18,chr6,159789811,159799027,+
ENSG00000136870.12,ZNF189,chr9,101398841,101414176,+
ENSG00000185614.9,INKA1,chr3,49803227,49805237,+
ENSG00000106258.18,CYP3A5,chr7,99647441,99680043,-
ENSG00000158497.7,HMHB1,chr5,143812146,143820716,+
ENSG00000237765.10,FAM200B,chr4,15681505,15690447,+
ENSG00000197622.15,CDC42SE1,chr1,151050241,151070325,-
ENSG00000187866.10,PABIR1,chr9,68780064,68785566,+
ENSG00000255054.3,ENSG00000255054,chr1,25811469,25823744,+
ENSG00000158764.9,ITLN2,chr1,160944265,160954889,-
ENSG00000155367.18,PPM1J,chr1,112709993,112715502,-
ENSG00000109445.13,ZNF330,chr4,141220279,141234697,+
ENSG00000168374.13,ARF4,chr3,57571362,57598220,-
ENSG00000229314.8,ORM1,chr9,114322950,114326970,+
ENSG00000132185.20,FCRLA,chr1,161706957,161714352,+
ENSG00000162654.11,GBP4,chr1,89181143,89198953,-
ENSG00000137563.15,GGH,chr8,63014880,63039407,-
ENSG00000286522.3,H3C2,chr6,26028849,26032102,-
ENSG00000145191.17,EIF2B5,chr3,184134985,184146127,+
ENSG00000143401.17,ANP32E,chr1,150217462,150236202,-
ENSG00000115592.15,PRKAG3,chr2,218819049,218832086,-
ENSG00000106351.15,AGFG2,chr7,100539168,100569429,+
ENSG00000155329.14,ZCCHC10,chr5,132996984,133026604,-
ENSG00000071967.14,CYBRD1,chr2,171522246,171558133,+
ENSG00000281406.4,BLACAT1,chr1,205434851,205457390,-
ENSG00000145220.16,LYAR,chr4,4267571,4290196,-
ENSG00000105865.13,DUS4L,chr7,107563483,107579483,+
ENSG00000170323.11,FABP4,chr8,81474791,81483243,-
ENSG00000158850.17,B4GALT3,chr1,161171303,161178652,-
ENSG00000170542.9,SERPINB9,chr6,2887168,2903318,-
ENSG00000143727.18,ACP1,chr2,264139,280057,+
ENSG00000124541.9,RRP36,chr6,43021587,43034156,+
ENSG00000203970.4,DEFB110,chr6,50009137,50021994,-
ENSG00000163319.13,MRPS18C,chr4,83455929,83475844,+
ENSG00000080007.10,DDX43,chr6,73394773,73417578,+
ENSG00000162384.16,CZIB,chr1,53214098,53220657,-
ENSG00000136840.21,ST6GALNAC4,chr9,127906918,127917057,-
ENSG00000182700.5,IGIP,chr5,140125936,140129392,+
ENSG00000162735.21,PEX19,chr1,160266228,160286348,-
ENSG00000271567.2,PPIAL4E,chr1,144372874,144373634,-
ENSG00000054116.14,TRAPPC3,chr1,36136569,36156053,-
ENSG00000143368.12,SF3B4,chr1,149923316,149928268,-
ENSG00000198576.4,ARC,chr8,142611048,142614479,-
ENSG00000170312.19,CDK1,chr10,60778311,60796346,+
ENSG00000084774.16,CAD,chr2,27217344,27245683,+
ENSG00000122861.18,PLAU,chr10,73909176,73917501,+
ENSG00000310592.1,ENSG00000310592,chr5,134818915,134855133,+
ENSG00000146833.18,TRIM4,chr7,99876957,99919604,-
ENSG00000184108.8,TRIML1,chr4,188139440,188147743,+
ENSG00000143258.18,USP21,chr1,161159449,161165723,+
ENSG00000163499.14,CRYBA2,chr2,218990188,218994270,-
ENSG00000170027.8,YWHAG,chr7,76326798,76359022,-
ENSG00000184155.8,OR10J5,chr1,159535077,159536007,-
ENSG00000164849.12,GPR146,chr7,1044536,1059275,+
ENSG00000113810.18,SMC4,chr3,160399273,160437759,+
ENSG00000175606.12,TMEM70,chr8,73972436,73986514,+
ENSG00000165637.16,VDAC2,chr10,75209977,75231463,+
ENSG00000205236.6,ENSG00000205236,chr7,102582522,102642869,-
ENSG00000005073.7,HOXA11,chr7,27181156,27185253,-
ENSG00000181638.22,ZFP41,chr8,143245995,143262705,+
ENSG00000166529.18,ZSCAN21,chr7,100049766,100081304,+
ENSG00000171566.14,PLRG1,chr4,154535004,154550415,-
ENSG00000186103.5,ARGFX,chr3,121567948,121590622,+
ENSG00000155428.13,TRIM74,chr7,72959484,72969466,-
ENSG00000164244.23,PRRC1,chr5,127517616,127555085,+
ENSG00000165810.19,BTNL9,chr5,181040223,181061916,+
ENSG00000081154.13,PCNP,chr3,101574082,101594510,+
ENSG00000128045.8,RASL11B,chr4,52862310,52868585,+
ENSG00000075303.15,SLC25A40,chr7,87833560,87876404,-
ENSG00000146067.19,FAM193B,chr5,177519787,177554601,-
ENSG00000106080.12,FKBP14,chr7,30004405,30026716,-
ENSG00000134253.10,TRIM45,chr1,117111059,117122587,-
ENSG00000289791.1,ENSG00000289791,chr5,33997006,34008084,-
ENSG00000080822.19,CLDND1,chr3,98496784,98523066,-
ENSG00000136869.17,TLR4,chr9,117704169,117724735,+
ENSG00000116337.22,AMPD2,chr1,109616103,109632055,+
ENSG00000204480.9,PRAMEF19,chr1,13368430,13371947,-
ENSG00000271601.6,LIX1L,chr1,145933422,145958055,-
ENSG00000284773.1,ENSG00000284773,chr1,34974355,34985313,-
ENSG00000170791.20,CHCHD7,chr8,56211559,56218809,+
ENSG00000178522.15,AMBN,chr4,70592255,70607288,+
ENSG00000169223.18,LMAN2,chr5,177315804,177351840,-
ENSG00000145911.9,N4BP3,chr5,178113166,178127034,+
ENSG00000172969.9,FRG2C,chr3,75664327,75667220,+
ENSG00000237651.9,C2orf74,chr2,61145067,61165407,+
ENSG00000145916.21,RMND5B,chr5,178129067,178152762,+
ENSG00000163792.8,TCF23,chr2,27148998,27156974,+
ENSG00000270249.2,ENSG00000270249,chr7,102541500,102592444,-
ENSG00000241399.9,CD302,chr2,159764911,159798389,-
ENSG00000168566.15,SNRNP48,chr6,7590180,7612832,+
ENSG00000133678.16,TMEM254,chr10,80078640,80092862,+
ENSG00000158406.6,H4C8,chr6,26277608,26285638,-
ENSG00000164687.13,FABP5,chr8,81280266,81285731,+
ENSG00000250298.6,GIMD1,chr4,106357391,106368778,-
ENSG00000187140.6,FOXD3,chr1,63322566,63325128,+
ENSG00000197894.14,ADH5,chr4,99070977,99088822,-
ENSG00000266412.8,NCOA4,chr10,46004866,46030670,-
ENSG00000165120.6,SSMEM1,chr7,130206343,130219343,+
ENSG00000106635.10,BCL7B,chr7,73536354,73558017,-
ENSG00000106089.14,STX1A,chr7,73699204,73719706,-
ENSG00000112031.18,MTRF1L,chr6,152987361,153002802,-
ENSG00000153140.11,CETN3,chr5,90389657,90409793,-
ENSG00000001630.20,CYP51A1,chr7,92084501,92134803,-
ENSG00000014914.23,MTMR11,chr1,149928649,149937534,-
ENSG00000180353.13,HCLS1,chr3,121631398,121660927,-
ENSG00000163040.17,CCDC74A,chr2,131527674,131533667,+
ENSG00000146909.10,NOM1,chr7,156949705,156973176,+
ENSG00000116001.19,TIA1,chr2,70209443,70248761,-
ENSG00000112308.16,C6orf62,chr6,24704104,24720900,-
ENSG00000161203.16,AP2M1,chr3,184174688,184184214,+
ENSG00000145103.17,ILDR1,chr3,121987321,122022282,-
ENSG00000186792.19,HYAL3,chr3,50292829,50299437,-
ENSG00000155087.4,ODF1,chr8,102551588,102561018,+
ENSG00000116273.8,PHF13,chr1,6613722,6624030,+
ENSG00000283473.5,FAM240A,chr3,46612524,46626543,+
ENSG00000133872.16,SARAF,chr8,30062852,30083331,-
ENSG00000235942.3,LCE6A,chr1,152842855,152843983,+
ENSG00000163879.13,DNALI1,chr1,37556917,37566857,+
ENSG00000112118.22,MCM3,chr6,52264008,52284881,-
ENSG00000186207.5,LCE5A,chr1,152510802,152512177,+
ENSG00000184292.7,TACSTD2,chr1,58575432,58577252,-
ENSG00000158485.13,CD1B,chr1,158327950,158331538,-
ENSG00000120217.15,CD274,chr9,5450502,5470566,+
ENSG00000171180.3,OR2M4,chr1,248231416,248244679,+
ENSG00000204849.10,SPATA31A1,chr9,39355668,39361962,+
ENSG00000211460.14,TSN,chr2,121737102,121767871,+
ENSG00000163444.14,TMEM183A,chr1,203006597,203025368,+
ENSG00000158828.10,PINK1,chr1,20633435,20652231,+
ENSG00000188175.12,HEPACAM2,chr7,93188443,93226559,-
ENSG00000115386.8,REG1A,chr2,79111235,79123410,+
ENSG00000168679.20,SLC16A4,chr1,110362846,110391082,-
ENSG00000148334.18,PTGES2,chr9,128120692,128128462,-
ENSG00000163833.10,FBXO40,chr3,121592885,121630434,+
ENSG00000173261.10,PLAC8L1,chr5,146084312,146106205,-
ENSG00000244038.12,DDOST,chr1,20647466,20661544,-
ENSG00000143373.20,ZNF687,chr1,151281501,151292180,+
ENSG00000244219.9,TMEM225B,chr7,99597867,99611045,+
ENSG00000158815.12,FGF17,chr8,22042387,22048809,+
ENSG00000196411.12,EPHB4,chr7,100802562,100827584,-
ENSG00000113088.7,GZMK,chr5,55024248,55034570,+
ENSG00000197375.16,SLC22A5,chr5,132369492,132395615,+
ENSG00000083937.11,CHMP2B,chr3,87227257,87259944,+
ENSG00000181773.9,GPR3,chr1,27392613,27395814,+
ENSG00000114744.11,COMMD2,chr3,149733245,149752495,-
ENSG00000078808.22,SDF4,chr1,1216886,1240964,-
ENSG00000154277.15,UCHL1,chr4,41256412,41268567,+
ENSG00000171135.17,JAGN1,chr3,9890568,9894349,+
ENSG00000171462.17,DLK2,chr6,43450350,43456632,-
ENSG00000177174.1,OR14C36,chr1,248348774,248349713,+
ENSG00000122733.14,PHF24,chr9,34957607,34982544,+
ENSG00000212122.4,TSSK1B,chr5,113432552,113434989,-
ENSG00000253598.3,SLC10A5,chr8,81693630,81695058,-
ENSG00000239857.9,GET4,chr7,876485,896441,+
ENSG00000115474.8,KCNJ13,chr2,232765801,232776566,-
ENSG00000177917.13,ARL6IP6,chr2,152717620,152762622,+
ENSG00000204334.9,ERICH2,chr2,170766877,170798977,+
ENSG00000162650.19,ATXN7L2,chr1,109483478,109492812,+
ENSG00000180354.18,MTURN,chr7,30134727,30162765,+
ENSG00000165629.22,ATP5F1C,chr10,7788091,7807911,+
ENSG00000172037.16,LAMB2,chr3,49121112,49133118,-
ENSG00000085999.15,RAD54L,chr1,46246460,46282459,+
ENSG00000289763.1,ENSG00000289763,chr3,10249041,10249366,+
ENSG00000142945.15,KIF2C,chr1,44739809,44767767,+
ENSG00000276119.1,OR13C2,chr9,104604670,104605627,-
ENSG00000095261.16,PSMD5,chr9,120815495,120843388,-
ENSG00000164776.13,PHKG1,chr7,56079922,56093012,-
ENSG00000170876.11,TMEM43,chr3,14124997,14143681,+
ENSG00000122435.13,TRMT13,chr1,100133042,100151150,+
ENSG00000214642.1,DEFB113,chr6,49968676,49969625,-
ENSG00000186193.11,SAPCD2,chr9,137062126,137070593,-
ENSG00000081307.17,UBA5,chr3,132654445,132679794,+
ENSG00000152147.13,GEMIN6,chr2,38751533,38785002,+
ENSG00000182083.8,OR6B2,chr2,240029490,240030429,-
ENSG00000143869.8,GDF7,chr2,20667133,20679243,+
ENSG00000173193.17,PARP14,chr3,122680211,122730840,+
ENSG00000189334.11,S100A14,chr1,153614254,153616996,-
ENSG00000122692.11,SMU1,chr9,33041764,33081411,-
ENSG00000174792.12,ODAPH,chr4,75556027,75565997,+
ENSG00000164265.11,SCGB3A2,chr5,147869799,147882310,+
ENSG00000237110.3,TAAR9,chr6,132538276,132539336,+
ENSG00000138755.7,CXCL9,chr4,76001274,76007515,-
ENSG00000146378.6,TAAR2,chr6,132617021,132624275,-
ENSG00000229972.11,IQCF3,chr3,51826882,51833389,+
ENSG00000164209.19,SLC25A46,chr5,110738135,110765173,+
ENSG00000123975.7,CKS2,chr9,89311154,89316715,+
ENSG00000071243.18,ING3,chr7,120950717,120977216,+
ENSG00000165985.13,C1QL3,chr10,16510762,16521885,-
ENSG00000187733.9,AMY1C,chr1,103745125,103758726,+
ENSG00000172594.15,SMPDL3A,chr6,122788455,122811801,+
ENSG00000113460.15,BRIX1,chr5,34915272,34926622,+
ENSG00000185013.18,NT5C1B,chr2,18562870,18589569,-
ENSG00000146383.7,TAAR6,chr6,132570321,132571359,+
ENSG00000251184.1,ENSG00000251184,chr9,128941477,128957021,+
ENSG00000117385.18,P3H1,chr1,42746334,42767084,-
ENSG00000134183.15,GNAT2,chr1,109601406,109619929,-
ENSG00000163161.16,ERCC3,chr2,127257284,127294188,-
ENSG00000119147.11,ECRG4,chr2,106063245,106078155,+
ENSG00000175324.12,LSM1,chr8,38161435,38176730,-
ENSG00000143363.19,PRUNE1,chr1,151008407,151035714,+
ENSG00000008324.14,SS18L2,chr3,42581839,42596985,+
ENSG00000143315.8,PIGM,chr1,160024952,160031990,-
ENSG00000170681.9,CAVIN4,chr9,100578032,100590017,+
ENSG00000136986.12,DERL1,chr8,123013169,123042406,-
ENSG00000143303.14,METTL25B,chr1,156728441,156736960,+
ENSG00000188761.14,BCL2L15,chr1,113876815,113887588,-
ENSG00000138668.22,HNRNPD,chr4,82350775,82374543,-
ENSG00000177034.19,MTX3,chr5,79976715,79991270,-
ENSG00000112167.12,SAYSD1,chr6,39104062,39115193,-
ENSG00000165119.25,HNRNPK,chr9,83966673,83981586,-
ENSG00000163162.11,RNF149,chr2,101271214,101308770,-
ENSG00000135245.12,HILPDA,chr7,128455824,128458423,+
ENSG00000112742.12,TTK,chr6,80003886,80043580,+
ENSG00000204843.15,DCTN1,chr2,74361153,74392087,-
ENSG00000164600.8,NEUROD6,chr7,31337065,31340901,-
ENSG00000143382.18,ADAMTSL4,chr1,150549368,150560937,+
ENSG00000131732.14,ZCCHC9,chr5,81301579,81315599,+
ENSG00000156509.15,FBXO43,chr8,100133350,100145826,-
ENSG00000228336.2,OR9H1,chr1,247770168,247779524,+
ENSG00000150873.14,CIMIP5,chr2,11133008,11154576,+
ENSG00000112796.12,ENPP5,chr6,46149703,46171113,-
ENSG00000239395.2,ENSG00000239395,chr1,247711812,247723764,-
ENSG00000105793.18,GTPBP10,chr7,90335222,90391453,+
ENSG00000163013.13,FBXO41,chr2,73254681,73284478,-
ENSG00000187094.14,CCK,chr3,42257822,42266190,-
ENSG00000239887.6,C1orf226,chr1,162378840,162386812,+
ENSG00000179270.8,PCARE,chr2,29060975,29074566,-
ENSG00000160991.19,ORAI2,chr7,102433105,102456825,+
ENSG00000186480.15,INSIG1,chr7,155296730,155311963,+
ENSG00000237190.5,CDKN2AIPNL,chr5,134373326,134411902,-
ENSG00000156467.12,UQCRB,chr8,96222946,96235621,-
ENSG00000162819.14,BROX,chr1,222711479,222735927,+
ENSG00000274290.3,H2BC6,chr6,26172058,26184655,+
ENSG00000164109.16,MAD2L1,chr4,120055622,120067192,-
ENSG00000163466.18,ARPC2,chr2,218216629,218254356,+
ENSG00000124787.16,RPP40,chr6,4984786,5004063,-
ENSG00000185662.12,SMIM23,chr5,171782431,171796126,+
ENSG00000255154.10,HTD2,chr3,58306238,58324695,+
ENSG00000163684.13,RPP14,chr3,58306238,58324695,+
ENSG00000184925.14,LCN12,chr9,136949390,136956535,+
ENSG00000116251.13,RPL22,chr1,6185019,6209389,-
ENSG00000178467.20,P4HTM,chr3,48989857,49007153,+
ENSG00000163472.21,TMEM79,chr1,156282927,156293185,+
ENSG00000168152.14,THAP9,chr4,82900683,82920287,+
ENSG00000152661.11,GJA1,chr6,121435576,121449739,+
ENSG00000143434.19,SEMA6C,chr1,151131684,151147813,-
ENSG00000171757.19,LRRC34,chr3,169793002,169813008,-
ENSG00000145029.17,NICN1,chr3,49422332,49429331,-
ENSG00000163884.6,KLF15,chr3,126342634,126357462,-
ENSG00000172086.11,KRCC1,chr2,88027202,88064252,-
ENSG00000129625.15,REEP5,chr5,112876384,112922363,-
ENSG00000162727.3,OR2M5,chr1,248145147,248146086,+
ENSG00000168393.15,DTYMK,chr2,241675737,241686981,-
ENSG00000248919.7,ATP5MF-PTCD1,chr7,99419748,99466197,-
ENSG00000107223.15,EDF1,chr9,136862112,136866343,-
ENSG00000289565.1,ENSG00000289565,chr1,145917713,145926741,-
ENSG00000136522.16,MRPL47,chr3,179571523,179604663,-
ENSG00000122585.10,NPY,chr7,24284181,24291867,+
ENSG00000114349.11,GNAT1,chr3,50191585,50197696,+
ENSG00000116863.13,ADPRS,chr1,36088872,36095461,+
ENSG00000034239.13,CLXN,chr8,48710788,48735311,-
ENSG00000117505.15,DR1,chr1,93345877,93369493,+
ENSG00000115461.7,IGFBP5,chr2,216672104,216695549,-
ENSG00000163093.14,BBS5,chr2,169479479,169509452,+
ENSG00000030110.16,BAK1,chr6,33568790,33580305,-
ENSG00000121905.12,HPCA,chr1,32881497,32898441,+
ENSG00000171540.8,OTP,chr5,77628711,77638713,-
ENSG00000136286.18,MYO1G,chr7,44962661,44979813,-
ENSG00000173467.11,AGR3,chr7,16854679,16881990,-
ENSG00000163599.18,CTLA4,chr2,203853887,203873965,+
ENSG00000131446.19,MGAT1,chr5,180784779,180815652,-
ENSG00000138459.11,SLC35A5,chr3,112561268,112587350,+
ENSG00000243414.8,TICAM2,chr5,115578120,115602529,-
ENSG00000214114.11,MYCBP,chr1,38862355,38873388,-
ENSG00000137976.9,DNASE2B,chr1,84398483,84415644,+
ENSG00000137309.23,HMGA1,chr6,34235617,34246236,+
ENSG00000136698.10,CFC1,chr2,130592164,130599575,-
ENSG00000189171.18,S100A13,chr1,153618611,153634442,-
ENSG00000120318.18,ARAP3,chr5,141653203,141682255,-
ENSG00000179921.16,GPBAR1,chr2,218259495,218263861,+
ENSG00000106246.20,PTCD1,chr7,99415191,99466201,-
ENSG00000203778.10,FAM229B,chr6,112087121,112104326,+
ENSG00000160124.11,MIX23,chr3,122338390,122383276,-
ENSG00000284691.3,ENSG00000284691,chr7,150400701,150412470,+
ENSG00000117614.12,SYF2,chr1,25220701,25232509,-
ENSG00000146399.4,TAAR1,chr6,132643311,132659207,-
ENSG00000112812.18,PRSS16,chr6,27247700,27256646,+
ENSG00000198833.9,UBE2J1,chr6,89321390,89353180,-
ENSG00000136273.16,HUS1,chr7,47961881,47979682,-
ENSG00000241186.12,CRIPTO,chr3,46573632,46584684,+
ENSG00000214360.5,EFCAB9,chr5,172194171,172203454,+
ENSG00000188674.13,C2orf80,chr2,208165342,208190245,-
ENSG00000143028.11,SYPL2,chr1,109466528,109482142,+
ENSG00000121858.13,TNFSF10,chr3,172505502,172523529,-
ENSG00000197245.8,FAM110D,chr1,26159032,26163962,+
ENSG00000131788.18,PIAS3,chr1,145848520,145859836,-
ENSG00000170632.16,ARMC10,chr7,103074624,103103945,+
ENSG00000106341.13,PPP1R17,chr7,31687177,31709288,+
ENSG00000132840.12,BHMT2,chr5,79069541,79090084,+
ENSG00000243943.12,ZNF512,chr2,27582968,27623217,+
ENSG00000124875.11,CXCL6,chr4,73836621,73849064,+
ENSG00000174946.7,GPR171,chr3,151197831,151203216,-
ENSG00000231989.5,PPP1R2B,chr5,156850294,156852528,+
ENSG00000162734.15,PEA15,chr1,160205327,160220335,+
ENSG00000163344.8,PMVK,chr1,154924731,154937008,-
ENSG00000171217.6,CLDN20,chr6,155264012,155276548,+
ENSG00000274944.4,ENSG00000274944,chr1,38864500,38881617,-
ENSG00000189143.10,CLDN4,chr7,73799541,73832690,+
ENSG00000142751.17,GPN2,chr1,26876131,26890283,-
ENSG00000143450.19,OAZ3,chr1,151762898,151771334,+
ENSG00000169442.10,CD52,chr1,26317906,26320527,+
ENSG00000136527.21,TRA2B,chr3,185914557,185938103,-
ENSG00000134970.16,TMED7,chr5,115607317,115634830,-
ENSG00000188886.6,ASTL,chr2,96122817,96138564,-
ENSG00000137207.14,YIPF3,chr6,43511199,43516985,-
ENSG00000115665.11,SLC5A7,chr2,107986515,108014213,+
ENSG00000172795.18,DCP2,chr5,112976701,113028477,+
ENSG00000144134.21,RABL2A,chr2,113627214,113643407,+
ENSG00000119328.14,ABITRAM,chr9,108934129,108950941,+
ENSG00000132780.19,NASP,chr1,45583575,45618905,+
ENSG00000121579.16,NAA50,chr3,113716457,113746786,-
ENSG00000090534.22,THPO,chr3,184367388,184381968,-
ENSG00000253313.8,C1orf210,chr1,43281270,43285908,-
ENSG00000248487.12,ABHD14A,chr3,51971425,51982398,+
ENSG00000026950.20,BTN3A1,chr6,26402236,26415216,+
ENSG00000142731.13,PLK4,chr4,127880889,127899224,+
ENSG00000205108.7,SPATA31F1,chr9,34719195,34729538,-
ENSG00000114779.22,ABHD14B,chr3,51968509,51983409,-
ENSG00000266472.8,MRPS21,chr1,150293847,150309828,+
ENSG00000106560.12,GIMAP2,chr7,150685646,150694763,+
ENSG00000144834.16,TAGLN3,chr3,111998734,112013890,+
ENSG00000070756.19,PABPC1,chr8,100685815,100722809,-
ENSG00000162897.17,FCAMR,chr1,206957964,206970625,-
ENSG00000182477.5,OR2B8,chr6,28053227,28054165,-
ENSG00000136270.16,TBRG4,chr7,45097496,45112048,-
ENSG00000170385.11,SLC30A1,chr1,211571567,211579218,-
ENSG00000147533.20,GOLGA7,chr8,41488199,41511095,+
ENSG00000107372.15,ZFAND5,chr9,72350312,72365785,-
ENSG00000196378.16,ZNF34,chr8,144770440,144788684,-
ENSG00000137547.11,MRPL15,chr8,54135182,54149588,+
ENSG00000196843.20,ARID5A,chr2,96536698,96552639,+
ENSG00000163762.9,TM4SF18,chr3,149318497,149334414,-
ENSG00000134690.13,CDCA8,chr1,37692472,37709719,+
ENSG00000075624.19,ACTB,chr7,5526408,5563902,-
ENSG00000163930.11,BAP1,chr3,52398584,52410038,-
ENSG00000164761.11,TNFRSF11B,chr8,118923556,118952251,-
ENSG00000286131.1,ENSG00000286131,chr8,32647201,32647390,+
ENSG00000157343.10,ARMC12,chr6,35737027,35749079,+
ENSG00000168556.8,ING2,chr4,183504753,183516111,+
ENSG00000154165.5,GPR15,chr3,98531977,98534681,+
ENSG00000158246.9,TENT5B,chr1,27000132,27012884,-
ENSG00000176256.11,HMGB4,chr1,33860474,33864791,+
ENSG00000235098.11,ANKRD65,chr1,1415636,1421769,-
ENSG00000132763.17,MMACHC,chr1,45500185,45513382,+
ENSG00000111911.9,HINT3,chr6,125956732,125980315,+
ENSG00000177489.1,OR2G2,chr1,247588359,247589313,+
ENSG00000124610.5,H1-1,chr6,26017031,26017787,-
ENSG00000163735.8,CXCL5,chr4,73995641,73998687,-
ENSG00000163577.10,EIF5A2,chr3,170888417,170908644,-
ENSG00000204612.2,FOXB2,chr9,77018705,77022372,+
ENSG00000105825.16,TFPI2,chr7,93856697,93890957,-
ENSG00000122862.7,SRGN,chr10,69087578,69105696,+
ENSG00000130193.10,THEM6,chr8,142727175,142736938,+
ENSG00000181631.8,P2RY13,chr3,151326311,151329555,-
ENSG00000122140.15,MRPS2,chr9,135499969,135504676,+
ENSG00000203663.4,OR2L2,chr1,248030069,248042305,+
ENSG00000171951.6,SCG2,chr2,223596091,223602773,-
ENSG00000163002.15,NUP35,chr2,183117512,183163152,+
ENSG00000166924.11,NYAP1,chr7,100483604,100494802,+
ENSG00000117400.19,MPL,chr1,43337807,43354466,+
ENSG00000166343.11,MSS51,chr10,73423578,73433567,-
ENSG00000164307.15,ERAP1,chr5,96759648,96808177,-
ENSG00000175766.15,EIF4E1B,chr5,176630581,176646644,+
ENSG00000159352.18,PSMD4,chr1,151254708,151279502,+
ENSG00000128714.7,HOXD13,chr2,176092689,176096240,+
ENSG00000115163.17,CENPA,chr2,26764288,26801067,+
ENSG00000186603.7,HPDL,chr1,45326894,45328710,+
ENSG00000066923.21,STAG3,chr7,100177562,100214387,+
ENSG00000131669.12,NINJ1,chr9,93121494,93134612,-
ENSG00000213516.11,RBMXL1,chr1,88978812,88993002,-
ENSG00000146109.7,ABT1,chr6,26596927,26600739,+
ENSG00000164975.18,SNAPC3,chr9,15422660,15465953,+
ENSG00000112039.8,FANCE,chr6,35452314,35467106,+
ENSG00000128534.10,LSM8,chr7,118183975,118204035,+
ENSG00000153563.18,CD8A,chr2,86784454,86808396,-
ENSG00000166228.11,PCBD1,chr10,70882279,70888616,-
ENSG00000187566.6,NHLRC1,chr6,18120439,18122677,-
ENSG00000168828.6,OR13J1,chr9,35869462,35870401,-
ENSG00000109424.6,UCP1,chr4,140559430,140569001,-
ENSG00000164695.6,CHMP4C,chr8,81732447,81759515,+
ENSG00000198225.6,FKBP1C,chr6,63211468,63213027,+
ENSG00000162736.20,NCSTN,chr1,160343293,160358957,+
ENSG00000146223.18,RPL7L1,chr6,42879601,42889925,+
ENSG00000027847.16,B4GALT7,chr5,177600080,177611056,+
ENSG00000114113.8,RBP2,chr3,139452883,139480767,-
ENSG00000076003.7,MCM6,chr2,135839625,135876484,-
ENSG00000153201.19,RANBP2,chr2,108719366,108785810,+
ENSG00000187642.12,PERM1,chr1,975193,982137,-
ENSG00000184345.5,IQCF2,chr3,51861614,51863424,+
ENSG00000179058.8,C9orf50,chr9,129612224,129621101,-
ENSG00000111801.18,BTN3A3,chr6,26440451,26453422,+
ENSG00000106436.8,MYL10,chr7,101613329,101629296,-
ENSG00000169131.15,ZNF354A,chr5,178711509,178732381,-
ENSG00000178473.7,UCN3,chr10,5364965,5374692,+
ENSG00000158863.24,FHIP2B,chr8,22089138,22104911,+
ENSG00000147457.16,CHMP7,chr8,23243629,23266156,+
ENSG00000113575.15,PPP2CA,chr5,134193966,134226219,-
ENSG00000272856.2,SCPPPQ1,chr4,87460801,87471050,-
ENSG00000115364.16,MRPL19,chr2,75646776,75692058,+
ENSG00000146281.8,PM20D2,chr6,89145998,89165565,+
ENSG00000205765.12,RIMOC1,chr5,41904187,41921692,+
ENSG00000158488.18,CD1E,chr1,158353695,158357553,+
ENSG00000084693.18,AGBL5,chr2,27042363,27070622,+
ENSG00000090520.14,DNAJB11,chr3,186567402,186585800,+
ENSG00000116688.20,MFN2,chr1,11980180,12015211,+
ENSG00000143862.10,ARL8A,chr1,202133403,202144755,-
ENSG00000256980.5,KHDC1L,chr6,73223543,73225770,-
ENSG00000172179.14,PRL,chr6,22287243,22302826,-
ENSG00000164010.17,ERMAP,chr1,42817077,42845920,+
ENSG00000127125.11,PPCS,chr1,42456116,42473417,+
ENSG00000116703.14,PDC,chr1,186443565,186461114,-
ENSG00000146469.15,VIP,chr6,152746497,152760674,+
ENSG00000163462.20,TRIM46,chr1,155173786,155184971,+
ENSG00000187626.11,ZKSCAN4,chr6,28241010,28252924,-
ENSG00000174307.8,PHLDA3,chr1,201463857,201469430,-
ENSG00000109270.15,LAMTOR3,chr4,99874947,99894428,-
ENSG00000115884.13,SDC1,chr2,20200795,20225512,-
ENSG00000120137.9,PANK3,chr5,168544582,168579626,-
ENSG00000144843.14,ADPRH,chr3,119579267,119590165,+
ENSG00000131791.10,PRKAB2,chr1,147155105,147173716,-
ENSG00000163380.18,LMOD3,chr3,69106064,69123032,-
ENSG00000004838.16,ZMYND10,chr3,50341109,50345746,-
ENSG00000112238.12,PRDM13,chr6,99606773,99615578,+
ENSG00000176399.5,DMRTA1,chr9,22446776,22468199,+
ENSG00000000938.15,FGR,chr1,27611387,27635565,-
ENSG00000186827.13,TNFRSF4,chr1,1211325,1214153,-
ENSG00000168275.17,COA6,chr1,234373437,234385080,+
ENSG00000214654.10,B3GALT9,chr9,120792402,120801787,+
ENSG00000138074.17,SLC5A6,chr2,27199586,27212958,-
ENSG00000169006.9,NTSR2,chr2,11658160,11670346,-
ENSG00000146457.18,WTAP,chr6,159716377,159756319,+
ENSG00000165264.13,NDUFB6,chr9,32552902,32573189,-
ENSG00000111834.14,RSPH4A,chr6,116616473,116634765,+
ENSG00000146094.18,DOK3,chr5,177501887,177511274,-
ENSG00000165698.18,SPACA9,chr9,132878026,132890316,+
ENSG00000112208.13,BAG2,chr6,57172271,57189833,+
ENSG00000090263.18,MRPS33,chr7,141002609,141015286,-
ENSG00000091527.19,CDV3,chr3,133573542,133590274,+
ENSG00000171604.14,CXXC5,chr5,139646374,139683882,+
ENSG00000235173.8,HGH1,chr8,144137773,144140851,+
ENSG00000237763.12,AMY1A,chr1,103650591,103664629,+
ENSG00000196616.17,ADH1B,chr4,99304970,99321659,-
ENSG00000197780.12,TAF13,chr1,109062488,109076014,-
ENSG00000143553.13,SNAPIN,chr1,153658673,153663930,+
ENSG00000185674.12,LYG2,chr2,99242168,99255666,-
ENSG00000164933.13,SLC25A32,chr8,103398634,103415189,-
ENSG00000115806.15,GORASP2,chr2,170928463,170967135,+
ENSG00000116679.19,IVNS1ABP,chr1,185292930,185317862,-
ENSG00000148339.15,SLC25A25,chr9,128068168,128109245,+
ENSG00000143595.15,AQP10,chr1,154321089,154325329,+
ENSG00000164620.11,RELL2,chr5,141636949,141641065,+
ENSG00000283039.1,KLF18,chr1,44137820,44141631,-
ENSG00000116721.9,PRAMEF1,chr1,12791396,12796628,+
ENSG00000250741.6,NT5C1B-RDH14,chr2,18555544,18589564,-
ENSG00000186212.4,SOWAHB,chr4,76894151,76898144,-
ENSG00000151806.16,GUF1,chr4,44678402,44703060,+
ENSG00000197355.13,UAP1L1,chr9,137077469,137084544,+
ENSG00000118432.15,CNR1,chr6,88139862,88167364,-
ENSG00000144115.20,THNSL2,chr2,88170294,88189578,+
ENSG00000188643.13,S100A16,chr1,153606881,153614012,-
ENSG00000177556.14,ATOX1,chr5,151728918,151772532,-
ENSG00000106638.20,TBL2,chr7,73567536,73578791,-
ENSG00000178015.5,GPR150,chr5,95620086,95622142,+
ENSG00000133055.12,MYBPH,chr1,203167810,203175880,-
ENSG00000183347.17,GBP6,chr1,89363894,89388160,+
ENSG00000171872.6,KLF17,chr1,44118820,44135387,+
ENSG00000205795.6,CYS1,chr2,10056472,10080944,-
ENSG00000117215.16,PLA2G2D,chr1,20111938,20119566,-
ENSG00000157219.6,HTR5A,chr7,155070318,155087392,+
ENSG00000144233.13,AMMECR1L,chr2,127861629,127885967,-
ENSG00000148057.18,IDNK,chr9,83623048,83644138,+
ENSG00000198837.12,DENND4B,chr1,153928861,153946749,-
ENSG00000222009.11,BTBD19,chr1,44808505,44817381,+
ENSG00000143256.7,PFDN2,chr1,161100555,161118070,-
ENSG00000144130.12,NT5DC4,chr2,112721019,112742879,+
ENSG00000185818.9,NAT8L,chr4,2058661,2069089,+
ENSG00000106609.18,TMEM248,chr7,66921159,66958551,+
ENSG00000164172.22,MOCS2,chr5,53094140,53113016,-
ENSG00000114405.13,CEP15,chr3,62319000,62336213,+
ENSG00000170619.12,COMMD5,chr8,144837759,144854229,-
ENSG00000145198.17,VWA5B2,chr3,184228995,184242342,+
ENSG00000162910.21,MRPL55,chr1,228105948,228109358,-
ENSG00000118523.8,CCN2,chr6,131948175,131951456,-
ENSG00000114547.11,ROPN1B,chr3,125969152,125983454,+
ENSG00000198876.15,DCAF12,chr9,34086383,34127399,-
ENSG00000117222.16,RBBP5,chr1,205085684,205122263,-
ENSG00000112578.13,BYSL,chr6,41921228,41934602,+
ENSG00000143452.17,HORMAD1,chr1,150698058,150720895,-
ENSG00000178567.8,EPM2AIP1,chr3,36985042,36993131,-
ENSG00000070669.19,ASNS,chr7,97850161,97893143,-
ENSG00000181754.9,AMIGO1,chr1,109503463,109509758,-
ENSG00000137561.7,TTPA,chr8,63048138,63086197,-
ENSG00000124743.7,KLHL31,chr6,53647915,53665868,-
ENSG00000206536.1,OR5K3,chr3,98390665,98391631,+
ENSG00000127129.12,EDN2,chr1,41478773,41500502,-
ENSG00000145088.11,EAF2,chr3,121835163,121888073,+
ENSG00000165732.16,DDX21,chr10,68956134,68985417,+
ENSG00000197437.5,OR13G1,chr1,247670811,247679739,-
ENSG00000143155.15,TIPRL,chr1,168178819,168202114,+
ENSG00000131015.7,ULBP2,chr6,149941937,149949235,+
ENSG00000145824.15,CXCL14,chr5,135570678,135579580,-
ENSG00000160716.7,CHRNB2,chr1,154567770,154580013,+
ENSG00000114786.16,ABHD14A-ACY1,chr3,51974705,51989183,+
ENSG00000121634.6,GJA8,chr1,147902794,147909269,+
ENSG00000175701.12,MTLN,chr2,110211527,110245420,-
ENSG00000122952.19,ZWINT,chr10,56352709,56361392,-
ENSG00000136939.1,OR1L4,chr9,122723989,122724925,+
ENSG00000179055.8,OR13D1,chr9,104694517,104695462,+
ENSG00000163950.15,SLBP,chr4,1692730,1712344,-
ENSG00000160803.10,UBQLN4,chr1,156026960,156053814,-
ENSG00000181061.16,HIGD1A,chr3,42782903,42804531,-
ENSG00000162613.20,FUBP1,chr1,77944054,77979527,-
ENSG00000156574.11,NODAL,chr10,70431935,70447951,-
ENSG00000165507.11,DEPP1,chr10,44970980,44978816,-
ENSG00000178397.14,FAM220A,chr7,6329408,6348981,-
ENSG00000075073.17,TACR2,chr10,69402884,69416923,-
ENSG00000164758.9,MED30,chr8,117520698,117540469,+
ENSG00000188732.13,FAM221A,chr7,23680113,23706228,+
ENSG00000169583.15,CLIC3,chr9,136994607,136996729,-
ENSG00000273088.2,ENSG00000273088,chr1,155169408,155187272,-
ENSG00000113240.16,CLK4,chr5,178602658,178630615,-
ENSG00000203909.5,DPPA5,chr6,73353062,73354294,-
ENSG00000117152.14,RGS4,chr1,163068774,163076802,+
ENSG00000119938.10,PPP1R3C,chr10,91619287,91633071,-
ENSG00000095380.13,NANS,chr9,98056636,98084394,+
ENSG00000286075.4,SMIM10L3,chr7,6329408,6348967,-
ENSG00000118804.10,STBD1,chr4,76306274,76314086,+
ENSG00000165997.7,ARL5B,chr10,18659303,18681640,+
ENSG00000182552.16,RWDD4,chr4,183639634,183659203,-
ENSG00000145331.16,TRMT10A,chr4,99546699,99564070,-
ENSG00000186281.15,GPAT2,chr2,96021942,96039451,-
ENSG00000163121.12,NEURL3,chr2,96497643,96508153,-
ENSG00000118402.7,ELOVL4,chr6,79913807,79947701,-
ENSG00000205085.13,GARIN1A,chr7,128671692,128687877,+
ENSG00000197461.15,PDGFA,chr7,497257,520705,-
ENSG00000055957.13,ITIH1,chr3,52777558,52792068,+
ENSG00000145020.17,AMT,chr3,49416770,49422685,-
ENSG00000178826.13,TMEM139,chr7,143279936,143288240,+
ENSG00000117560.10,FASLG,chr1,172658989,172666891,+
ENSG00000120437.11,ACAT2,chr6,159761444,159788182,+
ENSG00000157916.22,RER1,chr1,2390669,2405444,+
ENSG00000163424.10,TEX55,chr3,119146150,119160042,+
ENSG00000119737.7,GPR75,chr2,53852751,53860160,-
ENSG00000186453.15,FAM228A,chr2,24175050,24200849,+
ENSG00000164604.16,GPR85,chr7,113078330,113087778,-
ENSG00000188060.9,RAB42,chr1,28592199,28596280,+
ENSG00000121851.15,POLR3GL,chr1,145957025,145978849,+
ENSG00000168333.16,PPDPFL,chr8,49054310,49076093,+
ENSG00000002745.14,WNT16,chr7,121325366,121341252,+
ENSG00000165272.18,AQP3,chr9,33441155,33447596,-
ENSG00000173567.17,ADGRF3,chr2,26308172,26346817,-
ENSG00000268223.8,ARL14EPL,chr5,116032245,116060118,+
ENSG00000171357.7,LURAP1,chr1,46203190,46223718,+
ENSG00000164332.10,UBLCP1,chr5,159263071,159287721,+
ENSG00000174574.18,AKIRIN1,chr1,38991253,39007692,+
ENSG00000144840.12,RABL3,chr3,120684937,120742993,-
ENSG00000185372.4,OR2V1,chr5,181123121,181131169,-
ENSG00000114745.17,GORASP1,chr3,39095221,39108369,-
ENSG00000160714.13,UBE2Q1,chr1,154548549,154559028,-
ENSG00000186881.3,OR13F1,chr9,104504262,104505222,+
ENSG00000111897.9,SERINC1,chr6,122443347,122471854,-
ENSG00000204022.10,LIPJ,chr10,88586752,88607880,+
ENSG00000123739.13,PLA2G12A,chr4,109709764,109730070,-
ENSG00000135929.11,CYP27A1,chr2,218781687,218825335,+
ENSG00000164053.24,ATRIP,chr3,48446709,48467645,+
ENSG00000186090.11,HTR3D,chr3,184031543,184039369,+
ENSG00000117394.26,SLC2A1,chr1,42925352,42958904,-
ENSG00000091106.21,NLRC4,chr2,32224452,32265820,-
ENSG00000120913.26,PDLIM2,chr8,22578057,22598025,+
ENSG00000171786.6,NHLH1,chr1,160367070,160372846,+
ENSG00000188373.6,GPR15LG,chr10,84173758,84185294,+
ENSG00000163257.14,DCAF16,chr4,17793445,17810758,-
ENSG00000165215.6,CLDN3,chr7,73768996,73770270,-
ENSG00000144214.12,LYG1,chr2,99284237,99306110,-
ENSG00000116903.7,EXOC8,chr1,231332752,231337852,-
ENSG00000143889.17,HNRNPLL,chr2,38561890,38603586,-
ENSG00000164112.15,SMIM43,chr4,121758532,121766260,-
ENSG00000171611.11,PTCRA,chr6,42915988,42925845,+
ENSG00000142627.15,EPHA2,chr1,16124336,16156141,-
ENSG00000169474.5,SPRR1A,chr1,152984080,152985814,+
ENSG00000180573.11,H2AC6,chr6,26124144,26139116,+
ENSG00000112658.10,SRF,chr6,43170909,43181506,+
ENSG00000117751.20,PPP1R8,chr1,27830762,27851676,+
ENSG00000132031.15,MATN3,chr2,19992051,20012824,-
ENSG00000230358.6,SPDYE21,chr7,67276940,67289005,+
ENSG00000181788.6,SIAH2,chr3,150741124,150763496,-
ENSG00000148019.16,CEP78,chr9,78236036,78279690,+
ENSG00000185745.11,IFIT1,chr10,89392545,89406487,+
ENSG00000114125.15,RNF7,chr3,141738188,141747611,+
ENSG00000135912.13,TTLL4,chr2,218710772,218759724,+
ENSG00000163728.13,TTC14,chr3,180602077,180618342,+
ENSG00000113838.15,TBCCD1,chr3,186546023,186570543,-
ENSG00000169919.19,GUSB,chr7,65960676,65982704,-
ENSG00000132305.24,IMMT,chr2,86142797,86195631,-
ENSG00000130711.5,PRDM12,chr9,130664593,130682986,+
ENSG00000273983.2,H3C8,chr6,26270917,26271413,-
ENSG00000121552.5,CSTA,chr3,122325237,122359856,+
ENSG00000198498.12,TMA16,chr4,163494441,163527120,+
ENSG00000085274.18,MYNN,chr3,169773376,169790449,+
ENSG00000172724.13,CCL19,chr9,34689561,34691355,-
ENSG00000182308.7,DCAF4L1,chr4,41981755,41986465,+
ENSG00000115548.19,KDM3A,chr2,86440646,86492716,+
ENSG00000173110.8,HSPA6,chr1,161524539,161526894,+
ENSG00000256671.8,LIMS4,chr2,110445882,110473075,-
ENSG00000115084.17,SLC35F5,chr2,113705010,113756700,-
ENSG00000145248.8,SLC10A4,chr4,48483130,48489526,+
ENSG00000170917.15,NUDT6,chr4,122886564,122922968,-
ENSG00000187553.10,CYP26C1,chr10,93060797,93069540,+
ENSG00000163734.4,CXCL3,chr4,74036588,74038807,-
ENSG00000114942.17,EEF1B2,chr2,206159574,206164806,+
ENSG00000073067.15,CYP2W1,chr7,983175,989640,+
ENSG00000159348.15,CYB5R1,chr1,202961117,202967287,-
ENSG00000096092.8,TMEM14A,chr6,52671071,52686592,+
ENSG00000187048.16,CYP4A11,chr1,46928861,46941594,-
ENSG00000114646.11,CSPG5,chr3,47562237,47580792,-
ENSG00000117862.16,TXNDC12,chr1,52020129,52056188,-
ENSG00000073737.19,DHRS9,chr2,169064788,169096168,+
ENSG00000049247.15,UTS2,chr1,7843007,7853512,-
ENSG00000187003.7,ACTL7A,chr9,108862265,108863756,+
ENSG00000148136.5,OR13C4,chr9,104526252,104527209,-
ENSG00000138100.16,TRIM54,chr2,27282365,27309400,+
ENSG00000164308.20,ERAP2,chr5,96875978,96919703,+
ENSG00000288678.2,ENSG00000288678,chr1,31919562,31938010,-
ENSG00000148218.18,ALAD,chr9,113386303,113401356,-
ENSG00000146576.15,INTS15,chr7,6589563,6608785,+
ENSG00000198721.15,ECI2,chr6,4115311,4135635,-
ENSG00000127364.4,TAS2R4,chr7,141776673,141781691,+
ENSG00000112116.11,IL17F,chr6,52236680,52245689,-
ENSG00000165028.14,NIPSNAP3B,chr9,104763726,104777764,+
ENSG00000113658.20,SMAD5,chr5,136132827,136188747,+
ENSG00000182333.15,LIPF,chr10,88664440,88678814,+
ENSG00000128519.3,TAS2R16,chr7,122994703,122995700,-
ENSG00000163623.11,NKX6-1,chr4,84491939,84499366,-
ENSG00000096654.18,ZNF184,chr6,27449020,27473141,-
ENSG00000162461.10,SLC25A34,chr1,15736175,15741392,+
ENSG00000164855.18,TMEM184A,chr7,1542234,1560821,-
ENSG00000160055.21,TMEM234,chr1,32214431,32222361,-
ENSG00000120337.10,TNFSF18,chr1,173039201,173050941,-
ENSG00000144028.17,SNRNP200,chr2,96274335,96321271,-
ENSG00000251493.5,FOXD1,chr5,73444826,73448777,-
ENSG00000188167.10,TMPPE,chr3,33083567,33097229,-
ENSG00000173545.7,ZNF622,chr5,16451510,16465811,-
ENSG00000186684.16,CYP27C1,chr2,127183831,127220385,-
ENSG00000116745.8,RPE65,chr1,68428821,68451103,-
ENSG00000160999.13,SH2B2,chr7,102284994,102321712,+
ENSG00000113845.12,TIMMDC1,chr3,119498514,119525090,+
ENSG00000155833.16,CYLC2,chr9,102995310,103018488,+
ENSG00000116771.8,AGMAT,chr1,15571698,15585084,-
ENSG00000254999.6,BRK1,chr3,10115589,10135082,+
ENSG00000248333.11,CDK11B,chr1,1635224,1659267,-
ENSG00000145217.16,SLC26A1,chr4,978991,997659,-
ENSG00000095596.13,CYP26A1,chr10,93073474,93077885,+
ENSG00000181634.9,TNFSF15,chr9,114784651,114806094,-
ENSG00000115361.10,ACADL,chr2,210186999,210225447,-
ENSG00000118496.7,FBXO30,chr6,145793501,145815267,-
ENSG00000138684.9,IL21,chr4,122610107,122621066,-
ENSG00000130427.4,EPO,chr7,100720464,100723700,+
ENSG00000170989.12,S1PR1,chr1,101235365,101243749,+
ENSG00000180398.15,MCFD2,chr2,46895792,46941855,-
ENSG00000125571.12,IL37,chr2,112911159,112918882,+
ENSG00000164924.20,YWHAZ,chr8,100914525,100953397,-
ENSG00000241685.12,ARPC1A,chr7,99325878,99366527,+
ENSG00000160870.16,CYP3A7,chr7,99704104,99735196,-
ENSG00000145309.6,CABS1,chr4,70334980,70337116,+
ENSG00000005981.15,ASB4,chr7,95478443,95540233,+
ENSG00000106178.9,CCL24,chr7,75810824,75823943,-
ENSG00000039600.13,SOX30,chr5,157624797,157671480,-
ENSG00000130764.12,LRRC47,chr1,3778558,3796517,-
ENSG00000152904.13,GGPS1,chr1,235327349,235344544,+
ENSG00000188739.17,RBM34,chr1,235131182,235161627,-
ENSG00000034533.14,ASTE1,chr3,131013064,131027649,-
ENSG00000138435.16,CHRNA1,chr2,174747591,174787935,-
ENSG00000164338.12,UTP15,chr5,73565442,73583380,+
ENSG00000157833.14,GAREM2,chr2,26173070,26196434,+
ENSG00000106605.13,BLVRA,chr7,43758008,43808868,+
ENSG00000136888.10,ATP6V1G1,chr9,114587571,114598915,+
ENSG00000147443.15,DOK2,chr8,21907460,21913960,-
ENSG00000243335.11,KCTD7,chr7,66628864,66649067,+
ENSG00000178381.15,ZFAND2A,chr7,1151902,1175914,-
ENSG00000118785.17,SPP1,chr4,87975666,87983532,+
ENSG00000187616.6,MYMK,chr9,133514585,133528612,-
ENSG00000117036.13,ETV3,chr1,157121190,157138952,-
ENSG00000162595.10,DIRAS3,chr1,68045512,68051717,-
ENSG00000138495.9,COX17,chr3,119654512,119677621,-
ENSG00000156486.9,KCNS2,chr8,98426869,98433657,+
ENSG00000189007.18,ADAT2,chr6,143422831,143450747,-
ENSG00000003509.18,NDUFAF7,chr2,37231627,37271420,+
ENSG00000205482.13,SPDYE18,chr7,77050390,77063938,-
ENSG00000196812.8,ZSCAN16,chr6,28107680,28131659,+
ENSG00000256162.3,SMLR1,chr6,130827405,130848147,+
ENSG00000188747.11,NOXA1,chr9,137422751,137434451,+
ENSG00000187801.17,ZFP69B,chr1,40450052,40464142,+
ENSG00000185220.14,PGBD2,chr1,248896646,248929070,+
ENSG00000155016.20,CYP2U1,chr4,107931323,107953465,+
ENSG00000132879.16,FBXO44,chr1,11650617,11663327,+
ENSG00000007944.17,MYLIP,chr6,16129062,16151367,+
ENSG00000168427.11,KLHL30,chr2,238138648,238152947,+
ENSG00000214513.5,NOTO,chr2,73202569,73212513,+
ENSG00000167094.18,TTC16,chr9,127716073,127731590,+
ENSG00000013375.19,PGM3,chr6,83147323,83194005,-
ENSG00000115009.14,CCL20,chr2,227805738,227817564,+
ENSG00000135226.18,UGT2B28,chr4,69280474,69295050,+
ENSG00000173272.18,MZT2A,chr2,131464899,131493042,-
ENSG00000072182.14,ASIC4,chr2,219514169,219538772,+
ENSG00000163528.15,CHCHD4,chr3,14112076,14124876,-
ENSG00000162981.16,LRATD1,chr2,14632678,14650815,+
ENSG00000178966.18,RMI1,chr9,83980354,84004078,+
ENSG00000196670.15,ZFP62,chr5,180843576,180861285,-
ENSG00000285480.3,H2BK1,chr7,151207415,151210488,-
ENSG00000253250.5,C8orf88,chr8,90958083,90985580,-
ENSG00000186510.14,CLCNKA,chr1,16018145,16034109,+
ENSG00000115524.19,SF3B1,chr2,197388514,197435079,-
ENSG00000225697.15,SLC26A6,chr3,48625717,48635510,-
ENSG00000186283.16,TOR3A,chr1,179081853,179098028,+
ENSG00000087269.18,NOP14,chr4,2937924,2963502,-
ENSG00000198042.13,MAK16,chr8,33484695,33501282,+
ENSG00000163026.13,WDCP,chr2,24029346,24049575,-
ENSG00000162702.10,ZNF281,chr1,200400936,200410063,-
ENSG00000167112.12,TRUB2,chr9,128305158,128322741,-
ENSG00000068697.9,LAPTM4A,chr2,20032647,20052054,-
ENSG00000137080.4,IFNA21,chr9,21165636,21166660,-
ENSG00000153975.12,ZUP1,chr6,116635615,116668816,-
ENSG00000088543.17,C3orf18,chr3,50556408,50573568,-
ENSG00000180834.10,MAP6D1,chr3,183815880,183825612,-
ENSG00000145476.18,CYP4V2,chr4,186191257,186215245,+
ENSG00000164291.19,ARSK,chr5,95555080,95607966,+
ENSG00000160883.13,HK3,chr5,176880819,176899437,-
ENSG00000180938.8,ZNF572,chr8,124973264,124992210,+
ENSG00000124802.14,EEF1E1,chr6,8073258,8102625,-
ENSG00000163389.14,POGLUT1,chr3,119468790,119494708,+
ENSG00000234284.9,ZNF879,chr5,179023796,179036933,+
ENSG00000182223.7,ZAR1,chr4,48490251,48494389,+
ENSG00000029363.19,BCLAF1,chr6,136256626,136289852,-
ENSG00000114859.18,CLCN2,chr3,184346184,184363274,-
ENSG00000001631.19,KRIT1,chr7,92197497,92246166,-
ENSG00000119383.23,PTPA,chr9,129110549,129148946,+
ENSG00000283189.2,ENSG00000283189,chr3,49416776,49429314,-
ENSG00000176058.15,TPRN,chr9,137191616,137204193,-
ENSG00000158234.15,FAIM,chr3,138608549,138633643,+
ENSG00000154007.8,ASB17,chr1,75918872,75932409,-
ENSG00000128040.14,SPINK2,chr4,56809856,56821869,-
ENSG00000228716.9,DHFR,chr5,80626225,80655002,-
ENSG00000160446.21,ZDHHC12,chr9,128720861,128724146,-
ENSG00000056736.12,IL17RB,chr3,53845672,53873463,+
ENSG00000136866.16,ZFP37,chr9,113038376,113056802,-
ENSG00000254726.3,MEX3A,chr1,156072012,156082465,-
ENSG00000188133.8,TMEM215,chr9,32783534,32789201,+
ENSG00000168509.22,HJV,chr1,146017467,146036746,-
ENSG00000156502.16,SUPV3L1,chr10,69180233,69209108,+
ENSG00000163263.8,CFAP141,chr1,154199084,154206352,-
ENSG00000137204.17,SLC22A7,chr6,43295693,43305543,+
ENSG00000158864.15,NDUFS2,chr1,161197103,161214723,+
ENSG00000117133.13,RPF1,chr1,84479244,84499677,+
ENSG00000181577.17,LINC03040,chr6,44000579,44007830,+
ENSG00000143127.15,ITGA10,chr1,145891205,145910111,-
ENSG00000114030.15,KPNA1,chr3,122421901,122514955,-
ENSG00000143185.5,XCL2,chr1,168540764,168544113,-
ENSG00000258223.7,PRSS58,chr7,142252140,142258062,-
ENSG00000143321.19,HDGF,chr1,156742108,156766925,-
ENSG00000138271.6,GPR87,chr3,151294085,151316820,-
ENSG00000117632.25,STMN1,chr1,25884180,25908470,-
ENSG00000160688.21,FLAD1,chr1,154983310,154993111,+
ENSG00000133048.15,CHI3L1,chr1,203176895,203186800,-
ENSG00000138386.19,NAB1,chr2,190646745,190695528,+
ENSG00000181092.12,ADIPOQ,chr3,186842673,186858463,+
ENSG00000248109.3,MARCOL,chr5,148221649,148243580,+
ENSG00000109163.8,GNRHR,chr4,67737117,67754403,-
ENSG00000144524.20,COPS7B,chr2,231781659,231809254,+
ENSG00000132406.14,TMEM128,chr4,4235540,4248372,-
ENSG00000121769.10,FABP3,chr1,31359582,31376850,-
ENSG00000106144.22,CASP2,chr7,143288214,143307696,+
ENSG00000240230.7,COX19,chr7,964851,975549,-
ENSG00000071575.13,TRIB2,chr2,12716909,12742734,+
ENSG00000223569.8,USP17L15,chr4,9234384,9236046,+
ENSG00000162399.10,BSND,chr1,54998905,55017172,+
ENSG00000131019.13,ULBP3,chr6,150057437,150069191,-
ENSG00000157020.20,SEC13,chr3,10293130,10321207,-
ENSG00000196550.13,FAM72A,chr1,206186178,206204414,-
ENSG00000001561.9,ENPP4,chr6,46129958,46152554,+
ENSG00000221970.4,OR2A1,chr7,144312418,144322737,+
ENSG00000163510.16,CWC22,chr2,179944028,180007332,-
ENSG00000132680.13,KHDC4,chr1,155913042,155934416,-
ENSG00000143149.15,ALDH9A1,chr1,165662215,165698599,-
ENSG00000165233.20,CARD19,chr9,93096152,93113284,+
ENSG00000118816.14,CCNI,chr4,77047154,77076319,-
ENSG00000116977.21,LGALS8,chr1,236517999,236552981,+
ENSG00000181449.4,SOX2,chr3,181711924,181714436,+
ENSG00000162878.15,PKDCC,chr2,42048013,42058525,+
ENSG00000277075.4,H2AC8,chr6,26216920,26218515,+
ENSG00000116212.18,LRRC42,chr1,53946044,53968168,+
ENSG00000163083.7,INHBB,chr2,120344813,120351803,+
ENSG00000120253.16,NUP43,chr6,149723372,149750286,-
ENSG00000112273.7,HDGFL1,chr6,22569565,22571666,+
ENSG00000218305.5,CDC14C,chr7,48924546,48927454,+
ENSG00000198128.4,OR2L3,chr1,248046835,248063407,+
ENSG00000213759.10,UGT2B11,chr4,69199950,69214748,-
ENSG00000171161.15,ZNF672,chr1,248838209,248849520,+
ENSG00000212807.3,OR2A42,chr7,144228243,144239605,-
ENSG00000117226.15,GBP3,chr1,89006665,89022894,-
ENSG00000134193.17,REG4,chr1,119794016,119811580,-
ENSG00000143412.12,ANXA9,chr1,150981320,150996077,+
ENSG00000182793.12,GSTA5,chr6,52831654,52840843,-
ENSG00000106733.23,NMRK1,chr9,75060569,75088831,-
ENSG00000165156.17,ZHX1,chr8,123246668,123275541,-
ENSG00000178562.20,CD28,chr2,203706516,203739756,+
ENSG00000171148.16,TADA3,chr3,9779963,9793011,-
ENSG00000159069.16,FBXW5,chr9,136938430,136950122,-
ENSG00000160972.12,PPP1R16A,chr8,144475988,144502126,+
ENSG00000129103.21,SUMF2,chr7,56064001,56087955,+
ENSG00000225921.9,NOL7,chr6,13615307,13633912,+
ENSG00000113302.7,IL12B,chr5,159314779,159330863,-
ENSG00000143374.20,TARS2,chr1,150487324,150507614,+
ENSG00000174720.20,LARP7,chr4,112636989,112657861,+
ENSG00000143811.22,PYCR2,chr1,225914981,225924340,-
ENSG00000152592.16,DMP1,chr4,87650277,87664361,+
ENSG00000143815.17,LBR,chr1,225400899,225428925,-
ENSG00000171564.14,FGB,chr4,154562951,154572807,+
ENSG00000120159.15,CAAP1,chr9,26837784,26892824,-
ENSG00000086232.15,EIF2AK1,chr7,6022246,6059240,-
ENSG00000142677.6,IL22RA1,chr1,24119768,24143301,-
ENSG00000105880.8,DLX5,chr7,97020104,97024950,-
ENSG00000270882.3,H4C14,chr1,149832656,149839767,+
ENSG00000109736.17,SLC75A1,chr4,2929916,2935462,-
ENSG00000168884.17,TNIP2,chr4,2741647,2756406,-
ENSG00000119403.17,PHF19,chr9,120854421,120894903,-
ENSG00000169740.16,ZNF32,chr10,43643858,43649367,-
ENSG00000168334.11,XIRP1,chr3,39183209,39192660,-
ENSG00000250745.3,USP17L20,chr4,9258123,9259716,+
ENSG00000135002.13,RFK,chr9,76385516,76394536,-
ENSG00000143387.16,CTSK,chr1,150794879,150809577,-
ENSG00000175206.13,NPPA,chr1,11845700,11848345,-
ENSG00000118518.19,RNF146,chr6,127266581,127290408,+
ENSG00000198754.5,OXCT2,chr1,39769522,39771348,-
ENSG00000153037.17,SRP19,chr5,112861187,112898371,+
ENSG00000172046.22,USP19,chr3,49105757,49120940,-
ENSG00000116954.10,RRAGC,chr1,38838197,38859772,-
ENSG00000273313.1,RBAKDN,chr7,5072124,5073223,+
ENSG00000136999.7,CCN3,chr8,119416367,119424453,+
ENSG00000122481.19,RWDD3,chr1,95234066,95247691,+
ENSG00000174567.10,GOLT1A,chr1,204198156,204214121,-
ENSG00000151689.15,INPP1,chr2,190334672,190371665,+
ENSG00000287839.3,ENSG00000287839,chr1,155626754,155648640,-
ENSG00000160783.21,PMF1,chr1,156212988,156240585,+
ENSG00000023330.17,ALAS1,chr3,52198084,52214620,+
ENSG00000138083.6,SIX3,chr2,44941695,44946071,+
ENSG00000146757.15,ZNF92,chr7,65373798,65401136,+
ENSG00000158874.14,APOA2,chr1,161222289,161227266,-
ENSG00000272398.7,CD24,chr6,106969830,106975802,-
ENSG00000244187.10,TMEM141,chr9,136791302,136793317,+
ENSG00000163931.19,TKT,chr3,53223039,53256055,-
ENSG00000136937.15,NCBP1,chr9,97633401,97676992,+
ENSG00000134375.13,TIMM17A,chr1,201955475,201970780,+
ENSG00000214415.4,GNAT3,chr7,80458634,80512064,-
ENSG00000205089.10,CCNI2,chr5,132747318,132765178,+
ENSG00000170162.16,VGLL2,chr6,117265557,117276512,+
ENSG00000160785.16,SLC25A44,chr1,156193931,156212796,+
ENSG00000095321.20,CRAT,chr9,129092812,129111313,-
ENSG00000163346.19,PBXIP1,chr1,154944058,154956451,-
ENSG00000247596.12,TWF2,chr3,52228611,52246788,-
ENSG00000162460.9,TMEM82,chr1,15742487,15747982,+
ENSG00000115457.12,IGFBP2,chr2,216632827,216664454,+
ENSG00000176209.14,SMIM19,chr8,42541131,42555195,+
ENSG00000115514.14,TXNDC9,chr2,99306475,99340702,-
ENSG00000135521.11,LTV1,chr6,143843301,143864329,+
ENSG00000138075.16,ABCG5,chr2,43806212,43838865,-
ENSG00000171199.11,OPRPN,chr4,70397930,70410195,+
ENSG00000232434.4,AJM1,chr9,136842477,136848801,+
ENSG00000134077.18,THUMPD3,chr3,9362966,9389323,+
ENSG00000124574.18,ABCC10,chr6,43427365,43451783,+
ENSG00000275074.4,NUDT18,chr8,22101007,22109444,-
ENSG00000160345.15,PIERCE1,chr9,135494520,135501756,-
ENSG00000116661.13,FBXO2,chr1,11637017,11655785,-
ENSG00000168491.11,CCDC110,chr4,185445181,185471752,-
ENSG00000173846.16,PLK3,chr1,44799914,44805995,+
ENSG00000145723.19,GIN1,chr5,103085999,103120226,-
ENSG00000147416.14,ATP6V1B2,chr8,20197322,20233400,+
ENSG00000159921.22,GNE,chr9,36214440,36277042,-
ENSG00000162694.16,EXTL2,chr1,100871370,100896000,-
ENSG00000137221.16,TJAP1,chr6,43477522,43506562,+
ENSG00000169248.14,CXCL11,chr4,76033681,76050206,-
ENSG00000121897.17,LIAS,chr4,39459003,39485109,+
ENSG00000152591.15,DSPP,chr4,87608528,87616873,+
ENSG00000198856.15,OSTC,chr4,108650576,108668418,+
ENSG00000186687.18,LYRM7,chr5,131170844,131205428,+
ENSG00000128610.14,FEZF1,chr7,122301302,122310735,-
ENSG00000273514.2,FOXD4L6,chr9,41126434,41128681,-
ENSG00000116922.17,AIRIM,chr1,37681569,37692296,-
ENSG00000094880.13,CDC23,chr5,138180662,138213346,-
ENSG00000145494.14,NDUFS6,chr5,1801362,1816051,+
ENSG00000136950.15,ARPC5L,chr9,124862108,124877750,+
ENSG00000144747.19,TMF1,chr3,69019826,69052382,-
ENSG00000164746.16,C7orf57,chr7,48035500,48061304,+
ENSG00000173557.16,CIMIP2C,chr2,26562541,26581178,+
ENSG00000280094.3,OR1B1,chr9,122628124,122657627,-
ENSG00000142634.15,EFHD2,chr1,15409571,15430343,+
ENSG00000248767.2,FOXL3,chr7,290169,294422,+
ENSG00000189367.17,KIAA0408,chr6,127438405,127459433,-
ENSG00000124587.16,PEX6,chr6,42959716,42979249,-
ENSG00000169255.17,B3GALNT1,chr3,161083564,161105445,-
ENSG00000197008.11,ZNF138,chr7,64794373,64834306,+
ENSG00000184330.12,S100A7A,chr1,153416519,153423222,+
ENSG00000162520.17,SYNC,chr1,32679411,32703596,-
ENSG00000272031.4,ANKRD34A,chr1,145959440,145964575,-
ENSG00000198483.15,ANKRD35,chr1,145865389,145886088,-
ENSG00000226650.6,KIF4B,chr5,155013754,155018141,+
ENSG00000096006.13,CRISP3,chr6,49727375,49744445,-
ENSG00000186141.12,POLR3C,chr1,145823775,145844721,+
ENSG00000116157.7,GPX7,chr1,52602279,52609143,+
ENSG00000163875.18,MEAF6,chr1,37489992,37515100,-
ENSG00000144355.16,DLX1,chr2,172084468,172089677,+
ENSG00000133574.12,GIMAP4,chr7,150567241,150574512,+
ENSG00000146013.14,GFRA3,chr5,138252379,138274621,-
ENSG00000197532.3,OR6Y1,chr1,158544549,158554405,-
ENSG00000119900.10,OGFRL1,chr6,71288425,71309059,+
ENSG00000145425.12,RPS3A,chr4,151099563,151104652,+
ENSG00000164305.22,CASP3,chr4,184627694,184650418,-
ENSG00000160838.16,LRRC71,chr1,156920630,156934915,+
ENSG00000162881.7,OXER1,chr2,42762498,42764135,-
ENSG00000115602.19,IL1RL1,chr2,102311501,102355365,+
ENSG00000169905.15,TOR1AIP2,chr1,179839966,179883034,-
ENSG00000188938.18,FAM120AOS,chr9,93431440,93453600,-
ENSG00000171557.19,FGG,chr4,154604057,154612967,-
ENSG00000178338.12,ZNF354B,chr5,178859924,178889464,+
ENSG00000158481.14,CD1C,chr1,158289768,158294774,+
ENSG00000243910.9,TUBA4B,chr2,219253242,219272197,+
ENSG00000132846.8,ZBED3,chr5,77072071,77087361,-
ENSG00000182551.16,ADI1,chr2,3496379,3519584,-
ENSG00000198841.4,KTI12,chr1,52032102,52033810,-
ENSG00000162998.7,FRZB,chr2,182833274,182868438,-
ENSG00000117525.16,F3,chr1,94528262,94541851,-
ENSG00000075790.14,BCAP29,chr7,107579956,107633139,+
ENSG00000119820.13,YIPF4,chr2,32277867,32320896,+
ENSG00000109576.16,AADAT,chr4,170059662,170091699,-
ENSG00000147853.19,AK3,chr9,4709394,4742043,-
ENSG00000147852.19,VLDLR,chr9,2621181,2660056,+
ENSG00000179085.10,DPM3,chr1,155138456,155140595,-
ENSG00000147471.14,PLPBP,chr8,37762579,37782218,+
ENSG00000270757.1,HSPE1-MOB4,chr2,197500412,197550726,+
ENSG00000116030.19,SUMO1,chr2,202206170,202238604,-
ENSG00000172115.11,CYCS,chr7,25080178,25125367,-
ENSG00000177352.12,CCDC71,chr3,49161062,49166357,-
ENSG00000138398.19,PPIG,chr2,169584336,169642124,+
ENSG00000172432.21,GTPBP2,chr6,43605315,43629291,-
ENSG00000167130.20,DOLPP1,chr9,129081096,129091161,+
ENSG00000124602.11,UNC5CL,chr6,41026894,41039221,-
ENSG00000132906.20,CASP9,chr1,15489723,15526534,-
ENSG00000159588.17,CCDC17,chr1,45620043,45624062,-
ENSG00000282804.1,ENSG00000282804,chr6,24797372,24809798,-
ENSG00000237524.12,TEX51,chr2,126898863,126902097,+
ENSG00000204518.3,AADACL4,chr1,12644084,12667076,+
ENSG00000169679.17,BUB1,chr2,110635467,110678098,-
ENSG00000241258.10,CRCP,chr7,66114603,66154568,+
ENSG00000184486.10,POU3F2,chr6,98834573,98839458,+
ENSG00000157653.14,C9orf43,chr9,113410053,113429690,+
ENSG00000080819.11,CPOX,chr3,98579437,98593712,-
ENSG00000184160.8,ADRA2C,chr4,3766347,3768526,+
ENSG00000143498.20,TAF1A,chr1,222557900,222590162,-
ENSG00000134086.12,VHL,chr3,10141763,10153676,+
ENSG00000113812.16,ACTR8,chr3,53863037,53882202,-
ENSG00000185946.18,RNPC3,chr1,103525671,103555239,+
ENSG00000169860.7,P2RY1,chr3,152835130,152841439,+
ENSG00000249581.2,CLRN2,chr4,17515164,17527104,+
ENSG00000091483.10,FH,chr1,241497097,241519799,-
ENSG00000135838.16,NPL,chr1,182789262,182831017,+
ENSG00000288658.2,RNF228,chr2,222314147,222320155,-
ENSG00000163017.16,ACTG2,chr2,73892231,73919865,+
ENSG00000147535.19,PLPP5,chr8,38263094,38269519,-
ENSG00000084073.12,ZMPSTE24,chr1,40258040,40294199,+
ENSG00000164778.5,EN2,chr7,155457554,155464831,+
ENSG00000198492.18,YTHDF2,chr1,28736607,28770214,+
ENSG00000158517.18,NCF1,chr7,74773974,74790135,+
ENSG00000172239.16,PAIP1,chr5,43526266,43557758,-
ENSG00000189376.14,C8orf76,chr8,123218273,123241412,-
ENSG00000120948.21,TARDBP,chr1,11012343,11037991,+
ENSG00000124713.8,GNMT,chr6,42960267,42970699,+
ENSG00000186973.13,CFAP144,chr1,43145152,43156396,+
ENSG00000164220.8,F2RL2,chr5,76615422,76623425,-
ENSG00000168453.18,HR,chr8,22114041,22133393,-
ENSG00000283428.2,CCDC195,chr2,224703763,224742270,-
ENSG00000060762.22,MPC1,chr6,166364915,166383002,-
ENSG00000001167.17,NFYA,chr6,41072039,41103063,+
ENSG00000144224.19,UBXN4,chr2,135741625,135785063,+
ENSG00000172482.7,AGXT,chr2,240868542,240881531,+
ENSG00000205116.4,TMEM278,chr1,1425870,1430255,+
ENSG00000137055.17,PLAA,chr9,26903358,26947495,-
ENSG00000147604.16,RPL7,chr8,73276477,73295789,-
ENSG00000167118.13,URM1,chr9,128371340,128392017,+
ENSG00000144744.20,UBA3,chr3,69053971,69080408,-
ENSG00000158402.23,CDC25C,chr5,138285250,138338355,-
ENSG00000143867.9,OSR1,chr2,19351484,19359486,-
ENSG00000106538.12,RARRES2,chr7,150338313,150342144,-
ENSG00000244115.1,DNAJC25-GNG10,chr9,111631385,111670229,+
ENSG00000179930.6,ZNF648,chr1,182054569,182061712,-
ENSG00000081051.9,AFP,chr4,73431137,73456174,+
ENSG00000164823.13,OSGIN2,chr8,89901848,89927888,+
ENSG00000014123.12,UFL1,chr6,96521594,96555943,+
ENSG00000185873.8,TMPRSS11B,chr4,68226652,68245694,-
ENSG00000180543.5,TSPYL5,chr8,97273487,97277928,-
ENSG00000258864.1,ENSG00000258864,chr5,112827212,112867582,+
ENSG00000272896.1,ENSG00000272896,chr9,136791378,136800595,+
ENSG00000142961.18,MOB3C,chr1,46607706,46616889,-
ENSG00000116031.10,CD207,chr2,70829999,70835822,-
ENSG00000171501.11,OR1N2,chr9,122553111,122554214,+
ENSG00000127995.19,CASD1,chr7,94509218,94576851,+
ENSG00000214655.12,ZSWIM8,chr10,73785548,73801797,+
ENSG00000196800.7,SPINK14,chr5,148168545,148175619,+
ENSG00000275572.2,GRIFIN,chr7,2474727,2476894,-
ENSG00000122873.14,CISD1,chr10,58269112,58291167,+
ENSG00000274443.5,C8orf89,chr8,73241330,73259530,-
ENSG00000163406.13,SLC15A2,chr3,121894354,121944188,+
ENSG00000143013.15,LMO4,chr1,87328427,87348923,+
ENSG00000079785.18,DDX1,chr2,15591177,15634346,+
ENSG00000106003.14,LFNG,chr7,2512528,2529177,+
ENSG00000243709.3,LEFTY1,chr1,225886278,225911382,-
ENSG00000150681.11,RGS18,chr1,192158343,192187172,+
ENSG00000171806.14,METTL18,chr1,169791740,169794991,-
ENSG00000128590.7,DNAJB9,chr7,108569779,108574850,+
ENSG00000265354.6,TIMM23,chr10,45972478,46006801,+
ENSG00000170502.15,NUDT9,chr4,87422572,87459455,+
ENSG00000162692.14,VCAM1,chr1,100719683,100739045,+
ENSG00000116748.23,AMPD1,chr1,114673089,114695620,-
ENSG00000143416.23,SELENBP1,chr1,151364156,151372716,-
ENSG00000188921.16,HACD4,chr9,20993513,21031652,-
ENSG00000177943.16,MAMDC4,chr9,136850942,136860802,+
ENSG00000180155.22,LYNX1,chr8,142771196,142777889,-
ENSG00000158008.12,EXTL1,chr1,26019883,26036464,+
ENSG00000104231.13,ZFAND1,chr8,81701179,81732903,-
ENSG00000137161.20,CNPY3,chr6,42928974,42940217,+
ENSG00000256453.2,DND1,chr5,140670793,140673576,-
ENSG00000156521.16,TYSND1,chr10,70137977,70146720,-
ENSG00000023902.15,PLEKHO1,chr1,150149182,150164720,+
ENSG00000205884.2,DEFB136,chr8,11973936,11974599,-
ENSG00000156469.11,MTERF3,chr8,96238161,96261626,-
ENSG00000132703.5,APCS,chr1,159587817,159602430,+
ENSG00000096088.18,PGC,chr6,41736702,41754109,-
ENSG00000265808.6,SEC22B,chr1,120150897,120176533,-
ENSG00000230601.8,TEX48,chr9,114666433,114682192,-
ENSG00000172940.13,SLC22A13,chr3,38265811,38278757,+
ENSG00000213214.8,ARHGEF35,chr7,144182887,144195879,-
ENSG00000198758.13,EPS8L3,chr1,109750077,109764062,-
ENSG00000164045.14,CDC25A,chr3,48157145,48188428,-
ENSG00000146926.13,ASB10,chr7,151175683,151187832,-
ENSG00000154781.18,CCDC174,chr3,14651745,14674940,+
ENSG00000116288.15,PARK7,chr1,7952653,7985991,+
ENSG00000198203.12,SULT1C2,chr2,108288638,108310568,+
ENSG00000150551.13,LYPD1,chr2,132640802,132671579,-
ENSG00000121577.16,POPDC2,chr3,119636456,119665324,-
ENSG00000178750.5,STX19,chr3,94012042,94028658,-
ENSG00000007866.23,TEAD3,chr6,35473596,35497868,-
ENSG00000242252.3,BGLAP,chr1,156242153,156243317,+
ENSG00000143067.6,ZNF697,chr1,119619376,119648454,-
ENSG00000175449.17,RFESD,chr5,95646717,95684773,+
ENSG00000158887.22,MPZ,chr1,161304734,161309974,-
ENSG00000144410.6,CPO,chr2,206939515,206971064,+
ENSG00000160678.14,S100A1,chr1,153608922,153632044,+
ENSG00000249156.4,TAF11L12,chr5,17610391,17612111,+
ENSG00000115459.20,ELMOD3,chr2,85354393,85391752,+
ENSG00000180872.8,DEFB112,chr6,50042098,50049936,-
ENSG00000164167.15,LSM6,chr4,146175684,146207942,+
ENSG00000180113.17,TDRD6,chr6,46687874,46704319,+
ENSG00000174606.16,ANGEL2,chr1,212991131,213015877,-
ENSG00000124784.11,RIOK1,chr6,7389461,7418037,+
ENSG00000261793.1,ENSG00000261793,chr9,137168853,137171984,-
ENSG00000061492.12,WNT8A,chr5,138083989,138092365,+
ENSG00000105792.21,CFAP69,chr7,90245160,90311063,+
ENSG00000163295.5,ALPI,chr2,232456124,232460753,+
ENSG00000071677.2,PRLH,chr2,237559554,237567288,+
ENSG00000120215.11,MLANA,chr9,5890872,5910606,+
ENSG00000203747.15,FCGR3A,chr1,161541737,161550968,-
ENSG00000137965.13,IFI44,chr1,78647077,78664412,+
ENSG00000143622.14,RIT1,chr1,155897807,155911408,-
ENSG00000163508.14,EOMES,chr3,27715948,27722711,-
ENSG00000276410.5,H2BC3,chr6,26042770,26043713,-
ENSG00000053371.15,AKR7A2,chr1,19291522,19312149,-
ENSG00000145868.19,FBXO38,chr5,148383825,148442850,+
ENSG00000218823.2,PAPOLB,chr7,4857737,4862030,-
ENSG00000163347.7,CLDN1,chr3,190305705,190322977,-
ENSG00000071539.16,TRIP13,chr5,892848,919357,+
ENSG00000178028.16,DMAP1,chr1,44213426,44230038,+
ENSG00000120963.14,ZNF706,chr8,101171213,101207085,-
ENSG00000144161.16,ZC3H8,chr2,112211528,112255151,-
ENSG00000112237.15,CCNC,chr6,99530629,99568825,-
ENSG00000116285.15,ERRFI1,chr1,8003195,8026318,-
ENSG00000027697.18,IFNGR1,chr6,137197482,137219449,-
ENSG00000188807.15,TMEM201,chr1,9588717,9614879,+
ENSG00000168958.23,MFF,chr2,227325150,227361188,+
ENSG00000115956.11,PLEK,chr2,68365074,68397453,+
ENSG00000173660.14,UQCRH,chr1,46300899,46334910,+
ENSG00000165076.14,PRSS37,chr7,141836299,141841487,-
ENSG00000188199.11,NUTM2B,chr10,79703226,79714681,+
ENSG00000137338.8,PGBD1,chr6,28281487,28303691,+
ENSG00000235106.13,BRD3OS,chr9,134025428,134034666,+
ENSG00000013561.20,RNF14,chr5,141958304,142003016,+
ENSG00000164334.17,FAM170A,chr5,119629557,119635822,+
ENSG00000106328.11,FSCN3,chr7,127591408,127603507,+
ENSG00000229453.5,SPINK8,chr3,48306839,48333661,-
ENSG00000258227.9,CLEC5A,chr7,141927356,141947007,-
ENSG00000114854.9,TNNC1,chr3,52451081,52454071,-
ENSG00000204525.20,HLA-C,chr6,31268745,31272171,-
ENSG00000069275.15,NUCKS1,chr1,205710542,205750270,-
ENSG00000164096.15,ARLN,chr4,119296418,119304445,-
ENSG00000097046.15,CDC7,chr1,91500534,91527943,+
ENSG00000096080.14,MRPS18A,chr6,43669977,43687954,-
ENSG00000159763.5,PIP,chr7,143132076,143139746,+
ENSG00000177291.4,GJD4,chr10,35605340,35608935,+
ENSG00000162951.13,LRRTM1,chr2,80288350,80304757,-
ENSG00000180098.11,TRNAU1AP,chr1,28552990,28578549,+
ENSG00000124532.17,MRS2,chr6,24402795,24431065,+
ENSG00000157214.16,STEAP2,chr7,90167589,90243408,+
ENSG00000174876.19,AMY1B,chr1,103687414,103701064,-
ENSG00000023572.11,GLRX2,chr1,193078365,193106114,-
ENSG00000156150.10,ALX3,chr1,110059869,110070677,-
ENSG00000170271.13,FAXDC2,chr5,154818485,154859252,-
ENSG00000134028.16,ADAMDEC1,chr8,24384284,24406013,+
ENSG00000130024.17,PHF10,chr6,169703901,169725566,-
ENSG00000262543.2,SMIM28,chr6,138377904,138383486,+
ENSG00000161202.22,DVL3,chr3,184155158,184173616,+
ENSG00000196503.7,ARL9,chr4,56505208,56524959,+
ENSG00000182747.6,SLC35D3,chr6,136921922,136925660,+
ENSG00000187987.12,ZSCAN23,chr6,28421576,28443502,-
ENSG00000010165.22,METTL13,chr1,171781419,171814023,+
ENSG00000158373.11,H2BC5,chr6,26158121,26171349,+
ENSG00000183508.7,TENT5C,chr1,117605925,117628389,+
ENSG00000168765.21,GSTM4,chr1,109656068,109665800,+
ENSG00000203784.3,LELP1,chr1,153203429,153205120,+
ENSG00000258083.2,OR9A4,chr7,141916398,141920625,+
ENSG00000196152.11,ZNF79,chr9,127424373,127449728,+
ENSG00000137462.12,TLR2,chr4,153684049,153708537,+
ENSG00000116663.13,FBXO6,chr1,11664140,11674354,+
ENSG00000176055.11,MBLAC2,chr5,90457959,90474786,-
ENSG00000143537.16,ADAM15,chr1,155050565,155062780,+
ENSG00000198939.10,ZFP2,chr5,178895888,178933415,+
ENSG00000114120.16,SLC25A36,chr3,140941796,140980995,+
ENSG00000197430.13,OPALIN,chr10,96343215,96359365,-
ENSG00000131238.20,PPT1,chr1,40072709,40097267,-
ENSG00000153714.7,LURAP1L,chr9,12775004,12823060,+
ENSG00000152760.12,DYNLT5,chr1,66751740,66779051,+
ENSG00000144063.6,MALL,chr2,110083869,110116075,-
ENSG00000289653.1,ENSG00000289653,chr8,102858045,102863860,-
ENSG00000177000.15,MTHFR,chr1,11785722,11806455,-
ENSG00000293542.1,DUSP13B,chr10,75094431,75109206,-
ENSG00000124374.11,PAIP2B,chr2,71181701,71227112,-
ENSG00000134308.16,YWHAQ,chr2,9583333,9639472,-
ENSG00000168758.13,SEMA4C,chr2,96859717,96873840,-
ENSG00000163743.16,RCHY1,chr4,75479032,75514764,-
ENSG00000135596.20,MICAL1,chr6,109444061,109465968,-
ENSG00000146425.13,DYNLT1,chr6,158612720,158644771,-
ENSG00000118508.7,RAB32,chr6,146543754,146554964,+
ENSG00000127377.11,CRYGN,chr7,151428292,151440813,-
ENSG00000156171.17,DRAM2,chr1,111114205,111140225,-
ENSG00000072401.17,UBE2D1,chr10,58334973,58371520,+
ENSG00000283149.1,ENSG00000283149,chr3,186581994,186597103,+
ENSG00000106537.10,TSPAN13,chr7,16753726,16784652,+
ENSG00000136682.18,ZNG1B,chr2,113437690,113496204,+
ENSG00000136936.13,XPA,chr9,97653138,97697408,-
ENSG00000136261.18,BZW2,chr7,16644652,16706771,+
ENSG00000143184.6,XCL1,chr1,168576595,168582069,+
ENSG00000178809.13,TRIM73,chr7,75395062,75410996,+
ENSG00000164442.13,CITED2,chr6,139370965,139375909,-
ENSG00000234511.13,C5orf58,chr5,170228880,170252575,+
ENSG00000254706.3,ENSG00000254706,chr1,162365406,162383531,+
ENSG00000118526.9,TCF21,chr6,133889105,133896857,+
ENSG00000165066.13,NKX6-3,chr8,41645176,41650817,-
ENSG00000128683.16,GAD1,chr2,170813212,170861151,+
ENSG00000161904.15,LEMD2,chr6,33771201,33789173,-
ENSG00000197150.15,ABCB8,chr7,151028421,151047782,+
ENSG00000122642.13,FKBP9,chr7,32957403,33006931,+
ENSG00000166295.11,ANAPC16,chr10,72215650,72235860,+
ENSG00000124588.24,NQO2,chr6,2987986,3022745,+
ENSG00000077232.21,DNAJC10,chr2,182715606,182794464,+
ENSG00000148399.15,DPH7,chr9,137554435,137578936,-
ENSG00000181873.15,IBA57,chr1,228165776,228182257,+
ENSG00000133561.17,GIMAP6,chr7,150625374,150632651,-
ENSG00000171617.18,ENC1,chr5,74627405,74641424,-
ENSG00000051620.13,HEBP2,chr6,138403530,138422197,+
ENSG00000115421.15,PAPOLG,chr2,60756231,60802086,+
ENSG00000163126.17,ANKRD23,chr2,96821810,96857934,-
ENSG00000163394.6,CCKAR,chr4,26481395,26490484,-
ENSG00000184203.10,PPP1R2,chr3,195514415,195543386,-
ENSG00000186470.16,BTN3A2,chr6,26365158,26382797,+
ENSG00000143337.20,TOR1AIP1,chr1,179882041,179921442,+
ENSG00000116218.15,NPHS2,chr1,179550493,179575954,-
ENSG00000119865.11,CNRIP1,chr2,68284170,68320051,-
ENSG00000265203.2,RBP3,chr10,47348362,47357881,+
ENSG00000068912.17,ERLEC1,chr2,53787008,53834567,+
ENSG00000213672.10,NCKIPSD,chr3,48662985,48686364,-
ENSG00000169418.12,NPR1,chr1,153677964,153694110,+
ENSG00000115053.19,NCL,chr2,231453530,231483641,-
ENSG00000198914.5,POU3F3,chr2,104853286,104858574,+
ENSG00000163659.15,TIPARP,chr3,156673234,156706770,+
ENSG00000009724.20,MASP2,chr1,11022008,11047273,-
ENSG00000120875.10,DUSP4,chr8,29333063,29350728,-
ENSG00000124356.19,STAMBP,chr2,73828915,73873670,+
ENSG00000034693.17,PEX3,chr6,143450777,143492183,+
ENSG00000163541.14,SUCLG1,chr2,84423525,84460045,-
ENSG00000186092.7,OR4F5,chr1,65418,71585,+
ENSG00000137364.7,TPMT,chr6,18128310,18155348,-
ENSG00000162482.7,AKR7A3,chr1,19281055,19288823,-
ENSG00000117305.17,HMGCL,chr1,23801876,23838620,-
ENSG00000197919.6,IFNA1,chr9,21440438,21441316,+
ENSG00000124731.15,TREM1,chr6,41267098,41286703,-
ENSG00000112041.14,TULP1,chr6,35497873,35512941,-
ENSG00000250571.9,GLI4,chr8,143263192,143276937,+
ENSG00000138078.18,PREPL,chr2,44316184,44361862,-
ENSG00000164919.13,COX6C,chr8,99870614,99893762,-
ENSG00000229937.9,PRPS1L1,chr7,18026769,18027846,-
ENSG00000272602.7,ZNF595,chr4,53282,106453,+
ENSG00000117592.11,PRDX6,chr1,173476813,173494013,+
ENSG00000214160.12,ALG3,chr3,184242300,184249571,-
ENSG00000214097.7,SMCO1,chr3,196506876,196515368,-
ENSG00000146085.10,MMUT,chr6,49430359,49463321,-
ENSG00000187492.10,CDHR4,chr3,49790731,49799879,-
ENSG00000169085.15,VXN,chr8,66492325,66518524,+
ENSG00000136826.17,KLF4,chr9,107484453,107490482,-
ENSG00000131381.15,RBSN,chr3,15068564,15099163,-
ENSG00000159164.12,SV2A,chr1,149903317,149918572,-
ENSG00000119138.6,KLF9,chr9,70384585,70414657,-
ENSG00000145107.17,TM4SF19,chr3,196319341,196338604,-
ENSG00000138794.11,CASP6,chr4,109685836,109703583,-
ENSG00000215695.2,RSC1A1,chr1,15659712,15662033,+
ENSG00000035687.11,ADSS2,chr1,244407273,244452102,-
ENSG00000162408.13,NOL9,chr1,6521346,6554536,-
ENSG00000169989.5,TIGD4,chr4,152767909,152779778,-
ENSG00000155729.15,KCTD18,chr2,200488952,200519784,-
ENSG00000147571.7,CRH,chr8,66175906,66178632,-
ENSG00000127081.17,ZNF484,chr9,92843170,92878050,-
ENSG00000145192.15,AHSG,chr3,186612775,186627803,+
ENSG00000122512.19,PMS2,chr7,5970924,6009130,-
ENSG00000112333.14,NR2E1,chr6,108166016,108188805,+
ENSG00000055332.21,EIF2AK2,chr2,37099209,37157688,-
ENSG00000153989.10,NUS1,chr6,117675468,117710727,+
ENSG00000158525.16,CPA5,chr7,130344815,130368730,+
ENSG00000137441.10,FGFBP2,chr4,15960244,15969309,-
ENSG00000197454.2,OR2L5,chr1,248013659,248024276,+
ENSG00000164163.13,ABCE1,chr4,145098247,145131334,+
ENSG00000142920.20,AZIN2,chr1,33081103,33123492,+
ENSG00000155229.23,MMS19,chr10,97458082,97499500,-
ENSG00000158109.17,TPRG1L,chr1,3624978,3630131,+
ENSG00000003400.18,CASP10,chr2,201182692,201229428,+
ENSG00000145757.17,SPATA9,chr5,95652180,95698711,-
ENSG00000196793.16,ZNF239,chr10,43552196,43574623,-
ENSG00000167034.11,NKX3-1,chr8,23678696,23682953,-
ENSG00000243725.9,TTC4,chr1,54715817,54743465,+
ENSG00000162928.11,PEX13,chr2,61017057,61062516,+
ENSG00000179403.14,VWA1,chr1,1434860,1446012,+
ENSG00000138061.15,CYP1B1,chr2,38066972,38109902,-
ENSG00000152705.8,CATSPER3,chr5,134967906,135011696,+
ENSG00000251201.8,TMED7-TICAM2,chr5,115578641,115626161,-
ENSG00000169876.14,MUC17,chr7,101020071,101058859,+
ENSG00000136938.11,ANP32B,chr9,97983125,98017079,+
ENSG00000143157.14,POGK,chr1,166839313,166863955,+
ENSG00000184898.8,RBM43,chr2,151247939,151261870,-
ENSG00000084623.14,EIF3I,chr1,32221076,32245397,+
ENSG00000135547.10,HEY2,chr6,125747663,125763049,+
ENSG00000211445.14,GPX3,chr5,151020584,151030769,+
ENSG00000277443.5,MARCKS,chr6,113857333,113864997,+
ENSG00000170178.7,HOXD12,chr2,176099794,176102489,+
ENSG00000132357.16,CARD6,chr5,40841174,40860175,+
ENSG00000173452.17,TMEM196,chr7,19719314,19773633,-
ENSG00000198298.15,ZNF485,chr10,43606412,43621706,+
ENSG00000206531.13,CD200R1L,chr3,112815708,112846864,-
ENSG00000143162.11,CREG1,chr1,167527806,167553822,-
ENSG00000293560.3,MYH16,chr7,99272838,99311132,+
ENSG00000168779.21,SHOX2,chr3,158095904,158106420,-
ENSG00000167110.21,GOLGA2,chr9,128255828,128276036,-
ENSG00000197769.8,MAP1LC3C,chr1,241995187,242001584,-
ENSG00000162972.12,MAIP1,chr2,199955316,200008540,+
ENSG00000293543.2,DUSP13A,chr10,75094426,75109251,-
ENSG00000169495.6,HTRA4,chr8,38974143,38988663,+
ENSG00000130349.12,MTRES1,chr6,107028166,107051594,+
ENSG00000164520.13,RAET1E,chr6,149882981,149898118,-
ENSG00000203740.6,NTMT2,chr1,170145954,170168901,+
ENSG00000137463.7,MGARP,chr4,139266163,139280497,-
ENSG00000138050.17,THUMPD2,chr2,39733422,39779288,-
ENSG00000177683.15,THAP5,chr7,108541197,108569750,-
ENSG00000242110.11,AMACR,chr5,33986164,34010219,-
ENSG00000146828.20,SLC12A9,chr7,100826819,100867017,+
ENSG00000163914.6,RHO,chr3,129528636,129535344,+
ENSG00000148288.15,GBGT1,chr9,133151019,133164245,-
ENSG00000117151.15,CTBS,chr1,84541987,84574484,-
ENSG00000143217.11,NECTIN4,chr1,161070987,161090045,-
ENSG00000273957.2,ENSG00000273957,chr5,100388974,100392895,+
ENSG00000180104.18,EXOC3,chr5,442521,471939,+
ENSG00000137218.12,FRS3,chr6,41769317,41787570,-
ENSG00000173726.13,TOMM20,chr1,235109336,235128962,-
ENSG00000162545.8,CAMK2N1,chr1,20482390,20486270,-
ENSG00000181915.6,ADO,chr10,62804719,62808479,+
ENSG00000164323.17,CFAP97,chr4,185158960,185210815,-
ENSG00000116918.17,TSNAX,chr1,231528540,231566524,+
ENSG00000128710.7,HOXD10,chr2,176108789,176119937,+
ENSG00000250254.2,PTTG2,chr4,37960397,37961128,+
ENSG00000059728.13,MXD1,chr2,69897687,69942945,+
ENSG00000122176.14,FMOD,chr1,203340440,203351758,-
ENSG00000183813.8,CCR4,chr3,32951643,32957120,+
ENSG00000120708.18,TGFBI,chr5,136028853,136103902,+
ENSG00000055732.15,MCOLN3,chr1,85018081,85048887,-
ENSG00000127463.18,EMC1,chr1,19215659,19251552,-
ENSG00000132463.17,GRSF1,chr4,70815782,70839957,-
ENSG00000104613.14,INTS10,chr8,19817146,19857714,+
ENSG00000169019.13,COMMD8,chr4,47441585,47463730,-
ENSG00000028137.21,TNFRSF1B,chr1,12166969,12209228,+
ENSG00000183726.13,TMEM50A,chr1,25337914,25362362,+
ENSG00000215712.13,TMEM242,chr6,157285349,157324256,-
ENSG00000129048.9,ACKR4,chr3,132597249,132618967,+
ENSG00000123485.13,HJURP,chr2,233833415,233854672,-
ENSG00000264668.2,ENSG00000264668,chr8,143247109,143276403,+
ENSG00000133226.21,SRRM1,chr1,24631715,24673281,+
ENSG00000171522.8,PTGER4,chr5,40679440,40693753,+
ENSG00000133665.15,DYDC2,chr10,80344729,80369191,+
ENSG00000251503.8,CENPS-CORT,chr1,10430101,10452153,+
ENSG00000163154.8,TNFAIP8L2,chr1,151156620,151160255,+
ENSG00000135930.17,EIF4E2,chr2,232550632,232585201,+
ENSG00000114353.19,GNAI2,chr3,50226291,50259362,+
ENSG00000188306.7,LRRIQ4,chr3,169812869,169837773,+
