gene_id,Gene,chr,tss
ENSG00000107175.14,CREB3,chr9,35732295
ENSG00000137076.24,TLN1,chr9,35732211
ENSG00000078487.20,ZCWPW1,chr7,100428991
ENSG00000136997.22,MYC,chr8,127735433
ENSG00000185278.18,ZBTB37,chr1,173868081
ENSG00000173567.17,ADGRF3,chr2,26346816
ENSG00000146834.17,MEPCE,chr7,100428321
ENSG00000106244.15,PDAP1,chr7,99408830
ENSG00000135637.17,CCDC142,chr2,74483407
ENSG00000132912.16,DCTN4,chr5,150759094
ENSG00000115241.13,PPM1G,chr2,27409673
ENSG00000106367.17,AP1S1,chr7,101154351
ENSG00000106245.13,BUD31,chr7,99408609
ENSG00000164815.13,ORC5,chr7,104208046
ENSG00000135317.16,SNX14,chr6,85594155
ENSG00000106266.13,SNX8,chr7,2354317
ENSG00000163608.17,RMP64,chr3,113019860
ENSG00000132906.20,CASP9,chr1,15526533
ENSG00000106263.21,EIF3B,chr7,2354079
ENSG00000177917.13,ARL6IP6,chr2,152717620
ENSG00000212993.6,POU5F1B,chr8,127322182
ENSG00000213347.13,MXD3,chr5,177312756
ENSG00000115282.23,TTC31,chr2,74482616
ENSG00000146833.18,TRIM4,chr7,99919603
ENSG00000137073.26,UBAP2,chr9,34049419
ENSG00000005981.15,ASB4,chr7,95478443
ENSG00000075618.20,FSCN1,chr7,5592805
ENSG00000138073.16,PREB,chr2,27134688
ENSG00000138030.16,KHK,chr2,27086722
ENSG00000285437.4,POLR2J3,chr7,102572619
ENSG00000084090.16,STARD7,chr2,96208853
ENSG00000084676.18,NCOA1,chr2,24490982
ENSG00000158987.24,RAPGEF6,chr5,131635271
ENSG00000127054.24,INTS11,chr1,1324687
ENSG00000168255.20,POLR2J3,chr7,102572652
ENSG00000203667.12,COX20,chr1,244835300
ENSG00000106355.12,LSM5,chr7,32495282
ENSG00000165280.20,VCP,chr9,35072724
ENSG00000224051.9,CPTP,chr1,1324755
ENSG00000163006.14,CCDC138,chr2,108786729
ENSG00000105778.22,AVL9,chr7,32495425
ENSG00000163170.14,BOLA3,chr2,74147976
ENSG00000180573.11,H2AC6,chr6,26124144
ENSG00000180596.11,H2BC4,chr6,26124015
ENSG00000171865.12,RNASEH1,chr2,3558370
ENSG00000028137.21,TNFRSF1B,chr1,12166969
ENSG00000116138.15,DNAJC16,chr1,15526812
ENSG00000113761.14,ZNF346,chr5,177022058
ENSG00000120314.20,WDR55,chr5,140664475
ENSG00000286905.1,ENSG00000286905,chr2,3558332
ENSG00000135074.18,ADAM19,chr5,157575857
ENSG00000293615.1,ENSG00000293615,chr2,70087319
ENSG00000221886.6,FAM200C,chr5,160400090
ENSG00000106211.12,HSPB1,chr7,76302665
ENSG00000184357.5,H1-5,chr6,27867587
ENSG00000284308.3,C2orf81,chr2,74421654
ENSG00000143977.16,SNRPG,chr2,70293765
ENSG00000186314.14,PRELID2,chr5,145835378
ENSG00000136710.12,VMA22,chr2,130342698
ENSG00000147883.14,CDKN2B,chr9,22009324
ENSG00000168672.6,LRATD2,chr8,126558483
ENSG00000159239.13,ENSG00000159239,chr2,74421661
ENSG00000005448.19,WDR54,chr2,74421476
ENSG00000165282.18,PIGO,chr9,35096631
ENSG00000087206.19,UIMC1,chr5,177022645
ENSG00000137098.16,SPAG8,chr9,35812271
ENSG00000270249.2,ENSG00000270249,chr7,102592443
ENSG00000221838.14,AP4M1,chr7,100100840
ENSG00000144381.20,HSPD1,chr2,197516736
ENSG00000136718.12,IMP4,chr2,130342402
ENSG00000169564.7,PCBP1,chr2,70087476
ENSG00000175768.15,TOMM5,chr9,37592618
ENSG00000196981.5,WDR5B,chr3,122416463
ENSG00000185130.7,H2BC13,chr6,27807935
ENSG00000105808.21,RASA4,chr7,102616778
ENSG00000253729.11,PRKDC,chr8,47960181
ENSG00000176125.7,UFSP1,chr7,100889714
ENSG00000104738.21,MCM4,chr8,47960184
ENSG00000086102.21,NFX1,chr9,33290427
ENSG00000119977.24,TCTN3,chr10,95694142
ENSG00000076201.18,PTPN23,chr3,47381010
ENSG00000115875.21,SRSF7,chr2,38751497
ENSG00000256966.6,ENSG00000256966,chr9,37592468
ENSG00000163795.16,ZNF513,chr2,27380789
ENSG00000204335.5,SP5,chr2,170715286
ENSG00000170027.8,YWHAG,chr7,76359021
ENSG00000181163.16,NPM1,chr5,171387085
ENSG00000166508.21,MCM7,chr7,100101939
ENSG00000122696.16,SLC25A51,chr9,37904386
ENSG00000293562.1,ENSG00000293562,chr1,174022297
ENSG00000131504.19,DIAPH1,chr5,141619193
ENSG00000119777.22,TMEM214,chr2,27032909
ENSG00000196262.17,PPIA,chr7,44796619
ENSG00000137074.22,APTX,chr9,33025175
ENSG00000077157.25,PPP1R12B,chr1,202348665
ENSG00000163449.13,TMEM169,chr2,216081865
ENSG00000152147.13,GEMIN6,chr2,38751533
ENSG00000144320.16,LNPK,chr2,176002838
ENSG00000144580.17,CNOT9,chr2,218568574
ENSG00000171863.17,RPS7,chr2,3575197
ENSG00000135205.17,CCDC146,chr7,77122433
ENSG00000125611.17,CHCHD5,chr2,112584239
ENSG00000115524.19,SF3B1,chr2,197435078
ENSG00000181904.11,C5orf24,chr5,134845679
ENSG00000196747.5,H2AC13,chr6,27808172
ENSG00000086061.18,DNAJA1,chr9,33025202
ENSG00000054118.17,THRAP3,chr1,36224391
ENSG00000065485.22,PDIA5,chr3,123067016
ENSG00000164403.17,SHROOM1,chr5,132830923
ENSG00000135870.15,RC3H1,chr1,174022417
ENSG00000155755.21,TMEM237,chr2,201643569
ENSG00000174501.16,ANKRD36C,chr2,95991842
ENSG00000153561.15,RMND5A,chr2,86720052
ENSG00000144136.13,SLC20A1,chr2,112645852
ENSG00000135913.13,USP37,chr2,218568767
ENSG00000008869.14,HEATR5B,chr2,37084408
ENSG00000152133.19,GPATCH11,chr2,37084417
ENSG00000138463.11,SLC49A4,chr3,122794818
ENSG00000125629.18,INSIG2,chr2,118088136
ENSG00000168028.17,RPSA,chr3,39406708
ENSG00000164615.8,CAMLG,chr5,134737607
ENSG00000115325.16,DOK1,chr2,74548874
ENSG00000173334.5,TRIB1,chr8,125430151
ENSG00000158604.18,TMED4,chr7,44582308
ENSG00000113300.15,CNOT6,chr5,180494333
ENSG00000222011.11,FAM185A,chr7,102748938
ENSG00000113716.15,HMGXB3,chr5,150000045
ENSG00000137103.22,TMEM8B,chr9,35814450
ENSG00000114030.15,KPNA1,chr3,122514954
ENSG00000184270.6,H2AC21,chr1,149887964
ENSG00000197451.14,HNRNPAB,chr5,178204478
ENSG00000107185.12,RGP1,chr9,35748612
ENSG00000162753.14,SLC9C2,chr1,173603076
ENSG00000005075.18,POLR2J,chr7,102478935
ENSG00000094880.13,CDC23,chr5,138213345
ENSG00000196504.23,PRPF40A,chr2,152719049
ENSG00000113141.20,IK,chr5,140647057
ENSG00000115486.15,GGCX,chr2,85561837
ENSG00000135945.12,REV1,chr2,99490465
ENSG00000164645.3,TEX47,chr7,88795736
ENSG00000115541.13,HSPE1,chr2,197500109
ENSG00000222009.11,BTBD19,chr1,44808505
ENSG00000160813.9,PPP1R35,chr7,100436545
ENSG00000137133.13,HINT2,chr9,35815353
ENSG00000179528.17,LBX2,chr2,74503315
ENSG00000213927.4,CCL27,chr9,34664047
ENSG00000005471.21,ABCB4,chr7,87480434
ENSG00000169087.13,HSPBAP1,chr3,122795034
ENSG00000270757.1,HSPE1-MOB4,chr2,197500412
ENSG00000214309.7,MBLAC1,chr7,100126693
ENSG00000204138.15,PHACTR4,chr1,28369562
ENSG00000120738.9,EGR1,chr5,138465189
ENSG00000114993.18,RTKN,chr2,74442421
ENSG00000203852.4,H3C15,chr1,149852607
ENSG00000083937.11,CHMP2B,chr3,87227257
ENSG00000115806.15,GORASP2,chr2,170928463
ENSG00000180644.10,PRF1,chr10,70602787
ENSG00000113013.18,HSPA9,chr5,138575674
ENSG00000106290.18,TAF6,chr7,100127186
ENSG00000105997.25,HOXA3,chr7,27152609
ENSG00000144120.15,TMEM177,chr2,119679136
ENSG00000124356.19,STAMBP,chr2,73828915
ENSG00000144224.19,UBXN4,chr2,135741625
ENSG00000138092.13,CENPO,chr2,24793099
ENSG00000173960.16,UBXN2A,chr2,23926787
ENSG00000106344.10,RBM28,chr7,128343970
ENSG00000288564.1,ENSG00000288564,chr6,43058184
ENSG00000164296.9,TIGD6,chr5,150001159
ENSG00000153044.12,CENPH,chr5,69189536
ENSG00000129071.12,MBD4,chr3,129440542
ENSG00000171174.17,RBKS,chr2,27890680
ENSG00000146066.4,HIGD2A,chr5,176388731
ENSG00000118640.13,VAMP8,chr2,85561561
ENSG00000184260.6,H2AC20,chr1,149886917
ENSG00000113441.18,LNPEP,chr5,96934806
ENSG00000121903.17,ZSCAN20,chr1,33472466
ENSG00000154222.17,CC2D1B,chr1,52366317
ENSG00000144857.17,BOC,chr3,113210845
ENSG00000096746.20,HNRNPH3,chr10,68331173
ENSG00000197903.11,H2BC12,chr6,27146862
ENSG00000129055.15,ANAPC13,chr3,134486715
ENSG00000109534.19,GAR1,chr4,109815475
ENSG00000127952.19,STYXL1,chr7,76048808
ENSG00000179833.6,SERTAD2,chr2,64751004
ENSG00000226479.4,TMEM185B,chr2,120223399
ENSG00000169919.19,GUSB,chr7,65982703
ENSG00000166529.18,ZSCAN21,chr7,100049766
ENSG00000106682.17,EIF4H,chr7,74174126
ENSG00000132300.21,PTCD3,chr2,86106222
ENSG00000070610.16,GBA2,chr9,35749985
ENSG00000113555.6,PCDH12,chr5,141969740
ENSG00000177000.15,MTHFR,chr1,11806454
ENSG00000075624.19,ACTB,chr7,5563901
ENSG00000146007.13,ZMAT2,chr5,140698679
ENSG00000174748.24,RPL15,chr3,23916590
ENSG00000162971.13,TYW5,chr2,199955817
ENSG00000068784.15,SRBD1,chr2,45612164
ENSG00000122705.20,CLTA,chr9,36190855
ENSG00000122515.18,ZMIZ2,chr7,44748547
ENSG00000068654.19,POLR1A,chr2,86106154
ENSG00000011021.25,CLCN6,chr1,11806095
ENSG00000115942.11,ORC2,chr2,200963703
ENSG00000284981.3,UPK3BL2,chr7,102543758
ENSG00000105953.18,OGDH,chr7,44606495
ENSG00000115425.16,PECR,chr2,216082954
ENSG00000203814.8,H2BC18,chr1,149812373
ENSG00000112029.11,FBXO5,chr6,152983598
ENSG00000215156.6,ENSG00000215156,chr5,34190155
ENSG00000184924.8,PTRHD1,chr2,24793394
ENSG00000115657.16,ABCB6,chr2,219219011
ENSG00000120129.8,DUSP1,chr5,172771197
ENSG00000120725.15,SIL1,chr5,139293556
ENSG00000163430.15,FSTL1,chr3,120596763
ENSG00000127914.21,AKAP9,chr7,91940836
ENSG00000169432.20,SCN9A,chr2,166376000
ENSG00000276368.2,H2AC14,chr6,27814776
ENSG00000136271.13,DDX56,chr7,44575387
ENSG00000243943.12,ZNF512,chr2,27582968
ENSG00000072571.22,HMMR,chr5,163460202
ENSG00000137094.17,DNAJB5,chr9,34989640
ENSG00000188396.6,DYNLT4,chr1,44807416
ENSG00000051341.17,POLQ,chr3,121546006
ENSG00000153250.23,RBMS1,chr2,160494099
ENSG00000152256.16,PDK1,chr2,172555372
ENSG00000163428.6,LRRC58,chr3,120349411
ENSG00000113328.23,CCNG1,chr5,163437568
ENSG00000158406.6,H4C8,chr6,26285637
ENSG00000172888.13,ZNF621,chr3,40524876
ENSG00000290315.1,ENSG00000290315,chr3,49094070
ENSG00000250741.6,NT5C1B-RDH14,chr2,18589563
ENSG00000185013.18,NT5C1B,chr2,18589568
ENSG00000153574.11,RPIA,chr2,88691641
ENSG00000164659.17,ELAPOR2,chr7,87059709
ENSG00000270170.2,NCBP2AS2,chr3,196942673
ENSG00000136878.16,USP20,chr9,129834697
ENSG00000109775.13,UFSP2,chr4,185425986
ENSG00000138246.18,DNAJC13,chr3,132417487
ENSG00000164609.12,SLU7,chr5,160421710
ENSG00000166997.10,CNPY4,chr7,100119613
ENSG00000010270.16,STARD3NL,chr7,38178216
ENSG00000170852.14,KBTBD2,chr7,32894130
ENSG00000114503.12,NCBP2,chr3,196942593
ENSG00000183431.14,SF3A3,chr1,37990680
ENSG00000143384.15,MCL1,chr1,150579737
ENSG00000126883.21,NUP214,chr9,131124867
ENSG00000143947.17,RPS27A,chr2,55229446
ENSG00000169016.19,E2F6,chr2,11466176
ENSG00000001167.17,NFYA,chr6,41072039
ENSG00000205129.11,CFAP96,chr4,185426013
ENSG00000188186.12,LAMTOR4,chr7,100148887
ENSG00000136937.15,NCBP1,chr9,97633401
ENSG00000288699.1,ENSG00000288699,chr9,35074174
ENSG00000008130.17,NADK,chr1,1780543
ENSG00000255833.3,TIFAB,chr5,135452387
ENSG00000144635.11,DYNC1LI1,chr3,32570948
ENSG00000129595.15,EPB41L4A,chr5,112419312
ENSG00000112761.23,CCN6,chr6,112043814
ENSG00000065029.17,ZNF76,chr6,35258908
ENSG00000240682.12,ISY1,chr3,129161348
ENSG00000276903.2,H2AC16,chr6,27865316
ENSG00000177733.8,HNRNPA0,chr5,137754362
ENSG00000075790.14,BCAP29,chr7,107579956
ENSG00000132570.17,PCBD2,chr5,134905038
ENSG00000197329.14,PELI1,chr2,64144472
ENSG00000135316.21,SYNCRIP,chr6,85644062
ENSG00000148690.14,FRA10AC1,chr10,93703293
ENSG00000165655.18,ZNF503,chr10,75402398
ENSG00000164405.13,UQCRQ,chr5,132866622
ENSG00000137135.20,ARHGEF39,chr9,35675865
ENSG00000188886.6,ASTL,chr2,96138563
ENSG00000077232.21,DNAJC10,chr2,182715606
ENSG00000164692.21,COL1A2,chr7,94394359
ENSG00000249884.8,RNF103-CHMP3,chr2,86721121
ENSG00000164307.15,ERAP1,chr5,96808176
ENSG00000160050.18,CCDC28B,chr1,32200382
ENSG00000177556.14,ATOX1,chr5,151772531
ENSG00000160124.11,MIX23,chr3,122383275
ENSG00000169241.21,SLC50A1,chr1,155135343
ENSG00000204634.15,TBC1D8,chr2,101252865
ENSG00000137101.15,CD72,chr9,35646809
ENSG00000285542.1,ENSG00000285542,chr2,44168850
ENSG00000138032.23,PPM1B,chr2,44167968
ENSG00000155876.6,RRAGA,chr9,19049426
ENSG00000261796.1,ISY1-RAB43,chr3,129161035
ENSG00000286053.3,ASDURF,chr2,189661384
ENSG00000138381.11,ASNSD1,chr2,189661384
ENSG00000197557.7,IFT70A,chr2,177618741
ENSG00000106330.14,MOSPD3,chr7,100612101
ENSG00000273703.2,H2BC14,chr6,27815021
ENSG00000119778.17,ATAD2B,chr2,23927220
ENSG00000015479.22,MATR3,chr5,139273751
ENSG00000084774.16,CAD,chr2,27217344
ENSG00000116350.20,SRSF4,chr1,29181993
ENSG00000122512.19,PMS2,chr7,6009129
ENSG00000106384.14,MOGAT3,chr7,101201087
ENSG00000091127.16,PUS7,chr7,105522271
ENSG00000106305.12,AIMP2,chr7,6009225
ENSG00000164611.15,PTTG1,chr5,160421800
ENSG00000136925.17,TSTD2,chr9,97633575
ENSG00000213639.13,PPP1CB,chr2,28751078
ENSG00000155846.19,PPARGC1B,chr5,149729993
ENSG00000188542.11,DUSP28,chr2,240560053
ENSG00000115540.17,MOB4,chr2,197515570
ENSG00000204822.9,MRPL53,chr2,74472698
ENSG00000065548.21,ZC3H15,chr2,186485889
ENSG00000136243.20,NUP42,chr7,23181803
ENSG00000157778.11,PSMG3,chr7,1571077
ENSG00000203811.2,H3C14,chr1,149841207
ENSG00000127129.12,EDN2,chr1,41500501
ENSG00000106006.7,HOXA6,chr7,27150602
ENSG00000082701.19,GSK3B,chr3,120095711
ENSG00000129625.15,REEP5,chr5,112922362
ENSG00000001630.20,CYP51A1,chr7,92134802
ENSG00000265818.1,EEF1E1-BLOC1S5,chr6,8102529
ENSG00000145908.15,ZNF300,chr5,150904986
ENSG00000124802.14,EEF1E1,chr6,8102624
ENSG00000286192.1,ENSG00000286192,chr7,2242214
ENSG00000274070.3,CASTOR2,chr7,74964663
ENSG00000153201.19,RANBP2,chr2,108719366
ENSG00000088179.11,PTPN4,chr2,119759603
ENSG00000187742.17,SECISBP2,chr9,89318459
ENSG00000119820.13,YIPF4,chr2,32277867
ENSG00000184678.11,H2BC21,chr1,149886681
ENSG00000122741.18,DCAF10,chr9,37800553
ENSG00000106268.18,NUDT1,chr7,2242202
ENSG00000128564.10,VGF,chr7,101167244
ENSG00000108187.18,PBLD,chr10,68334113
ENSG00000215183.6,MSMP,chr9,35756612
ENSG00000159884.13,CCDC107,chr9,35658276
ENSG00000138380.20,CARF,chr2,202912213
ENSG00000136279.23,DBNL,chr7,44044627
ENSG00000163918.14,RFC4,chr3,186807057
ENSG00000155875.16,SAXO1,chr9,19049357
ENSG00000134987.15,WDR36,chr5,111092302
ENSG00000137563.15,GGH,chr8,63039406
ENSG00000164587.15,RPS14,chr5,150449951
ENSG00000286095.4,SPEGNB,chr2,219496128
ENSG00000173905.11,GOLIM4,chr3,168096535
ENSG00000163032.14,VSNL1,chr2,17539019
ENSG00000143797.14,MBOAT2,chr2,9003858
ENSG00000157224.18,CLDN12,chr7,90383720
ENSG00000120159.15,CAAP1,chr9,26892823
ENSG00000131591.20,C1orf159,chr1,1116360
ENSG00000048162.24,NOP16,chr5,176389006
ENSG00000286165.1,ENSG00000286165,chr2,189661518
ENSG00000196182.13,STK40,chr1,36385931
ENSG00000164404.10,GDF9,chr5,132866883
ENSG00000112651.14,MRPL2,chr6,43059463
ENSG00000254996.5,ANKHD1-EIF4EBP3,chr5,140401907
ENSG00000171960.14,PPIH,chr1,42658184
ENSG00000284283.1,TAF11L4,chr5,17521800
ENSG00000069275.15,NUCKS1,chr1,205750269
ENSG00000104218.18,CSPP1,chr8,67062380
ENSG00000081307.17,UBA5,chr3,132654445
ENSG00000196092.14,PAX5,chr9,37034267
ENSG00000151577.14,DRD3,chr3,114199406
ENSG00000275740.1,RBM27-POU4F3,chr5,146203549
ENSG00000091009.10,RBM27,chr5,146203549
ENSG00000135972.11,MRPS9,chr2,105037967
ENSG00000120137.9,PANK3,chr5,168579625
ENSG00000005436.16,GCFC2,chr2,75711183
ENSG00000115339.17,GALNT3,chr2,165846200
ENSG00000173540.16,GMPPB,chr3,49723987
ENSG00000153253.21,SCN3A,chr2,165204092
ENSG00000117650.15,NEK2,chr1,211675662
ENSG00000158435.10,CNOT11,chr2,101252805
ENSG00000116266.13,STXBP3,chr1,108746605
ENSG00000153086.16,ACMSD,chr2,134838311
ENSG00000169871.15,TRIM56,chr7,101085233
ENSG00000099810.23,MTAP,chr9,21802613
ENSG00000151779.16,NBAS,chr2,15561339
ENSG00000122687.21,MRM2,chr7,2242228
ENSG00000285645.1,ENSG00000285645,chr9,35828731
ENSG00000163596.19,ICA1L,chr2,202872102
ENSG00000163166.17,IWS1,chr2,127526885
ENSG00000173193.17,PARP14,chr3,122680211
ENSG00000186367.7,MINAR2,chr5,129748093
ENSG00000071082.13,RPL31,chr2,100997745
ENSG00000115207.17,GTF3C2,chr2,27357565
ENSG00000137601.20,NEK1,chr4,169612645
ENSG00000147955.20,SIGMAR1,chr9,34637843
ENSG00000178096.11,BOLA1,chr1,149886405
ENSG00000293268.2,ENSG00000293268,chr3,101686826
ENSG00000171492.16,LRRC8D,chr1,89820972
ENSG00000158019.23,BABAM2,chr2,27888666
ENSG00000117054.17,ACADM,chr1,75724430
ENSG00000115520.11,COQ10B,chr2,197453437
ENSG00000204930.10,FAM221B,chr9,35828746
ENSG00000083097.16,DOP1A,chr6,83067637
ENSG00000117308.17,GALE,chr1,23800803
ENSG00000077454.19,LRCH4,chr7,100586235
ENSG00000128699.17,ORMDL1,chr2,189784394
ENSG00000112742.12,TTK,chr6,80003886
ENSG00000196378.16,ZNF34,chr8,144788683
ENSG00000165283.18,STOML2,chr9,35103194
ENSG00000197312.14,DDI2,chr1,15617415
ENSG00000243056.3,EIF4EBP3,chr5,140547615
ENSG00000164543.9,STK17A,chr7,43582757
ENSG00000198218.14,QRICH1,chr3,49094544
ENSG00000185730.10,ZNF696,chr8,143289675
ENSG00000016391.13,CHDH,chr3,53846467
ENSG00000120727.15,PAIP2,chr5,139341586
ENSG00000172115.11,CYCS,chr7,25125366
ENSG00000114391.16,RPL24,chr3,101686824
ENSG00000213221.7,DNLZ,chr9,136363772
ENSG00000188175.12,HEPACAM2,chr7,93226558
ENSG00000131437.18,KIF3A,chr5,132737637
ENSG00000170667.18,RASA4B,chr7,102517799
ENSG00000122566.25,HNRNPA2B1,chr7,26201528
ENSG00000197409.9,H3C4,chr6,26197285
ENSG00000106605.13,BLVRA,chr7,43758008
ENSG00000168228.18,ZCCHC4,chr4,25312767
ENSG00000183513.11,COA5,chr2,98608541
ENSG00000127184.15,COX7C,chr5,86617883
ENSG00000158158.14,CNNM4,chr2,96760857
ENSG00000284234.1,TAF11L5,chr5,17525234
ENSG00000197150.15,ABCB8,chr7,151028421
ENSG00000171055.17,FEZ2,chr2,36646086
ENSG00000132763.17,MMACHC,chr1,45500185
ENSG00000113282.16,CLINT1,chr5,157859205
ENSG00000230453.12,ANKRD18B,chr9,33523521
ENSG00000161203.16,AP2M1,chr3,184174688
ENSG00000198961.13,PJA2,chr5,109410033
ENSG00000160867.17,FGFR4,chr5,177086455
ENSG00000115652.17,UXS1,chr2,106194370
ENSG00000165304.10,MELK,chr9,36572073
ENSG00000196866.3,H2AC7,chr6,26199292
ENSG00000282988.2,ENSG00000282988,chr6,26199292
ENSG00000172071.15,EIF2AK3,chr2,88691517
ENSG00000143614.13,GATAD2B,chr1,153923359
ENSG00000292277.1,ENSG00000292277,chr7,100205356
ENSG00000011009.14,LYPLA2,chr1,23791109
ENSG00000213930.14,GALT,chr9,34637366
ENSG00000155506.21,LARP1,chr5,154682985
ENSG00000162775.18,RBM15,chr1,110338505
ENSG00000055044.13,NOP58,chr2,202265275
ENSG00000198612.13,COPS8,chr2,237085876
ENSG00000131238.20,PPT1,chr1,40097266
ENSG00000106366.11,SERPINE1,chr7,101122157
ENSG00000105792.21,CFAP69,chr7,90245160
ENSG00000123636.22,BAZ2B,chr2,159617281
ENSG00000274997.2,H2AC12,chr6,27147105
ENSG00000011523.17,CEP68,chr2,65056349
ENSG00000109475.20,RPL34,chr4,108620507
ENSG00000112893.12,MAN2A1,chr5,109689366
ENSG00000221978.15,CCNL2,chr1,1400908
ENSG00000164091.14,WDR82,chr3,52288019
ENSG00000168830.10,HTR1E,chr6,86936661
ENSG00000082781.14,ITGB5,chr3,124901417
ENSG00000145901.20,TNIP1,chr5,151093576
ENSG00000162972.12,MAIP1,chr2,199955316
ENSG00000124571.20,XPO5,chr6,43576090
ENSG00000248333.11,CDK11B,chr1,1659266
ENSG00000204843.15,DCTN1,chr2,74392086
ENSG00000197208.8,SLC22A4,chr5,132293736
ENSG00000198467.18,TPM2,chr9,35691115
ENSG00000009954.12,BAZ1B,chr7,73522292
ENSG00000150093.22,ITGB1,chr10,33005791
ENSG00000186792.19,HYAL3,chr3,50299436
ENSG00000243477.8,NAA80,chr3,50299436
ENSG00000310603.1,ENSG00000310603,chr2,27771738
ENSG00000119203.16,CPSF3,chr2,9423622
ENSG00000243147.10,MRPL33,chr2,27771682
ENSG00000122565.21,CBX3,chr7,26200567
ENSG00000148688.16,RPP30,chr10,90871486
ENSG00000120437.11,ACAT2,chr6,159761444
ENSG00000135249.10,RINT1,chr7,105532115
ENSG00000162927.17,PUS10,chr2,61018283
ENSG00000006837.13,CDKL3,chr5,134371046
ENSG00000082515.20,MRPL22,chr5,154941063
ENSG00000156463.20,SH3RF2,chr5,145936424
ENSG00000065518.10,NDUFB4,chr3,120596272
ENSG00000165055.18,METTL2B,chr7,128476728
ENSG00000163617.13,CCDC191,chr3,114056593
ENSG00000122642.13,FKBP9,chr7,32957403
ENSG00000280670.5,CCDC163,chr1,45500162
ENSG00000146282.21,RARS2,chr6,87590027
ENSG00000138078.18,PREPL,chr2,44361861
ENSG00000166526.21,ZNF3,chr7,100082705
ENSG00000144233.13,AMMECR1L,chr2,127885966
ENSG00000113643.11,RARS1,chr5,168486446
ENSG00000273345.6,ENSG00000273345,chr5,134371043
ENSG00000145979.20,TBC1D7,chr6,13328582
ENSG00000162959.16,MEMO1,chr2,32011229
ENSG00000136560.16,TANK,chr2,161136907
ENSG00000119048.11,UBE2B,chr5,134371173
ENSG00000135912.13,TTLL4,chr2,218710772
ENSG00000115415.23,STAT1,chr2,191020959
ENSG00000113525.12,IL5,chr5,132556837
ENSG00000106701.15,FSD1L,chr9,105447795
ENSG00000006625.20,GGCT,chr7,30504865
ENSG00000185467.10,KPNA7,chr7,99250074
ENSG00000176204.15,LRRTM4,chr2,77593318
ENSG00000143919.17,CAMKMT,chr2,44361873
ENSG00000135185.14,TMEM243,chr7,87220596
ENSG00000164040.19,PGRMC2,chr4,128288833
ENSG00000119812.21,FAM98A,chr2,33599346
ENSG00000225697.15,SLC26A6,chr3,48635509
ENSG00000290318.1,ENSG00000290318,chr3,49412050
ENSG00000115808.15,STRN,chr2,36967621
ENSG00000112033.16,PPARD,chr6,35342529
ENSG00000198556.16,ZNF789,chr7,99472793
ENSG00000095637.25,SORBS1,chr10,95561468
ENSG00000116793.18,PHTF1,chr1,113759907
ENSG00000168917.11,SLC35G2,chr3,136818462
ENSG00000164164.19,OTUD4,chr4,145180630
ENSG00000170734.14,POLH,chr6,43575536
ENSG00000147874.13,HAUS6,chr9,19103119
ENSG00000163320.14,CGGBP1,chr3,88149884
ENSG00000152061.25,RABGAP1L,chr1,174159338
ENSG00000112530.14,PACRG,chr6,162727094
ENSG00000182700.5,IGIP,chr5,140125936
ENSG00000117593.14,DARS2,chr1,173824539
ENSG00000072803.20,FBXW11,chr5,172006906
ENSG00000131503.23,ANKHD1,chr5,140401659
ENSG00000131188.14,PRR7,chr5,177446444
ENSG00000164402.16,SEPTIN8,chr5,132807240
ENSG00000135336.19,ORC3,chr6,87590066
ENSG00000136231.16,IGF2BP3,chr7,23470832
ENSG00000176402.6,GJC3,chr7,99929619
ENSG00000288859.2,H2AC19,chr1,149851060
ENSG00000286075.4,SMIM10L3,chr7,6348966
ENSG00000145022.7,TCTA,chr3,49412211
ENSG00000127951.9,FGL2,chr7,77199883
ENSG00000121542.14,SEC22A,chr3,123201858
ENSG00000107201.14,RIGI,chr9,32526347
ENSG00000055332.21,EIF2AK2,chr2,37157687
ENSG00000153993.16,SEMA3D,chr7,85187067
ENSG00000143190.25,POU2F1,chr1,167220854
ENSG00000165006.16,UBAP1,chr9,34179004
ENSG00000248919.7,ATP5MF-PTCD1,chr7,99466196
ENSG00000170634.14,ACYP2,chr2,53970837
ENSG00000135164.21,DMTF1,chr7,87152339
ENSG00000153037.17,SRP19,chr5,112861187
ENSG00000241468.10,ATP5MF,chr7,99466200
ENSG00000106246.20,PTCD1,chr7,99466200
ENSG00000071994.12,PDCD2,chr6,170584691
ENSG00000162928.11,PEX13,chr2,61017057
ENSG00000079150.20,FKBP7,chr2,178478603
ENSG00000170584.14,NUDCD2,chr5,163460403
ENSG00000175455.18,CCDC14,chr3,123961442
ENSG00000106336.15,FBXO24,chr7,100583981
ENSG00000241553.15,ARPC4,chr3,9792483
ENSG00000137168.10,PPIL1,chr6,36885867
ENSG00000114023.17,FAM162A,chr3,122384160
ENSG00000068724.20,TTC7A,chr2,46915868
ENSG00000122406.16,RPL5,chr1,92831989
ENSG00000115165.12,CYTIP,chr2,157491092
ENSG00000275052.7,PPP4R3B,chr2,55618879
ENSG00000085514.17,PILRA,chr7,100367529
ENSG00000214595.14,EML6,chr2,54723498
ENSG00000128654.16,MTX2,chr2,176269394
ENSG00000277224.3,H2BC7,chr6,26199515
ENSG00000289761.1,ENSG00000289761,chr4,41143098
ENSG00000283988.1,TAF11L9,chr5,17594393
ENSG00000054523.22,KIF1B,chr1,10210480
ENSG00000239857.9,GET4,chr7,876485
ENSG00000169814.20,BTD,chr3,15601340
ENSG00000286239.1,ENSG00000286239,chr2,223945298
ENSG00000146828.20,SLC12A9,chr7,100826819
ENSG00000024048.13,UBR2,chr6,42563968
ENSG00000006634.10,DBF4,chr7,87876215
ENSG00000132467.4,UTP3,chr4,70688531
ENSG00000214736.10,TOMM6,chr6,41787619
ENSG00000105819.17,PMPCB,chr7,103295716
ENSG00000114956.22,DGUOK,chr2,73926793
ENSG00000131375.12,CAPN7,chr3,15206111
ENSG00000152465.20,NMT2,chr10,15168723
ENSG00000178397.14,FAM220A,chr7,6348980
ENSG00000068878.17,PSME4,chr2,53971039
ENSG00000163162.11,RNF149,chr2,101308769
ENSG00000168944.18,CEP120,chr5,123423591
ENSG00000115758.16,ODC1,chr2,10450115
ENSG00000176410.8,DNAJC30,chr7,73683452
ENSG00000187257.18,RSBN1L,chr7,77696439
ENSG00000123609.13,NMI,chr2,151289920
ENSG00000138069.20,RAB1A,chr2,65130985
ENSG00000035141.12,FAM136A,chr2,70302085
ENSG00000158985.16,CDC42SE2,chr5,131245492
ENSG00000163040.17,CCDC74A,chr2,131527674
ENSG00000116005.14,PCYOX1,chr2,70257385
ENSG00000180667.11,YOD1,chr1,207052979
ENSG00000168913.9,ENHO,chr9,34523173
ENSG00000115446.14,UNC50,chr2,98608173
ENSG00000113595.16,TRIM23,chr5,65625974
ENSG00000267645.5,POLR2J3-UPK3BL2,chr7,102671640
ENSG00000185250.18,PPIL6,chr6,109441170
ENSG00000138071.17,ACTR2,chr2,65227713
ENSG00000079950.16,STX7,chr6,132513998
ENSG00000135587.11,SMPD2,chr6,109440677
ENSG00000008300.17,CELSR3,chr3,48662885
ENSG00000183347.17,GBP6,chr1,89363894
ENSG00000137274.16,BPHL,chr6,3118373
ENSG00000086189.13,DIMT1,chr5,62403942
ENSG00000115392.15,FANCL,chr2,58241409
ENSG00000186472.22,PCLO,chr7,83162929
ENSG00000109572.18,CLCN3,chr4,169612437
ENSG00000084733.13,RAB10,chr2,26033480
ENSG00000137218.12,FRS3,chr6,41787569
ENSG00000169967.19,MAP3K2,chr2,127388464
ENSG00000196420.10,S100A5,chr1,153543073
ENSG00000135926.17,TMBIM1,chr2,218292588
ENSG00000276966.3,H4C5,chr6,26204609
ENSG00000134186.14,PRPF38B,chr1,108692291
ENSG00000079739.19,PGM1,chr1,63593150
ENSG00000113552.18,GNPDA1,chr5,142013060
ENSG00000078967.15,UBE2D4,chr7,43925798
ENSG00000146540.17,CHLSN,chr7,1138312
ENSG00000239620.4,PRR20G,chr3,127288046
ENSG00000162695.15,SLC30A7,chr1,100896060
ENSG00000085449.17,WDFY1,chr2,223945356
ENSG00000162694.16,EXTL2,chr1,100895999
ENSG00000178662.17,CSRNP3,chr2,165469646
ENSG00000127824.17,TUBA4A,chr2,219277901
ENSG00000211456.16,SACM1L,chr3,45689055
ENSG00000289694.1,ENSG00000289694,chr1,22025141
ENSG00000240344.12,PPIL3,chr2,200889357
ENSG00000070669.19,ASNS,chr7,97893142
ENSG00000197756.12,RPL37A,chr2,216498796
ENSG00000250151.9,ARPC4-TTLL3,chr3,9793081
ENSG00000137185.15,ZSCAN9,chr6,28224885
ENSG00000164211.15,STARD4,chr5,111513043
ENSG00000188976.13,NOC2L,chr1,960713
ENSG00000185129.8,PURA,chr5,140107776
ENSG00000148719.18,DNAJB12,chr10,72355166
ENSG00000124380.13,SNRNP27,chr2,69893943
ENSG00000145087.16,STXBP5L,chr3,120908071
ENSG00000169756.19,LIMS1,chr2,108533670
ENSG00000178252.21,WDR6,chr3,49007061
ENSG00000164167.15,LSM6,chr4,146175684
ENSG00000136682.18,ZNG1B,chr2,113437690
ENSG00000075539.17,FRYL,chr4,48780321
ENSG00000123473.19,STIL,chr1,47314891
ENSG00000114978.20,MOB1A,chr2,74178931
ENSG00000170476.17,MZB1,chr5,139390080
ENSG00000217128.15,FNIP1,chr5,131797040
ENSG00000115539.17,PDCL3,chr2,100562801
ENSG00000158402.23,CDC25C,chr5,138338354
ENSG00000145907.18,G3BP1,chr5,151770950
ENSG00000145912.12,NHP2,chr5,178153967
ENSG00000171148.16,TADA3,chr3,9793010
ENSG00000198677.15,SKIC3,chr5,95555049
ENSG00000106460.22,TMEM106B,chr7,12210930
ENSG00000235007.3,ENSG00000235007,chr9,129139412
ENSG00000136754.20,ABI1,chr10,26861093
ENSG00000116688.20,MFN2,chr1,11980180
ENSG00000065600.15,PACC1,chr1,212414922
ENSG00000008277.17,ADAM22,chr7,87934135
ENSG00000137154.15,RPS6,chr9,19380298
ENSG00000283765.1,ENSG00000283765,chr3,183884888
ENSG00000131584.21,ACAP3,chr1,1309608
ENSG00000163806.17,SPDYA,chr2,28782516
ENSG00000155329.14,ZCCHC10,chr5,133026603
ENSG00000132466.22,ANKRD17,chr4,73259168
ENSG00000146530.17,VWDE,chr7,12404032
ENSG00000188177.17,ZC3H6,chr2,112275564
ENSG00000120705.15,ETF1,chr5,138543238
ENSG00000164291.19,ARSK,chr5,95555080
ENSG00000168785.10,TSPAN5,chr4,98658712
ENSG00000284643.1,SCYGR2,chr2,227598892
ENSG00000078668.16,VDAC3,chr8,42391623
ENSG00000164400.7,CSF2,chr5,132073783
ENSG00000185728.19,YTHDF3,chr8,63168259
ENSG00000168906.15,MAT2A,chr2,85539162
ENSG00000005238.22,ATOSB,chr9,35116356
ENSG00000143545.12,RAB13,chr1,153986381
ENSG00000142330.22,CAPN10,chr2,240586365
ENSG00000155034.23,FBXL18,chr7,5513813
ENSG00000115306.19,SPTBN1,chr2,54456265
ENSG00000115694.17,STK25,chr2,241509729
ENSG00000117616.20,RSRP1,chr1,25338243
ENSG00000167136.9,ENDOG,chr9,128818450
ENSG00000125630.17,POLR1B,chr2,112541914
ENSG00000116001.19,TIA1,chr2,70248760
ENSG00000162607.15,USP1,chr1,62436040
ENSG00000273217.1,ENSG00000273217,chr5,131796982
ENSG00000135624.19,CCT7,chr2,73233419
ENSG00000138433.18,CIRSR,chr2,174395711
ENSG00000163125.18,RPRD2,chr1,150363090
ENSG00000117448.16,AKR1A1,chr1,45550474
ENSG00000151422.16,FER,chr5,108747840
ENSG00000162999.14,DUSP19,chr2,183078558
ENSG00000106012.21,IQCE,chr7,2558902
ENSG00000085760.17,MTIF2,chr2,55270262
ENSG00000072201.16,LNX1,chr4,53701404
ENSG00000105849.8,POLR1F,chr7,19709065
ENSG00000143994.16,ABHD1,chr2,27123788
ENSG00000285641.1,ENSG00000285641,chr1,153986245
ENSG00000181873.15,IBA57,chr1,228165776
ENSG00000003402.23,CFLAR,chr2,201116004
ENSG00000145833.18,DDX46,chr5,134758770
ENSG00000164022.20,AIMP1,chr4,106315543
ENSG00000064933.21,PMS1,chr2,189784061
ENSG00000196151.13,WDSUB1,chr2,159287346
ENSG00000172771.14,EFCAB12,chr3,129428644
ENSG00000151353.18,TMEM18,chr2,677469
ENSG00000181751.12,MACIR,chr5,103258387
ENSG00000112365.8,ZBTB24,chr6,109483272
ENSG00000189043.12,COXFA4,chr7,10940530
ENSG00000120963.14,ZNF706,chr8,101207084
ENSG00000131373.17,HACL1,chr3,15601882
ENSG00000170448.14,NFXL1,chr4,47914666
ENSG00000154252.13,GAL3ST2,chr2,241776816
ENSG00000185345.26,PRKN,chr6,162727774
ENSG00000113645.17,WWC1,chr5,168291562
ENSG00000106077.21,ABHD11,chr7,73738863
ENSG00000198399.18,ITSN2,chr2,24360806
ENSG00000113368.14,LMNB1,chr5,126776622
ENSG00000155850.11,SLC26A2,chr5,149960747
ENSG00000124568.14,SLC17A1,chr6,25832066
ENSG00000134686.23,PHC2,chr1,33431094
ENSG00000143162.11,CREG1,chr1,167553821
ENSG00000132153.17,DHX30,chr3,47802640
ENSG00000144354.17,CDCA7,chr2,173354817
ENSG00000071462.15,BUD23,chr7,73683160
ENSG00000004766.19,VPS50,chr7,93232339
ENSG00000153214.13,TMEM87B,chr2,112055201
ENSG00000115128.9,SF3B6,chr2,24076475
ENSG00000187608.11,ISG15,chr1,1001137
ENSG00000164818.18,DNAAF5,chr7,726686
ENSG00000136819.17,C9orf78,chr9,129835862
ENSG00000185963.15,BICD2,chr9,92764865
ENSG00000138400.14,MDH1B,chr2,206765336
ENSG00000085999.15,RAD54L,chr1,46246460
ENSG00000288637.1,ENSG00000288637,chr4,153152434
ENSG00000144589.24,STK11IP,chr2,219595804
ENSG00000228049.9,POLR2J2,chr7,102671751
ENSG00000147873.6,IFNA5,chr9,21305312
ENSG00000143479.19,DYRK3,chr1,206635517
ENSG00000075426.14,FOSL2,chr2,28392447
ENSG00000107796.16,ACTA2,chr10,88991338
ENSG00000143569.22,UBAP2L,chr1,154220171
ENSG00000065883.20,CDK13,chr7,39950012
ENSG00000075303.15,SLC25A40,chr7,87876403
ENSG00000019991.19,HGF,chr7,81770437
ENSG00000118960.15,HS1BP3,chr2,20651157
ENSG00000080608.12,PUM3,chr9,2844129
ENSG00000177994.17,CIMIP6,chr2,54330033
ENSG00000169223.18,LMAN2,chr5,177351839
ENSG00000090054.18,SPTLC1,chr9,92115490
ENSG00000256977.14,LIMS3,chr2,109898427
ENSG00000107959.19,PITRM1,chr10,3172840
ENSG00000145284.13,SCD5,chr4,82799108
ENSG00000143942.7,CHAC2,chr2,53767790
ENSG00000144231.13,POLR2D,chr2,127858162
ENSG00000131495.10,NDUFA2,chr5,140647822
ENSG00000133835.20,HSD17B4,chr5,119452464
ENSG00000105991.11,HOXA1,chr7,27096038
ENSG00000065978.21,YBX1,chr1,42682143
ENSG00000083720.15,OXCT1,chr5,41870589
ENSG00000144061.16,NPHP1,chr2,110205070
ENSG00000144306.17,SCRN3,chr2,174395723
ENSG00000239779.9,WBP1,chr2,74458262
ENSG00000115484.17,CCT4,chr2,61888695
ENSG00000169228.16,RAB24,chr5,177303765
ENSG00000221821.4,PEX39,chr6,42890820
ENSG00000114268.14,PFKFB4,chr3,48562014
ENSG00000182552.16,RWDD4,chr4,183659202
ENSG00000124374.11,PAIP2B,chr2,71227111
ENSG00000198520.14,ARMH1,chr1,44674691
ENSG00000169230.12,PRELID1,chr5,177303786
ENSG00000113734.20,BNIP1,chr5,173144441
ENSG00000213420.10,GPC2,chr7,100177388
ENSG00000168769.16,TET2,chr4,105145874
ENSG00000196411.12,EPHB4,chr7,100827583
ENSG00000274570.6,SPDYE10,chr7,73155430
ENSG00000119801.16,YPEL5,chr2,30146554
ENSG00000078098.17,FAP,chr2,162245150
ENSG00000119185.15,ITGB1BP1,chr2,9423890
ENSG00000172586.9,CHCHD1,chr10,73782038
ENSG00000143891.19,GALM,chr2,38665905
ENSG00000284337.1,ENSG00000284337,chr2,109898431
ENSG00000135837.20,CEP350,chr1,179954673
ENSG00000173163.13,COMMD1,chr2,61888723
ENSG00000113758.16,DBN1,chr5,177474400
ENSG00000196290.19,NIF3L1,chr2,200888991
ENSG00000118246.16,FASTKD2,chr2,206765356
ENSG00000198522.16,GPN1,chr2,27628246
ENSG00000120656.16,TAF12,chr1,28648363
ENSG00000243710.10,CFAP57,chr1,43172325
ENSG00000123600.23,METTL8,chr2,171434801
ENSG00000115750.19,TAF1B,chr2,9843339
ENSG00000048707.16,VPS13D,chr1,12230006
ENSG00000221869.6,CEBPD,chr8,47738163
ENSG00000018699.15,TTC27,chr2,32628018
ENSG00000115084.17,SLC35F5,chr2,113756699
ENSG00000138028.18,CGREF1,chr2,27119138
ENSG00000283782.2,ENSG00000283782,chr5,132410831
ENSG00000087087.22,SRRT,chr7,100875064
ENSG00000156535.16,CD109,chr6,73695778
ENSG00000180902.20,D2HGDH,chr2,241734588
ENSG00000198478.11,SH3BGRL2,chr6,79537184
ENSG00000285629.1,ENSG00000285629,chr1,6197756
ENSG00000151612.20,ZNF827,chr4,145939035
ENSG00000078674.22,PCM1,chr8,17922745
ENSG00000175193.16,PARL,chr3,183884932
ENSG00000198483.15,ANKRD35,chr1,145886087
ENSG00000173207.15,CKS1B,chr1,154974640
ENSG00000155428.13,TRIM74,chr7,72969465
ENSG00000115504.17,EHBP1,chr2,62673850
ENSG00000131507.13,NDFIP1,chr5,142108514
ENSG00000157856.14,DRC1,chr2,26401907
ENSG00000124593.16,ENSG00000124593,chr6,41780348
ENSG00000120334.18,CENPL,chr1,173824924
ENSG00000198830.15,HMGN2,chr1,26471494
ENSG00000219626.11,FAM228B,chr2,24076525
ENSG00000091527.19,CDV3,chr3,133573542
ENSG00000118260.17,CREB1,chr2,207529696
ENSG00000013441.19,CLK1,chr2,200864727
ENSG00000113272.16,THG1L,chr5,157731401
ENSG00000168246.8,UBTD2,chr5,172284101
ENSG00000164129.14,NPY5R,chr4,163343259
ENSG00000187961.17,KLHL17,chr1,960554
ENSG00000115998.10,C2orf42,chr2,70248614
ENSG00000161016.20,RPL8,chr8,144793501
ENSG00000223601.5,EBLN1,chr10,22218017
ENSG00000196659.10,IFT70B,chr2,177552795
ENSG00000113558.21,SKP1,chr5,134177910
ENSG00000182923.22,CEP63,chr3,134485698
ENSG00000182004.15,SNRPE,chr1,203861495
ENSG00000138382.17,METTL5,chr2,169824930
ENSG00000112118.22,MCM3,chr6,52284880
ENSG00000143493.15,INTS7,chr1,212035571
ENSG00000115827.16,DCAF17,chr2,171434216
ENSG00000153234.18,NR4A2,chr2,156342347
ENSG00000179832.20,MROH1,chr8,144147974
ENSG00000278224.9,PRICKLE4,chr6,41780738
ENSG00000072682.22,P4HA2,chr5,132295314
ENSG00000233757.8,ZNF892,chr2,95207509
ENSG00000113522.16,RAD50,chr5,132556018
ENSG00000134717.20,BTF3L4,chr1,52056198
ENSG00000235387.7,SPAAR,chr9,35909487
ENSG00000115762.19,PLEKHB2,chr2,131104846
ENSG00000146278.12,PNRC1,chr6,89080746
ENSG00000183155.7,RABIF,chr1,202889226
ENSG00000159921.22,GNE,chr9,36277041
ENSG00000113924.14,HGD,chr3,120682397
ENSG00000115204.17,MPV17,chr2,27325679
ENSG00000143476.20,DTL,chr1,212035552
ENSG00000291237.3,SOD2,chr6,159762528
ENSG00000179021.12,C3orf38,chr3,88149646
ENSG00000135315.14,CEP162,chr6,84227684
ENSG00000151689.15,INPP1,chr2,190334672
ENSG00000163191.8,S100A11,chr1,152047906
ENSG00000163913.16,IFT122,chr3,129429606
ENSG00000230124.10,ACBD6,chr1,180502953
ENSG00000158195.13,WASF2,chr1,27490307
ENSG00000127980.18,PEX1,chr7,92528662
ENSG00000138459.11,SLC35A5,chr3,112561268
ENSG00000132182.15,NUP210,chr3,13420394
ENSG00000168538.18,TRAPPC11,chr4,183659266
ENSG00000115919.17,KYNU,chr2,142811825
ENSG00000186352.10,ANKRD37,chr4,185395963
ENSG00000163848.23,ZNF148,chr3,125375841
ENSG00000134851.15,TMEM165,chr4,55395623
ENSG00000152782.21,PANK1,chr10,89645262
ENSG00000197157.13,SND1,chr7,127652122
ENSG00000273045.9,C2orf15,chr2,99141234
ENSG00000159214.15,CCDC24,chr1,43991351
ENSG00000188295.16,ZNF669,chr1,247104385
ENSG00000145675.18,PIK3R1,chr5,68215739
ENSG00000111981.7,ULBP1,chr6,149963934
ENSG00000168288.15,MMADHC,chr2,149587811
ENSG00000078795.18,PKD2L2,chr5,137887967
ENSG00000168393.15,DTYMK,chr2,241686980
ENSG00000047188.18,YTHDC2,chr5,113513676
ENSG00000163933.13,RFT1,chr3,53130660
ENSG00000151468.13,CCDC3,chr10,13099651
ENSG00000117862.16,TXNDC12,chr1,52056187
ENSG00000115738.12,ID2,chr2,8678844
ENSG00000143570.21,SLC39A1,chr1,153968666
ENSG00000167700.11,SLC33A2,chr8,144508262
ENSG00000163482.14,STK36,chr2,218672026
ENSG00000173230.19,GOLGB1,chr3,121749965
ENSG00000016864.21,GLT8D1,chr3,52706367
ENSG00000066923.21,STAG3,chr7,100177562
ENSG00000170234.15,PWWP2A,chr5,160119477
ENSG00000122756.17,CNTFR,chr9,34593477
ENSG00000068912.17,ERLEC1,chr2,53787008
ENSG00000072135.15,PTPN18,chr2,130356025
ENSG00000115211.19,EIF2B4,chr2,27370465
ENSG00000126106.15,TMEM53,chr1,44674618
ENSG00000254959.6,INMT-MINDY4,chr7,30752136
ENSG00000082898.21,XPO1,chr2,61538752
ENSG00000113163.20,CERT1,chr5,75512137
ENSG00000136213.12,CHST12,chr7,2403441
ENSG00000137054.18,POLR1E,chr9,37481694
ENSG00000118785.17,SPP1,chr4,87975666
ENSG00000076003.7,MCM6,chr2,135876483
ENSG00000152518.10,ZFP36L2,chr2,43226611
ENSG00000197579.10,TOPORS,chr9,32552610
ENSG00000250565.9,ATP6V1E2,chr2,46543286
ENSG00000158417.14,EIF5B,chr2,99337360
ENSG00000156427.10,FGF18,chr5,171419636
ENSG00000164252.15,AGGF1,chr5,77029250
ENSG00000136891.16,TEX10,chr9,100352956
ENSG00000127837.12,AAMP,chr2,218270888
ENSG00000106608.19,URGCP,chr7,43926410
ENSG00000114491.16,UMPS,chr3,124730432
ENSG00000113575.15,PPP2CA,chr5,134226218
ENSG00000154814.16,OXNAD1,chr3,16265159
ENSG00000127995.19,CASD1,chr7,94509218
ENSG00000264522.8,OTUD7B,chr1,150010757
ENSG00000244474.7,UGT1A4,chr2,233718726
ENSG00000169607.14,CKAP2L,chr2,112764663
ENSG00000163001.14,CFAP36,chr2,55519558
ENSG00000164758.9,MED30,chr8,117520698
ENSG00000164715.8,LMTK2,chr7,98106857
ENSG00000171103.13,TRMT61B,chr2,28870391
ENSG00000163840.11,DTX3L,chr3,122564227
ENSG00000120915.17,EPHX2,chr8,27490774
ENSG00000146063.22,TRIM41,chr5,181222498
ENSG00000198755.13,RPL10A,chr6,35468365
ENSG00000272772.2,ENSG00000272772,chr5,134225860
ENSG00000198722.17,UNC13B,chr9,35161828
ENSG00000118420.19,UBE3D,chr6,83065859
ENSG00000162980.19,ARL5A,chr2,151828530
ENSG00000176542.11,USF3,chr3,113696666
ENSG00000148343.21,MIGA2,chr9,129036613
ENSG00000168090.12,COPS6,chr7,100088947
ENSG00000162944.13,RFTN2,chr2,197676167
ENSG00000198642.9,KLHL9,chr9,21335403
ENSG00000025796.16,SEC63,chr6,107958310
ENSG00000112624.16,BICRAL,chr6,42781930
ENSG00000058729.13,RIOK2,chr5,97183296
ENSG00000081791.11,DELE1,chr5,141923799
ENSG00000143458.14,GABPB2,chr1,151070513
ENSG00000120256.13,LRP11,chr6,149864423
ENSG00000163875.18,MEAF6,chr1,37515099
ENSG00000138363.17,ATIC,chr2,215311955
ENSG00000158560.16,DYNC1I1,chr7,95772458
ENSG00000145390.14,USP53,chr4,119212127
ENSG00000181965.6,NEUROG1,chr5,135535963
ENSG00000185972.7,CCIN,chr9,36165750
ENSG00000104635.17,SLC39A14,chr8,22366726
ENSG00000170144.25,HNRNPA3,chr2,177212586
ENSG00000115464.16,USP34,chr2,61471104
ENSG00000143924.21,EML4,chr2,42169311
ENSG00000120253.16,NUP43,chr6,149750285
ENSG00000086065.16,CHMP5,chr9,33264016
ENSG00000107018.8,RLN1,chr9,5339875
ENSG00000154813.12,DPH3,chr3,16264997
ENSG00000288684.1,ENSG00000288684,chr9,32552602
ENSG00000175793.12,SFN,chr1,26863148
ENSG00000128050.11,PAICS,chr4,56435057
ENSG00000160446.21,ZDHHC12,chr9,128724145
ENSG00000168421.15,RHOH,chr4,40191010
ENSG00000143434.19,SEMA6C,chr1,151147812
ENSG00000115234.13,SNX17,chr2,27370495
ENSG00000159346.15,ADIPOR1,chr1,202958778
ENSG00000164967.12,RPP25L,chr9,34612604
ENSG00000146776.16,ATXN7L1,chr7,105877399
ENSG00000106153.16,CHCHD2,chr7,56106530
ENSG00000163481.10,RNF25,chr2,218672008
ENSG00000198954.11,KIFBP,chr10,68988731
ENSG00000242802.11,AP5Z1,chr7,4775609
ENSG00000196787.5,H2AC11,chr6,27133042
ENSG00000116353.18,MECR,chr1,29230957
ENSG00000156502.16,SUPV3L1,chr10,69180233
ENSG00000115568.18,ZNF142,chr2,218659654
ENSG00000182389.21,CACNB4,chr2,152099181
ENSG00000136280.19,CCM2,chr7,44999474
ENSG00000115902.13,SLC1A4,chr2,64988476
ENSG00000010165.22,METTL13,chr1,171781419
ENSG00000124596.19,OARD1,chr6,41097786
ENSG00000115163.17,CENPA,chr2,26764288
ENSG00000188846.15,RPL14,chr3,40457291
ENSG00000171848.18,RRM2,chr2,10120697
ENSG00000005249.16,PRKAR2B,chr7,107044626
ENSG00000106404.15,CLDN15,chr7,101238819
ENSG00000074276.13,CDHR2,chr5,176542510
ENSG00000067560.16,RHOA,chr3,49412997
ENSG00000168883.22,USP39,chr2,85602855
ENSG00000170445.18,HARS1,chr5,140691536
ENSG00000164169.15,PRMT9,chr4,147684226
ENSG00000174720.20,LARP7,chr4,112636989
ENSG00000086200.19,IPO11,chr5,62403517
ENSG00000196811.13,CHRNG,chr2,232539691
ENSG00000132305.24,IMMT,chr2,86195630
ENSG00000175309.18,PHYKPL,chr5,178233207
ENSG00000228672.4,PROB1,chr5,139395103
ENSG00000075142.16,SRI,chr7,88226996
ENSG00000162994.18,CLHC1,chr2,55232562
ENSG00000001631.19,KRIT1,chr7,92246165
ENSG00000120709.13,FAM53C,chr5,138331934
ENSG00000106483.14,SFRP4,chr7,38025694
ENSG00000167103.13,PIP5KL1,chr9,127930822
ENSG00000204262.16,COL5A2,chr2,189225311
ENSG00000115590.16,IL1R2,chr2,101991797
ENSG00000122483.20,CCDC18,chr1,93179757
ENSG00000113369.10,ARRDC3,chr5,91383347
ENSG00000278637.3,H4C1,chr6,26021648
ENSG00000116717.14,GADD45A,chr1,67685047
ENSG00000082269.19,FAM135A,chr6,70412940
ENSG00000162642.16,C1orf52,chr1,85259685
ENSG00000120756.15,PLS1,chr3,142595643
ENSG00000127399.16,LRRC61,chr7,150323262
ENSG00000114999.10,TTL,chr2,112482111
ENSG00000160691.21,SHC1,chr1,154974451
ENSG00000150756.16,ATPSCKMT,chr5,10249896
ENSG00000163492.18,CCDC141,chr2,179051696
ENSG00000112855.19,HARS2,chr5,140691421
ENSG00000115355.20,CCDC88A,chr2,55420041
ENSG00000197037.13,ZSCAN25,chr7,99616622
ENSG00000115137.13,DNAJC27,chr2,24972093
ENSG00000082516.10,GEMIN5,chr5,154938241
ENSG00000188404.12,SELL,chr1,169712201
ENSG00000161048.14,NAPEPLD,chr7,103151171
ENSG00000064999.18,ANKS1A,chr6,34889242
ENSG00000134352.23,IL6ST,chr5,55995021
ENSG00000168890.16,TMEM150A,chr2,85603200
ENSG00000213699.11,SLC35F6,chr2,26764239
ENSG00000004864.16,SLC25A13,chr7,96322180
ENSG00000154518.12,ATP5MC3,chr2,175181763
ENSG00000164244.23,PRRC1,chr5,127517616
ENSG00000228474.8,OST4,chr2,27073829
ENSG00000183423.14,LRIT3,chr4,109846012
ENSG00000143970.19,ASXL2,chr2,25878599
ENSG00000164828.20,SUN1,chr7,816590
ENSG00000150753.14,CCT5,chr5,10249928
ENSG00000095321.20,CRAT,chr9,129111312
ENSG00000137106.20,GRHPR,chr9,37422659
ENSG00000119041.13,GTF3C3,chr2,196799742
ENSG00000106638.20,TBL2,chr7,73578790
ENSG00000164654.18,MIOS,chr7,7566822
ENSG00000088727.16,KIF9,chr3,47283450
ENSG00000138768.17,USO1,chr4,75724521
ENSG00000168395.18,ING5,chr2,241687084
ENSG00000145703.18,IQGAP2,chr5,76402932
ENSG00000113312.14,TTC1,chr5,160009099
ENSG00000128683.16,GAD1,chr2,170813212
ENSG00000082126.20,MPP4,chr2,201698712
ENSG00000183665.5,TYW2,chr8,124450819
ENSG00000113739.12,STC2,chr5,173328446
ENSG00000015676.20,NUDCD3,chr7,44490918
ENSG00000166321.16,NUDT13,chr10,73110374
ENSG00000109472.16,CPE,chr4,165361193
ENSG00000150628.8,SPATA4,chr4,176195584
ENSG00000146909.10,NOM1,chr7,156949705
ENSG00000293560.3,MYH16,chr7,99272838
ENSG00000145349.22,CAMK2D,chr4,113762571
ENSG00000135617.6,PRADC1,chr2,73233261
ENSG00000113194.15,FAF2,chr5,176447627
ENSG00000196196.3,HRCT1,chr9,35906201
ENSG00000198860.16,TSEN15,chr1,184051628
ENSG00000117601.17,SERPINC1,chr1,173917542
ENSG00000163406.13,SLC15A2,chr3,121894354
ENSG00000137070.21,IL11RA,chr9,34651581
ENSG00000056736.12,IL17RB,chr3,53845672
ENSG00000116678.21,LEPR,chr1,65420542
ENSG00000142327.15,RNPEPL1,chr2,240565803
ENSG00000213625.10,LEPROT,chr1,65420546
ENSG00000064989.15,CALCRL,chr2,187448505
ENSG00000138399.20,FASTKD1,chr2,169573918
ENSG00000211460.14,TSN,chr2,121737102
ENSG00000127993.17,RBM48,chr7,92528769
ENSG00000168209.8,DDIT4,chr10,72273918
ENSG00000001629.12,ANKIB1,chr7,92245959
ENSG00000138095.22,LRPPRC,chr2,43996225
ENSG00000122707.14,RECK,chr9,36036895
ENSG00000152127.11,MGAT5,chr2,134119891
ENSG00000164535.17,DAGLB,chr7,6484189
ENSG00000285779.1,ENSG00000285779,chr1,153975886
ENSG00000107036.14,RIC1,chr9,5628737
ENSG00000096093.18,EFHC1,chr6,52362122
ENSG00000278828.2,H3C10,chr6,27810050
ENSG00000143612.23,LTAP1,chr1,154220685
ENSG00000144848.13,ATG3,chr3,112562317
ENSG00000251154.3,PTTG1IP2,chr7,90469618
ENSG00000120942.15,UBIAD1,chr1,11273188
ENSG00000174780.19,SRP72,chr4,56467590
ENSG00000152904.13,GGPS1,chr1,235327349
ENSG00000106400.14,ZNHIT1,chr7,101218116
ENSG00000154978.15,VOPP1,chr7,55572987
ENSG00000134193.17,REG4,chr1,119811579
ENSG00000146648.23,EGFR,chr7,55018819
ENSG00000168291.15,PDHB,chr3,58434011
ENSG00000163012.5,ZSWIM2,chr2,186849207
ENSG00000050393.14,MCUR1,chr6,13814695
ENSG00000148339.15,SLC25A25,chr9,128068168
ENSG00000197622.15,CDC42SE1,chr1,151070324
ENSG00000163811.14,WDR43,chr2,28894610
ENSG00000128536.18,CDHR3,chr7,105876795
ENSG00000109654.18,TRIM2,chr4,153152162
ENSG00000115947.16,ORC4,chr2,148021783
ENSG00000132704.18,FCRL2,chr1,157777268
ENSG00000169679.17,BUB1,chr2,110678097
ENSG00000066136.23,NFYC,chr1,40691569
ENSG00000107719.12,PALD1,chr10,70477657
ENSG00000183111.14,ARHGEF37,chr5,149551946
ENSG00000288705.2,UGT1A5,chr2,233712906
ENSG00000183742.15,MACC1,chr7,20217848
ENSG00000039319.19,ZFYVE16,chr5,80407148
ENSG00000168237.20,GLYCTK,chr3,52286944
ENSG00000096968.16,JAK2,chr9,4984389
ENSG00000289027.1,ENSG00000289027,chr7,92245923
ENSG00000157833.14,GAREM2,chr2,26173070
ENSG00000138074.17,SLC5A6,chr2,27212957
ENSG00000180198.19,RCC1,chr1,28505931
ENSG00000165119.25,HNRNPK,chr9,83981585
ENSG00000181322.17,NME9,chr3,138331353
ENSG00000153922.14,CHD1,chr5,98929626
ENSG00000146757.15,ZNF92,chr7,65373798
ENSG00000151726.18,ACSL1,chr4,184826852
ENSG00000162244.14,RPL29,chr3,51996020
ENSG00000119004.19,CYP20A1,chr2,203238951
ENSG00000155438.14,NIFK,chr2,121737119
ENSG00000118965.18,WDR35,chr2,19990161
ENSG00000115145.12,STAM2,chr2,152175780
ENSG00000197217.15,ENTPD4,chr8,23457721
ENSG00000172845.19,SP3,chr2,173965876
ENSG00000106526.14,ACTR3C,chr7,150323925
ENSG00000187514.19,PTMA,chr2,231706894
ENSG00000178074.7,C2orf69,chr2,199911248
ENSG00000107854.8,TNKS2,chr10,91798356
ENSG00000122694.18,GLIPR2,chr9,36136416
ENSG00000187037.11,GPR141,chr7,37683720
ENSG00000064995.21,TAF11,chr6,34889191
ENSG00000005486.19,RHBDD2,chr7,75842601
ENSG00000106100.13,NOD1,chr7,30478913
ENSG00000116560.13,SFPQ,chr1,35193445
ENSG00000146701.14,MDH2,chr7,76048036
ENSG00000121152.12,NCAPH,chr2,96335727
ENSG00000105825.16,TFPI2,chr7,93890956
ENSG00000115946.10,PNO1,chr2,68157827
ENSG00000127920.7,GNG11,chr7,93921442
ENSG00000114573.14,ATP6V1A,chr3,113746295
ENSG00000105948.15,IFT56,chr7,139133743
ENSG00000285839.1,ENSG00000285839,chr1,52033349
ENSG00000013375.19,PGM3,chr6,83194004
ENSG00000180370.12,PAK2,chr3,196739742
ENSG00000177383.6,MAGEF1,chr3,184712072
ENSG00000169220.20,RGS14,chr5,177357653
ENSG00000187186.17,ENSG00000187186,chr9,34666121
ENSG00000163798.16,SLC4A1AP,chr2,27663425
ENSG00000120729.12,MYOT,chr5,137867776
ENSG00000164610.11,RP9,chr7,33109600
ENSG00000145723.19,GIN1,chr5,103120225
ENSG00000114686.11,MRPL3,chr3,131502994
ENSG00000145879.12,SPINK7,chr5,148312418
ENSG00000136854.28,STXBP1,chr9,127579369
ENSG00000241399.9,CD302,chr2,159798388
ENSG00000116096.9,SPR,chr2,72887373
ENSG00000205302.9,SNX2,chr5,122774979
ENSG00000109736.17,SLC75A1,chr4,2935461
ENSG00000144840.12,RABL3,chr3,120742992
ENSG00000266028.10,SRGAP2,chr1,206203345
ENSG00000143420.21,ENSA,chr1,150629632
ENSG00000163584.20,RPL22L1,chr3,170870474
ENSG00000165702.16,GFI1B,chr9,132943999
ENSG00000188290.13,HES4,chr1,1000824
ENSG00000083444.19,PLOD1,chr1,11934204
ENSG00000120306.13,CYSTM1,chr5,140174923
ENSG00000095015.8,MAP3K1,chr5,56815380
ENSG00000241962.9,ENSG00000241962,chr2,99141484
ENSG00000038002.11,AGA,chr4,177442449
ENSG00000183726.13,TMEM50A,chr1,25337914
ENSG00000160803.10,UBQLN4,chr1,156053813
ENSG00000188763.5,FZD9,chr7,73433777
ENSG00000170632.16,ARMC10,chr7,103074624
ENSG00000164976.11,MYORG,chr9,34377149
ENSG00000132485.16,ZRANB2,chr1,71081288
ENSG00000145934.18,TENM2,chr5,166979014
ENSG00000135002.13,RFK,chr9,76394535
ENSG00000153767.12,GTF2E1,chr3,120742369
ENSG00000074582.17,BCS1L,chr2,218658763
ENSG00000171169.10,NAIF1,chr9,128068205
ENSG00000285269.2,ENSG00000285269,chr9,96352057
ENSG00000128655.20,PDE11A,chr2,178108338
ENSG00000122435.13,TRMT13,chr1,100133042
ENSG00000167011.10,NAT16,chr7,101180300
ENSG00000147416.14,ATP6V1B2,chr8,20197322
ENSG00000213585.13,VDAC1,chr5,134005359
ENSG00000151461.22,UPF2,chr10,12043169
ENSG00000189350.15,TOGARAM2,chr2,28956505
ENSG00000158710.17,TAGLN2,chr1,159925545
ENSG00000169252.6,ADRB2,chr5,148826610
ENSG00000157992.14,KRTCAP3,chr2,27442336
ENSG00000144959.13,NCEH1,chr3,172711217
ENSG00000138035.17,PNPT1,chr2,55693862
ENSG00000214114.11,MYCBP,chr1,38873387
ENSG00000188786.12,MTF1,chr1,37859613
ENSG00000182551.16,ADI1,chr2,3519583
ENSG00000148200.19,NR6A1,chr9,124771348
ENSG00000163293.14,NIPAL1,chr4,47914141
ENSG00000157593.21,SLC35B2,chr6,44257889
ENSG00000144026.16,ZNF514,chr2,95165671
ENSG00000168564.8,CDKN2AIP,chr4,183444627
ENSG00000113140.13,SPARC,chr5,151687351
ENSG00000136240.12,KDELR2,chr7,6484223
ENSG00000164620.11,RELL2,chr5,141636949
ENSG00000226887.10,ERVMER34-1,chr4,52751896
ENSG00000130956.16,HABP4,chr9,96450097
ENSG00000107537.16,PHYH,chr10,13302411
ENSG00000163249.15,CCNYL1,chr2,207711514
ENSG00000144445.19,KANSL1L,chr2,210172181
ENSG00000113712.20,CSNK1A1,chr5,149551576
ENSG00000203877.9,RIPPLY2,chr6,83853359
ENSG00000285953.2,ENSG00000285953,chr7,92245942
ENSG00000115091.14,ACTR3,chr2,113889599
ENSG00000134748.15,PRPF38A,chr1,52404059
ENSG00000196407.12,THEM5,chr1,151853711
ENSG00000172113.12,NME6,chr3,48301684
ENSG00000157181.18,ODR4,chr1,186375400
ENSG00000196652.14,ZKSCAN5,chr7,99504633
ENSG00000008952.19,SEC62,chr3,169966634
ENSG00000162517.15,PEF1,chr1,31644909
ENSG00000156795.10,NTAQ1,chr8,123416719
ENSG00000213563.8,C8orf82,chr8,144529131
ENSG00000285791.1,ENSG00000285791,chr8,66432485
ENSG00000136295.18,TTYH3,chr7,2631897
ENSG00000075223.16,SEMA3C,chr7,80922392
ENSG00000079156.19,OSBPL6,chr2,178193710
ENSG00000082258.15,CCNT2,chr2,134918234
ENSG00000147677.14,EIF3H,chr8,116766924
ENSG00000112081.20,SRSF3,chr6,36593776
ENSG00000160145.17,KALRN,chr3,124033309
ENSG00000260238.6,PMF1-BGLAP,chr1,156212981
ENSG00000079785.18,DDX1,chr2,15591177
ENSG00000009780.18,FAM76A,chr1,27725945
ENSG00000118217.9,ATF6,chr1,161766242
ENSG00000021461.20,CYP3A43,chr7,99827921
ENSG00000180155.22,LYNX1,chr8,142777888
ENSG00000137100.18,DCTN3,chr9,34620528
ENSG00000156876.11,SASS6,chr1,100132954
ENSG00000122585.10,NPY,chr7,24284181
ENSG00000182095.16,TNRC18,chr7,5425413
ENSG00000143621.19,ILF2,chr1,153671027
ENSG00000243667.9,DNAAF10,chr2,68157566
ENSG00000198876.15,DCAF12,chr9,34127398
ENSG00000144063.6,MALL,chr2,110116074
ENSG00000147576.19,ADHFE1,chr8,66432458
ENSG00000105954.2,NPVF,chr7,25228485
ENSG00000206527.12,HACD2,chr3,123585192
ENSG00000122507.23,BBS9,chr7,33109556
ENSG00000175166.19,PSMD2,chr3,184299156
ENSG00000146574.18,CCZ1B,chr7,6826769
ENSG00000160783.21,PMF1,chr1,156212988
ENSG00000106236.6,NPTX2,chr7,98617253
ENSG00000276600.7,RAB7B,chr1,206003543
ENSG00000145220.16,LYAR,chr4,4290195
ENSG00000147853.19,AK3,chr9,4742042
ENSG00000173678.15,SPDYE2B,chr7,102650318
ENSG00000172432.21,GTPBP2,chr6,43629290
ENSG00000155657.30,TTN,chr2,178830801
ENSG00000177606.9,JUN,chr1,58784047
ENSG00000185261.17,KIAA0825,chr5,94618615
ENSG00000099219.17,ERMP1,chr9,5879536
ENSG00000145725.23,PPIP5K2,chr5,103120148
ENSG00000183598.4,H3C13,chr1,149813692
ENSG00000112144.17,CILK1,chr6,53061895
ENSG00000109270.15,LAMTOR3,chr4,99894427
ENSG00000258728.2,ENSG00000258728,chr9,34646630
ENSG00000054356.16,PTPRN,chr2,219309647
ENSG00000113583.10,C5orf15,chr5,133968673
ENSG00000163214.23,DHX57,chr2,38875942
ENSG00000115310.21,RTN4,chr2,55112620
ENSG00000137561.7,TTPA,chr8,63086196
ENSG00000039537.18,C6,chr5,41261560
ENSG00000113658.20,SMAD5,chr5,136132827
ENSG00000147573.19,TRIM55,chr8,66126871
ENSG00000168894.12,RNF181,chr2,85595619
ENSG00000171720.12,HDAC3,chr5,141637303
ENSG00000122733.14,PHF24,chr9,34957607
ENSG00000198301.14,SDAD1,chr4,75990961
ENSG00000120733.17,KDM3B,chr5,138352675
ENSG00000168374.13,ARF4,chr3,57598219
ENSG00000310583.1,ENSG00000310583,chr2,38875990
ENSG00000124541.9,RRP36,chr6,43021587
ENSG00000163171.10,CDC42EP3,chr2,37738467
ENSG00000115307.19,AUP1,chr2,74529965
ENSG00000177853.17,ZNF518A,chr10,96129694
ENSG00000064652.13,SNX24,chr5,122843438
ENSG00000213281.7,NRAS,chr1,114716774
ENSG00000145388.17,METTL14,chr4,118685380
ENSG00000180098.11,TRNAU1AP,chr1,28552990
ENSG00000174928.18,C3orf33,chr3,155806287
ENSG00000251201.8,TMED7-TICAM2,chr5,115626160
ENSG00000163606.12,CD200R1,chr3,112975102
ENSG00000115816.17,CEBPZ,chr2,37231611
ENSG00000173473.13,SMARCC1,chr3,47782105
ENSG00000196683.13,TOMM7,chr7,22822890
ENSG00000138286.17,FAM149B1,chr10,73168117
ENSG00000173200.15,PARP15,chr3,122577596
ENSG00000160058.21,BSDC1,chr1,32394730
ENSG00000147669.13,POLR2K,chr8,100150609
ENSG00000116586.14,LAMTOR2,chr1,156053915
ENSG00000205413.9,SAMD9,chr7,93118041
ENSG00000003509.18,NDUFAF7,chr2,37231627
ENSG00000079246.18,XRCC5,chr2,216107463
ENSG00000163626.19,COX18,chr4,73069754
ENSG00000171757.19,LRRC34,chr3,169813007
ENSG00000113068.12,PFDN1,chr5,140303118
ENSG00000115109.16,EPB41L5,chr2,120012915
ENSG00000086015.25,MAST2,chr1,45786986
ENSG00000148484.20,RSU1,chr10,16817602
ENSG00000127954.15,STEAP4,chr7,88307060
ENSG00000112110.12,MRPL18,chr6,159789811
ENSG00000114902.16,SPCS1,chr3,52704954
ENSG00000010438.17,PRSS3,chr9,33750678
ENSG00000134107.7,BHLHE40,chr3,4978714
ENSG00000107159.16,CA9,chr9,35673897
ENSG00000135924.19,DNAJB2,chr2,219279307
ENSG00000175279.23,CENPS,chr1,10430389
ENSG00000165424.9,ZCCHC24,chr10,79445672
ENSG00000176428.8,VPS37D,chr7,73667830
ENSG00000142856.20,ITGB3BP,chr1,63593720
ENSG00000114859.18,CLCN2,chr3,184363273
ENSG00000147889.19,CDKN2A,chr9,21995300
ENSG00000125388.22,GRK4,chr4,2963570
ENSG00000169155.12,ZBTB43,chr9,126804987
ENSG00000116161.20,CACYBP,chr1,174999162
ENSG00000124688.16,MAD2L1BP,chr6,43629493
ENSG00000130227.19,XPO7,chr8,21919544
ENSG00000197959.16,DNM3,chr1,171817886
ENSG00000047410.15,TPR,chr1,186375692
ENSG00000153246.15,PLA2R1,chr2,160062905
ENSG00000143933.22,CALM2,chr2,47176920
ENSG00000133302.15,SLF1,chr5,94618053
ENSG00000167112.12,TRUB2,chr9,128322740
ENSG00000174799.14,CEP135,chr4,55948818
ENSG00000188010.18,MORN2,chr2,38875968
ENSG00000272031.4,ANKRD34A,chr1,145964574
ENSG00000164128.9,NPY1R,chr4,163344851
ENSG00000164142.18,FHIP1A,chr4,151409117
ENSG00000131013.6,PPIL4,chr6,149546110
ENSG00000152102.20,FAM168B,chr2,131093491
ENSG00000157259.9,GATAD1,chr7,92447447
ENSG00000156802.15,ATAD2,chr8,123416349
ENSG00000082153.20,BZW1,chr2,200810593
ENSG00000206559.10,ZCWPW2,chr3,28348696
ENSG00000117597.20,UTP25,chr1,209827955
ENSG00000169972.15,PUSL1,chr1,1308546
ENSG00000158106.17,RHPN1,chr8,143368809
ENSG00000188921.16,HACD4,chr9,21031651
ENSG00000165118.16,QNG1,chr9,83956985
ENSG00000284042.1,TAF11L6,chr5,17528668
ENSG00000266412.8,NCOA4,chr10,46030669
ENSG00000270276.3,H4C15,chr1,149861158
ENSG00000138674.19,SEC31A,chr4,82901165
ENSG00000178338.12,ZNF354B,chr5,178859924
ENSG00000159685.13,CHCHD6,chr3,126704202
ENSG00000168826.18,ZBTB49,chr4,4290220
ENSG00000163072.18,NOSTRIN,chr2,168786538
ENSG00000120948.21,TARDBP,chr1,11012343
ENSG00000143771.14,CNIH4,chr1,224356809
ENSG00000127481.16,UBR4,chr1,19210328
ENSG00000143061.20,IGSF3,chr1,116667819
ENSG00000117407.19,ARTN,chr1,43933271
ENSG00000118997.15,DNAH7,chr2,196068847
ENSG00000143878.10,RHOB,chr2,20447073
ENSG00000165671.24,NSD1,chr5,177131786
ENSG00000176261.18,ZBTB8OS,chr1,32651010
ENSG00000134716.13,CYP2J2,chr1,59926827
ENSG00000112335.17,SNX3,chr6,108261254
ENSG00000126524.14,SBDS,chr7,66995692
ENSG00000138495.9,COX17,chr3,119677620
ENSG00000204006.12,C1orf185,chr1,51102220
ENSG00000153563.18,CD8A,chr2,86808395
ENSG00000160908.17,ZNF394,chr7,99504917
ENSG00000172336.7,POP7,chr7,100695901
ENSG00000178821.15,TMEM52,chr1,1919328
ENSG00000242950.7,ERVW-1,chr7,92477985
ENSG00000120925.18,RNF170,chr8,42897308
ENSG00000198793.16,MTOR,chr1,11262555
ENSG00000144579.11,CTDSP1,chr2,218397135
ENSG00000151092.20,NGLY1,chr3,25790038
ENSG00000158615.10,PPP1R15B,chr1,204411886
ENSG00000112874.12,NUDT12,chr5,103562816
ENSG00000289360.1,ENSG00000289360,chr7,105040847
ENSG00000288914.1,ENSG00000288914,chr7,105040857
ENSG00000269955.2,FMC1-LUC7L2,chr7,139341359
ENSG00000136824.21,SMC2,chr9,104093694
ENSG00000173950.17,XXYLT1,chr3,195271175
ENSG00000158467.19,AHCYL2,chr7,129225019
ENSG00000120318.18,ARAP3,chr5,141682254
ENSG00000163116.11,STPG2,chr4,98143484
ENSG00000092820.21,EZR,chr6,158819417
ENSG00000105810.12,CDK6,chr7,92837003
ENSG00000131788.18,PIAS3,chr1,145859835
ENSG00000121579.16,NAA50,chr3,113746785
ENSG00000050748.20,MAPK9,chr5,180292106
ENSG00000106686.20,SPATA6L,chr9,4666673
ENSG00000115514.14,TXNDC9,chr2,99340701
ENSG00000184178.19,SCFD2,chr4,53366099
ENSG00000109445.13,ZNF330,chr4,141220279
ENSG00000163866.11,SMIM12,chr1,34859829
ENSG00000060339.16,CCAR1,chr10,68721011
ENSG00000132854.21,KANK4,chr1,62319433
ENSG00000155324.12,GRAMD2B,chr5,126360131
ENSG00000005108.18,THSD7A,chr7,11832449
ENSG00000114378.19,HYAL1,chr3,50312889
ENSG00000170500.14,LONRF2,chr2,100322505
ENSG00000165046.15,LETM2,chr8,38386203
ENSG00000084693.18,AGBL5,chr2,27042363
ENSG00000138100.16,TRIM54,chr2,27282365
ENSG00000162521.20,RBBP4,chr1,32651042
ENSG00000169567.15,HINT1,chr5,131224467
ENSG00000205482.13,SPDYE18,chr7,77063937
ENSG00000163467.14,TSACC,chr1,156337313
ENSG00000288640.1,ENSG00000288640,chr7,112450459
ENSG00000116095.13,PLEKHA3,chr2,178480346
ENSG00000174429.6,ABRA,chr8,106770250
ENSG00000158092.9,NCK1,chr3,136862176
ENSG00000018510.20,AGPS,chr2,177392575
ENSG00000206560.13,ANKRD28,chr3,15859846
ENSG00000120235.5,IFNA6,chr9,21350955
ENSG00000204406.14,MBD5,chr2,148021010
ENSG00000164796.19,CSMD3,chr8,113436938
ENSG00000118004.20,COLEC11,chr2,3592790
ENSG00000143457.13,GOLPH3L,chr1,150697221
ENSG00000138496.19,PARP9,chr3,122565477
ENSG00000115904.17,SOS1,chr2,39124344
ENSG00000151458.14,ANKRD50,chr4,124712766
ENSG00000243414.8,TICAM2,chr5,115602528
ENSG00000106633.18,GCK,chr7,44198169
ENSG00000284505.1,LYNX1-SLURP2,chr8,142778223
ENSG00000286522.3,H3C2,chr6,26032101
ENSG00000204928.3,GRXCR2,chr5,145937125
ENSG00000117528.16,ABCD3,chr1,94418038
ENSG00000148154.12,UGCG,chr9,111896771
ENSG00000198874.16,TYW1,chr7,66995172
ENSG00000176714.12,CCDC121,chr2,27629017
ENSG00000116044.19,NFE2L2,chr2,177392755
ENSG00000055147.21,FAM114A2,chr5,154038935
ENSG00000154380.21,ENAH,chr1,225653333
ENSG00000251012.2,ENSG00000251012,chr3,119147374
ENSG00000160991.19,ORAI2,chr7,102433105
ENSG00000188761.14,BCL2L15,chr1,113887587
ENSG00000147475.19,ERLIN2,chr8,37736586
ENSG00000074416.18,MGLL,chr3,128052189
ENSG00000117410.16,ATP6V0B,chr1,43974486
ENSG00000037749.15,MFAP3,chr5,154038954
ENSG00000170340.13,B3GNT2,chr2,62195484
ENSG00000129103.21,SUMF2,chr7,56064001
ENSG00000003393.18,ALS2,chr2,201782111
ENSG00000253457.6,SMIM18,chr8,30638558
ENSG00000128059.10,PPAT,chr4,56436037
ENSG00000156976.19,EIF4A2,chr3,186783204
ENSG00000138356.16,AOX1,chr2,200585863
ENSG00000121774.20,KHDRBS1,chr1,32013686
ENSG00000145348.19,TBCK,chr4,106316682
ENSG00000198944.6,SOWAHA,chr5,132813301
ENSG00000170035.18,UBE2E3,chr2,180937684
ENSG00000081154.13,PCNP,chr3,101574082
ENSG00000197081.17,IGF2R,chr6,159969032
ENSG00000115317.15,HTRA2,chr2,74529273
ENSG00000124562.12,SNRPC,chr6,34757096
ENSG00000151806.16,GUF1,chr4,44678402
ENSG00000177646.22,ACAD9,chr3,128879493
ENSG00000138658.19,ZGRF1,chr4,112637401
ENSG00000113303.14,BTNL8,chr5,180899076
ENSG00000182348.7,ZNF804B,chr7,88759699
ENSG00000165171.13,METTL27,chr7,73842539
ENSG00000120742.13,SERP1,chr3,150603227
ENSG00000154743.21,TSEN2,chr3,12480528
ENSG00000145819.19,ARHGAP26,chr5,142770342
ENSG00000106004.6,HOXA5,chr7,27143718
ENSG00000143294.17,PRCC,chr1,156750609
ENSG00000152503.12,TRIM36,chr5,115180545
ENSG00000163328.16,GPR155,chr2,174487149
ENSG00000072786.15,STK10,chr5,172188410
ENSG00000196550.13,FAM72A,chr1,206204413
ENSG00000119392.18,GLE1,chr9,128504654
ENSG00000198952.10,SMG5,chr1,156282861
ENSG00000213337.11,ANKRD39,chr2,96858069
ENSG00000170915.11,PAQR8,chr6,52361420
ENSG00000004487.20,KDM1A,chr1,23019394
ENSG00000104365.18,IKBKB,chr8,42271301
ENSG00000235453.14,SMIM27,chr9,32551143
ENSG00000164713.11,BRI3,chr7,98252378
ENSG00000179564.6,LSMEM2,chr3,50279029
ENSG00000288634.1,ENSG00000288634,chr7,112450486
ENSG00000169139.14,UBE2V2,chr8,48008409
ENSG00000284686.1,ENSG00000284686,chr1,56524494
ENSG00000131558.18,EXOC4,chr7,133253053
ENSG00000171133.4,OR2K2,chr9,111330223
ENSG00000156017.15,CARNMT1,chr9,75028479
ENSG00000187736.16,NHEJ1,chr2,219160868
ENSG00000147586.12,MRPS28,chr8,80030375
ENSG00000284356.1,TAF11L10,chr5,17597827
ENSG00000126107.17,HECTD3,chr1,45011368
ENSG00000070814.24,TCOF1,chr5,150357628
ENSG00000144285.24,SCN1A,chr2,166182805
ENSG00000157911.13,PEX10,chr1,2413796
ENSG00000152672.9,CLEC4F,chr2,70820600
ENSG00000171428.17,NAT1,chr8,18170398
ENSG00000186088.18,GSAP,chr7,77416606
ENSG00000265817.5,FSBP,chr8,94436951
ENSG00000114648.14,KLHL18,chr3,47282627
ENSG00000117133.13,RPF1,chr1,84479244
ENSG00000071539.16,TRIP13,chr5,892848
ENSG00000009844.18,VTA1,chr6,142147161
ENSG00000132780.19,NASP,chr1,45583575
ENSG00000175130.9,MARCKSL1,chr1,32336240
ENSG00000273269.3,ENSG00000273269,chr2,47176510
ENSG00000134262.17,AP4B1,chr1,113905721
ENSG00000115944.17,COX7A2L,chr2,42425087
ENSG00000121964.17,QTMAN,chr2,144333106
ENSG00000142871.20,CCN1,chr1,85580115
ENSG00000181274.8,FRAT2,chr10,97334728
ENSG00000112242.18,E2F3,chr6,20401839
ENSG00000153317.17,ASAP1,chr8,130444081
ENSG00000105983.25,LMBR1,chr7,156893224
ENSG00000196923.16,PDLIM7,chr5,177497663
ENSG00000169962.6,TAS1R3,chr1,1331274
ENSG00000167110.21,GOLGA2,chr9,128276035
ENSG00000135929.11,CYP27A1,chr2,218781687
ENSG00000162869.18,PPP1R21,chr2,48440597
ENSG00000197061.5,H4C3,chr6,26103932
ENSG00000028310.20,BRD9,chr5,892837
ENSG00000164972.15,SPMIP6,chr9,34397827
ENSG00000071909.20,MYO3B,chr2,170178144
ENSG00000260097.3,SPDYE6,chr7,102356443
ENSG00000010810.20,FYN,chr6,111873478
ENSG00000197279.7,ZNF165,chr6,28080275
ENSG00000087269.18,NOP14,chr4,2963501
ENSG00000106443.19,PHF14,chr7,10973326
ENSG00000135968.24,GCC2,chr2,108449106
ENSG00000144028.17,SNRNP200,chr2,96321270
ENSG00000066827.18,ZFAT,chr8,134713174
ENSG00000133706.22,LARS1,chr5,146182695
ENSG00000167118.13,URM1,chr9,128371340
ENSG00000114784.5,EIF1B,chr3,40309106
ENSG00000066557.8,LRRC40,chr1,70205664
ENSG00000173726.13,TOMM20,chr1,235128961
ENSG00000179165.12,PXT1,chr6,36442853
ENSG00000002746.17,HECW1,chr7,43112628
ENSG00000116754.16,SRSF11,chr1,70205669
ENSG00000198055.13,GRK6,chr5,177403203
ENSG00000058091.19,CDK14,chr7,90466423
ENSG00000155833.16,CYLC2,chr9,102995310
ENSG00000113648.19,MACROH2A1,chr5,135400022
ENSG00000138376.13,BARD1,chr2,214809725
ENSG00000197429.13,IPP,chr1,45750804
ENSG00000283563.1,ENSG00000283563,chr3,28349177
ENSG00000107140.19,TESK1,chr9,35605234
ENSG00000135040.18,NAA35,chr9,85941001
ENSG00000119042.20,SATB2,chr2,199471270
ENSG00000146083.15,RNF44,chr5,176543513
ENSG00000189180.18,ZNF33A,chr10,38010294
ENSG00000106049.11,HIBADH,chr7,27663012
ENSG00000104427.15,ZC2HC1A,chr8,78666049
ENSG00000161204.14,ABCF3,chr3,184186094
ENSG00000109686.23,SH3D19,chr4,151409364
ENSG00000105855.12,ITGB8,chr7,20330608
ENSG00000120899.20,PTK2B,chr8,27311455
ENSG00000172215.8,CXCR6,chr3,45940914
ENSG00000132128.20,LRRC41,chr1,46303629
ENSG00000137574.13,TGS1,chr8,55773064
ENSG00000071575.13,TRIB2,chr2,12716909
ENSG00000181090.23,EHMT1,chr9,137618900
ENSG00000072858.14,SIDT1,chr3,113532399
ENSG00000198369.12,SPRED2,chr2,65432681
ENSG00000162889.13,MAPKAPK2,chr1,206684870
ENSG00000115252.21,PDE1A,chr2,182523358
ENSG00000116698.24,SMG7,chr1,183471870
ENSG00000115289.16,PCGF1,chr2,74508360
ENSG00000138080.16,EMILIN1,chr2,27078043
ENSG00000104756.18,KCTD9,chr8,25458475
ENSG00000164305.22,CASP3,chr4,184650417
ENSG00000153237.21,CCDC148,chr2,158456775
ENSG00000115866.13,DARS1,chr2,135986099
ENSG00000145781.11,COMMD10,chr5,116084974
ENSG00000163558.15,PRKCI,chr3,170222123
ENSG00000163689.23,CFAP20DC,chr3,59050083
ENSG00000008282.12,SYPL1,chr7,106112617
ENSG00000164077.17,MON1A,chr3,49930172
ENSG00000109208.5,SMR3A,chr4,70360759
ENSG00000152292.19,SH2D6,chr2,85418713
ENSG00000136059.18,VILL,chr3,37987959
ENSG00000249773.3,ENSG00000249773,chr7,55887276
ENSG00000153956.19,CACNA2D1,chr7,82444193
ENSG00000189007.18,ADAT2,chr6,143450746
ENSG00000169914.8,OTUD3,chr1,19882367
ENSG00000002549.15,LAP3,chr4,17577166
ENSG00000144524.20,COPS7B,chr2,231781659
ENSG00000123240.19,OPTN,chr10,13099441
ENSG00000127124.16,HIVEP3,chr1,42035924
ENSG00000145592.16,RPL37,chr5,40835335
ENSG00000112078.16,KCTD20,chr6,36442766
ENSG00000213551.9,DNAJC9,chr10,73247318
ENSG00000155368.20,DBI,chr2,119366871
ENSG00000124574.18,ABCC10,chr6,43427365
ENSG00000122008.18,POLK,chr5,75511376
ENSG00000168615.15,ADAM9,chr8,38996753
ENSG00000134330.20,IAH1,chr2,9473657
ENSG00000011454.20,RABGAP1,chr9,122940832
ENSG00000134243.14,SORT1,chr1,109397966
ENSG00000127252.9,PLAAT1,chr3,193240612
ENSG00000114054.16,PCCB,chr3,136250313
ENSG00000078018.24,MAP2,chr2,209423987
ENSG00000163600.15,ICOS,chr2,203936756
ENSG00000198822.13,GRM3,chr7,86643902
ENSG00000143889.17,HNRNPLL,chr2,38603585
ENSG00000165684.8,SNAPC4,chr9,136400225
ENSG00000183808.14,RBM12B,chr8,93741097
ENSG00000106299.10,WASL,chr7,123749180
ENSG00000117153.18,KLHL12,chr1,202928635
ENSG00000091409.19,ITGA6,chr2,172234215
ENSG00000182613.3,OR2V2,chr5,181147585
ENSG00000143954.15,REG3G,chr2,79025685
ENSG00000131791.10,PRKAB2,chr1,147173715
ENSG00000134317.19,GRHL1,chr2,9951677
ENSG00000197958.15,RPL12,chr9,127452093
ENSG00000137193.16,PIM1,chr6,37170151
ENSG00000164932.15,CTHRC1,chr8,103371496
ENSG00000281593.1,ENSG00000281593,chr7,30362399
ENSG00000145757.17,SPATA9,chr5,95698710
ENSG00000142599.22,RERE,chr1,8848920
ENSG00000198843.15,SELENOT,chr3,150602874
ENSG00000147439.16,BIN3,chr8,22669147
ENSG00000138814.19,PPP3CA,chr4,101348277
ENSG00000163931.19,TKT,chr3,53256054
ENSG00000034693.17,PEX3,chr6,143450777
ENSG00000182180.16,MRPS16,chr10,73252692
ENSG00000165886.7,UBTD1,chr10,97498851
ENSG00000188760.13,TMEM198,chr2,219543129
ENSG00000135900.6,MRPL44,chr2,223957385
ENSG00000123933.19,MXD4,chr4,2262143
ENSG00000135577.5,NMBR,chr6,142147121
ENSG00000203722.10,RAET1G,chr6,149923125
ENSG00000170385.11,SLC30A1,chr1,211579217
ENSG00000206531.13,CD200R1L,chr3,112846863
ENSG00000169193.14,CCDC126,chr7,23597373
ENSG00000170264.15,FAM161A,chr2,61854142
ENSG00000123975.7,CKS2,chr9,89311154
ENSG00000284862.5,CCDC39,chr3,180684941
ENSG00000156928.7,MALSU1,chr7,23298738
ENSG00000154124.9,OTULIN,chr5,14664663
ENSG00000168495.15,POLR3D,chr8,22245077
ENSG00000163344.8,PMVK,chr1,154937007
ENSG00000126070.22,AGO3,chr1,35930695
ENSG00000106993.14,CDC37L1,chr9,4679555
ENSG00000147679.14,UTP23,chr8,116766491
ENSG00000126709.17,IFI6,chr1,27672211
ENSG00000168137.22,SETD5,chr3,9397608
ENSG00000163909.10,HEYL,chr1,39639685
ENSG00000196116.10,TDRD7,chr9,97411973
ENSG00000251503.8,CENPS-CORT,chr1,10430101
ENSG00000124635.12,H2BC11,chr6,27133882
ENSG00000120438.14,TCP1,chr6,159789706
ENSG00000138823.15,MTTP,chr4,99564080
ENSG00000214558.5,ZC3H11C,chr6,65301475
ENSG00000163930.11,BAP1,chr3,52410037
ENSG00000134253.10,TRIM45,chr1,117122586
ENSG00000256235.5,SMIM3,chr5,150777882
ENSG00000136631.18,VPS45,chr1,150067278
ENSG00000145331.16,TRMT10A,chr4,99564069
ENSG00000117385.18,P3H1,chr1,42767083
ENSG00000185875.15,THNSL1,chr10,25016573
ENSG00000115825.13,PRKD3,chr2,37324838
ENSG00000151881.17,TMEM267,chr5,43484475
ENSG00000010017.15,RANBP9,chr6,13712088
ENSG00000188738.17,FSIP2,chr2,185738787
ENSG00000033867.20,SLC4A7,chr3,27484450
ENSG00000163235.18,TGFA,chr2,70554192
ENSG00000173889.18,PHC3,chr3,170181767
ENSG00000115414.23,FN1,chr2,215436119
ENSG00000115129.16,TP53I3,chr2,24085860
ENSG00000293137.4,MSL3B,chr2,233868412
ENSG00000115839.22,RAB3GAP1,chr2,135052264
ENSG00000177752.17,YIPF7,chr4,44678794
ENSG00000095794.22,CREM,chr10,35126790
ENSG00000135049.18,AGTPBP1,chr9,85742143
ENSG00000144283.25,PKP4,chr2,158456894
ENSG00000126088.16,UROD,chr1,45010949
ENSG00000242366.5,UGT1A8,chr2,233617632
ENSG00000038219.15,BOD1L1,chr4,13627740
ENSG00000135346.10,CGA,chr6,87095149
ENSG00000181722.20,ZBTB20,chr3,115147355
ENSG00000005073.7,HOXA11,chr7,27185252
ENSG00000241644.3,INMT,chr7,30697984
ENSG00000272391.8,POM121C,chr7,75486357
ENSG00000004838.16,ZMYND10,chr3,50345745
ENSG00000163638.14,ADAMTS9,chr3,64688263
ENSG00000112149.13,CD83,chr6,14117255
ENSG00000178665.17,ZNF713,chr7,55887259
ENSG00000173926.8,MARCHF3,chr5,127031651
ENSG00000188739.17,RBM34,chr1,235161626
ENSG00000169490.19,TM2D2,chr8,38996823
ENSG00000146535.17,GNA12,chr7,2870785
ENSG00000148120.21,AOPEP,chr9,94726603
ENSG00000107014.10,RLN2,chr9,5304715
ENSG00000155792.12,DEPTOR,chr8,119873669
ENSG00000084652.18,TXLNA,chr1,32178096
ENSG00000116690.15,PRG4,chr1,186296221
ENSG00000119326.17,CTNNAL1,chr9,109013644
ENSG00000117174.13,ZNHIT6,chr1,85708432
ENSG00000009335.21,UBE3C,chr7,157138907
ENSG00000148606.17,POLR3A,chr10,78029550
ENSG00000167113.13,COQ4,chr9,128322482
ENSG00000164978.21,NUDT2,chr9,34329495
ENSG00000163541.14,SUCLG1,chr2,84460044
ENSG00000183840.8,GPR39,chr2,132416804
ENSG00000115641.21,FHL2,chr2,105438584
ENSG00000116106.14,EPHA4,chr2,221574201
ENSG00000114026.23,OGG1,chr3,9749937
ENSG00000187546.16,AGMO,chr7,15562026
ENSG00000175756.16,AURKAIP1,chr1,1375520
ENSG00000116273.8,PHF13,chr1,6613722
ENSG00000057468.7,MSH4,chr1,75796881
ENSG00000137275.18,RIPK1,chr6,3063823
ENSG00000205356.12,TECPR1,chr7,98252239
ENSG00000132541.13,RIDA,chr8,98117205
ENSG00000168297.18,PXK,chr3,58332578
ENSG00000120158.13,RCL1,chr9,4792880
ENSG00000107262.27,BAG1,chr9,33264719
ENSG00000138798.15,EGF,chr4,109912877
ENSG00000164548.14,TRA2A,chr7,23532040
ENSG00000128694.14,OSGEPL1,chr2,189763229
ENSG00000164880.18,INTS1,chr7,1504417
ENSG00000214253.11,FIS1,chr7,101252320
ENSG00000236637.5,IFNA4,chr9,21187586
ENSG00000161040.21,FBXL13,chr7,103075399
ENSG00000127377.11,CRYGN,chr7,151440812
ENSG00000158863.24,FHIP2B,chr8,22089138
ENSG00000113845.12,TIMMDC1,chr3,119498514
ENSG00000001461.21,NIPAL3,chr1,24413514
ENSG00000254402.8,LRRC24,chr8,144527607
ENSG00000086232.15,EIF2AK1,chr7,6059239
ENSG00000163155.12,LYSMD1,chr1,151165947
ENSG00000145743.19,FBXL17,chr5,108382362
ENSG00000091483.10,FH,chr1,241519798
ENSG00000080493.21,SLC4A4,chr4,71062643
ENSG00000187189.11,TSPYL4,chr6,116254074
ENSG00000117362.15,APH1A,chr1,150269579
ENSG00000115677.20,HDLBP,chr2,241317060
ENSG00000121892.17,PDS5A,chr4,39977992
ENSG00000070061.18,ELP1,chr9,108934413
ENSG00000196242.10,OR2C3,chr1,247536439
ENSG00000204956.7,PCDHGA1,chr5,141330494
ENSG00000135747.11,ZNF670-ZNF695,chr1,247078810
ENSG00000148229.15,POLE3,chr9,113410722
ENSG00000271793.2,ENSG00000271793,chr6,85678732
ENSG00000131435.15,PDLIM4,chr5,132257639
ENSG00000163349.23,HIPK1,chr1,113929323
ENSG00000166224.20,SGPL1,chr10,70815898
ENSG00000135175.6,OCM2,chr7,97991168
ENSG00000174953.16,DHX36,chr3,154324990
ENSG00000011376.14,LARS2,chr3,45388515
ENSG00000024526.19,DEPDC1,chr1,68497229
ENSG00000197121.17,PGAP1,chr2,196927795
ENSG00000205089.10,CCNI2,chr5,132747318
ENSG00000119878.9,CRIPT,chr2,46616415
ENSG00000145982.15,FARS2,chr6,5261006
ENSG00000152464.17,RPP38,chr10,15097072
ENSG00000009413.18,REV3L,chr6,111483728
ENSG00000132781.24,MUTYH,chr1,45340892
ENSG00000075213.13,SEMA3A,chr7,84492938
ENSG00000137288.12,UQCC2,chr6,33711747
ENSG00000151304.8,SRFBP1,chr5,121961955
ENSG00000168779.21,SHOX2,chr3,158106419
ENSG00000062194.18,GPBP1,chr5,57173820
ENSG00000013392.10,RWDD2A,chr6,83193336
ENSG00000073734.12,ABCB11,chr2,169031331
ENSG00000156508.22,EEF1A1,chr6,73525586
ENSG00000163126.17,ANKRD23,chr2,96857933
ENSG00000173452.17,TMEM196,chr7,19773632
ENSG00000168152.14,THAP9,chr4,82900683
ENSG00000104613.14,INTS10,chr8,19817146
ENSG00000108094.19,CUL2,chr10,35127005
ENSG00000163516.16,ANKZF1,chr2,219229768
ENSG00000124570.23,SERPINB6,chr6,2972374
ENSG00000138029.16,HADHB,chr2,26243169
ENSG00000156990.16,RPUSD3,chr3,9844601
ENSG00000275714.3,H3C1,chr6,26020450
ENSG00000147457.16,CHMP7,chr8,23243629
ENSG00000145632.17,PLK2,chr5,58460138
ENSG00000138686.12,BBS7,chr4,121870501
ENSG00000115718.20,PROC,chr2,127415932
ENSG00000276180.3,H4C9,chr6,27139281
ENSG00000164104.14,HMGB2,chr4,173335151
ENSG00000106665.18,CLIP2,chr7,74289406
ENSG00000283580.4,ENSG00000283580,chr1,42767291
ENSG00000277462.4,ZNF670,chr1,247078817
ENSG00000142731.13,PLK4,chr4,127880889
ENSG00000184840.14,TMED9,chr5,177592173
ENSG00000266094.10,RASSF5,chr1,206507520
ENSG00000170122.6,FOXD4,chr9,118416
ENSG00000203965.15,EFCAB7,chr1,63523316
ENSG00000189143.10,CLDN4,chr7,73799541
ENSG00000142686.9,C1orf216,chr1,35718893
ENSG00000198791.14,CNOT7,chr8,17247725
ENSG00000164944.14,VIRMA,chr8,94553528
ENSG00000146618.3,FERD3L,chr7,19145420
ENSG00000123685.10,BATF3,chr1,212699887
ENSG00000145384.5,FABP2,chr4,119322140
ENSG00000124383.13,MPHOSPH10,chr2,71130304
ENSG00000085563.17,ABCB1,chr7,87713378
ENSG00000117408.13,IPO13,chr1,43946671
ENSG00000240563.5,L1TD1,chr1,62194256
ENSG00000164292.15,RHOBTB3,chr5,95713521
ENSG00000243725.9,TTC4,chr1,54715817
ENSG00000084764.14,MAPRE3,chr2,26970399
ENSG00000163472.21,TMEM79,chr1,156282927
ENSG00000162894.14,FCMR,chr1,206923246
ENSG00000106636.11,YKT6,chr7,44200958
ENSG00000083123.17,BCKDHB,chr6,80106625
ENSG00000106771.15,TMEM245,chr9,109119974
ENSG00000164219.11,PGGT1B,chr5,115262881
ENSG00000116833.16,NR5A2,chr1,200027574
ENSG00000075073.17,TACR2,chr10,69416922
ENSG00000162368.17,CMPK1,chr1,47333779
ENSG00000106351.15,AGFG2,chr7,100539168
ENSG00000109171.17,SLAIN2,chr4,48341374
ENSG00000116691.13,MIIP,chr1,12019465
ENSG00000115263.16,GCG,chr2,162152403
ENSG00000106080.12,FKBP14,chr7,30026715
ENSG00000104228.15,TRIM35,chr8,27311288
ENSG00000114126.20,TFDP2,chr3,142149597
ENSG00000163938.19,GNL3,chr3,52681155
ENSG00000205277.12,MUC12,chr7,100969430
ENSG00000152382.8,TADA1,chr1,166876359
ENSG00000183091.22,NEB,chr2,151734514
ENSG00000154678.20,PDE1C,chr7,32428130
ENSG00000275074.4,NUDT18,chr8,22109443
ENSG00000123739.13,PLA2G12A,chr4,109730069
ENSG00000115216.16,NRBP1,chr2,27427789
ENSG00000113196.5,HAND1,chr5,154478355
ENSG00000122735.18,DNAI1,chr9,34457413
ENSG00000310592.1,ENSG00000310592,chr5,134818915
ENSG00000285978.1,ENSG00000285978,chr5,178729334
ENSG00000204311.17,PJVK,chr2,178451345
ENSG00000213204.8,ENSG00000213204,chr6,87408011
ENSG00000006451.10,RALA,chr7,39623444
ENSG00000186889.12,TMEM17,chr2,62511893
ENSG00000272514.8,CFAP206,chr6,87407965
ENSG00000069011.17,PITX1,chr5,135034812
ENSG00000168658.21,VWA3B,chr2,98087115
ENSG00000173221.16,GLRX,chr5,95822952
ENSG00000115970.21,THADA,chr2,43596069
ENSG00000118454.15,ANKRD13C,chr1,70354746
ENSG00000130429.18,ARPC1B,chr7,99374225
ENSG00000175182.17,FAM131A,chr3,184335915
ENSG00000081853.16,PCDHGA2,chr5,141338753
ENSG00000288841.1,ENSG00000288841,chr9,131432758
ENSG00000164008.19,C1orf50,chr1,42767244
ENSG00000134321.14,RSAD2,chr2,6865556
ENSG00000183696.16,UPP1,chr7,48088597
ENSG00000170092.15,SPDYE5,chr7,75492319
ENSG00000204628.14,RACK1,chr5,181248095
ENSG00000189376.14,C8orf76,chr8,123241411
ENSG00000143093.17,STRIP1,chr1,110031576
ENSG00000283428.2,CCDC195,chr2,224742269
ENSG00000188306.7,LRRIQ4,chr3,169812869
ENSG00000171307.21,ZDHHC16,chr10,97446140
ENSG00000117394.26,SLC2A1,chr1,42958903
ENSG00000138413.16,IDH1,chr2,208266094
ENSG00000112667.15,DNPH1,chr6,43229489
ENSG00000135605.15,TEC,chr4,48269857
ENSG00000135250.19,SRPK2,chr7,105399307
ENSG00000113073.17,SLC4A9,chr5,140360187
ENSG00000112715.26,VEGFA,chr6,43770183
ENSG00000119121.24,TRPM6,chr9,74888093
ENSG00000239789.8,MRPS17,chr7,55950704
ENSG00000081870.14,IFT25,chr1,53946587
ENSG00000134222.18,PSRC1,chr1,109284106
ENSG00000168938.8,PPIC,chr5,123036726
ENSG00000138435.16,CHRNA1,chr2,174787934
ENSG00000164989.19,CCDC171,chr9,15552506
ENSG00000163512.16,AZI2,chr3,28349053
ENSG00000111906.20,HDDC2,chr6,125302145
ENSG00000267561.2,ENSG00000267561,chr1,86993008
ENSG00000159445.15,THEM4,chr1,151909878
ENSG00000112394.20,SLC16A10,chr6,111087444
ENSG00000085274.18,MYNN,chr3,169773376
ENSG00000171824.16,EXOSC10,chr1,11099906
ENSG00000214022.14,REPIN1,chr7,150368066
ENSG00000148396.21,SEC16A,chr9,136483842
ENSG00000022355.20,GABRA1,chr5,161847062
ENSG00000158796.19,DEDD,chr1,161133279
ENSG00000104356.13,POP1,chr8,98117285
ENSG00000144895.14,EIF2A,chr3,150546677
ENSG00000004799.10,PDK4,chr7,95597637
ENSG00000185267.12,CDNF,chr10,14838574
ENSG00000146067.19,FAM193B,chr5,177554600
ENSG00000112175.10,BMP5,chr6,55875600
ENSG00000162613.20,FUBP1,chr1,77979526
ENSG00000250298.6,GIMD1,chr4,106368777
ENSG00000145882.13,PCYOX1L,chr5,149357997
ENSG00000055211.16,GINM1,chr6,149566189
ENSG00000106392.13,C1GALT1,chr7,7156933
ENSG00000180228.16,PRKRA,chr2,178451511
ENSG00000121988.20,ZRANB3,chr2,135531227
ENSG00000134684.15,YARS1,chr1,32818030
ENSG00000137078.12,SIT1,chr9,35650969
ENSG00000116741.9,RGS2,chr1,192809037
ENSG00000185798.10,WDR53,chr3,196569262
ENSG00000145919.13,BOD1,chr5,173616693
ENSG00000129292.23,PHF20L1,chr8,132775310
ENSG00000164542.15,MATCAP2,chr7,36390124
ENSG00000137955.18,RABGGTB,chr1,75786170
ENSG00000144057.18,ST6GAL2,chr2,106887285
ENSG00000170275.17,CRTAP,chr3,33113911
ENSG00000168994.15,PXDC1,chr6,3752087
ENSG00000196460.15,RFX8,chr2,101475111
ENSG00000145721.14,LIX1,chr5,97142845
ENSG00000165115.17,KIF27,chr9,83921557
ENSG00000179915.26,NRXN1,chr2,51225574
ENSG00000005421.11,PON1,chr7,95325948
ENSG00000136715.21,SAP130,chr2,128028123
ENSG00000172785.21,ZNG1A,chr9,179146
ENSG00000273398.6,ENSG00000273398,chr2,68261229
ENSG00000159377.13,PSMB4,chr1,151399555
ENSG00000004846.17,ABCB5,chr7,20615666
ENSG00000121966.8,CXCR4,chr2,136119176
ENSG00000188732.13,FAM221A,chr7,23680113
ENSG00000081479.16,LRP2,chr2,169362779
ENSG00000058262.13,SEC61A1,chr3,128051640
ENSG00000186132.17,C2orf76,chr2,119367187
ENSG00000203760.11,CENPW,chr6,126340087
ENSG00000124370.13,MCEE,chr2,71130278
ENSG00000187258.14,NPSR1,chr7,34658217
ENSG00000112996.13,MRPS30,chr5,44808940
ENSG00000137960.8,GIPC2,chr1,77979541
ENSG00000115159.19,GPD2,chr2,156435289
ENSG00000131379.10,C3orf20,chr3,14675140
ENSG00000107338.12,SHB,chr9,38069269
ENSG00000186854.13,TRABD2A,chr2,84907007
ENSG00000113083.17,LOX,chr5,122078633
ENSG00000124721.18,DNAH8,chr6,38715310
ENSG00000289690.1,ENSG00000289690,chr7,100397576
ENSG00000135845.12,PIGC,chr1,172444147
ENSG00000064692.22,SNCAIP,chr5,122311353
ENSG00000272886.8,DCP1A,chr3,53347682
ENSG00000162924.18,REL,chr2,60881490
ENSG00000136709.14,WDR33,chr2,127811194
ENSG00000180592.17,SKIDA1,chr10,21526367
ENSG00000024862.20,CCDC28A,chr6,138773492
ENSG00000011426.13,ANLN,chr7,36389726
ENSG00000171311.15,EXOSC1,chr10,97446084
ENSG00000145868.19,FBXO38,chr5,148383825
ENSG00000198246.11,SLC29A3,chr10,71319231
ENSG00000163075.15,CFAP221,chr2,119544166
ENSG00000115461.7,IGFBP5,chr2,216695548
ENSG00000174428.21,GTF2IRD2B,chr7,75091566
ENSG00000164603.14,SAMTOR,chr7,112939886
ENSG00000033178.15,UBA6,chr4,67701337
ENSG00000118418.18,HMGN3,chr6,79234861
ENSG00000130653.18,PNPLA7,chr9,137550559
ENSG00000075151.25,EIF4G3,chr1,21177284
ENSG00000119787.16,ATL2,chr2,38377437
ENSG00000119383.23,PTPA,chr9,129110549
ENSG00000197746.17,PSAP,chr10,71851387
ENSG00000134248.16,LAMTOR5,chr1,110407962
ENSG00000134318.18,ROCK2,chr2,11348329
ENSG00000106178.9,CCL24,chr7,75823942
ENSG00000062582.16,MRPS24,chr7,43869892
ENSG00000117262.21,GPR89A,chr1,145607974
ENSG00000274641.2,H2BC17,chr6,27893424
ENSG00000119013.12,NDUFB3,chr2,201071432
ENSG00000197694.21,SPTAN1,chr9,128552557
ENSG00000122644.15,ARL4A,chr7,12686601
ENSG00000114948.15,ADAM23,chr2,206443368
ENSG00000279111.2,OR10X1,chr1,158579898
ENSG00000278889.4,OR2S2,chr9,35958153
ENSG00000163424.10,TEX55,chr3,119146150
ENSG00000117360.15,PRPF3,chr1,150321475
ENSG00000259040.5,BLOC1S5-TXNDC5,chr6,8064363
ENSG00000198721.15,ECI2,chr6,4135634
ENSG00000117298.17,ECE1,chr1,21345911
ENSG00000146963.20,LUC7L2,chr7,139340358
ENSG00000116685.19,KIAA2013,chr1,11926427
ENSG00000184465.19,WDR27,chr6,169702728
ENSG00000113597.20,TRAPPC13,chr5,65624732
ENSG00000253251.5,SHLD3,chr5,65624732
ENSG00000241258.10,CRCP,chr7,66114603
ENSG00000085840.15,ORC1,chr1,52404491
ENSG00000163499.14,CRYBA2,chr2,218994269
ENSG00000160685.16,ZBTB7B,chr1,155002542
ENSG00000165244.8,ZNF367,chr9,96418469
ENSG00000116649.12,SRM,chr1,11060077
ENSG00000173597.11,SULT1B1,chr4,69787960
ENSG00000127080.12,IPPK,chr9,92670277
ENSG00000106554.15,CHCHD3,chr7,133082249
ENSG00000143552.11,NUP210L,chr1,154155115
ENSG00000119760.18,SUPT7L,chr2,27663846
ENSG00000136717.17,BIN1,chr2,127107555
ENSG00000146378.6,TAAR2,chr6,132624274
ENSG00000176022.7,B3GALT6,chr1,1232236
ENSG00000183718.8,TRIM52,chr5,181262067
ENSG00000185483.14,ROR1,chr1,63773986
ENSG00000120370.15,GORAB,chr1,170531818
ENSG00000254685.10,FPGT,chr1,74198209
ENSG00000114251.16,WNT5A,chr3,55490538
ENSG00000138375.16,SMARCAL1,chr2,216412382
ENSG00000122359.20,ANXA11,chr10,80205712
ENSG00000111816.10,FRK,chr6,116061092
ENSG00000120242.4,IFNA8,chr9,21409116
ENSG00000048991.20,R3HDM1,chr2,135531447
ENSG00000119318.15,RAD23B,chr9,107283136
ENSG00000163581.16,SLC2A2,chr3,171026774
ENSG00000156162.18,DPY19L4,chr8,94719676
ENSG00000138757.17,G3BP2,chr4,75726300
ENSG00000146826.19,TRAPPC14,chr7,100158736
ENSG00000165732.16,DDX21,chr10,68956134
ENSG00000285982.1,ENSG00000285982,chr8,103501894
ENSG00000122550.20,KLHL7,chr7,23105728
ENSG00000244038.12,DDOST,chr1,20661543
ENSG00000175893.15,ZDHHC21,chr9,14694197
ENSG00000138668.22,HNRNPD,chr4,82374542
ENSG00000197785.16,ATAD3A,chr1,1512117
ENSG00000144021.5,CIAO1,chr2,96266158
ENSG00000106113.21,CRHR2,chr7,30700128
ENSG00000164053.24,ATRIP,chr3,48446709
ENSG00000285733.1,ENSG00000285733,chr6,169702046
ENSG00000214654.10,B3GALT9,chr9,120792402
ENSG00000163104.20,SMARCAD1,chr4,94207597
ENSG00000180999.12,C1orf105,chr1,172420674
ENSG00000186063.15,AIDA,chr1,222713209
ENSG00000134690.13,CDCA8,chr1,37692472
ENSG00000168887.13,C2orf68,chr2,85612065
ENSG00000178075.22,GRAMD1C,chr3,113828181
ENSG00000144674.21,GOLGA4,chr3,37243183
ENSG00000136810.15,TXN,chr9,110256635
ENSG00000151023.18,ENKUR,chr10,25062328
ENSG00000275713.3,H2BC9,chr6,26251613
ENSG00000106069.28,CHN2,chr7,29146546
ENSG00000047315.18,POLR2B,chr4,56977710
ENSG00000138835.25,RGS3,chr9,113444730
ENSG00000105967.18,TFEC,chr7,116159895
ENSG00000163961.5,RNF168,chr3,196503823
ENSG00000164306.13,PRIMPOL,chr4,184648460
ENSG00000105851.12,PIK3CG,chr7,106865277
ENSG00000144357.20,UBR3,chr2,169827395
ENSG00000114646.11,CSPG5,chr3,47580791
ENSG00000172728.18,POFUT3,chr8,33473209
ENSG00000138036.20,DYNC2LI1,chr2,43774010
ENSG00000153187.23,HNRNPU,chr1,244864573
ENSG00000076242.20,MLH1,chr3,36992833
ENSG00000198841.4,KTI12,chr1,52033809
ENSG00000118503.20,TNFAIP3,chr6,137866382
ENSG00000138439.13,FAM117B,chr2,202634968
ENSG00000006704.13,GTF2IRD1,chr7,74452462
ENSG00000013016.18,EHD3,chr2,31233942
ENSG00000163833.10,FBXO40,chr3,121592885
ENSG00000275221.3,H2AC15,chr6,27838374
ENSG00000155100.13,OTUD6B,chr8,91070195
ENSG00000147614.6,ATP6V0D2,chr8,85987322
ENSG00000163607.20,GTPBP8,chr3,112990908
ENSG00000135931.21,ARMC9,chr2,231198545
ENSG00000138448.15,ITGAV,chr2,186589664
ENSG00000162620.17,LRRIQ3,chr1,74198195
ENSG00000257184.4,HOXA10-HOXA9,chr7,27180238
ENSG00000278705.4,H4C2,chr6,26027282
ENSG00000157214.16,STEAP2,chr7,90167589
ENSG00000189339.14,SLC35E2B,chr1,1693058
ENSG00000259030.8,FPGT-TNNI3K,chr1,74198234
ENSG00000006607.16,FARP2,chr2,241356243
ENSG00000170777.11,TPD52L3,chr9,6328374
ENSG00000185127.7,C6orf120,chr6,169702125
ENSG00000131381.15,RBSN,chr3,15099162
ENSG00000144043.14,TEX261,chr2,70994872
ENSG00000116035.5,VAX2,chr2,70900487
ENSG00000159592.13,GPBP1L1,chr1,45688407
ENSG00000109265.17,CRACD,chr4,56049090
ENSG00000164898.14,FMC1,chr7,139339456
ENSG00000146830.13,GIGYF1,chr7,100694480
ENSG00000078369.21,GNB1,chr1,1892291
ENSG00000096384.22,HSP90AB1,chr6,44237394
ENSG00000152705.8,CATSPER3,chr5,134967906
ENSG00000178567.8,EPM2AIP1,chr3,36993130
ENSG00000127743.7,IL17B,chr5,149404201
ENSG00000084092.9,NOA1,chr4,56977624
ENSG00000168795.7,ZBTB5,chr9,37468849
ENSG00000164934.17,DCAF13,chr8,103414650
ENSG00000285053.1,ENSG00000285053,chr1,235328569
ENSG00000198853.14,RUSC2,chr9,35489669
ENSG00000172292.17,CERS6,chr2,168455840
ENSG00000163510.16,CWC22,chr2,180007331
ENSG00000147996.19,ZNG1E,chr9,65668804
ENSG00000170502.15,NUDT9,chr4,87422572
ENSG00000109771.18,LRP2BP,chr4,185397291
ENSG00000054219.13,LY75,chr2,159904846
ENSG00000288614.1,ENSG00000288614,chr6,53041384
ENSG00000143543.17,JTB,chr1,153978010
ENSG00000105854.15,PON2,chr7,95435392
ENSG00000143314.14,MRPL24,chr1,156741589
ENSG00000156170.16,NDUFAF6,chr8,94895532
ENSG00000107020.12,PLGRKT,chr9,5439251
ENSG00000158966.18,CACHD1,chr1,64469764
ENSG00000019582.19,CD74,chr5,150412968
ENSG00000068796.21,KIF2A,chr5,62305973
ENSG00000176399.5,DMRTA1,chr9,22446776
ENSG00000087008.18,ACOX3,chr4,8440749
ENSG00000288825.1,H2AC18,chr1,149842749
ENSG00000281039.1,ENSG00000281039,chr7,30550760
ENSG00000162704.17,ARPC5,chr1,183635907
ENSG00000188428.22,BLOC1S5,chr6,8064418
ENSG00000136694.9,IL36A,chr2,113005458
ENSG00000178467.20,P4HTM,chr3,48989857
ENSG00000144847.15,IGSF11,chr3,119146067
ENSG00000163947.14,ARHGEF3,chr3,57079328
ENSG00000057757.12,PITHD1,chr1,23778364
ENSG00000124588.24,NQO2,chr6,2987986
ENSG00000116983.15,HPCAL4,chr1,39691717
ENSG00000285772.1,ENSG00000285772,chr7,92179510
ENSG00000114423.25,CBLB,chr3,105869551
ENSG00000164056.13,SPRY1,chr4,123396753
ENSG00000198105.18,ZNF248,chr10,37858106
ENSG00000081721.14,DUSP12,chr1,161749757
ENSG00000198715.15,GLMP,chr1,156295698
ENSG00000175854.16,SWI5,chr9,128275378
ENSG00000106397.14,PLOD3,chr7,101219967
ENSG00000068697.9,LAPTM4A,chr2,20052053
ENSG00000145014.20,TMEM44,chr3,194633688
ENSG00000091137.16,SLC26A4,chr7,107660593
ENSG00000105829.14,BET1,chr7,94004382
ENSG00000188372.16,ZP3,chr7,76397496
ENSG00000180398.15,MCFD2,chr2,46941854
ENSG00000171132.16,PRKCE,chr2,45651095
ENSG00000165629.22,ATP5F1C,chr10,7788091
ENSG00000146021.17,KLHL3,chr5,137736220
ENSG00000053372.7,MRTO4,chr1,19251554
ENSG00000283267.3,FAM237B,chr7,90321303
ENSG00000162616.11,DNAJB4,chr1,77979069
ENSG00000159596.9,TMEM69,chr1,45688148
ENSG00000115364.16,MRPL19,chr2,75646776
ENSG00000163346.19,PBXIP1,chr1,154956450
ENSG00000135521.11,LTV1,chr6,143843301
ENSG00000165406.18,MARCHF8,chr10,45594930
ENSG00000158458.23,NRG2,chr5,140043327
ENSG00000164902.16,PHAX,chr5,126600924
ENSG00000197238.5,H4C11,chr6,27824091
ENSG00000070882.15,OSBPL3,chr7,24981633
ENSG00000239474.9,KLHL41,chr2,169509683
ENSG00000152495.13,CAMK4,chr5,111223652
ENSG00000116406.22,EDEM3,chr1,184754906
ENSG00000106537.10,TSPAN13,chr7,16753726
ENSG00000105835.15,NAMPT,chr7,106291224
ENSG00000214642.1,DEFB113,chr6,49969624
ENSG00000187080.10,OR2AK2,chr1,247965232
ENSG00000115226.12,FNDC4,chr2,27495630
ENSG00000163013.13,FBXO41,chr2,73284477
ENSG00000197780.12,TAF13,chr1,109076013
ENSG00000163632.15,C3orf49,chr3,63819298
ENSG00000155115.9,GTF3C6,chr6,110958476
ENSG00000164329.17,TENT2,chr5,79611810
ENSG00000188157.17,AGRN,chr1,1020068
ENSG00000255154.10,HTD2,chr3,58306238
ENSG00000163684.13,RPP14,chr3,58306238
ENSG00000196284.20,SUPT3H,chr6,45377952
ENSG00000127463.18,EMC1,chr1,19251551
ENSG00000263001.11,GTF2I,chr7,74650225
ENSG00000118961.17,LDAH,chr2,20823129
ENSG00000147471.14,PLPBP,chr8,37762579
ENSG00000167904.18,TMEM68,chr8,55773416
ENSG00000164953.18,TMEM67,chr8,93754839
ENSG00000160868.18,CYP3A4,chr7,99784326
ENSG00000123989.17,CHPF,chr2,219543817
ENSG00000008988.13,RPS20,chr8,56074574
ENSG00000181617.7,FDCSP,chr4,70226116
ENSG00000130147.18,SH3BP4,chr2,234951949
ENSG00000104611.14,SH2D4A,chr8,19313311
ENSG00000090263.18,MRPS33,chr7,141015285
ENSG00000146809.16,ASB15,chr7,123567009
ENSG00000182263.16,FIGN,chr2,163737012
ENSG00000114316.15,USP4,chr3,49340711
ENSG00000112297.19,CRYBG1,chr6,106360562
ENSG00000204334.9,ERICH2,chr2,170766877
ENSG00000136830.14,NIBAN2,chr9,127579048
ENSG00000117543.24,DPH5,chr1,101026116
ENSG00000106615.12,RHEB,chr7,151520119
ENSG00000121897.17,LIAS,chr4,39459003
ENSG00000143575.18,HAX1,chr1,154272325
ENSG00000112658.10,SRF,chr6,43170909
ENSG00000237651.9,C2orf74,chr2,61145067
ENSG00000160688.21,FLAD1,chr1,154983310
ENSG00000115318.14,LOXL3,chr2,74555717
ENSG00000180245.7,RRH,chr4,109827971
ENSG00000187048.16,CYP4A11,chr1,46941593
ENSG00000178057.17,NDUFAF3,chr3,49020458
ENSG00000198380.15,GFPT1,chr2,69387312
ENSG00000158258.16,CLSTN2,chr3,139935184
ENSG00000145936.11,KCNMB1,chr5,170480427
ENSG00000170631.17,ZNF16,chr8,144950887
ENSG00000203963.13,C1orf141,chr1,67231852
ENSG00000155229.23,MMS19,chr10,97499499
ENSG00000169876.14,MUC17,chr7,101020071
ENSG00000144355.16,DLX1,chr2,172084468
ENSG00000197461.15,PDGFA,chr7,520704
ENSG00000004866.24,ST7,chr7,116952979
ENSG00000214711.11,CAPN14,chr2,31234010
ENSG00000162542.16,TMCO4,chr1,19800499
ENSG00000145016.19,RUBCN,chr3,197749726
ENSG00000178522.15,AMBN,chr4,70592255
ENSG00000175054.18,ATR,chr3,142578867
ENSG00000064012.26,CASP8,chr2,201233442
ENSG00000114698.17,PLSCR4,chr3,146251219
ENSG00000151687.16,ANKAR,chr2,189674289
ENSG00000169258.9,GPRIN1,chr5,176610176
ENSG00000177628.18,GBA1,chr1,155245177
ENSG00000156482.13,RPL30,chr8,98046468
ENSG00000113119.15,TMCO6,chr5,140639395
ENSG00000156787.19,TBC1D31,chr8,123041967
ENSG00000205221.15,VIT,chr2,36696678
ENSG00000244234.3,GMCL2,chr5,178187370
ENSG00000106258.18,CYP3A5,chr7,99680042
ENSG00000113621.17,TXNDC15,chr5,134874307
ENSG00000104341.19,LAPTM4B,chr8,97775056
ENSG00000265107.5,GJA5,chr1,147773389
ENSG00000197362.17,ZNF786,chr7,149090783
ENSG00000277157.2,H4C4,chr6,26189111
ENSG00000181577.17,LINC03040,chr6,44000579
ENSG00000134982.21,APC,chr5,112707451
ENSG00000005469.14,CROT,chr7,87317126
ENSG00000187017.19,ESPN,chr1,6424769
ENSG00000183230.19,CTNNA3,chr10,67763636
ENSG00000008256.19,CYTH3,chr7,6272676
ENSG00000151694.17,ADAM17,chr2,9556731
ENSG00000248672.5,LY75-CD302,chr2,159904709
ENSG00000117500.15,TMED5,chr1,93181130
ENSG00000196843.20,ARID5A,chr2,96536698
ENSG00000023330.17,ALAS1,chr3,52198084
ENSG00000118434.9,SPACA1,chr6,88047840
ENSG00000227868.8,TEX46,chr1,23019099
ENSG00000134020.10,PEBP4,chr8,22999999
ENSG00000084734.11,GCKR,chr2,27496054
ENSG00000115594.14,IL1R1,chr2,102063932
ENSG00000137040.11,RANBP6,chr9,6015638
ENSG00000088726.17,TMEM40,chr3,12769456
ENSG00000136603.17,SKIL,chr3,170357286
ENSG00000198815.11,FOXJ3,chr1,42335912
ENSG00000174891.16,RSRC1,chr3,158105674
ENSG00000115363.16,EVA1A,chr2,75647196
ENSG00000136197.16,C7orf25,chr7,42912517
ENSG00000178381.15,ZFAND2A,chr7,1175913
ENSG00000117724.16,CENPF,chr1,214603171
ENSG00000171150.11,SOCS5,chr2,46698422
ENSG00000147912.15,FBXO10,chr9,37576391
ENSG00000091436.19,MAP3K20,chr2,173057180
ENSG00000158161.18,EYA3,chr1,28088730
ENSG00000120333.6,MRPS14,chr1,175023470
ENSG00000163820.18,FYCO1,chr3,45995844
ENSG00000187118.16,CMC1,chr3,28241583
ENSG00000152527.16,PLEKHH2,chr2,43637248
ENSG00000165023.8,DIRAS2,chr9,90642900
ENSG00000164087.10,POC1A,chr3,52154745
ENSG00000106327.15,TFR2,chr7,100642778
ENSG00000115756.15,HPCAL1,chr2,10297409
ENSG00000171566.14,PLRG1,chr4,154550414
ENSG00000168924.17,LETM1,chr4,1856243
ENSG00000113263.16,ITK,chr5,157142932
ENSG00000284989.1,ENSG00000284989,chr1,43650148
ENSG00000163681.19,SLMAP,chr3,57755449
ENSG00000145715.17,RASA1,chr5,87267777
ENSG00000117481.14,NSUN4,chr1,46340690
ENSG00000105968.21,H2AZ2,chr7,44848145
ENSG00000069812.13,HES2,chr1,6424689
ENSG00000084731.17,KIF3C,chr2,25982760
ENSG00000186329.11,TMEM212,chr3,171843337
ENSG00000010030.15,ETV7,chr6,36387800
ENSG00000143303.14,METTL25B,chr1,156728441
ENSG00000078579.10,FGF20,chr8,17002351
ENSG00000176853.18,FAM91A1,chr8,123768432
ENSG00000253293.7,HOXA10,chr7,27180260
ENSG00000186409.20,CCDC30,chr1,42463220
ENSG00000177873.16,ZNF619,chr3,40477104
ENSG00000177842.14,ZNF620,chr3,40477104
ENSG00000234545.10,FAM133B,chr7,92590416
ENSG00000081148.12,IMPG2,chr3,101320574
ENSG00000174839.15,DENND6A,chr3,57693126
ENSG00000288646.1,ENSG00000288646,chr6,53065601
ENSG00000164647.11,STEAP1,chr7,90154179
ENSG00000106635.10,BCL7B,chr7,73558016
ENSG00000162772.20,ATF3,chr1,212565333
ENSG00000147872.12,PLIN2,chr9,19149368
ENSG00000055813.8,CCDC85A,chr2,56183750
ENSG00000178922.20,HYI,chr1,43453998
ENSG00000107249.25,GLIS3,chr9,4348391
ENSG00000145777.15,TSLP,chr5,111070061
ENSG00000115523.19,GNLY,chr2,85685174
ENSG00000040275.19,SPDL1,chr5,169583631
ENSG00000142669.17,SH3BGRL3,chr1,26279127
ENSG00000174227.18,PIGG,chr4,499194
ENSG00000113273.19,ARSB,chr5,78986086
ENSG00000142655.15,PEX14,chr1,10472287
ENSG00000275111.7,ZNF2,chr2,95165431
ENSG00000180488.19,MIGA1,chr1,77779618
ENSG00000143401.17,ANP32E,chr1,150236201
ENSG00000165644.13,COMTD1,chr10,75236087
ENSG00000137075.19,RNF38,chr9,36487547
ENSG00000154447.17,SH3RF1,chr4,169271184
ENSG00000153560.14,UBP1,chr3,33441406
ENSG00000181817.8,LSM10,chr1,36397944
ENSG00000148334.18,PTGES2,chr9,128128461
ENSG00000135077.12,HAVCR2,chr5,157142868
ENSG00000145911.9,N4BP3,chr5,178113166
ENSG00000174567.10,GOLT1A,chr1,204214120
ENSG00000166924.11,NYAP1,chr7,100483604
ENSG00000151657.14,KIN,chr10,7788000
ENSG00000107614.24,TRDMT1,chr10,17202053
ENSG00000132563.19,REEP2,chr5,138438975
ENSG00000173214.8,SLC60A2,chr6,111259326
ENSG00000188379.7,IFNA2,chr9,21385397
ENSG00000289346.1,ENSG00000289346,chr7,74890584
ENSG00000198887.11,SMC5,chr9,70258269
ENSG00000143222.14,UFC1,chr1,161152775
ENSG00000136238.22,RAC1,chr7,6374097
ENSG00000162923.18,WDR26,chr1,224437032
ENSG00000147443.15,DOK2,chr8,21913959
ENSG00000143674.13,MAP3K21,chr1,233327647
ENSG00000116984.17,MTR,chr1,236795259
ENSG00000160072.22,ATAD3B,chr1,1471741
ENSG00000131370.18,SH3BP5,chr3,15341367
ENSG00000186118.10,TEX38,chr1,46668854
ENSG00000119328.14,ABITRAM,chr9,108934129
ENSG00000174013.9,FBXO45,chr3,196568610
ENSG00000168582.5,CRYGA,chr2,208163588
ENSG00000164970.17,FAM219A,chr9,34458590
ENSG00000162434.16,JAK1,chr1,65067753
ENSG00000118242.18,MREG,chr2,216034095
ENSG00000148082.11,SHC3,chr9,89180069
ENSG00000163877.12,SNIP1,chr1,37554303
ENSG00000233822.8,H2BC15,chr6,27838544
ENSG00000144407.11,PTH2R,chr2,208359713
ENSG00000010318.24,PHF7,chr3,52410503
ENSG00000061676.18,NCKAP1,chr2,183038857
ENSG00000077254.16,USP33,chr1,77759903
ENSG00000146350.16,TBC1D32,chr6,121334744
ENSG00000288643.1,ENSG00000288643,chr5,62306205
ENSG00000170802.19,FOXN2,chr2,48314330
ENSG00000232113.3,TEX50,chr1,173635337
ENSG00000138081.24,FBXO11,chr2,47906553
ENSG00000121895.11,TMEM156,chr4,39032921
ENSG00000289746.1,TARP,chr7,38273635
ENSG00000164220.8,F2RL2,chr5,76623424
ENSG00000185873.8,TMPRSS11B,chr4,68245693
ENSG00000084073.12,ZMPSTE24,chr1,40258040
ENSG00000049540.21,ELN,chr7,74027772
ENSG00000080819.11,CPOX,chr3,98593711
ENSG00000108242.15,CYP2C18,chr10,94682859
ENSG00000116212.18,LRRC42,chr1,53946044
ENSG00000106105.17,GARS1,chr7,30580532
ENSG00000143033.20,MTF2,chr1,93079234
ENSG00000240230.7,COX19,chr7,975548
ENSG00000310608.1,ENSG00000310608,chr7,975548
ENSG00000088205.15,DDX18,chr2,117814655
ENSG00000143376.16,SNX27,chr1,151611984
ENSG00000132773.14,TOE1,chr1,45339937
ENSG00000146802.15,TMEM168,chr7,112790714
ENSG00000145780.10,FEM1C,chr5,115544856
ENSG00000180817.14,PPA1,chr10,70233910
ENSG00000186432.12,KPNA4,chr3,160565590
ENSG00000144655.17,CSRNP1,chr3,39154851
ENSG00000116809.14,ZBTB17,chr1,15976131
ENSG00000095319.16,NUP188,chr9,128947680
ENSG00000152359.17,POC5,chr5,75717452
ENSG00000186364.14,NUDT17,chr1,145845602
ENSG00000138386.19,NAB1,chr2,190646745
ENSG00000232112.5,TMA7,chr3,48440212
ENSG00000144827.11,ABHD10,chr3,111978971
ENSG00000135569.5,TAAR5,chr6,132589740
ENSG00000206535.10,LNP1,chr3,100401191
ENSG00000233816.4,IFNA13,chr9,21368056
ENSG00000160049.14,DFFA,chr1,10472581
ENSG00000178996.16,SNX18,chr5,54517706
ENSG00000122641.13,INHBA,chr7,41705833
ENSG00000172339.12,ALG14,chr1,95072982
ENSG00000164068.18,RNF123,chr3,49688739
ENSG00000173145.13,NOC3L,chr10,94362981
ENSG00000135341.21,MAP3K7,chr6,90587232
ENSG00000174151.17,CYB561D1,chr1,109494051
ENSG00000240720.11,LRRD1,chr7,92179530
ENSG00000132313.16,MRPL35,chr2,86199354
ENSG00000145779.9,TNFAIP8,chr5,119268690
ENSG00000179950.17,PUF60,chr8,143830708
ENSG00000132357.16,CARD6,chr5,40841174
ENSG00000154122.16,ANKH,chr5,14871948
ENSG00000152154.14,TMEM178A,chr2,39664981
ENSG00000168301.15,KCTD6,chr3,58491077
ENSG00000169570.12,DTWD2,chr5,118988561
ENSG00000137267.9,TUBB2A,chr6,3157552
ENSG00000163545.12,NUAK2,chr1,205321780
ENSG00000143363.19,PRUNE1,chr1,151008407
ENSG00000157212.22,PAXIP1,chr7,155003164
ENSG00000236543.3,ENSG00000236543,chr9,135604344
ENSG00000156171.17,DRAM2,chr1,111140224
ENSG00000126522.19,ASL,chr7,66075799
ENSG00000120889.15,TNFRSF10B,chr8,23069120
ENSG00000119888.13,EPCAM,chr2,47345157
ENSG00000112312.12,GMNN,chr6,24774891
ENSG00000182903.17,ZNF721,chr4,499158
ENSG00000151665.15,PIGF,chr2,46617066
ENSG00000118655.10,DCLRE1B,chr1,113904402
ENSG00000278463.2,H2AC4,chr6,26033617
ENSG00000181016.11,LSMEM1,chr7,112480852
ENSG00000095587.11,TLL2,chr10,96513957
ENSG00000115221.15,ITGB6,chr2,160271887
ENSG00000113520.12,IL4,chr5,132673985
ENSG00000163138.21,PACRGL,chr4,20696281
ENSG00000188672.20,RHCE,chr1,25430191
ENSG00000112425.17,EPM2A,chr6,145736022
ENSG00000285446.1,ENSG00000285446,chr6,116399394
ENSG00000163660.14,CCNL1,chr3,157160770
ENSG00000239887.6,C1orf226,chr1,162378840
ENSG00000117143.16,UAP1,chr1,162561475
ENSG00000116497.20,S100PBP,chr1,32816407
ENSG00000187837.5,H1-2,chr6,26056469
ENSG00000213523.14,SRA1,chr5,140557919
ENSG00000180071.22,ANKRD18A,chr9,38622527
ENSG00000168566.15,SNRNP48,chr6,7590180
ENSG00000124659.7,TBCC,chr6,42746102
ENSG00000146733.16,PSPH,chr7,56051608
ENSG00000198700.12,IPO9,chr1,201829103
ENSG00000082684.18,SEMA5B,chr3,123028604
ENSG00000135932.14,CAB39,chr2,230712821
ENSG00000012223.15,LTF,chr3,46485233
ENSG00000104497.17,SNX16,chr8,81842865
ENSG00000274523.7,RCC1L,chr7,75074227
ENSG00000116830.14,TTF2,chr1,117060284
ENSG00000168264.14,IRF2BP2,chr1,234610188
ENSG00000204764.16,RANBP17,chr5,170861854
ENSG00000135966.16,TGFBRAP1,chr2,105330048
ENSG00000135960.12,EDAR,chr2,108989371
ENSG00000150681.11,RGS18,chr1,192158343
ENSG00000153208.21,MERTK,chr2,111898455
ENSG00000070718.15,AP3M2,chr8,42152945
ENSG00000154027.20,AK5,chr1,77281852
ENSG00000187801.17,ZFP69B,chr1,40450052
ENSG00000163746.15,PLSCR2,chr3,146495990
ENSG00000002745.14,WNT16,chr7,121325366
ENSG00000122203.17,KIAA1191,chr5,176366458
ENSG00000055917.19,PUM2,chr2,20352233
ENSG00000253159.4,PCDHGA12,chr5,141430506
ENSG00000172239.16,PAIP1,chr5,43557757
ENSG00000186281.15,GPAT2,chr2,96039450
ENSG00000288529.1,ENSG00000288529,chr6,133953303
ENSG00000205108.7,SPATA31F1,chr9,34729537
ENSG00000109790.20,KLHL5,chr4,39044612
ENSG00000145214.16,DGKQ,chr4,986894
ENSG00000146731.13,CCT6A,chr7,56051684
ENSG00000196715.9,VKORC1L1,chr7,65873068
ENSG00000112697.19,TMEM30A,chr6,75284947
ENSG00000164199.19,ADGRV1,chr5,90529343
ENSG00000131187.13,F12,chr5,177416582
ENSG00000218739.12,CEBPZOS,chr2,37191472
ENSG00000127415.15,IDUA,chr4,986996
ENSG00000106511.8,MEOX2,chr7,15686817
ENSG00000115760.17,BIRC6,chr2,32357018
ENSG00000044115.23,CTNNA1,chr5,138610966
ENSG00000182010.13,RTKN2,chr10,62268899
ENSG00000172318.8,B3GALT1,chr2,167292979
ENSG00000136861.21,CDK5RAP2,chr9,120580177
ENSG00000164904.20,ALDH7A1,chr5,126595361
ENSG00000165609.16,NUDT5,chr10,12196154
ENSG00000178913.9,TAF7,chr5,141320783
ENSG00000133678.16,TMEM254,chr10,80078640
ENSG00000205236.6,ENSG00000205236,chr7,102642868
ENSG00000175305.20,CCNE2,chr8,94896679
ENSG00000143409.20,MINDY1,chr1,151008375
ENSG00000196367.16,TRRAP,chr7,98877932
ENSG00000143373.20,ZNF687,chr1,151281501
ENSG00000169629.13,RGPD8,chr2,112434487
ENSG00000065833.11,ME1,chr6,83431369
ENSG00000148481.16,MINDY3,chr10,15860552
ENSG00000152592.16,DMP1,chr4,87650277
ENSG00000157017.18,GHRL,chr3,10292958
ENSG00000285000.1,ENSG00000285000,chr5,77030901
ENSG00000106261.19,ZKSCAN1,chr7,100015569
ENSG00000157916.22,RER1,chr1,2390669
ENSG00000163803.14,PLB1,chr2,28457144
ENSG00000164051.16,CCDC51,chr3,48440455
ENSG00000184661.16,CDCA2,chr8,25459198
ENSG00000107984.11,DKK1,chr10,52314273
ENSG00000115233.14,PSMD14,chr2,161308407
ENSG00000119522.20,DENND1A,chr9,123930153
ENSG00000104442.12,ARMC1,chr8,65634216
ENSG00000146233.10,CYP39A1,chr6,46652830
ENSG00000163161.16,ERCC3,chr2,127294187
ENSG00000123453.21,SARDH,chr9,133739975
ENSG00000113649.16,TCERG1,chr5,146447310
ENSG00000175283.8,DOLK,chr9,128947602
ENSG00000238227.10,TMEM250,chr9,136118945
ENSG00000169504.17,CLIC4,chr1,24745341
ENSG00000177494.8,ZBED2,chr3,111595393
ENSG00000121552.5,CSTA,chr3,122325237
ENSG00000156469.11,MTERF3,chr8,96261625
ENSG00000197191.7,CYSRT1,chr9,137225173
ENSG00000180354.18,MTURN,chr7,30134727
ENSG00000155744.12,HYCC2,chr2,201071699
ENSG00000187791.14,SPATA31F3,chr9,34895796
ENSG00000171448.11,ZBTB26,chr9,122931564
ENSG00000106346.14,USP42,chr7,6104754
ENSG00000163823.6,CCR1,chr3,46208675
ENSG00000265491.7,RNF115,chr1,145824133
ENSG00000058804.14,NDC1,chr1,53838581
ENSG00000146263.14,MMS22L,chr6,97283240
ENSG00000177076.7,ACER2,chr9,19408943
ENSG00000049541.13,RFC2,chr7,74254457
ENSG00000176986.18,SEC24C,chr10,73744347
ENSG00000053900.13,ANAPC4,chr4,25377209
ENSG00000158669.13,GPAT4,chr8,41577186
ENSG00000111837.12,MAK,chr6,10838552
ENSG00000174738.16,NR1D2,chr3,23945257
ENSG00000179632.13,MAF1,chr8,144103111
ENSG00000163217.4,BMP10,chr2,68871438
ENSG00000170854.20,RIOX2,chr3,97972456
ENSG00000178295.17,GEN1,chr2,17753277
ENSG00000116871.18,MAP7D1,chr1,36155540
ENSG00000198912.13,C1orf174,chr1,3900296
ENSG00000177707.13,NECTIN3,chr3,111070070
ENSG00000048544.9,MRPS10,chr6,42217880
ENSG00000181826.12,RELL1,chr4,37686412
ENSG00000064835.12,POU1F1,chr3,87276583
ENSG00000178035.15,IMPDH2,chr3,49029451
ENSG00000163110.17,PDLIM5,chr4,94451715
ENSG00000173166.20,RAPH1,chr2,203535477
ENSG00000186141.12,POLR3C,chr1,145823775
ENSG00000076321.13,KLHL20,chr1,173714908
ENSG00000135549.18,PKIB,chr6,122471913
ENSG00000096070.21,BRPF3,chr6,36196005
ENSG00000159374.20,M1AP,chr2,74648349
ENSG00000142583.20,SLC2A5,chr1,9088477
ENSG00000137409.23,MTCH1,chr6,36986297
ENSG00000118518.19,RNF146,chr6,127266581
ENSG00000243641.3,OR13C7,chr9,36003866
ENSG00000134970.16,TMED7,chr5,115634829
ENSG00000242616.6,GNG10,chr9,111661339
ENSG00000144824.23,PHLDB2,chr3,111732402
ENSG00000214300.8,SPDYE3,chr7,100307701
ENSG00000178966.18,RMI1,chr9,83980354
ENSG00000069248.14,NUP133,chr1,229508375
ENSG00000116030.19,SUMO1,chr2,202238603
ENSG00000188817.9,SNTN,chr3,63652663
ENSG00000159423.19,ALDH4A1,chr1,18902798
ENSG00000243910.9,TUBA4B,chr2,219253242
ENSG00000197153.5,H3C12,chr6,27893105
ENSG00000119509.15,INVS,chr9,100098377
ENSG00000163060.10,TEKT4,chr2,94871380
ENSG00000169131.15,ZNF354A,chr5,178732380
ENSG00000256646.8,ENSG00000256646,chr7,42932213
ENSG00000155636.18,RBM45,chr2,178112383
ENSG00000119844.19,AFTPH,chr2,64524285
ENSG00000182333.15,LIPF,chr10,88664440
ENSG00000290149.1,ENSG00000290149,chr7,37683842
ENSG00000214367.11,HAUS3,chr4,2242189
ENSG00000123737.15,EXOSC9,chr4,121801317
ENSG00000157653.14,C9orf43,chr9,113410053
ENSG00000111817.21,DSE,chr6,116253603
ENSG00000156471.15,PTDSS1,chr8,96261884
ENSG00000115661.16,STK16,chr2,219245211
ENSG00000114867.24,EIF4G1,chr3,184314489
ENSG00000163629.15,PTPN13,chr4,86593943
ENSG00000105982.19,RNF32,chr7,156640280
ENSG00000111879.21,FAM184A,chr6,119149386
ENSG00000186105.8,LRRC70,chr5,62578818
ENSG00000114446.7,IFT57,chr3,108222559
ENSG00000128641.21,MYO1B,chr2,191245063
ENSG00000128709.14,HOXD9,chr2,176121228
ENSG00000136938.11,ANP32B,chr9,97983125
ENSG00000250821.3,EXOC1L,chr4,55819789
ENSG00000164674.19,SYTL3,chr6,158644386
ENSG00000254122.4,PCDHGB7,chr5,141417641
ENSG00000148399.15,DPH7,chr9,137578935
ENSG00000186103.5,ARGFX,chr3,121567948
ENSG00000144644.17,GADL1,chr3,30894896
ENSG00000168038.13,ULK4,chr3,41962235
ENSG00000143028.11,SYPL2,chr1,109466528
ENSG00000122678.19,POLM,chr7,44082984
ENSG00000278677.2,H2AC17,chr6,27893184
ENSG00000163867.19,ZMYM6,chr1,35031972
ENSG00000277149.7,TYW1B,chr7,72828259
ENSG00000143450.19,OAZ3,chr1,151762898
ENSG00000176601.15,MAP3K19,chr2,135047467
ENSG00000128581.18,IFT22,chr7,101321830
ENSG00000188573.8,FBLL1,chr5,168529304
ENSG00000146006.9,LRRTM2,chr5,138875382
ENSG00000164463.14,CREBRF,chr5,173056322
ENSG00000148218.18,ALAD,chr9,113401355
ENSG00000187123.17,LYPD6,chr2,149329984
ENSG00000182158.18,CREB3L2,chr7,138002118
ENSG00000197385.8,ZNF860,chr3,31981721
ENSG00000016602.11,CLCA4,chr1,86547075
ENSG00000169031.23,COL4A3,chr2,227164508
ENSG00000271741.1,ENSG00000271741,chr1,35031740
ENSG00000178028.16,DMAP1,chr1,44213426
ENSG00000230601.8,TEX48,chr9,114682191
ENSG00000133872.16,SARAF,chr8,30083330
ENSG00000177034.19,MTX3,chr5,79991269
ENSG00000197056.14,ZMYM1,chr1,35032171
ENSG00000215853.3,RPTN,chr1,152159227
ENSG00000146729.12,NIPSNAP2,chr7,55951792
ENSG00000249481.9,SPATS1,chr6,44342649
ENSG00000105971.17,CAV2,chr7,116287379
ENSG00000183508.7,TENT5C,chr1,117605925
ENSG00000178409.16,BEND3,chr6,107116233
ENSG00000106588.14,PSMA2,chr7,42932222
ENSG00000196313.14,POM121,chr7,72879348
ENSG00000173272.18,MZT2A,chr2,131493041
ENSG00000026297.19,RNASET2,chr6,166957447
ENSG00000179921.16,GPBAR1,chr2,218259495
ENSG00000163352.6,LENEP,chr1,154993585
ENSG00000031698.15,SARS1,chr1,109213843
ENSG00000104763.22,ASAH1,chr8,18084997
ENSG00000289685.2,ENSG00000289685,chr2,95165390
ENSG00000075292.22,ZNF638,chr2,71276536
ENSG00000142676.16,RPL11,chr1,23691684
ENSG00000117155.19,SSX2IP,chr1,84690954
ENSG00000163611.13,SPICE1,chr3,113515605
ENSG00000251569.1,ENSG00000251569,chr2,169479479
ENSG00000163093.14,BBS5,chr2,169479479
ENSG00000113296.16,THBS4,chr5,79991310
ENSG00000152208.14,GRID2,chr4,92303965
ENSG00000198746.15,GPATCH3,chr1,26900477
ENSG00000106803.12,SEC61B,chr9,99222063
ENSG00000264668.2,ENSG00000264668,chr8,143247109
ENSG00000164010.17,ERMAP,chr1,42817077
ENSG00000138039.17,LHCGR,chr2,48755730
ENSG00000179774.9,ATOH7,chr10,68232112
ENSG00000135622.16,SEMA4F,chr2,74654225
ENSG00000154174.10,TOMM70,chr3,100401422
ENSG00000186638.19,KIF24,chr9,34329281
ENSG00000129187.17,DCTD,chr4,182917935
ENSG00000162929.16,SANBR,chr2,61065870
ENSG00000107105.17,ELAVL2,chr9,23826351
ENSG00000205038.13,PKHD1L1,chr8,109362428
ENSG00000137161.20,CNPY3,chr6,42928974
ENSG00000151465.16,CDC123,chr10,12195909
ENSG00000069849.13,ATP1B3,chr3,141876110
ENSG00000138411.15,HECW2,chr2,196593683
ENSG00000198586.16,TLK1,chr2,171231313
ENSG00000143774.20,GUK1,chr1,228139961
ENSG00000144045.16,DQX1,chr2,74526395
ENSG00000122787.17,AKR1D1,chr7,138002323
ENSG00000131732.14,ZCCHC9,chr5,81301579
ENSG00000109133.16,TMEM33,chr4,41934379
ENSG00000168679.20,SLC16A4,chr1,110391081
ENSG00000158321.20,AUTS2,chr7,69598295
ENSG00000170876.11,TMEM43,chr3,14124997
ENSG00000107341.7,UBE2R2,chr9,33817159
ENSG00000123836.17,PFKFB2,chr1,207034365
ENSG00000123610.6,TNFAIP6,chr2,151357584
ENSG00000091831.27,ESR1,chr6,151651283
ENSG00000112992.20,NNT,chr5,43602583
ENSG00000185519.11,FAM131C,chr1,16073663
ENSG00000065534.22,MYLK,chr3,123884374
ENSG00000104450.15,SPAG1,chr8,100157852
ENSG00000204021.5,LIPK,chr10,88706248
ENSG00000188092.17,GPR89B,chr1,147928321
ENSG00000115966.20,ATF2,chr2,175168381
ENSG00000138430.18,OLA1,chr2,174248660
ENSG00000132330.20,SCLY,chr2,238060875
ENSG00000006576.19,PHTF2,chr7,77798651
ENSG00000160993.6,ALKBH4,chr7,102464898
ENSG00000160746.15,ANO10,chr3,43691593
ENSG00000174606.16,ANGEL2,chr1,213015876
ENSG00000154781.18,CCDC174,chr3,14651745
ENSG00000163263.8,CFAP141,chr1,154206351
ENSG00000095383.21,TBC1D2,chr9,98256426
ENSG00000188674.13,C2orf80,chr2,208190244
ENSG00000197548.15,ATG7,chr3,11272308
ENSG00000253148.1,RGS21,chr1,192316991
ENSG00000172428.13,COPS9,chr2,240136806
ENSG00000145839.2,IL9,chr5,135895840
ENSG00000123607.18,TTC21B,chr2,165953850
ENSG00000120160.11,EQTN,chr9,27297149
ENSG00000179010.18,MRFAP1,chr4,6640090
ENSG00000112983.19,BRD8,chr5,138178987
ENSG00000084710.16,EFR3B,chr2,25042047
ENSG00000173269.16,MMRN2,chr10,86969480
ENSG00000178209.19,PLEC,chr8,143977038
ENSG00000138336.11,TET1,chr10,68560284
ENSG00000179270.8,PCARE,chr2,29074565
ENSG00000162989.6,KCNJ3,chr2,154697398
ENSG00000170469.13,SPATA24,chr5,139404093
ENSG00000118523.8,CCN2,chr6,131951455
ENSG00000113108.22,APBB3,chr5,140564780
ENSG00000242485.8,MRPL20,chr1,1407305
ENSG00000164414.21,SLC35A1,chr6,87470622
ENSG00000115183.17,TANC1,chr2,158968502
ENSG00000172059.13,KLF11,chr2,10042848
ENSG00000116679.19,IVNS1ABP,chr1,185317861
ENSG00000119147.11,ECRG4,chr2,106063245
ENSG00000290230.1,ENSG00000290230,chr8,144078641
ENSG00000188784.4,PLA2G2E,chr1,19923616
ENSG00000135829.19,DHX9,chr1,182839301
ENSG00000111897.9,SERINC1,chr6,122471853
ENSG00000134516.22,DOCK2,chr5,169637223
ENSG00000279956.1,ENSG00000279956,chr2,48755723
ENSG00000118579.14,MED28,chr4,17614585
ENSG00000130997.17,POLN,chr4,2242137
ENSG00000152413.17,HOMER1,chr5,79514572
ENSG00000165185.17,KIAA1958,chr9,112486826
ENSG00000117523.19,PRRC2C,chr1,171485529
ENSG00000138079.16,SLC3A1,chr2,44275457
ENSG00000135778.14,NTPCR,chr1,232950558
ENSG00000049323.18,LTBP1,chr2,32946471
ENSG00000146856.15,AGBL3,chr7,134986495
ENSG00000067064.14,IDI1,chr10,1049363
ENSG00000169826.10,CSGALNACT2,chr10,43137830
ENSG00000181004.11,BBS12,chr4,122732652
ENSG00000134644.18,PUM1,chr1,31065990
ENSG00000135956.13,TMEM127,chr2,96266081
ENSG00000144591.22,GMPPA,chr2,219498617
ENSG00000135766.11,EGLN1,chr1,231422748
ENSG00000197070.16,ARRDC1,chr9,137605618
ENSG00000135045.8,C9orf40,chr9,74952920
ENSG00000290263.1,ENSG00000290263,chr4,2242275
ENSG00000144290.19,SLC4A10,chr2,161424331
ENSG00000114650.23,SCAP,chr3,47477125
ENSG00000198589.17,LRBA,chr4,151015754
ENSG00000187980.8,PLA2G2C,chr1,20186523
ENSG00000161036.15,LRWD1,chr7,102464923
ENSG00000130305.19,NSUN5,chr7,73308866
ENSG00000121644.21,DESI2,chr1,244652934
ENSG00000152683.16,SLC30A6,chr2,32165840
ENSG00000240204.4,SMKR1,chr7,129502497
ENSG00000138688.18,BLTP1,chr4,122152326
ENSG00000135338.16,LCA5,chr6,79545137
ENSG00000156194.19,PPEF2,chr4,75902570
ENSG00000155367.18,PPM1J,chr1,112715501
ENSG00000171853.18,TRAPPC12,chr2,3379668
ENSG00000123689.8,G0S2,chr1,209675404
ENSG00000162390.20,ACOT11,chr1,54542256
ENSG00000133710.18,SPINK5,chr5,148025682
ENSG00000176018.15,LYSMD3,chr5,90529744
ENSG00000118257.18,NRP2,chr2,205681989
ENSG00000058085.17,LAMC2,chr1,183186056
ENSG00000138398.19,PPIG,chr2,169584336
ENSG00000115275.16,MOGS,chr2,74465414
ENSG00000118245.3,TNP1,chr2,216865731
ENSG00000237693.7,IRGM,chr5,150846520
ENSG00000168131.4,OR2B2,chr6,27912395
ENSG00000167165.20,UGT1A6,chr2,233691606
ENSG00000085832.20,EPS15,chr1,51519386
ENSG00000137124.10,ALDH1B1,chr9,38392622
ENSG00000118816.14,CCNI,chr4,77076318
ENSG00000213512.5,GBP7,chr1,89176082
ENSG00000177239.18,MAN1B1,chr9,137085916
ENSG00000074054.23,CLASP1,chr2,121649598
ENSG00000147606.11,SLC26A7,chr8,91209493
ENSG00000168300.16,PCMTD1,chr8,51900041
ENSG00000164933.13,SLC25A32,chr8,103415188
ENSG00000163781.16,TOPBP1,chr3,133662379
ENSG00000146232.19,NFKBIE,chr6,44265787
ENSG00000180611.8,MB21D2,chr3,192918264
ENSG00000164893.9,SLC7A13,chr8,86321145
ENSG00000310604.1,ENSG00000310604,chr2,69829738
ENSG00000163528.15,CHCHD4,chr3,14124875
ENSG00000113327.19,GABRG2,chr5,162000056
ENSG00000274290.3,H2BC6,chr6,26172058
ENSG00000135211.8,TMEM60,chr7,77799722
ENSG00000260286.5,ARMH2,chr6,24798916
ENSG00000143375.17,CGN,chr1,151510138
ENSG00000288608.1,ENSG00000288608,chr7,151061927
ENSG00000018408.17,WWTR1,chr3,149736713
ENSG00000282278.1,ENSG00000282278,chr4,53377838
ENSG00000172354.12,GNB2,chr7,100673476
ENSG00000119523.12,ALG2,chr9,99221991
ENSG00000138449.13,SLC40A1,chr2,189583757
ENSG00000196141.16,SPATS2L,chr2,200305880
ENSG00000122592.9,HOXA7,chr7,27157935
ENSG00000115020.19,PIKFYVE,chr2,208266228
ENSG00000197498.15,RPF2,chr6,110982014
ENSG00000181192.14,DHTKD1,chr10,12068925
ENSG00000123552.20,USP45,chr6,99521727
ENSG00000176087.18,SLC35A4,chr5,140564439
ENSG00000293600.3,ENSG00000293600,chr5,140564439
ENSG00000124532.17,MRS2,chr6,24402795
ENSG00000135541.24,AHI1,chr6,135498433
ENSG00000106125.16,MINDY4,chr7,30771387
ENSG00000187678.12,SPRY4,chr5,142326454
ENSG00000160741.19,CRTC2,chr1,153958641
ENSG00000138684.9,IL21,chr4,122621065
ENSG00000108239.11,TBC1D12,chr10,94402376
ENSG00000198576.4,ARC,chr8,142614478
ENSG00000134308.16,YWHAQ,chr2,9639471
ENSG00000041802.13,LSG1,chr3,194672462
ENSG00000107223.15,EDF1,chr9,136866342
ENSG00000241127.11,YAE1,chr7,39566367
ENSG00000197024.11,ZNF398,chr7,149126415
ENSG00000137055.17,PLAA,chr9,26947494
ENSG00000178896.11,EXOSC4,chr8,144078559
ENSG00000125538.13,IL1B,chr2,112864234
ENSG00000114346.16,ECT2,chr3,172750681
ENSG00000003989.20,SLC7A2,chr8,17496974
ENSG00000213439.3,OR5AC1,chr3,98064471
ENSG00000006468.17,ETV1,chr7,13991424
ENSG00000165678.24,GHITM,chr10,84139481
ENSG00000159658.16,EFCAB14,chr1,46719145
ENSG00000284292.1,ENSG00000284292,chr7,99325878
ENSG00000241685.12,ARPC1A,chr7,99325878
ENSG00000183137.18,CEP57L1,chr6,109095104
ENSG00000119280.19,C1orf198,chr1,230869588
ENSG00000135269.20,TES,chr7,116210492
ENSG00000165156.17,ZHX1,chr8,123275540
ENSG00000163945.21,UVSSA,chr4,1345690
ENSG00000134057.17,CCNB1,chr5,69167003
ENSG00000134369.19,NAV1,chr1,201538945
ENSG00000185015.9,CA13,chr8,85220586
ENSG00000066651.22,TRMT11,chr6,125986422
ENSG00000122882.13,ECD,chr10,73169054
ENSG00000087338.7,GMCL1,chr2,69829611
ENSG00000164162.16,ANAPC10,chr4,145098822
ENSG00000116922.17,AIRIM,chr1,37692295
ENSG00000153291.17,SLC25A27,chr6,46652914
ENSG00000124608.7,AARS2,chr6,44313375
ENSG00000096433.13,ITPR3,chr6,33620330
ENSG00000172167.10,MTBP,chr8,120445389
ENSG00000197860.12,SGTB,chr5,65723034
ENSG00000109272.5,PF4V1,chr4,73853291
ENSG00000086619.16,ERO1B,chr1,236282018
ENSG00000277775.2,H3C7,chr6,26250634
ENSG00000204947.11,ZNF425,chr7,149126347
ENSG00000186687.18,LYRM7,chr5,131170844
ENSG00000258677.2,ENSG00000258677,chr8,73878853
ENSG00000150873.14,CIMIP5,chr2,11133008
ENSG00000186803.3,IFNA10,chr9,21207142
ENSG00000112640.18,PPP2R5D,chr6,42984532
ENSG00000153814.15,JAZF1,chr7,28181029
ENSG00000138663.11,COPS4,chr4,83034446
ENSG00000250803.9,ZNF475,chr5,122129621
ENSG00000090273.16,NUDC,chr1,26900237
ENSG00000258881.6,ENSG00000258881,chr2,70995335
ENSG00000114982.21,KANSL3,chr2,96642786
ENSG00000164265.11,SCGB3A2,chr5,147869799
ENSG00000106025.11,TSPAN12,chr7,120858401
ENSG00000136807.15,CDK9,chr9,127785251
ENSG00000136731.15,UGGT1,chr2,128091150
ENSG00000189181.7,OR14I1,chr1,248702765
ENSG00000044459.17,CNTLN,chr9,17134955
ENSG00000182154.9,MRPL41,chr9,137550423
ENSG00000136930.15,PSMB7,chr9,124415475
ENSG00000173559.17,NABP1,chr2,191678067
ENSG00000253846.4,PCDHGA10,chr5,141412980
ENSG00000170271.13,FAXDC2,chr5,154859251
ENSG00000158055.18,GRHL3,chr1,24199557
ENSG00000031691.9,CENPQ,chr6,49463334
ENSG00000163738.21,MTHFD2L,chr4,74114173
ENSG00000138134.14,STAMBPL1,chr10,88879362
ENSG00000180535.6,BHLHA15,chr7,98211431
ENSG00000135749.22,PCNX2,chr1,233295742
ENSG00000225556.3,C2CD4D,chr1,151840556
ENSG00000123213.25,NLN,chr5,65722164
ENSG00000075340.25,ADD2,chr2,70768498
ENSG00000272968.5,RBAK-RBAKDN,chr7,4983717
ENSG00000227471.10,AKR1B15,chr7,134548937
ENSG00000144485.13,HES6,chr2,238240679
ENSG00000143740.17,SNAP47,chr1,227728199
ENSG00000090989.20,EXOC1,chr4,55853627
ENSG00000164181.16,ELOVL7,chr5,60844588
ENSG00000122861.18,PLAU,chr10,73909176
ENSG00000108021.24,TASOR2,chr10,5684730
ENSG00000119487.19,MAPKAP1,chr9,125707265
ENSG00000145050.20,MANF,chr3,51385254
ENSG00000111875.10,ASF1A,chr6,118894019
ENSG00000134313.19,KIDINS220,chr2,8837629
ENSG00000196636.9,SDHAF3,chr7,97117676
ENSG00000196456.15,ZNF775,chr7,150368789
ENSG00000115761.19,NOL10,chr2,10690414
ENSG00000124839.15,RAB17,chr2,237601637
ENSG00000135973.3,GPR45,chr2,105241742
ENSG00000173258.15,ZNF483,chr9,111525053
ENSG00000080546.16,SESN1,chr6,109095096
ENSG00000126870.18,DYNC2I1,chr7,158856545
ENSG00000105928.18,GSDME,chr7,24757991
ENSG00000179862.7,CITED4,chr1,40862362
ENSG00000118193.14,KIF14,chr1,200620775
ENSG00000205143.7,ARID3C,chr9,34630502
ENSG00000188984.13,AADACL3,chr1,12716108
ENSG00000143344.18,RGL1,chr1,183636065
ENSG00000186501.17,TMEM222,chr1,27322138
ENSG00000135540.14,NHSL1,chr6,138693252
ENSG00000163331.13,DAPL1,chr2,158795265
ENSG00000136840.21,ST6GALNAC4,chr9,127917056
ENSG00000155011.10,DKK2,chr4,107283805
ENSG00000197223.14,C1D,chr2,68110947
ENSG00000172209.8,GPR22,chr7,107470017
ENSG00000156234.9,CXCL13,chr4,77511752
ENSG00000163466.18,ARPC2,chr2,218216629
ENSG00000115008.8,IL1A,chr2,112784499
ENSG00000165215.6,CLDN3,chr7,73770269
ENSG00000150540.16,HNMT,chr2,137963987
ENSG00000171729.16,TMEM51,chr1,15152497
ENSG00000197530.15,MIB2,chr1,1615432
ENSG00000198885.12,ITPRIPL1,chr2,96324976
ENSG00000094975.16,SUCO,chr1,172532348
ENSG00000011275.20,RNF216,chr7,5781695
ENSG00000152689.21,RASGRP3,chr2,33436266
ENSG00000162735.21,PEX19,chr1,160286347
ENSG00000158552.15,ZFAND2B,chr2,219195236
ENSG00000146676.10,PURB,chr7,44885529
ENSG00000164708.8,PGAM2,chr7,44065735
ENSG00000168505.8,GBX2,chr2,236168394
ENSG00000182504.13,CEP97,chr3,101724533
ENSG00000155660.13,PDIA4,chr7,149028666
ENSG00000119401.13,TRIM32,chr9,116687297
ENSG00000047056.20,WDR37,chr10,1049264
ENSG00000122643.26,NT5C3A,chr7,33062836
ENSG00000143847.18,PPFIA4,chr1,203026469
ENSG00000135838.16,NPL,chr1,182789262
ENSG00000248109.3,MARCOL,chr5,148221649
ENSG00000049192.16,ADAMTS6,chr5,65481943
ENSG00000152455.18,SUV39H2,chr10,14878322
ENSG00000021355.15,SERPINB1,chr6,2842034
ENSG00000160917.17,CPSF4,chr7,99438907
ENSG00000106009.18,BRAT1,chr7,2555781
ENSG00000144031.14,ANKRD53,chr2,70978379
ENSG00000168899.7,VAMP5,chr2,85584396
ENSG00000065526.14,SPEN,chr1,15836094
ENSG00000107864.17,CPEB3,chr10,92291627
ENSG00000121905.12,HPCA,chr1,32881497
ENSG00000212864.6,RNF208,chr9,137222311
ENSG00000136783.12,NIPSNAP3A,chr9,104747663
ENSG00000054116.14,TRAPPC3,chr1,36156052
ENSG00000142864.17,SERBP1,chr1,67430417
ENSG00000188647.15,PTAR1,chr9,69760064
ENSG00000173261.10,PLAC8L1,chr5,146106204
ENSG00000125484.14,GTF3C4,chr9,132670022
ENSG00000059573.11,ALDH18A1,chr10,95656884
ENSG00000144820.10,ADGRG7,chr3,100609595
ENSG00000106628.15,POLD2,chr7,44124406
ENSG00000112367.14,FIG4,chr6,109690608
ENSG00000174132.11,FAM174A,chr5,100535300
ENSG00000073331.20,ALPK1,chr4,112285508
ENSG00000014914.23,MTMR11,chr1,149937533
ENSG00000152348.18,ATG10,chr5,81971614
ENSG00000136688.12,IL36G,chr2,112973202
ENSG00000163576.19,EFHB,chr3,19947024
ENSG00000280148.1,ENSG00000280148,chr6,143857317
ENSG00000180104.18,EXOC3,chr5,442521
ENSG00000138772.15,ANXA3,chr4,78551614
ENSG00000156172.8,CFAP418,chr8,95269429
ENSG00000112972.16,HMGCS1,chr5,43313511
ENSG00000104343.23,UBE2W,chr8,73878912
ENSG00000277893.4,SRD5A2,chr2,31580942
ENSG00000146085.10,MMUT,chr6,49463320
ENSG00000175105.10,ZNF654,chr3,88058722
ENSG00000155530.5,LRGUK,chr7,134127298
ENSG00000284461.2,ENSG00000284461,chr7,66628957
ENSG00000283434.2,CSNK2A2IP,chr3,88338415
ENSG00000285218.1,ENSG00000285218,chr3,170418867
ENSG00000183354.13,BRD10,chr9,6008494
ENSG00000104679.12,R3HCC1,chr8,23270119
ENSG00000115295.23,CLIP4,chr2,29095544
ENSG00000138660.14,AP1AR,chr4,112231362
ENSG00000170248.17,PDCD6IP,chr3,33798317
ENSG00000237136.9,C4orf51,chr4,145680087
ENSG00000124812.15,CRISP1,chr6,49877095
ENSG00000143537.16,ADAM15,chr1,155050565
ENSG00000144567.13,RETREG2,chr2,219176224
ENSG00000135631.19,RAB11FIP5,chr2,73156720
ENSG00000171126.9,KCNG3,chr2,42494915
ENSG00000143079.17,CTTNBP2NL,chr1,112396197
ENSG00000107890.19,ANKRD26,chr10,27100519
ENSG00000175449.17,RFESD,chr5,95646717
ENSG00000176407.20,KCMF1,chr2,84971092
ENSG00000170458.17,CD14,chr5,140633710
ENSG00000084072.19,PPIE,chr1,39692181
ENSG00000155111.17,CDK19,chr6,110815957
ENSG00000123992.23,DNPEP,chr2,219400021
ENSG00000164946.22,FREM1,chr9,14910994
ENSG00000257207.5,ENSG00000257207,chr2,110473074
ENSG00000256671.8,LIMS4,chr2,110473074
ENSG00000106603.22,COA1,chr7,43729856
ENSG00000276410.5,H2BC3,chr6,26043712
ENSG00000164045.14,CDC25A,chr3,48188427
ENSG00000071677.2,PRLH,chr2,237559554
ENSG00000138767.16,CNOT6L,chr4,77819614
ENSG00000163618.20,CADPS,chr3,62875562
ENSG00000115561.18,CHMP3,chr2,86563506
ENSG00000221829.13,FANCG,chr9,35082443
ENSG00000162728.7,KCNJ9,chr1,160081500
ENSG00000184903.11,IMMP2L,chr7,111562516
ENSG00000054267.24,ARID4B,chr1,235328799
ENSG00000170542.9,SERPINB9,chr6,2903317
ENSG00000143631.11,FLG,chr1,152325238
ENSG00000114166.10,KAT2B,chr3,20040054
ENSG00000090316.18,MAEA,chr4,1289838
ENSG00000170085.20,SIMC1,chr5,176238363
ENSG00000111801.18,BTN3A3,chr6,26440451
ENSG00000078403.19,MLLT10,chr10,21524583
ENSG00000163348.5,PYGO2,chr1,154963852
ENSG00000130363.16,RSPH3,chr6,159000237
ENSG00000186522.17,SEPTIN10,chr2,109614220
ENSG00000127081.17,ZNF484,chr9,92878049
ENSG00000059691.14,GATB,chr4,151761037
ENSG00000106086.23,PLEKHA8,chr7,30027403
ENSG00000288702.2,UGT1A3,chr2,233729041
ENSG00000184492.7,FOXD4L1,chr2,113498664
ENSG00000115419.16,GLS,chr2,190880321
ENSG00000144161.16,ZC3H8,chr2,112255150
ENSG00000119866.23,BCL11A,chr2,60554466
ENSG00000185055.13,EFCAB10,chr7,105600874
ENSG00000197885.13,NKIRAS1,chr3,23946590
ENSG00000142634.15,EFHD2,chr1,15409571
ENSG00000122068.15,FYTTD1,chr3,197737178
ENSG00000177463.18,NR2C2,chr3,14947323
ENSG00000155085.17,AK9,chr6,109691228
ENSG00000153071.17,DAB2,chr5,39462299
ENSG00000163794.6,UCN,chr2,27308444
ENSG00000265354.6,TIMM23,chr10,45972478
ENSG00000198108.5,CHSY3,chr5,129904458
ENSG00000174574.18,AKIRIN1,chr1,38991253
ENSG00000119899.15,SLC17A5,chr6,73654105
ENSG00000248592.7,STIMATE-MUSTN1,chr3,52897561
ENSG00000144134.21,RABL2A,chr2,113627214
ENSG00000116670.19,MAD2L2,chr1,11692604
ENSG00000075884.16,ARHGAP15,chr2,143091361
ENSG00000107951.17,MTPAP,chr10,30374447
ENSG00000163521.18,GLB1L,chr2,219245477
ENSG00000164342.16,TLR3,chr4,186068910
ENSG00000133606.13,MKRN1,chr7,140479551
ENSG00000197713.17,RPE,chr2,210002564
ENSG00000006377.11,DLX6,chr7,97005552
ENSG00000152380.12,FAM151B,chr5,80487953
ENSG00000155158.22,TTC39B,chr9,15307359
ENSG00000197948.13,FCHSD1,chr5,141651429
ENSG00000233276.10,GPX1,chr3,49358604
ENSG00000136628.20,EPRS1,chr1,220046668
ENSG00000158850.17,B4GALT3,chr1,161178651
ENSG00000285943.1,SPICE1-CFAP44,chr3,113515150
ENSG00000086730.19,LAT2,chr7,74199651
ENSG00000142937.14,RPS8,chr1,44775250
ENSG00000013297.14,CLDN11,chr3,170418863
ENSG00000107290.16,SETX,chr9,132355116
ENSG00000128567.19,PODXL,chr7,131558216
ENSG00000163519.15,TRAT1,chr3,108822769
ENSG00000176055.11,MBLAC2,chr5,90474785
ENSG00000178537.12,SLC25A20,chr3,48898992
ENSG00000080822.19,CLDND1,chr3,98523065
ENSG00000114480.15,GBE1,chr3,81761839
ENSG00000106591.6,MRPL32,chr7,42932345
ENSG00000143751.12,SDE2,chr1,225999384
ENSG00000144566.13,RAB5A,chr3,19947067
ENSG00000163565.22,IFI16,chr1,158999937
ENSG00000082146.15,STRADB,chr2,201387857
ENSG00000133056.16,PIK3C2B,chr1,204494857
ENSG00000164100.11,NDST3,chr4,118033578
ENSG00000148356.17,LRSAM1,chr9,127451468
ENSG00000270800.4,RPS10-NUDT3,chr6,34426070
ENSG00000272647.3,ENSG00000272647,chr7,99558694
ENSG00000077327.18,SPAG6,chr10,22345444
ENSG00000167094.18,TTC16,chr9,127716073
ENSG00000274049.4,INO80B-WBP1,chr2,74455087
ENSG00000267368.3,UPK3BL1,chr7,102642979
ENSG00000043514.18,TRIT1,chr1,39883510
ENSG00000196670.15,ZFP62,chr5,180861284
ENSG00000162396.8,PARS2,chr1,54764548
ENSG00000163463.15,KRTCAP2,chr1,155173474
ENSG00000163605.16,PPP4R2,chr3,72996802
ENSG00000197375.16,SLC22A5,chr5,132369492
ENSG00000134697.15,GNL2,chr1,37595954
ENSG00000158234.15,FAIM,chr3,138608549
ENSG00000249715.13,FER1L5,chr2,96642736
ENSG00000134986.16,NREP,chr5,111997463
ENSG00000172172.10,MRPL13,chr8,120445406
ENSG00000105926.18,PALS2,chr7,24572935
ENSG00000171094.19,ALK,chr2,29921585
ENSG00000239305.9,RNF103,chr2,86623899
ENSG00000138813.11,C4orf17,chr4,99511011
ENSG00000036257.16,CUL3,chr2,224585524
ENSG00000115380.22,EFEMP1,chr2,55924270
ENSG00000169618.8,PROKR1,chr2,68643085
ENSG00000138669.13,PRKG2,chr4,81217969
ENSG00000164663.17,USP49,chr6,41895394
ENSG00000127922.12,SEM1,chr7,96709892
ENSG00000230054.4,TEX53,chr9,114662373
ENSG00000164330.20,EBF1,chr5,159100330
ENSG00000010704.21,HFE,chr6,26087225
ENSG00000157827.23,FMNL2,chr2,152335112
ENSG00000167701.16,GPT,chr8,144502607
ENSG00000109586.14,GALNT7,chr4,173168810
ENSG00000070601.11,FRMPD1,chr9,37650861
ENSG00000144369.16,FAM171B,chr2,186694009
ENSG00000158828.10,PINK1,chr1,20633435
ENSG00000170180.23,GYPA,chr4,144140750
ENSG00000288701.2,PRRC2B,chr9,131373635
ENSG00000106089.14,STX1A,chr7,73719705
ENSG00000114248.12,LRRC31,chr3,169869999
ENSG00000175414.9,ARL10,chr5,176365449
ENSG00000164638.13,SLC29A4,chr7,5274368
ENSG00000160075.14,SSU72,chr1,1574886
ENSG00000203972.10,GLYATL3,chr6,49499922
ENSG00000198833.9,UBE2J1,chr6,89353179
ENSG00000196455.10,PIK3R4,chr3,130746856
ENSG00000180347.16,ITPRID1,chr7,31514089
ENSG00000198315.13,ZKSCAN8,chr6,28141731
ENSG00000132436.15,FIGNL1,chr7,50450405
ENSG00000168916.18,ZNF608,chr5,124748823
ENSG00000253910.4,PCDHGB2,chr5,141359970
ENSG00000137077.11,CCL21,chr9,34710166
ENSG00000242515.7,UGT1A10,chr2,233636446
ENSG00000288698.1,ENSG00000288698,chr3,179604806
ENSG00000107771.19,CCSER2,chr10,84328541
ENSG00000035115.24,SH3YL1,chr2,266397
ENSG00000130193.10,THEM6,chr8,142727175
ENSG00000284895.1,ENSG00000284895,chr1,41628815
ENSG00000171497.7,PPID,chr4,158723417
ENSG00000184985.18,SORCS2,chr4,7192537
ENSG00000130720.15,FIBCD1,chr9,130941231
ENSG00000168389.20,MFSD2A,chr1,39955111
ENSG00000142892.17,PIGK,chr1,77219507
ENSG00000008324.14,SS18L2,chr3,42581839
ENSG00000096872.19,IFT74,chr9,26947038
ENSG00000113580.17,NR3C1,chr5,143435511
ENSG00000185955.6,SPACDR,chr7,100464276
ENSG00000243335.11,KCTD7,chr7,66628864
ENSG00000134255.18,CEPT1,chr1,111139417
ENSG00000240891.9,PLCXD2,chr3,111674654
ENSG00000171444.20,MCC,chr5,113488822
ENSG00000121211.10,MND1,chr4,153344619
ENSG00000021574.17,SPAST,chr2,32063524
ENSG00000147548.19,NSD3,chr8,38383020
ENSG00000164897.16,TMUB1,chr7,151083532
ENSG00000117748.12,RPA2,chr1,27914750
ENSG00000163378.15,EOGT,chr3,69013718
ENSG00000158528.14,PPP1R9A,chr7,94907201
ENSG00000144362.14,PHOSPHO2,chr2,169694434
ENSG00000213160.12,KLHL23,chr2,169694434
ENSG00000168026.21,TTC21A,chr3,39107193
ENSG00000146463.14,ZMYM4,chr1,35268663
ENSG00000183258.14,DDX41,chr5,177516978
ENSG00000228083.3,IFNA14,chr9,21240004
ENSG00000077152.14,UBE2T,chr1,202341983
ENSG00000127928.15,GNGT1,chr7,93591328
ENSG00000136247.17,ZDHHC4,chr7,6577404
ENSG00000197343.13,ZNF655,chr7,99558388
ENSG00000163092.23,XIRP2,chr2,166888479
ENSG00000153140.11,CETN3,chr5,90409792
ENSG00000115884.13,SDC1,chr2,20225511
ENSG00000010256.14,UQCRC1,chr3,48610975
ENSG00000121716.22,PILRB,chr7,100351626
ENSG00000117399.16,CDC20,chr1,43358906
ENSG00000106772.21,PRUNE2,chr9,76906590
ENSG00000115596.5,WNT6,chr2,218859794
ENSG00000066777.11,ARFGEF1,chr8,67343960
ENSG00000182899.19,RPL35A,chr3,197949956
ENSG00000173250.3,GPR151,chr5,146516189
ENSG00000181472.7,ZBTB2,chr6,151391699
ENSG00000205268.13,PDE7A,chr8,65842572
ENSG00000090686.18,USP48,chr1,21783617
ENSG00000153107.15,ANAPC1,chr2,111884689
ENSG00000159763.5,PIP,chr7,143132076
ENSG00000138468.18,SENP7,chr3,101513240
ENSG00000172399.8,MYOZ2,chr4,119128430
ENSG00000115844.12,DLX2,chr2,172102908
ENSG00000115112.10,TFCP2L1,chr2,121285262
ENSG00000112304.13,ACOT13,chr6,24666900
ENSG00000164406.10,LEAP2,chr5,132873443
ENSG00000196968.12,POFUT4,chr10,73772270
ENSG00000144815.20,NXPE3,chr3,101778899
ENSG00000282872.2,C1orf232,chr1,26168962
ENSG00000136888.10,ATP6V1G1,chr9,114587571
ENSG00000178585.17,CTNNBIP1,chr1,9910377
ENSG00000170289.13,CNGB3,chr8,86743674
ENSG00000117643.18,MAN1C1,chr1,25616787
ENSG00000176731.14,RBIS,chr8,85220792
ENSG00000138068.13,SULT6B1,chr2,37196597
ENSG00000143921.11,ABCG8,chr2,43831941
ENSG00000106128.20,GHRHR,chr7,30938668
ENSG00000175874.11,CREG2,chr2,101387696
ENSG00000170807.13,LMOD2,chr7,123655857
ENSG00000168884.17,TNIP2,chr4,2756405
ENSG00000272410.5,ENSG00000272410,chr3,10249371
ENSG00000114439.21,BBX,chr3,107522935
ENSG00000090020.13,SLC9A1,chr1,27166980
ENSG00000114745.17,GORASP1,chr3,39108368
ENSG00000104290.13,FZD3,chr8,28493990
ENSG00000179526.19,SHARPIN,chr8,144108123
ENSG00000132716.21,DCAF8,chr1,160263387
ENSG00000169288.20,MRPL1,chr4,77862138
ENSG00000181804.17,SLC9A9,chr3,143848484
ENSG00000133059.20,DSTYK,chr1,205211740
ENSG00000162599.20,NFIA,chr1,60865258
ENSG00000240857.4,RDH14,chr2,18560696
ENSG00000182585.11,EPGN,chr4,74308463
ENSG00000160055.21,TMEM234,chr1,32222360
ENSG00000172007.9,RAB33B,chr4,139453231
ENSG00000105887.13,MTPN,chr7,135977455
ENSG00000162604.15,TM2D1,chr1,61725422
ENSG00000112561.21,TFEB,chr6,41736258
ENSG00000204923.6,FBXO48,chr2,68467316
ENSG00000198060.12,MARCHF5,chr10,92291141
ENSG00000114735.12,HEMK1,chr3,50567894
ENSG00000159479.19,MED8,chr1,43389822
ENSG00000152620.15,NADK2,chr5,36242278
ENSG00000152377.16,SPOCK1,chr5,137598378
ENSG00000170185.14,USP38,chr4,143184916
ENSG00000084754.14,HADHA,chr2,26245043
ENSG00000163312.13,HELQ,chr4,83455899
ENSG00000145041.19,DCAF1,chr3,51500096
ENSG00000213949.11,ITGA1,chr5,52787620
ENSG00000152684.13,PELO,chr5,52787620
ENSG00000143207.23,COP1,chr1,176207522
ENSG00000107104.23,KANK1,chr9,470288
ENSG00000175066.17,GK5,chr3,142225619
ENSG00000121851.15,POLR3GL,chr1,145957025
ENSG00000162702.10,ZNF281,chr1,200410062
ENSG00000115616.5,SLC9A2,chr2,102619277
ENSG00000025039.17,RRAGD,chr6,89412734
ENSG00000176532.6,PRR15,chr7,29563774
ENSG00000157764.16,BRAF,chr7,140925198
ENSG00000042493.18,CAPG,chr2,85422016
ENSG00000150722.13,PPP1R1C,chr2,181954240
ENSG00000213533.15,STIMATE,chr3,52897620
ENSG00000136816.18,TOR1B,chr9,129803130
ENSG00000183775.12,KCTD16,chr5,144170843
ENSG00000163825.6,RTP3,chr3,46494610
ENSG00000163319.13,MRPS18C,chr4,83455929
ENSG00000145808.12,ADAMTS19,chr5,129459681
ENSG00000212916.6,MAP10,chr1,232805415
ENSG00000049883.17,PTCD2,chr5,72320317
ENSG00000162736.20,NCSTN,chr1,160343293
ENSG00000217236.3,SP9,chr2,174334947
ENSG00000006128.14,TAC1,chr7,97731906
ENSG00000124614.19,RPS10,chr6,34426236
ENSG00000144560.17,VGLL4,chr3,11771349
ENSG00000119411.13,BSPRY,chr9,113349514
ENSG00000165698.18,SPACA9,chr9,132878026
ENSG00000275163.1,ENSG00000275163,chr3,178419122
ENSG00000006652.16,IFRD1,chr7,112422886
ENSG00000187735.18,TCEA1,chr8,54022507
ENSG00000106013.16,ANKRD7,chr7,118214668
ENSG00000142733.20,MAP3K6,chr1,27366985
ENSG00000099246.21,RAB18,chr10,27504173
ENSG00000171735.22,CAMTA1,chr1,6785431
ENSG00000188050.3,RNF133,chr7,122699116
ENSG00000168530.18,MYL1,chr2,210315179
ENSG00000175471.20,MCTP1,chr5,95285093
ENSG00000197275.16,RAD54B,chr8,94475133
ENSG00000198758.13,EPS8L3,chr1,109764061
ENSG00000273155.1,ENSG00000273155,chr2,99154997
ENSG00000174125.11,TLR1,chr4,38856816
ENSG00000188818.14,ZDHHC11,chr5,858972
ENSG00000188958.12,UTS2B,chr3,191330571
ENSG00000176092.18,CRYBG2,chr1,26360079
ENSG00000174130.14,TLR6,chr4,38856900
ENSG00000083099.13,LYRM2,chr6,89638760
ENSG00000143514.20,TP53BP2,chr1,223846011
ENSG00000154479.14,CFAP210,chr2,169694425
ENSG00000147533.20,GOLGA7,chr8,41488199
ENSG00000132406.14,TMEM128,chr4,4248371
ENSG00000157240.5,FZD1,chr7,91264432
ENSG00000104299.17,INTS9,chr8,28890270
ENSG00000155754.17,CATSPERT,chr2,201619178
ENSG00000198042.13,MAK16,chr8,33484695
ENSG00000112739.19,PRP4K,chr6,4021198
ENSG00000169299.16,PGM2,chr4,37826659
ENSG00000112238.12,PRDM13,chr6,99606773
ENSG00000186881.3,OR13F1,chr9,104504262
ENSG00000164284.17,GRPEL2,chr5,149344994
ENSG00000119969.18,HELLS,chr10,94545328
ENSG00000117280.15,RAB29,chr1,205775488
ENSG00000114767.9,RRP9,chr3,51941945
ENSG00000084070.14,SMAP2,chr1,40344849
ENSG00000197008.11,ZNF138,chr7,64794373
ENSG00000164675.13,IQUB,chr7,123535076
ENSG00000158006.16,PAFAH2,chr1,25999205
ENSG00000163762.9,TM4SF18,chr3,149334413
ENSG00000155621.17,C9orf85,chr9,71911447
ENSG00000121807.8,CCR2,chr3,46353863
ENSG00000145040.4,UCN2,chr3,48563780
ENSG00000135334.11,AKIRIN2,chr6,87702274
ENSG00000173641.20,HSPB7,chr1,16020596
ENSG00000059769.22,DNAJC25,chr9,111631316
ENSG00000198937.11,CCDC167,chr6,37499928
ENSG00000078618.25,NRDC,chr1,51878810
ENSG00000198839.12,ZNF277,chr7,112206618
ENSG00000164185.9,ZNF474,chr5,122129539
ENSG00000163832.18,ELP6,chr3,47513737
ENSG00000162543.8,UBXN10,chr1,20183292
ENSG00000138180.18,CEP55,chr10,93496576
ENSG00000197576.16,HOXA4,chr7,27130779
ENSG00000163631.21,ALB,chr4,73397113
ENSG00000203872.7,C6orf163,chr6,87344812
ENSG00000253873.7,PCDHGA11,chr5,141421020
ENSG00000197043.17,ANXA6,chr5,151157978
ENSG00000134077.18,THUMPD3,chr3,9362966
ENSG00000164466.15,SFXN1,chr5,175477061
ENSG00000186603.7,HPDL,chr1,45326894
ENSG00000065615.16,CYB5R4,chr6,83859640
ENSG00000013810.23,TACC3,chr4,1712857
ENSG00000115841.23,RMDN2,chr2,37923186
ENSG00000244115.1,DNAJC25-GNG10,chr9,111631385
ENSG00000187616.6,MYMK,chr9,133528611
ENSG00000137338.8,PGBD1,chr6,28281487
ENSG00000112576.14,CCND3,chr6,42050356
ENSG00000172661.22,WASHC2C,chr10,45727192
ENSG00000196220.18,SRGAP3,chr3,9363052
ENSG00000030110.16,BAK1,chr6,33580304
ENSG00000047249.20,ATP6V1H,chr8,53843557
ENSG00000144218.22,AFF3,chr2,100192468
ENSG00000197323.14,TRIM33,chr1,114511243
ENSG00000147905.20,ZCCHC7,chr9,37118630
ENSG00000115274.16,INO80B,chr2,74455077
ENSG00000138085.20,ATRAID,chr2,27212011
ENSG00000158764.9,ITLN2,chr1,160954888
ENSG00000163950.15,SLBP,chr4,1712343
ENSG00000165699.18,TSC1,chr9,132946873
ENSG00000169605.8,GKN1,chr2,68974572
ENSG00000157657.17,ZNF618,chr9,113876051
ENSG00000198189.13,HSD17B11,chr4,87391222
ENSG00000134744.16,TUT4,chr1,52553503
ENSG00000155975.12,VPS37A,chr8,17246895
ENSG00000155827.14,RNF20,chr9,101533820
ENSG00000196372.15,ASB13,chr10,5666626
ENSG00000146409.14,SLC18B1,chr6,132813338
ENSG00000135914.8,HTR2B,chr2,231125102
ENSG00000162413.18,KLHL21,chr1,6614606
ENSG00000163635.22,ATXN7,chr3,63863154
ENSG00000145817.19,YIPF5,chr5,144170713
ENSG00000132122.14,SPATA6,chr1,48472278
ENSG00000143862.10,ARL8A,chr1,202144754
ENSG00000134371.17,CDC73,chr1,193115731
ENSG00000273983.2,H3C8,chr6,26271412
ENSG00000198074.12,AKR1B10,chr7,134527474
ENSG00000143418.22,CERS2,chr1,150977395
ENSG00000155508.16,CNOT8,chr5,154857528
ENSG00000169641.16,LUZP1,chr1,23178151
ENSG00000121957.17,GPSM2,chr1,108875349
ENSG00000219545.14,UMAD1,chr7,7640660
ENSG00000182447.4,OTOL1,chr3,161496807
ENSG00000152700.16,SAR1B,chr5,134649270
ENSG00000164081.15,TEX264,chr3,51662692
ENSG00000163659.15,TIPARP,chr3,156673234
ENSG00000145216.19,FIP1L1,chr4,53377561
ENSG00000136521.15,NDUFB5,chr3,179604689
ENSG00000113732.11,ATP6V0E1,chr5,172983754
ENSG00000091073.22,DTX2,chr7,76461655
ENSG00000172197.13,MBOAT1,chr6,20212779
ENSG00000254126.9,CD8B2,chr2,106487349
ENSG00000114013.17,CD86,chr3,122055355
ENSG00000009950.18,MLXIPL,chr7,73624574
ENSG00000081052.15,COL4A4,chr2,227164558
ENSG00000284465.1,TAF11L7,chr5,17585757
ENSG00000146013.14,GFRA3,chr5,138274620
ENSG00000173402.15,DAG1,chr3,49468648
ENSG00000104671.10,DCTN6,chr8,30156318
ENSG00000136856.20,SLC2A8,chr9,127397130
ENSG00000169214.5,OR6F1,chr1,247716645
ENSG00000163393.15,SLC22A15,chr1,115976309
ENSG00000197265.11,GTF2E2,chr8,30660845
ENSG00000081019.16,RSBN1,chr1,113812550
ENSG00000117010.19,ZNF684,chr1,40531556
ENSG00000143869.8,GDF7,chr2,20667133
ENSG00000128609.18,NDUFA5,chr7,123557903
ENSG00000071127.20,WDR1,chr4,10116987
ENSG00000203730.3,TEDDM1,chr1,182400666
ENSG00000205186.4,FABP9,chr8,81461578
ENSG00000032389.15,EIPR1,chr2,3377878
ENSG00000254221.4,PCDHGB1,chr5,141350082
ENSG00000196743.11,GM2A,chr5,151212149
ENSG00000158411.12,MITD1,chr2,99181351
ENSG00000136522.16,MRPL47,chr3,179604662
ENSG00000177453.9,NIM1K,chr5,43192070
ENSG00000059728.13,MXD1,chr2,69897687
ENSG00000143319.20,ISG20L2,chr1,156728835
ENSG00000143507.20,DUSP10,chr1,221743168
ENSG00000137207.14,YIPF3,chr6,43516984
ENSG00000105784.18,RUNDC3B,chr7,87627547
ENSG00000164294.16,GPX8,chr5,55160000
ENSG00000137947.14,GTF2B,chr1,88891943
ENSG00000138326.23,RPS24,chr10,78033722
ENSG00000008196.14,TFAP2B,chr6,50818701
ENSG00000171161.15,ZNF672,chr1,248838209
ENSG00000165983.17,PTER,chr10,16436939
ENSG00000155760.3,FZD7,chr2,202033854
ENSG00000160838.16,LRRC71,chr1,156920630
ENSG00000164323.17,CFAP97,chr4,185210814
ENSG00000073756.13,PTGS2,chr1,186680921
ENSG00000163701.21,IL17RE,chr3,9902611
ENSG00000057608.20,GDI2,chr10,5842131
ENSG00000109667.14,SLC2A9,chr4,10054935
ENSG00000142910.18,TINAGL1,chr1,31576356
ENSG00000177674.18,AGTRAP,chr1,11736069
ENSG00000115648.16,MLPH,chr2,237485427
ENSG00000172260.15,NEGR1,chr1,72282538
ENSG00000127838.17,PNKD,chr2,218269650
ENSG00000272896.1,ENSG00000272896,chr9,136791378
ENSG00000116337.22,AMPD2,chr1,109616103
ENSG00000184719.14,RNLS,chr10,88584529
ENSG00000184731.7,FAM110C,chr2,47083
ENSG00000254999.6,BRK1,chr3,10115589
ENSG00000128512.25,DOCK4,chr7,112206406
ENSG00000205808.7,PLPP6,chr9,4662293
ENSG00000189266.15,PNRC2,chr1,23956838
ENSG00000162825.19,NBPF20,chr1,145425623
ENSG00000255587.10,RAB44,chr6,36697825
ENSG00000136811.18,ODF2,chr9,128455180
ENSG00000143106.15,PSMA5,chr1,109426470
ENSG00000114120.16,SLC25A36,chr3,140941796
ENSG00000105993.17,DNAJB6,chr7,157335380
ENSG00000131023.15,LATS1,chr6,149718260
ENSG00000115828.19,QPCT,chr2,37342826
ENSG00000111850.13,SMIM8,chr6,87322558
ENSG00000153790.13,SPMIP4,chr7,25180384
ENSG00000205359.11,SLCO6A1,chr5,102499015
ENSG00000164941.16,INTS8,chr8,94813310
ENSG00000158525.16,CPA5,chr7,130344815
ENSG00000063438.22,AHRR,chr5,320681
ENSG00000120215.11,MLANA,chr9,5890872
ENSG00000185414.22,MRPL30,chr2,99181110
ENSG00000173852.18,DPY19L1,chr7,35038270
ENSG00000174776.14,WDR49,chr3,167653982
ENSG00000146005.6,PSD2,chr5,139795605
ENSG00000177954.16,RPS27,chr1,153990748
ENSG00000052749.16,RRP12,chr10,97426075
ENSG00000056586.18,RC3H2,chr9,122905512
ENSG00000106399.13,RPA3,chr7,7718606
ENSG00000143224.20,PPOX,chr1,161165836
ENSG00000214842.7,RAD51AP2,chr2,17518439
ENSG00000163002.15,NUP35,chr2,183117512
ENSG00000113070.10,HBEGF,chr5,140346613
ENSG00000254245.4,PCDHGA3,chr5,141343818
ENSG00000120913.26,PDLIM2,chr8,22578057
ENSG00000007341.21,ST7L,chr1,112620824
ENSG00000183281.17,PLGLB1,chr2,87021876
ENSG00000008853.20,RHOBTB2,chr8,22987221
ENSG00000115993.15,TRAK2,chr2,201453448
ENSG00000173846.16,PLK3,chr1,44799914
ENSG00000146425.13,DYNLT1,chr6,158644770
ENSG00000284695.1,ENSG00000284695,chr4,69847785
ENSG00000147421.20,HMBOX1,chr8,28890291
ENSG00000196937.14,FAM3C,chr7,121398470
ENSG00000173083.18,HPSE,chr4,83335152
ENSG00000198087.9,CD2AP,chr6,47477731
ENSG00000185621.13,LMLN,chr3,197960199
ENSG00000163527.13,STT3B,chr3,31532189
ENSG00000203943.10,SAMD13,chr1,84298365
ENSG00000035687.11,ADSS2,chr1,244452101
ENSG00000136908.20,DPM2,chr9,127937878
ENSG00000162639.18,HENMT1,chr1,108661525
ENSG00000162496.12,DHRS3,chr1,12620182
ENSG00000184611.15,KCNH7,chr2,162838790
ENSG00000107242.22,PIP5K1B,chr9,68705184
ENSG00000112053.15,SLC26A8,chr6,36028766
ENSG00000142920.20,AZIN2,chr1,33081103
ENSG00000163902.14,RPN1,chr3,128681074
ENSG00000186453.15,FAM228A,chr2,24175050
ENSG00000107164.19,FUBP3,chr9,130578964
ENSG00000115423.20,DNAH6,chr2,84516454
ENSG00000163577.10,EIF5A2,chr3,170908643
ENSG00000168280.19,KIF5C,chr2,148875226
ENSG00000168243.13,GNG4,chr1,235651095
ENSG00000237330.3,RNF223,chr1,1074305
ENSG00000164144.18,ARFIP1,chr4,152779095
ENSG00000162522.13,NHSL3,chr1,32741695
ENSG00000188931.6,CFAP126,chr1,161367884
ENSG00000145242.16,EPHA5,chr4,65670527
ENSG00000127423.12,AUNIP,chr1,25859462
ENSG00000145428.17,RNF175,chr4,153760250
ENSG00000280537.2,ENSG00000280537,chr2,219170826
ENSG00000164951.17,PDP1,chr8,93857787
ENSG00000184897.7,H1-10,chr3,129316285
ENSG00000155097.14,ATP6V1C1,chr8,103021049
ENSG00000198729.7,PPP1R14C,chr6,150142992
ENSG00000270099.1,ENSG00000270099,chr10,95860547
ENSG00000106948.19,AKNA,chr9,114394404
ENSG00000134247.12,PTGFRN,chr1,116909869
ENSG00000095951.20,HIVEP1,chr6,12008761
ENSG00000204946.11,ZNF783,chr7,149262021
ENSG00000072364.15,AFF4,chr5,132963930
ENSG00000198523.8,PLN,chr6,118506291
ENSG00000115956.11,PLEK,chr2,68365074
ENSG00000185900.13,POMK,chr8,43093497
ENSG00000124535.18,WRNIP1,chr6,2765322
ENSG00000288674.1,ENSG00000288674,chr1,226870183
ENSG00000143801.20,PSEN2,chr1,226870183
ENSG00000165996.16,HACD1,chr10,17617565
ENSG00000116128.13,BCL9,chr1,147541336
ENSG00000156521.16,TYSND1,chr10,70146719
ENSG00000174944.11,P2RY14,chr3,151278810
ENSG00000152457.21,DCLRE1C,chr10,14954431
ENSG00000174173.8,TRMT10C,chr3,101561833
ENSG00000115361.10,ACADL,chr2,210225446
ENSG00000085998.17,POMGNT1,chr1,46220304
ENSG00000114473.16,DRC9,chr3,197960141
ENSG00000132185.20,FCRLA,chr1,161706957
ENSG00000036549.15,ZZZ3,chr1,77683549
ENSG00000168268.13,NT5DC2,chr3,52535092
ENSG00000114850.9,SSR3,chr3,156559473
ENSG00000066135.15,KDM4A,chr1,43649255
ENSG00000142973.18,CYP4B1,chr1,46757837
ENSG00000112039.8,FANCE,chr6,35452314
ENSG00000143324.16,XPR1,chr1,180632005
ENSG00000008128.25,CDK11A,chr1,1724570
ENSG00000214237.11,MINDY4B,chr3,150905438
ENSG00000143442.25,POGZ,chr1,151459510
ENSG00000182827.11,ACBD3,chr1,226186762
ENSG00000142684.10,ZNF593,chr1,26169891
ENSG00000116729.16,WLS,chr1,68233119
ENSG00000071051.16,NCK2,chr2,105744368
ENSG00000111886.11,GABRR2,chr6,89315298
ENSG00000135940.9,COX5B,chr2,97646033
ENSG00000155849.18,ELMO1,chr7,37449434
ENSG00000154438.8,ASZ1,chr7,117428122
ENSG00000146674.18,IGFBP3,chr7,45921873
ENSG00000010322.18,NISCH,chr3,52455117
ENSG00000203734.14,ECT2L,chr6,138795910
ENSG00000187566.6,NHLRC1,chr6,18122676
ENSG00000197093.13,GAL3ST4,chr7,100168952
ENSG00000154429.12,CCSAP,chr1,229343293
ENSG00000145362.23,ANK2,chr4,112818031
ENSG00000151014.8,NOCT,chr4,139015413
ENSG00000132561.16,MATN2,chr8,97868839
ENSG00000143951.18,WDPCP,chr2,63827842
ENSG00000146416.20,AIG1,chr6,143060457
ENSG00000124882.5,EREG,chr4,74365136
ENSG00000123485.13,HJURP,chr2,233854671
ENSG00000174705.15,SH3PXD2B,chr5,172454535
ENSG00000198837.12,DENND4B,chr1,153946748
ENSG00000122711.10,SPINK4,chr9,33218364
ENSG00000282301.4,CYP3A7-CYP3A51P,chr7,99735101
ENSG00000121486.14,TRMT1L,chr1,185157071
ENSG00000186283.16,TOR3A,chr1,179081853
ENSG00000115368.12,WDR75,chr2,189441428
ENSG00000106683.17,LIMK1,chr7,74082932
ENSG00000241852.13,C8orf58,chr8,22599587
ENSG00000125633.13,CCDC93,chr2,118014191
ENSG00000117602.15,RCAN3,chr1,24502319
ENSG00000205981.11,DNAJC19,chr3,180989842
ENSG00000163389.14,POGLUT1,chr3,119468790
ENSG00000106484.17,MEST,chr7,130486170
ENSG00000188938.18,FAM120AOS,chr9,93453599
ENSG00000128513.18,POT1,chr7,124929982
ENSG00000130338.14,TULP4,chr6,158232235
ENSG00000172016.17,REG3A,chr2,79159756
ENSG00000163377.18,TAFA4,chr3,68953296
ENSG00000265241.10,RBM8A,chr1,145928066
ENSG00000146376.13,ARHGAP18,chr6,129710251
ENSG00000162384.16,CZIB,chr1,53220656
ENSG00000171612.9,SLC25A33,chr1,9539436
ENSG00000128652.14,HOXD3,chr2,176136077
ENSG00000244187.10,TMEM141,chr9,136791302
ENSG00000143469.22,SYT14,chr1,209900922
ENSG00000186150.5,UBL4B,chr1,110112442
ENSG00000168079.19,SCARA5,chr8,27992839
ENSG00000168490.16,PHYHIP,chr8,22232375
ENSG00000177212.4,OR2T33,chr1,248277975
ENSG00000138160.9,KIF11,chr10,92574104
ENSG00000151576.12,QTRT2,chr3,114005832
ENSG00000176142.15,TMEM39A,chr3,119468853
ENSG00000116117.21,PARD3B,chr2,204545161
ENSG00000168263.9,KCNV2,chr9,2717509
ENSG00000204859.15,ZBTB48,chr1,6579993
ENSG00000071243.18,ING3,chr7,120950717
ENSG00000099290.19,WASHC2A,chr10,50067880
ENSG00000131203.14,IDO1,chr8,39902274
ENSG00000196449.6,YRDC,chr1,37808215
ENSG00000160870.16,CYP3A7,chr7,99735195
ENSG00000136834.3,OR1J1,chr9,122477925
ENSG00000153832.14,FBXO36,chr2,229922301
ENSG00000112984.14,KIF20A,chr5,138178714
ENSG00000172671.22,ZFAND4,chr10,45673046
ENSG00000143443.11,C1orf56,chr1,151047745
ENSG00000145730.23,PAM,chr5,102753980
ENSG00000153802.12,TMPRSS11D,chr4,67884001
ENSG00000168118.14,RAB4A,chr1,229271061
ENSG00000143436.12,MRPL9,chr1,151763521
ENSG00000136940.16,PDCL,chr9,122828643
ENSG00000158711.16,ELK4,chr1,205634519
ENSG00000135537.19,AFG1L,chr6,108294891
ENSG00000116183.12,PAPPA2,chr1,176463170
ENSG00000066027.14,PPP2R5A,chr1,212285227
ENSG00000164761.11,TNFRSF11B,chr8,118952250
ENSG00000119912.20,IDE,chr10,92574095
ENSG00000162961.16,DPY30,chr2,32039831
ENSG00000131459.15,GFPT2,chr5,180353358
ENSG00000160051.14,IQCC,chr1,32205637
ENSG00000163444.14,TMEM183A,chr1,203006597
ENSG00000152779.16,SLC16A12,chr10,89556700
ENSG00000164163.13,ABCE1,chr4,145098247
ENSG00000148180.24,GSN,chr9,121201323
ENSG00000198680.6,TUSC1,chr9,25678443
ENSG00000169020.12,ATP5ME,chr4,674399
ENSG00000014641.23,MDH1,chr2,63588556
ENSG00000136237.21,RAPGEF5,chr7,22357169
ENSG00000107758.18,PPP3CB,chr10,73496033
ENSG00000128524.6,ATP6V1F,chr7,128862815
ENSG00000124019.12,FAM124B,chr2,224402112
ENSG00000187605.18,TET3,chr2,73984909
ENSG00000184203.10,PPP1R2,chr3,195543385
ENSG00000113742.15,CPEB4,chr5,173888312
ENSG00000144488.16,ESPNL,chr2,238100339
ENSG00000143995.22,MEIS1,chr2,66433451
ENSG00000187140.6,FOXD3,chr1,63322566
ENSG00000172594.15,SMPDL3A,chr6,122788455
ENSG00000066279.21,ASPM,chr1,197146698
ENSG00000198925.14,ATG9A,chr2,219230382
ENSG00000034510.8,TMSB10,chr2,84904922
ENSG00000106436.8,MYL10,chr7,101629295
ENSG00000128606.14,LRRC17,chr7,102912940
ENSG00000113790.13,EHHADH,chr3,185281989
ENSG00000197147.17,LRRC8B,chr1,89524159
ENSG00000104549.14,SQLE,chr8,124998466
ENSG00000137145.23,DENND4C,chr9,19230434
ENSG00000116151.16,MORN1,chr1,2391721
ENSG00000091732.20,ZC3HC1,chr7,130051400
ENSG00000178163.10,ZNF518B,chr4,10461380
ENSG00000269964.4,MEI4,chr6,77650273
ENSG00000134242.18,PTPN22,chr1,113871752
ENSG00000242110.11,AMACR,chr5,34010218
ENSG00000198198.18,SZT2,chr1,43389881
ENSG00000170745.14,KCNS3,chr2,17877846
ENSG00000112378.13,PERP,chr6,138107847
ENSG00000115421.15,PAPOLG,chr2,60756231
ENSG00000174840.11,PDE12,chr3,57556248
ENSG00000215187.14,CIMIP2B,chr9,35563913
ENSG00000135245.12,HILPDA,chr7,128455824
ENSG00000170615.17,SLC26A5,chr7,103446211
ENSG00000106479.12,ZNF862,chr7,149838374
ENSG00000116489.15,CAPZA1,chr1,112619172
ENSG00000164458.12,TBXT,chr6,166168814
ENSG00000178700.11,DHFR2,chr3,94063388
ENSG00000147613.8,PSKH2,chr8,86088620
ENSG00000137413.18,TAF8,chr6,42050512
ENSG00000136868.13,SLC31A1,chr9,113221190
ENSG00000170899.13,GSTA4,chr6,52995358
ENSG00000106799.17,TGFBR1,chr9,99104037
ENSG00000064651.16,SLC12A2,chr5,128083164
ENSG00000135951.18,TSGA10,chr2,99154963
ENSG00000138795.12,LEF1,chr4,108169197
ENSG00000162576.19,MXRA8,chr1,1361799
ENSG00000153914.18,SREK1,chr5,66139970
ENSG00000179041.4,RRS1,chr8,66429013
ENSG00000168438.17,CDC40,chr6,110180140
ENSG00000203733.6,GJE1,chr6,142132924
ENSG00000169621.13,APLF,chr2,68467560
ENSG00000104517.15,UBR5,chr8,102412882
ENSG00000052802.15,MSMO1,chr4,165327659
ENSG00000119729.14,RHOQ,chr2,46541805
ENSG00000248710.1,TRIM59-IFT80,chr3,160449828
ENSG00000111859.19,NEDD9,chr6,11382347
ENSG00000244122.4,UGT1A7,chr2,233681884
ENSG00000097046.15,CDC7,chr1,91500534
ENSG00000273542.3,H4C12,chr6,27831559
ENSG00000177879.19,AP3S1,chr5,115841421
ENSG00000150347.18,ARID5B,chr10,61901245
ENSG00000197403.5,OR6N1,chr1,158772194
ENSG00000151632.20,AKR1C2,chr10,5018030
ENSG00000174721.11,FGFBP3,chr10,91909505
ENSG00000175445.19,LPL,chr8,19901716
ENSG00000162377.8,COA7,chr1,52698368
ENSG00000168958.23,MFF,chr2,227325150
ENSG00000198075.12,SULT1C4,chr2,108377910
ENSG00000162461.10,SLC25A34,chr1,15736175
ENSG00000171314.11,PGAM1,chr10,97426104
ENSG00000104231.13,ZFAND1,chr8,81732902
ENSG00000276418.5,ENSG00000276418,chr8,80080774
ENSG00000080298.18,RFX3,chr9,3526918
ENSG00000213047.15,DENND1B,chr1,197775705
ENSG00000185758.9,CLDN24,chr4,183322425
ENSG00000114796.18,KLHL24,chr3,183635601
ENSG00000121446.20,RGSL1,chr1,182409191
ENSG00000074706.16,IPCEF1,chr6,154356831
ENSG00000205795.6,CYS1,chr2,10080943
ENSG00000198142.5,SOWAHC,chr2,109614363
ENSG00000174038.13,SPATA31G1,chr9,35041094
ENSG00000187583.13,PLEKHN1,chr1,966436
ENSG00000168333.16,PPDPFL,chr8,49054310
ENSG00000012660.16,ELOVL5,chr6,53349178
ENSG00000124787.16,RPP40,chr6,5004062
ENSG00000205307.13,SAP25,chr7,100573915
ENSG00000172023.10,REG1B,chr2,79088018
ENSG00000136935.16,GOLGA1,chr9,124948491
ENSG00000186480.15,INSIG1,chr7,155296730
ENSG00000115607.12,IL18RAP,chr2,102418569
ENSG00000170485.19,NPAS2,chr2,100820090
ENSG00000107362.16,ABHD17B,chr9,71911239
ENSG00000156875.16,SLC71A1,chr1,100038075
ENSG00000177888.10,ZBTB41,chr1,197201448
ENSG00000111802.16,TDP2,chr6,24667051
ENSG00000135775.16,COG2,chr1,230642439
ENSG00000107745.22,MICU1,chr10,72626133
ENSG00000075945.14,KIFAP3,chr1,170085207
ENSG00000172985.12,SH3RF3,chr2,109128227
ENSG00000182795.15,C1orf116,chr1,207032820
ENSG00000170577.10,SIX2,chr2,45009519
ENSG00000135248.17,GARIN1B,chr7,128709060
ENSG00000163535.20,SGO2,chr2,200510007
ENSG00000174876.19,AMY1B,chr1,103701063
ENSG00000162951.13,LRRTM1,chr2,80304756
ENSG00000255872.3,ENSG00000255872,chr9,38068686
ENSG00000170522.12,ELOVL6,chr4,110199204
ENSG00000131368.11,MRPS25,chr3,15065338
ENSG00000119314.19,PTBP3,chr9,112333694
ENSG00000131686.15,CA6,chr1,8945866
ENSG00000116668.15,SWT1,chr1,185156102
ENSG00000167130.20,DOLPP1,chr9,129081096
ENSG00000162594.18,IL23R,chr1,67138906
ENSG00000186130.7,ZBTB6,chr9,122913332
ENSG00000118197.16,DDX59,chr1,200670048
ENSG00000146592.18,CREB5,chr7,28299320
ENSG00000143786.10,CNIH3,chr1,224434659
ENSG00000176623.14,RMDN1,chr8,86514356
ENSG00000115525.20,ST3GAL5,chr2,85905198
ENSG00000148053.20,NTRK2,chr9,84668374
ENSG00000014123.12,UFL1,chr6,96521594
ENSG00000198130.18,HIBCH,chr2,190344192
ENSG00000204909.8,SPINK9,chr5,148321202
ENSG00000008513.19,ST3GAL1,chr8,133572517
ENSG00000144036.18,EXOC6B,chr2,72826054
ENSG00000283228.1,ENSG00000283228,chr2,151973948
ENSG00000170214.6,ADRA1B,chr5,159865079
ENSG00000124613.11,ZNF391,chr6,27374614
ENSG00000170312.19,CDK1,chr10,60778311
ENSG00000136986.12,DERL1,chr8,123042405
ENSG00000169507.11,SLC38A11,chr2,164955631
ENSG00000269713.11,NBPF9,chr1,149103590
ENSG00000166348.22,USP54,chr10,73626116
ENSG00000157014.12,TATDN2,chr3,10248022
ENSG00000125703.17,ATG4C,chr1,62783820
ENSG00000125485.20,DDX31,chr9,132670400
ENSG00000177868.14,SVBP,chr1,42824809
ENSG00000114854.9,TNNC1,chr3,52454070
ENSG00000122482.24,ZNF644,chr1,91022375
ENSG00000272573.8,MUSTN1,chr3,52835221
ENSG00000241635.9,UGT1A1,chr2,233760261
ENSG00000116857.19,TMEM9,chr1,201172329
ENSG00000288654.2,ENSG00000288654,chr3,88059046
ENSG00000163513.22,TGFBR2,chr3,30606477
ENSG00000131389.20,SLC6A6,chr3,14402563
ENSG00000184220.13,CMSS1,chr3,99817822
ENSG00000011566.17,MAP4K3,chr2,39437353
ENSG00000158169.16,FANCC,chr9,95426795
ENSG00000204740.12,MALRD1,chr10,19048798
ENSG00000113615.15,SEC24A,chr5,134648586
ENSG00000117707.19,PROX1,chr1,213982710
ENSG00000213186.10,TRIM59,chr3,160485772
ENSG00000197181.14,PIWIL2,chr8,22275309
ENSG00000085719.15,CPNE3,chr8,86514420
ENSG00000283683.3,MYOCOS,chr1,171600620
ENSG00000153006.18,SREK1IP1,chr5,64768701
ENSG00000182759.4,MAFA,chr8,143430731
ENSG00000229972.11,IQCF3,chr3,51826882
ENSG00000289490.1,ENSG00000289490,chr2,202377111
ENSG00000124702.21,KLHDC3,chr6,43014102
ENSG00000160087.23,UBE2J2,chr1,1274476
ENSG00000204022.10,LIPJ,chr10,88586752
ENSG00000104760.19,FGL1,chr8,17910382
ENSG00000023892.14,DEF6,chr6,35297817
ENSG00000127989.16,MTERF1,chr7,91880731
ENSG00000293543.2,DUSP13A,chr10,75109250
ENSG00000112759.21,SLC29A1,chr6,44219244
ENSG00000143633.15,FSAF1,chr1,231241186
ENSG00000056558.13,TRAF1,chr9,120931874
ENSG00000144182.19,LIPT1,chr2,99154954
ENSG00000164332.10,UBLCP1,chr5,159263071
ENSG00000117000.10,RLF,chr1,40161356
ENSG00000189362.14,NEMP2,chr2,190534786
ENSG00000057935.16,MTA3,chr2,42494568
ENSG00000285713.1,ENSG00000285713,chr4,145098173
ENSG00000118762.10,PKD2,chr4,88007585
ENSG00000048392.15,RRM2B,chr8,102239381
ENSG00000153395.13,LPCAT1,chr5,1524281
ENSG00000068001.16,HYAL2,chr3,50324686
ENSG00000146955.13,RAB19,chr7,140404042
ENSG00000035720.10,STAP1,chr4,67558481
ENSG00000014257.18,ACP3,chr3,132317363
ENSG00000135069.16,PSAT1,chr9,78297093
ENSG00000144034.18,TPRKB,chr2,73737420
ENSG00000171180.3,OR2M4,chr1,248231416
ENSG00000164649.22,CDCA7L,chr7,21946218
ENSG00000087085.18,ACHE,chr7,100897021
ENSG00000007908.16,SELE,chr1,169764704
ENSG00000130717.15,UCK1,chr9,131531288
ENSG00000162909.20,CAPN2,chr1,223701560
ENSG00000117479.17,SLC19A2,chr1,169485987
ENSG00000169194.10,IL13,chr5,132656262
ENSG00000143393.19,PI4KB,chr1,151328393
ENSG00000027847.16,B4GALT7,chr5,177600080
ENSG00000196900.5,SPMIP10,chr5,126631704
ENSG00000131236.20,CAP1,chr1,40039734
ENSG00000183733.6,FIGLA,chr2,70790642
ENSG00000118873.19,RAB3GAP2,chr1,220272528
ENSG00000106688.14,SLC1A1,chr9,4490206
ENSG00000150556.19,LYPD6B,chr2,149037974
ENSG00000116906.15,GNPAT,chr1,231241183
ENSG00000172765.21,TMCC1,chr3,129893777
ENSG00000106992.21,AK1,chr9,127878557
ENSG00000107625.16,DDX50,chr10,68901198
ENSG00000150961.17,SEC24D,chr4,118838682
ENSG00000170323.11,FABP4,chr8,81483242
ENSG00000185745.11,IFIT1,chr10,89392545
ENSG00000188725.10,SMIM15,chr5,61163141
ENSG00000293542.1,DUSP13B,chr10,75109205
ENSG00000162512.18,SDC3,chr1,30908812
ENSG00000070950.12,RAD18,chr3,8963772
ENSG00000161202.22,DVL3,chr3,184155158
ENSG00000136867.12,SLC31A2,chr9,113150950
ENSG00000158428.7,CATIP,chr2,218356837
ENSG00000123983.17,ACSL3,chr2,222860941
ENSG00000162591.19,MEGF6,chr1,3611542
ENSG00000169282.20,KCNAB1,chr3,156037700
ENSG00000144681.13,STAC,chr3,36380320
ENSG00000136881.14,BAAT,chr9,101385399
ENSG00000181104.8,F2R,chr5,76715819
ENSG00000132031.15,MATN3,chr2,20012823
ENSG00000113721.16,PDGFRB,chr5,150186362
ENSG00000081320.14,STK17B,chr2,196176502
ENSG00000268223.8,ARL14EPL,chr5,116032245
ENSG00000164080.16,RAD54L2,chr3,51538665
ENSG00000179698.14,WDR97,chr8,144107725
ENSG00000269113.6,TRABD2B,chr1,47997390
ENSG00000153936.19,HS2ST1,chr1,86914616
ENSG00000125571.12,IL37,chr2,112911159
ENSG00000106541.14,AGR2,chr7,16833432
ENSG00000143337.20,TOR1AIP1,chr1,179882041
ENSG00000154370.18,TRIM11,chr1,228406840
ENSG00000164746.16,C7orf57,chr7,48035500
ENSG00000163462.20,TRIM46,chr1,155173786
ENSG00000136813.17,ECPAS,chr9,111484744
ENSG00000132432.16,SEC61G,chr7,54759973
ENSG00000143374.20,TARS2,chr1,150487324
ENSG00000163464.9,CXCR1,chr2,218166968
ENSG00000158497.7,HMHB1,chr5,143812146
ENSG00000289763.1,ENSG00000289763,chr3,10249041
ENSG00000188994.16,ZNF292,chr6,87151802
ENSG00000156467.12,UQCRB,chr8,96235620
ENSG00000172020.15,GAP43,chr3,115623291
ENSG00000114098.20,ARMC8,chr3,138187247
ENSG00000173210.22,ABLIM3,chr5,149141361
ENSG00000128656.17,CHN1,chr2,175005404
ENSG00000145391.17,SETD7,chr4,139606698
ENSG00000041880.17,PARP3,chr3,51942251
ENSG00000104371.6,DKK4,chr8,42384829
ENSG00000128534.10,LSM8,chr7,118183975
ENSG00000165733.10,BMS1,chr10,42782635
ENSG00000106609.18,TMEM248,chr7,66921159
ENSG00000168828.6,OR13J1,chr9,35870400
ENSG00000205238.12,SPDYE2,chr7,102551225
ENSG00000166220.15,TBATA,chr10,70785400
ENSG00000247596.12,TWF2,chr3,52246787
ENSG00000114019.17,AMOTL2,chr3,134375478
ENSG00000065491.10,TBC1D22B,chr6,37257712
ENSG00000158122.14,PRXL2C,chr9,96655336
ENSG00000234284.9,ZNF879,chr5,179023796
ENSG00000137285.12,TUBB2B,chr6,3231729
ENSG00000168385.20,SEPTIN2,chr2,241314922
ENSG00000184434.10,LRRC19,chr9,27005708
ENSG00000183960.11,KCNH8,chr3,19148101
ENSG00000163793.14,DNAJC5G,chr2,27275429
ENSG00000143742.16,SRP9,chr1,225777698
ENSG00000137944.19,KYAT3,chr1,88993001
ENSG00000213516.11,RBMXL1,chr1,88993001
ENSG00000138653.11,NDST4,chr4,115113889
ENSG00000125637.18,PSD4,chr2,113157324
ENSG00000144713.15,RPL32,chr3,12841586
ENSG00000138385.18,SSB,chr2,169791932
ENSG00000085365.20,SCAMP1,chr5,78360100
ENSG00000123838.13,C4BPA,chr1,207102318
ENSG00000213672.10,NCKIPSD,chr3,48686363
ENSG00000136933.19,RABEPK,chr9,125189185
ENSG00000172348.17,RCAN2,chr6,46491971
ENSG00000164209.19,SLC25A46,chr5,110738135
ENSG00000086062.16,B4GALT1,chr9,33167398
ENSG00000153714.7,LURAP1L,chr9,12775004
ENSG00000109814.14,UGDH,chr4,39528310
ENSG00000188807.15,TMEM201,chr1,9588717
ENSG00000138741.13,TRPC3,chr4,121952081
ENSG00000134326.13,CMPK2,chr2,6866634
ENSG00000163872.18,YEATS2,chr3,183697747
ENSG00000155629.17,PIK3AP1,chr10,96720901
ENSG00000187753.14,C9orf153,chr9,86259656
ENSG00000004455.20,AK2,chr1,33080995
ENSG00000229894.5,GK3,chr4,165279703
ENSG00000043143.24,JADE2,chr5,134523978
ENSG00000213123.13,DYNLT2B,chr3,196318327
ENSG00000153015.18,CWC27,chr5,64766367
ENSG00000177943.16,MAMDC4,chr9,136850942
ENSG00000205208.7,C4orf46,chr4,158672254
ENSG00000116544.13,DLGAP3,chr1,34929663
ENSG00000174482.12,LINGO2,chr9,29213912
ENSG00000197969.15,VPS13A,chr9,77177402
ENSG00000173406.18,DAB1,chr1,58546733
ENSG00000119125.19,GDA,chr9,72114594
ENSG00000136518.19,ACTL6A,chr3,179562885
ENSG00000168818.12,STX18,chr4,4542345
ENSG00000116514.19,RNF19B,chr1,32964937
ENSG00000132424.19,PNISR,chr6,99425962
ENSG00000164187.9,LMBRD2,chr5,36151975
ENSG00000214050.10,FBXO16,chr8,28490314
ENSG00000122218.19,COPA,chr1,160343565
ENSG00000138744.19,NAAA,chr4,75941117
ENSG00000164485.16,IL22RA2,chr6,137173647
ENSG00000134480.19,CCNH,chr5,87413028
ENSG00000112146.18,FBXO9,chr6,53051990
ENSG00000136261.18,BZW2,chr7,16644652
ENSG00000189171.18,S100A13,chr1,153634441
ENSG00000151093.10,OXSM,chr3,25782916
ENSG00000113638.16,TTC33,chr5,40755974
ENSG00000114988.14,LMAN2L,chr2,96740086
ENSG00000169302.17,STK32A,chr5,147234962
ENSG00000169359.18,SLC33A1,chr3,155854562
ENSG00000162621.7,LRRC53,chr1,74512610
ENSG00000109205.19,ODAM,chr4,70195705
ENSG00000180822.14,PSMG4,chr6,3231402
ENSG00000108231.15,LGI1,chr10,93757839
ENSG00000284952.1,ENSG00000284952,chr3,155854441
ENSG00000273957.2,ENSG00000273957,chr5,100388974
ENSG00000109501.17,WFS1,chr4,6269831
ENSG00000111880.18,RNGTT,chr6,88963635
ENSG00000131778.22,CHD1L,chr1,147242642
ENSG00000144214.12,LYG1,chr2,99306109
ENSG00000163884.6,KLF15,chr3,126357461
ENSG00000065183.18,WDR3,chr1,117929062
ENSG00000196584.5,XRCC2,chr7,152676200
ENSG00000215695.2,RSC1A1,chr1,15659712
ENSG00000090104.14,RGS1,chr1,192575762
ENSG00000203757.2,OR6K3,chr1,158720719
ENSG00000165152.11,PGAP4,chr9,101533536
ENSG00000143556.11,S100A7,chr1,153460652
ENSG00000153165.19,RGPD3,chr2,106468412
ENSG00000147885.4,IFNA16,chr9,21217310
ENSG00000172031.9,EPHX4,chr1,92029426
ENSG00000146410.14,MTFR2,chr6,136250570
ENSG00000138750.18,NUP54,chr4,76148508
ENSG00000165120.6,SSMEM1,chr7,130206343
ENSG00000091986.18,CCDC80,chr3,112649529
ENSG00000268279.4,ENSG00000268279,chr3,14135216
ENSG00000136536.17,MARCHF7,chr2,159712000
ENSG00000095787.28,WAC,chr10,28532492
ENSG00000163636.13,PSMD6,chr3,64024009
ENSG00000041988.18,THAP3,chr1,6624844
ENSG00000084636.20,COL16A1,chr1,31704386
ENSG00000162664.19,ZNF326,chr1,89995109
ENSG00000070785.19,EIF2B3,chr1,44986721
ENSG00000253305.4,PCDHGB6,chr5,141407988
ENSG00000068028.20,RASSF1,chr3,50340979
ENSG00000106415.15,GLCCI1,chr7,7968795
ENSG00000284718.1,SCYGR7,chr2,227728334
ENSG00000117640.20,MTFR1L,chr1,25818639
ENSG00000148429.17,USP6NL,chr10,11611806
ENSG00000144597.15,EAF1,chr3,15427551
ENSG00000157680.18,DGKI,chr7,137847091
ENSG00000175606.12,TMEM70,chr8,73972436
ENSG00000142784.18,WDTC1,chr1,27233775
ENSG00000146426.21,TIAM2,chr6,154832696
ENSG00000088035.20,ALG6,chr1,63321729
ENSG00000096401.10,CDC5L,chr6,44387546
ENSG00000145604.19,SKP2,chr5,36151988
ENSG00000163898.12,LIPH,chr3,185552616
ENSG00000170482.19,SLC23A1,chr5,139385494
ENSG00000172410.5,INSL5,chr1,66801275
ENSG00000091317.10,CMTM6,chr3,32502857
ENSG00000146457.18,WTAP,chr6,159716377
ENSG00000112237.15,CCNC,chr6,99568824
ENSG00000187626.11,ZKSCAN4,chr6,28252923
ENSG00000153283.16,CD96,chr3,111292718
ENSG00000146576.15,INTS15,chr7,6589563
ENSG00000204104.14,TRAF3IP1,chr2,238320440
ENSG00000187231.16,SESTD1,chr2,179265199
ENSG00000116459.13,ATP5PB,chr1,111448110
ENSG00000112685.16,EXOC2,chr6,693169
ENSG00000181867.3,FTMT,chr5,121851881
ENSG00000002822.18,MAD1L1,chr7,2233242
ENSG00000033100.18,CHPF2,chr7,151232482
ENSG00000173626.10,TRAPPC3L,chr6,116545683
ENSG00000215712.13,TMEM242,chr6,157324255
ENSG00000105821.17,DNAJC2,chr7,103344836
ENSG00000172426.18,RSPH9,chr6,43644228
ENSG00000135547.10,HEY2,chr6,125747663
ENSG00000112981.7,NME5,chr5,138139442
ENSG00000138698.17,RAP1GDS1,chr4,98260921
ENSG00000179058.8,C9orf50,chr9,129621100
ENSG00000170509.14,HSD17B13,chr4,87322947
ENSG00000165264.13,NDUFB6,chr9,32573188
ENSG00000136695.16,IL36RN,chr2,113058637
ENSG00000159788.22,RGS12,chr4,3292981
ENSG00000169989.5,TIGD4,chr4,152779777
ENSG00000163960.15,UBXN7,chr3,196432475
ENSG00000078269.16,SYNJ2,chr6,157981823
ENSG00000173660.14,UQCRH,chr1,46300899
ENSG00000164451.14,CALHM4,chr6,116529012
ENSG00000082482.16,KCNK2,chr1,215005774
ENSG00000198498.12,TMA16,chr4,163494441
ENSG00000065911.14,MTHFD2,chr2,74186171
ENSG00000169418.12,NPR1,chr1,153677964
ENSG00000165272.18,AQP3,chr9,33447595
ENSG00000197768.13,STPG3,chr9,137250607
ENSG00000177181.17,RIMKLA,chr1,42380771
ENSG00000163975.16,MELTF,chr3,197029873
ENSG00000165695.12,AK8,chr9,132878776
ENSG00000120526.14,NUDCD1,chr8,109334492
ENSG00000197430.13,OPALIN,chr10,96359364
ENSG00000162779.23,AXDND1,chr1,179365719
ENSG00000184307.19,ZDHHC23,chr3,113947705
ENSG00000104765.18,BNIP3L,chr8,26383030
ENSG00000187522.17,HSPA14,chr10,14838163
ENSG00000284024.5,MSANTD7,chr10,14838163
ENSG00000162892.16,IL24,chr1,206897442
ENSG00000105793.18,GTPBP10,chr7,90335222
ENSG00000164088.20,PPM1M,chr3,52245740
ENSG00000152822.16,GRM1,chr6,146027645
ENSG00000157654.21,PALM2AKAP2,chr9,109498324
ENSG00000116747.15,RO60,chr1,193059421
ENSG00000120563.11,LYZL1,chr10,29289060
ENSG00000012171.22,SEMA3B,chr3,50267506
ENSG00000121989.17,ACVR2A,chr2,147844377
ENSG00000142765.20,SYTL1,chr1,27342008
ENSG00000175048.19,ZDHHC14,chr6,157381132
ENSG00000183291.19,SELENOF,chr1,86914423
ENSG00000188229.8,TUBB4B,chr9,137241277
ENSG00000162600.14,OMA1,chr1,58546837
ENSG00000230301.6,OR5H6,chr3,98263251
ENSG00000254706.3,ENSG00000254706,chr1,162365406
ENSG00000047579.22,DTNBP1,chr6,15663065
ENSG00000259956.2,RBM15B,chr3,51391284
ENSG00000214694.15,ARHGEF33,chr2,38889838
ENSG00000154710.20,RABGEF1,chr7,66682104
ENSG00000106333.15,PCOLCE,chr7,100602320
ENSG00000242441.9,GTF2A1L,chr2,48617797
ENSG00000136827.13,TOR1A,chr9,129824246
ENSG00000158373.11,H2BC5,chr6,26158121
ENSG00000147896.4,IFNK,chr9,27524289
ENSG00000166317.13,SYNPO2L,chr10,73663802
ENSG00000082213.20,C5orf22,chr5,31532277
ENSG00000164830.20,OXR1,chr8,106270111
ENSG00000026103.26,FAS,chr10,88953812
ENSG00000175395.18,ZNF25,chr10,37976657
ENSG00000164651.19,SP8,chr7,20786906
ENSG00000143870.15,PDIA6,chr2,10837976
ENSG00000178562.20,CD28,chr2,203706516
ENSG00000169398.22,PTK2,chr8,141002215
ENSG00000174279.5,EVX2,chr2,176083961
ENSG00000164949.10,GEM,chr8,94262460
ENSG00000130714.21,POMT1,chr9,131502788
ENSG00000143390.20,RFX5,chr1,151347338
ENSG00000162595.10,DIRAS3,chr1,68051716
ENSG00000162949.18,CAPN13,chr2,30820541
ENSG00000181847.14,TIGIT,chr3,114276912
ENSG00000186470.16,BTN3A2,chr6,26365158
ENSG00000145191.17,EIF2B5,chr3,184134985
ENSG00000096060.17,FKBP5,chr6,35728621
ENSG00000124786.15,SLC35B3,chr6,8435982
ENSG00000123643.16,SLC36A1,chr5,151437045
ENSG00000181690.10,PLAG1,chr8,56211356
ENSG00000145386.13,CCNA2,chr4,121823935
ENSG00000096080.14,MRPS18A,chr6,43687953
ENSG00000164038.18,SLC9B2,chr4,103085828
ENSG00000175073.9,VCPIP1,chr8,66667262
ENSG00000129691.18,ASH2L,chr8,38105492
ENSG00000182329.15,KIAA2012,chr2,202073249
ENSG00000112699.13,GMDS,chr6,2245710
ENSG00000293553.1,ENSG00000293553,chr3,15455939
ENSG00000137996.15,RTCA,chr1,100266153
ENSG00000107077.23,KDM4C,chr9,6720862
ENSG00000112309.12,B3GAT2,chr6,70957463
ENSG00000145996.13,CDKAL1,chr6,20534441
ENSG00000155366.19,RHOC,chr1,112707896
ENSG00000175137.13,SH3BP5L,chr1,248826521
ENSG00000112308.16,C6orf62,chr6,24720899
ENSG00000169429.14,CXCL8,chr4,73740518
ENSG00000164062.15,APEH,chr3,49673817
ENSG00000135525.21,MAP7,chr6,136550867
ENSG00000112706.13,IMPG1,chr6,76072677
ENSG00000172478.20,MAB21L4,chr2,240896893
ENSG00000175857.10,GAPT,chr5,58491427
ENSG00000126067.14,PSMB2,chr1,35641567
ENSG00000151552.15,QDPR,chr4,17512256
ENSG00000138769.13,CDKL2,chr4,75630715
ENSG00000286231.1,ENSG00000286231,chr1,220786989
ENSG00000106066.17,CPVL,chr7,29195450
ENSG00000071189.23,SNX13,chr7,17940711
ENSG00000009307.19,CSDE1,chr1,114758703
ENSG00000086589.14,RBM22,chr5,150701096
ENSG00000278588.2,H2BC10,chr6,26272930
ENSG00000138442.13,WDR12,chr2,203014797
ENSG00000188859.8,FAM78B,chr1,166167005
ENSG00000277075.4,H2AC8,chr6,26216920
ENSG00000116745.8,RPE65,chr1,68451102
ENSG00000186439.18,TRDN,chr6,123637315
ENSG00000119414.14,PPP6C,chr9,125189938
ENSG00000106070.22,GRB10,chr7,50793485
ENSG00000115386.8,REG1A,chr2,79111235
ENSG00000181789.16,COPG1,chr3,129249574
ENSG00000119402.20,FBXW2,chr9,120793437
ENSG00000135776.7,ABCB10,chr1,229559033
ENSG00000214194.11,SMIM30,chr7,113118581
ENSG00000114771.16,AADAC,chr3,151813930
ENSG00000115350.14,POLE4,chr2,74958635
ENSG00000234829.4,IFNA17,chr9,21228221
ENSG00000086300.19,SNX10,chr7,26291850
ENSG00000115107.22,STEAP3,chr2,119222446
ENSG00000168528.14,SERINC2,chr1,31409564
ENSG00000124275.17,MTRR,chr5,7851185
ENSG00000177476.3,OR2G3,chr1,247605585
ENSG00000168143.10,FAM83B,chr6,54846272
ENSG00000121904.20,CSMD2,chr1,34165841
ENSG00000286001.1,ENSG00000286001,chr5,218297
ENSG00000158125.12,XDH,chr2,31414755
ENSG00000109390.15,NDUFC1,chr4,139302563
ENSG00000135318.14,NT5E,chr6,85449583
ENSG00000165312.7,OTUD1,chr10,23439074
ENSG00000119508.19,NR4A3,chr9,99821846
ENSG00000133739.18,LRRCC1,chr8,85107078
ENSG00000205442.13,IZUMO3,chr9,24545945
ENSG00000198856.15,OSTC,chr4,108650576
ENSG00000178694.11,NSUN3,chr3,94062979
ENSG00000084093.21,REST,chr4,56907852
ENSG00000165233.20,CARD19,chr9,93096152
ENSG00000154553.18,PDLIM3,chr4,185535668
ENSG00000138443.19,ABI2,chr2,203328212
ENSG00000073803.16,MAP3K13,chr3,185282940
ENSG00000073578.20,SDHA,chr5,218205
ENSG00000163041.15,H3-3A,chr1,226061570
ENSG00000135604.13,STX11,chr6,144149969
ENSG00000164331.12,ANKRA2,chr5,73565711
ENSG00000157020.20,SEC13,chr3,10321206
ENSG00000030304.16,MUSK,chr9,110668655
ENSG00000147862.20,NFIB,chr9,14398982
ENSG00000172986.14,GXYLT2,chr3,72888031
ENSG00000106052.16,TAX1BP1,chr7,27739330
ENSG00000204152.16,TIMM23B,chr10,49942030
ENSG00000159899.18,NPR2,chr9,35791002
ENSG00000187091.16,PLCD1,chr3,38029679
ENSG00000198601.4,OR2M2,chr1,248174820
ENSG00000183607.12,GKN2,chr2,68953027
ENSG00000112977.18,DAP,chr5,10761682
ENSG00000125037.15,EMC3,chr3,10011201
ENSG00000258465.8,ENSG00000258465,chr1,160285129
ENSG00000072163.22,LIMS2,chr2,127681785
ENSG00000180251.6,SLC9A4,chr2,102473219
ENSG00000129696.15,TTI2,chr8,33513184
ENSG00000156983.19,BRPF1,chr3,9731725
ENSG00000070159.16,PTPN3,chr9,109498342
ENSG00000164366.6,CCDC127,chr5,218161
ENSG00000174021.14,GNG5,chr1,84507236
ENSG00000178149.19,DALRD3,chr3,49022292
ENSG00000120217.15,CD274,chr9,5450502
ENSG00000214510.11,SPINK13,chr5,148268179
ENSG00000059588.12,TARBP1,chr1,234479196
ENSG00000159348.15,CYB5R1,chr1,202967286
ENSG00000147535.19,PLPP5,chr8,38269518
ENSG00000164117.16,FBXO8,chr4,174283977
ENSG00000162976.14,SLC66A3,chr2,11155197
ENSG00000251380.3,DCANP1,chr5,135447347
ENSG00000257923.14,CUX1,chr7,101815903
ENSG00000180938.8,ZNF572,chr8,124973264
ENSG00000135018.16,UBQLN1,chr9,83708231
ENSG00000156026.17,MCU,chr10,72692087
ENSG00000052723.14,SIKE1,chr1,114780705
ENSG00000152583.15,SPARCL1,chr4,87531117
ENSG00000162676.15,GFI1,chr1,92486924
ENSG00000085382.14,HACE1,chr6,104859946
ENSG00000132463.17,GRSF1,chr4,70839956
ENSG00000055130.20,CUL1,chr7,148697913
ENSG00000178395.7,CCDC185,chr1,223393414
ENSG00000147789.18,ZNF7,chr8,144826893
ENSG00000120329.7,SLC25A2,chr5,141304048
ENSG00000204178.13,MACO1,chr1,25430852
ENSG00000138796.20,HADH,chr4,107989682
ENSG00000164180.17,TMEM161B,chr5,88269475
ENSG00000179097.9,HTR1F,chr3,87792547
ENSG00000057663.18,ATG5,chr6,106326476
ENSG00000127947.18,PTPN12,chr7,77537064
ENSG00000165271.19,NOL6,chr9,33473929
ENSG00000038274.20,MAT2B,chr5,163503108
ENSG00000180376.19,CCDC66,chr3,56557160
ENSG00000213901.13,SLC23A3,chr2,219170094
ENSG00000168216.15,LMBRD1,chr6,69867235
ENSG00000171462.17,DLK2,chr6,43456631
ENSG00000114744.11,COMMD2,chr3,149752494
ENSG00000156831.11,NSMCE2,chr8,125091672
ENSG00000111877.20,MCM9,chr6,118935169
ENSG00000115474.8,KCNJ13,chr2,232776565
ENSG00000289747.1,ENSG00000289747,chr3,195909560
ENSG00000107099.19,DOCK8,chr9,214675
ENSG00000112419.17,PHACTR2,chr6,143536581
ENSG00000113578.20,FGF1,chr5,142698069
ENSG00000143799.16,PARP1,chr1,226408153
ENSG00000155886.14,SLC24A2,chr9,19789223
ENSG00000164023.17,SGMS2,chr4,107824562
ENSG00000186001.16,LRCH3,chr3,197791225
ENSG00000121931.18,LRIF1,chr1,110964092
ENSG00000084623.14,EIF3I,chr1,32221076
ENSG00000182606.19,TRAK1,chr3,42013623
ENSG00000265763.6,ZNF488,chr10,47384330
ENSG00000114405.13,CEP15,chr3,62319000
ENSG00000116147.20,TNR,chr1,175743703
ENSG00000122420.12,PTGFR,chr1,78303883
ENSG00000135930.17,EIF4E2,chr2,232550632
ENSG00000169247.16,SH3TC2,chr5,149063162
ENSG00000058668.18,ATP2B4,chr1,203626663
ENSG00000147588.9,PMP2,chr8,81447517
ENSG00000119408.19,NEK6,chr9,124257605
ENSG00000145476.18,CYP4V2,chr4,186191257
ENSG00000157985.21,AGAP1,chr2,235494025
ENSG00000112306.10,RPS12,chr6,132814541
ENSG00000143379.15,SETDB1,chr1,150926262
ENSG00000112200.19,ZNF451,chr6,57086843
ENSG00000172795.18,DCP2,chr5,112976701
ENSG00000164124.13,TMEM144,chr4,158201603
ENSG00000225968.9,ELFN1,chr7,1665744
ENSG00000176040.14,TMPRSS7,chr3,112034735
ENSG00000047932.16,GOPC,chr6,117602552
ENSG00000154997.9,SEPTIN14,chr7,55862754
ENSG00000160401.16,CFAP157,chr9,127706978
ENSG00000169764.18,UGP2,chr2,63840944
ENSG00000179387.12,ELMOD2,chr4,140524157
ENSG00000065135.14,GNAI3,chr1,109548581
ENSG00000071967.14,CYBRD1,chr2,171522246
ENSG00000168556.8,ING2,chr4,183504753
ENSG00000162365.15,CYP4A22,chr1,47137387
ENSG00000136918.10,WDR38,chr9,124853265
ENSG00000177679.17,SRRM3,chr7,76201863
ENSG00000164270.21,HTR4,chr5,148677234
ENSG00000163017.16,ACTG2,chr2,73892231
ENSG00000047457.16,CP,chr3,149222048
ENSG00000176256.11,HMGB4,chr1,33860474
ENSG00000164975.18,SNAPC3,chr9,15422660
ENSG00000122591.15,HYCC1,chr7,23014147
ENSG00000136244.14,IL6,chr7,22725883
ENSG00000116711.12,PLA2G4A,chr1,186828948
ENSG00000130939.22,UBE4B,chr1,10032831
ENSG00000154165.5,GPR15,chr3,98531977
ENSG00000049618.27,ARID1B,chr6,156776019
ENSG00000253537.4,PCDHGA7,chr5,141382701
ENSG00000184432.13,COPB2,chr3,139389735
ENSG00000135632.14,SMYD5,chr2,73214221
ENSG00000215375.9,MYL5,chr4,673518
ENSG00000163735.8,CXCL5,chr4,73998686
ENSG00000163251.6,FZD5,chr2,207769913
ENSG00000125386.18,FAM193A,chr4,2536571
ENSG00000142959.8,BEST4,chr1,44791549
ENSG00000203724.13,C1orf53,chr1,197902448
ENSG00000159176.16,CSRP1,chr1,201540141
ENSG00000096717.14,SIRT1,chr10,67884646
ENSG00000096063.18,SRPK1,chr6,35921341
ENSG00000196418.15,ZNF124,chr1,247172062
ENSG00000237524.12,TEX51,chr2,126898863
ENSG00000310607.1,ENSG00000310607,chr3,72888045
ENSG00000107438.11,PDLIM1,chr10,95291125
ENSG00000198734.14,F5,chr1,169586698
ENSG00000203778.10,FAM229B,chr6,112087121
ENSG00000132429.12,POPDC3,chr6,105180446
ENSG00000159399.12,HK2,chr2,74834076
ENSG00000114779.22,ABHD14B,chr3,51983408
ENSG00000114200.12,BCHE,chr3,165837461
ENSG00000137221.16,TJAP1,chr6,43477522
ENSG00000155561.17,NUP205,chr7,135557699
ENSG00000146221.12,DRC5,chr6,44297724
ENSG00000151729.13,SLC25A4,chr4,185143232
ENSG00000169976.7,SF3B5,chr6,144095572
ENSG00000243955.8,GSTA1,chr6,52804020
ENSG00000151725.14,CENPU,chr4,184734129
ENSG00000152104.13,PTPN14,chr1,214552448
ENSG00000120533.14,ENY2,chr8,109333554
ENSG00000175426.13,PCSK1,chr5,96434142
ENSG00000241128.3,OR14A2,chr1,247748140
ENSG00000274944.4,ENSG00000274944,chr1,38881616
ENSG00000156042.20,CFAP70,chr10,73358867
ENSG00000275379.2,H3C11,chr6,27872345
ENSG00000251246.1,EFNA4-EFNA3,chr1,155063747
ENSG00000104408.13,EIF3E,chr8,108443495
ENSG00000048828.20,FAM120A,chr9,93451647
ENSG00000106571.17,GLI3,chr7,42264264
ENSG00000015520.17,NPC1L1,chr7,44541329
ENSG00000123500.11,COL10A1,chr6,116158746
ENSG00000109339.26,MAPK10,chr4,86594624
ENSG00000131233.10,GJA9,chr1,38881586
ENSG00000174332.8,GLIS1,chr1,53739224
ENSG00000142224.18,IL19,chr1,206770763
ENSG00000173068.21,BNC2,chr9,16871941
ENSG00000132855.7,ANGPTL3,chr1,62597463
ENSG00000168765.21,GSTM4,chr1,109656068
ENSG00000114331.18,ACAP2,chr3,195443138
ENSG00000188315.9,C3orf62,chr3,49277235
ENSG00000104412.10,EMC2,chr8,108443600
ENSG00000082438.20,COBLL1,chr2,164843678
ENSG00000164576.14,SAP30L,chr5,154445975
ENSG00000180044.6,C3orf80,chr3,160225421
ENSG00000115593.17,SMYD1,chr2,88067772
ENSG00000143486.18,EIF2D,chr1,206612555
ENSG00000145888.11,GLRA1,chr5,151924850
ENSG00000108091.13,CCDC6,chr10,59907038
ENSG00000155090.17,KLF10,chr8,102655728
ENSG00000243364.9,EFNA4,chr1,155063717
ENSG00000127472.13,PLA2G5,chr1,20028178
ENSG00000130768.17,SMPDL3B,chr1,27934966
ENSG00000129810.17,SGO1,chr3,20186799
ENSG00000164512.19,ANKRD55,chr5,56233340
ENSG00000181404.19,WASHC1,chr9,73864
ENSG00000171503.15,ETFDH,chr4,158671967
ENSG00000177409.14,SAMD9L,chr7,93148409
ENSG00000182952.7,HMGN4,chr6,26538199
ENSG00000259916.3,AQP7B,chr2,94587100
ENSG00000127249.17,ATP13A4,chr3,193593110
ENSG00000118513.23,MYB,chr6,135180896
ENSG00000185372.4,OR2V1,chr5,181131168
ENSG00000148677.9,ANKRD1,chr10,90921276
ENSG00000051620.13,HEBP2,chr6,138403530
ENSG00000164877.21,MICALL2,chr7,1459538
ENSG00000188996.5,HUS1B,chr6,657099
ENSG00000273802.4,H2BC8,chr6,26217251
ENSG00000134375.13,TIMM17A,chr1,201955475
ENSG00000168077.16,SCARA3,chr8,27633371
ENSG00000112077.19,RHAG,chr6,49636838
ENSG00000225921.9,NOL7,chr6,13615307
ENSG00000198765.13,SYCP1,chr1,114854835
ENSG00000134061.6,CD180,chr5,67196798
ENSG00000189134.4,NKAPL,chr6,28259296
ENSG00000214706.14,IFRD2,chr3,50292917
ENSG00000197889.12,MEIG1,chr10,14954189
ENSG00000184374.5,COLEC10,chr8,118995451
ENSG00000198836.13,OPA1,chr3,193593101
ENSG00000112357.16,PEX7,chr6,136822545
ENSG00000109321.13,AREG,chr4,74444998
ENSG00000135974.13,C2orf49,chr2,105337515
ENSG00000135218.21,CD36,chr7,80369531
ENSG00000168702.19,LRP1B,chr2,142131015
ENSG00000117400.19,MPL,chr1,43337807
ENSG00000133055.12,MYBPH,chr1,203175879
ENSG00000175879.10,HOXD8,chr2,176129327
ENSG00000203666.15,DRC8,chr1,244969670
ENSG00000183520.14,UTP11,chr1,38009110
ENSG00000144331.21,ZNF385B,chr2,179861616
ENSG00000221914.13,PPP2R2A,chr8,26291506
ENSG00000187689.10,AMTN,chr4,70518568
ENSG00000196975.18,ANXA4,chr2,69643108
ENSG00000196352.20,CD55,chr1,207321170
ENSG00000136270.16,TBRG4,chr7,45112047
ENSG00000122958.17,VPS26A,chr10,69123511
ENSG00000072756.20,TRNT1,chr3,3126363
ENSG00000114302.19,PRKAR2A,chr3,48847893
ENSG00000163655.18,GMPS,chr3,155870466
ENSG00000138802.13,SEC24B,chr4,109433601
ENSG00000173349.6,SFT2D3,chr2,127701496
ENSG00000138434.18,ITPRID2,chr2,181841291
ENSG00000142961.18,MOB3C,chr1,46616888
ENSG00000164175.16,SLC45A2,chr5,33986123
ENSG00000159069.16,FBXW5,chr9,136950121
ENSG00000163728.13,TTC14,chr3,180602077
ENSG00000114841.18,DNAH1,chr3,52316318
ENSG00000159352.18,PSMD4,chr1,151254708
ENSG00000170860.6,LSM3,chr3,14178748
ENSG00000106348.21,IMPDH1,chr7,128410008
ENSG00000137216.21,TMEM63B,chr6,44126613
ENSG00000178440.9,TIMM23B-AGAP6,chr10,49942055
ENSG00000185090.17,MANEAL,chr1,37793787
ENSG00000148331.14,ASB6,chr9,129642362
ENSG00000138346.18,DNA2,chr10,68472120
ENSG00000116761.14,CTH,chr1,70406193
ENSG00000172155.10,LCE1D,chr1,152796720
ENSG00000137090.12,DMRT1,chr9,841689
ENSG00000145555.16,MYO10,chr5,16936316
ENSG00000145782.15,ATG12,chr5,115842533
ENSG00000170293.11,CMTM8,chr3,32237206
ENSG00000164032.14,H2AZ1,chr4,99950539
ENSG00000189283.12,FHIT,chr3,61251465
ENSG00000173627.8,APOBEC4,chr1,183653315
ENSG00000131931.10,THAP1,chr8,42843363
ENSG00000109193.14,SULT1E1,chr4,69861074
ENSG00000081692.15,JMJD4,chr1,227735412
ENSG00000153975.12,ZUP1,chr6,116668815
ENSG00000171303.9,KCNK3,chr2,26692712
ENSG00000134183.15,GNAT2,chr1,109619928
ENSG00000064313.14,TAF2,chr8,119832862
ENSG00000116704.10,SLC35D1,chr1,67054399
ENSG00000096006.13,CRISP3,chr6,49744444
ENSG00000136936.13,XPA,chr9,97697407
ENSG00000106785.17,TRIM14,chr9,98119403
ENSG00000145241.13,CENPC,chr4,67545564
ENSG00000080200.11,CRYBG3,chr3,97821983
ENSG00000197747.11,S100A10,chr1,151993890
ENSG00000247626.5,MARS2,chr2,197705368
ENSG00000154529.17,CNTNAP3B,chr9,42129551
ENSG00000172954.16,LCLAT1,chr2,30447211
ENSG00000157131.14,C8A,chr1,56854751
ENSG00000075975.19,MKRN2,chr3,12557010
ENSG00000175497.18,DPP10,chr2,114442298
ENSG00000036565.17,SLC18A1,chr8,20183205
ENSG00000172380.8,GNG12,chr1,67833810
ENSG00000155729.15,KCTD18,chr2,200519783
ENSG00000030419.19,IKZF2,chr2,213152426
ENSG00000105866.17,SP4,chr7,21428023
ENSG00000164930.14,FZD6,chr8,103298432
ENSG00000082068.11,WDR70,chr5,37379243
ENSG00000178233.19,TMEM151B,chr6,44270449
ENSG00000173175.18,ADCY5,chr3,123449794
ENSG00000065308.7,TRAM2,chr6,52577315
ENSG00000182749.8,PAQR7,chr1,25875967
ENSG00000070214.19,SLC44A1,chr9,105244518
ENSG00000214113.13,LYRM4,chr6,5261430
ENSG00000133574.12,GIMAP4,chr7,150567241
ENSG00000174339.3,OR2Y1,chr5,180740057
ENSG00000156006.7,NAT2,chr8,18391246
ENSG00000143498.20,TAF1A,chr1,222590161
ENSG00000163734.4,CXCL3,chr4,74038806
ENSG00000163157.17,TMOD4,chr1,151176283
ENSG00000137080.4,IFNA21,chr9,21166659
ENSG00000160445.13,ZER1,chr9,128772413
ENSG00000124678.21,TCP11,chr6,35148609
ENSG00000196950.16,SLC39A10,chr2,195575976
ENSG00000239264.11,TXNDC5,chr6,7911010
ENSG00000109424.6,UCP1,chr4,140569000
ENSG00000143321.19,HDGF,chr1,156766924
ENSG00000144481.18,TRPM8,chr2,233917372
ENSG00000176095.14,IP6K1,chr3,49786556
ENSG00000095261.16,PSMD5,chr9,120843387
ENSG00000037241.9,RPL26L1,chr5,172954003
ENSG00000054598.9,FOXC1,chr6,1609914
ENSG00000172724.13,CCL19,chr9,34691354
ENSG00000142751.17,GPN2,chr1,26890282
ENSG00000173545.7,ZNF622,chr5,16465810
ENSG00000170279.3,C7orf33,chr7,148590765
ENSG00000148158.19,SNX30,chr9,112750723
ENSG00000164961.18,WASHC5,chr8,125091818
ENSG00000091972.21,CD200,chr3,112332234
ENSG00000164379.7,FOXQ1,chr6,1312097
ENSG00000116819.10,TFAP2E,chr1,35573308
ENSG00000197321.18,SVIL,chr10,29737122
ENSG00000168546.13,GFRA2,chr8,21812369
ENSG00000168724.20,DNAJC21,chr5,34929524
ENSG00000136770.13,DNAJC1,chr10,22003768
ENSG00000198400.15,NTRK1,chr1,156815635
ENSG00000022567.12,SLC45A4,chr8,141308384
ENSG00000162777.19,DENND2D,chr1,111204534
ENSG00000158079.17,PTPDC1,chr9,94030793
ENSG00000153207.18,AHCTF1,chr1,246932062
ENSG00000136872.23,ALDOB,chr9,101449663
ENSG00000155026.19,RSPH10B,chr7,5970701
ENSG00000221986.9,MYBPHL,chr1,109307212
ENSG00000133612.22,AGAP3,chr7,151085830
ENSG00000163710.11,PCOLCE2,chr3,142889210
ENSG00000163882.12,POLR2H,chr3,184360855
ENSG00000163599.18,CTLA4,chr2,203853887
ENSG00000165810.19,BTNL9,chr5,181040223
ENSG00000187944.5,C2orf66,chr2,196809354
ENSG00000128710.7,HOXD10,chr2,176108789
ENSG00000188822.9,CNR2,chr1,23913395
ENSG00000171467.18,ZNF318,chr6,43369686
ENSG00000170525.23,PFKFB3,chr10,6144884
ENSG00000198574.8,SH2D1B,chr1,162412137
ENSG00000163624.8,CDS1,chr4,84582854
ENSG00000197416.7,FABP12,chr8,81590138
ENSG00000127022.18,CANX,chr5,179678614
ENSG00000080802.23,CNOT4,chr7,135510144
ENSG00000146216.14,TTBK1,chr6,43243480
ENSG00000157851.19,DPYSL5,chr2,26847746
ENSG00000221944.9,TIGD1,chr2,232550556
ENSG00000165383.13,LRRC18,chr10,48939839
ENSG00000135976.22,ANKRD36,chr2,97113111
ENSG00000144647.9,POMGNT2,chr3,43106097
ENSG00000143198.15,MGST3,chr1,165630846
ENSG00000142945.15,KIF2C,chr1,44739809
ENSG00000182111.9,ZNF716,chr7,57450176
ENSG00000116701.18,NCF2,chr1,183593498
ENSG00000162630.8,B3GALT2,chr1,193186626
ENSG00000162520.17,SYNC,chr1,32703595
ENSG00000000457.16,SCYL3,chr1,169894266
ENSG00000143248.15,RGS5,chr1,163321790
ENSG00000113966.13,ARL6,chr3,97764520
ENSG00000235272.3,RAMACL,chr6,166586677
ENSG00000118432.15,CNR1,chr6,88167363
ENSG00000239642.7,MEIKIN,chr5,131945697
ENSG00000074800.18,ENO1,chr1,8879307
ENSG00000274286.2,ADRA2B,chr2,96116570
ENSG00000168575.13,SLC20A2,chr8,42542529
ENSG00000109794.16,FAM149A,chr4,186104418
ENSG00000135916.17,ITM2C,chr2,230864638
ENSG00000170606.18,HSPA4,chr5,133051941
ENSG00000113593.14,PPWD1,chr5,65563235
ENSG00000115665.11,SLC5A7,chr2,107986515
ENSG00000135862.8,LAMC1,chr1,183023198
ENSG00000143756.13,FBXO28,chr1,224114085
ENSG00000249693.4,SPMAP2L,chr4,56530600
ENSG00000165985.13,C1QL3,chr10,16521884
ENSG00000183779.8,ZNF703,chr8,37695743
ENSG00000123080.14,CDKN2C,chr1,50960744
ENSG00000168214.24,RBPJ,chr4,26163454
ENSG00000164096.15,ARLN,chr4,119304444
ENSG00000115548.19,KDM3A,chr2,86440646
ENSG00000185946.18,RNPC3,chr1,103525671
ENSG00000196208.16,GREB1,chr2,11482340
ENSG00000214193.13,SH3D21,chr1,36306313
ENSG00000119917.16,IFIT3,chr10,89327306
ENSG00000187134.16,AKR1C1,chr10,4944109
ENSG00000170624.16,SGCD,chr5,155870343
ENSG00000047849.24,MAP4,chr3,48089298
ENSG00000196781.18,TLE1,chr9,81689680
ENSG00000155858.7,LSM11,chr5,157743705
ENSG00000072401.17,UBE2D1,chr10,58334973
ENSG00000158941.19,CCAR2,chr8,22604628
ENSG00000143315.8,PIGM,chr1,160031989
ENSG00000178988.13,MRFAP1L1,chr4,6709922
ENSG00000151292.21,CSNK1G3,chr5,123512066
ENSG00000136527.21,TRA2B,chr3,185938102
ENSG00000011007.15,ELOA,chr1,23743152
ENSG00000260314.5,MRC1,chr10,17809013
ENSG00000162433.17,AK4,chr1,65146901
ENSG00000184616.12,SPDYE12,chr7,74915077
ENSG00000172053.20,QARS1,chr3,49105129
ENSG00000123684.15,LPGAT1,chr1,211833673
ENSG00000115353.12,TACR1,chr2,75199525
ENSG00000157103.14,SLC6A1,chr3,10992176
ENSG00000145088.11,EAF2,chr3,121835163
ENSG00000198892.9,SHISA4,chr1,201888674
ENSG00000282218.1,ENSG00000282218,chr6,117573570
ENSG00000145741.18,BTF3,chr5,73498407
ENSG00000143416.23,SELENBP1,chr1,151372715
ENSG00000158623.15,COPG2,chr7,130668754
ENSG00000158786.6,PLA2G2F,chr1,20139321
ENSG00000137252.11,HCRTR2,chr6,55106459
ENSG00000176946.15,THAP4,chr2,241637580
ENSG00000180992.9,MRPL14,chr6,44134338
ENSG00000182600.11,SNORC,chr2,232857269
ENSG00000148634.18,HERC4,chr10,68075352
ENSG00000168275.17,COA6,chr1,234373437
ENSG00000263956.10,NBPF11,chr1,148152341
ENSG00000214954.9,LRRC69,chr8,91101831
ENSG00000166507.21,NDST2,chr10,73811962
ENSG00000114279.16,FGF12,chr3,192767763
ENSG00000151151.8,IPMK,chr10,58267959
ENSG00000169714.19,CNBP,chr3,129184007
ENSG00000115592.15,PRKAG3,chr2,218832085
ENSG00000169905.15,TOR1AIP2,chr1,179883033
ENSG00000000460.19,FIRRM,chr1,169662006
ENSG00000145692.17,BHMT,chr5,79111802
ENSG00000136929.14,HEMGN,chr9,97944855
ENSG00000211445.14,GPX3,chr5,151020584
ENSG00000145740.22,SLC30A5,chr5,69093916
ENSG00000168397.19,ATG4B,chr2,241637203
ENSG00000181638.22,ZFP41,chr8,143245995
ENSG00000188687.19,SLC4A5,chr2,74343415
ENSG00000115297.11,TLX2,chr2,74513462
ENSG00000104331.11,BPNT2,chr8,56993892
ENSG00000171130.21,ATP6V0E2,chr7,149872960
ENSG00000244476.4,ERVFRD-1,chr6,11111844
ENSG00000118200.18,CAMSAP2,chr1,200738884
ENSG00000243989.11,ACY1,chr3,51983046
ENSG00000197982.15,C1orf122,chr1,37806978
ENSG00000286105.3,TMEM217B,chr6,37258154
ENSG00000172738.14,TMEM217,chr6,37258154
ENSG00000162571.16,TTLL10,chr1,1173879
ENSG00000183682.10,BMP8A,chr1,39491068
ENSG00000163623.11,NKX6-1,chr4,84499365
ENSG00000120539.17,MASTL,chr10,27154424
ENSG00000172497.11,ACOT12,chr5,81394209
ENSG00000197892.14,KIF13B,chr8,29263123
ENSG00000162729.16,IGSF8,chr1,160101108
ENSG00000196872.14,CRACDL,chr2,98936627
ENSG00000133069.19,TMCC2,chr1,205227911
ENSG00000109180.17,OCIAD1,chr4,48805138
ENSG00000237190.5,CDKN2AIPNL,chr5,134411901
ENSG00000171943.14,SRGAP2C,chr1,121184810
ENSG00000106733.23,NMRK1,chr9,75088830
ENSG00000083168.13,KAT6A,chr8,42051997
ENSG00000196591.14,HDAC2,chr6,114011307
ENSG00000189292.19,ALKAL2,chr2,289622
ENSG00000136897.9,MRPL50,chr9,101398664
ENSG00000143322.22,ABL2,chr1,179229683
ENSG00000164241.15,C5orf63,chr5,127073576
ENSG00000066583.14,ISOC1,chr5,129094697
ENSG00000074935.16,TUBE1,chr6,112087568
ENSG00000198964.16,SGMS1,chr10,50625188
ENSG00000203740.6,NTMT2,chr1,170145954
ENSG00000121039.12,RDH10,chr8,73294242
ENSG00000253304.4,TMEM200B,chr1,29123934
ENSG00000196597.15,ZNF782,chr9,96875622
ENSG00000243501.5,ENSG00000243501,chr6,73263195
ENSG00000127946.19,HIP1,chr7,75739060
ENSG00000142627.15,EPHA2,chr1,16156140
ENSG00000146247.17,PHIP,chr6,79078543
ENSG00000042980.16,ADAM28,chr8,24294012
ENSG00000181631.8,P2RY13,chr3,151329554
ENSG00000117505.15,DR1,chr1,93345877
ENSG00000106829.23,TLE4,chr9,79571772
ENSG00000079931.17,MOXD1,chr6,132401555
ENSG00000118292.11,C1orf54,chr1,150268033
ENSG00000284439.1,TAF11L3,chr5,17518366
ENSG00000099139.16,PCSK5,chr9,75890638
ENSG00000123124.16,WWP1,chr8,86342485
ENSG00000162733.21,DDR2,chr1,162630856
ENSG00000168878.21,SFTPB,chr2,85668740
ENSG00000117560.10,FASLG,chr1,172658989
ENSG00000153094.27,BCL2L11,chr2,111119377
ENSG00000114383.12,TUSC2,chr3,50328250
ENSG00000115850.11,LCT,chr2,135837183
ENSG00000175984.18,DENND2C,chr1,114670450
ENSG00000145375.11,AFG2A,chr4,122923069
ENSG00000253313.8,C1orf210,chr1,43285907
ENSG00000189077.13,TMEM120A,chr7,75994668
ENSG00000198162.13,MAN1A2,chr1,117366678
ENSG00000119514.9,GALNT12,chr9,98807612
ENSG00000124789.14,NUP153,chr6,17706941
ENSG00000120262.12,CCDC170,chr6,151493753
ENSG00000188676.17,IDO2,chr8,39934613
ENSG00000090432.9,MUL1,chr1,20508162
ENSG00000186891.15,TNFRSF18,chr1,1206813
ENSG00000160856.23,FCRL3,chr1,157700900
ENSG00000132294.17,EFR3A,chr8,131904071
ENSG00000181744.10,DIPK2A,chr3,143971815
ENSG00000163995.23,ABLIM2,chr4,8158831
ENSG00000125347.17,IRF1,chr5,132508718
ENSG00000144554.15,FANCD2,chr3,10026369
ENSG00000143179.18,UCK2,chr1,165827490
ENSG00000134256.15,CD101,chr1,117001720
ENSG00000169777.7,TAS2R1,chr5,9712377
ENSG00000186952.17,TMEM232,chr5,110738959
ENSG00000168955.5,TM4SF20,chr2,227381994
ENSG00000104687.16,GSR,chr8,30727976
ENSG00000177186.3,OR2M7,chr1,248324567
ENSG00000168303.10,MPLKIP,chr7,40134876
ENSG00000169435.16,RASSF6,chr4,73620630
ENSG00000057019.18,DCBLD2,chr3,98901818
ENSG00000117501.17,MROH9,chr1,170935428
ENSG00000176566.5,DCAF4L2,chr8,87874014
ENSG00000240303.10,ACAD11,chr3,132660726
ENSG00000165632.10,TAF3,chr10,7818496
ENSG00000168172.11,HOOK3,chr8,42896498
ENSG00000134109.12,EDEM1,chr3,5187541
ENSG00000152595.18,MEPE,chr4,87821397
ENSG00000116198.16,CEP104,chr1,3857722
ENSG00000120616.17,EPC1,chr10,32378806
ENSG00000151917.20,BEND6,chr6,56954804
ENSG00000114529.15,C3orf52,chr3,112086330
ENSG00000174123.12,TLR10,chr4,38782989
ENSG00000183853.20,KIRREL1,chr1,157993272
ENSG00000143643.15,TTC13,chr1,230978892
ENSG00000075711.23,DLG1,chr3,197299331
ENSG00000095564.17,BTAF1,chr10,91923757
ENSG00000237110.3,TAAR9,chr6,132538276
ENSG00000113240.16,CLK4,chr5,178630614
ENSG00000145990.12,GFOD1,chr6,13487661
ENSG00000165757.10,JCAD,chr10,30115493
ENSG00000189320.9,FAM180A,chr7,135748812
ENSG00000186468.15,RPS23,chr5,82278598
ENSG00000183072.11,NKX2-5,chr5,173235311
ENSG00000155918.9,RAET1L,chr6,150025566
ENSG00000133627.20,ACTR3B,chr7,152759730
ENSG00000146143.21,PRIM2,chr6,57221512
ENSG00000176720.8,BOK,chr2,241551299
ENSG00000182134.19,TDRKH,chr1,151791415
ENSG00000125089.20,SH3TC1,chr4,8181939
ENSG00000174945.16,AMZ1,chr7,2679275
ENSG00000157800.20,SLC37A3,chr7,140404432
ENSG00000270882.3,H4C14,chr1,149832656
ENSG00000136950.15,ARPC5L,chr9,124862108
ENSG00000164287.13,CDC20B,chr5,55173176
ENSG00000293564.1,ENSG00000293564,chr1,179882315
ENSG00000170917.15,NUDT6,chr4,122922967
ENSG00000137393.12,RNF144B,chr6,18307065
ENSG00000154767.18,XPC,chr3,14178766
ENSG00000124818.17,OPN5,chr6,47781981
ENSG00000253485.4,PCDHGA5,chr5,141364161
ENSG00000097096.12,SYDE2,chr1,85201750
ENSG00000116260.18,QSOX1,chr1,180154805
ENSG00000222046.5,DCDC2B,chr1,32209078
ENSG00000064225.15,ST3GAL6,chr3,98732174
ENSG00000123999.6,INHA,chr2,219569161
ENSG00000164327.16,RICTOR,chr5,39074543
ENSG00000142698.16,C1orf94,chr1,34166882
ENSG00000160679.14,CHTOP,chr1,153633981
ENSG00000132842.18,AP3B1,chr5,78294761
ENSG00000154582.20,ELOC,chr8,73972310
ENSG00000147570.12,DNAJC5B,chr8,66021523
ENSG00000160447.9,PKN3,chr9,128702488
ENSG00000265190.9,ANXA8,chr10,47484174
ENSG00000137200.15,CMTR1,chr6,37433093
ENSG00000204186.13,ZDBF2,chr2,206274652
ENSG00000163704.15,PRRT3,chr3,9952441
ENSG00000273274.4,ZBTB8B,chr1,32465046
ENSG00000204659.6,CBY3,chr5,179681033
ENSG00000256453.2,DND1,chr5,140673575
ENSG00000170044.9,ZPLD1,chr3,102099243
ENSG00000156735.13,BAG4,chr8,38176532
ENSG00000124767.9,GLO1,chr6,38703177
ENSG00000265972.8,TXNIP,chr1,145996579
ENSG00000007402.14,CACNA2D2,chr3,50504243
ENSG00000116898.14,MRPS15,chr1,36464417
ENSG00000171722.15,SPATA46,chr1,162376873
ENSG00000171159.6,BBLN,chr9,128160218
ENSG00000253767.4,PCDHGA8,chr5,141390156
ENSG00000176083.20,ZNF683,chr1,26374521
ENSG00000254553.1,ENSG00000254553,chr1,32465056
ENSG00000107443.18,CCNJ,chr10,96043052
ENSG00000114554.13,PLXNA1,chr3,126982692
ENSG00000197472.16,ZNF695,chr1,247008092
ENSG00000113532.15,ST8SIA4,chr5,100903289
ENSG00000163694.17,RBM47,chr4,40630895
ENSG00000174371.19,EXO1,chr1,241847966
ENSG00000133401.18,PDZD2,chr5,31638964
ENSG00000135070.16,ISCA1,chr9,86283101
ENSG00000146411.8,SLC2A12,chr6,134052659
ENSG00000090097.24,PCBP4,chr3,51974629
ENSG00000120992.20,LYPLA1,chr8,54102034
ENSG00000272741.1,ENSG00000272741,chr3,196318221
ENSG00000112701.20,SENP6,chr6,75601508
ENSG00000106692.17,FKTN,chr9,105558121
ENSG00000215910.9,C1orf167,chr1,11761786
ENSG00000258864.1,ENSG00000258864,chr5,112827212
ENSG00000177483.12,RBM44,chr2,237798388
ENSG00000144366.19,GULP1,chr2,188291104
ENSG00000214814.8,FER1L6,chr8,123851986
ENSG00000170381.17,SEMA3E,chr7,83649187
ENSG00000114923.19,SLC4A3,chr2,219627010
ENSG00000186106.13,ANKRD46,chr8,100559788
ENSG00000005483.24,KMT2E,chr7,104940942
ENSG00000151914.23,DST,chr6,56955273
ENSG00000185662.12,SMIM23,chr5,171782431
ENSG00000116039.15,ATP6V1B1,chr2,70935770
ENSG00000079277.24,MKNK1,chr1,46616849
ENSG00000112290.15,WASF1,chr6,110180031
ENSG00000182168.17,UNC5C,chr4,95549205
ENSG00000188529.17,SRSF10,chr1,23980926
ENSG00000162783.11,IER5,chr1,181088699
ENSG00000152291.17,TGOLN2,chr2,85328300
ENSG00000106976.24,DNM1,chr9,128191654
ENSG00000107371.16,EXOSC3,chr9,37832116
ENSG00000177182.13,CLVS1,chr8,61057157
ENSG00000172731.17,LRRC20,chr10,70382649
ENSG00000163159.17,VPS72,chr1,151195320
ENSG00000128610.14,FEZF1,chr7,122310734
ENSG00000148672.12,GLUD1,chr10,87095404
ENSG00000185619.21,PCGF3,chr4,705747
ENSG00000114353.19,GNAI2,chr3,50226291
ENSG00000229937.9,PRPS1L1,chr7,18027845
ENSG00000178460.20,MCMDC2,chr8,66870748
ENSG00000155903.16,RASA2,chr3,141486966
ENSG00000171604.14,CXXC5,chr5,139646374
ENSG00000235106.13,BRD3OS,chr9,134025428
ENSG00000116874.14,WARS2,chr1,119140678
ENSG00000138061.15,CYP1B1,chr2,38109901
ENSG00000071073.15,MGAT4A,chr2,98732638
ENSG00000272104.1,ENSG00000272104,chr3,50350891
ENSG00000164309.17,CMYA5,chr5,79689355
ENSG00000169604.23,ANTXR1,chr2,69013084
ENSG00000288644.1,ENSG00000288644,chr1,203802093
ENSG00000138231.15,DBR1,chr3,138174952
ENSG00000137942.20,FNBP1L,chr1,93448049
ENSG00000111832.14,RWDD1,chr6,116571385
ENSG00000198648.14,STK39,chr2,168247893
ENSG00000177932.9,ZNF354C,chr5,179060353
ENSG00000162734.15,PEA15,chr1,160205327
ENSG00000105880.8,DLX5,chr7,97024949
ENSG00000077092.22,RARB,chr3,24687886
ENSG00000206113.14,CFAP99,chr4,2418954
ENSG00000259305.6,ZHX1-C8orf76,chr8,123274283
ENSG00000118491.11,ZC2HC1B,chr6,143864435
ENSG00000007933.15,FMO3,chr1,171085112
ENSG00000091106.21,NLRC4,chr2,32265819
ENSG00000025156.15,HSF2,chr6,122399532
ENSG00000171596.8,NMUR1,chr2,231530470
ENSG00000171540.8,OTP,chr5,77638712
ENSG00000074771.4,NOX3,chr6,155455838
ENSG00000109323.13,MANBA,chr4,102760999
ENSG00000198917.15,SPOUT1,chr9,128829837
ENSG00000163479.16,SSR2,chr1,156020971
ENSG00000074317.13,SNCB,chr5,176630671
ENSG00000158769.21,F11R,chr1,161023122
ENSG00000160752.17,FDPS,chr1,155304785
ENSG00000241563.5,CORT,chr1,10450009
ENSG00000081051.9,AFP,chr4,73431137
ENSG00000164037.19,SLC9B1,chr4,103019792
ENSG00000039123.18,MTREX,chr5,55307735
ENSG00000176907.5,TCIM,chr8,40153481
ENSG00000145012.17,LPP,chr3,188152973
ENSG00000115604.14,IL18R1,chr2,102311528
ENSG00000144834.16,TAGLN3,chr3,111998734
ENSG00000122432.20,SPATA1,chr1,84505490
ENSG00000162688.19,AGL,chr1,99849776
ENSG00000038210.16,PI4K2B,chr4,25160662
ENSG00000168427.11,KLHL30,chr2,238138648
ENSG00000144401.16,METTL21A,chr2,207626296
ENSG00000148680.17,HTR7,chr10,90858217
ENSG00000109674.6,NEIL3,chr4,177309810
ENSG00000085511.22,MAP3K4,chr6,160991343
ENSG00000122674.14,CCZ1,chr7,5898691
ENSG00000164134.16,NAA15,chr4,139301445
ENSG00000177432.8,NAP1L5,chr4,88697828
ENSG00000274618.2,H4C6,chr6,26240392
ENSG00000124508.19,BTN2A2,chr6,26383090
ENSG00000270136.6,MICOS10-NBL1,chr1,19597066
ENSG00000172179.14,PRL,chr6,22302825
ENSG00000170871.13,KIAA0232,chr4,6781374
ENSG00000266472.8,MRPS21,chr1,150293847
ENSG00000135535.19,CD164,chr6,109382535
ENSG00000163281.14,GNPDA2,chr4,44726620
ENSG00000131019.13,ULBP3,chr6,150069190
ENSG00000121775.20,TMEM39B,chr1,32072030
ENSG00000070756.19,PABPC1,chr8,100722808
ENSG00000114786.16,ABHD14A-ACY1,chr3,51974705
ENSG00000003436.18,TFPI,chr2,187565845
ENSG00000116525.15,TRIM62,chr1,33182091
ENSG00000276087.2,ENSG00000276087,chr2,24124365
ENSG00000178038.19,ALS2CL,chr3,46694070
ENSG00000158815.12,FGF17,chr8,22042387
ENSG00000121864.12,ZNF639,chr3,179322855
ENSG00000112195.10,TREML2,chr6,41201148
ENSG00000134013.18,LOXL2,chr8,23425327
ENSG00000187527.13,ATP13A5,chr3,193378819
ENSG00000214357.11,NEURL1B,chr5,172641229
ENSG00000109618.15,SEPSECS,chr4,25160549
ENSG00000151883.22,PARP8,chr5,50665875
ENSG00000124788.19,ATXN1,chr6,16761490
ENSG00000181036.16,FCRL6,chr1,159800502
ENSG00000233087.8,RAB6D,chr2,131364167
ENSG00000265808.6,SEC22B,chr1,120176532
ENSG00000042286.17,AIFM2,chr10,70133268
ENSG00000204033.10,LRIT2,chr10,84225543
ENSG00000164849.12,GPR146,chr7,1044536
ENSG00000120149.10,MSX2,chr5,174724550
ENSG00000181915.6,ADO,chr10,62804719
ENSG00000143258.18,USP21,chr1,161159449
ENSG00000018189.15,RUFY3,chr4,70704203
ENSG00000175087.12,PDIK1L,chr1,26111140
ENSG00000214415.4,GNAT3,chr7,80512063
ENSG00000162650.19,ATXN7L2,chr1,109483478
ENSG00000235173.8,HGH1,chr8,144137773
ENSG00000173110.8,HSPA6,chr1,161524539
ENSG00000181585.7,TMIE,chr3,46694527
ENSG00000256162.3,SMLR1,chr6,130827405
ENSG00000153130.20,SCOC,chr4,140257205
ENSG00000136895.20,GARNL3,chr9,127224264
ENSG00000060642.14,PIGV,chr1,26787053
ENSG00000053371.15,AKR7A2,chr1,19312148
ENSG00000187987.12,ZSCAN23,chr6,28443501
ENSG00000148513.21,ANKRD30A,chr10,37125593
ENSG00000185942.14,NKAIN3,chr8,62248590
ENSG00000180801.15,ARSJ,chr4,113979727
ENSG00000215817.9,ZC3H11B,chr1,219613104
ENSG00000184599.15,TAFA3,chr1,112718880
ENSG00000154556.22,SORBS2,chr4,185956720
ENSG00000116731.24,PRDM2,chr1,13699988
ENSG00000184305.17,CCSER1,chr4,90127386
ENSG00000221843.7,SPATA31H1,chr2,27537385
ENSG00000177174.1,OR14C36,chr1,248348774
ENSG00000162490.9,DRAXIN,chr1,11690957
ENSG00000285292.1,ABCF2-H2BK1,chr7,151227165
ENSG00000162378.15,ZYG11B,chr1,52726389
ENSG00000187416.13,LHFPL3,chr7,104328602
ENSG00000126091.23,ST3GAL3,chr1,43705823
ENSG00000130707.20,ASS1,chr9,130443281
ENSG00000034533.14,ASTE1,chr3,131027648
ENSG00000119446.16,RBM18,chr9,122264854
ENSG00000118322.15,ATP10B,chr5,160852213
ENSG00000250361.11,GYPB,chr4,144019379
ENSG00000160678.14,S100A1,chr1,153608922
ENSG00000113048.21,MRPS27,chr5,72321716
ENSG00000113810.18,SMC4,chr3,160399273
ENSG00000131781.15,FMO5,chr1,147243049
ENSG00000146147.17,MLIP,chr6,53929981
ENSG00000151414.17,NEK7,chr1,198156813
ENSG00000114742.16,WDR48,chr3,39051990
ENSG00000116918.17,TSNAX,chr1,231528540
ENSG00000165188.15,RNF183,chr9,113303375
ENSG00000122547.14,EEPD1,chr7,36153074
ENSG00000164112.15,SMIM43,chr4,121766259
ENSG00000146250.9,PRSS35,chr6,83512477
ENSG00000164776.13,PHKG1,chr7,56093011
ENSG00000165028.14,NIPSNAP3B,chr9,104763726
ENSG00000121454.8,LHX4,chr1,180228786
ENSG00000175324.12,LSM1,chr8,38176729
ENSG00000162946.25,DISC1,chr1,231626662
ENSG00000148153.16,INIP,chr9,112718148
ENSG00000283930.1,PLD5P1,chr10,38094367
ENSG00000174695.11,TMEM167A,chr5,83077862
ENSG00000151224.15,MAT1A,chr10,80290149
ENSG00000147434.10,CHRNA6,chr8,42796391
ENSG00000056050.9,HPF1,chr4,169757971
ENSG00000127191.21,TRAF2,chr9,136881902
ENSG00000198929.15,NOS1AP,chr1,162069675
ENSG00000058866.17,DGKG,chr3,186362325
ENSG00000165204.3,OR1K1,chr9,122800122
ENSG00000163219.13,ARHGAP25,chr2,68679600
ENSG00000205835.10,GMNC,chr3,190892428
ENSG00000068885.17,IFT80,chr3,160400356
ENSG00000044524.13,EPHA3,chr3,89107521
ENSG00000079393.23,DUSP13B,chr10,75106498
ENSG00000169047.8,IRS1,chr2,226799849
ENSG00000122543.11,OCM,chr7,5879826
ENSG00000164985.17,PSIP1,chr9,15511201
ENSG00000231861.3,OR5K2,chr3,98497680
ENSG00000151466.14,SCLT1,chr4,129093621
ENSG00000028116.20,VRK2,chr2,57907579
ENSG00000125551.21,PLGLB2,chr2,87748084
ENSG00000197454.2,OR2L5,chr1,248013659
ENSG00000124496.15,TRERF1,chr6,42452224
ENSG00000148498.19,PARD3,chr10,34815423
ENSG00000117525.16,F3,chr1,94541850
ENSG00000156475.21,PPP2R2B,chr5,147084783
ENSG00000164125.18,GASK1B,chr4,158174248
ENSG00000170231.18,FABP6,chr5,160187362
ENSG00000128645.17,HOXD1,chr2,176188658
ENSG00000160714.13,UBE2Q1,chr1,154559027
ENSG00000090621.17,PABPC4,chr1,39576899
ENSG00000198799.14,LRIG2,chr1,113073167
ENSG00000115053.19,NCL,chr2,231483640
ENSG00000033050.11,ABCF2,chr7,151227263
ENSG00000163131.14,CTSS,chr1,150765956
ENSG00000198898.18,CAPZA2,chr7,116811069
ENSG00000152661.11,GJA1,chr6,121435576
ENSG00000173612.10,GPRC6A,chr6,116829082
ENSG00000071205.14,ARHGAP10,chr4,147731921
ENSG00000162755.16,KLHDC9,chr1,161098342
ENSG00000175600.18,SUGCT,chr7,40134043
ENSG00000173848.21,NET1,chr10,5412542
ENSG00000284820.1,ENSG00000284820,chr2,219222737
ENSG00000095739.13,BAMBI,chr10,28677509
ENSG00000123545.8,NDUFAF4,chr6,96897896
ENSG00000176406.26,RIMS2,chr8,103499637
ENSG00000093217.13,XYLB,chr3,38346742
ENSG00000163697.20,APBB2,chr4,41216713
ENSG00000170788.16,DYDC1,chr10,80356759
ENSG00000182150.22,ERCC6L2,chr9,95871263
ENSG00000153827.17,TRIP12,chr2,229923238
ENSG00000143125.7,PROK1,chr1,110451057
ENSG00000176273.17,SLC35G1,chr10,93893917
ENSG00000184898.8,RBM43,chr2,151261869
ENSG00000158109.17,TPRG1L,chr1,3624978
ENSG00000287080.2,H3C3,chr6,26045383
ENSG00000268043.11,NBPF12,chr1,146938312
ENSG00000188163.8,CIMIP2A,chr9,137247769
ENSG00000155099.10,PIP4P2,chr8,91041006
ENSG00000166925.11,TSC22D4,chr7,100479256
ENSG00000070759.19,TESK2,chr1,45491202
ENSG00000163362.13,INAVA,chr1,200890994
ENSG00000197603.18,CPLANE1,chr5,37249409
ENSG00000119321.12,FKBP15,chr9,113221457
ENSG00000179388.9,EGR3,chr8,22693479
ENSG00000143183.20,TMCO1,chr1,165827754
ENSG00000151693.13,ASAP2,chr2,9206601
ENSG00000164823.13,OSGIN2,chr8,89901848
ENSG00000124006.17,OBSL1,chr2,219572075
ENSG00000137462.12,TLR2,chr4,153684049
ENSG00000104388.17,RAB2A,chr8,60516889
ENSG00000216937.15,CCDC7,chr10,32446102
ENSG00000215845.13,TSTD1,chr1,161039117
ENSG00000182898.4,TCHHL1,chr1,152089063
ENSG00000157884.12,CIB4,chr2,26641365
ENSG00000136193.19,SCRN1,chr7,29990288
ENSG00000065665.23,SEC61A2,chr10,12129636
ENSG00000164070.14,HSPA4L,chr4,127781820
ENSG00000136758.23,YME1L1,chr10,27155265
ENSG00000112062.15,MAPK14,chr6,36027699
ENSG00000087266.20,SH3BP2,chr4,2793014
ENSG00000116885.20,OSCP1,chr1,36450490
ENSG00000273313.1,RBAKDN,chr7,5072124
ENSG00000138759.22,FRAS1,chr4,78056960
ENSG00000113811.13,SELENOK,chr3,53891884
ENSG00000179163.14,FUCA1,chr1,23868360
ENSG00000162367.14,TAL1,chr1,47232224
ENSG00000143156.16,NME7,chr1,169367974
ENSG00000118298.14,CA14,chr1,150257068
ENSG00000144426.20,NBEAL1,chr2,203014607
ENSG00000173041.14,ZNF680,chr7,64563105
ENSG00000132323.11,ILKAP,chr2,238203760
ENSG00000160957.17,RECQL4,chr8,144517889
ENSG00000160710.21,ADAR,chr1,154628012
ENSG00000161904.15,LEMD2,chr6,33789172
ENSG00000130222.13,GADD45G,chr9,89604938
ENSG00000148655.17,LRMDA,chr10,75431445
ENSG00000122952.19,ZWINT,chr10,56361391
ENSG00000164687.13,FABP5,chr8,81280266
ENSG00000105976.18,MET,chr7,116672050
ENSG00000151690.17,MFSD6,chr2,190407895
ENSG00000067704.12,IARS2,chr1,220094085
ENSG00000171209.5,CSN3,chr4,70238381
ENSG00000196277.18,GRM7,chr3,6770000
ENSG00000146243.15,IRAK1BP1,chr6,78867481
ENSG00000008226.22,DLEC1,chr3,38039189
ENSG00000135597.21,REPS1,chr6,138988355
ENSG00000119333.14,DYNC2I2,chr9,128656846
ENSG00000153093.23,ACOXL,chr2,110732523
ENSG00000186143.11,PRR30,chr2,27139409
ENSG00000148019.16,CEP78,chr9,78236036
ENSG00000180697.9,C3orf22,chr3,126558964
ENSG00000165309.15,ARMC3,chr10,22928012
ENSG00000143776.22,CDC42BPA,chr1,227318518
ENSG00000168356.14,SCN11A,chr3,39052156
ENSG00000151360.10,ALLC,chr2,3658199
ENSG00000197635.13,DPP4,chr2,162074638
ENSG00000006453.16,BAIAP2L1,chr7,98401212
ENSG00000262179.6,MYMX,chr6,44192821
ENSG00000170265.14,ZNF282,chr7,149195501
ENSG00000145860.14,RNF145,chr5,159210052
ENSG00000146926.13,ASB10,chr7,151187831
ENSG00000159164.12,SV2A,chr1,149918571
ENSG00000183891.8,TTC32,chr2,19902281
ENSG00000114395.13,CYB561D2,chr3,50350833
ENSG00000163812.18,ZDHHC3,chr3,44976281
ENSG00000113448.21,PDE4D,chr5,60522119
ENSG00000164050.15,PLXNB1,chr3,48430498
ENSG00000117450.17,PRDX1,chr1,45542815
ENSG00000213190.6,MLLT11,chr1,151054176
ENSG00000177144.8,NUDT4B,chr1,148748773
ENSG00000213689.14,TREX1,chr3,48465810
ENSG00000288208.1,ENSG00000288208,chr1,45491154
ENSG00000151876.15,FBXO4,chr5,41925209
ENSG00000136870.12,ZNF189,chr9,101398841
ENSG00000152409.12,JMY,chr5,79236094
ENSG00000159733.15,ZFYVE28,chr4,2418793
ENSG00000113946.6,CLDN16,chr3,190322521
ENSG00000170396.9,ZNF804A,chr2,184598528
ENSG00000277556.1,OR13C5,chr9,104599412
ENSG00000163376.11,KBTBD8,chr3,66998306
ENSG00000196505.13,GDAP2,chr1,117929661
ENSG00000174226.11,SNX31,chr8,100663414
ENSG00000169499.17,PLEKHA2,chr8,38901023
ENSG00000067248.13,DHX29,chr5,55307721
ENSG00000156136.12,DCK,chr4,70992537
ENSG00000130348.13,QRSL1,chr6,106629565
ENSG00000255072.3,PIGY,chr4,88523775
ENSG00000065809.14,FAM107B,chr10,14774896
ENSG00000183763.11,TRAIP,chr3,49856596
ENSG00000197123.9,ZNF679,chr7,64228473
