Gene,RNA_log2FC,RNA_stat,RNA_padj,RNA_baseMean,RNA_ID_rows,H4K16ac_Fold_median,H4K16ac_Fold_mean,H4K16ac_min_FDR,H4K16ac_peak_count,H4K16ac_Fold_nearest_TSS
AARS1,0.6484263006512481,6.984298530223357,3.766979632347109e-11,1500.5608128081726,1,0.182894998191762,0.182894998191762,0.862679459860138,1,0.182894998191762
ABCB6,-0.6152384761954296,-1.5145503753319942,0.2392626393603175,37.23386424557208,1,0.301267721688817,0.301267721688817,0.781682130096252,1,0.301267721688817
ABCC3,-1.5830919326421489,-11.5321740927236,4.8787302411606824e-29,560.9584168102789,1,-0.601305268485794,-0.601305268485794,0.504272779385644,1,-0.601305268485794
ABCD1,-1.233298164668346,-8.92917215421849,1.0196637272722136e-17,401.9775015110849,1,0.130728016509931,0.130728016509931,0.903307529048058,1,0.130728016509931
ABCF2,-0.3923921906608213,-2.9331297300973294,0.010705165121146,455.65198471645215,1,-5.61366014150471,-5.61366014150471,0.0047896070129691,1,-5.61366014150471
ABHD12B,-0.6249062600362196,-4.988641152448526,4.0516248481487456e-06,477.8172536354644,1,-1.55814920980351,-1.55814920980351,0.123292585203563,1,-1.55814920980351
ABHD6,-0.1120940570171967,-1.009532413905665,0.466453158904959,721.7903549431603,1,0.0396239354109828,0.0396239354109828,0.965899374321037,1,0.0396239354109828
ABL1,0.1013664670232946,1.0399895132046446,0.4501702586622044,1097.3351392999475,1,-1.07516503264612,-1.07516503264612,0.207980134205742,1,-1.07516503264612
ACAD9,0.2653157630643152,2.242614548164203,0.061085319626223,553.3876740693106,1,-0.689058479549625,-0.689058479549625,0.426680784983614,1,-0.689058479549625
ACIN1,0.0792407287725166,1.042348546580959,0.4490063105261772,2700.448899340124,1,-7.33494015023422,-7.33494015023422,0.0004091143587456,1,-7.33494015023422
ACO2,-0.0390434302232809,-0.4033838508169727,0.8035604733474819,893.8216975087197,1,-0.272324863397387,-0.272324863397387,0.79833105869848,1,-0.272324863397387
ACOT2,-0.0095687328722703,-0.0347351221820198,0.9858513310475426,79.99767084394217,1,0.133528754599282,0.133528754599282,0.88242854172037,1,0.133528754599282
ACOT7,0.119287615344276,1.1834482936813506,0.3793870803654292,986.1359815443668,1,-0.680750378194272,-0.680750378194272,0.432484345052538,1,-0.680750378194272
ACOX3,-0.2275154034554272,-0.9306106924949522,0.5097085737079984,96.86551461248148,1,0.518808551157391,0.518808551157391,0.546372984695338,1,0.518808551157391
ACSS1,0.9748744938578168,6.840775092042179,9.889699123447218e-11,465.7581197379215,1,-0.308220870817881,-0.308220870817881,0.775982202592487,1,-0.308220870817881
ACTB,-0.669178269634587,-11.310159203286371,5.874679680462033e-28,44308.33839213206,1,-0.470548604132442,-0.756018904082115,0.0606581223410837,3,-0.457520406452323
ACTL10,-0.7359249603500606,-2.253091609346634,0.0597053123140162,57.49324617964602,1,-1.25188864275885,-1.25188864275885,0.0754591009257908,1,-1.25188864275885
ACTMAP,-0.3147390904912852,-1.672612992327131,0.1855312584693091,194.0880461121457,1,-0.707643222182113,-0.707643222182113,0.147619053990669,1,-0.707643222182113
ACTN1,-0.4989655603012526,-7.780161883785725,1.2333920924793786e-13,11845.251755236168,1,-0.5856053673303221,-0.5856053673303221,0.330126827633629,2,-0.367896132392568
ACTR3B,-1.2428042008041384,-6.113459219094722,9.651873356327e-09,172.55929009350163,1,-7.1187512109924,-7.1187512109924,0.0006441354066255,1,-7.1187512109924
ACTR3C,-1.5768678531842877,-4.408582105979024,5.673187798366983e-05,53.48432416861159,1,-2.236622852075,-2.236622852075,0.0127939467401331,1,-2.236622852075
ACVR1B,-0.0529557667677819,-0.607354870548778,0.6898276032428174,1201.0307973683932,1,-0.26776798904013,-0.26776798904013,0.797801427249219,1,-0.26776798904013
ACYP1,-0.2647552051101848,-1.2845035011797792,0.3326918902264072,163.41566178002296,1,-0.807591134186168,-0.807591134186168,0.251080057357317,1,-0.807591134186168
ADAM8,-0.7044314051477204,-1.918302165237518,0.1193038486949461,46.01469801394923,1,-1.35350459914006,-1.35350459914006,0.129899019381324,1,-1.35350459914006
ADAMTS17,-0.6247930941103331,-2.963474265825014,0.0098143631146784,135.5041643269207,1,-0.986619376700905,-0.986619376700905,0.236250937341735,1,-0.986619376700905
ADAMTS19,-3.3176480427658825,-12.263660884917677,9.401682430233973e-33,109.48780615343274,1,-0.69115461189077,-0.69115461189077,0.426938590891913,1,-0.69115461189077
ADAP1,-2.949207037234637,-12.45300864394822,9.356345590359989e-34,141.4197717841306,1,-0.26814817881693703,-0.26814817881693703,0.319067002490019,2,-0.829219560146024
ADAR,0.0815879685949664,1.0703329517971694,0.4347732051696595,2542.8623795423546,1,-0.181602375466665,-0.181602375466665,0.865381457612037,1,-0.181602375466665
ADCK1,-0.5991472794245781,-1.7330719484278458,0.1668917506705531,63.0154173273762,1,-1.74259319562917,-1.74259319562917,0.059385797505216,1,-1.74259319562917
ADCY7,1.3364539800515998,5.393272380423968,5.285996149190513e-07,114.9006367734464,1,-0.343482766752603,-0.343482766752603,0.743113123467524,1,-0.343482766752603
ADNP-AS1,0.0028633847781705,0.0035296833068232,0.998886305097305,8.514828837800092,1,-0.646311955369217,-0.646311955369217,0.34368943841809,1,-0.646311955369217
ADPRHL1,0.55737940967238,1.381593690442095,0.2912311706150448,34.91668992816286,1,-0.817499608938243,-0.817499608938243,0.331370495683969,1,-0.817499608938243
ADRA1B,0.6553134969351496,3.062387462228933,0.0073547445986523,138.42363137999192,1,-2.48924041750405,-2.48924041750405,0.0100623697237371,2,-4.65042636111053
ADRM1,0.0719685026012039,0.9393233590940748,0.504107570988644,3649.657875918692,1,-0.19272171749275702,-0.19272171749275702,0.583782049588085,2,-0.503173088168526
ADSS1,-0.1280572916809417,-0.4055202803025409,0.8022357172324283,58.1279693566381,1,-0.0225440118069501,-0.0225440118069501,0.978269647535196,1,-0.0225440118069501
AEN,0.0898337190513345,0.9055572900089018,0.5225982729612472,1018.6751199220162,1,-0.809159129940614,-0.809159129940614,0.300299139440092,1,-0.809159129940614
AFAP1,-0.7930952868007154,-4.5788944310967095,2.713758198233463e-05,249.99885778731556,1,-0.414589392056808,-0.414589392056808,0.66561319328156,1,-0.414589392056808
AFAP1-AS1,-5.290569751650711,-4.654365029312061,1.938228620665753e-05,21.186737202342808,1,0.364302470671995,0.364302470671995,0.718552529300019,1,0.364302470671995
AFF3,4.196292104439709,11.637523764377042,1.4776167430634905e-29,154.1436471434993,1,-0.7235934762817484,-0.7235934762817484,0.226940026469183,2,-1.02823048498634
AFG1L,0.375951808272433,1.1811247529177178,0.3803575870062383,58.81280858323976,1,-0.0527156958491564,-0.0527156958491564,0.961335615963249,1,-0.0527156958491564
AFG3L1P,-0.5102712967058178,-1.3294723078740691,0.0784504784901676,156.90724916921783,2,-1.61701005070316,-1.61701005070316,0.0346467018716167,1,-1.61701005070316
AGAP1,-0.1325888700514252,-1.3459495076650856,0.306148214891845,931.4853540581614,1,-0.173067052997137,-0.173067052997137,0.867314187531441,1,-0.173067052997137
AGPAT2,-0.9247852482966524,-8.82633355777855,2.4755577052194515e-17,1320.5566748432848,1,-0.695986078925113,-0.695986078925113,0.418559352895922,1,-0.695986078925113
AGPAT3,-0.8474005121674334,-9.664403789274711,1.3014463859520355e-20,1778.4980046745934,1,-0.0817935639751664,-0.0817935639751664,0.937907616168117,1,-0.0817935639751664
AGRN,-0.8711005066580554,-5.377985995532234,5.732520302654152e-07,7918.689400274104,1,-0.0591279067805517,-0.0591279067805517,0.958570703526529,1,-0.0591279067805517
AHCY,0.0207616434672222,0.3025900726109793,0.8594017639459279,4789.905533685495,1,-1.4418919551044,-1.4418919551044,0.0177818261323512,1,-1.4418919551044
AHDC1,-0.4863046768430947,-3.400469303130324,0.0025799046855841,392.11637638203234,1,-2.17645679452097,-2.17645679452097,0.0421453618458237,1,-2.17645679452097
AHNAK,0.6637173608262704,7.020854994793211,2.9287039695540867e-11,15351.603914385743,1,-0.964182221327254,-0.964182221327254,0.203822483379744,2,-1.08184158865693
AHNAK2,0.1700797207935329,1.0403987816178564,0.4500534726562004,364.4864545761438,1,0.178916315462048,0.178916315462048,0.86802541355671,1,0.178916315462048
AHRR,-2.79256067459257,-3.704000591624617,0.0009029703620561,16.289511146110463,1,-0.26049385427106,-0.7713870334232882,0.0606510254661129,5,-0.160389433820476
AHSA2P,-0.6984574414280967,-4.088200544190749,0.0002128322803703,306.4229930544811,1,-0.408001436378781,-0.408001436378781,0.663558328674672,1,-0.408001436378781
AIFM2,0.0675543875382411,0.6452081677242956,0.6680198631031395,813.0187199697228,1,-0.843234767622442,-0.843234767622442,0.310070408449566,1,-0.843234767622442
AIMP2,-0.5740508085145131,-5.474775004004695,3.435964157335544e-07,879.5227477193815,1,-0.145630280950683,-0.145630280950683,0.869836934444701,1,-0.145630280950683
AKAP8,0.2181374959874696,1.8571836378317288,0.1336311793861113,581.3615824069818,1,-0.186775706096328,-0.186775706096328,0.851844765109173,1,-0.186775706096328
AKNAD1,-1.111244789385374,-2.928699947645438,0.0108397996940779,47.884941794674255,1,0.460056501217338,0.460056501217338,0.632561903848937,1,0.460056501217338
AKR1A1,-0.2512159984163188,-1.8807438483165335,0.1279358779646698,462.0154993311792,1,0.229746828328532,0.229746828328532,0.832929435366509,1,0.229746828328532
AKT1S1,-0.5215693700157954,-5.38472166768041,5.538127243303669e-07,1074.8222958013132,1,-0.262697951478081,-0.262697951478081,0.808554488332346,1,-0.262697951478081
AKT2,0.2936620993752367,3.4845363003203307,0.0019483028148445,2000.4209083855349,1,-0.0894732638035994,-0.0894732638035994,0.932253891177661,1,-0.0894732638035994
ALDH16A1,-1.576899104234732,-10.67415887886856,5.758991312927074e-25,369.1557460715759,1,0.557047333440112,0.557047333440112,0.522654756882713,1,0.557047333440112
ALDH3A2,-0.5702394081318074,-4.474782745473185,4.253563776697388e-05,446.63609196842754,1,-0.799787350688524,-0.799787350688524,0.33561230779651,1,-0.799787350688524
ALDH3B1,0.0857853139985336,0.3601409590880945,0.8284449660993878,101.27744892186848,1,-0.344374753115686,-0.344374753115686,0.703872906959161,1,-0.344374753115686
ALDOA,-0.3479093822560619,-2.297584697339841,0.0539187532637883,284.07755888758084,1,-1.22330114752697,-1.22330114752697,0.129899019381324,1,-1.22330114752697
ALG10,0.6129852119880221,2.650666218660388,0.0229280334193722,123.69266045019604,1,0.321482483870088,0.321482483870088,0.766072673444486,1,0.321482483870088
ALG13,-0.1186758266630784,-0.8056321229300358,0.5774571781055723,375.4355691975454,1,-0.281870273897257,-0.281870273897257,0.790282441659677,1,-0.281870273897257
ALG3,0.156912681678241,1.217518318578929,0.3637432906823646,885.6848510733217,1,-0.802307387636598,-0.802307387636598,0.33561230779651,1,-0.802307387636598
ALG8,-0.7571047322324755,-5.212107610978558,1.34560015319364e-06,483.9298987337001,1,-7.16347984691335,-7.16347984691335,0.0005174653024612,1,-7.16347984691335
ALKBH4,-0.2144374248952049,-1.2911147168005943,0.3297377735605608,246.6036907577871,1,-8.29752648253577,-8.29752648253577,1.58619259016563e-05,1,-8.29752648253577
ALKBH5,-0.08485611412781,-0.9445427994402592,0.5011169329440334,1845.4715665481117,1,-1.46532542503249,-1.46532542503249,0.0193780383594015,1,-1.46532542503249
AMDHD2,-0.4139325510495787,-2.838927393586009,0.0139234474152453,333.16646389119626,1,-0.047340042502782,-0.047340042502782,0.961447430650173,1,-0.047340042502782
AMMECR1L,0.2311716220685933,1.969802810889196,0.1080332037509502,607.7857853894727,1,0.367084074593484,0.367084074593484,0.610540708958594,1,0.367084074593484
AMN1,0.634262225021724,1.4389119609260743,0.2681067746964181,29.110492116183647,1,-0.58930854668627,-0.58930854668627,0.504272779385644,1,-0.58930854668627
AMZ2,0.7691633083786455,5.817915774533791,5.310415927068304e-08,463.9957578250941,1,-0.183011459306373,-0.183011459306373,0.865029149536423,1,-0.183011459306373
AMZ2P1,0.2427583310134632,0.3694876677128908,0.8230728635213453,11.87779255172211,1,-0.94005712448717,-0.94005712448717,0.251859237515082,1,-0.94005712448717
ANAPC1,0.0916911896843217,0.6863538711480712,0.6455925261165866,693.1953636789411,1,-0.48767083492746,-0.48767083492746,0.596375431238695,1,-0.48767083492746
ANAPC13,0.3574639650848585,2.2794753825306144,0.0561997873746435,270.2184600641748,1,0.360582141941219,0.360582141941219,0.713082022840643,1,0.360582141941219
ANAPC15,0.0154168857945525,0.1137582357334781,0.9521686227484848,446.0434822610644,1,-0.37974273192112,-0.37974273192112,0.631602656003547,1,-0.37974273192112
ANAPC16,-0.2004928311655428,-1.6175816081300554,0.203486914904931,469.82826849928,1,-0.301199033582674,-0.301199033582674,0.781793524660109,1,-0.301199033582674
ANAPC1P2,0.0480803551428045,0.0970989124186659,0.9597206925823016,22.910477924227067,1,0.0032723283566134,0.0032723283566134,0.998735339275568,1,0.0032723283566134
ANAPC7,0.4738137148468209,4.443503572837956,4.874985492674557e-05,683.5189193049924,1,0.0984242301129626,0.0984242301129626,0.932253891177661,1,0.0984242301129626
ANGEL1,-0.5463448629225487,-4.665701848769505,1.839977943970385e-05,645.4636388087902,1,-0.208738384830889,-0.208738384830889,0.840525106884978,1,-0.208738384830889
ANKRD10,-0.2403932065045411,-1.6671417690008752,0.1874234762429031,471.0504433940853,1,-0.375338570958016,-0.375338570958016,0.686604911044241,1,-0.375338570958016
ANKRD11,0.2126403027743979,2.751538864976065,0.0175911100948802,2504.664676483939,1,-5.09755759612411,-5.09755759612411,0.0068082058678392,1,-5.09755759612411
ANKRD12,-0.2301149159171253,-1.8085412309409368,0.146207517720748,468.9934724338914,1,-0.623086973635662,-0.623086973635662,0.465666049376076,1,-0.623086973635662
ANKRD13B,0.2501898725235083,2.005909035799299,0.1004647748809356,448.74101635113993,1,0.199202328469331,0.199202328469331,0.831130577462573,1,0.199202328469331
ANKRD13D,-0.648438082612463,-4.241121576129911,0.0001147786281793,361.7761465079674,1,0.0152386202962786,0.0152386202962786,0.990713286574125,1,0.0152386202962786
ANKRD23,-0.4125209203395181,-0.5422134399427543,0.7274691589644331,10.621461748435062,1,-0.303060744403778,-0.303060744403778,0.781682130096252,1,-0.303060744403778
ANKRD28,0.0288526738623222,0.2879293824096835,0.8660316065125643,1126.2724395079345,1,-0.204252831113263,-0.204252831113263,0.820528120906278,1,-0.204252831113263
ANKRD37,-0.5241717341958136,-2.060255918914202,0.0903413539027148,83.27890279146163,1,-0.815066968216914,-0.815066968216914,0.325120984147133,1,-0.815066968216914
ANKZF1,-0.4423741818551386,-3.2204268760521133,0.0045402621729055,397.5403644800744,1,-0.926467132092521,-0.926467132092521,0.259587916502553,1,-0.926467132092521
ANO1,-1.19604554733872,-13.63673068998356,2.490594119983194e-40,2782.771904697625,1,-0.130571211682764,-0.130571211682764,0.894759439056242,1,-0.130571211682764
ANO7,-0.3084024485420621,-1.5647313400609102,0.2210385781978888,159.6698509689805,1,-0.0271722259698273,-0.0271722259698273,0.973802151490866,1,-0.0271722259698273
ANP32B,0.0461972041478522,0.5821707643670682,0.7043154921412329,3190.771983794508,1,-2.55251719667486,-2.55251719667486,0.0018997629516853,1,-2.55251719667486
ANXA2,0.4302222147758303,6.50283240524937,8.909177088408066e-10,18603.84387556273,1,-0.14232791686115548,-0.14232791686115548,0.880947264849059,2,-0.160527750145928
AOPEP,1.1379194663185972,13.593983891045438,4.301338801368289e-40,1873.203063825733,1,-0.36214646954647245,-1.2033055207011534,0.0153836044497207,4,0.0803094767211811
AP1S1,-0.3386483786307555,-3.646769873314772,0.0011096486676754,1444.8848227074532,1,-0.348097080524974,-0.348097080524974,0.738887120944658,1,-0.348097080524974
AP2S1,-0.3969792431716853,-3.2448941684243344,0.0042193214131407,847.533724608078,1,0.028142764854141522,0.028142764854141522,0.560018929483513,2,-0.467156027710421
AP5S1,-0.0621067503293158,-0.354495112503844,0.8313545449742931,207.9191134572752,1,-0.09860395773048139,-0.09860395773048139,0.81141795952799,2,0.0531338255821262
AP5Z1,-1.5545060114287923,-13.279974523696897,2.627018963637455e-38,721.7998405194844,1,-4.70650638722681,-4.70650638722681,0.0062026987235043,1,-4.70650638722681
APCDD1,-1.6502429905522555,-5.516886720317757,2.753415938903341e-07,7736.389077754954,1,-0.313299813943059,-0.313299813943059,0.750507636387212,1,-0.313299813943059
APCDD1L-DT,3.1699215032799795,1.230539297288611,0.3573838328241509,5.54211803303037,1,0.222703032611911,0.222703032611911,0.835402739009506,1,0.222703032611911
APEH,-0.367847829364281,-4.318612963238354,8.317264988506947e-05,1522.1801137906743,1,-0.217185122214553,-0.217185122214553,0.838611156006195,1,-0.217185122214553
APOLD1,0.3017353928806842,1.1954719206737925,0.3736449201836788,96.49853029513912,1,-0.338409861175814,-0.338409861175814,0.741557265170796,1,-0.338409861175814
APRT,-0.0126555237718811,-0.1199565140856948,0.9492363639996284,1097.1641480711162,1,-0.219600614317827,-0.219600614317827,0.838611156006195,1,-0.219600614317827
ARF1,-0.0072493510117582,-0.0924817073011659,0.9611240567977386,3405.7925457487618,1,-6.42104891213982,-6.42104891213982,0.0017594592408735,1,-6.42104891213982
ARF4,0.5143232821788578,6.556951042651917,6.335751481916936e-10,2350.2758950468765,1,0.232588552393585,0.232588552393585,0.812149620231784,1,0.232588552393585
ARF6,0.0543304852184616,0.5680639385071863,0.7124096872731037,1047.7351262381749,1,-0.913764098817252,-0.913764098817252,0.25850724638249,1,-0.913764098817252
ARFGAP2,-0.2231055128572943,-2.2617125092069346,0.0585463611345985,874.1450083754106,1,-0.341057108531576,-0.341057108531576,0.740269183487328,1,-0.341057108531576
ARHGAP1,-0.086768710527086,-0.9034696849148318,0.5235107353134032,943.566745525248,1,0.0771051517061561,0.0771051517061561,0.944733898979837,1,0.0771051517061561
ARHGAP35,-0.4588161227388314,-5.189821847501425,1.5031812295014692e-06,1857.4901764972988,1,-0.904193111763458,-0.904193111763458,0.211620076776897,1,-0.904193111763458
ARHGAP4,-1.7664202994455052,-18.24864951494204,8.28838351357129e-72,1253.140167596535,1,-0.834258932037112,-0.834258932037112,0.317024042446781,1,-0.834258932037112
ARHGDIA,0.2993447888368843,4.204579592110066,0.0001332734405529,4462.142767309682,1,-1.62677644763354,-1.62677644763354,0.0054371374345416,1,-1.62677644763354
ARHGEF1,0.4492998631761288,5.160256356244559,1.741881705948421e-06,1363.7874487848294,1,-0.183875731600248,-0.183875731600248,0.850255491335713,1,-0.183875731600248
ARHGEF10L,-0.4961744021200447,-1.40797073166719,0.2805856492280991,46.36693543391555,1,-1.1866168002808,-1.1866168002808,0.178933914161434,1,-1.1866168002808
ARHGEF16,-2.4337493406433217,-15.618386414170716,1.0936227638882594e-52,346.920491885292,1,0.1588792202085265,0.1588792202085265,0.572563845542818,2,-0.214203801429594
ARHGEF39,-0.4293817334871381,-2.609959582388102,0.0254453218880845,228.93623974466863,1,-0.410192902874753,-0.410192902874753,0.611413675606311,1,-0.410192902874753
ARID1A,0.109698452530203,1.1257826824021837,0.4063890826141255,1495.5234176922804,1,-0.027351429116774018,-0.027351429116774018,0.504272779385644,2,-0.600596227403661
ARID3A,-0.602370325038331,-4.6041628652896325,2.434619561688078e-05,460.3038907036868,1,-0.745777913671908,-0.745777913671908,0.377974413253461,1,-0.745777913671908
ARMC7,0.5766074527844478,3.4583273966428867,0.0021342938872202,237.26559822529268,1,-1.2119744713601315,-1.2119744713601315,0.105521779724958,2,-0.979301847429633
ARPC2,0.2019988136694305,2.536613298233948,0.030648061808549,2997.0359225512666,1,0.29005967326498,0.29005967326498,0.787405144536771,1,0.29005967326498
ARPC5L,-0.13891339227819,-1.2906927218161954,0.3298528807740752,747.6859592315099,1,-0.125822337749667,-0.125822337749667,0.890443012126056,1,-0.125822337749667
ARSG,0.4895360758987064,2.1327026813301786,0.07778023310554,109.44418051773808,1,-0.547684542544492,-0.5886825907331383,0.147619053990669,3,-1.14227644795346
ASAP1,0.4151491582434123,5.034292954983785,3.247217494487275e-06,1567.690993502995,1,-0.242036034385197,-0.242036034385197,0.82661665396946,1,-0.242036034385197
ASAP2,0.3638863863273333,4.483666566124923,4.103541546002025e-05,1623.3231856363927,1,0.192605421881909,0.192605421881909,0.85657841501708,1,0.192605421881909
ASB4,-0.3366057958359477,-2.651010631759402,0.0229130330438964,710.3580750229759,1,-0.4844249027565789,-0.4844249027565789,0.238113542661398,2,0.0091711412954541
ASCC2,0.0720315982075944,0.6218715194734389,0.6816838121346903,543.0712447688585,1,-0.344520154290691,-0.344520154290691,0.737847335050822,1,-0.344520154290691
ASCL2,-1.9159423999362752,-14.614346082507096,3.3240422078351624e-46,748.6403313468468,1,0.165040542101743,0.165040542101743,0.875219038651072,1,0.165040542101743
ASL,-0.6435190133455769,-3.4422466057624086,0.0022511643473936,204.129533436394,1,-5.97464037003827,-5.97464037003827,0.0028982080745555,1,-5.97464037003827
ASPSCR1,-1.8126045912519648,-16.42516396271942,3.0384244014027202e-58,962.06639645437,1,-0.821557599367746,-0.6779292060316632,0.169193567770885,5,-0.958622001475866
ATF1,0.7113191156168966,6.005119650263993,1.8047678085462518e-08,574.4336663750413,1,0.243970012427401,0.243970012427401,0.790282441659677,1,0.243970012427401
ATF4,0.3560547695075092,4.345775587287865,7.404361086112195e-05,2416.1676039257827,1,-0.713904248650279,-0.713904248650279,0.293446230636254,1,-0.713904248650279
ATF5,-0.8623094936423509,-6.514718583474089,8.261371496199102e-10,538.3747737243606,1,-0.390659544035157,-0.390659544035157,0.634579010834298,1,-0.390659544035157
ATF6-DT,-0.437628111585087,-0.7668885979862269,0.599298008565633,17.23707258375717,1,-1.82212234112848,-1.82212234112848,0.0636982013573742,1,-1.82212234112848
ATG16L2,-0.6787557319380588,-2.527398495138236,0.0313652751723216,94.61685363145502,1,-0.794850145351643,-0.794850145351643,0.33561230779651,1,-0.794850145351643
ATIC,-0.0109534240252443,-0.1375114029222995,0.9405671328679344,2718.171805398113,1,-0.801867726108173,-0.801867726108173,0.332094806525692,1,-0.801867726108173
ATN1,0.7673384506527711,10.459593750259168,5.2010651028365046e-24,3623.7256277807055,1,-1.29080890502076,-1.29080890502076,0.0469345852738983,1,-1.29080890502076
ATP13A1,-0.6704595539460031,-5.64073368763793,1.4131986056214265e-07,1239.673615886953,1,0.154304526075114,0.154304526075114,0.882853238846967,1,0.154304526075114
ATP5F1B,0.7486284992076284,11.62327893057384,1.739779763737544e-29,10412.69632949352,1,-1.28303417107853,-1.28303417107853,0.0938131804350665,1,-1.28303417107853
ATP5F1E,-0.0881495176468353,-0.9827106377930191,0.4806155757045604,1666.341927836966,1,-0.80773167767752,-0.80773167767752,0.314131899361855,1,-0.80773167767752
ATP5MC2,0.6892030975069197,8.189082869550571,5.105113667002115e-15,1583.7512329107326,1,-0.387822494736967,-0.387822494736967,0.67502763370315,1,-0.387822494736967
ATP5MG,0.2492244529627437,2.0133648157614767,0.0989942761613813,642.434645404085,1,0.2396240721657,0.2396240721657,0.827157556252113,1,0.2396240721657
ATP6V1G1,0.2237626999762636,2.0925716669095107,0.0847070680294379,932.00690251876,1,-0.100498884203048,-0.100498884203048,0.930770051679137,1,-0.100498884203048
ATP9A,-1.8980250520130104,-23.407894938507663,4.270422447729464e-118,2606.348515785347,1,-0.5254074578857935,-0.4547196359955011,0.33561230779651,4,-0.777006543255454
ATPSCKMT,-1.3058583440163891,-7.08796184258164,1.8500333619133152e-11,190.55083117816687,1,-0.250226360628934,-0.250226360628934,0.81844614028588,1,-0.250226360628934
ATRAID,-0.8163445139588646,-7.828664183415982,8.564264454048419e-14,858.4839764007137,1,-0.565092887747583,-0.565092887747583,0.49013406719612,1,-0.565092887747583
ATRN,-0.1740448336523048,-1.6086534249085096,0.2065828463578642,901.1381393658376,1,-1.33098174819091,-1.33098174819091,0.12627722824317,1,-1.33098174819091
ATXN1,0.062362322286491,0.6231470554777017,0.6810027858930194,830.7591436268606,1,-0.31121741470174535,-0.31121741470174535,0.514388631553079,2,-0.584390632711622
ATXN2L,0.0486164852024264,0.607501039467502,0.6898276032428174,2646.957215292396,1,-0.298617190940277,-0.298617190940277,0.774760116824885,1,-0.298617190940277
ATXN7L1,0.4044355700596513,2.622283702151211,0.0246627353563822,285.4239098972272,1,-0.273743874913589,-0.273743874913589,0.790282441659677,1,-0.273743874913589
AURKAIP1,-0.1725191086666203,-1.9396088655567865,0.1147015614605614,1425.4914383587338,1,-0.304280543947788,-0.304280543947788,0.780350731517711,1,-0.304280543947788
AURKB,-0.1348130811125329,-1.3714810848876382,0.2952027693264902,1143.1265875477536,1,-0.446755001725333,-0.446755001725333,0.625176118166691,1,-0.446755001725333
AVL9,-0.6135068864459553,-6.315924236912583,2.8577253843945437e-09,994.18670135403,1,-0.22568530692504,-0.22568530692504,0.827157556252113,1,-0.22568530692504
AXIN2,0.3020202109021271,4.185352169239573,0.0001440391777692,5088.081268720482,1,-0.0434606503448658,-0.0434606503448658,0.967164668974475,1,-0.0434606503448658
B3GALT9,0.0515564193089042,0.1958935507240615,0.9125888839204408,83.18085375689196,1,-0.597698475581243,-0.597698475581243,0.503297477139808,1,-0.597698475581243
B4GALNT3,0.028483917688658,0.2381826344972804,0.8910271897740953,713.9160630435152,1,-1.0573944671703,-1.0573944671703,0.216901195704971,1,-1.0573944671703
B4GALNT4,-1.0569311607864211,-8.185916784602428,5.22817703741176e-15,529.6735450005683,1,-0.309540544537174,-0.309540544537174,0.775982202592487,1,-0.309540544537174
B4GALT2,-0.2190317056286386,-1.6370315029189502,0.1974378083931964,454.824967693105,1,-0.931806612296515,-0.931806612296515,0.258449618823169,1,-0.931806612296515
B4GAT1-DT,-0.175984913044276,-0.1877757105111242,0.9169187173308536,7.238670914703032,1,-1.52593704561237,-1.52593704561237,0.102682016615731,1,-1.52593704561237
B9D1,-0.327405434768889,-1.855222399594627,0.1340401809901115,205.07694154099332,1,-0.208956010018076,-0.208956010018076,0.846637008928623,1,-0.208956010018076
BANP,0.1214050760791886,0.6186339422868883,0.6834139227816477,174.9794864995778,1,-0.25127545152833,-0.25127545152833,0.815224833964136,1,-0.25127545152833
BAP1,0.4761209286548052,5.42077005788328,4.569691834995108e-07,1311.246509771126,1,-0.409727526152751,-0.409727526152751,0.671747327814916,1,-0.409727526152751
BAX,-1.046565199619943,-8.71085397146227,6.68725842011208e-17,567.8555545040573,1,-0.681766422347023,-0.681766422347023,0.408159256083608,1,-0.681766422347023
BAZ1B,-0.0807044247463247,-1.15914742132244,0.3909494639585544,4036.3467598619222,1,-0.533531123195787,-0.533531123195787,0.565857212459795,1,-0.533531123195787
BBC3,-0.5407242754617686,-2.4318286402274576,0.0395881001425592,130.38948152314737,1,-0.0092192081780389,-0.0092192081780389,0.993997153496232,1,-0.0092192081780389
BCAR3,0.8679412525991697,8.152057601495208,6.862424914605233e-15,1148.5562422299097,1,-0.191220937755701,-0.32448553747640824,0.418098057229707,3,-0.700204562882748
BCAS4,-0.1830950748531163,-0.8657062771973862,0.5440752944652069,150.9204114858368,1,-0.3644868521732245,-0.3644868521732245,0.631700047042142,2,-0.398404543857693
BCDIN3D,-0.1603618010360885,-0.5512796181644465,0.7223481266375906,65.48184306353882,1,0.378915200060684,0.378915200060684,0.711280218326393,1,0.378915200060684
BCL11A,-0.3352430955902531,-1.4990785745987991,0.2449226427974918,120.1748143526873,1,-0.130682210971808,-0.130682210971808,0.878809123954509,1,-0.130682210971808
BCL2L1,0.2232862524216511,2.738034389720145,0.0182469612132815,3537.3862022678877,1,-1.51252387136381,-1.51252387136381,0.0544075258471445,1,-1.51252387136381
BCL2L13,0.3268425091621144,2.9500473092063837,0.0102006191896084,691.1382615343676,1,-0.85191964214907,-0.85191964214907,0.306065336032067,1,-0.85191964214907
BCL2L2,0.3891328943449456,2.693599347515433,0.0204620205886776,362.5835722411203,1,-0.591241598448712,-0.591241598448712,0.499685180668612,1,-0.591241598448712
BCL7C,-0.9561314297329694,-6.269410568745335,3.794580287279132e-09,315.3559650323632,1,-0.0373142994129595,-0.0373142994129595,0.967164668974475,1,-0.0373142994129595
BCL9L,-0.3240197712658842,-4.1436092638077575,0.0001703091276988,3561.370633409705,1,-0.18131618445378195,-0.18131618445378195,0.768331137018799,2,-0.0457049259832969
BCOR,-0.5086088771794809,-5.827924397668927,5.0187833294438455e-08,1756.6173352909163,1,-0.840781140100784,-0.840781140100784,0.317028355836996,1,-0.840781140100784
BEAN1,-0.8967987589975843,-0.9571866424660236,0.4945709184101473,6.568795914845508,1,0.100373866577902,0.100373866577902,0.914847451617639,1,0.100373866577902
BEGAIN,-1.135916241727807,-2.527912232344174,0.0313303594467609,34.62538698918563,1,-0.641583606921627,-0.641583606921627,0.442956406867031,1,-0.641583606921627
BEX3,0.2261008367323065,1.7607464936718582,0.159272886756311,400.7291298887925,1,-0.129113011143468,-0.129113011143468,0.897459572227288,1,-0.129113011143468
BHLHA15,-1.244505027751424,-5.55876520485293,2.203973218276962e-07,127.43921740465146,1,0.0719872719784469,0.0719872719784469,0.947568479014303,1,0.0719872719784469
BICD2,-0.2260042921507621,-2.248172228589709,0.0604047700162628,1347.9689262392262,1,-0.194697273741869,-0.194697273741869,0.855206961180899,1,-0.194697273741869
BICRA,-0.725073325711661,-4.694217328695875,1.613414072704029e-05,281.6638798945176,1,0.429716330426824,0.429716330426824,0.566324136509443,1,0.429716330426824
BICRAL,-0.121373762521105,-0.5558406434533008,0.719901355452478,123.92897220641062,1,-0.867338486173369,-0.867338486173369,0.286424854708592,1,-0.867338486173369
BIK,0.282842440534572,1.9034958258480352,0.1227293540553094,336.54353905371863,1,-0.7887788212086616,-0.7887788212086616,0.0769762528115542,2,-0.009839918181623
BIN1,-0.5964850108116954,-4.577193225636055,2.73042103386848e-05,482.89518935811776,1,-0.965713595844356,-0.965713595844356,0.10692232599154,2,-0.546347961064882
BIN3,-0.1508647828121795,-0.9395208505881671,0.5041016374976037,255.4936707811934,1,0.168695032707225,0.168695032707225,0.870092508270201,1,0.168695032707225
BIRC5,0.5317479280204338,5.47148086852042,3.489951742129875e-07,1341.467188395627,1,-1.18906372776938,-1.18906372776938,0.141229416502341,1,-1.18906372776938
BISPR,-0.1014629583100459,-0.1876976072871632,0.9169187173308536,20.72163210352756,1,-0.146220702294847,-0.146220702294847,0.888014852845033,1,-0.146220702294847
BLOC1S1,-0.1535243416287943,-0.9032299270048928,0.5235138492894574,204.69861983009065,1,-0.648375502552677,-0.648375502552677,0.442956406867031,1,-0.648375502552677
BLOC1S4,-0.4639601055450503,-2.374051012649283,0.0453173960389353,163.98809880298478,1,-0.393212932155832,-0.393212932155832,0.66561319328156,1,-0.393212932155832
BMP7,-0.5274534103452534,-5.47403500873901,3.4486206815847946e-07,2220.1902163920868,1,0.19650032019636,0.19650032019636,0.814494244246311,1,0.19650032019636
BMPR2,0.0841722323198256,0.8263811720066447,0.5653253726154306,1098.1740519119287,1,-7.10819068490328,-7.10819068490328,0.0006407630625008,1,-7.10819068490328
BNIP2,0.3365427253724457,3.130822797579626,0.0059849070200035,801.2570943188942,1,-1.88804365239415,-1.88804365239415,0.0658899182111128,1,-1.88804365239415
BRAT1,-1.177534655889218,-10.27082739583139,3.4514537351489137e-23,676.3167764450468,1,-0.316157162759869,-0.316157162759869,0.761631618052912,1,-0.316157162759869
BRCA2,0.1645860344885955,1.619248910933922,0.2029954975367321,779.0090316350636,1,-0.159981412936438,-0.159981412936438,0.878374467305909,1,-0.159981412936438
BRD1,0.0458920753508585,0.3682409480157625,0.8240147058385415,467.5709232103745,1,-0.490631780634384,-0.490631780634384,0.600301128327164,1,-0.490631780634384
BRIX1,0.3563008129131027,2.877248021251808,0.0125192054496878,606.8062360630039,1,-0.881486401980649,-0.881486401980649,0.279359173181772,1,-0.881486401980649
BRPF1,-0.0081183601361317,-0.061419615045672,0.9746508104855786,462.4120365168752,1,-0.565658433372453,-0.565658433372453,0.534081318728472,1,-0.565658433372453
BSCL2,-0.6763309224254016,-1.9557792978781332,0.11110329274073,45.325259116032754,1,-0.8179904177407,-0.8179904177407,0.169144708590615,1,-0.8179904177407
BSG,-0.9955141665177182,-10.375228294303138,1.2078844662223375e-23,8806.72354428562,1,-0.605656316551819,-0.605656316551819,0.495967404516131,1,-0.605656316551819
BTBD19,0.2848795971856331,0.8035615654877547,0.5787370583605236,53.90154982237627,1,-0.705066636512386,-0.705066636512386,0.399265814525579,1,-0.705066636512386
BTD,-1.0051978580738614,-6.269587875147116,3.7928025540909735e-09,381.9419527884027,1,-0.126517558583884,-0.126517558583884,0.906427342523667,1,-0.126517558583884
BTF3,0.2896187504121584,3.424943359139037,0.0023852477270451,4430.607329221991,1,0.139597945933534,0.139597945933534,0.881357210567722,1,0.139597945933534
BUB3,-0.2562920353033512,-2.921970216438332,0.0110355130340803,1750.6392366319392,1,-4.80601420018015,-4.80601420018015,0.0011054787558126,1,-4.80601420018015
BZW1,0.1448420794693458,1.569878931945109,0.2194383785936552,2264.9913476571837,1,0.064999051028187,0.064999051028187,0.952581523967589,1,0.064999051028187
C10ORF143,-1.3985756218040797,-1.6379772832434958,0.1971031819890527,9.742599482324817,1,-0.505176314284131,-0.505176314284131,0.588736765004475,1,-0.505176314284131
C11ORF24,-0.5648393774669141,-4.869533490646086,7.143084808747854e-06,667.7487526013665,1,-0.992448681678008,-0.992448681678008,0.231514706947044,2,-1.00839023424898
C11ORF68,0.0014225936338582,0.0093612490108074,0.9963552037344402,328.0795880421196,1,-0.423076870645658,-0.423076870645658,0.516854429720491,1,-0.423076870645658
C16ORF95,-0.3209391943435555,-0.5780009276743553,0.7068262760976434,20.833879952904653,1,-0.517467315986941,-0.517467315986941,0.584248318862519,1,-0.517467315986941
C17ORF75,0.9151345207840332,4.7850758062305845,1.0556560107862457e-05,173.430908271409,1,-1.25624317921659,-1.25624317921659,0.113367498058337,1,-1.25624317921659
C19ORF47,0.7550578660766303,5.572337553111501,2.04849146016398e-07,388.9585106617195,1,0.806346392222242,0.806346392222242,0.317024042446781,1,0.806346392222242
C19ORF48P,-0.311606240602312,-2.9900973047457744,0.0090824717427951,905.796443265075,1,-0.926516370527994,-0.926516370527994,0.245734579390447,1,-0.926516370527994
C1ORF116,-1.455684993892013,-14.092461224686224,5.120671057674376e-43,845.2703928165996,1,-0.287300395976536,-0.4753035708682976,0.297419492873019,3,-0.869250305447586
C1ORF159,-0.2938869602228743,-2.200370934813657,0.0671718724466635,424.8693662980057,1,-0.332761625298494,-0.2111510412487507,0.595792367059861,3,-0.485142165072082
C1ORF56,-0.7843509978817398,-2.4251764480212485,0.0402193405995031,54.96800992102399,1,-0.922610135228383,-0.922610135228383,0.263059935128505,1,-0.922610135228383
C1QTNF1-AS1,-1.4800777940397103,-5.097962900613216,2.3764695741135227e-06,78.45566555902467,1,-0.546477277415026,-0.546477277415026,0.563671643889185,1,-0.546477277415026
C1QTNF6,-0.5383373895343725,-1.500383739974809,0.2444912986134234,53.86765677478449,1,-1.52899570273627,-1.52899570273627,0.0679383187892757,1,-1.52899570273627
C2CD4D,0.6948398452719594,1.076604005576291,0.4312307119353343,15.818168584297265,1,-0.2236998804555865,-0.2236998804555865,0.401022203121828,2,-0.717819645782922
C5,-1.9756321753468609,-4.471669294873436,4.314442191469592e-05,30.75001837195947,1,-5.648124091029,-5.648124091029,0.0047896070129691,1,-5.648124091029
C5ORF24,0.2886084341477972,2.491381211987992,0.0342304778001565,629.7387271518537,1,-0.172343278252778,-0.172343278252778,0.869836934444701,1,-0.172343278252778
C6ORF89,-0.2558737123772532,-2.2676835908288147,0.0577505904535484,621.4886007293308,1,0.316696805597889,0.316696805597889,0.770161238881985,1,0.316696805597889
C8ORF58,-0.0867085979631529,-0.3427635917049772,0.8379699219271111,103.42841688827352,1,-2.04275548397199,-2.04275548397199,0.0291400714991976,1,-2.04275548397199
C9ORF43,0.4420406083244598,0.9084446502523144,0.5209377529973838,23.463789422433123,1,0.488556251595565,0.488556251595565,0.592139266774897,1,0.488556251595565
CAAP1,0.0110927063364237,0.0629882663697071,0.9741418577231707,219.35296909852207,1,-0.294780410917097,-0.294780410917097,0.732382522018902,1,-0.294780410917097
CAB39L,-0.4472771670797985,-2.2964500800370358,0.0540406216198499,173.82514443083258,1,-0.40361665573559,-0.40361665573559,0.67762624494361,1,-0.40361665573559
CAD,-0.155995968069675,-1.803420296431474,0.1475332986080329,3324.234089577653,1,-0.566839768880534,-0.566839768880534,0.332094806525692,1,-0.566839768880534
CALM1,-0.2851131630302356,-3.360191054006134,0.0029282213375988,2707.045827948305,1,-0.137956548244702,-0.137956548244702,0.895582902304612,1,-0.137956548244702
CALML3-AS1,0.1296855856559106,0.1765153226161209,0.9229460723939268,10.072566120994534,1,-0.6134881226537235,-0.6134881226537235,0.121577177581464,2,0.237724673359703
CAMKK1,-0.484172930139379,-2.154155496918184,0.0742555181814008,125.05528685147384,1,-0.66466784951245,-0.66466784951245,0.346062418366117,1,-0.66466784951245
CAMKMT,-0.2824761803057332,-0.9109753839969508,0.5195967001586981,67.17253234289998,1,-0.0510979985047888,-0.0510979985047888,0.958570703526529,1,-0.0510979985047888
CAMLG,0.0560197159383334,0.4443720333561695,0.7808794034368323,502.1759206488162,1,-0.683948469360742,-0.683948469360742,0.390380889237856,1,-0.683948469360742
CAMTA1,0.2141937247847703,1.312858736642233,0.3202400165374886,243.6764636021356,1,-0.568227402874644,-0.568227402874644,0.504224772069749,1,-0.568227402874644
CARD19,-0.4826042769387955,-3.181001937594762,0.0051417665657181,289.1667898751928,1,-0.149581139995343,-0.149581139995343,0.879906194119074,1,-0.149581139995343
CARD9,-0.9859450405680124,-3.3301033851528583,0.0032196261975999,77.46081855518474,1,-0.0402038034513438,-0.0402038034513438,0.970247035747532,1,-0.0402038034513438
CARM1,-0.1971510091873569,-2.048429004184773,0.0924942110418195,1034.0354861172918,1,-0.355430448228657,-0.355430448228657,0.69967907855185,1,-0.355430448228657
CASC3,0.9005559091340725,9.387097040535062,1.6884937558425166e-19,1233.0378439337846,1,-0.585278908499466,-0.585278908499466,0.51493995131783,1,-0.585278908499466
CASP9,0.2746705455950691,1.1688135052910944,0.3861086132479971,105.21353959717943,1,-0.0135044823897923,-0.0135044823897923,0.991972124187714,1,-0.0135044823897923
CATSPER3,0.5289367659859406,0.4701335660613389,0.7670695761169201,5.06603817188031,1,0.0699558708981212,0.0699558708981212,0.947929698617647,1,0.0699558708981212
CBX3,-0.9292591231909274,-11.416111717754934,1.7865364672689711e-28,2216.150553952333,1,0.171313119910519,0.171313119910519,0.864017979217365,1,0.171313119910519
CBX5,0.3166051691318557,3.85606421365153,0.0005206862015301,2927.0979092837388,1,-0.218340125587304,-0.218340125587304,0.594506634207759,2,-0.450574272150282
CBX8,-0.5527120051959046,-3.760905324133675,0.0007392429743666,314.8840480587954,1,-0.466883311906449,-0.466883311906449,0.594087903304916,1,-0.466883311906449
CCAR1,0.2813773995022056,2.911884424661831,0.0113658824771723,1585.7074059028216,1,-0.592327933953754,-0.592327933953754,0.498446801933624,1,-0.592327933953754
CCDC124,0.315730285424291,2.799596331781122,0.0154378587847906,720.0380713819861,1,-1.16695540810042,-1.16695540810042,0.123454285495779,1,-1.16695540810042
CCDC170,-0.7274256361622068,-1.6964240524721608,0.1779943157268927,27.9414126361724,1,-1.11701351662953,-1.11701351662953,0.169193567770885,1,-1.11701351662953
CCDC174,0.2640830858967254,1.1788145432085746,0.3813600822606823,119.40931607394153,1,-0.396401048652533,-0.396401048652533,0.654262693519241,1,-0.396401048652533
CCDC18-AS1,-0.1083219863619073,-0.2144311474027499,0.9030810250783508,27.41067100717587,1,-1.02609473505025,-1.02609473505025,0.199300090657115,1,-1.02609473505025
CCDC57,0.2098549388692544,1.5814375231679492,0.2156375146241795,434.7866909194893,1,-1.45456388022108,-1.45456388022108,0.0616455501906922,1,-1.45456388022108
CCDC71,0.0383799747245575,0.1893145658908613,0.9158770800496772,166.18197434373516,1,-0.341481852972834,-0.341481852972834,0.741557265170796,1,-0.341481852972834
CCDC87,-0.1433316322390257,-0.2364526669781329,0.8916155948042738,17.032343241334306,1,0.0462042615327375,0.0462042615327375,0.961447430650173,1,0.0462042615327375
CCDC9,-0.5413129945191653,-3.186811455581376,0.0050554659474151,287.21038419646834,1,-0.0646959048904492,-0.0646959048904492,0.947929698617647,1,-0.0646959048904492
CCDC97,0.6323960253719103,6.089475413655077,1.1112475675065865e-08,798.518206474534,1,-1.16302074599994,-1.16302074599994,0.109372351521906,1,-1.16302074599994
CCDC9B,0.3051216501198674,2.537511744443607,0.0305748615972115,1289.8873196714403,1,-0.771977572203766,-0.771977572203766,0.356952131490381,1,-0.771977572203766
CCNB2,0.2650037622663544,2.84107322010789,0.0138355471397444,1069.109986942287,1,-0.547468787222028,-0.547468787222028,0.563671643889185,1,-0.547468787222028
CCND1,-0.0384714738295741,-0.6160146870583321,0.6852057197698316,14186.030826149368,1,-0.740085311283834,-0.740085311283834,0.374599980977618,1,-0.740085311283834
CCNF,0.0740990847570778,0.6444872631762173,0.6685113430494435,708.6095711880142,1,-0.0866159928213427,-0.0866159928213427,0.933305229909995,1,-0.0866159928213427
CCNL1,0.3974371211883948,3.2167456098331733,0.0045957904380005,931.4362673131244,1,-0.234302832907748,-0.234302832907748,0.832929435366509,1,-0.234302832907748
CCNL2,-0.9365952038278428,-8.997111685659812,5.624941477638459e-18,1929.8426442263203,1,-1.35447807287774,-1.35447807287774,0.0748128235531707,1,-1.35447807287774
CCT4,0.2440219804884372,3.6761376016862224,0.0009982551104986,4639.928305388836,1,-0.170374494940781,-0.170374494940781,0.869836934444701,1,-0.170374494940781
CCT6B,-1.464602472807165,-1.9134244671306195,0.1203323371742839,11.65745647842146,1,-0.601779594666178,-0.601779594666178,0.503417598547283,1,-0.601779594666178
CCT7,0.2047404602671259,3.027334072252728,0.0081693382879837,6805.617991859551,1,-0.998354928780153,-0.998354928780153,0.159372484887501,1,-0.998354928780153
CD164,-0.4150605902391676,-4.989968510879908,4.025599032010789e-06,2300.5166063261186,1,-0.587114528817637,-0.587114528817637,0.516854429720491,1,-0.587114528817637
CD63,-0.2893992954225453,-3.576202975470139,0.0014204346415598,4323.540586581833,1,-0.744391342878121,-0.744391342878121,0.348123688952041,1,-0.744391342878121
CD70,-1.5846491193140209,-4.590487285648117,2.584173522218661e-05,81.94371015574181,1,-0.015500179359109,-0.015500179359109,0.990487750520431,1,-0.015500179359109
CD82,-2.18896707185178,-17.188718918246465,9.887442841338445e-64,1639.0860359120184,1,-0.636984219080962,-0.636984219080962,0.442235360387848,1,-0.636984219080962
CD9,-0.2745463047697223,-2.9452094539383364,0.0103444961164503,8884.66803949526,1,-1.0543369076994584,-1.0543369076994584,0.0153836044497207,2,-2.47002326343868
CDC20-DT,0.1856042736062017,0.2430153364994178,0.888599595706339,10.614678084430546,1,-1.40285169547968,-1.40285169547968,0.0786102083274679,1,-1.40285169547968
CDC25A,0.3761337328486515,3.647827422023354,0.001105387934753,1000.4903097609712,1,-4.8936313725974,-4.8936313725974,0.0081762176951353,1,-4.8936313725974
CDC25B,0.115409702673053,1.2608330879327232,0.3434253681243749,2910.7449744269047,1,-0.408093808727577,-0.408093808727577,0.461090574870585,2,-0.640379519344106
CDC34,-0.1114979890353204,-1.0498182860983272,0.4452455305228748,963.1279370759628,1,0.792203525646715,0.792203525646715,0.327680518389819,1,0.792203525646715
CDC6,0.3989349479118869,4.215705592905553,0.0001274089499298,1405.0410201934417,1,0.139378620268288,0.139378620268288,0.890241311701318,1,0.139378620268288
CDCA4,0.0265716578754098,0.2478262066797283,0.8862768571150368,715.2924518358566,1,-1.26323635176244,-1.26323635176244,0.0942022044922228,1,-1.26323635176244
CDH13,-1.619953579460067,-12.459163698023143,8.739277898991265e-34,507.2925809489146,1,-0.781998769884226,-0.781998769884226,0.345796102081179,1,-0.781998769884226
CDK11A,-0.0830158711486519,-0.189476392746844,0.9158770800496772,31.623263903434324,1,0.377132953525353,0.377132953525353,0.707649708985425,1,0.377132953525353
CDK11B,0.0627196913637074,0.4231193216847503,0.7918582271693283,308.1090920973084,1,-0.175164168220541,-0.175164168220541,0.865913769007455,1,-0.175164168220541
CDK15,0.2145749045809053,0.8211327954669946,0.5686224254797914,95.0386216209724,1,-0.198331898692263,-0.277697328812693,0.245734579390447,3,-0.962231134121446
CDK19,-0.0452777672283627,-0.2993896372617615,0.8608977280008051,274.6363083002522,1,-0.423511737963972,-0.423511737963972,0.632561903848937,1,-0.423511737963972
CDK4,0.3008920844096412,3.9616471449319546,0.0003501534478483,2554.766448375139,1,-0.483201023734445,-0.483201023734445,0.593668688754334,1,-0.483201023734445
CDK8,-0.7142899620889508,-8.979964654323371,6.528150276478058e-18,1917.154426462957,1,-0.355447768264214,-0.355447768264214,0.21916695015126,2,0.141899946203045
CDKN1B,1.0213044330890315,10.20666937877005,6.54669940697482e-23,844.2011263201276,1,0.00474956930177235,0.00474956930177235,0.995673264758974,2,0.0030715999581093
CDKN2B-AS1,0.1641865577230335,0.444542217593383,0.7808794034368323,42.62682856762228,1,-1.74099767690695,-1.74099767690695,0.0344474927102648,1,-1.74099767690695
CDS2,-0.5453833176026692,-4.169689680485764,0.0001538061061456,726.0403402931533,1,-0.982075754290413,-0.982075754290413,0.234347649647336,1,-0.982075754290413
CEACAM16-AS1,-0.3448030037708887,-0.8114842548294013,0.5742393740032686,29.17806246514868,1,0.355181301848329,0.355181301848329,0.723194716006935,1,0.355181301848329
CELF1,0.1497946391028595,1.9296152784058196,0.1168958221966799,2961.172120628127,1,-0.6446833413883415,-0.6446833413883415,0.252283407639987,2,-0.949733227320997
CENPM,0.0144145957046472,0.0876533718346546,0.9629231053112488,275.2299446980145,1,-0.260502742289762,-0.260502742289762,0.809266618514092,1,-0.260502742289762
CENPV,-0.5670802216040505,-5.745992937433203,7.905373250565496e-08,945.3780945458494,1,-1.17599862543561,-1.17599862543561,0.160955088149384,1,-1.17599862543561
CEP112,0.3942230997643865,1.7048139035232328,0.1753143357453085,106.16403858474315,1,-0.789263750047992,-1.156133621995848,0.0515231424822986,3,-2.59010188899541
CEP131,0.2286525262849907,1.6141196406334537,0.2047510888792255,413.3250605908223,1,-0.118770443500264,-0.118770443500264,0.910367000161126,1,-0.118770443500264
CEP250,-0.1613081467788492,-1.4908212256570088,0.2480446888119227,749.5285689371233,1,0.0499849805402471,0.0499849805402471,0.963079000511928,1,0.0499849805402471
CFAP144,-1.6121023835926094,-2.098268130398797,0.0837662901046188,9.61179065686475,1,-0.387992799679867,-0.387992799679867,0.680192126202857,1,-0.387992799679867
CFAP251,0.5796974224094208,2.0158431033336064,0.0985380126712218,70.09746654072943,1,0.040271733805797,0.040271733805797,0.965899374321037,1,0.040271733805797
CFAP418,0.1253277940207673,0.3559349422411167,0.8305721409648741,47.45775328745861,1,0.171076905963508,0.171076905963508,0.86036846846945,1,0.171076905963508
CFAP68,0.2715467876758643,1.0424780827942428,0.4489876638028545,88.90380398101426,1,-0.155554862579803,-0.155554862579803,0.864863010261872,1,-0.155554862579803
CFAP97,0.051976852532366,0.5205765959981239,0.7399604306004307,853.6622996403239,1,-0.191737582616942,-0.191737582616942,0.842328854376119,1,-0.191737582616942
CGREF1,-1.8177073966898616,-13.37458198764268,7.692293957275594e-39,481.16606822881175,1,0.267574160900979,0.267574160900979,0.79565142068141,1,0.267574160900979
CHASERR,0.2530240596368273,1.5661600213173952,0.2206217570440899,248.3703449000377,1,-0.286558681367562,-0.286558681367562,0.781793524660109,1,-0.286558681367562
CHCHD4,-0.0960358028934258,-0.5553505466361287,0.7200684474714572,218.68671464671948,1,-2.44329816168043,-2.44329816168043,0.0239740401240284,1,-2.44329816168043
CHD6,0.0897206426327352,0.904262991997429,0.523203354536167,1027.5477319016609,1,0.0915397988646865,0.0915397988646865,0.936840531605559,1,0.0915397988646865
CHEK1,0.0455720437515285,0.4309287230318822,0.7882545395516163,681.7564801034642,1,-0.302134781806487,-0.302134781806487,0.767305731379286,1,-0.302134781806487
CHFR,0.913214261840474,5.89073619655169,3.5024325121762115e-08,300.1017188104954,1,0.178786613381859,0.178786613381859,0.819972739624465,1,0.178786613381859
CHI3L1,-2.7176497908518296,-14.172009233869169,1.6939294930697089e-43,296.3191219599694,1,-0.14478058563188148,-0.14478058563188148,0.529956745912841,2,0.249585321934171
CHPF,-0.5833888396717416,-5.772238333618224,6.862058864960737e-08,3603.648870246819,1,-0.503341085921184,-0.503341085921184,0.563671643889185,1,-0.503341085921184
CHST11,-0.261826170323674,-2.617222478541192,0.0249640424730274,2851.2223046518056,1,-0.2813724220282875,-0.2813724220282875,0.654262693519241,2,-0.437125881758509
CHST15,-2.3866826840812303,-14.217790026644613,8.886706986733549e-44,371.6332126801025,1,-0.483872442541665,-0.483872442541665,0.572563845542818,1,-0.483872442541665
CHTOP,-0.1779278533919427,-1.5697446678389535,0.219444350247673,639.0899110059821,1,-0.639716421815759,-0.639716421815759,0.373678523889628,1,-0.639716421815759
CIC,-0.1910371582438182,-1.9386591690879065,0.1148741101048267,1304.9245403798966,1,-0.848340981455609,-0.848340981455609,0.207235529827352,2,-0.790360963179006
CIMIP2C,0.1914087362997328,0.61063674193725,0.6880012626336969,71.74951891183606,1,-0.786178317804067,-0.786178317804067,0.321856031991203,1,-0.786178317804067
CIT,0.4899942750244858,4.934438589707015,5.2377059318923385e-06,1315.9702738698743,1,-0.627201752135315,-0.627201752135315,0.454622533556844,1,-0.627201752135315
CLCF1,-0.1405693078636307,-0.6235432704875427,0.6808928384461912,123.7319266932239,1,0.0526851009748289,0.0526851009748289,0.958087221827192,1,0.0526851009748289
CLDN4,-1.4278315739701322,-13.765700217870693,4.3588125683577675e-41,1983.330279393123,1,-0.0180178038242825,-0.0180178038242825,0.98990484601319,1,-0.0180178038242825
CLEC11A,-1.9271849881029128,-7.156780059492618,1.1517485976709566e-11,95.03819468817696,1,-0.227885887845454,-0.227885887845454,0.83377421496265,1,-0.227885887845454
CLIP1,0.3874568309289179,3.9425272800081146,0.0003766792299533,1033.925489320049,1,-0.553389006331302,-0.553389006331302,0.507963355094172,1,-0.553389006331302
CLIP2,-1.7365117180138456,-18.099861314107347,1.1890412803975543e-70,1236.5391024334374,1,-0.2172536621715625,-0.2172536621715625,0.654262693519241,2,-0.018906521534066
CLNS1A,0.2785406902175221,2.8463823420851195,0.0136364657862926,1267.141578738152,1,-0.109864542693021,-0.109864542693021,0.921627963622662,1,-0.109864542693021
CLPTM1,-1.0404914857341716,-9.353773373867607,2.2952807985759263e-19,1798.755680421114,1,-0.024201934129855,-0.024201934129855,0.985482082833443,1,-0.024201934129855
CLTC,0.672435202110811,7.97155023942864,2.8581966156431057e-14,8409.205715195392,1,-0.527701052348052,-0.527701052348052,0.563671643889185,1,-0.527701052348052
CNBD2,-0.942967980433705,-2.6957622258553844,0.0203371732269015,47.17380938265481,1,-0.0786593448382667,-0.0786593448382667,0.943450460600675,1,-0.0786593448382667
CNBP,0.4950981384256518,7.10266572648319,1.678014939518433e-11,3967.741613863525,1,0.181718349435577,0.181718349435577,0.853775062485105,1,0.181718349435577
CNOT1,0.2494140512528615,3.048720825716453,0.0076730329626398,3081.823478938445,1,-0.55880750582144,-0.55880750582144,0.519291195854436,1,-0.55880750582144
CNOT8,0.2209045925530874,1.5875093106270513,0.2136943831041327,419.2268634906559,1,-0.772958447603894,-0.772958447603894,0.356598959123863,1,-0.772958447603894
CNPY2,-0.2781830584721206,-1.83218535277133,0.139729264494186,310.0434739239259,1,-0.318532536501969,-0.318532536501969,0.727820322880921,1,-0.318532536501969
COA1,-0.6806770717126688,-6.069295255267266,1.2442913475342796e-08,667.2017930790805,1,-0.618069698985598,-0.618069698985598,0.467702227828023,1,-0.618069698985598
COA4,0.2377249353941565,1.9181407801950772,0.1193316226641809,550.2740659077558,1,-0.665282299600298,-0.665282299600298,0.415866492372866,1,-0.665282299600298
COA7,0.3981223037900905,3.442051924958064,0.0022522229045187,673.8939500004624,1,-0.905885079437493,-0.905885079437493,0.269758453648707,1,-0.905885079437493
COASY,0.3879074300938956,4.593535767434728,2.549550435708562e-05,1633.3180834164325,1,-0.664755264301094,-0.664755264301094,0.399147009742082,1,-0.664755264301094
COG1,0.620982911439435,4.5886480235093146,2.603509373610537e-05,408.03040177124666,1,-0.518430763079956,-0.518430763079956,0.561746052189852,1,-0.518430763079956
COL16A1,-0.1649643312938299,-1.2776373546564197,0.3356360288125079,425.5120548286882,1,-0.921640775709458,-0.921640775709458,0.163009613279465,2,-0.617383174418136
COL1A1,1.3879070922176522,4.316994243787256,8.358642920027334e-05,56.26461809273864,1,0.445044442667341,0.445044442667341,0.637282249287192,1,0.445044442667341
COL2A1,-0.7491609960066059,-1.505087323163178,0.2427393245013742,21.48898920453005,1,-1.26943564305098,-1.26943564305098,0.149609880180586,1,-1.26943564305098
COL4A2-AS1,-1.193779717389849,-1.502152908445162,0.2437596376037521,7.696769169561913,1,-0.743163353018783,-0.743163353018783,0.369158509177372,1,-0.743163353018783
COL5A1,6.720823931176576,2.799602280708272,0.0154378587847906,10.399826327277156,1,-0.52427931952945,-0.52427931952945,0.550197132266059,1,-0.52427931952945
COL6A3,0.3513164491283184,1.0975479180293644,0.4208479410185472,65.74630779644711,1,0.20882011867397,0.20882011867397,0.848353740586785,1,0.20882011867397
COL7A1,0.0802769906630735,0.3919441230929033,0.8100943406245775,187.0705689725285,1,-0.733534935098393,-0.733534935098393,0.386476680956305,1,-0.733534935098393
COLEC11,0.3118215037373293,0.8896459811899293,0.5309991562678794,49.094904049546685,1,-0.953470056935022,-0.953470056935022,0.173876406660484,2,-1.064634913477
COMMD10,-0.167085529262629,-0.7358930626797232,0.6174128997971015,125.59871359051208,1,-0.997895901846741,-0.997895901846741,0.234801406286453,1,-0.997895901846741
COMMD4,-0.6402484545891193,-4.779210967381261,1.0845482643105502e-05,428.7270582903768,1,-1.06912229254475,-1.06912229254475,0.209407030807346,1,-1.06912229254475
COMTD1,-0.7762849473374372,-4.851247127927523,7.777177444982158e-06,308.6264998083423,1,-0.261022743438271,-0.261022743438271,0.809266618514092,1,-0.261022743438271
COPS6,-0.1013354337458799,-1.2621005574501905,0.3428582859117494,2448.831370411802,1,-0.72137148107441,-0.72137148107441,0.38321517618047,1,-0.72137148107441
COPS7A,1.0020804504960483,8.03212157832735,1.7785830265841063e-14,861.1435610198918,1,-0.216298811041434,-0.216298811041434,0.792567400249685,1,-0.216298811041434
COPZ1,0.6240667958478172,6.996283731904327,3.4731448100654977e-11,1520.7986227819,1,0.43771374338603,0.43771374338603,0.654262693519241,1,0.43771374338603
COQ8A,-0.2754494534931678,-0.2587733201935484,0.8805673225904707,5.041395694802231,1,-0.314176263954563,-0.314176263954563,0.766632777148422,1,-0.314176263954563
COQ8B,0.0746958269089199,0.5698529817789239,0.7115749167915626,438.3621080953059,1,-0.93177097633635,-0.93177097633635,0.25850724638249,1,-0.93177097633635
COQ9,-0.3121787149053177,-2.05431889346744,0.0914094124451114,308.09688670837926,1,-0.547132361139061,-0.547132361139061,0.54537507881474,1,-0.547132361139061
CORO1C,1.0102381677585457,14.24444409862834,6.270823263363271e-44,4252.17828850416,1,-0.894977481281736,-1.2527843724970096,0.043601945597182,3,0.0095208196260477
COX20,0.491656527292145,3.695066063926394,0.0009317724096349,453.3701958999243,1,-1.32146139085996,-1.32146139085996,0.104962546556345,1,-1.32146139085996
COX7A2L,0.295739402874562,2.756669790082467,0.0173503872156079,732.3269431625966,1,-0.382194412076302,-0.382194412076302,0.685458443889461,1,-0.382194412076302
COX7B,0.4412103534902376,4.357814509793786,7.042314870529778e-05,954.628275136644,1,-0.0607173608543364,-0.0607173608543364,0.950234199253319,1,-0.0607173608543364
CPSF2,0.3222387594930909,3.6847286049660855,0.0009680527606491,1484.9864056500053,1,-0.927146956897482,-0.927146956897482,0.207235529827352,1,-0.927146956897482
CPSF4,-0.3864260020839791,-3.831692754299833,0.0005697022848715,950.4434281354528,1,-0.977221156157059,-0.977221156157059,0.238113542661398,1,-0.977221156157059
CPSF7,-0.0412815773856923,-0.5231163607732648,0.7382241248932905,1965.867013560879,1,-1.1376977805649,-1.1376977805649,0.178933914161434,1,-1.1376977805649
CRABP2,-0.9156440177396908,-9.854010495878873,2.1271864624457568e-21,1517.3922945639574,1,-0.972307416104756,-0.972307416104756,0.237616649128218,1,-0.972307416104756
CRCP,0.2250731038248449,2.08418204236857,0.0860701061351463,775.7848952840621,1,-0.606177306135602,-0.606177306135602,0.499681963385062,1,-0.606177306135602
CRKL,0.3264306312992114,3.4477169128605776,0.0022115847041093,1200.0924861983085,1,0.674188727831122,0.674188727831122,0.43572281394261,1,0.674188727831122
CRYGN,-1.2340450328951222,-5.702255088954549,1.0061044137651009e-07,130.49746670556866,1,0.319539509767211,0.319539509767211,0.767305731379286,1,0.319539509767211
CRYZL1,-0.1512172819978649,-0.6043349729954673,0.6913469103707512,96.40928560410067,1,-0.257037576983779,-0.257037576983779,0.745430144824874,1,-0.257037576983779
CSE1L,0.1037092234611402,1.4408254486361645,0.2673538368636144,4359.751575012238,1,-0.152144654504639,-0.152144654504639,0.86697426881527,1,-0.152144654504639
CSF2,2.142102643883187,3.3944683128956683,0.0026287296026787,220.2437716875796,1,-1.17834213520096,-1.17834213520096,0.169193567770885,1,-1.17834213520096
CSNK1A1,0.5362111206222318,6.255601935856886,4.126697860238872e-09,2092.9047527030352,1,-0.422178806128452,-0.422178806128452,0.645516000201603,1,-0.422178806128452
CSNK1E,0.030815742165467,0.2866166055158987,0.8666604383027458,792.3516987406912,1,0.0691276125413817,0.0691276125413817,0.943510882115048,1,0.0691276125413817
CST5,-4.365915417323397,-11.750545142620847,4.088262695420466e-30,93.26667304914054,1,0.151846224625596,0.151846224625596,0.883762488567115,1,0.151846224625596
CST7,-0.9039324236988588,-9.2062620379625,8.84188458869852e-19,957.9455928881384,1,-0.285616687263459,-0.285616687263459,0.790282441659677,1,-0.285616687263459
CST9,0.6870757794875729,1.2927937547045598,0.3289504284502835,19.28570698269735,1,0.590409192793165,0.590409192793165,0.501605120377055,1,0.590409192793165
CSTB,-0.3518572742357164,-3.5079060299149845,0.0017978533755007,912.1956409164624,1,-0.0908025479156281,-0.0908025479156281,0.928916921763487,1,-0.0908025479156281
CTC-338M12.4,-0.2753328650024812,-1.185028200678978,0.3787135321885577,123.41243131204358,1,-0.410339147055615,-0.410339147055615,0.654841996404859,1,-0.410339147055615
CTDSP1,-0.4623680188656505,-4.993529280461055,3.962186877696872e-06,1319.1205103693974,1,-0.111895485100115,-0.111895485100115,0.916982111216866,1,-0.111895485100115
CTDSPL,0.4056279092562889,5.171977334221966,1.6465826563687245e-06,3066.2234723968586,1,-0.0956359389985065,-0.0956359389985065,0.934200423628077,1,-0.0956359389985065
CTDSPL2,0.169033030561161,1.2855562605066773,0.3321724232194168,403.25994186467295,1,-1.34054876385119,-1.34054876385119,0.107511643506819,1,-1.34054876385119
CTNNA1,0.5303176532583399,7.2354791461622545,6.683413607337506e-12,7680.5379369716675,1,-0.6916345284900396,-0.6916345284900396,0.254087624750243,2,-0.942953294822596
CTPS1,-0.2080076169906078,-2.225758754254142,0.0634403417005117,1179.3317765083953,1,-0.315084955270474,-0.315084955270474,0.74041602640521,1,-0.315084955270474
CTR9,-0.3398075086404845,-4.015669407734215,0.000283111140655,1583.864068829279,1,-0.9915448807887,-0.9915448807887,0.200850706011295,1,-0.9915448807887
CTSZ,-1.1684330601728514,-12.908789798167222,3.269388333888692e-36,4065.818345047861,1,-0.212291961062915,-0.212291961062915,0.841895659038769,1,-0.212291961062915
CUEDC1,0.6763871522813809,6.339270109440286,2.475133129848929e-09,1093.323069763168,1,-0.79407817726463,-0.6655882409784897,0.106701461099283,5,-0.97137958593961
CUL5,0.0201567688859203,0.1730394323445591,0.9245672578696832,556.9430585204146,1,0.199592811640266,0.199592811640266,0.832929435366509,1,0.199592811640266
CUTC,0.7623472551196696,2.752500412871779,0.01754619220353,82.16562985082034,1,-0.197491507346068,-0.197491507346068,0.856228686620556,1,-0.197491507346068
CUX1,-0.0695683795591358,-0.8080741212377888,0.5760757184197942,1548.6061958882378,1,-0.4431152463249755,-0.4431152463249755,0.317024042446781,2,-0.842203909065411
CXXC5,-0.6130308715399186,-6.477243289441135,1.046839177407516e-09,1234.966622705033,1,-1.041113694747965,-1.041113694747965,0.0469345852738983,2,-1.42958439442481
CYB561,-0.0876731428955161,-0.6740227949421522,0.6525511914420178,687.133790385548,1,-2.10061556787273,-2.10061556787273,0.0005953556196104,1,-2.10061556787273
CYB5D2,-0.5634820298833813,-2.4842626086866173,0.0348445527425062,125.16253969908033,1,0.057523484694911,0.057523484694911,0.958570703526529,1,0.057523484694911
CYP20A1,-0.4779998551150786,-3.4242083069418694,0.0023899300117738,399.2784948109036,1,-1.1176393614349,-1.1176393614349,0.129892772014204,1,-1.1176393614349
CYREN,-0.5171826825033754,-4.038444295901087,0.0002588325376223,436.5735947694205,1,-0.10191055600573,-0.10191055600573,0.928572262845334,1,-0.10191055600573
D2HGDH,-0.4705290584772329,-2.558381533280851,0.0289873247772375,175.44985772657216,1,-0.68128532888086,-0.68128532888086,0.430214382891156,1,-0.68128532888086
DAGLB,-1.118116737293775,-7.813181693737812,9.599928254551529e-14,415.48866993524393,1,-0.422435459062606,-0.422435459062606,0.632561903848937,1,-0.422435459062606
DARS1-AS1,-1.1408851044447863,-1.6529172737830595,0.1920993706414575,14.825225130234136,1,0.319883660740578,0.319883660740578,0.738446809429701,1,0.319883660740578
DAZAP1,0.0043516422122058,0.0590557677722091,0.975373085133545,2685.7876347722445,1,-0.843278883464946,-0.843278883464946,0.315521255365302,1,-0.843278883464946
DAZAP2,0.5103544229094544,5.988993753045643,1.9835286272453816e-08,2262.5633409136526,1,-0.821709323353968,-0.821709323353968,0.322369858222331,1,-0.821709323353968
DCAF10,-0.5663048364466226,-4.224503586057468,0.0001228540985982,377.85969196014776,1,-0.20961040931607,-0.20961040931607,0.832929435366509,1,-0.20961040931607
DCAKD,-0.04694221879833,-0.285926948879417,0.8669708458111008,253.57744780992584,1,0.10222064707812,0.10222064707812,0.914999937135485,1,0.10222064707812
DCLRE1C,0.3243716411588625,1.787263057958912,0.1518903820397345,195.5912401565344,1,-0.37401732385877,-0.37401732385877,0.713082022840643,1,-0.37401732385877
DCPS,0.1581263980504257,1.2589132826644769,0.3441349910760493,449.94869493138685,1,-1.06501710987152,-1.06501710987152,0.206836396165408,1,-1.06501710987152
DDB2,-0.1206846828835697,-0.9147726185685112,0.5176100253769396,400.7141987652422,1,-1.21348766812128,-1.21348766812128,0.0981268603512028,1,-1.21348766812128
DDN,0.4677081638147947,3.0346867318185344,0.0079948199542378,300.33830641520774,1,-0.737362071070821,-0.737362071070821,0.377501675757895,1,-0.737362071070821
DDOST,-0.4643249187614982,-2.5586040675383948,0.028984110700315,2414.6146946900844,1,-0.551911458957285,-0.551911458957285,0.559645347076052,1,-0.551911458957285
DDX1,0.4529340253215641,5.317668091060814,7.883926564352126e-07,2400.0543252007765,1,-0.64744244621046,-0.64744244621046,0.443821864609894,1,-0.64744244621046
DDX11,0.8237037596798208,7.909510608375487,4.6006272639097234e-14,797.6859817424672,1,-1.25571376050251,-1.25571376050251,0.121507889534125,1,-1.25571376050251
DDX17,-0.3402947775810465,-3.867851678878867,0.0004980756776309,4304.648739751672,1,-0.461172264138777,-0.461172264138777,0.632561903848937,1,-0.461172264138777
DDX21,0.5867510937865702,7.7951316150624,1.1004206203564901e-13,4070.705134493582,1,-0.157185436151343,-0.157185436151343,0.88242854172037,1,-0.157185436151343
DDX3X,0.1541323444940105,2.092172199168729,0.0847649434490565,6032.20701014527,1,-0.292230685826712,-0.292230685826712,0.754178369724688,1,-0.292230685826712
DDX46,0.5395203495306651,5.711865263973357,9.534884049985536e-08,1811.143884758246,1,-6.58173357828123,-6.58173357828123,0.001473398927827,1,-6.58173357828123
DDX5,0.4999232088626996,6.28401019673302,3.4755819141778954e-09,5590.707438941346,1,-0.229181648538573,-0.229181648538573,0.832929435366509,1,-0.229181648538573
DDX50,0.2459563380369173,1.6786373652695352,0.1835568544573271,312.0816183405444,1,-0.254691709847026,-0.254691709847026,0.812149620231784,1,-0.254691709847026
DDX54,0.6501907664769142,7.06746108951371,2.130082336415239e-11,1740.8183051727085,1,-1.03685229910996,-1.03685229910996,0.174258688387565,1,-1.03685229910996
DDX56,-0.9477628047006224,-11.253368927188664,1.1027083598235714e-27,1620.2069797663385,1,-0.0191058911836613,-0.0191058911836613,0.98914278821681,1,-0.0191058911836613
DDX6,0.2285025314911414,2.8075315911711822,0.0151180345482281,2588.7005991707247,1,-0.518597316373187,-0.518597316373187,0.566324136509443,1,-0.518597316373187
DEDD,0.0737235857190139,0.4568843855382368,0.7739370704142068,278.80374715406424,1,-6.88505551263067,-6.88505551263067,0.0007709093669049,1,-6.88505551263067
DEDD2,0.5334074359627942,4.081725729671475,0.0002183036472272,448.5987711748497,1,-0.668491511270337,-0.668491511270337,0.444164599762816,1,-0.668491511270337
DENND6B,-0.4501737208007323,-1.100276572216395,0.4196357816321403,34.70116823534809,1,-1.2306880444563,-1.2306880444563,0.121577177581464,1,-1.2306880444563
DEPDC5,-0.1292872197063863,-0.5417766471235921,0.7277263861273155,97.62795670215569,1,0.12367895216904,0.12367895216904,0.895674042049214,1,0.12367895216904
DGCR8,-0.0650879464272599,-0.5075226226677675,0.7471525220573306,573.874484416074,1,-0.0040759669728228,-0.0040759669728228,0.998229595571361,1,-0.0040759669728228
DGKA,0.9447386283261816,4.070823187922606,0.0002277104968494,108.88088051433104,1,-0.429186107988182,-0.429186107988182,0.631700047042142,1,-0.429186107988182
DGLUCY,0.2263336519046531,1.212061867273014,0.3660985264343658,258.63087805100787,1,-0.32763244264852,-0.32763244264852,0.753005865002638,1,-0.32763244264852
DHODH,0.0040551639255659,0.017771080740286,0.9926744907121414,133.62512978186712,1,-0.342161636240144,-0.342161636240144,0.718374542997187,1,-0.342161636240144
DHPS,-1.0737560782314128,-2.606917291378166,0.0256448519142543,32.59706847088858,1,-0.603239835026593,-0.603239835026593,0.502344320469197,1,-0.603239835026593
DHX15,0.0117620898973012,0.1356925767817343,0.941322356729606,2384.329748352373,1,0.501786343731809,0.501786343731809,0.592139266774897,1,0.501786343731809
DHX35,0.3252786546944431,1.9493228456423737,0.1124873759740849,283.888159576495,1,-0.427248321982873,-0.427248321982873,0.646672158958266,1,-0.427248321982873
DHX8,0.9427343720857748,8.90741857445939,1.2278651882314044e-17,1021.545153360648,1,-0.800720930352658,-0.800720930352658,0.265983940030491,1,-0.800720930352658
DIAPH1,-0.3030690085390791,-3.9971454103879633,0.0003043370590428,4834.04477101356,1,-0.3886214711745,-0.3886214711745,0.659101693314199,1,-0.3886214711745
DKC1,0.1402086693007784,1.760543215362458,0.159301464713497,3891.779548928486,1,-0.557165074307589,-0.557165074307589,0.41270590773965,1,-0.557165074307589
DKK3,-0.3119868458336625,-1.506652483306852,0.2422863694121718,135.24007608871378,1,0.610025506028118,0.610025506028118,0.496130465286087,1,0.610025506028118
DLEU1,0.6090970027384213,2.6251286984157307,0.0244843538706015,121.76841038653488,1,-0.196187030407925,-0.196187030407925,0.846637008928623,1,-0.196187030407925
DLEU2,1.0449701707953112,6.169722650736807,6.890356212287149e-09,228.1168540361645,1,-0.0414072252115889,-0.0414072252115889,0.968792800554612,1,-0.0414072252115889
DLGAP1-AS2,-0.6464379461569548,-3.68160653946547,0.0009794570033585,226.9620762504493,1,-0.282308747768212,-0.49425160294265974,0.169193567770885,4,-0.419990961124817
DLGAP4,0.124709758927379,1.3363836465030128,0.3100490370169774,1319.846413410394,1,-1.22504027604449,-1.22504027604449,0.129899019381324,1,-1.22504027604449
DMAC2L,-0.087955965571685,-0.4284320799874948,0.7895584422965835,134.86595575544763,1,-0.502595787433027,-0.502595787433027,0.572563845542818,1,-0.502595787433027
DMKN,0.5019141860485518,5.604443113268524,1.7189078213495846e-07,1142.587288794848,1,-0.269221465804849,-0.269221465804849,0.801375028737256,1,-0.269221465804849
DMTF1-AS1,-0.8024451693154498,-0.8599241535799435,0.5470720798042025,6.860789479116605,1,0.383703090879077,0.383703090879077,0.701542927445404,1,0.383703090879077
DNAAF2,0.1225573374589083,0.739494979978324,0.6152752079606929,240.57064617414696,1,-0.455256011464893,-0.455256011464893,0.632561903848937,1,-0.455256011464893
DNAAF5,-0.8624356289185768,-9.46575211896304,8.268673365217879e-20,1315.2936181230134,1,-0.41660765274583,-0.41660765274583,0.600220651369033,1,-0.41660765274583
DNAH12,-0.8718451296562881,-2.166061814150229,0.0723835967093798,31.5129643385743,1,-1.12348060728011,-1.12348060728011,0.15371141412834,1,-1.12348060728011
DNAH17-AS1,0.4125130581428108,1.6563396847994691,0.1910528721555979,97.2833568876865,1,-0.816429439649648,-0.816429439649648,0.263059935128505,1,-0.816429439649648
DNAJB1,0.3577213459390153,3.943374080788076,0.0003754632765845,2000.205720463401,1,-0.0752078770094508,-0.0752078770094508,0.943450460600675,1,-0.0752078770094508
DNAJB12,-0.2014912347547165,-1.6347230260422618,0.1981796064835254,568.7107285307637,1,0.030053345061592206,0.030053345061592206,0.890821319697383,2,0.142134548836114
DNAJB4,0.5241217979186128,2.241608170123401,0.0612021641024105,108.91514428679514,1,-0.224724731119715,-0.224724731119715,0.835402739009506,1,-0.224724731119715
DNAJB6,0.525458011600744,6.069531138777604,1.2432355188430517e-08,1739.4860298622875,1,0.0481805095453263,0.0481805095453263,0.961447430650173,1,0.0481805095453263
DNAJC11,0.0820560634761866,0.8714238148539133,0.5409391148661017,1058.5418341003428,1,-1.51515962117532,-1.51515962117532,0.0554263797282394,1,-1.51515962117532
DNAJC27,0.0913506396150734,0.35811944554505,0.8293929571242167,88.11167135950598,1,-0.17151167664941,-0.17151167664941,0.835402739009506,1,-0.17151167664941
DNAJC7,0.8913905727795124,9.778917199943846,4.362059715662374e-21,1563.1117860044783,1,-1.73072764971934,-1.73072764971934,0.0688424568802638,1,-1.73072764971934
DNAJC9,0.2842689293249626,2.179804308987257,0.070180924367235,522.4658828327471,1,-1.270735375819,-1.270735375819,0.103668445942354,1,-1.270735375819
DNM2,-0.0661010444299724,-0.7874891024921175,0.5879277360475597,1689.2551354418576,1,-0.468960317284776,-0.468960317284776,0.572563845542818,1,-0.468960317284776
DNPEP,0.0177530768224169,0.1720050547516301,0.9248453702539944,1085.610583229873,1,0.208933679766835,0.208933679766835,0.848353740586785,1,0.208933679766835
DOCK4,0.1618791740530916,1.223043340210776,0.3609734901845157,647.9270640674506,1,-0.184635435853605,-0.184635435853605,0.864017979217365,1,-0.184635435853605
DOCK9,0.0390527331483208,0.3553063955833616,0.8309612577010644,2670.7941642020573,1,0.807762870020992,0.807762870020992,0.319100379264276,1,0.807762870020992
DOK7,-1.2629404352134723,-8.113059936542925,9.386941539882e-15,274.98838447458587,1,-0.26714476009150007,-0.26714476009150007,0.500692917053636,2,0.0748793183759249
DPAGT1,-0.7953459188112686,-7.323180649238739,3.5915254705286247e-12,812.0147573376605,1,-1.23934334704582,-1.23934334704582,0.0195903256980795,2,-1.85629119168457
DPH7,-0.2283579733970314,-1.8991910864128585,0.1237725632972508,520.5543340173372,1,0.116962274886972,0.116962274886972,0.891967689273778,1,0.116962274886972
DPP7,-1.549580874103709,-13.40515940376783,5.15599750227359e-39,1726.0446847024082,1,-0.645757127138651,-0.645757127138651,0.454622533556844,1,-0.645757127138651
DRG1,0.1336075648141469,1.1881392362731933,0.3772675189720252,644.700336738696,1,-0.86199562535915,-0.86199562535915,0.253306449933592,1,-0.86199562535915
DRG2,0.1560547317466749,1.4017187020475976,0.2831297658804772,640.0982346190293,1,-0.314353062061296,-0.314353062061296,0.768331137018799,1,-0.314353062061296
DSCC1,0.2283894738360772,1.295511266935706,0.3277981638991501,211.57478508541988,1,-4.29186619733906,-4.29186619733906,0.0144498537826234,1,-4.29186619733906
DSCR9,0.3087969862688749,0.3838361277335965,0.8147185386048112,7.504872116353372,1,-0.179581475565862,-0.179581475565862,0.865489968012195,1,-0.179581475565862
DSN1,0.1493422609167529,1.0461561796798011,0.4472821696778692,416.0960183625541,1,0.0310093199436382,0.0310093199436382,0.973097618354009,1,0.0310093199436382
DSP-AS1,-0.0914405751117039,-0.2350195610430116,0.8925026562873302,38.65484702903595,1,-0.419561406951377,-0.419561406951377,0.635495734749894,1,-0.419561406951377
DTNB,0.0041074593198243,0.0208223210977071,0.991437768498464,159.8213338322215,1,-0.346297466403471,-0.346297466403471,0.715790709332871,1,-0.346297466403471
DTX3,-0.002023200957346,-0.0149088671383463,0.99393992206886,372.442312671782,1,0.191528170603385,0.191528170603385,0.862679459860138,1,0.191528170603385
DTYMK,-0.2965448077168712,-2.5097002874813445,0.0327134036678837,510.69406332804624,1,-0.995851269733411,-0.995851269733411,0.151934754364862,1,-0.995851269733411
DUS3L,-0.1378978064281522,-1.2298575799362284,0.3576568920970641,771.0898876830009,1,0.0787034648892475,0.0787034648892475,0.943450460600675,1,0.0787034648892475
DUSP1,0.5020478957147925,2.0349071817898934,0.0951241246227146,104.42985086210228,1,-0.346238930777651,-0.346238930777651,0.74041602640521,1,-0.346238930777651
DUSP2,-0.6858183007235077,-4.03683865548142,0.0002604194103395,219.4940948135195,1,-0.663190505058305,-0.663190505058305,0.426938590891913,1,-0.663190505058305
DUSP28,-0.3174002585316762,-0.9091077178764372,0.5205720882381702,48.67094178793964,1,0.295745563184744,0.295745563184744,0.764950156007015,1,0.295745563184744
DUSP6,1.6118100824852188,23.7137688087652,3.386956691336167e-121,4623.022029230262,1,-0.146732992914743,-0.146732992914743,0.888014852845033,1,-0.146732992914743
DVL1,-0.1213899666158827,-1.3792221289111557,0.2922447797410342,1801.41821946123,1,-0.266363280791758,-0.266363280791758,0.792567400249685,1,-0.266363280791758
DVL2,0.0159834350238116,0.1371054814035263,0.9407153034221202,572.994746048919,1,-0.62172841266627,-0.62172841266627,0.473409294450598,1,-0.62172841266627
DYNC1H1,0.2191550271923527,2.487548759517378,0.0345539517113793,8306.599415188706,1,-1.64279568699129,-1.64279568699129,0.0382333555201107,1,-1.64279568699129
DYNC1LI1,0.7761292045577274,7.183655716427321,9.558285176048473e-12,688.2559633913994,1,0.0757999991400068,0.0757999991400068,0.937550660454171,1,0.0757999991400068
DYNC2I2,-0.8185465637512851,-7.883484858498411,5.6299029952267297e-14,852.7268746616255,1,-0.526902257105376,-0.526902257105376,0.578988599056153,1,-0.526902257105376
E2F4,-0.1192366596718544,-1.210574000196121,0.366685671340659,1084.1444946195525,1,0.0515571475046834,0.0515571475046834,0.961494453265252,1,0.0515571475046834
EBLN3P,0.1485578253713902,1.421417846447735,0.2750270107835489,919.2541693705238,1,-0.247045856923766,-0.247045856923766,0.801375028737256,1,-0.247045856923766
ECT2,0.9972820488372248,10.668400265037372,6.110500523996649e-25,1679.5706063662344,1,-0.468046912654767,-0.468046912654767,0.627679091333823,1,-0.468046912654767
EDAR,-0.5367077126834161,-2.654280275625533,0.0227170723226262,1080.525400220114,1,-3.14108886104607,-3.14108886104607,0.015206113503864,1,-3.14108886104607
EDN2,-1.439098182377705,-2.2870131291809725,0.0552297242082918,16.023007349841738,1,-0.220963734527853,-0.220963734527853,0.837979391658142,1,-0.220963734527853
EEF1A1,0.2015770577065506,3.1613825424187376,0.0054521767400171,14008.22945546628,1,0.406047497264065,0.406047497264065,0.669497855034636,1,0.406047497264065
EEF1AKMT3,0.4873643897599574,1.9441588715306024,0.1135915751697323,104.27139084703931,1,-0.326156084587398,-0.326156084587398,0.74041602640521,1,-0.326156084587398
EEF2,0.0765319841094222,1.2455939175612196,0.3501961373173526,27414.95121727953,1,-0.0619341831414218,-0.0619341831414218,0.955804930737211,1,-0.0619341831414218
EGFR,-1.534009998960982,-15.378666761303254,4.2862907265866114e-51,2629.221704936692,1,0.0650208881692482,0.0650208881692482,0.952581523967589,1,0.0650208881692482
EGLN2,-0.1365949960742056,-0.4160701342722376,0.7961854980340979,74.72569237330669,1,-0.464534106424142,-0.464534106424142,0.600301128327164,1,-0.464534106424142
EGR1,-0.9764195401128009,-9.792757062551756,3.835134081466413e-21,1001.8691503143324,1,0.509572781152914,0.509572781152914,0.579552768088976,1,0.509572781152914
EHD1,-0.2514936308560339,-2.3478067094726573,0.0481094628436603,1577.307502173854,1,-0.3713644620538039,-0.3713644620538039,0.45139256883156,2,-0.0860615219403288
EHF,-3.2320856916733494,-8.146116709751283,7.190288450880885e-15,71.23444288802806,1,-0.247243141323335,-0.247243141323335,0.820528120906278,1,-0.247243141323335
EIF2B4,0.1461882261645752,1.2739037421217865,0.3372969790222246,584.9704616127271,1,-1.2381986039941,-1.2381986039941,0.0961655084735198,1,-1.2381986039941
EIF2B5,0.4470668395349774,4.478840299962736,4.182446270370424e-05,882.2317517742578,1,-1.12384649992668,-1.12384649992668,0.148697474799926,1,-1.12384649992668
EIF2S2,0.2680167443830799,3.0777575716484606,0.0070158821375023,2036.7133400805185,1,0.283938876112486,0.283938876112486,0.790282441659677,1,0.283938876112486
EIF3A,0.1306888901081372,1.6502284014913078,0.1931225317333019,4757.7227794465625,1,-0.673116282554099,-0.673116282554099,0.421961870305404,1,-0.673116282554099
EIF3J-DT,-0.0568132877123044,-0.2186479456943967,0.900862824880604,92.47629903136968,1,-1.76158562226521,-1.76158562226521,0.0658899182111128,1,-1.76158562226521
EIF3L,0.2314432288648305,2.0843122930589244,0.0860690339252104,1211.2284169028198,1,-1.37574369686023,-1.37574369686023,0.113143059899316,1,-1.37574369686023
EIF4A1,-0.1647649076686575,-0.5251475332341341,0.7368756661172184,71.2455020073382,1,-0.800761590320056,-0.800761590320056,0.317024042446781,1,-0.800761590320056
EIF4B,0.4560866309578815,6.213999268464484,5.298136977126806e-09,4421.095806083229,1,-0.383698266258774,-0.383698266258774,0.672063095124088,1,-0.383698266258774
EIF4E,0.2328093821315744,1.4453817763043957,0.2655465268726276,287.7090057620848,1,-0.0201962021788641,-0.0201962021788641,0.988434968823991,1,-0.0201962021788641
EIF4EBP1,0.0717713219077975,0.6143515302363306,0.6858268748617307,651.4157207193705,1,-0.41961139618480603,-0.41961139618480603,0.618881627414122,2,-0.432804988043318
EIF4G1,0.6601902316959956,10.298239315056955,2.6210157243124306e-23,12366.059599101529,1,0.154072638558846,0.154072638558846,0.865385690011426,1,0.154072638558846
EIF5,0.5380120665542862,6.67084542696652,3.0372413548625246e-10,3685.8947185695342,1,-0.903153918611208,-0.903153918611208,0.275732551903794,1,-0.903153918611208
ELF1,1.047417427739905,10.76611048678392,2.1726741549680213e-25,925.1832882222352,1,-1.6057765719548,-1.6057765719548,0.0451422994627494,1,-1.6057765719548
ELFN1-AS1,-1.2655649589944844,-6.905717210445936,6.363690975338026e-11,205.493508692305,1,-1.12601185907992,-1.12601185907992,0.132766061020311,1,-1.12601185907992
ELFN2,-1.4318247959313906,-6.237714596578234,4.599576428464886e-09,134.65517814118962,1,-0.0347944246113787,-0.0347944246113787,0.97133524050204,1,-0.0347944246113787
ELK3,0.9892760922866825,10.6033654147107,1.1982294576015692e-24,1535.984015639815,1,-0.0430987675409921,-0.0430987675409921,0.967164668974475,1,-0.0430987675409921
ELOA,0.2709263580418165,2.88080118029761,0.0124088039498155,1268.0180317525294,1,-3.28959228267793,-3.28959228267793,0.0020033421624403,1,-3.28959228267793
ELOB,0.2461076871213179,2.4201316138369107,0.0406927464341486,1035.9657936376968,1,-0.293421770058765,-0.293421770058765,0.777152955115447,1,-0.293421770058765
ELP6,0.1617769470427833,1.1971489216522926,0.3730508931117048,372.2293430841288,1,-0.0343906060955309,-0.0343906060955309,0.974763515439551,1,-0.0343906060955309
EMC4,-0.302154658749622,-2.403554054213306,0.042315772917052,647.091005058343,1,-0.309694004826498,-0.309694004826498,0.774760116824885,1,-0.309694004826498
EMD,0.0454877140013718,0.4540064904952864,0.7750101834982006,1066.09498169258,1,-0.910067282786819,-0.910067282786819,0.25850724638249,1,-0.910067282786819
EMG1,1.217427425667274,10.269534829794964,3.4899305557459575e-23,627.5590927006194,1,-0.0450212699132847,-0.0450212699132847,0.959416084190003,1,-0.0450212699132847
EML3,-0.7815095438570534,-6.12183334179672,9.17534442515079e-09,533.6156813284935,1,0.0248215382797481,0.0248215382797481,0.985351126193538,1,0.0248215382797481
EMSY-DT,-0.0491096795322667,-0.1567823721641874,0.9319333038262968,64.34498542769641,1,0.0883047480035331,0.0883047480035331,0.937550660454171,1,0.0883047480035331
ENO3,-1.2218109588354915,-5.696887260566188,1.0360301338066705e-07,164.78764171248514,1,-0.845707412752209,-0.845707412752209,0.253833610207176,1,-0.845707412752209
ENTPD5,-0.2888494452798071,-1.5302103994629668,0.2335408293522572,195.20987801631316,1,-0.803602410228813,-0.803602410228813,0.331370495683969,1,-0.803602410228813
ENTPD6,-0.4177563666713058,-3.796917777566735,0.0006484109180743,1122.33019225643,1,-0.308882885790598,-0.308882885790598,0.750507636387212,1,-0.308882885790598
ENTPD8,-3.5739071512385343,-22.6702016118618,9.19050457210736e-111,442.3809922667981,1,-0.229333793847246,-0.229333793847246,0.833773310776228,1,-0.229333793847246
EOLA2-DT,0.3305058190785307,0.5300025109203198,0.7343100463528448,15.739325675078172,1,-5.02463156599194,-5.02463156599194,0.0075551066697448,1,-5.02463156599194
EP300,0.3243452484859335,3.661908335904231,0.001051415545783,1571.247802167214,1,-0.228127379691764,-0.228127379691764,0.782925031039294,1,-0.228127379691764
EPAS1,-1.5979844379666357,-21.70880549996124,1.3240553816880572e-101,4691.31180727417,1,-0.351687554385259,-0.351687554385259,0.73442163025309,1,-0.351687554385259
EPHX1,-1.5279225996746923,-13.472053807510084,2.1640619294534165e-39,751.5906186081835,1,-3.98744817848144,-3.98744817848144,0.0058905171322161,1,-3.98744817848144
EPS8L2,-1.4663413655832662,-16.380542772432012,6.1450634033504704e-58,1813.090407075652,1,0.175278347991813,0.175278347991813,0.869836934444701,1,0.175278347991813
EPS8L3,-2.479008120883583,-13.604470889339115,3.774572950722704e-40,244.3249539609191,1,-1.01496195010878,-1.01496195010878,0.207235529827352,1,-1.01496195010878
ERAP1,-0.3092336169347079,-2.3604622855848927,0.0467427892897299,531.0517436982035,1,-0.398494483697137,-0.398494483697137,0.610370721086857,2,-0.450249545949519
ERC2,0.9568562366161764,1.6034162496489113,0.2081515081939558,19.290713407144555,1,-0.259698866571436,-0.259698866571436,0.806198577255132,1,-0.259698866571436
ERCC1,-0.4381737360801099,-3.8888178421543658,0.0004604295254489,692.4458766241032,1,0.044279882889323496,0.044279882889323496,0.781682130096252,2,-0.181328830973997
ERCC6L2-AS1,-0.6600134894376568,-2.342086427365041,0.0487103526965728,68.79918665977924,1,-0.64684899560968,-0.64684899560968,0.441689401821578,1,-0.64684899560968
ERF,0.0378253232958337,0.4079253371127213,0.8010167105729273,1302.0477861071288,1,-0.777795523222142,-0.777795523222142,0.206995105589665,1,-0.777795523222142
ERH,0.1949581310669208,2.042366856098959,0.0936411848479608,1727.7997280901104,1,-0.083334262851362,-0.083334262851362,0.936840531605559,1,-0.083334262851362
ERI2,0.0122152673044082,0.0601605277271574,0.9751080005703286,163.85512518802386,1,-1.44949802340778,-1.44949802340778,0.0686852878808501,1,-1.44949802340778
ERLIN1,-0.5730901362189079,-5.27495218125409,9.791435622490884e-07,666.5696646128482,1,-1.49002819900363,-1.49002819900363,0.0686852878808501,1,-1.49002819900363
ESPL1,0.2993461825371209,2.779764385134567,0.0162965702552214,1321.889778379265,1,-0.59111380542027,-0.59111380542027,0.51493995131783,1,-0.59111380542027
ESRP2,-0.3078187452498515,-2.807201340926365,0.0151276820922664,827.7101692115643,1,-0.16381606479639,-0.16381606479639,0.869605089638178,1,-0.16381606479639
ESRRA,-0.2369949382483499,-2.327672340631601,0.05034552094285,869.0945030332689,1,-2.16281059836227,-2.16281059836227,0.0404326619315777,1,-2.16281059836227
ETV4,0.5816987994381665,7.705949998294401,2.139285761349356e-13,2294.638513306798,1,-0.4721364562091495,-0.4721364562091495,0.53209465153172,2,-0.372248000310035
ETV6,1.067996273241251,9.616892004625427,2.0241145105024915e-20,843.129892377965,1,-1.88762485076819,-1.88762485076819,0.0304074563347914,1,-1.88762485076819
EVA1C,-0.7190637089353717,-4.540834568016751,3.201359650880226e-05,282.12598505043127,1,-0.36393824052179,-0.36393824052179,0.724486856674787,1,-0.36393824052179
EWSR1,-0.1631194921535894,-2.102785681703121,0.0829386710967262,2666.9113591781797,1,-1.09527265037269,-1.09527265037269,0.0502241056014031,1,-1.09527265037269
EXOC3-AS1,-1.1343317386580825,-3.444233290895073,0.0022380386536917,54.84106986336534,1,-0.144530714660203,-0.144530714660203,0.874781825934608,1,-0.144530714660203
EXOC7,0.0884203079701888,0.9822689600063454,0.4808003213330483,1455.2651605875387,1,-0.056462710535661,-0.056462710535661,0.960193911140355,1,-0.056462710535661
EXOSC2,0.3720216026496641,3.871189249563176,0.0004917322494062,1189.7369538583107,1,-1.0134663322638608,-1.0134663322638608,0.04834793429039,2,-1.9837284506621
EXOSC8,-0.0867774808467924,-0.7921624548582076,0.5851969796003499,785.0528735050399,1,-0.496486723059156,-0.496486723059156,0.600993847870281,1,-0.496486723059156
EXOSC9,0.3199810169639097,2.096614143505003,0.0840396403156509,312.00108667972603,1,-0.36440434440351,-0.36440434440351,0.677765181635787,1,-0.36440434440351
EXPH5,0.1633570502642491,1.4458017299617512,0.2653963411025872,1226.2875541315857,1,0.185570914318328,0.185570914318328,0.862679459860138,1,0.185570914318328
EZH2,-0.7861384286316873,-7.903133066426391,4.8313354630215197e-14,917.0774316034046,1,-0.660740514513227,-0.660740514513227,0.390380889237856,1,-0.660740514513227
F12,-1.3381535764306527,-10.47539231661423,4.469154705991675e-24,451.2323278726553,1,-0.156463709871518,-0.156463709871518,0.88242854172037,1,-0.156463709871518
FAAP20,-0.3407219482908894,-2.8742162245706218,0.0126225148513324,518.2500121333206,1,-0.113880014938602,-0.113880014938602,0.914847451617639,1,-0.113880014938602
FADD,-0.3278396240799699,-2.923832963346792,0.0109741473061352,715.3211775323533,1,-0.935106724377281,-0.935106724377281,0.171761503656998,1,-0.935106724377281
FADS1,-0.5594277441576329,-5.288627808926937,9.138740399943222e-07,2266.278276159689,1,-1.08437074598045,-1.08437074598045,0.163009613279465,1,-1.08437074598045
FADS3,-0.7988456287639625,-5.481351324033507,3.320634474368259e-07,641.7548575084978,1,-1.75397581540574,-1.75397581540574,0.0470652101919716,1,-1.75397581540574
FAF2,-0.1799421145558445,-2.061677083423049,0.09008313587405,1805.4181801000543,1,-0.5005305096549825,-0.5005305096549825,0.317564648038284,2,-0.179584487470626
FAM114A2,0.0104754199907486,0.0410438510709613,0.9839834577002314,88.07533716731288,1,-6.68502242650584,-6.68502242650584,0.0012050025018484,1,-6.68502242650584
FAM118A,0.5778052089308128,3.7618840152001978,0.0007367672306685,292.3440548009258,1,-0.796776432721957,-0.796776432721957,0.332094806525692,1,-0.796776432721957
FAM118B,0.5454801732643091,3.139983929820818,0.0058303254515141,264.9446739882111,1,0.524070762126708,0.524070762126708,0.477360442813522,1,0.524070762126708
FAM120C,-1.5887056413742426,-7.320211573300995,3.668412556677005e-12,175.4939875880617,1,-0.548585152800947,-0.548585152800947,0.491226954198733,1,-0.548585152800947
FAM156A,-1.1396584478737182,-0.853844948005829,0.5503546062643323,106.75869091218318,1,-1.16954865146549,-1.16954865146549,0.17395952621973,1,-1.16954865146549
FAM174B,-1.2246390321145606,-5.611479853000993,1.6530501879062277e-07,146.7481898912551,1,-0.319777973659687,-0.319777973659687,0.762053957240053,1,-0.319777973659687
FAM174C,-0.1809080618029512,-1.455538278118028,0.2618293448618428,557.5339746943528,1,-0.825934904092398,-0.825934904092398,0.23283890176282,1,-0.825934904092398
FAM178B,-0.4830482837214797,-0.8970667908766348,0.5266942218379922,18.490818030700623,1,-0.907224293384575,-0.907224293384575,0.25850724638249,1,-0.907224293384575
FAM200A,-0.027558886141778,-0.1284153472615537,0.9448449384860764,131.37874899325135,1,-1.36342458536644,-1.36342458536644,0.0895365989751276,1,-1.36342458536644
FAM216A,0.4514675573614989,2.915159871312832,0.0112609437165762,292.9219812363807,1,0.0174353444153111,0.0174353444153111,0.989051857808696,1,0.0174353444153111
FAM3A,-0.842168527793721,-6.29989649489115,3.148008609841213e-09,515.7655358487021,1,-1.42140107023822,-1.42140107023822,0.12627722824317,1,-1.42140107023822
FAM53A,-0.8817627694869085,-2.192713193205064,0.0683159628465906,38.295603256355534,1,-0.2843239855546,-0.2843239855546,0.790282441659677,1,-0.2843239855546
FAM83D,0.2259066035182309,2.463126504141893,0.0367973995853296,1480.0560133957824,1,-0.195390604458303,-0.195390604458303,0.858402585229433,1,-0.195390604458303
FAM83F,-0.8812768471105543,-7.3504415576635775,2.9467087210288478e-12,565.9174952014763,1,-0.792054313740534,-0.792054313740534,0.331370495683969,1,-0.792054313740534
FAM86C2P,0.1014178980230199,0.2617847002479904,0.8793899743434208,38.56254229049856,1,-0.779987162028213,-0.779987162028213,0.351603187749015,1,-0.779987162028213
FAM86JP,-0.0391691032653599,-0.0770454642727587,0.9674269998627716,24.2624008538007,1,0.193417700226447,0.193417700226447,0.85948619626598,1,0.193417700226447
FAM98C,-0.0055856311136842,-0.0252084715169116,0.989510325762914,125.2429601588548,1,-1.08854665685164,-1.08854665685164,0.191129639061074,1,-1.08854665685164
FARP2,0.2421751621122377,1.7701814815965704,0.1565995490411719,414.2195237507837,1,-0.706755017927015,-0.706755017927015,0.33561230779651,1,-0.706755017927015
FARSA,0.0553645329566749,0.6034650394640654,0.6918279962221784,1251.6604881936237,1,-7.13008836931712,-7.13008836931712,0.0005174653024612,1,-7.13008836931712
FASN,-0.2811096289681468,-3.0001545405683645,0.0088301872092648,7401.428135465196,1,0.0034012436795833,0.0034012436795833,0.998619806219056,1,0.0034012436795833
FASTK,-1.0822982157322094,-9.145902374436613,1.5203683940145993e-18,685.3510787961906,1,-2.02443456482352,-2.02443456482352,0.0210366865976233,1,-2.02443456482352
FBRS,0.0167741472420859,0.1669924401267195,0.9272038580952012,964.7096220489492,1,-0.950625496373955,-0.950625496373955,0.178156615558206,1,-0.950625496373955
FBXL18,-1.0656411501594616,-8.215469617948738,4.114068963339819e-15,482.3538910369656,1,-0.67134927239791,-0.67134927239791,0.436324453167827,1,-0.67134927239791
FBXL19-AS1,-0.0055840144146736,-0.0200382310826207,0.99149505822092,80.82308766290942,1,-0.615114536361709,-0.615114536361709,0.49331303863761,1,-0.615114536361709
FBXL5,0.379232466429977,2.364100467187064,0.046316617703097,251.3419193359512,1,0.128638035563663,0.128638035563663,0.885465954551202,1,0.128638035563663
FBXO10,-0.8074079436224031,-2.6067613989367207,0.0256519233310888,60.48211663080831,1,-0.727725706161204,-0.727725706161204,0.366082063019777,1,-0.727725706161204
FBXO22,0.0214297349078906,0.1436535077498923,0.9377231821904268,371.56586866391575,1,-0.0765262617987842,-0.0765262617987842,0.944733898979837,1,-0.0765262617987842
FBXW4,-1.3733900051261183,-6.823017767252634,1.1130636392108114e-10,165.70891596730198,1,-4.16865260813796,-4.16865260813796,0.0097420593982534,1,-4.16865260813796
FBXW9,0.1056754526236265,0.4676736730781047,0.7684738397342112,114.22576188434049,1,-0.403952624121146,-0.403952624121146,0.658308334352614,1,-0.403952624121146
FCHSD2,-0.1609392053453444,-1.1511182596302785,0.3948860614561746,342.78969850457395,1,-6.74995218438461,-6.74995218438461,0.001443164008341,1,-6.74995218438461
FDXR,-0.7354045190925543,-3.7247169165217433,0.0008388022993054,173.9814757383907,1,-0.123284282345027,-0.123284282345027,0.890241311701318,1,-0.123284282345027
FERMT1,-0.1565535417622425,-1.5571694105778482,0.2237188692100004,1411.1934278612732,1,0.22425532289034,0.22425532289034,0.790282441659677,1,0.22425532289034
FGD5-AS1,-0.1264504271998138,-1.2668359482159552,0.340541884203425,888.7885762524667,1,0.16553333395982,0.16553333395982,0.873080715676223,1,0.16553333395982
FGF18,1.2369371874408537,4.593561057011842,2.549550435708562e-05,80.24915921831482,1,-0.683156444349119,-0.683156444349119,0.432484345052538,1,-0.683156444349119
FGF3,-1.751997482962046,-13.846675285343164,1.4363948162109414e-41,903.9671506793088,1,-1.84033744222388,-1.84033744222388,0.0307283444727661,1,-1.84033744222388
FGFR1OP2,1.4079750516409195,13.293813752161284,2.195720678082579e-38,971.3429607609404,1,-0.774608019659125,-0.774608019659125,0.319100379264276,1,-0.774608019659125
FHAD1,-0.6443181019261914,-1.5178536229748976,0.2381173249280726,32.17273700617832,1,-0.0715172554161748,-0.0715172554161748,0.932253891177661,1,-0.0715172554161748
FHIT,0.505849623663776,0.9916493199844008,0.476128735646957,21.880460779447496,1,-0.379862604412312,-0.379862604412312,0.693937537588107,1,-0.379862604412312
FIS1,-0.6263133277401538,-6.070138874814014,1.2393081254871362e-08,1056.5066679163826,1,0.160548324464338,0.160548324464338,0.878809123954509,1,0.160548324464338
FIZ1,-0.7458619019362038,-4.684604485016592,1.688406784143667e-05,265.18827925600124,1,-1.0839611932645,-1.0839611932645,0.134365503092167,1,-1.0839611932645
FKBP11,-0.215873578140661,-1.7713254078395655,0.156272212801557,696.2900198007538,1,0.201304870270527,0.201304870270527,0.854703680798006,1,0.201304870270527
FKBP9,-0.897635746642695,-6.617852983710345,4.286781372018228e-10,560.2847123596903,1,-1.66902945340259,-1.66902945340259,0.0431180774279267,1,-1.66902945340259
FKBP9P1,-1.3980557425562135,-2.630875853257761,0.0034345049825022,51.75924617274558,2,-1.41973426508441,-1.41973426508441,0.110524900888474,1,-1.41973426508441
FKTN,-0.4977466033346759,-3.5825846667065555,0.0013885595291353,362.0630274238474,1,-0.353297592926367,-0.353297592926367,0.5847422367813,1,-0.353297592926367
FLCN,0.0859534251998032,0.6152899556334268,0.6853417346812442,332.95415366337375,1,-0.710001123372796,-0.710001123372796,0.409060311424243,1,-0.710001123372796
FMC1,-0.804192505325963,-1.339185736775061,0.3089266120364478,17.559060397234752,1,-1.46477047956167,-1.46477047956167,0.0451834358710382,1,-1.46477047956167
FMNL1-DT,-0.7402609860087527,-2.745369169896245,0.0178879746286143,112.99475409795008,1,-1.11344145845877,-1.11344145845877,0.132766061020311,1,-1.11344145845877
FOSL1,0.6665151547315717,6.712371513942802,2.3150157368035122e-10,2025.42147369491,1,-1.02480111488323,-1.02480111488323,0.208986112102438,1,-1.02480111488323
FOSL2,-0.1097521701537051,-1.2981740323339317,0.3266635240734857,1460.335684811126,1,-0.376480718072302,-0.376480718072302,0.711449673442036,1,-0.376480718072302
FOXK1,-0.9053955848984402,-9.492207759982051,6.464046669417966e-20,1662.5741071279797,1,-0.716483055569437,-0.716483055569437,0.382743683818433,1,-0.716483055569437
FOXK2,0.7723157037724049,8.67891838671537,8.772148621969241e-17,1580.8800934441767,1,-0.48092836807446,-0.48092836807446,0.500692917053636,1,-0.48092836807446
FOXN3,0.2068273852462695,1.8978022486442343,0.1240633086789414,808.1385877017444,1,-0.5992460007205375,-0.5992460007205375,0.0144498537826234,2,0.783970166264645
FOXRED2,-0.3382692492289375,-2.798931333575178,0.015464157048193,644.5647593261199,1,-0.684780914159612,-0.684780914159612,0.429163998747097,1,-0.684780914159612
FSCN1,-1.0871054568449885,-10.015691549194893,4.371889813337565e-22,857.374881261067,1,0.106337683930629,0.106337683930629,0.587516477939907,2,0.514031988355747
FSTL4,-5.482801385545372,-13.916271292507314,5.756998850270128e-42,125.18118968588598,1,0.005039137071444495,0.005039137071444495,0.886111407710741,2,0.130364448241585
FTL,-0.0792639391057712,-0.959130223060732,0.493516638660001,9402.475546985705,1,-0.441317448187448,-0.441317448187448,0.609516908600777,1,-0.441317448187448
FTSJ1,0.1126713511718105,1.184390836578237,0.3789963591253886,1026.6385161816418,1,-0.53134588358099,-0.53134588358099,0.572629204036582,1,-0.53134588358099
FTSJ3,0.937835625770482,9.836512089166789,2.505633084393753e-21,1336.178029337397,1,-0.492122496465486,-0.492122496465486,0.592139266774897,1,-0.492122496465486
FUCA2,-0.4579845862831649,-4.304073842529552,8.819863253353911e-05,905.682408979339,1,-1.19407636760983,-1.19407636760983,0.127009940279505,1,-1.19407636760983
FUOM,-1.583456954572756,-3.5854888435299643,0.0013760715734119,39.496964510366894,1,-0.231498510661408,-0.231498510661408,0.832929435366509,1,-0.231498510661408
FUS,-0.0984866921459135,-1.1960112427075014,0.3734675526305202,3945.555114423224,1,-0.614935040607042,-0.614935040607042,0.480641898074343,1,-0.614935040607042
FUT4,0.1273639208029879,0.9697865360631291,0.4876570087098326,459.7718084571422,1,-1.0116558179335,-1.0116558179335,0.231514706947044,1,-1.0116558179335
FYN,-0.7102681012424815,-7.382357510773528,2.3396985926957155e-12,1195.9485105282822,1,-0.7157553719316345,-0.7157553719316345,0.0234339948788788,2,-1.60709212982622
G6PC3,-0.5904703297407624,-5.2052810680883255,1.391529576242591e-06,982.5269880474012,1,0.0254134447151826,0.0254134447151826,0.984822527881464,1,0.0254134447151826
GABARAP,-0.0174815023863471,-0.0688041284603334,0.9715598820052308,102.58948913323104,1,-3.13846378190671,-3.13846378190671,0.0116148467683032,1,-3.13846378190671
GABPA,-0.1203216842423777,-0.7119312445695398,0.6307165913790281,234.88535036634943,1,-0.582670660779716,-0.582670660779716,0.522654756882713,1,-0.582670660779716
GABPB1-AS1,-0.2778399573284486,-1.6540608987175425,0.191740950707643,457.25088413511855,1,-0.860940812793923,-0.860940812793923,0.300579959096414,1,-0.860940812793923
GABPB2,0.48949080269538,2.4463137571110507,0.0382953459384308,158.6752544446211,1,-0.68774368750745,-0.68774368750745,0.429192419386894,1,-0.68774368750745
GADD45B,0.3361941583107966,2.3841814098202576,0.0442639332997426,345.30402252294084,1,0.0222191495172367,0.0222191495172367,0.984766509593616,1,0.0222191495172367
GALNT6,-0.8643163053469286,-7.827741723285949,8.617743141802313e-14,1790.8540780263868,1,-0.188798063277645,-0.188798063277645,0.846637008928623,1,-0.188798063277645
GANAB,-0.6666640202480845,-7.6550516739085905,3.146502212897211e-13,7173.56621842742,1,-0.787873644303664,-0.787873644303664,0.346062418366117,1,-0.787873644303664
GAPDH-DT,-0.6995386079449935,-0.6981809666764969,0.6387970417532431,5.540860340737863,1,-0.948827557825012,-0.948827557825012,0.214235070092282,1,-0.948827557825012
GART,-0.2480625755715688,-2.4553202248347445,0.0375101746113463,1836.551388963092,1,-1.6260992750048,-1.6260992750048,0.0731725656012993,1,-1.6260992750048
GAS5,0.6148700466419855,7.382817636853534,2.3338701462099797e-12,1863.4241459285588,1,-0.412601210280094,-0.412601210280094,0.654262693519241,1,-0.412601210280094
GAS6,-2.565895101521649,-18.897325622429587,5.6835125149553786e-77,788.2420643268463,1,0.144672452933137,0.144672452933137,0.863597546610623,1,0.144672452933137
GATAD2A,0.3429654734482742,4.355947668353865,7.092882456381585e-05,2621.264579191743,1,-1.48143265834493,-1.48143265834493,0.0660044329006579,1,-1.48143265834493
GATB,0.0327508084882064,0.2024208981634398,0.9095872759111896,273.977592766195,1,-0.568508965300158,-0.568508965300158,0.522654756882713,1,-0.568508965300158
GDF15,-3.4636032043853904,-13.199984012311088,7.495986196814229e-38,132.37365677367626,1,0.0098240863316652,0.0098240863316652,0.993997153496232,1,0.0098240863316652
GDF9,-0.3792786464910989,-0.4447048583250664,0.7808662224004854,7.562127133429037,1,-0.275353086885748,-0.275353086885748,0.792567400249685,1,-0.275353086885748
GDI2,0.0614882494798929,0.8611574970748452,0.5464302467580171,3228.536172818537,1,-1.1191214884173,-1.1191214884173,0.0961655084735198,1,-1.1191214884173
GDPD5,-0.3864646320438785,-2.05266735978686,0.091681633675282,170.4746234288452,1,-0.716457942323185,-0.716457942323185,0.377501675757895,1,-0.716457942323185
GEMIN4,0.0120098362151284,0.1412438336367427,0.938981447126098,1643.9351334414057,1,-1.60204611259583,-1.60204611259583,0.0031213781358543,1,-1.60204611259583
GEMIN8,-0.7746846786122548,-3.024484880796397,0.008234470748893,94.34351149168198,1,-5.04447630275578,-5.04447630275578,0.0071981120248563,1,-5.04447630275578
GET4,-1.4992283006496745,-6.7053069357402215,2.4279547351912226e-10,153.8004709568116,1,-0.450502535263466,-0.450502535263466,0.634434778606944,1,-0.450502535263466
GGA3,0.1059312863122813,0.8755516863713884,0.5386418475388263,529.0657721197384,1,-0.884053424431346,-0.884053424431346,0.286424854708592,1,-0.884053424431346
GINS1,-0.3217071021314268,-2.5219214447624405,0.031780193521272,461.9846977547261,1,-0.800334335445291,-0.800334335445291,0.328103401094363,1,-0.800334335445291
GIT1,0.4041669000682571,4.580076927358323,2.702056817863744e-05,1446.6465112714268,1,-5.44522687902751,-5.44522687902751,0.0051460709528725,1,-5.44522687902751
GJA3,-0.226207923304501,-2.1154468925581424,0.0807106766466228,1177.4577782255772,1,0.176913289312091,0.176913289312091,0.865385690011426,1,0.176913289312091
GJB3,-0.2799621518985584,-2.3335714537597125,0.0496633647079744,666.5037597934802,1,-1.48008896955928,-1.48008896955928,0.13698160006234,1,-1.48008896955928
GLI2,0.4747175813005821,2.193146953589145,0.0682633795135186,123.8117143123104,1,-1.19798471554731,-1.19798471554731,0.1450204297489,1,-1.19798471554731
GLI3,-0.3328381580349769,-4.3788300512007154,6.440542255644843e-05,2559.962792172176,1,-0.996067854679501,-0.996067854679501,0.203822483379744,1,-0.996067854679501
GLOD4,-0.5573730525154799,-6.039665491788104,1.4765217415500225e-08,1154.2084356654998,1,-0.469056960270022,-0.469056960270022,0.627679091333823,1,-0.469056960270022
GLRX,0.0428243271037747,0.3066106533908941,0.8572471627840488,389.2822948167732,1,0.0320929797501861,0.0320929797501861,0.977131075976984,1,0.0320929797501861
GLS,0.0593133555601762,0.6698105082991104,0.6546173887262993,1632.149325549159,1,-1.47778086901672,-1.47778086901672,0.105521779724958,1,-1.47778086901672
GMFB,0.5646809390824543,5.124145888819377,2.0867533056909565e-06,633.5665960617501,1,-0.792502994557781,-0.792502994557781,0.326518601394815,1,-0.792502994557781
GMNN,-0.0913828277596401,-0.6026402734976032,0.6921578462845246,329.2446940475462,1,-0.0625671597947566,-0.0625671597947566,0.955804930737211,1,-0.0625671597947566
GMPPB,0.3077874143119878,2.3542158494825047,0.047388292061396,442.32281667758485,1,-1.81468847576608,-1.81468847576608,0.0724232763192184,1,-1.81468847576608
GMPS,0.9442893277660624,9.766411332272602,4.8958999658036215e-21,1941.186063547692,1,-1.29011978708017,-1.29011978708017,0.118507027284012,1,-1.29011978708017
GNA12,-0.762264997661208,-6.824814530211102,1.1009802972303067e-10,818.80726502743,1,-1.76495325977625,-1.76495325977625,0.0141862756380074,1,-1.76495325977625
GNA13,0.952929250714679,8.660471235882019,1.0257255197974932e-16,738.8702810630638,1,-0.665570895631118,-0.665570895631118,0.442956406867031,1,-0.665570895631118
GNL3L,0.3133568412779317,3.88089971548782,0.0004738811444387,1898.8502177428427,1,0.0127427239766388,0.0127427239766388,0.992827945208132,1,0.0127427239766388
GNPDA1,0.2735665124320094,2.74972659368017,0.0176719250826767,1049.7507844138356,1,-0.536991376485636,-0.536991376485636,0.569138394830768,1,-0.536991376485636
GOLM1,-0.1654035881895774,-1.7903841576328698,0.151015727954429,1915.5653895336427,1,-0.155877330560472,-0.155877330560472,0.864017979217365,1,-0.155877330560472
GOLM2,-0.2760703731436046,-2.510699763535488,0.0326571578031155,699.0506217060848,1,-0.317600311390656,-0.317600311390656,0.659101693314199,1,-0.317600311390656
GORASP2,0.1693311198936433,2.003246645565737,0.100929163001175,2202.8232753748925,1,-0.566991615926022,-0.566991615926022,0.532307713736577,1,-0.566991615926022
GPER1,-1.7995855048410665,-4.475778138270488,4.236806965546481e-05,34.676813996025224,1,-0.829954043527486,-0.829954043527486,0.317024042446781,1,-0.829954043527486
GPR137,-0.3933567728952355,-3.236257659259811,0.0043282131943289,651.8270248237228,1,-0.743222194669573,-0.743222194669573,0.370772220490643,1,-0.743222194669573
GPR155-DT,-0.0930434525983904,-0.0911065016710787,0.9614830437077512,5.502051472362263,1,-0.479993560273762,-0.479993560273762,0.613455988650153,1,-0.479993560273762
GPR157,-0.7289129222526484,-3.7543919066431553,0.0007570402045707,238.68354507317463,1,-0.925790077353884,-0.925790077353884,0.25850724638249,1,-0.925790077353884
GPSM1,-0.1233478262231677,-0.6567633603019709,0.6613568437044653,194.65268466174632,1,-0.418113900400153,-0.418113900400153,0.632561903848937,1,-0.418113900400153
GPX1,0.1728342298934363,1.1281895808332745,0.4054464774473941,357.81653662135864,1,-0.257119634590693,-0.257119634590693,0.812149620231784,1,-0.257119634590693
GRAMD4,-1.040597264809546,-7.045919349797321,2.4785323052212985e-11,420.94424493597177,1,0.345976437860568,0.345976437860568,0.73442163025309,1,0.345976437860568
GRB7,-0.6850250632808229,-3.711070934265841,0.000880753121185,186.21792801796428,1,0.000414205166947,0.000414205166947,0.999523966176675,1,0.000414205166947
GRIK4,-5.646992899528135,-7.214731004816785,7.700675910879715e-12,53.815893021771146,1,0.250340796411819,0.250340796411819,0.79565142068141,1,0.250340796411819
GRK2,-0.9909003275540504,-11.360359026055669,3.32171726620879e-28,1335.6758611855116,1,0.201711349131028,0.201711349131028,0.854703680798006,1,0.201711349131028
GRK6,-0.4980234860653463,-5.959314088787292,2.3582891714129837e-08,1558.0465801001214,1,-1.00266157208464,-1.00266157208464,0.221042145831825,1,-1.00266157208464
GRSF1,0.1629516490196991,1.96160708854812,0.1098324879514649,1809.1953215151864,1,-0.455410054536584,-0.455410054536584,0.635495734749894,1,-0.455410054536584
GSK3B-DT,-0.4826789318869571,-0.8874421944770359,0.5320058614334232,20.00750678828314,1,-0.836934207727666,-0.836934207727666,0.252283407639987,1,-0.836934207727666
GSR,0.0409108140480277,0.4271221642077431,0.7901000391845027,1031.054980344352,1,-0.831774642220394,-0.831774642220394,0.321856031991203,1,-0.831774642220394
GSS,-0.3886593165294782,-3.981599017777164,0.0003231834222586,1480.132149717401,1,-0.389775012654291,-0.389775012654291,0.695534365418192,1,-0.389775012654291
GSTP1,-0.7122144047501968,-8.887482569158145,1.4627860100279145e-17,3457.422902987818,1,-0.19263677755061,-0.19263677755061,0.856079756364035,1,-0.19263677755061
GSX1,-0.5980656330431076,-1.4191569942414428,0.2758489601601612,31.288300422727957,1,-0.428677822431658,-0.428677822431658,0.644686560999313,1,-0.428677822431658
GTF2I,-0.1949797153266513,-1.5149442747342905,0.2391069923618752,971.8445127525353,1,-0.556504526774922,-0.556504526774922,0.48964626680528,1,-0.556504526774922
GTF2IP23,0.4708169344442073,0.4633329600661298,0.7709026390486884,5.300688021912465,1,-0.248337925256797,-0.248337925256797,0.820528120906278,1,-0.248337925256797
GTF2IRD1,-0.7688343413582621,-7.365893494352942,2.634744702923489e-12,906.3789327402968,1,-0.746616752040964,-0.3814053823312857,0.279359173181772,3,-0.746616752040964
GTF2IRD2B,-1.3093182139567503,-1.7761408046775442,0.1548796629401406,11.586989282232654,1,0.719080646885139,0.719080646885139,0.39820570435914,1,0.719080646885139
GTF3A,0.0345968738620243,0.4108326954061824,0.799372692225732,2272.7528209352663,1,-0.52359679422974,-0.52359679422974,0.563378925895113,1,-0.52359679422974
GTF3C2-AS2,-0.2458184645430558,-0.8819049268461778,0.5352641581642192,88.89159751377737,1,-0.259013976367957,-0.259013976367957,0.790282441659677,1,-0.259013976367957
GTF3C6,0.241869502562586,1.3638151071897415,0.2985711383717731,258.0648135647559,1,-0.488370144666234,-0.488370144666234,0.601265332473038,1,-0.488370144666234
GTPBP1,-0.2436756213978044,-2.3976760790240124,0.0428897233859518,806.8494942221857,1,-6.05423505822111,-6.05423505822111,0.002555191414672,1,-6.05423505822111
GUSB,-1.810403428329609,-14.363734380170053,1.1576761686512566e-44,663.7337527276325,1,-0.132182460105854,-0.132182460105854,0.901384841001696,1,-0.132182460105854
GZF1,0.1595056085224715,1.2838313421387668,0.3328604632475942,464.07730459255527,1,-1.01710007570865,-1.01710007570865,0.148697474799926,1,-1.01710007570865
H2BC17,-1.0373180375938442,-1.3103460623480023,0.3211916970323797,9.458288014192936,1,-1.20753204498289,-1.20753204498289,0.130425683869448,1,-1.20753204498289
H3-3B,0.2462987371432264,3.1170881875155483,0.0062407360904723,3502.991007187342,1,-0.740122040170975,-0.740122040170975,0.226285024614391,1,-0.740122040170975
H4C1,-1.3686131522244829,-1.4931816657423278,0.2471287777012263,6.801030901413438,1,-0.102057577062525,-0.102057577062525,0.913387078620691,1,-0.102057577062525
HACD3,-0.5759193085475509,-5.31024849096753,8.173455899190511e-07,1088.59371055339,1,-1.22173262960546,-1.22173262960546,0.140447821030057,1,-1.22173262960546
HACL1,-0.2342350054401102,-1.4764715911212627,0.253258933938729,291.7300385669674,1,-0.0636573542070693,-0.0636573542070693,0.947568479014303,1,-0.0636573542070693
HAPSTR1,0.8256458885843944,7.250130651573046,6.037748303303559e-12,621.0794031641497,1,-0.284679523792703,-0.284679523792703,0.790282441659677,1,-0.284679523792703
HAS3,-2.386198701310988,-7.387682311197971,2.2587816258508808e-12,347.38740436343653,1,-0.115950382758271,-0.115950382758271,0.914999937135485,1,-0.115950382758271
HAUS7,-0.7639672371324641,-1.5814874255748097,0.2156375146241795,25.73537153888399,1,-0.706144792813725,-0.706144792813725,0.392508215211152,1,-0.706144792813725
HCST,-1.1536702516605442,-3.1162146029841296,0.0062543867993786,41.84484047474618,1,0.481272618467823,0.481272618467823,0.613939493580586,1,0.481272618467823
HDAC1,-0.2888857279935069,-3.0852481169245043,0.0068696496119259,1070.4904734501342,1,-0.282700296334134,-0.282700296334134,0.790282441659677,1,-0.282700296334134
HDAC4,-0.2762553505917187,-2.6185574009654817,0.0248845078199945,894.5427137667542,1,-0.774918798524196,-0.6932088475609594,0.238311578677796,3,-0.342080195512584
HDAC7,0.5021123054163469,5.505034455500336,2.929563190958632e-07,1331.9365057009968,1,-0.144154236634101,-0.144154236634101,0.890149111885154,1,-0.144154236634101
HDGF,0.0373505709940122,0.4935179174883643,0.7540022459743159,7155.45500584488,1,-0.104899861609467,-0.24194021329237878,0.403679552531771,3,-0.716860821657419
HDLBP,0.3732913591128572,5.429001260913273,4.368194651020829e-07,4954.410392532749,1,-0.422947829697533,-0.422947829697533,0.66561319328156,1,-0.422947829697533
HEMK1,0.3073950173666778,1.6247968678704006,0.2010547798485196,181.0496387045927,1,-1.20810191427404,-1.20810191427404,0.169144708590615,1,-1.20810191427404
HERC1,0.1603998029496876,1.2094359073751226,0.3670512558779994,443.8623466698617,1,0.12024360952331631,0.12024360952331631,0.873080715676223,2,0.153018874638332
HERPUD1,-0.5549085852378409,-4.524607703570019,3.430741137361485e-05,598.3379703259167,1,-0.278238573504773,-0.278238573504773,0.787055049631918,1,-0.278238573504773
HES1,0.4882278734385106,3.2873007827134697,0.0036900823112491,326.54946138585785,1,-0.120988710785902,-0.120988710785902,0.908154990630604,1,-0.120988710785902
HEXIM1,0.6776784776589752,6.547774601630128,6.712653411281298e-10,995.5566169773772,1,-0.25338471348837,-0.25338471348837,0.800168549501369,1,-0.25338471348837
HEXIM2-AS1,-0.0219722493972307,-0.0375579598850757,0.985293519922488,15.500892771733742,1,-0.335025257587539,-0.335025257587539,0.726781233211033,1,-0.335025257587539
HIGD2A,0.0578087902613142,0.4487122555647838,0.7783769672939547,423.21889339634953,1,0.455506980787804,0.455506980787804,0.634434778606944,1,0.455506980787804
HINT2,-0.525365740677798,-1.0891631812626876,0.4250677398764082,23.630647966583336,1,-0.315404289587722,-0.315404289587722,0.695534365418192,1,-0.315404289587722
HINT3,0.7372882113461892,3.4746145701316915,0.002015408562929,145.6522332312646,1,-5.10821263310062,-5.10821263310062,0.0074890680472154,1,-5.10821263310062
HMGA1,0.1290179173036511,1.8620324036988536,0.1323782616327955,13750.439655227448,1,-0.480092077191604,-0.480092077191604,0.565260245214525,1,-0.480092077191604
HMGB2,0.0007587400846631,0.0073453377075143,0.9971373672264778,1894.589267994716,1,-0.633058457666658,-0.633058457666658,0.473564171304369,1,-0.633058457666658
HMGN2,-0.2733503286052473,-3.106304631436534,0.0064391142790946,1309.5155912408786,1,-0.645775187199233,-0.645775187199233,0.431751786825556,1,-0.645775187199233
HMMR,-0.0334241177874089,-0.331276056876305,0.8438167889109577,869.7185530898073,1,0.185039195472929,0.185039195472929,0.864017979217365,1,0.185039195472929
HMOX1,0.6273188836739018,1.9298472928639576,0.1168820282837964,57.71310702341963,1,-0.675076490251793,-0.675076490251793,0.408599186037056,1,-0.675076490251793
HNRNPA0,-0.0198118743702327,-0.248732521977033,0.885822880745991,3018.1520368994497,1,-1.49557975000353,-1.49557975000353,0.0576211387245941,1,-1.49557975000353
HNRNPAB,-0.4142885681233724,-5.330177976304076,7.391605522994976e-07,4795.286758385547,1,-1.01519913263882,-1.01519913263882,0.19438556621429,1,-1.01519913263882
HNRNPC,0.1452623124945366,1.688436489202356,0.1804450568241978,3224.5521696453134,1,-0.202503237745228,-0.202503237745228,0.853775062485105,1,-0.202503237745228
HNRNPD,0.5242066532305569,6.456113792087802,1.1952176675987984e-09,3445.1527605923657,1,-0.0607596905633401,-0.0607596905633401,0.95618436407547,1,-0.0607596905633401
HNRNPDL,0.106599983318375,1.3005398025029271,0.3255953176264307,2288.0158344713827,1,-0.227322422349872,-0.227322422349872,0.834369840584335,1,-0.227322422349872
HNRNPF,-0.0664262526303687,-0.916421434162498,0.5168191932478942,3576.5227047946664,1,0.100683844212814,0.100683844212814,0.926891171796322,1,0.100683844212814
HNRNPK,-0.0195800866704236,-0.2949591893389853,0.8624565139364387,6419.130833964397,1,-0.964561025168519,-0.964561025168519,0.235838763535535,1,-0.964561025168519
HNRNPUL1,0.3832255072144245,5.506138236051341,2.914931338909601e-07,5940.11065548821,1,-1.02905828195233,-1.02905828195233,0.0642875441160514,1,-1.02905828195233
HOOK2,-1.108994820840946,-6.824141331506692,1.1052707359313952e-10,400.4318479162559,1,-0.17480851068146203,-0.17480851068146203,0.564048935726476,2,0.187242557634967
HOTAIR,-0.8795070982987353,-3.9401296049875527,0.0003801231893384,147.66176151508932,1,-0.581593234336286,-0.6431673914418021,0.130425683869448,3,-0.581593234336286
HOXA10-AS,-1.669947652525009,-9.299471474438588,3.771601880963745e-19,219.5574959812797,1,0.0967104928667475,0.0967104928667475,0.933326208865954,1,0.0967104928667475
HOXA11-AS,-1.718009208337232,-5.4930381542894375,3.118057244936994e-07,76.21890404369368,1,0.129290738800231,0.129290738800231,0.883449860305013,1,0.129290738800231
HOXA7,-1.3618167987942913,-10.637137088411851,8.434787442623259e-25,527.1526121873616,1,-0.110720084360731,-0.110720084360731,0.903663910773731,1,-0.110720084360731
HOXB-AS1,1.183166063108915,2.4510720736093137,0.0378976702378028,26.59052806535265,1,-0.596018781713995,-0.596018781713995,0.504272779385644,1,-0.596018781713995
HOXC-AS3,0.3234688307826724,0.4546699940972167,0.7747806536691131,10.210069504614944,1,-0.423124704843327,-0.423124704843327,0.607224125782498,1,-0.423124704843327
HOXC6,0.1251829263383752,0.591372941217363,0.6993024612510703,127.39185842550386,1,-0.986470919236915,-0.986470919236915,0.226461428708927,1,-0.986470919236915
HPDL,-1.8874265555524377,-11.865404650077988,1.0975183102990922e-30,314.8630659907409,1,-1.57647572551508,-1.57647572551508,0.0179543377061432,1,-1.57647572551508
HRCT1,-0.2467511717393278,-0.3818998531891557,0.8159623499556806,12.12794497991017,1,-0.883654518653102,-0.883654518653102,0.23283890176282,1,-0.883654518653102
HS1BP3,0.1529386320893929,0.9708060278454969,0.4871063393212584,288.17578833236985,1,-0.559439987852194,-0.559439987852194,0.533447869724038,1,-0.559439987852194
HS1BP3-IT1,-0.0074207140517195,-0.0178808931483554,0.9926555357489756,30.540870210291946,1,-0.28454516258433804,-0.36701254995720595,0.178156615558206,4,-0.35711487508276
HSD17B1-AS1,-0.0047877506470367,-0.0255236694537179,0.9893842738867894,203.9256707720176,1,-0.572207841443273,-0.572207841443273,0.504272779385644,1,-0.572207841443273
HSD17B10,0.1323225362144987,1.354221434564027,0.3025902906712184,1281.4630240522065,1,0.117772492005672,0.117772492005672,0.909770293890461,1,0.117772492005672
HSDL1,-0.1424700496802304,-1.1888474470517645,0.3768581640816512,472.8712517868044,1,-0.570152619782249,-0.570152619782249,0.535609690281311,1,-0.570152619782249
HSDL2,-0.1472730751980219,-1.2424770236850653,0.3515649817920649,523.2244010344633,1,-1.15467525095977,-1.15467525095977,0.179031722651875,1,-1.15467525095977
HSF2BP,-1.6207513340223494,-2.3657140881262766,0.0461379507404269,13.90133730819574,1,-0.065350108900083,-0.065350108900083,0.937918109429536,1,-0.065350108900083
HSP90AA1,0.6256284854726742,7.535388125556262,7.672356760257855e-13,34782.95554036618,1,-0.315345487961923,-0.315345487961923,0.750507636387212,1,-0.315345487961923
HSP90AB1,0.1499066039023129,2.378860986628615,0.044804226664748,16202.987275678475,1,-0.0909591304754865,-0.0909591304754865,0.937478844816912,1,-0.0909591304754865
HSPA4,0.3138173177087724,4.285813549319479,9.522060865562446e-05,4704.470198739658,1,-0.856272884259766,-0.856272884259766,0.202853997232681,1,-0.856272884259766
HSPA4L,0.5853702245793413,4.353085898363299,7.178524947294415e-05,410.7712417743731,1,-4.03409083086368,-4.03409083086368,0.0064564323649242,1,-4.03409083086368
HSPB1,-0.3121003894253153,-3.4246294138603828,0.0023868209094027,1938.594889661936,1,-0.441108719918673,-0.441108719918673,0.627679091333823,1,-0.441108719918673
HSPD1,0.2709531153927612,4.216077567522968,0.0001272407360228,11575.51074369087,1,-0.443755501137768,-0.443755501137768,0.644686560999313,1,-0.443755501137768
HTRA2,0.2715744285259887,2.359992435808505,0.046786703226321,605.282545537054,1,-0.643412934277015,-0.643412934277015,0.466016251576475,1,-0.643412934277015
HYLS1,0.2416740684024992,1.086186099440389,0.426419970684777,144.75526744884365,1,-0.388212908865235,-0.388212908865235,0.670834468481448,1,-0.388212908865235
IBA57,0.3027175292689231,1.666049579832377,0.1877321788822399,202.89566476514148,1,-0.222281773950597,-0.222281773950597,0.782528121522966,1,-0.222281773950597
ICMT-DT,0.0727236054053497,0.0816340544718887,0.965128867511275,7.11247394109429,1,-0.475607902304104,-0.475607902304104,0.618881627414122,1,-0.475607902304104
ID2,0.3602063314488729,3.4844995942492005,0.0019483028148445,1019.8369285328944,1,-1.99329109593403,-1.99329109593403,0.0469345852738983,1,-1.99329109593403
IDH1,-0.1465734445666127,-1.2547478148265423,0.3459714093755447,600.0862320310868,1,-0.700324875650607,-0.700324875650607,0.400346367346729,1,-0.700324875650607
IDH3G,-0.2750332373365501,-2.4932123616889337,0.0340837659306031,640.0003448865954,1,-0.406474474864569,-0.406474474864569,0.655277612112842,1,-0.406474474864569
IER2,0.0845278399971703,0.7971951137686396,0.5822645846350999,1063.531136644336,1,-1.17921230202799,-1.17921230202799,0.134914330198721,1,-1.17921230202799
IER5,0.2877486312679245,3.3787146660534213,0.0027604486274979,1672.2460576910344,1,-0.9879855491002034,-0.9879855491002034,0.12627722824317,2,-1.24330111266172
IFITM1,1.2037041105694322,7.483135203092947,1.1242979553420053e-12,231.43963501255163,1,-1.4223467517914,-1.4223467517914,0.145239851235545,1,-1.4223467517914
IFITM2,-0.3981578815112116,-4.490255752940429,3.9886105480987386e-05,1669.509482557018,1,-0.638196185130499,-0.638196185130499,0.470969028858272,1,-0.638196185130499
IFITM3,0.0875260937417277,0.3940604128149736,0.8089360980416109,2083.4897575866107,1,-0.120440315032417,-0.120440315032417,0.908154990630604,1,-0.120440315032417
IFRD2,0.3868350203745427,4.509862678054274,3.650257883272096e-05,1926.29348098134,1,-0.758524661297243,-0.758524661297243,0.25850724638249,1,-0.758524661297243
IFT140,-0.0162244066344053,-0.0683751427233692,0.9715916987047348,112.0083606760698,1,-0.0454388893858377,-0.0454388893858377,0.965899374321037,1,-0.0454388893858377
IFT88,-0.2204497158750678,-1.115972686350197,0.4113388374256941,163.13053329957418,1,-1.83300065045534,-1.83300065045534,0.0636982013573742,1,-1.83300065045534
IGF2BP1,0.6020866450709208,7.293938031589045,4.43506705985348e-12,2020.704214560269,1,0.105458145024899,0.105458145024899,0.926891171796322,1,0.105458145024899
IGF2BP3,-0.3272347622205516,-2.4628679533420126,0.0368176517607864,402.280399402256,1,-0.5636400040595555,-0.5636400040595555,0.280819454459006,2,-0.887065994268823
IGFBP6,-0.9201916385126262,-7.993630029156636,2.3954907321987792e-14,1327.500991697723,1,-0.50399266649024,-0.50399266649024,0.594024667916841,1,-0.50399266649024
IGFL4,-1.3064180670061345,-4.85857863859504,7.519096871334211e-06,83.77769010797854,1,-0.503946202960618,-0.503946202960618,0.592139266774897,1,-0.503946202960618
IGSF9B,-0.4837696326663467,-3.615068067659955,0.0012378166129637,1105.8815303133276,1,-0.261367470585484,-0.21234334731623963,0.2935922348097,3,-0.87575404945993
IKBKB,-0.0058056087494819,-0.0403189639317816,0.9842087346697984,340.4853202326759,1,-1.06858057014699,-1.06858057014699,0.18204751533236,1,-1.06858057014699
IKBKG,-0.071930122234769,-0.2793955772005898,0.8705492218924871,95.06412326915137,1,-0.667059787325777,-0.667059787325777,0.426680784983614,1,-0.667059787325777
IL16,-1.2178223371054937,-5.099335934346089,2.362803895973832e-06,98.96974540548364,1,-0.13945087767369,-0.13945087767369,0.881357210567722,1,-0.13945087767369
IL17RC,-0.8725038730975818,-2.2000320043081847,0.0672091988631549,37.55579573970024,1,-0.559585696838967,-0.559585696838967,0.514819622035714,1,-0.559585696838967
IL17RD,0.5776625204643645,5.819148644012368,5.277416464680006e-08,825.230496344465,1,-0.452244311154656,-0.452244311154656,0.636062760468529,1,-0.452244311154656
IL19,-0.9625350085652014,-3.1782826805786946,0.0051832686598755,80.90285934743267,1,0.510817410178777,0.510817410178777,0.589689708352226,1,0.510817410178777
IL20RA,-1.534650585413578,-5.134748017483281,1.9768972837936204e-06,65.72622514071271,1,0.282886365720079,0.282886365720079,0.790282441659677,1,0.282886365720079
IL23A,-1.0142846223994433,-3.5036435741986223,0.0018226974783748,220.42121156052872,1,-0.779233369799278,-0.779233369799278,0.333774385719425,1,-0.779233369799278
ILF3,-0.0208685033401682,-0.2852905846608933,0.8672257573852484,5422.538469435446,1,0.22422508555605,0.22422508555605,0.82661665396946,1,0.22422508555605
IMMT,-0.0112091230285436,-0.1334081750660254,0.942362113507332,1922.638605725572,1,-0.203603343070174,-0.203603343070174,0.838622471199541,1,-0.203603343070174
IMPA2,-0.9731601563331516,-5.982383657140418,2.062032130785245e-08,283.7507276166538,1,0.425243444159388,0.425243444159388,0.66561319328156,1,0.425243444159388
IMPACT,0.145108236520302,0.8536582232309949,0.5504046037339335,230.9342121211569,1,-0.580202703168576,-0.580202703168576,0.522770913327544,1,-0.580202703168576
IMPDH2,-0.2445010371932094,-0.5530244800712203,0.721504781740483,31.232670857548506,1,-5.61150536969534,-5.61150536969534,0.0005174653024612,1,-5.61150536969534
INAFM1,-1.5872737720425938,-6.52115035790774,7.926219218174747e-10,114.37400722360768,1,-0.766939837652158,-0.766939837652158,0.346895885339198,1,-0.766939837652158
INF2,-0.8415931866282585,-10.810664009110551,1.3532004398190476e-25,3361.0361204331875,1,-0.32411331168830837,-0.32411331168830837,0.344390445270739,2,0.0904857809931403
ING1,-0.0338835247788605,-0.1961719358066707,0.9125426844707182,256.8470753404042,1,-0.347881153119646,-0.347881153119646,0.73442163025309,1,-0.347881153119646
ING3,-0.518738260497425,-2.6899027680014007,0.0206481758528302,171.11304106194368,1,0.251558586913354,0.251558586913354,0.815893933803056,1,0.251558586913354
ING5,-0.3309526534675077,-2.6091844731389844,0.0254984501436995,460.63763600289326,1,-0.19016618531129,-0.19016618531129,0.856079756364035,1,-0.19016618531129
INO80,0.2001944637593462,1.759248035836214,0.1596858992794924,602.4823347958286,1,-0.0223147078299508,-0.0223147078299508,0.988434968823991,1,-0.0223147078299508
INO80E,-0.3639501436640651,-3.407031054022677,0.0025273524552563,728.7845251873023,1,-1.01880896643053,-1.01880896643053,0.138769569335351,1,-1.01880896643053
INPP5K,0.1352002907289413,1.0720179813245414,0.4337818165904364,460.5012590369848,1,0.077342643916351,0.077342643916351,0.944733898979837,1,0.077342643916351
INSIG1-DT,-0.8448132948005257,-1.9381350513640756,0.1149816395569227,29.5869047473892,1,0.0679653408943158,0.0679653408943158,0.943450460600675,1,0.0679653408943158
INTS4,-0.1000954624791843,-0.6030530375139376,0.6918907078384998,241.34857916080196,1,-0.0583633021305483,-0.0583633021305483,0.944733898979837,1,-0.0583633021305483
INTS5,-0.2619928828916785,-2.119466173505509,0.0800070091385737,469.3137233867759,1,-0.0174663603443829,-0.0174663603443829,0.98914278821681,1,-0.0174663603443829
IPO7,0.095762980192983,1.2143282965406783,0.3651135605552153,5658.161308551456,1,-0.7075233055134035,-0.7075233055134035,0.285193125109615,2,-0.573438239178537
IQCC,-0.5115395161415072,-1.8351496804823957,0.1390142187412586,85.2797633447309,1,-1.15292079967546,-1.15292079967546,0.169144708590615,1,-1.15292079967546
IQGAP2,-0.2514335933144611,-2.3158338129994225,0.0517394151226443,2258.079345770466,1,0.33348205585715,0.33348205585715,0.750507636387212,1,0.33348205585715
IRAG1,-1.7844497327577695,-11.586319713482672,2.624127902618533e-29,284.89336093377824,1,-0.441296914447743,-0.441296914447743,0.637282249287192,1,-0.441296914447743
IRAK1,-0.2121910506695593,-2.9716004976939123,0.0095840432052417,6715.649537924407,1,-0.703163990038387,-0.703163990038387,0.376446649844236,1,-0.703163990038387
IRF2BP2,0.0278679318634586,0.3313759861533927,0.8438167889109577,1448.383576817443,1,0.194987919065511,0.194987919065511,0.858107149144219,1,0.194987919065511
IRGQ,0.8049472419595066,8.45484386827215,5.83248990985482e-16,1150.1341878719008,1,0.489368243889964,0.489368243889964,0.462959387083774,1,0.489368243889964
ITGAE,-0.0128261872982696,-0.0763110671418986,0.9676463737685586,221.62214431318588,1,0.358691826071706,0.358691826071706,0.720784978743584,1,0.358691826071706
ITGB1BP1,0.3260697479885706,2.9789117838569794,0.0093854958729538,797.9568813023741,1,-0.0484121719475082,-0.0484121719475082,0.946687702866099,1,-0.0484121719475082
ITGB5,0.273334100609256,3.8036510916579145,0.000632461507637,3216.89562624717,1,-1.08301422269467,-1.08301422269467,0.129899019381324,1,-1.08301422269467
ITPA,-0.2146941898407487,-1.7716458067268277,0.1561838856219341,515.2489032124208,1,-0.287793080954669,-0.287793080954669,0.773491553612082,1,-0.287793080954669
ITPR3,-0.3659160894976493,-4.068617109743036,0.0002295200285765,3351.1279111633344,1,-0.173152147105551,-0.173152147105551,0.870092508270201,1,-0.173152147105551
ITPRIPL1,-0.7088985625071744,-5.25553351606628,1.0811716026201431e-06,462.1239458219562,1,-0.029487702794753,-0.029487702794753,0.980137242080418,1,-0.029487702794753
IZUMO4,-1.7234999392895145,-2.399817802018912,0.0426718847741137,11.745419994382797,1,-0.97640245959416,-0.97640245959416,0.233443833736681,1,-0.97640245959416
JADE2,0.2807696003513792,3.222641806493728,0.0045104206827749,1516.9384216029737,1,-0.594149213210879,-0.594149213210879,0.512166417715874,1,-0.594149213210879
JAG2,-3.0057653949474306,-25.4939393446156,7.194479502856112e-140,1049.6499671478057,1,-0.436349156554522,-0.436349156554522,0.652761144632085,1,-0.436349156554522
JAGN1,-0.1487674250472268,-1.0316044102191415,0.4548410499072434,336.2849313055322,1,0.139638386274172,0.139638386274172,0.890005372440284,1,0.139638386274172
JAK3,-0.3805048470247569,-0.9042131846696004,0.523203354536167,31.218904479433437,1,-1.18032467206292,-1.18032467206292,0.130425683869448,1,-1.18032467206292
JAKMIP3,-1.494239501931946,-4.807041318468609,9.536101538430724e-06,63.700146445795774,1,-0.0717609601764322,-0.0717609601764322,0.927353368843352,1,-0.0717609601764322
JOSD1,-0.012059577424392,-0.1225371953011263,0.9481461902187852,898.0534216831676,1,-0.238775285860412,-0.238775285860412,0.814321722197432,1,-0.238775285860412
JOSD2,-1.0308798973321864,-5.5131163447989815,2.808780529933917e-07,199.5281212798362,1,-0.431149539748012,-0.431149539748012,0.654262693519241,1,-0.431149539748012
JPT2,0.4774630941561541,5.29956178737914,8.632623180550012e-07,1716.4221997520813,1,-0.951787038435202,-0.951787038435202,0.251080057357317,1,-0.951787038435202
JTB,-0.1680531391588274,-0.9825422903047408,0.4806924964588024,236.68179728198416,1,-0.968904034095679,-0.968904034095679,0.23283890176282,1,-0.968904034095679
JUNB,-0.2004423598786516,-1.6248628645576892,0.2010524556188473,628.0753558508189,1,0.0819728565325184,0.0819728565325184,0.943450460600675,1,0.0819728565325184
KANK1,-0.4219260486726314,-1.640655758834492,0.1962139867633784,82.47870873579096,1,-0.214615953217173,-0.214615953217173,0.831130577462573,1,-0.214615953217173
KAT2A,0.47622580946779,4.871694818468062,7.068256724477378e-06,1184.1901712998742,1,0.149864721189952,0.149864721189952,0.865029149536423,1,0.149864721189952
KAT7,0.6935394322458054,5.15659299946632,1.7724038485853503e-06,517.1348640524793,1,-0.683912846925305,-0.683912846925305,0.431751786825556,1,-0.683912846925305
KATNIP,0.0202068385935225,0.1593751395209293,0.9306456582174591,398.8727891853673,1,-0.227158024656212,-0.227158024656212,0.824648236617088,1,-0.227158024656212
KAZALD1,-1.5028054392147436,-11.675092791390147,9.60857269612406e-30,460.4583894668584,1,-0.165293356715426,-0.165293356715426,0.871579369369779,1,-0.165293356715426
KBTBD2,-0.874207410973706,-7.933900612649673,3.8026777367236066e-14,661.3000020128917,1,-0.270201153594314,-0.270201153594314,0.800400749347921,1,-0.270201153594314
KCNAB2,-0.2113743207256448,-0.6432050866427211,0.6694164701713997,56.24391137485044,1,-0.701900541170941,-0.701900541170941,0.410662238015127,1,-0.701900541170941
KCNJ5,-2.0305396957345017,-19.576359079902304,1.2817567757693186e-82,1384.8449015030003,1,-0.0999631898119922,-0.0999631898119922,0.930770051679137,1,-0.0999631898119922
KCNQ1OT1,-0.956104633977821,-5.799716788512844,5.879881337663613e-08,387.7184258810399,1,-1.00329948856907,-1.00329948856907,0.209407030807346,1,-1.00329948856907
KCTD15,0.6630398035855214,4.9334718173417205,5.259325039332916e-06,538.3352221856105,1,-0.234470783679301,-0.234470783679301,0.832929435366509,1,-0.234470783679301
KCTD20,0.2658287328193077,2.6355848809220603,0.0238469743963281,896.5400852325581,1,-0.237303507539651,-0.237303507539651,0.808946241874029,1,-0.237303507539651
KDELR1,-1.5187300219189737,-14.146632218045628,2.4114829739368783e-43,3031.0985398873963,1,-0.0936896357885983,-0.0936896357885983,0.936840531605559,1,-0.0936896357885983
KDM2A,0.2518511682216884,3.084414233600709,0.00688298712884,2708.204549818831,1,-1.00047839603057,-1.00047839603057,0.214235070092282,1,-1.00047839603057
KDM4B,0.2804022974546216,1.9784058410677667,0.1062012115205515,346.51787353288336,1,-0.238346205500895,-0.238346205500895,0.82661665396946,1,-0.238346205500895
KDM4C,-0.5066596992118766,-1.918735582466932,0.1192344852433681,88.46239334285777,1,-0.947213307676425,-0.947213307676425,0.251080057357317,1,-0.947213307676425
KDM6B,0.3790665591363233,3.014963047664592,0.0084598634854869,744.8158788975693,1,-0.0077870780652471,-0.0077870780652471,0.995097347298462,1,-0.0077870780652471
KEAP1,0.0703368181477019,0.7683290575377177,0.5983473906974897,1153.0203718089126,1,-3.18805205899226,-3.18805205899226,0.0018427550719378,1,-3.18805205899226
KHK,-0.8600606033260169,-4.584434283550317,2.6542169636066896e-05,193.23832211789107,1,-0.807440275834752,-0.807440275834752,0.319100379264276,1,-0.807440275834752
KHSRP,-0.1145112015241965,-1.743876685493895,0.1638707462242391,4768.455783239571,1,-0.88362258906887,-0.88362258906887,0.25850724638249,1,-0.88362258906887
KIAA1614-AS1,-0.317857880353052,-0.4442631279210196,0.7808894995867801,11.083633517641172,1,-1.10977939004664,-1.10977939004664,0.155445075134534,1,-1.10977939004664
KIF11,0.2212951982008343,1.8374393894215693,0.138473218438068,941.0821594928476,1,-0.120106045575231,-0.120106045575231,0.904112106139388,1,-0.120106045575231
KIF17,0.2096531084573757,0.3633480319942775,0.8269625874037069,17.803713676735097,1,-0.383273349033521,-0.383273349033521,0.699120315085504,1,-0.383273349033521
KIF22,-0.4407443798942712,-4.402034574694303,5.826843586954326e-05,976.3423216097588,1,-6.75356032821583,-6.75356032821583,0.0011054787558126,1,-6.75356032821583
KIZ,-1.1430495819041862,-13.304657775927556,1.9099726632287485e-38,1818.248332456065,1,-0.315531673729326,-0.315531673729326,0.737887980945463,1,-0.315531673729326
KLF16,-0.0126371957649309,-0.1199237421480608,0.9492363639996284,899.6155319409114,1,-0.484254748436152,-0.484254748436152,0.554861099743664,1,-0.484254748436152
KLF6,0.2777407862178049,2.9858415131451577,0.0091964147715424,1421.384556259921,1,-0.0867614549814829,-0.0867614549814829,0.929454488867266,1,-0.0867614549814829
KLHDC2,-0.0486929352188605,-0.3075591155271214,0.8568033232346896,273.5663431256588,1,-6.52504623997696,-6.52504623997696,0.0017363142005389,1,-6.52504623997696
KLHDC3,0.3928866282346014,3.1185224075749733,0.0062145173459046,467.4120736888944,1,-0.1360195555497,-0.1360195555497,0.885696602558509,1,-0.1360195555497
KLHL21,-0.0749233062557379,-0.7943222038950707,0.5839372929720756,1540.4596325963394,1,-0.240450916292252,-0.240450916292252,0.82661665396946,1,-0.240450916292252
KLHL8,1.0418168585785257,6.538988030324407,7.103382815562773e-10,253.9417492265333,1,0.058838327853176,0.058838327853176,0.952581523967589,1,0.058838327853176
KLK6,-2.1265470933470514,-17.034444126445553,1.345102308440553e-62,871.8809874458673,1,0.324527443522608,0.324527443522608,0.730689464410161,1,0.324527443522608
KLK7,-1.3715478978196771,-3.2789449990882837,0.0037894427103156,32.56085216981603,1,0.0182186493035799,0.0182186493035799,0.989051857808696,1,0.0182186493035799
KLRG1,3.073601839036256,5.865074202714169,4.0588220159478414e-08,33.21236270962244,1,0.325580905491153,0.325580905491153,0.738887120944658,1,0.325580905491153
KMT2B,0.3297704417437975,3.668560968854999,0.0010258138534765,1697.6542768013433,1,-0.988935288367485,-0.988935288367485,0.179031722651875,1,-0.988935288367485
KMT5A,0.4410213950819698,3.1906601180455074,0.0049942238385375,353.5660939887941,1,-0.296158456760951,-0.296158456760951,0.785493256403938,1,-0.296158456760951
KPNA2,0.7517389479908698,8.692633129390464,7.79694408731609e-17,3836.389798067211,1,-0.205514644619652,-0.205514644619652,0.846637008928623,1,-0.205514644619652
KPNA3,0.3170345704099312,3.710461591415159,0.0008823941301928,1873.3875308280549,1,0.286582466402136,0.286582466402136,0.654841996404859,1,0.286582466402136
KREMEN1,-1.482261152075218,-10.389928009847592,1.055776922155577e-23,332.2113984430491,1,-6.54438096119262,-6.54438096119262,0.0018427550719378,1,-6.54438096119262
KREMEN2,-1.180177964031072,-6.983618562330709,3.7820822541363035e-11,427.1927345826503,1,-0.194928046999566,-0.194928046999566,0.85672776349682,1,-0.194928046999566
KRI1,0.4419352380811303,4.125269047736438,0.0001835887983394,784.8867179149427,1,-1.07414515318248,-1.07414515318248,0.163009613279465,1,-1.07414515318248
KRT18,-0.5422304819616268,-8.353243347895518,1.3430502008156685e-15,22944.510401450447,1,-3.83356045866715,-3.83356045866715,0.0047208276992138,1,-3.83356045866715
KRT5,-0.3825602085938868,-6.172768905631023,6.767572925802794e-09,27157.42313102744,1,-0.683196736786234,-0.683196736786234,0.42719759667645,1,-0.683196736786234
KRT74,-0.9372262113141854,-5.059723800908432,2.8623276879331638e-06,185.5005423923606,1,-0.765844161320006,-0.765844161320006,0.237616649128218,1,-0.765844161320006
KRT75,-4.488722386664157,-5.470795862306913,3.499967360144545e-07,19.79882973597576,1,-0.864233239211464,-0.864233239211464,0.301238273979967,1,-0.864233239211464
KRT8,-0.3269364583210975,-4.710282389783268,1.4953392233006453e-05,26267.771032652538,1,-0.16756153593858394,-0.16756153593858394,0.720784978743584,2,-0.335732680130607
KRT80,0.9940639343281842,9.557540500604905,3.5366540162828136e-20,1147.5570419389642,1,-0.537839744714898,-0.537839744714898,0.533447869724038,1,-0.537839744714898
KRT81,2.2325248610998933,14.873910523333208,7.845746440508922e-48,409.1544119387902,1,0.223347753843662,0.223347753843662,0.832929435366509,1,0.223347753843662
KRT86,0.4201610321591691,0.9886175216103982,0.4774849464172559,30.282039473234903,1,-2.052790545894247,-2.052790545894247,0.0177818261323512,2,-0.460582315642494
KRTCAP2,-0.2995091403692287,-0.8218816632694658,0.5681080983533996,41.69235791319701,1,-0.255175184523645,-0.255175184523645,0.805704954308554,1,-0.255175184523645
KXD1,0.2723986509544791,2.5657245061840928,0.0284460867842127,748.8718348735323,1,-0.399414210734956,-0.399414210734956,0.688650403494023,1,-0.399414210734956
L3MBTL1,-0.1446995218796607,-0.4373844623462689,0.7846618451935081,58.49610270298057,1,-0.250186663135521,-0.250186663135521,0.779774607136092,1,-0.250186663135521
LAGE3,-0.2810747612195317,-1.7478654335524295,0.1627655844003186,300.2398273148127,1,-0.628777815090538,-0.628777815090538,0.482446289196532,1,-0.628777815090538
LAMP1,-0.8717490485622791,-8.908399269831351,1.2188874423382799e-17,2315.51296460519,1,-1.58618958279175,-1.58618958279175,0.0481765190317315,1,-1.58618958279175
LAMTOR1,0.0477454365000233,0.4482040008061752,0.7785714272039744,834.2482679029329,1,-0.701672086157042,-0.701672086157042,0.263059935128505,1,-0.701672086157042
LAMTOR2,-0.5994178829803829,-3.702750377240358,0.0009066930152271,326.7432370066156,1,-0.698559290622351,-0.698559290622351,0.392508215211152,1,-0.698559290622351
LAMTOR4,-0.3324615400993498,-2.722551054260856,0.0190060308257491,575.8684185628814,1,-8.36721030583638,-8.36721030583638,3.3902020077986e-06,1,-8.36721030583638
LAMTOR5-AS1,0.4970783791835186,0.997317210977485,0.4731186766015222,22.17297614286877,1,-0.404341262890332,-0.404341262890332,0.654841996404859,1,-0.404341262890332
LANCL2,-1.511829632783379,-10.53129025122808,2.5165103406710207e-24,393.530313414188,1,-0.0316147117776595,-0.0316147117776595,0.977751499120937,1,-0.0316147117776595
LARP1,0.0771020680443127,1.136563360428589,0.4018164000911361,8643.01301317036,1,-0.542996986298171,-0.542996986298171,0.20957005086874,2,-0.936635009419461
LCN12,-2.096503918066173,-4.002876369588871,0.0002979603300912,25.714292904977487,1,-1.35893986844346,-1.35893986844346,0.127009940279505,1,-1.35893986844346
LDB1,-0.0128320341785899,-0.1136306742498802,0.9521686227484848,621.042369235973,1,-0.51412645946822,-0.51412645946822,0.564485879627176,1,-0.51412645946822
LDLRAD3,0.0130299895955923,0.1213984367936205,0.9485936945562328,755.2115879311532,1,-0.546127793737484,-0.546127793737484,0.548142950098399,1,-0.546127793737484
LDLRAP1,0.3102088806605886,2.087437633931032,0.0855271357707758,318.3076884820839,1,-0.338232198754192,-0.338232198754192,0.721849260102227,1,-0.338232198754192
LEKR1,0.1465557436484964,0.2295651047562748,0.8954812253380071,13.664367580293751,1,-0.216622579647339,-0.216622579647339,0.841591823625857,1,-0.216622579647339
LETMD1,0.2488926643704145,2.177995560514551,0.070470693422557,547.6414102177237,1,-0.732225222102216,-0.732225222102216,0.376446649844236,1,-0.732225222102216
LGALS3BP,-0.8118273384525899,-7.032157626976672,2.7240650746262407e-11,1672.626581015177,1,-0.4727501556098135,-0.4727501556098135,0.503938814973003,2,-0.379420122957358
LHX6,-0.0490133829733004,-0.3632297545276591,0.8269625874037069,450.51954829207006,1,0.399687146292334,0.399687146292334,0.682995497309484,1,0.399687146292334
LIF,-0.8561701185615792,-6.737123760743851,1.9622298492704304e-10,877.8748749884504,1,0.133178585179773,0.133178585179773,0.88242854172037,1,0.133178585179773
LIMA1,0.1452407353058935,1.2121611158958634,0.3660985264343658,921.9490185842697,1,0.173389746729912,0.173389746729912,0.862679459860138,1,0.173389746729912
LIMK1,-1.9842895181503717,-22.17103796142641,6.388133035520474e-106,1410.7018232485684,1,-3.04782280179994,-3.04782280179994,0.005304315492113,1,-3.04782280179994
LIMS1,0.3317418331924112,4.162177118449485,0.0001580384617586,3407.6396306996967,1,-0.09378378042767005,-0.09378378042767005,0.832929435366509,2,0.0453028479732349
LIN9,0.2442813265681861,1.3624105477889086,0.2990388586011,188.88468831220237,1,0.248134483407403,0.248134483407403,0.790282441659677,1,0.248134483407403
LINC-PINT,-1.3899530848703134,-8.224844506508255,3.818980519666575e-15,333.5200517016918,1,-1.4102023146800806,-1.4102023146800806,0.0245943683867746,2,-0.295672232088341
LINC00324,-0.7260684328405707,-0.994156825251315,0.4748581895890955,10.159412346142837,1,-0.358201609856889,-0.358201609856889,0.646379766203478,1,-0.358201609856889
LINC00649,-0.8488596745216646,-6.292227276512124,3.3031210841713874e-09,394.1917395418898,1,0.324708827898133,0.324708827898133,0.750507636387212,1,0.324708827898133
LINC00880,0.7095702565476999,1.149400753103523,0.395830919161917,16.827676534642528,1,-0.387464474224249,-0.387464474224249,0.697936262665014,1,-0.387464474224249
LINC00886,0.5314184969713595,1.7348817007505823,0.1665034553867784,62.41173503626064,1,-0.0342141142437187,-0.0342141142437187,0.975735630224415,1,-0.0342141142437187
LINC00899,-0.4643478816220621,-1.4180431349761495,0.2763723001593148,53.29273612915256,1,0.235120928172706,0.235120928172706,0.815994645984461,1,0.235120928172706
LINC00910,1.896372714366636,5.852474562216037,4.358532234064196e-08,61.71280990797197,1,-5.7183486494684,-5.7183486494684,0.0042149687753129,1,-5.7183486494684
LINC00963,-0.0108934393779461,-0.0850252253243637,0.9641919128491678,431.13963106620525,1,0.101293525993988,0.101293525993988,0.928916921763487,1,0.101293525993988
LINC01089,0.0919790069683326,0.3096549962309608,0.8555584528262403,90.2410415863859,1,-0.250095992648608,-0.250095992648608,0.809266618514092,1,-0.250095992648608
LINC01106,-0.5964949164177479,-1.0210876411432654,0.4607014901346899,66.28469833169356,1,-0.398299404871511,-0.398299404871511,0.631602656003547,1,-0.398299404871511
LINC01119,1.5252346678202109,1.8558210965017077,0.1338961955480535,9.469892714704285,1,-1.37134696050688,-1.37134696050688,0.0710367120025365,1,-1.37134696050688
LINC01124,-1.0411012991091562,-4.970189032241182,4.432335169993983e-06,126.57305916517174,1,-0.019706789682909,-0.019706789682909,0.989051857808696,1,-0.019706789682909
LINC01126,-1.006703368693046,-1.3434074075383309,0.3071197500245533,11.14856135434072,1,-0.127959560650103,-0.127959560650103,0.883233033329785,1,-0.127959560650103
LINC01132,-0.6788872742424382,-1.2602644734411126,0.3435850354852346,19.12919957539452,1,-0.300505059301643,-0.300505059301643,0.779774607136092,1,-0.300505059301643
LINC01134,-1.5174043226112806,-3.108130011328248,0.0064008662325106,25.186013632012127,1,-0.23117963103052,-0.23117963103052,0.832929435366509,1,-0.23117963103052
LINC01144,-2.772622820074667,-2.973145726482888,0.009541847487093,8.987798606613406,1,-0.700144247193982,-0.700144247193982,0.397544587582536,1,-0.700144247193982
LINC01186,-0.5372986178968133,-1.3285959932643514,0.3134258498434566,33.46163234805252,1,-0.731736109714757,-0.731736109714757,0.386145757302158,1,-0.731736109714757
LINC01191,-0.4625559319208275,-0.4967460779573505,0.752347697743404,6.261356165262056,1,-1.4111287301576,-1.4111287301576,0.0738340690091078,1,-1.4111287301576
LINC01220,0.4228194821675977,0.5563093937629096,0.7198284016582127,8.646987218218067,1,-0.598687932751699,-0.598687932751699,0.473564171304369,1,-0.598687932751699
LINC01232,1.5424470631330596,2.43073629947872,0.0396942603280291,15.109044824200431,1,-1.74893873793544,-1.74893873793544,0.0431180774279267,1,-1.74893873793544
LINC01303,1.6682488458187064,1.5844849379749328,0.2146332942443061,5.861928601118355,1,-0.835149077912183,-0.835149077912183,0.31729334888905,1,-0.835149077912183
LINC01503,0.1612812538508271,0.3766258231231436,0.8188679288335055,35.77466723000481,1,0.158794448397489,0.158794448397489,0.878809123954509,1,0.158794448397489
LINC01622,-4.207822626404343,-7.256010234739667,5.791901975957144e-12,39.66759619698777,1,-0.479565828518513,-0.5022244538567237,0.384733530763628,3,-0.716670286791081
LINC01730,0.7089582392369991,0.6705310343950108,0.6543970477467687,5.819752127357215,1,-1.19516453293129,-1.19516453293129,0.107822180550085,1,-1.19516453293129
LINC01775,0.6489547015399328,0.6568928250148532,0.6613038787288285,5.608162499583745,1,-1.4998839877945,-1.4998839877945,0.0227833661313445,1,-1.4998839877945
LINC01786,0.0452122021340905,0.0542899902293846,0.9777835157330372,7.503201743221243,1,-0.592255042973757,-0.592255042973757,0.507080591245167,1,-0.592255042973757
LINC01816,-0.4717561479602319,-0.6913605680396921,0.6429354660628468,11.57727120536666,1,-0.772727182081891,-0.3150424500511663,0.18860744900432,3,-0.910952492648048
LINC01842,0.7280078286295053,1.2774962201033102,0.3356832246146971,16.587187942874547,1,-0.48978169039034,-0.48978169039034,0.572563845542818,1,-0.48978169039034
LINC01843,-1.4257264898217656,-1.7847675195210986,0.1525003278659462,9.29270995254078,1,-0.665450094823859,-0.665450094823859,0.437254926308043,1,-0.665450094823859
LINC01977,-0.5275597865771667,-1.3175803504633858,0.3182438557047092,42.53145317672599,1,-0.345846000962442,-0.345846000962442,0.741557265170796,1,-0.345846000962442
LINC01992,-0.8092446962369763,-2.098099945270052,0.0837794532520333,34.804729447543565,1,-0.889466752109301,-0.889466752109301,0.110524900888474,2,-1.45562628781925
LINC02043,1.2982476733020925,2.44467664189419,0.0384259007983759,23.216350739042333,1,0.0415243087085852,0.0415243087085852,0.968706222525648,1,0.0415243087085852
LINC02298,-1.7622488685795024,-5.068808105663987,2.7410062569625898e-06,51.77266755140684,1,-0.730983195659317,-0.730983195659317,0.346062418366117,1,-0.730983195659317
LINC02482,-0.4316374583304883,-0.4604622136137056,0.7721724010592543,7.8155159322495,1,0.0462590527520061,0.0462590527520061,0.961447430650173,1,0.0462590527520061
LINC02525,1.1721492087301484,1.1560677595081248,0.3925490375569752,6.928321339079046,1,-5.37468810072646,-5.37468810072646,0.0057310686661831,1,-5.37468810072646
LINC02572,-0.2440159805904352,-0.3677310257039951,0.8242823118254898,13.40999378524508,1,0.0371439918643653,0.0371439918643653,0.971878871870368,1,0.0371439918643653
LINC02832,0.1010727166573023,0.1847127715009797,0.9183725518477808,21.222402160646222,1,-0.741319324189919,-0.741319324189919,0.369967840580189,1,-0.741319324189919
LINC02851,-0.2041555659977625,-0.3204378541483947,0.8495596900656543,13.331720743767184,1,-0.0413637497342623,-0.0413637497342623,0.924654655231706,2,0.0136226867692823
LINC02863,0.8106510360575541,1.1351344944292363,0.4024687567467367,10.107098512488973,1,-0.0567385809514374,-0.0567385809514374,0.958570703526529,1,-0.0567385809514374
LINC02870,-1.3606484375416492,-1.427413340437785,0.2726386847162445,7.2402341545952975,1,0.51787358207941,0.51787358207941,0.5847422367813,1,0.51787358207941
LINC02964,1.036302646251105,5.663706778898324,1.2463319794110424e-07,316.56885976324736,1,-0.3712030174473825,-0.3773487921213928,0.242884125795247,4,-0.215575156897838
LINC02966,-0.7537961627914402,-1.717808185923371,0.1714657757259553,30.69864791780168,1,-1.36286029767155,-1.36286029767155,0.129892772014204,1,-1.36286029767155
LIPE-AS1,0.7005604679648659,1.1026950642681503,0.4182978445011416,16.562254844897478,1,-0.083602287421264,-0.083602287421264,0.937478844816912,1,-0.083602287421264
LIPT2-AS1,-0.2481053472772424,-0.4909061746767814,0.7556430340346065,27.769142161955248,1,-1.06082124142979,-1.06082124142979,0.172361886444725,1,-1.06082124142979
LLGL1,-0.4265806956210917,-3.9658281793309857,0.0003443820896868,762.4429372206043,1,-1.49294100470626,-1.49294100470626,0.0769762528115542,1,-1.49294100470626
LMAN2,-0.6602187033862134,-6.182076475436399,6.396770390435675e-09,2271.6821199001624,1,-2.75783450858662,-2.75783450858662,0.0017363142005389,1,-2.75783450858662
LMNA,-0.0591943116368786,-0.9033754182534368,0.5235138492894574,9737.25471403366,1,-0.6886497485255715,-0.8863004359898891,0.073833062742917,4,-0.825856912687193
LMNB1,0.1017597792678175,1.3312183687630683,0.3124131005506719,2558.013447902878,1,-1.15438452581303,-1.15438452581303,0.138769569335351,1,-1.15438452581303
LMNB2,-0.0574752323778103,-0.7569079507083861,0.6048427279273033,4152.357742830907,1,-0.632572686909428,-0.632572686909428,0.47884764259939,1,-0.632572686909428
LNCOC1,0.5027303613118964,0.8454451899699816,0.5549552803140653,14.72567753335408,1,-0.487607458765624,-0.487607458765624,0.605088768224356,1,-0.487607458765624
LNCRNA-IUR,-0.44444122030961,-1.0875600849151263,0.4258971871434304,38.91648534426958,1,-0.337132147232696,-0.337132147232696,0.749874655820847,1,-0.337132147232696
LOXL1,-2.833428974725364,-12.249896129391663,1.1048226330524404e-32,144.40417184815178,1,-0.7368042449376591,-0.7368042449376591,0.162281597449046,2,-1.20493227273799
LOXL3,-0.5916900146375386,-2.610322082621629,0.0254229414765053,137.8306713664828,1,-1.09341719292708,-1.09341719292708,0.18860744900432,1,-1.09341719292708
LPXN,-0.5611372639726507,-1.14850786594868,0.3962660920587124,29.068202465436325,1,-0.392493637796157,-0.392493637796157,0.651128029418597,1,-0.392493637796157
LRFN3,-0.3445091930385514,-1.9513554565475664,0.1120819372871101,199.7009249226195,1,-0.0395123995468816,-0.0395123995468816,0.968949757665247,1,-0.0395123995468816
LRP2,-4.465614155478848,-18.414305187207,4.2618555888267814e-73,200.7133608783446,1,0.198312721099342,0.198312721099342,0.780308997267018,1,0.198312721099342
LRP2BP,0.1941656618197436,0.2716360791193352,0.874380435089661,9.879939025315789,1,-0.025642754905515493,-0.025642754905515493,0.8707318204072,2,0.118318949065371
LRP3,-0.9772392584586962,-6.538681453439686,7.11273816776438e-10,400.4982060582302,1,-1.12156468211056,-1.12156468211056,0.171835554891549,1,-1.12156468211056
LRP5,-1.1885496321483453,-11.261963028694696,1.0034434625062182e-27,1567.168472168992,1,-0.327063939577783,-0.327063939577783,0.746848535460477,1,-0.327063939577783
LRP8,-1.1446316342868146,-8.86740532527625,1.7338779285387817e-17,1009.1188840849894,1,-0.281694437953934,-0.281694437953934,0.779774607136092,1,-0.281694437953934
LRR1,0.2285849097448181,1.491086339051004,0.247957499006531,285.57745760370744,1,-0.868061334068982,-0.868061334068982,0.269758453648707,1,-0.868061334068982
LRRC14,-0.8117383562629038,-5.665514903489132,1.233923601398438e-07,487.3049462635863,1,-0.316937047609451,-0.316937047609451,0.762820730657681,1,-0.316937047609451
LRRC59,0.7830777627465851,9.743546453212,6.108965943783015e-21,4177.387211073481,1,-0.132884986776003,-0.132884986776003,0.887589503873746,1,-0.132884986776003
LRRC75A,-0.6639866387067377,-3.5156876662720102,0.0017490957806677,163.6168171754598,1,-1.04091037026819,-1.04091037026819,0.147619053990669,1,-1.04091037026819
LRRC8A,-0.7988898984834537,-8.701077259393136,7.26873290687374e-17,1213.2449349745846,1,-0.688926515327724,-0.688926515327724,0.426680784983614,1,-0.688926515327724
LRRFIP1,0.3894533955038801,4.397381686898777,5.9469215661592686e-05,1786.1372350603956,1,0.660913345270493,0.660913345270493,0.441689401821578,1,0.660913345270493
LRRN4,-0.9436505653666712,-8.458004252982905,5.684200645134468e-16,1572.5214882330329,1,-0.571609701351375,-0.571609701351375,0.522654756882713,1,-0.571609701351375
LSM12,0.7201960672579398,3.3405459460822216,0.0031187106055183,138.2012559052755,1,-0.361287633852387,-0.361287633852387,0.700687313059071,1,-0.361287633852387
LSM14B,0.3336693191008286,3.374598627461615,0.0027946092485432,855.9796042219215,1,-0.138313603795068,-0.138313603795068,0.878809123954509,1,-0.138313603795068
LSM4,-0.2034323601108923,-2.0650584430135406,0.0894775561512847,1200.562559402077,1,-0.745638176185023,-0.745638176185023,0.379139224691098,1,-0.745638176185023
LTBP4,-1.0526018552306362,-10.394466884268216,1.0116604897589334e-23,1436.9895664232592,1,0.197911910547718,0.197911910547718,0.840914120405616,1,0.197911910547718
LTBR,0.484636650613786,5.16435365296761,1.7081298519663854e-06,1498.1150936128963,1,-0.324454271461422,-0.324454271461422,0.658308334352614,1,-0.324454271461422
LTO1,0.0538896309209654,0.422179806227289,0.7924269676489092,468.7602790206939,1,-2.4009087954107,-2.4009087954107,0.0079257374102702,1,-2.4009087954107
LUC7L2,-0.4387233605875056,-2.747350251072055,0.0177870066065909,302.2204719117126,1,-0.662647617980972,-0.662647617980972,0.434786556149436,1,-0.662647617980972
LUCAT1,0.7375338360814564,2.554825714381701,0.0292541656127164,81.61752181912505,1,-3.41120551556583,-3.41120551556583,0.0208671291218467,1,-3.41120551556583
LYRM1,-0.2120411649872677,-1.4742279579913309,0.2542331424672194,310.1547417008101,1,0.0452345249144557,0.0452345249144557,0.960586132131068,1,0.0452345249144557
LZTR1,-0.5688950474908495,-2.8706324953275595,0.0127493503173831,167.83165909965845,1,0.184130628378545,0.184130628378545,0.865029149536423,1,0.184130628378545
LZTS2,-0.2846048250330876,-2.8167289355265783,0.0147547384206397,1019.333813941218,1,-0.433656244426596,-0.433656244426596,0.620882046369384,1,-0.433656244426596
MACF1,0.3045275708709885,3.575695544197495,0.0014223042198517,6008.806249988607,1,-2.80354780679428,-2.80354780679428,0.0164374001622942,1,-2.80354780679428
MAD1L1,0.6833976108759274,1.3701956130086508,0.2957666052748713,26.627579747777823,1,-0.32188459326664154,-0.32188459326664154,0.744802594197491,2,-0.307729727999628
MADD,-0.436086610886495,-4.3610319011166405,6.946687432197332e-05,914.4339694012672,1,-0.349876347869689,-0.349876347869689,0.670834468481448,1,-0.349876347869689
MAFG,-0.1490576873172945,-1.620710792350481,0.2024908192692273,1123.351605669307,1,-0.803161454778402,-0.803161454778402,0.296137358486885,1,-0.803161454778402
MAILR,-1.2448006959086086,-1.306643654313178,0.3227207783991007,6.551573368581601,1,-2.38170006439598,-2.38170006439598,0.0431180774279267,1,-2.38170006439598
MALAT1,0.0322103900254602,0.1866186230038058,0.9172175387837974,10202.989338186131,1,0.329160975788673,0.329160975788673,0.746936388182189,1,0.329160975788673
MALL,-1.3244772652966643,-2.5041501056206124,0.0331450100011436,247.2899960143345,1,-0.289701336152993,-0.289701336152993,0.778430690991437,1,-0.289701336152993
MAN1B1-DT,-0.8177893217003229,-2.048413803498429,0.0924942110418195,35.85920983140923,1,-0.3052763903003315,-0.3052763903003315,0.627679091333823,2,-0.140983390074136
MAN2C1,-0.5583355273770811,-3.7171023383647137,0.0008616448545359,479.5712550879206,1,0.429650653292743,0.429650653292743,0.64354276741326,1,0.429650653292743
MANF,-0.1717171398046003,-1.703616171495301,0.1757364584772426,932.7450849992076,1,-0.424523629363126,-0.424523629363126,0.654262693519241,1,-0.424523629363126
MAOA,5.950598980785571,21.674767273254883,2.6427542249988982e-101,598.902865158527,1,-0.0645158251233935,-0.0645158251233935,0.927948441469673,1,-0.0645158251233935
MAP2K3,0.054921949447356,0.619534362912097,0.6829648745286431,1544.7680480927668,1,-0.190120424340062,-0.190120424340062,0.846637008928623,1,-0.190120424340062
MAP2K7,-0.2611292814733436,-2.424818583658656,0.0402522379082172,715.5196556773063,1,-2.49926393498471,-2.49926393498471,0.0164112072819106,1,-2.49926393498471
MAP3K10,-0.0365551063688071,-0.2511504559984835,0.8849756241411665,317.8737356775803,1,-1.15595423388406,-1.15595423388406,0.181255736215123,1,-1.15595423388406
MAP3K14,1.396559646228783,10.332183346653895,1.862540717762435e-23,437.1257249092036,1,-0.68349979218709,-0.68349979218709,0.409258366653944,1,-0.68349979218709
MAP3K2-DT,0.2865959482542683,0.7621615331057486,0.601960367543086,40.986450311062605,1,-0.963602652908191,-0.963602652908191,0.231514706947044,1,-0.963602652908191
MAP4,0.6138688276691532,8.417366666456426,7.9510734709236875e-16,3033.453525108438,1,0.267772892214734,0.267772892214734,0.78624770509631,1,0.267772892214734
MAP7D2,-0.532600885208045,-4.337690830692061,7.663645353732729e-05,549.9904681689991,1,0.086025628689961,0.086025628689961,0.939129060342934,1,0.086025628689961
MAPK14,-0.2795155201799393,-2.368822567050674,0.0458347192490718,547.0798425772509,1,-0.344372272445903,-0.344372272445903,0.705158826377328,1,-0.344372272445903
MAPK8IP3,-0.5105920661937458,-4.381532690932432,6.36774936350441e-05,770.8394576769799,1,-0.209568460207623,-0.209568460207623,0.832929435366509,1,-0.209568460207623
MAPKAPK3,-0.2858731212527639,-3.2274636069002987,0.0044441753603076,1427.8020057521887,1,0.33958711881269,0.33958711881269,0.744150855135705,1,0.33958711881269
MAPKBP1,-0.1746787381393288,-1.0207085987338804,0.4607886830304118,229.76541786877868,1,-0.400943917171259,-0.400943917171259,0.654841996404859,1,-0.400943917171259
MAPRE3,0.1574726692552164,0.6423650629175679,0.6699006837281073,92.15508568908996,1,-0.435404157063396,-0.435404157063396,0.652761144632085,1,-0.435404157063396
MARVELD1,-1.0432886011129436,-8.815232886838965,2.725593931057751e-17,809.3415874677622,1,0.0458448132885677,0.0458448132885677,0.963079000511928,1,0.0458448132885677
MATR3,-0.5968323871301771,-1.4995698185141249,0.244777846581514,35.98526913483273,1,-0.291836331879955,-0.291836331879955,0.757031547491095,2,-0.327791668893382
MAZ,-0.1033552583196868,-1.234082628148191,0.3555917585289173,1875.5013673121116,1,-0.08527423115224925,-0.08527423115224925,0.823364739309569,2,-0.243056833991768
MBD3,-0.2779077838126693,-2.717394326285482,0.0192433467909464,1142.8610715382983,1,-1.50592086696299,-1.50592086696299,0.0168333086469048,1,-1.50592086696299
MBD6,0.6476639413007744,6.452160859535037,1.2250782095228667e-09,1074.5915989252744,1,-1.31351834617748,-1.31351834617748,0.0754813954284251,1,-1.31351834617748
MBLAC1,-0.5235140639365375,-1.3155542300277132,0.3191885661658787,36.32467802508937,1,-0.205495641543401,-0.205495641543401,0.836416936092929,1,-0.205495641543401
MBTPS1-DT,-1.6382802073087688,-2.246078014867313,0.0606590643150237,11.66530346583152,1,-1.28050014335215,-1.28050014335215,0.0915090003718527,1,-1.28050014335215
MCAT,0.0755826704794687,0.4922342066503504,0.7548681951798997,324.3581175409228,1,-0.319573169582455,-0.319573169582455,0.764950156007015,1,-0.319573169582455
MCM2,0.4756195419458958,6.052461917553663,1.3697081840396093e-08,3488.5435298832176,1,-0.818407662514072,-0.818407662514072,0.324320653215445,1,-0.818407662514072
MCM3,-0.0789180866838416,-1.012238633177842,0.4650294835912217,2821.8994688469443,1,-0.148564174146592,-0.148564174146592,0.885696602558509,1,-0.148564174146592
MCM4,-0.0199460495252979,-0.2469306602709326,0.8866378399523013,4941.552799631602,1,-1.26599376266524,-1.26599376266524,0.0421453618458237,1,-1.26599376266524
MCM5,0.0290465469920909,0.3363130610149434,0.8413126867032699,1568.274525539271,1,0.167238553073171,0.167238553073171,0.864017979217365,1,0.167238553073171
MCM7,-0.3168047415000645,-4.782958791181703,1.065997165818774e-05,8688.699737730603,1,-0.224321237035402,-0.224321237035402,0.814494244246311,1,-0.224321237035402
MCMDC2,-0.9707481516214552,-1.2278384230420842,0.358589534202442,9.432201728574483,1,-0.835908709235146,-0.835908709235146,0.319100379264276,1,-0.835908709235146
MDH2,-0.422808256358756,-5.967234240823521,2.253369328863932e-08,3327.801319243576,1,-1.51605638733043,-1.51605638733043,0.043601945597182,1,-1.51605638733043
MEAK7,0.4989328646581859,3.9720061639350406,0.000335771757172,467.22644752456847,1,-0.284839128735266,-0.284839128735266,0.773056501442952,1,-0.284839128735266
MECR,-0.1628219761162384,-0.8622960060773018,0.545890148291038,168.96954084282942,1,-0.415241261961652,-0.415241261961652,0.672063095124088,1,-0.415241261961652
MED1,0.8573268719438789,9.301178853601462,3.717873749075418e-19,1599.1951487410831,1,-0.44952443084573,-0.44952443084573,0.608495000803001,1,-0.44952443084573
MED21,1.255276346391271,12.905650006727727,3.387778840653874e-36,1004.2040792211178,1,-0.991028918773832,-0.991028918773832,0.235838763535535,1,-0.991028918773832
MEGF8,-0.830624793617974,-7.58662467002927,5.242810265571555e-13,1043.8428378952087,1,-0.761508137744834,-0.761508137744834,0.355926734805466,1,-0.761508137744834
MELTF-AS1,-0.6208070638682751,-1.4509609113975646,0.2636902925772386,39.50334198445835,1,-0.478428086317135,-0.478428086317135,0.615461806544891,1,-0.478428086317135
MEMO1,0.3381430782338501,0.7546968138667938,0.6061062340365412,28.567045364032367,1,-0.604508960124175,-0.604508960124175,0.503297477139808,1,-0.604508960124175
MEPCE,-0.3127488425960703,-2.404757639531251,0.0422048206084698,467.6901374846208,1,-0.398944770226847,-0.398944770226847,0.619942724102078,1,-0.398944770226847
METTL16,0.3601655845131663,3.478330771083855,0.0019896764049581,771.4249223284422,1,-5.3015826100647,-5.3015826100647,0.0055040780570623,1,-5.3015826100647
METTL21A,0.0938581851602737,0.510772966987702,0.7452374620592789,193.8033895884974,1,-0.487481561585253,-0.487481561585253,0.610085950993337,1,-0.487481561585253
METTL23,0.6237207824858678,3.343808984244652,0.0030874176683746,180.189407191731,1,-0.162512729546021,-0.162512729546021,0.873080715676223,1,-0.162512729546021
METTL27,-1.105855787039022,-3.933768097586099,0.0003895165939732,73.6322341341923,1,-0.0449180256846085,-0.0449180256846085,0.967164668974475,1,-0.0449180256846085
METTL3,-0.0580656782688115,-0.4757780566453932,0.7639249754464423,528.4779292302456,1,0.0040605009136555,0.0040605009136555,0.996776506282318,1,0.0040605009136555
METTL8,0.2771916796264008,2.0842808131238035,0.0860690339252104,406.93267459218055,1,-0.597145833038501,-0.597145833038501,0.487074968853237,1,-0.597145833038501
MGA,0.6066045012398364,5.667114343406274,1.2237828199546893e-07,1003.413954025974,1,-0.291613183503364,-0.291613183503364,0.785408861468673,1,-0.291613183503364
MGAT1,-0.5368119204503669,-5.236807750498336,1.187317734793675e-06,1423.191522623171,1,-0.53903271490502,-0.53903271490502,0.563671643889185,1,-0.53903271490502
MGRN1,0.173624013491563,1.595554694152338,0.2108189654615571,711.0965879506832,1,-0.606244139325667,-0.606244139325667,0.409258366653944,1,-0.606244139325667
MHENCR,-0.8003471872179703,-4.410424730724105,5.629051162438254e-05,211.903171053721,1,-0.668662880993163,-0.668662880993163,0.430243001335009,1,-0.668662880993163
MIB2,-0.9541735038927268,-5.158174968842567,1.759877639697745e-06,204.88034824255732,1,-0.07032584202808,-0.07032584202808,0.946366747515375,1,-0.07032584202808
MICAL2,0.6954066510535382,6.601813678080688,4.759414196653899e-10,1024.6704085790109,1,-0.33676408154966253,-0.33676408154966253,0.218766138739178,2,-1.03625047123302
MICAL3,0.3112418747532269,2.4738073618455334,0.0358072863572021,500.7730558670502,1,0.21638926647045,0.21638926647045,0.78624770509631,1,0.21638926647045
MID1IP1-AS1,1.3806150964856538,1.5154102159159035,0.2389741573988549,8.37014652923559,1,-0.269562344694891,-0.269562344694891,0.797721804063154,1,-0.269562344694891
MIDEAS,0.2854400666747683,2.808633590869308,0.0150780719289956,867.653488703636,1,-0.979113625875681,-0.979113625875681,0.231514706947044,1,-0.979113625875681
MIF4GD-DT,-1.0989642841310638,-1.740776548804798,0.1647949036901409,15.100647815248957,1,-0.524670197454883,-0.524670197454883,0.539823414923978,1,-0.524670197454883
MIGA2,-0.7124421909727887,-6.310999140805795,2.9441654318393638e-09,809.9897914288103,1,-0.770701815099755,-0.770701815099755,0.351603187749015,1,-0.770701815099755
MINK1,-0.1500583150645085,-1.6712878758419505,0.1859513223521299,1597.7964737247123,1,-0.17253699976233,-0.17253699976233,0.871579369369779,1,-0.17253699976233
MIR4435-2HG,0.4026058634625294,3.2610413561679086,0.0040129791114061,594.269028693237,1,-0.7820476855698649,-0.7820476855698649,0.0769762528115542,2,-1.28486207808644
MIR762HG,-0.9286861477819872,-1.578256611380135,0.216598232662398,16.87626593013033,1,-0.469403716844143,-0.469403716844143,0.597834515554671,1,-0.469403716844143
MIRLET7A1HG,-0.8193873483848031,-2.7157244407681675,0.0193189829366437,73.47673584150017,1,-0.431483422307716,-0.431483422307716,0.654262693519241,1,-0.431483422307716
MIRLET7IHG,-0.1382846197797233,-0.1874876112001284,0.9169778771315604,10.556994252203626,1,-0.274614824970653,-0.274614824970653,0.790282441659677,1,-0.274614824970653
MIX23,0.9020832637446604,4.991153367895356,4.005651066469702e-06,226.6539672214812,1,-1.05226214340187,-1.05226214340187,0.17790146194354,1,-1.05226214340187
MKNK2,-0.4456463241285013,-5.792033310676767,6.137995770454055e-08,2486.311844938421,1,-0.271085909836057,-0.271085909836057,0.672631883454957,1,-0.271085909836057
MLF2,0.7125955204941864,9.961787765311948,7.481914347168337e-22,4001.7978635622494,1,-0.338693805764014,-0.338693805764014,0.737808153496439,1,-0.338693805764014
MLLT10,0.5404563015030691,3.911214675091287,0.0004239619093639,373.26799324033954,1,-0.12140150697775,-0.12140150697775,0.898963259485955,1,-0.12140150697775
MLST8,-0.2143795450625125,-1.8018628953597569,0.147941684700126,527.5070501612155,1,-0.0712000557902474,-0.0712000557902474,0.944896813861752,1,-0.0712000557902474
MLX,0.3226802556778009,3.0751219074930303,0.0070690547423256,781.7215757371995,1,-1.56214371164037,-1.56214371164037,0.0660044329006579,1,-1.56214371164037
MMAA,0.1425768663441666,0.3123899014175896,0.8539923411759955,29.58717891768457,1,-0.976837039040878,-0.976837039040878,0.234801406286453,1,-0.976837039040878
MMP25-AS1,-1.111820095683978,-2.779314656050464,0.0163128994102306,47.513919943798165,1,-0.908089674805225,-0.908089674805225,0.269758453648707,1,-0.908089674805225
MMRN2,-0.3483680463330688,-0.4775829994473111,0.7628548978431273,10.093459066933056,1,-1.12840166434828,-1.12840166434828,0.148263005615464,1,-1.12840166434828
MMS19,0.0953009347688554,0.9150109141453052,0.5175499583214552,747.2586999297783,1,0.363241435513994,0.363241435513994,0.693772833817206,1,0.363241435513994
MNT,-0.4866416479059547,-3.816701678572484,0.0006026765682289,437.5169323722167,1,-0.796489719528333,-0.6282302481387003,0.169193567770885,3,-0.169752441435684
MOB3A,-1.0638402450226525,-6.131352285314908,8.670259068691691e-09,280.15485043800567,1,-0.461948570797451,-0.461948570797451,0.34694230414975,2,-0.763508025203462
MOGS,-0.6759839851764823,-6.530511543454889,7.478877730276358e-10,1618.071095575553,1,-1.25019254300681,-1.25019254300681,0.119180286618488,1,-1.25019254300681
MORF4L2-AS1,-0.5245810135967253,-0.6935926994725572,0.6416084884040003,8.547028252997135,1,-1.39043977273119,-1.39043977273119,0.110597330726611,1,-1.39043977273119
MORN1,-0.189478987389211,-0.8087732620378876,0.5756238618477171,106.99978751553968,1,0.0718131816628523,0.0718131816628523,0.946687702866099,1,0.0718131816628523
MOSPD1,0.2782944434489254,2.741999427712268,0.0180554324796355,1140.394514512483,1,-0.788318780627711,-0.788318780627711,0.338467814659389,1,-0.788318780627711
MPC2,-0.2080467696930113,-1.4379772818078596,0.2684879437350157,331.2965537790682,1,-0.404216829349651,-0.404216829349651,0.654262693519241,1,-0.404216829349651
MPDU1-AS1,0.02474315518795,0.0766394976287229,0.9675047056345216,53.3168137552854,1,-2.04994899470623,-2.04994899470623,0.0018427550719378,1,-2.04994899470623
MPG,-0.6296881592865707,-4.579103616424304,2.7126419252074668e-05,402.0712708422646,1,-0.23229612124027,-0.23229612124027,0.823364739309569,1,-0.23229612124027
MPI,0.411518235048724,3.084814126241969,0.0068767092112394,425.5798877216622,1,-2.32897212999055,-2.32897212999055,0.0253155648107775,1,-2.32897212999055
MPZL2,-0.639402103414881,-3.040476992124589,0.0078543646632233,3605.760338075773,1,0.329271871840992,0.329271871840992,0.750507636387212,1,0.329271871840992
MRM2,-0.0796088826272266,-0.0949738545800403,0.9605112747206422,7.782346293436978,1,-0.471938601611878,-0.471938601611878,0.613939493580586,1,-0.471938601611878
MRPL14,0.1403486595287101,0.9736170790654808,0.4855545956717996,422.02136476668574,1,-0.402278453191121,-0.402278453191121,0.686358279702915,1,-0.402278453191121
MRPL15,0.1042970117385451,0.8521515810231253,0.5511021954504165,659.7592860062028,1,-0.849231236493475,-0.849231236493475,0.301238273979967,1,-0.849231236493475
MRPL18,0.5119567289588122,3.948198662211172,0.0003686392181241,663.6688244598611,1,-0.0551279632075816,-0.0551279632075816,0.960923015899512,1,-0.0551279632075816
MRPL20,0.2765899822772438,2.269137831364404,0.0575497731319225,921.5259364526715,1,-0.122926807137198,-0.122926807137198,0.90771363647254,1,-0.122926807137198
MRPL24,0.3465011152483598,2.2221628762516787,0.0639502644647275,352.407724405628,1,-0.545293355853692,-0.545293355853692,0.563938286340692,1,-0.545293355853692
MRPL28,-0.1125541439505152,-1.1207822924318154,0.4087634695783695,839.8454853574733,1,-0.701070207008379,-0.701070207008379,0.39820570435914,1,-0.701070207008379
MRPL36,-0.5672916317843381,-3.865535090093251,0.0005026815390711,444.4221994651916,1,-1.03860942697878,-1.03860942697878,0.208986112102438,1,-1.03860942697878
MRPL38,-0.4214561770408981,-0.8999142207524529,0.5249630004968008,29.43273606534888,1,-0.857245180340336,-0.857245180340336,0.304909753800658,1,-0.857245180340336
MRPL48,0.2069842741116827,1.3434077058671396,0.3071197500245533,274.3519670351994,1,-1.0295022994759004,-1.0295022994759004,0.132466267731001,2,-0.885210998360011
MRPL54,-0.1104634091195281,-0.6002451182890303,0.6935555803095123,191.0921867377472,1,-0.807780997496834,-0.807780997496834,0.331370495683969,1,-0.807780997496834
MRPS10,0.2850880383680056,1.8869565726934376,0.1264772553065503,306.53979887809544,1,-5.81475176190894,-5.81475176190894,0.0040079031365503,1,-5.81475176190894
MRPS16,0.0985179315255172,0.9398875857749016,0.5039085054484885,1019.8158882701068,1,-1.39624468564906,-1.39624468564906,0.0911357479559951,1,-1.39624468564906
MRPS2,0.0503640139885678,0.6015654351547425,0.6927269335044798,1651.390169574157,1,-1.25853767206578,-1.25853767206578,0.0769762528115542,1,-1.25853767206578
MRPS22,0.6263687203439224,6.55162313797388,6.551514837625899e-10,1072.027712768617,1,-0.496715917894632,-0.496715917894632,0.532307713736577,2,-0.574384975943338
MRPS25,-0.1825169684297948,-1.2737811063829465,0.3373130695275111,366.4674466430294,1,-2.86580612950141,-2.86580612950141,0.0017363142005389,1,-2.86580612950141
MRPS26,-0.0782978192547402,-0.667955185802286,0.6554084194642333,789.6127990717127,1,-0.179899471551326,-0.179899471551326,0.867147697045787,1,-0.179899471551326
MRPS6,-0.7936598567339805,-10.287410153068665,2.919451336681281e-23,2262.211382494112,1,-1.00727111510634,-1.00727111510634,0.208986112102438,1,-1.00727111510634
MRTO4,0.1936657759915524,1.870162912792671,0.130393645356265,1269.0074117209667,1,-0.255104190120296,-0.255104190120296,0.814494244246311,1,-0.255104190120296
MSANTD2-AS1,-1.230933006735974,-2.4572603611644888,0.0373209149761055,22.55175349792,1,-0.293606245317147,-0.293606245317147,0.78624770509631,1,-0.293606245317147
MSH6,-0.0085440604749932,-0.1003774489882163,0.9588767703148188,2005.881675290981,1,-0.476053078338908,-0.476053078338908,0.6142832742742,1,-0.476053078338908
MSI2,-0.0583414504260528,-0.7472207849120072,0.6102298594310409,2546.570433600168,1,-0.3190051249330995,-0.3190051249330995,0.566324136509443,2,-0.507908683724231
MSL2,0.7905080071781588,6.38566529589585,1.8577031087538583e-09,567.0326007172789,1,-0.78217017124305,-0.78217017124305,0.332094806525692,1,-0.78217017124305
MSTO1,0.0312242978234224,0.0960429072709385,0.9599622643320648,63.91665298059014,1,-0.732642550400576,-0.732642550400576,0.374753312471449,1,-0.732642550400576
MT2A,-1.122361361135111,-12.882368091032358,4.558475748966474e-36,3890.2396689548577,1,0.0894011233065506,0.0894011233065506,0.930797697607412,1,0.0894011233065506
MTA1-DT,-0.1855536885799578,-0.5907807724778972,0.6996336270793508,61.47227577149033,1,-1.33637356912415,-1.33637356912415,0.0979067926324721,1,-1.33637356912415
MTAP,0.2702968970932804,2.2197854865796725,0.0643121953151309,604.9352157301134,1,-0.445195103333822,-0.445195103333822,0.641890495520675,1,-0.445195103333822
MTERF3,0.3699658984124392,1.863314650604412,0.1320501196215725,177.74663611209428,1,-0.444282180887544,-0.444282180887544,0.649109726655341,1,-0.444282180887544
MTFP1,-0.612724832476314,-1.5312200908266085,0.233200069982075,36.170991913292056,1,-0.225305871667931,-0.225305871667931,0.790282441659677,2,-0.277789685332243
MTG2,0.3293703335418775,3.0977505270903665,0.0066106477706447,732.3287564240192,1,-0.0710480675333493,-0.0710480675333493,0.944733898979837,1,-0.0710480675333493
MTIF2,0.3770374576930426,3.595685368018823,0.0013274425598164,809.6024577846295,1,-0.250023651505082,-0.250023651505082,0.819684048171271,1,-0.250023651505082
MTIF3,0.0842682870701819,0.5349495239919534,0.7319361820087082,246.57396143262224,1,-0.458040720943979,-0.458040720943979,0.572795617788248,1,-0.458040720943979
MTM1,0.563673103968599,4.332331449632792,7.833979174239903e-05,432.5178009251139,1,-0.248568631373269,-0.248568631373269,0.811451937956882,1,-0.248568631373269
MTO1,-0.0945299147090495,-0.6587771645872567,0.6602948620146641,350.6410268890441,1,-0.435482235028298,-0.435482235028298,0.654841996404859,1,-0.435482235028298
MUC3A,-0.8457422638925851,-1.480534173003465,0.2517687115794648,16.650623317675493,1,0.508310365369786,0.508310365369786,0.51493995131783,1,0.508310365369786
MUS81,-0.3438593979200586,-2.822352846720343,0.0145437072232451,636.4543774142312,1,-0.928887811620088,-0.928887811620088,0.247438109730651,1,-0.928887811620088
MXD1,0.1879073200028702,1.2883093079508643,0.3308859515000554,350.1385486338395,1,-0.462977172557803,-0.462977172557803,0.558783844401074,1,-0.462977172557803
MXD3,-0.7018774694032833,-3.372151068177444,0.0028154785980256,147.79103285626024,1,-0.311863614782088,-0.311863614782088,0.7288188257144,1,-0.311863614782088
MYBBP1A,-0.2256811642762203,-2.9689593141964004,0.0096568128547421,2796.9338295089174,1,-0.378349899803808,-0.378349899803808,0.680192126202857,1,-0.378349899803808
MYBL2,0.5394004403219238,6.211248902248972,5.384653903509277e-09,1566.3189927826363,1,-0.339250441107263,-0.339250441107263,0.713082022840643,1,-0.339250441107263
MYC,0.3824585019807162,5.715324691656888,9.35823920135731e-08,5262.7600889272535,1,-1.02197553749664,-1.02197553749664,0.199565796812365,1,-1.02197553749664
MYH7B,-3.277514982697708,-12.841926035227225,7.53725803195301e-36,1186.140053642735,1,0.27851053054866803,0.27851053054866803,0.750507636387212,2,0.229239774800237
MYH9,0.0399478970974939,0.5285678585117151,0.7351480704079872,13842.124141030978,1,-0.614852623877496,-0.614852623877496,0.471557057510879,1,-0.614852623877496
MYL12A,-0.3844970258140855,-4.506099885529147,3.714218003961138e-05,1710.2224622980568,1,-0.732880516985825,-0.732880516985825,0.39113363873312,1,-0.732880516985825
MYO18A,-0.4465439209935896,-4.355172385383441,7.113161292717914e-05,976.0086053184258,1,0.0487402720108667,0.0487402720108667,0.960586132131068,1,0.0487402720108667
MYO1C,0.1921816680380291,2.785493241444843,0.0160328806021929,4847.534870598318,1,-0.9838055030995885,-0.9838055030995885,0.130425683869448,2,-1.33697890813523
MYO1D,-0.0333239176560433,-0.4894953306547758,0.7563372001238735,4527.348192109826,1,0.0839706943195951,0.09799457503660035,0.393921347130621,3,-0.471502615631602
MYOF,0.2944044996375001,2.8288943735501264,0.0143139941774215,1765.9629359528358,1,0.16895138997492348,0.16895138997492348,0.51493995131783,2,-0.239400974238836
MZF1-AS1,-0.2238442017804403,-0.4976627878901008,0.7518912198839376,29.110390041526745,1,-0.286956614946451,-0.286956614946451,0.785493256403938,1,-0.286956614946451
NAA20,0.3397489555313646,2.941783318073303,0.0104425016974007,983.1667964711636,1,-0.329926666504139,-0.329926666504139,0.729340171381177,1,-0.329926666504139
NAA50,0.7488470690820249,8.831912110673489,2.3655190332422986e-17,2773.818331663715,1,-1.01783535949902,-1.01783535949902,0.195147895407468,1,-1.01783535949902
NAA80,-0.241645131112681,-0.999391389213614,0.4718049400338092,136.50036369455182,1,-1.2318270165774,-1.2318270165774,0.119868824494066,1,-1.2318270165774
NACA,0.7623253506783834,9.112669255848845,2.0266019171811758e-18,5298.035625554636,1,-0.725277523020572,-0.725277523020572,0.397964506579888,1,-0.725277523020572
NACC1,-0.0300595149352843,-0.3685267712850126,0.8238401488788378,2491.2180812611728,1,-0.0320212160230889,-0.0320212160230889,0.975035958894209,1,-0.0320212160230889
NACC2,-0.5364392255324608,-5.139794034216692,1.927991888053453e-06,933.4221514737068,1,-0.0520756374537579,-0.0520756374537579,0.958570703526529,1,-0.0520756374537579
NAIF1,-0.19916652951096,-0.7804173875265735,0.5915462509446852,97.59674794440365,1,-0.713946561610735,-0.713946561610735,0.378112790666894,1,-0.713946561610735
NALT1,-0.1955449270273959,-0.3138685754873121,0.8531087784456947,13.405706145933022,1,0.246051482520558,0.246051482520558,0.823364739309569,1,0.246051482520558
NAMPT,0.1368310531394085,1.5026446448198114,0.2436138184184201,1523.3130439764857,1,0.357839283627512,0.357839283627512,0.69136067212377,1,0.357839283627512
NAT9,0.2997519194251047,2.9945749766365104,0.0089707736646193,838.4825943707403,1,-0.0437658047813681,-0.0437658047813681,0.967164668974475,1,-0.0437658047813681
NBR2,0.8022639819661376,3.1426128538380307,0.0057858838439876,94.210690056836,1,-0.102693744236858,-0.102693744236858,0.928916921763487,1,-0.102693744236858
NCAPH,0.3800609310057516,3.4535160493955046,0.0021683742348323,808.9668591711184,1,-1.1979381047557,-1.1979381047557,0.104962546556345,1,-1.1979381047557
NCBP2AS2,0.6011155473887715,4.064449823447192,0.0002331310655153,314.67393670024217,1,-0.0776062419433081,-0.0776062419433081,0.944733898979837,1,-0.0776062419433081
NCDN,0.044669854558612,0.31155071258589,0.8544833957978472,362.9019166239858,1,-0.0725241553513589,-0.0725241553513589,0.946237612433902,1,-0.0725241553513589
NCL,0.2974763909704245,3.754765071543227,0.0007561239806429,14523.167847786988,1,-1.22161234850931,-1.22161234850931,0.063884679896224,1,-1.22161234850931
NCLN,-0.4328544555874457,-4.125824423847565,0.0001832625151281,1985.1827992645672,1,-1.36678870793142,-1.36678870793142,0.129892772014204,1,-1.36678870793142
NDUFA7,0.08881451011448,0.0789597579967175,0.9662753546195386,5.2344617467300445,1,-0.501934886456735,-0.501934886456735,0.597449653090995,1,-0.501934886456735
NDUFAF3,0.5101436046825215,3.9285851738466806,0.0003974141243408,482.1385247408045,1,-0.524476359333497,-0.524476359333497,0.564048935726476,1,-0.524476359333497
NDUFS2,0.0008368621887631,0.0074725859576345,0.9970995125759312,644.0983966668681,1,0.219813236200883,0.219813236200883,0.835402739009506,1,0.219813236200883
NEAT1,0.0001026167828663,0.0002638010050708,0.9998874614657104,3094.1479172639674,1,0.09616266680235999,0.09616266680235999,0.750507636387212,2,-0.115867373157446
NEBL,0.2191325444309073,2.149011714827029,0.0750484783227782,795.140676880657,1,-0.453022457486758,-0.453022457486758,0.622924111465692,1,-0.453022457486758
NEDD4L,0.7033470991410931,6.92686354005392,5.5267308960337385e-11,944.1651822075746,1,-0.149166375980084,-0.149166375980084,0.864017979217365,1,-0.149166375980084
NEK3,0.9426216548937142,4.95901966905973,4.669156776975768e-06,194.3308362078924,1,-0.42624052852957417,-0.42624052852957417,0.253306449933592,2,0.0160184965289687
NEK6,0.8975565781529815,6.950317434549686,4.728066126756828e-11,419.4651792171049,1,-0.0558014290280697,-0.0558014290280697,0.955046422732559,1,-0.0558014290280697
NEK9,-0.3488667688442924,-3.728479323512183,0.0008284259507933,1163.1949600013395,1,-0.91592157654407,-0.91592157654407,0.252283407639987,1,-0.91592157654407
NEMP1,0.2937456632723049,3.161628555542168,0.0054487834675946,1377.9758274574351,1,-0.311415487435871,-0.311415487435871,0.720700961239228,1,-0.311415487435871
NEURL2,-0.8307900837691058,-2.15981930441722,0.0734071199992857,42.38491767496486,1,-0.228190900613441,-0.228190900613441,0.832929435366509,1,-0.228190900613441
NFAT5,-0.1172954075228516,-1.159711290833809,0.3907069470449091,1348.47509526279,1,-0.348477457721057,-0.348477457721057,0.740269183487328,1,-0.348477457721057
NFATC2,0.4952487800889522,3.531114235398642,0.0016603502645363,411.9500660038202,1,0.5806657872802925,0.5806657872802925,0.10373044521971,2,-0.136192372453725
NFATC3,0.3468286205575543,2.827276956415735,0.0143724105372213,486.649656456899,1,-3.69896161746697,-3.69896161746697,0.0224850691000763,1,-3.69896161746697
NFE2L1,0.4694969657682795,5.944134150141148,2.5767945759770063e-08,2799.0940065032964,1,-0.174513180375134,-0.174513180375134,0.869836934444701,1,-0.174513180375134
NFIC,0.2365544076399681,2.4089019432753997,0.0417634533115253,1735.2839887075722,1,-0.5840004815101025,-0.5840004815101025,0.228690441535835,2,-0.165057942785375
NFIX,-0.0165035564965369,-0.1623859248256365,0.9291961238332112,792.4255280192061,1,-0.388294470856078,-0.36889195021592946,0.606214386732758,4,-0.348178700340735
NFU1,-0.1686845642821924,-1.1227855392592132,0.4077613099635938,287.0993347792796,1,0.255107986514126,0.255107986514126,0.809645627909404,1,0.255107986514126
NFX1,0.2683916361859638,2.180999912488581,0.0700330469193558,481.255331697044,1,-0.211192579692425,-0.211192579692425,0.841591823625857,1,-0.211192579692425
NFYC-AS1,-0.8469912737026107,-1.5099099079200866,0.2409821437636714,18.73927181759696,1,-0.771489314802371,-0.771489314802371,0.249262821392229,1,-0.771489314802371
NINJ2-AS1,0.2956883874242013,0.9654167169977198,0.4900002260164464,61.35840919007689,1,-0.920853914722168,-0.920853914722168,0.234801406286453,1,-0.920853914722168
NKD1,-0.503724496866079,-7.172999491920836,1.0295808510502626e-11,4029.935196811856,1,-0.6193331154415146,-0.6193331154415146,0.215777755911371,2,-1.0556290164362
NLRX1,-0.0569437601244623,-0.2619909940159664,0.8793804104328138,155.41854256814833,1,-0.133631405628418,-0.133631405628418,0.895674042049214,1,-0.133631405628418
NME2,0.5433199278137637,1.282999298714547,0.33319267392495,35.48185544518492,1,-1.34082383039128,-1.34082383039128,0.0652706418267546,1,-1.34082383039128
NMT1,0.5362075043098891,6.352217915457785,2.288011377332053e-09,1704.992660698064,1,-3.21622947180225,-3.21622947180225,0.0327680191839872,1,-3.21622947180225
NOB1,0.3336846056266399,3.371736515570365,0.0028190387921179,1041.5969379763933,1,-0.675644646618787,-0.675644646618787,0.437254926308043,1,-0.675644646618787
NOL3,-0.2045972949261976,-1.208694321775983,0.3673605918910212,252.2371582863968,1,-0.1768130413312094,-0.1768130413312094,0.716258827003209,2,-0.0177898605122608
NOL4L,0.2701292707346334,2.0216612427000467,0.0974718595003946,437.47090752585103,1,-0.99582349775975,-0.99582349775975,0.216901195704971,1,-0.99582349775975
NOL9,0.342268496027827,3.357265414612329,0.0029558301783068,970.278343807544,1,-1.04608682827233,-1.04608682827233,0.200850706011295,1,-1.04608682827233
NOLC1,0.2042282932462912,2.6325412609506595,0.0240303305123252,4636.649890930198,1,-0.0811707322401923,-0.0811707322401923,0.937918109429536,1,-0.0811707322401923
NONO,-0.0054957411585276,-0.0839140760317044,0.9645909634565276,5604.720379861711,1,-0.756169767317582,-0.756169767317582,0.374540316410982,1,-0.756169767317582
NOP14,0.3675029114648609,3.781984040363528,0.0006856720497891,1356.7699966577673,1,0.184756849360551,0.184756849360551,0.835402739009506,1,0.184756849360551
NOP14-AS1,-0.0068741832661365,-0.0359874617318072,0.9856784518311656,183.5581676143564,1,-0.448676843911847,-0.448676843911847,0.64167082337147,1,-0.448676843911847
NOP53,-0.3683164418510308,-4.33640000299133,7.706143495208664e-05,1873.478489130252,1,-0.481257118629291,-0.481257118629291,0.615232869362891,1,-0.481257118629291
NOP58,0.2325718238356176,2.802477410890719,0.0153272689799823,1642.2546710465965,1,-0.591829212760113,-0.591829212760113,0.425799905953168,1,-0.591829212760113
NPEPL1,-0.5183396488919956,-2.131477344421508,0.0779591143960662,112.59965314892644,1,0.0432220341436072,0.0432220341436072,0.967439519313187,1,0.0432220341436072
NPM1,0.2863070061499042,3.8926326624191607,0.0004540434018509,10798.74779574768,1,-0.541356681379038,-0.541356681379038,0.429163998747097,1,-0.541356681379038
NPRL3,-0.0219012222803593,-0.2089945750547296,0.906222111096684,749.3289681442953,1,-0.278231556777034,-0.278231556777034,0.790282441659677,1,-0.278231556777034
NPTX2,-1.0750363368290994,-7.949661523862082,3.3876299233700656e-14,408.7067845320858,1,0.0467725168879046,0.0467725168879046,0.961341925838648,1,0.0467725168879046
NR1D1,1.274724396711398,4.360699843492706,6.954851203999491e-05,409.3144058145332,1,-0.42659604046362953,-0.42659604046362953,0.503938814973003,2,-0.570972711978676
NR1H3,-0.6197413462585408,-3.3528141098925466,0.0029965796106227,164.34856176836308,1,-0.809780693792854,-0.916158331401096,0.0843957679151812,3,-0.809780693792854
NRARP,-0.116103271108613,-1.1756264798792808,0.3830026421857891,968.6423010540278,1,-0.188048984038733,-0.188048984038733,0.85672776349682,1,-0.188048984038733
NRDC,-0.1139343866619652,-1.1769295621113556,0.3822882491750733,1220.1497099664937,1,0.0559036967432462,0.0559036967432462,0.959416084190003,1,0.0559036967432462
NRSN2-AS1,0.0929536889774807,0.2991158891187406,0.8608986588448162,61.66678824342621,1,-0.676795419742504,-0.676795419742504,0.437254926308043,1,-0.676795419742504
NSD1,0.6632139055625743,8.02236336010157,1.912150447488397e-14,1853.7438690472568,1,0.852889850533283,0.852889850533283,0.289610387088713,1,0.852889850533283
NSD2,0.1997302091106687,2.4877093326428885,0.0345442923925809,2428.9932709313684,1,-0.679261338453636,-0.679261338453636,0.43572281394261,1,-0.679261338453636
NSMCE2,0.0060831142633631,0.0277566899571212,0.988515829733152,141.55011038776976,1,0.0203364248393502,0.0203364248393502,0.988880693282107,1,0.0203364248393502
NSUN5,-0.7620388414601952,-6.906216007089092,6.356909842328688e-11,678.1062169120248,1,-1.22448798359874,-1.22448798359874,0.132921301414044,1,-1.22448798359874
NT5C,0.1127432072849957,0.7521853125688268,0.6074043691347951,406.4687362310149,1,-1.21589634472258,-1.21589634472258,0.132343997733913,1,-1.21589634472258
NTMT1,0.4745462572249923,4.497607057299239,3.858732179245988e-05,1003.0165557866808,1,0.11954882805502248,0.11954882805502248,0.727820322880921,2,0.347623853553742
NTSR1,-3.3203514236231637,-25.15735615094673,2.6220017909365054e-136,1056.5586077332332,1,-0.186268803894713,-0.186268803894713,0.854703680798006,1,-0.186268803894713
NUAK1,-0.1771529916686059,-1.633915656623913,0.1984021023315078,620.3157259742145,1,-0.123422020008065,-0.123422020008065,0.883449860305013,2,-0.132915067222096
NUCKS1,-0.2055355665029042,-2.6311552075558,0.0241154388084009,3120.833007478368,1,-0.386395065958925,-0.386395065958925,0.67502763370315,1,-0.386395065958925
NUDT1,-0.8890680225610154,-5.521302583855471,2.689213352240376e-07,270.3381867868092,1,-0.658464893207892,-0.658464893207892,0.451267933469196,1,-0.658464893207892
NUDT19-DT,1.3190894093856262,5.158023123374837,1.7605102947188368e-06,98.36805218591424,1,-0.286222079887627,-0.286222079887627,0.790282441659677,1,-0.286222079887627
NUDT3,-0.2370388502838944,-2.0106398629136937,0.0995250276811737,511.4549079093349,1,-3.20018294152249,-3.20018294152249,0.0250873974608285,1,-3.20018294152249
NUDT8,-1.1129625059945736,-3.9965642156763215,0.0003048071810244,81.46756870572523,1,-0.26217477036045,-0.26217477036045,0.807342573774808,1,-0.26217477036045
NUMBL,0.8467185052907783,5.5625151987670645,2.1604810371820546e-07,336.9649676186965,1,-0.23364836141796247,-0.23364836141796247,0.711846184719204,2,-0.135954048636701
NUP205,-0.3220228493274583,-3.71007765431139,0.0008834923437948,1603.144784422894,1,-0.592064732592346,-0.592064732592346,0.512166417715874,1,-0.592064732592346
NVL,-0.0151523156482967,-0.0995459349773455,0.9590334543914668,307.1541597491706,1,0.0785157017426097,0.0785157017426097,0.943450460600675,1,0.0785157017426097
NXN,0.3780575395361847,4.168708774436696,0.0001543698264898,1429.415821098254,1,-0.36073935098856746,-0.36612832671033774,0.237616649128218,4,0.236868101661244
OAF,-1.3149701310614632,-9.421421125500508,1.2356315714743613e-19,501.506781589317,1,-0.852133481063633,-0.852133481063633,0.301238273979967,1,-0.852133481063633
OARD1,0.049917027501903,0.2543569226865466,0.8831757629475666,149.75291946278426,1,0.231030307534893,0.231030307534893,0.832929435366509,1,0.231030307534893
ODC1-DT,0.7896973967229138,1.6076552317860673,0.2068751772409706,25.46228466214968,1,-0.215221177320041,-0.215221177320041,0.840892721291557,1,-0.215221177320041
OIP5-AS1,-0.1344598566499559,-1.0427557974493442,0.4489668310986868,409.2707091190432,1,-0.229659070127632,-0.229659070127632,0.833105013901577,1,-0.229659070127632
OLA1,0.171911204025299,2.018017351732313,0.0981406234354008,2662.8328793710034,1,-1.37730923270232,-1.37730923270232,0.0470652101919716,1,-1.37730923270232
OLMALINC,-0.4333653488999303,-1.6263970319447636,0.2006055979388452,89.47047030755333,1,-0.275663461015665,-0.275663461015665,0.791643078607751,1,-0.275663461015665
OPA3,-0.4778617958531411,-3.726727125221372,0.0008332868597944,460.8033718959286,1,-0.223552968399286,-0.223552968399286,0.832929435366509,1,-0.223552968399286
OSBPL1A,0.6331179653217058,4.786137328894855,1.0513369791548396e-05,403.4427704127281,1,0.281923222930658,0.281923222930658,0.777736224372197,1,0.281923222930658
OSBPL3,-1.567797304115197,-16.85168692019284,2.7481115921914003e-61,1818.3590914659687,1,-0.2509866712252595,-0.2509866712252595,0.740417557199685,2,-0.346752472377608
OSER1-DT,0.4372188781923463,1.5219967968828054,0.2363910803935205,72.91736129056294,1,0.755047311858033,0.755047311858033,0.339624810514007,1,0.755047311858033
OST4,-0.2934754220071514,-2.6658077016508748,0.022017128989054,749.7397239322052,1,-2.8079071689536,-2.8079071689536,0.0101142234268828,1,-2.8079071689536
OTUB1,0.0940093513767382,0.984883565936739,0.4794462082372822,1045.9364851229848,1,-0.812386144309347,-0.812386144309347,0.300299139440092,1,-0.812386144309347
OTUD4,0.8133724234950338,7.716969212771565,1.9705982426563787e-13,919.0385847245136,1,-0.65713826655478,-0.65713826655478,0.447604461780213,1,-0.65713826655478
OXLD1,-0.0051896704665636,-0.0316737698517125,0.9865337619836232,252.52391321766345,1,0.484461995623759,0.484461995623759,0.588736765004475,1,0.484461995623759
OXR1,-0.0506548677098081,-0.627376866879813,0.6785109611669212,2391.4514535877765,1,-0.171137946348473,-0.171137946348473,0.872799829838139,1,-0.171137946348473
OXR1-AS1,-1.4740769825677509,-3.1934558743836825,0.0049505730791847,30.830755457113856,1,-0.339212900751264,-0.339212900751264,0.719938053599974,1,-0.339212900751264
P3H3,-1.275467350687233,-9.400517846086409,1.496900001367173e-19,390.5211290874803,1,-0.259260878517586,-0.259260878517586,0.80025636959906,1,-0.259260878517586
P3H4,0.0265274807446514,0.1753383486443679,0.923684858505202,507.0558857551959,1,-0.680707654012263,-0.680707654012263,0.397544587582536,1,-0.680707654012263
PA2G4,0.5128338960023116,7.159899044002116,1.126850814461102e-11,3995.980972089075,1,-0.613278935899697,-0.613278935899697,0.376977540529389,1,-0.613278935899697
PABPC1,0.2406029275397592,3.5989335777792566,0.0013123519082104,15169.918337510488,1,-0.0377685522318082,-0.0377685522318082,0.972459113499012,1,-0.0377685522318082
PABPN1,-0.4300400597398062,-2.6484189657189097,0.023068391768299,270.2547509489143,1,0.455318664688042,0.455318664688042,0.636321564292561,1,0.455318664688042
PAFAH1B3,-0.4330027352819854,-3.549375556044825,0.0015609602285699,454.70559119881545,1,-1.49870264485695,-1.49870264485695,0.0469345852738983,1,-1.49870264485695
PAG1,-1.1595081952675617,-4.452273372853044,4.70154652140588e-05,89.76572369184315,1,-0.24764558847967325,-0.24764558847967325,0.572563845542818,2,0.0025576303522825
PAICS,0.2971683214918978,3.8959845343919706,0.0004482027100535,3920.024534788923,1,-0.908338614197578,-0.908338614197578,0.209841753731891,1,-0.908338614197578
PAK4,0.766800483926488,7.540899109511352,7.369810952272079e-13,1291.526883598387,1,-0.858404081977239,-0.858404081977239,0.271512771492918,1,-0.858404081977239
PALB2,0.0978285487278513,0.6294103759232598,0.6770365184300035,265.1375275899177,1,0.107176183904187,0.107176183904187,0.924589818368059,1,0.107176183904187
PALD1,-0.6724430906201164,-7.494655382119851,1.0370284297746292e-12,1475.8021962860764,1,-0.5160824198501676,-0.5160824198501676,0.321934860095165,2,-0.813773268671047
PALS1,0.455975365495528,4.411680475509196,5.598450493127169e-05,813.7855457502965,1,-0.73769939857463,-0.73769939857463,0.377501675757895,1,-0.73769939857463
PAPOLA,0.4502034048325768,5.7431045400792895,8.03701796792241e-08,3761.7283654624257,1,-0.31355797900476,-0.31355797900476,0.770830166991226,1,-0.31355797900476
PAQR4,-1.0421475044965678,-11.438193340095166,1.399286301785982e-28,1341.89589723106,1,-0.705404785089205,-0.705404785089205,0.409258366653944,1,-0.705404785089205
PARD6B,-0.5365174054282,-4.304125261830799,8.819863253353911e-05,516.2438287184983,1,-0.278127902520067,-0.278127902520067,0.779774607136092,1,-0.278127902520067
PARS2,0.0648726620649436,0.2594056141559916,0.880383815064465,103.73008968437874,1,-0.0057375817873784,-0.0057375817873784,0.995673264758974,1,-0.0057375817873784
PARTICL,-0.1823224574062202,-0.4829346233101272,0.7597921969373863,41.42667876381693,1,-0.56375835680003,-0.56375835680003,0.543052634623051,1,-0.56375835680003
PARVB,-0.1307412675903663,-1.3297931781071757,0.3128895533804236,924.1255855408178,1,-0.785099150918745,-0.785099150918745,0.342834090476929,1,-0.785099150918745
PAX8,-0.663506373351846,-2.959177814662248,0.0099297019913652,135.41044739746002,1,-0.1946868852501975,-0.1946868852501975,0.812149620231784,2,-0.132489160481175
PAX8-AS1,-0.604149505831906,-6.493180667422801,9.46510843083446e-10,1747.9927203343084,1,-0.442609199740688,-0.442609199740688,0.63454020812635,1,-0.442609199740688
PC,-0.4166032010911801,-2.2484532346414263,0.0603718462539779,166.15342315822306,1,-1.03464650887606,-1.03464650887606,0.214806115426967,1,-1.03464650887606
PCBP2,0.3600017421608924,4.938961201668358,5.134638804447904e-06,3294.176688326899,1,-0.0067390601944283,-0.0067390601944283,0.995460910353313,1,-0.0067390601944283
PCBP4,0.1429045099320298,0.917507748951376,0.5163331381813081,272.059227573851,1,-0.785253797700026,-0.785253797700026,0.346062418366117,1,-0.785253797700026
PCGF1,0.2185441798981939,1.0761122519382538,0.431482780327645,154.7913028939788,1,-0.383852253081069,-0.383852253081069,0.679822509849286,1,-0.383852253081069
PCGF3,-0.1126616084573395,-0.9326459631623806,0.5084677664806352,492.32329471656334,1,-0.353640012391157,-0.353640012391157,0.732265601455552,1,-0.353640012391157
PCID2,-0.0499786983412794,-0.3920505804178124,0.8100630624453808,431.254222778482,1,-0.235310912428035,-0.235310912428035,0.830403722446692,1,-0.235310912428035
PCMT1,-0.3369033334730993,-3.4271397268294965,0.0023672122639107,984.0576952008475,1,-3.09573229163183,-3.09573229163183,0.0278040531293603,1,-3.09573229163183
PCNT,-0.745226629573899,-6.87035515965796,8.093036256135682e-11,1308.7976447797082,1,0.3697911107415,0.3697911107415,0.717925498682338,1,0.3697911107415
PCYT1A,0.7162734503123654,6.843403529320701,9.717651648784932e-11,956.2378237736176,1,-0.542688577761905,-0.542688577761905,0.528472225398241,1,-0.542688577761905
PDAP1,-0.0422948952444664,-0.4841594297050933,0.7593288439546086,2995.884466371834,1,-0.96621890011152,-0.96621890011152,0.119555551870695,1,-0.96621890011152
PDCD4,-0.1471611993239377,-0.995550799386957,0.4741529510303328,293.1366809792651,1,-1.81226477279356,-1.81226477279356,0.0423888912515506,1,-1.81226477279356
PDE12,0.1620100614337355,1.5310332626285077,0.2332580258980447,771.4119200726791,1,-0.271969174404272,-0.271969174404272,0.798969861967622,1,-0.271969174404272
PDE4D,-0.1467310804920549,-1.6918101459405803,0.179390510482252,3036.5990350193283,1,-0.265676582320385,-0.24685739072661864,0.779774607136092,3,-0.180323508871003
PDF,-0.4617216259348987,-1.9503492805296372,0.1122660879001159,106.12402261835015,1,-0.906954201142755,-0.906954201142755,0.25850724638249,1,-0.906954201142755
PDGFA,-2.558675360545469,-24.99747370909674,1.0180476580687528e-134,1436.79000142478,1,0.217624965176213,0.217624965176213,0.73442163025309,2,0.131776772042219
PDGFA-DT,-2.9131272363605936,-10.376879070215278,1.192921014463665e-23,94.25406603706844,1,-0.969623104363243,-0.969623104363243,0.172361886444725,1,-0.969623104363243
PDIA3,-0.3995045076683136,-4.278375152559496,9.82307052256291e-05,3092.668464528103,1,-0.0562810127519139,-0.0562810127519139,0.955804930737211,1,-0.0562810127519139
PDIA4,-1.2714658888410444,-6.974588987563307,4.014413545119121e-11,2403.4155719777305,1,-4.82196715306175,-4.82196715306175,0.0052150625938061,1,-4.82196715306175
PDIA5,-0.291386476478935,-2.007243928383266,0.1002467480155933,338.22148525551785,1,-0.0739825586148429,-0.0739825586148429,0.944733898979837,1,-0.0739825586148429
PDIK1L,-0.1855909410385147,-0.6808517169460239,0.648835041751089,88.97177656841548,1,-0.692262831363718,-0.692262831363718,0.409258366653944,1,-0.692262831363718
PDK1-AS1,0.5025626092529153,0.6535108624998013,0.6632967512257796,12.314731426804624,1,-0.0757825823406137,-0.0757825823406137,0.944733898979837,1,-0.0757825823406137
PDLIM2,-0.1365833358526027,-0.7535400581662521,0.6068840808380661,278.4380070705568,1,-0.493869651374824,-0.493869651374824,0.563671643889185,1,-0.493869651374824
PDLIM4,0.1751856352001189,2.0336058488648407,0.0953528194518803,1990.5296126812923,1,0.0005157821135534,0.0005157821135534,0.999523966176675,1,0.0005157821135534
PDP1,0.6998261865625555,7.846399926191066,7.494784387853793e-14,3049.80594338146,1,-0.36206417186541007,-0.36206417186541007,0.33561230779651,2,0.0055087786786988
PDXK,-0.4376600598295505,-5.33188054547858,7.326152622712354e-07,2285.9024798570217,1,-0.14752890498537546,-0.14752890498537546,0.830403722446692,2,-0.220156860177863
PEMT,-0.8438984273897605,-4.240673758743745,0.0001149699258029,193.41319205885824,1,-0.855687039406338,-0.855687039406338,0.283853918253721,1,-0.855687039406338
PER1,-0.15867074247448,-0.3440541227766104,0.8372787043549873,208.72025378651853,1,-1.43117682783611,-1.43117682783611,0.046462211042283,1,-1.43117682783611
PES1,0.5435488290873903,5.910290634600414,3.1291915173391346e-08,1654.6186628312582,1,-0.242165438255583,-0.242165438255583,0.817754529471392,1,-0.242165438255583
PEX10,-0.7515853266562456,-5.760803641172164,7.290380250421579e-08,468.6336363377448,1,-0.543414791777088,-0.543414791777088,0.478815238417532,1,-0.543414791777088
PEX12,0.4966958959406971,1.690313862385311,0.1798647349640351,68.91954662646965,1,-0.626695697271715,-0.626695697271715,0.482446289196532,1,-0.626695697271715
PFAS,0.3469720284431579,3.524906089306812,0.0016958335986396,1117.2733737185692,1,-0.804764751487421,-0.804764751487421,0.286997441263071,1,-0.804764751487421
PFKFB3,-0.3319491355767433,-2.2437373517151284,0.0609611332963509,334.0405919996882,1,-0.897726624638621,-0.897726624638621,0.231514706947044,1,-0.897726624638621
PFKFB4,-0.3273709796649536,-1.5796037557397016,0.2161968616906604,157.7053700931274,1,0.0479973424690162,0.0479973424690162,0.960923015899512,1,0.0479973424690162
PGAM1,0.2383969762827932,2.139506662612969,0.076619966845975,619.4263840927522,1,-1.08041603022983,-1.08041603022983,0.192643351046986,1,-1.08041603022983
PGAP2,-0.2197365550011744,-1.6658576570511303,0.1877836051705344,408.1071161249948,1,0.262900360877059,0.262900360877059,0.809266618514092,1,0.262900360877059
PGLS-DT,-0.5992472807393289,-0.7228287252388432,0.624675140278194,8.212552795535784,1,0.309983804106126,0.309983804106126,0.767305731379286,1,0.309983804106126
PGP,-0.4434154704119386,-3.469182965292504,0.0020540117440502,581.679771641621,1,-0.75621444287531,-0.75621444287531,0.267877808329039,1,-0.75621444287531
PHACTR4,-0.0617564520813586,-0.5048735389414196,0.7486403369126301,489.93267259403126,1,-0.693946399419592,-0.693946399419592,0.409258366653944,1,-0.693946399419592
PHF19,-0.4238026103535988,-4.53787575175049,3.239490951007989e-05,1061.0455741586786,1,-0.565566255514323,-0.565566255514323,0.539823414923978,1,-0.565566255514323
PHF2,-0.3011264642581216,-2.617256114265764,0.0249640424730274,542.612842536145,1,-1.04025091929841,-1.04025091929841,0.221042145831825,1,-1.04025091929841
PHF23,0.0205788818735819,0.1970633056005382,0.9122302834276014,851.7440003744614,1,-0.537249462289048,-0.537249462289048,0.563671643889185,1,-0.537249462289048
PHF5A,0.0761479095325278,0.5283187601151343,0.7352851993488109,432.4649687362807,1,-0.794616379360009,-0.794616379360009,0.33472259231246,1,-0.794616379360009
PHLDB1,-0.2461155597533481,-2.9547154985982416,0.0100578776081533,2068.811698811037,1,-0.883803204090398,-0.883803204090398,0.241686473821916,1,-0.883803204090398
PHLDB3,-0.1084165606033108,-0.5859000208220518,0.7024047949116958,183.746725739894,1,-6.20584472209742,-6.20584472209742,0.0020033421624403,1,-6.20584472209742
PHYKPL,-0.4366367678132746,-2.282495755100072,0.0558092660473361,242.5555778866328,1,-0.527546709950929,-0.527546709950929,0.563671643889185,1,-0.527546709950929
PIF1,-0.2069791407829012,-1.102511378546295,0.4183799670362027,172.4545403813491,1,-0.531505247383364,-0.531505247383364,0.572563845542818,1,-0.531505247383364
PIGL,-0.2729536506252273,-1.628228533660017,0.2000425003406737,233.3221463509704,1,-0.29205823401759,-0.29205823401759,0.780076394633407,1,-0.29205823401759
PIGU,-0.5436036171093291,-3.3947502527668028,0.0026273093017791,399.60203198249656,1,-0.395874943378384,-0.395874943378384,0.693958055930917,1,-0.395874943378384
PIGV,-0.416106855993607,-1.7732582533699903,0.1557596588496556,113.87120520182346,1,-0.790673086286718,-0.790673086286718,0.346062418366117,1,-0.790673086286718
PIK3CD,0.2755784335939475,1.306634845697927,0.3227207783991007,230.80737075185044,1,-0.0833045237404808,-0.0833045237404808,0.910687595495585,1,-0.0833045237404808
PIM1,0.6366467862659382,4.422391348402868,5.348436511062529e-05,351.26211140972805,1,0.555957938241499,0.555957938241499,0.546955867408686,1,0.555957938241499
PIM3,-0.2745997792787649,-2.5351149938906614,0.0307740746566858,903.0280472745076,1,-1.31971535368692,-1.31971535368692,0.0919707569502384,1,-1.31971535368692
PIMREG,0.0690035296829644,0.5093906126007524,0.7460130713762372,487.5405188361037,1,-0.440197555867577,-0.440197555867577,0.626849523034532,1,-0.440197555867577
PISD,-0.0660530498572778,-0.4555253196407415,0.7742970574180628,398.5480314344295,1,0.175334012079868,0.175334012079868,0.833932472828905,1,0.175334012079868
PITPNA,0.2476723666021291,2.921633257035025,0.0110452160875079,1489.5104055322522,1,-0.190300996815672,-0.190300996815672,0.848353740586785,1,-0.190300996815672
PITPNA-AS1,-0.4494642585774099,-1.671622702966708,0.1858448639863816,87.18875595869105,1,-0.158601255840805,-0.158601255840805,0.879036835784787,1,-0.158601255840805
PITPNB,0.0232760263412883,0.2295612519942726,0.8954812253380071,969.4975460197242,1,-0.383838740687673,-0.383838740687673,0.703872906959161,1,-0.383838740687673
PITX1,0.1695107284552789,1.7142789537304588,0.1724915633258348,1531.1852927404527,1,-0.355956163635613,-0.355956163635613,0.720815115335259,1,-0.355956163635613
PITX1-AS1,1.1130494187119904,2.807343444564014,0.0151239383833802,178.36407121678806,1,-0.423689127428901,-0.423689127428901,0.635582846273503,1,-0.423689127428901
PKDCC,-0.7020188992314264,-0.7139394667169404,0.6296409919083908,5.900433013558025,1,-0.606865923376767,-0.606865923376767,0.473564171304369,1,-0.606865923376767
PKIG,-0.4796475781483148,-3.576151990906,0.0014204346415598,496.7057052060215,1,-4.00938451991166,-4.00938451991166,0.0144498537826234,1,-4.00938451991166
PKM,-0.2195003022194827,-3.3264782533328545,0.0032587063119589,23812.25059123653,1,0.221958568033201,0.221958568033201,0.837303513833362,1,0.221958568033201
PKMYT1,-0.5896363780796416,-5.872887313595776,3.880991545004128e-08,1061.141000205272,1,-0.362631574103435,-0.362631574103435,0.704459468299537,1,-0.362631574103435
PKNOX1,0.2696393623658619,1.886936291489332,0.1264772553065503,309.65283327395866,1,-0.8101635993841,-0.8101635993841,0.333774385719425,1,-0.8101635993841
PKP3,-0.6919962485765891,-7.755815099168848,1.4770109606203317e-13,1485.9431463253925,1,0.0333202156406521,0.0333202156406521,0.972459113499012,1,0.0333202156406521
PLA2G6,-0.39271728365584,-1.6004000349627006,0.2091457845769253,95.70469910161914,1,-0.0651400799603315,-0.0651400799603315,0.915425373875233,2,-0.025022963089338
PLB1,-0.9109558839829156,-2.2911173571389845,0.0546972769246125,39.17901482260274,1,-0.295767691264619,-0.295767691264619,0.785493256403938,1,-0.295767691264619
PLCD3,0.1450066863350573,1.6025457891362072,0.208412052952487,1508.9386539385634,1,0.0280265999389005,0.0280265999389005,0.85672776349682,2,-0.121992680105003
PLD6,-0.8931955327576704,-3.2868654298446294,0.0036941122996676,101.8595523757311,1,0.156258032787897,0.156258032787897,0.88242854172037,1,0.156258032787897
PLEKHA2,-0.4543784571064531,-4.011450776627392,0.000288042918026,585.5759456532363,1,-0.274332704336425,-0.274332704336425,0.79565142068141,1,-0.274332704336425
PLEKHF2,-0.5137084812918675,-3.10392301872396,0.0064897611874236,219.68805962620405,1,0.0434731345612628,0.0434731345612628,0.963079000511928,1,0.0434731345612628
PLEKHH3,-0.1078830723250102,-0.4188833754231739,0.794483915595709,79.59826790955904,1,-1.90404845614423,-1.90404845614423,0.0329495828572629,1,-1.90404845614423
PLEKHJ1,-0.3961415237554137,-3.3530203587481813,0.0029957832881248,672.9983513494606,1,0.268433726681776,0.268433726681776,0.800150940450002,1,0.268433726681776
PLEKHN1,-1.0667565446945717,-4.934652465631107,5.234151759056666e-06,181.6477537544598,1,0.0763766785158637,0.0763766785158637,0.944733898979837,1,0.0763766785158637
PLEKHO2,0.0289427926199636,0.1242036412192528,0.9472043734208104,136.1986712005012,1,-5.10161094061219,-5.10161094061219,0.0071981120248563,1,-5.10161094061219
PLK1,0.202939337652058,2.1891346477210467,0.0688343872772107,1463.8217267191762,1,-1.06767818521708,-1.06767818521708,0.202687447118174,1,-1.06767818521708
PLP2,-1.1762199271988203,-12.388024706385252,2.080326412595776e-33,3492.838376218751,1,-0.333236142526262,-0.333236142526262,0.750507636387212,1,-0.333236142526262
PLXNB2,-1.3577481301536063,-12.83738536468038,7.873248185145257e-36,3476.34909521019,1,-0.722999666005269,-0.722999666005269,0.381777134209827,1,-0.722999666005269
PMM1,-0.2124136961812756,-0.9157322793049992,0.5171010560951813,110.8258162610074,1,-1.26879199305738,-1.26879199305738,0.127379534231384,1,-1.26879199305738
PNKD,-0.5706021411129771,-5.304687288158647,8.40555582929668e-07,757.7784341818527,1,0.17071318439442,0.17071318439442,0.869836934444701,1,0.17071318439442
PNKP,-1.1546719652670796,-7.817989556192676,9.25056652651483e-14,488.5570941956584,1,-0.150274122109851,-0.150274122109851,0.885696602558509,1,-0.150274122109851
PNPT1,0.2452808707411866,2.521217229714654,0.0318277945843665,1073.72363913005,1,-0.0073752090240375,-0.0073752090240375,0.994468951114834,1,-0.0073752090240375
PNRC2,0.0647409671526345,0.4846123973390384,0.7590577638573602,409.3988239298471,1,-0.78182434564054,-0.78182434564054,0.300579959096414,1,-0.78182434564054
POC1A,0.3408962202987926,2.3842127742211345,0.0442639332997426,332.77260575762745,1,-0.94398015801121,-0.94398015801121,0.253306449933592,1,-0.94398015801121
POLDIP2,0.5830561117840872,6.197758886924672,5.832496396169378e-09,1789.3220873425207,1,-0.215926394350945,-0.215926394350945,0.840914120405616,1,-0.215926394350945
POLE4,-0.0508012646712272,-0.3468937970046998,0.8359006234923778,365.3028011596511,1,-0.431828648253827,-0.431828648253827,0.657693278335238,1,-0.431828648253827
POLM,-1.5582958015230768,-7.22712162318068,7.068619314422023e-12,166.73842186207133,1,-0.312750186976037,-0.312750186976037,0.744261121139389,1,-0.312750186976037
POLR2H,0.5123993720283747,4.749672711039918,1.2436389792398014e-05,888.8144453442659,1,-0.228388188681495,-0.228388188681495,0.832929435366509,1,-0.228388188681495
POLR2J,-0.2131447220078127,-1.4849708743753651,0.2501595962323347,382.817679779368,1,-0.771609789239087,-0.771609789239087,0.33561230779651,1,-0.771609789239087
POLRMT,-0.4700115476790454,-4.334480632520708,7.765752764153526e-05,893.2150142795649,1,-0.0866884948404848,-0.0866884948404848,0.937550660454171,1,-0.0866884948404848
POM121,-0.4245813643764897,-3.8542455305640217,0.0005241689207296,769.4151874576216,1,0.035236626397877016,0.035236626397877016,0.767305731379286,2,0.320430078927645
POM121C,-0.7398572410760095,-5.321126310845902,7.742927982510078e-07,943.7443444397334,1,-1.32514436150638,-1.32514436150638,0.141839391357327,1,-1.32514436150638
POMGNT1,-0.6964911500375658,-5.284945327228854,9.306835775044422e-07,710.8753550777491,1,-0.345049337464551,-0.345049337464551,0.742869184585506,1,-0.345049337464551
POMP,0.1665847101745112,1.9509392586873735,0.1121528945961419,1580.7874523163623,1,-0.73638374585502,-0.73638374585502,0.352337845554514,1,-0.73638374585502
POMT2,-0.3675559629186639,-2.870536088879222,0.0127500497006619,539.726701852498,1,-0.813478280988466,-0.813478280988466,0.331370495683969,1,-0.813478280988466
POR,-1.5125705298128624,-16.431786953348137,2.766650636761209e-58,2059.2399216328186,1,0.20036924095828,0.20036924095828,0.83295315809172,1,0.20036924095828
PPA1,0.354226171257957,3.770733581163037,0.0007127157337686,1386.1855901358056,1,-0.377345126460716,-0.377345126460716,0.685579261713879,1,-0.377345126460716
PPARD,-1.180215307810113,-12.715138915569222,3.6618176189316686e-35,1420.338250394664,1,-0.03649105708262851,-0.03649105708262851,0.744150855135705,2,0.269969069754908
PPCDC,0.6335224569841895,2.7756205217963994,0.0164819315061662,123.85479947429144,1,-1.33350794737468,-1.33350794737468,0.0418367886583068,1,-1.33350794737468
PPFIA3,-1.1869267473521397,-6.470153421255087,1.0955095975070319e-09,199.0313713134021,1,-0.351493887565549,-0.351493887565549,0.710276777543557,1,-0.351493887565549
PPFIBP1,1.6652117161486186,25.40806683557727,5.351155595407231e-139,9598.544635589786,1,-0.0501432881841365,-0.05836580487966947,0.943450460600675,3,-0.0430243217763851
PPIF,-0.0974616807042012,-1.171154487938087,0.3851577543232408,2491.333265852421,1,-2.94737964904574,-2.94737964904574,0.0017594592408735,1,-2.94737964904574
PPIP5K1,-0.2893370948550255,-1.4010967948648654,0.2832972735728298,143.70663243164148,1,-1.33315061848866,-1.33315061848866,0.155506723406912,1,-1.33315061848866
PPIP5K2,0.1826021351968971,1.4679378254914237,0.2568267625236976,633.9496839540515,1,-0.291508590392718,-0.291508590392718,0.776780465083326,1,-0.291508590392718
PPM1G,0.0628504502997078,0.8584478930343585,0.5479197516824886,4761.906628043908,1,-0.76792787110204,-0.76792787110204,0.352337845554514,1,-0.76792787110204
PPP1CA,-0.3652737690663232,-4.550186604242227,3.075806128611393e-05,3063.101894400333,1,-0.179968219104713,-0.179968219104713,0.866273255712795,1,-0.179968219104713
PPP1R13L,-1.1300385807568554,-8.584177393484378,1.967195925827089e-16,556.8783797002006,1,-0.639607192320242,-0.639607192320242,0.459028094028132,1,-0.639607192320242
PPP1R14B,-0.4142479823068218,-4.296901980947998,9.088585191301598e-05,1334.806156099575,1,-0.569619485452445,-0.569619485452445,0.535609690281311,1,-0.569619485452445
PPP1R2,1.0342266354895175,11.448483474514536,1.246887734372784e-28,1727.9082155843723,1,-0.34102272330784583,-0.34102272330784583,0.494377254950843,2,-0.614453193024399
PPP1R2P2,1.2828778855258196,1.3081761957843523,0.3220192947825148,6.294405943748476,1,-0.306114420198933,-0.306114420198933,0.778430690991437,1,-0.306114420198933
PPP1R3F,-1.716312376852816,-5.441117093614053,4.105532049302738e-07,66.98155667655868,1,-0.884648610801047,-0.884648610801047,0.264429674744252,1,-0.884648610801047
PPP2R1A,-0.4293255687717856,-5.21247073822229,1.3435874770335532e-06,2380.067058436006,1,-1.0085345312891,-1.0085345312891,0.231514706947044,1,-1.0085345312891
PPP2R5C,0.0590524050185873,0.6540976370045313,0.6630823037561215,1430.543503807255,1,-0.23004880670782352,-0.23004880670782352,0.827157556252113,2,-0.240635748938035
PPP6R2,-0.6145749606481794,-4.910986327030864,5.868113417238006e-06,480.7032414837008,1,-1.07461476069222,-1.07461476069222,0.195882164056823,1,-1.07461476069222
PPRC1,0.2269572859155919,2.247530719439535,0.0604689542512487,1285.0198235107016,1,-0.906026884805401,-0.906026884805401,0.105521779724958,1,-0.906026884805401
PRDM10,0.039463443183111,0.2477937641552123,0.8862768571150368,253.80448178748037,1,0.028509491986866,0.028509491986866,0.977751499120937,1,0.028509491986866
PRDX1,0.0475255300976695,0.6657447523018292,0.656733994220163,5498.416877648369,1,-1.14941405831303,-1.14941405831303,0.133335554316301,1,-1.14941405831303
PRDX3,0.2887273340255057,2.9411688389251567,0.0104589581666651,1214.0900201964937,1,-0.0130730901510015,-0.0130730901510015,0.991588996490584,1,-0.0130730901510015
PRELID3A,0.1028895453285535,0.4816700920326477,0.7605928107665125,124.97095278061144,1,-0.270743871252986,-0.270743871252986,0.80025636959906,1,-0.270743871252986
PREX1,0.4138969739420723,1.3491852080459648,0.3046615700651643,65.8562828753753,1,-2.03089893722803,-2.03089893722803,0.0200131188286013,1,-2.03089893722803
PRF1,-0.887890103554233,-8.801910644546519,3.0650173519403184e-17,3473.8475840533383,1,-0.0919294916457004,0.1608397989205295,0.202428259862018,3,1.06013801097346
PRIM1,0.5443305239153324,4.1992439117068665,0.0001361465849712,393.71604677555433,1,-0.675886063291521,-0.675886063291521,0.439623162380711,1,-0.675886063291521
PRKAG1,0.2231242382743157,0.3013573560144944,0.860241471539205,10.64240809449695,1,-0.230561257920158,-0.230561257920158,0.832929435366509,1,-0.230561257920158
PRKAR1B-AS1,-1.067893953847419,-4.228084544915638,0.000121193884931,114.56203602428177,1,-0.127757779939529,-0.127757779939529,0.613950620351794,2,0.205784630690802
PRKRA,0.0898570843663746,0.673971817727765,0.6525511914420178,399.7637042700389,1,0.145459241461101,0.145459241461101,0.869836934444701,1,0.145459241461101
PRMT1,-0.4589185162669535,-5.931109377304108,2.7766148877751417e-08,3114.307420093634,1,-0.554688643005692,-0.554688643005692,0.476447006634189,1,-0.554688643005692
PRMT3,0.2878894184255783,2.4551204164284006,0.0375246340494167,721.8198058912202,1,-0.143539928195586,-0.143539928195586,0.890241311701318,1,-0.143539928195586
PROSER2-AS1,0.3709615650341808,0.3843058649678768,0.8144956157593269,5.632040751149636,1,-1.02785440278249,-1.02785440278249,0.226285024614391,1,-1.02785440278249
PROX1-AS1,-3.572310753124756,-5.0991683123961975,2.363848753005208e-06,18.922624245760435,1,0.0546843486622134,0.0546843486622134,0.955959343480568,1,0.0546843486622134
PRPF38B,-0.1479392661677405,-1.1163220971138312,0.4111990561287342,754.1345773893107,1,-0.37984861304193,-0.37984861304193,0.711116450922636,1,-0.37984861304193
PRR14,-0.1937863210421237,-1.4462496946392374,0.2653233366460578,422.60924741400777,1,-0.763841399843669,-0.763841399843669,0.366706886501041,1,-0.763841399843669
PRR34-AS1,-0.1120289286007057,-0.2758424470476111,0.8722859730465696,40.41150131173618,1,-0.512374772432188,-0.512374772432188,0.588736765004475,1,-0.512374772432188
PRR7-AS1,-0.2483037862276856,-0.7975243163186174,0.5820539006746085,71.4748706103984,1,-0.169894209508996,-0.169894209508996,0.854703680798006,2,-0.168814610322503
PRSS27,-1.3216850204267858,-1.909429288385429,0.1212731111091447,11.42658716866818,1,-0.826847619316734,-0.826847619316734,0.318619084336669,1,-0.826847619316734
PRX,-0.0134901948259839,-0.0503650189279499,0.9795068672891692,76.63706539935266,1,-6.44996583265741,-6.44996583265741,0.0017363142005389,1,-6.44996583265741
PSKH1,-0.2445074811294974,-1.394705844986046,0.2859133014962943,204.297609649252,1,-0.296391822724395,-0.296391822724395,0.774760116824885,1,-0.296391822724395
PSMB2,0.325562137435034,3.9221412042085406,0.0004073494923144,1779.2373032715327,1,-0.785855651548578,-0.785855651548578,0.346062418366117,1,-0.785855651548578
PSMB5,0.1894228660265738,1.8520913838682265,0.1348398532134694,1265.0244702727184,1,-0.893477098404551,-0.893477098404551,0.280507556196129,1,-0.893477098404551
PSMC2,-0.3261479902236811,-3.9972127602603846,0.0003043370590428,2419.3760822248946,1,0.190906036711169,0.190906036711169,0.840892721291557,1,0.190906036711169
PSMC3,0.2451954160061012,2.9238667274321317,0.0109741473061352,2226.602227594354,1,-0.826307950462057,-0.826307950462057,0.315521255365302,1,-0.826307950462057
PSMD3,0.4300349986141313,5.660441444394139,1.2689158411172356e-07,2660.884074173835,1,0.179302864261975,0.179302864261975,0.856130835499886,1,0.179302864261975
PSME3,0.5761561506033211,7.631744580301355,3.7361601099210396e-13,2701.361547969988,1,-0.433654082792366,-0.433654082792366,0.654841996404859,1,-0.433654082792366
PSME4,0.4515724368629176,5.097405905403357,2.381732153005265e-06,1801.7350913163211,1,-0.930508607783405,-0.930508607783405,0.24106615249488,1,-0.930508607783405
PSMG3,-1.0621062824385623,-8.72526416792325,5.913438132160794e-17,571.721456861665,1,-0.930044548541191,-0.930044548541191,0.226461428708927,1,-0.930044548541191
PSMG4,-0.3750207701922054,-2.5083039950288746,0.0328145543403781,307.72788536220287,1,-0.353474537725606,-0.353474537725606,0.720313437179889,1,-0.353474537725606
PSPH,-0.7555231203708886,-5.992025952417583,1.9504034391218205e-08,435.44016405852346,1,-0.994685725631227,-0.994685725631227,0.138769569335351,1,-0.994685725631227
PTBP1,-0.2707754115306612,-4.114312274040744,0.000191739089878,6396.151641630956,1,-1.10629533658659,-1.10629533658659,0.131107281570849,1,-1.10629533658659
PTCD3,-0.4095847745164515,-4.607170920949844,2.4041972999011032e-05,1284.8750087966316,1,-0.394650352031667,-0.394650352031667,0.668613272503174,1,-0.394650352031667
PTCH1,-0.8403751011453807,-9.619028876670464,1.9862979572375332e-20,1636.168212799516,1,-0.162565961834048,-0.162565961834048,0.867724657739356,1,-0.162565961834048
PTDSS2,-0.406261785901253,-1.949750256531092,0.1123912553305135,149.17536089864123,1,-0.92346256210456,-0.92346256210456,0.259587916502553,1,-0.92346256210456
PTGES3,0.3928891543127257,5.583454343607019,1.9277370786875606e-07,4839.880758394467,1,-0.493048740508578,-0.493048740508578,0.58690668838662,1,-0.493048740508578
PTGR2,0.1624379964804715,0.6196344368287554,0.6829495296023524,78.5437578357834,1,-0.129520951488156,-0.129520951488156,0.904112106139388,1,-0.129520951488156
PTMA,-0.2606098001199926,-2.720673892910811,0.0190904407427796,4879.785329742721,1,-0.292933149009128,-0.5499805314786361,0.121577177581464,5,-0.0308362421674858
PTMS,0.5739295201635185,7.938088388904419,3.6849345533042925e-14,7345.778247403413,1,-0.847449309651397,-0.847449309651397,0.17941011267626,1,-0.847449309651397
PTOV1-AS1,-1.0010729358484338,-1.5729691591374624,0.2184903776590443,14.363095261562863,1,-0.501706540771445,-0.501706540771445,0.591528411481173,1,-0.501706540771445
PTPN18,-0.4918237465137647,-4.867674598173458,7.201757222525862e-06,930.9470663473624,1,-1.25422037314357,-1.25422037314357,0.121577177581464,1,-1.25422037314357
PTPN2,0.058014950900024,0.5074463794607065,0.7471532441937174,582.2636209971246,1,-0.143780977411605,-0.143780977411605,0.890241311701318,1,-0.143780977411605
PTPRJ,-0.6721841045624221,-7.753667125658243,1.4989956618019107e-13,1904.7552197615223,1,0.48139183443935396,0.48139183443935396,0.329930873649269,2,0.779733860342737
PTTG1IP,-1.0693443340097042,-12.518066790665303,4.2640878627917675e-34,6200.941161685068,1,-0.760978724728166,-0.760978724728166,0.360650950378802,1,-0.760978724728166
PUM1,0.2291884792181391,2.3153498775597057,0.0517976121335816,1194.571842268272,1,-0.24119478373565,-0.24119478373565,0.827093544681244,1,-0.24119478373565
PUM2,0.1575814738578505,1.883969926330263,0.1271587174640397,1848.234600193284,1,-0.902651673103827,-0.902651673103827,0.16818214766619,1,-0.902651673103827
PUM3,0.0991949584856425,0.9088578034762586,0.5206729510729647,664.6025772568631,1,-0.182089026403259,-0.182089026403259,0.864017979217365,1,-0.182089026403259
PURA,-0.063432837313727,-0.5101285639118598,0.7455106678821614,491.37606958396174,1,-1.1491834581709,-1.1491834581709,0.169193567770885,1,-1.1491834581709
PURB,-1.2952122489459128,-13.33574762126724,1.2737394242503307e-38,1142.4228188741447,1,-0.926629177849179,-0.926629177849179,0.259587916502553,1,-0.926629177849179
PUS7,0.075817180749209,0.8133269144650164,0.5731880061947875,1154.6992200010577,1,-1.22344466170696,-1.22344466170696,0.0779699644380611,1,-1.22344466170696
PUSL1,0.108457136792567,0.7877089966013252,0.5878774580547208,356.77793321123266,1,-0.55866208714577,-0.55866208714577,0.550197132266059,1,-0.55866208714577
PVT1,1.6713483105964049,16.458277168773172,1.815124773762589e-58,1134.1217311402502,1,-0.731340514006209,-0.7851782175482604,0.107822180550085,3,-1.13629882014563
PWP1,0.7644925586370873,7.117878452622302,1.509499687958241e-11,782.0701383895005,1,-0.5246369727304163,-0.5246369727304163,0.237616649128218,2,-0.982004366873721
PXK,0.3567266709069026,2.1368449381140238,0.0770742347140329,297.2131155618104,1,0.144582143360882,0.144582143360882,0.873338594765455,1,0.144582143360882
PXN,0.8043481346125648,9.752140004723897,5.6244042980994105e-21,3091.0976980188325,1,-0.474737154161682,-0.474737154161682,0.615135150329907,1,-0.474737154161682
QPCT,-0.3633256318258477,-3.541994206968708,0.0016015709755727,1899.9977993529824,1,-1.2684789010056,-1.2684789010056,0.110597330726611,1,-1.2684789010056
QRICH1,0.1060414951729132,0.2132521885246636,0.903555760709449,22.84729163630779,1,-1.32792056519856,-1.32792056519856,0.0979067926324721,1,-1.32792056519856
QSOX2,-0.5110018187122802,-5.375312406903048,5.812580598593436e-07,1642.180231937331,1,-0.113198611381142,-0.113198611381142,0.917543399570144,1,-0.113198611381142
QTRT1,-0.3572476064477332,-2.5908864728092014,0.0267077771982705,378.18374169917087,1,-0.293874578388062,-0.293874578388062,0.785493256403938,1,-0.293874578388062
R3HDM2,0.0027657215791429,0.0173141773867871,0.9927030436612072,265.813401006772,1,-1.2024406062534,-1.2024406062534,0.169144708590615,1,-1.2024406062534
RAB11A,0.0760759345418738,0.6708833563527083,0.6542682224489591,630.1110640168243,1,-5.4314241120303,-5.4314241120303,0.0052150625938061,1,-5.4314241120303
RAB1A,0.2578882828214285,2.9112212625343843,0.0113877307848063,1375.9973034778732,1,-0.468295727199209,-0.468295727199209,0.627679091333823,1,-0.468295727199209
RAB30-DT,0.5147557978110852,2.7224506635668178,0.0190082386673564,184.8677266365096,1,-0.0678258312468434,-0.0678258312468434,0.949923323880902,1,-0.0678258312468434
RAB8A,0.1392303233226392,1.5026314786747963,0.2436138184184201,1114.931399450614,1,0.652402574804006,0.652402574804006,0.437551542408255,1,0.652402574804006
RABEP2,-0.4149405879705464,-2.3561845910738617,0.0471918222905329,213.67561573256643,1,0.328331538325171,0.328331538325171,0.72817590013726,1,0.328331538325171
RABGAP1L,-0.6688701323310319,-4.032229108848772,0.0002650928302495,237.1216130846052,1,0.32221168259085553,0.32221168259085553,0.688111732911325,2,0.275624015302061
RABGGTB,-0.11478732684765,-0.9409085524509816,0.5032890396023815,544.512701224518,1,-0.117563909177675,-0.117563909177675,0.914176109082565,1,-0.117563909177675
RABIF,-0.3021148500388089,-1.4503739357318453,0.2638390045243388,154.18831159397797,1,-1.16971201605625,-1.16971201605625,0.162264187367383,1,-1.16971201605625
RABL3,0.1008162954535091,0.6380527099833023,0.6727291139464083,268.3828723882865,1,-0.4291239661316,-0.4291239661316,0.659101693314199,1,-0.4291239661316
RACGAP1,0.4920831453634158,5.536594544734928,2.478691807225536e-07,1609.7522817233792,1,0.034846471307398,0.034846471307398,0.973531532792749,1,0.034846471307398
RACK1,0.0837366826683672,1.2115535051954305,0.3663048484174205,14906.557805957462,1,-0.362218102763342,-0.362218102763342,0.71906320694716,1,-0.362218102763342
RAD23A,-0.1267268359321283,-1.4490103030248465,0.2643029737821615,1453.1691850688292,1,-0.776439881789057,-0.776439881789057,0.282264405265437,1,-0.776439881789057
RAD50,0.138408452826136,0.460447137171597,0.7721724010592543,78.18791382387285,1,0.652521347563022,0.652521347563022,0.426938590891913,1,0.652521347563022
RAD51AP1,0.8563802190609309,7.20635010625862,8.159807836694976e-12,585.9803229968002,1,-0.708350547951457,-0.708350547951457,0.392766814895747,1,-0.708350547951457
RAD51B,-0.5516858185392554,-1.969621043884048,0.108064004985427,71.7185162418354,1,-0.615299925834384,-0.615299925834384,0.492463016808203,1,-0.615299925834384
RAD52,1.0931270690011925,6.2769446449848525,3.624975180876742e-09,231.0164154119683,1,-0.727421063878905,-0.727421063878905,0.382811052552374,1,-0.727421063878905
RAD54L,-0.2618618104348987,-1.7696459677339944,0.1567407783256608,388.2113018504296,1,-1.71098727112076,-1.71098727112076,0.113711640932094,1,-1.71098727112076
RAD9B,-0.0772512600800118,-0.1358931800251157,0.9412825831566216,17.204913505344344,1,-0.956328089388327,-0.956328089388327,0.23283890176282,1,-0.956328089388327
RAI1,-0.0313896787005662,-0.3670415548740435,0.8247365947115489,1438.512835520546,1,-0.3391940370876202,-0.2675200225733546,0.428449999555934,4,-0.582599213468672
RALBP1,0.0814974291718193,0.846149269254034,0.5546582980319029,1233.409696748785,1,-0.520614110522087,-0.520614110522087,0.584315766374012,1,-0.520614110522087
RALGDS,-0.9981291334715394,-3.862420646859809,0.0005086926396072,86.99958257165373,1,-0.0571345311588644,-0.0571345311588644,0.959416084190003,1,-0.0571345311588644
RALY-AS1,-0.7589596614175683,-2.116548077502241,0.0805271533368118,55.16522810961247,1,-0.417413399103702,-0.36334159967620167,0.471781193121483,3,-0.640592964502566
RAN,0.518636054395733,7.103885530285297,1.6647233913081814e-11,4070.2564123222655,1,-0.602145043184694,-0.602145043184694,0.46010020512502,1,-0.602145043184694
RANGAP1,-0.0319914634159203,-0.3851623967720829,0.8141817085652928,2664.433734429623,1,-0.309690805734752,-0.309690805734752,0.75036762601199,1,-0.309690805734752
RAP1B,0.9687295957062416,7.18023144837213,9.783733728589796e-12,431.8499721570395,1,-2.59773939686277,-2.59773939686277,0.0515231424822986,1,-2.59773939686277
RAPGEF3,-0.6839767073286593,-6.963662401344329,4.318842363179968e-11,1344.4772442716903,1,-0.409236223716344,-0.38139579538243135,0.635582846273503,3,-0.409236223716344
RARG,0.4821732829484579,3.888630712875534,0.0004606499166915,456.473092954889,1,-5.57833733044318,-5.57833733044318,0.0047208276992138,1,-5.57833733044318
RASA4DP,0.7879552126569449,0.787063778722776,0.5881872889282714,7.279505956131557,1,-0.716393538080303,-0.716393538080303,0.333888111065147,1,-0.716393538080303
RASSF1,0.3133831938955975,2.627426094806058,0.0243503418280201,523.637619919706,1,-0.576024992129387,-0.576024992129387,0.5064550654157,1,-0.576024992129387
RBM12,-0.1558617737568386,-1.641049165600648,0.1961535934658333,1008.6533409039846,1,0.129203992559102,0.129203992559102,0.883603846187593,1,0.129203992559102
RBM14-RBM4,-0.2042717874009453,-0.2034743759153138,0.9091980051669885,6.97607131320683,1,-0.6445391788613,-0.6445391788613,0.447604461780213,1,-0.6445391788613
RBM15B,0.2564547297979777,2.9754604770838498,0.0094760187925326,1596.356414054234,1,-0.814888655141058,-0.814888655141058,0.327966712021082,1,-0.814888655141058
RBM20,0.1751654152476198,1.369766959834006,0.295932925548455,451.2659666202561,1,-0.4863793224665285,-0.4863793224665285,0.399265814525579,2,-0.252357530141565
RBM25,0.0813627371950297,0.8800165966155811,0.5360901767893137,1839.8572791368647,1,-0.341017070849666,-0.341017070849666,0.738887120944658,1,-0.341017070849666
RBM3,0.5138389154001988,6.413451503457917,1.566077441375174e-09,2114.0697451785904,1,-0.468720629553468,-0.468720629553468,0.609713768158482,1,-0.468720629553468
RBM39,-0.0599066139085031,-0.8030170262345864,0.5790672651139908,2754.6136418859423,1,-0.932066813932945,-0.932066813932945,0.16165548897081,1,-0.932066813932945
RBM4,0.0494200938275273,0.2131213122567621,0.90360389191306,112.81480510824584,1,-1.37780450242342,-1.37780450242342,0.107788027493391,1,-1.37780450242342
RBM8A,-0.1295054566467506,-0.9448174651317436,0.500991393260056,370.30855312839856,1,-1.21885022580944,-1.21885022580944,0.0554263797282394,1,-1.21885022580944
RBMX,-0.0517856773956263,-0.6330485360165793,0.6751005983109384,1983.7096351857651,1,-0.171643164902797,-0.171643164902797,0.872494459842849,1,-0.171643164902797
RBMXL1,0.5690244098364249,3.0110900040080595,0.0085577122834635,189.9983378279086,1,-1.02669310010353,-1.02669310010353,0.226461428708927,1,-1.02669310010353
RBSN,-0.2913061417280336,-1.222277266286658,0.3613702132426047,118.644381284433,1,-1.56798203967843,-1.56798203967843,0.0915996408685836,1,-1.56798203967843
RCBTB2,-0.2014695189638312,-0.5383464911704928,0.7300183081550954,41.176811069363374,1,-0.807674449266056,-0.807674449266056,0.334429762743282,1,-0.807674449266056
RCC1,0.1590382487088418,1.8359107077983432,0.1388715490076004,1742.6512323752652,1,-0.61767923059898,-0.61767923059898,0.442956406867031,1,-0.61767923059898
RCC1L,-0.2859694755592486,-3.011929597441016,0.0085358741749218,1274.2488942367447,1,-0.580724732270909,-0.580724732270909,0.500692917053636,1,-0.580724732270909
RCN1,-0.9060977045199836,-8.345934899419971,1.4232517162293489e-15,1884.1845883683247,1,-0.240322089018853,-0.240322089018853,0.82243844105433,1,-0.240322089018853
RCOR1,0.1996012390299147,2.0310485052107343,0.0957459166675385,1044.1427224360204,1,-1.04931609582317,-1.04931609582317,0.179274656227688,1,-1.04931609582317
REEP4,-0.8400486004491315,-7.395712079417214,2.130503385002872e-12,721.5215556800393,1,-0.61656937711183,-0.61656937711183,0.494377254950843,1,-0.61656937711183
RERE,-1.2031506726525734,-15.39310805616034,3.4709214667665626e-51,1899.9798123250712,1,0.794774506485399,0.794774506485399,0.33561230779651,1,0.794774506485399
REV3L,0.4864678895045805,3.305270009988999,0.0034836028246209,344.25376772834164,1,-0.669454547125681,-0.669454547125681,0.439086546315431,1,-0.669454547125681
REX1BD,-0.7378817148899811,-4.902570335248407,6.102526984187351e-06,312.42024101017506,1,-0.252592057821843,-0.252592057821843,0.815202443026161,1,-0.252592057821843
REXO1,0.1310939600308878,1.173832262358988,0.383831743597703,726.4501945912137,1,-1.37948300659636,-1.37948300659636,0.0671936522628569,1,-1.37948300659636
RFC3,0.1473347352229443,1.3530182842188645,0.3030848353536192,902.6075366326144,1,-0.640027592109635,-0.640027592109635,0.454622533556844,1,-0.640027592109635
RFT1,-0.0121728538545099,-0.0904112378283962,0.9618644248592492,479.3152151783474,1,0.130935760641613,0.130935760641613,0.901384841001696,1,0.130935760641613
RFX3-DT,0.2614002388725842,0.3638011021719107,0.8268289047500851,10.514458905684108,1,-0.104341917645115,-0.104341917645115,0.922635015453405,1,-0.104341917645115
RGS14,-0.997552203742234,-6.104164294222434,1.0185435269745561e-08,246.38416955511315,1,-0.0051945321153309,-0.0051945321153309,0.996143936579874,1,-0.0051945321153309
RHBDF2,-0.3531167150183731,-2.749944907523076,0.0176654363250326,788.0192783824174,1,-0.228577545772284,-0.228577545772284,0.814494244246311,1,-0.228577545772284
RHEB,-0.301538821378723,-3.015511830180403,0.0084515606743025,857.0989335927284,1,-0.182410894661675,-0.182410894661675,0.862679459860138,1,-0.182410894661675
RHOB,0.9130435917836152,9.160368676276375,1.3341451181081876e-18,3741.333067489077,1,-0.542643559748747,-0.542643559748747,0.565260245214525,1,-0.542643559748747
RHPN2,0.7828517152307007,5.684049626491061,1.1145072016115593e-07,397.95621746267074,1,-0.223907758790796,-0.223907758790796,0.820528120906278,1,-0.223907758790796
RIBC2,-0.3855401511735872,-1.2500205293498137,0.3480418646824715,59.77731997090676,1,-1.30491406949309,-1.30491406949309,0.145577241750363,1,-1.30491406949309
RIMBP2,0.1505313598794753,0.868726293564039,0.5424797959449176,253.4027596612852,1,-0.312924327219537,-0.312924327219537,0.770161238881985,1,-0.312924327219537
RIN1,-0.7677808915288796,-4.606035228558778,2.415537684413432e-05,241.04967245047564,1,-0.5261291704615525,-0.5261291704615525,0.428449999555934,2,-0.374959384302529
RIPK1,-0.2231892049406834,-1.5228591563828182,0.2361038843871071,343.29079208209686,1,-0.615792611987943,-0.615792611987943,0.490418845647212,1,-0.615792611987943
RMND5A,0.4553179998553309,4.231940045638081,0.0001192521243514,872.570364800829,1,-0.981641534480653,-0.981641534480653,0.237616649128218,1,-0.981641534480653
RMRP,-0.3100008650449858,-1.6742109025885994,0.1849599736633702,223.88641643370647,1,-2.6885413529304,-2.6885413529304,0.0046996753385122,1,-2.6885413529304
RN7SL1,-0.3185673635146501,-1.637891854288147,0.1971133128696908,191.573135105826,1,0.491837061992363,0.491837061992363,0.601265332473038,1,0.491837061992363
RNASEH1,0.3080222477345807,2.692033859581734,0.0205507077046683,581.7472313753877,1,-0.0227296992495988,-0.0227296992495988,0.98312398112875,1,-0.0227296992495988
RNASEH1-DT,-0.0150149232112503,-0.0729311598170827,0.9695225574689456,148.92021886561585,1,-0.372225808228027,-0.372225808228027,0.701778458470419,1,-0.372225808228027
RNF167,-0.2488206997564685,-2.9484068996419026,0.0102443909087829,1731.1413092138876,1,-0.0021226713779674,-0.0021226713779674,0.998741970420427,1,-0.0021226713779674
RNF213,0.548613476742006,6.289052930653879,3.3668203676376023e-09,1561.4678054022793,1,0.029590050869605,0.029590050869605,0.975735630224415,1,0.029590050869605
RNF220,-0.0168670999526174,-0.1431008517099226,0.9379278383054356,735.9721769976459,1,-0.475465418830476,-0.475465418830476,0.595792367059861,1,-0.475465418830476
RNF26,0.0569515266464118,0.6151693693001573,0.6853417346812442,1046.2389510022674,1,0.0157120722437562,0.0157120722437562,0.990463256199758,1,0.0157120722437562
RNF32,-0.017495099890593,-0.0279376837695495,0.988461498121,13.6822978791594,1,-1.21279286335824,-1.21279286335824,0.148263005615464,1,-1.21279286335824
RNF41,0.6418680100268521,5.762804828439933,7.20844689555973e-08,584.3903386424524,1,-1.52609566948516,-1.52609566948516,0.0961655084735198,1,-1.52609566948516
RNF43,-0.3106696989387281,-2.096115265565763,0.0840854444328978,422.9865786988984,1,-0.126104594594542,-0.126104594594542,0.885696602558509,1,-0.126104594594542
RNF44,0.16061574570006,1.9239528374180093,0.1180490958450788,1695.5288538777256,1,0.128525458468483,0.128525458468483,0.904309501520975,1,0.128525458468483
RNFT2,0.5680722304865052,3.392840116891392,0.0026431109629593,208.4020234788995,1,0.116479716148094,0.116479716148094,0.914847451617639,1,0.116479716148094
ROCK1,0.6569573994307427,6.362286359494848,2.148831475919483e-09,1179.7082803004412,1,-0.0070714677595014,-0.0070714677595014,0.994468951114834,1,-0.0070714677595014
ROR1,-0.4455793428646885,-1.9231447681368448,0.1182263537584998,126.96723503030964,1,-0.0984048934920865,-0.0984048934920865,0.932253891177661,1,-0.0984048934920865
RPA2,0.1848125647942514,1.6747246687341546,0.1848546249219809,667.1640668928724,1,-0.606819729431664,-0.606819729431664,0.482446289196532,1,-0.606819729431664
RPAP3-DT,0.7511813880187336,1.1131855531791517,0.4126312786909157,12.601855039422432,1,0.256844605066428,0.256844605066428,0.813258110480812,1,0.256844605066428
RPL10,0.1338885294890374,1.5829718769259211,0.2151825891033742,8363.422441543466,1,-0.764546477711638,-0.764546477711638,0.366082063019777,1,-0.764546477711638
RPL10A,-0.0168164476618755,-0.2168979118199259,0.9017960868060017,3175.810347383398,1,-0.110060276048811,-0.110060276048811,0.921627963622662,1,-0.110060276048811
RPL11,0.3504065047074179,3.5321828387149683,0.0016553544389005,6440.86921020998,1,0.153535400251227,0.153535400251227,0.873080715676223,1,0.153535400251227
RPL12,0.491104294994881,5.252574413766462,1.097663778544691e-06,4126.259824086144,1,-0.870633437829201,-0.870633437829201,0.250688870204457,1,-0.870633437829201
RPL13A,-0.199077988830605,-2.498622503188313,0.0336200021808781,8377.808366804553,1,-0.674126519723292,-0.674126519723292,0.401022203121828,1,-0.674126519723292
RPL14,0.6736069495718319,7.969410911711241,2.904719171792809e-14,4073.99774688703,1,-0.575623159620238,-0.575623159620238,0.494707344168844,1,-0.575623159620238
RPL15,-0.0301461115432936,-0.4122441498139712,0.7984581423859255,3069.7192923975504,1,-0.306252858725147,-0.306252858725147,0.768331137018799,1,-0.306252858725147
RPL18A,0.1226096298735349,1.4303095380088922,0.2715861125877474,1647.616522852328,1,-0.429879570989339,-0.429879570989339,0.635011188989752,1,-0.429879570989339
RPL19,0.7096994621579895,9.20272262425502,9.107607120138854e-19,9602.77280580962,1,-0.605586729597548,-0.605586729597548,0.432484345052538,1,-0.605586729597548
RPL22,0.2793620453041003,2.4447263204331766,0.0384259007983759,564.0286364678134,1,-0.155177323887107,-0.155177323887107,0.88242854172037,1,-0.155177323887107
RPL22L1,0.6032137541775241,3.778013702006186,0.0006945396157055,259.0606883583784,1,0.0599549095347946,0.0599549095347946,0.958087221827192,1,0.0599549095347946
RPL23A,0.59684958401111,6.593987202582323,5.002340860405629e-10,2548.062724813527,1,-0.097345110496777,-0.097345110496777,0.903663910773731,1,-0.097345110496777
RPL24,0.9325749238442316,10.941733672592736,3.307913278733381e-26,1675.6315254492604,1,-0.728912038236647,-0.728912038236647,0.393921347130621,1,-0.728912038236647
RPL27A,0.1303113135946559,1.580106796253495,0.2160310419664949,6721.744555248326,1,-0.569323079700075,-0.569323079700075,0.455858367542358,1,-0.569323079700075
RPL29,0.4437845467019926,5.961426773298265,2.329381945244601e-08,3774.1069099967926,1,-1.52676527445894,-1.52676527445894,0.0054371374345416,1,-1.52676527445894
RPL31,0.0917206678597804,1.154247007785991,0.3932535499816344,4702.736875277284,1,-0.109269356275864,-0.109269356275864,0.916363655196047,1,-0.109269356275864
RPL32,0.1446126379674966,1.983817332896865,0.1049746690839993,4975.228237573055,1,-0.546376919715194,-0.546376919715194,0.551045406831078,1,-0.546376919715194
RPL34,0.2628554949581251,2.767895938374205,0.0168179666191749,1203.2907927176025,1,-1.76767712280142,-1.76767712280142,0.033253958674082,1,-1.76767712280142
RPL35,0.1995418753096552,2.603411810845201,0.0258667873397039,5853.480158840252,1,-0.674387440820369,-0.674387440820369,0.402839260029023,1,-0.674387440820369
RPL35A,1.0095855968942946,13.004718923636656,9.513274238964328e-37,5362.065356844366,1,-0.404605243962061,-0.404605243962061,0.67502763370315,1,-0.404605243962061
RPL36A,-0.8055478687456936,-2.829040221890174,0.0143102778876579,102.46495638404426,1,0.0452076262367043,0.0452076262367043,0.967164668974475,1,0.0452076262367043
RPL38,0.8055878899854051,9.46819162233286,8.092548255978529e-20,4240.388956239737,1,-1.11491989690639,-1.11491989690639,0.129899019381324,1,-1.11491989690639
RPL4,0.3302898686720737,4.597547234670488,2.5047158934263173e-05,8571.671645656128,1,-0.638089638969871,-0.638089638969871,0.408159256083608,1,-0.638089638969871
RPL41,0.1614796107163357,0.9479031925916712,0.4993084564428481,417.7876648103917,1,-0.550547257959927,-0.550547257959927,0.550197132266059,1,-0.550547257959927
RPL5,0.4295564116668802,5.160993516172433,1.7372579568421774e-06,7251.822236934122,1,-1.25787896221567,-1.25787896221567,0.147619053990669,1,-1.25787896221567
RPL7,0.272354089625532,3.0770799760384637,0.0070273137447586,2201.1866457718297,1,-1.14844954806551,-1.14844954806551,0.147619053990669,1,-1.14844954806551
RPL7L1,0.3916526235730879,4.262910734003141,0.000104653045565,1380.926614885499,1,-0.51181096545072,-0.51181096545072,0.565260245214525,1,-0.51181096545072
RPLP0,0.5089835926707388,7.67470324157608,2.71110622487553e-13,7575.923739858528,1,-0.783562326156141,-0.783562326156141,0.342834090476929,1,-0.783562326156141
RPLP2,0.1659394340295239,2.2277557661060454,0.0631641241988975,7512.820358685152,1,-0.945482992617084,-0.945482992617084,0.213271858401622,1,-0.945482992617084
RPN1,-0.2026541695979579,-2.333374967024372,0.049681396463143,3485.654489157896,1,-0.8821194188925775,-0.8821194188925775,0.258449618823169,2,-0.918695549649277
RPP25,-2.040965724263642,-11.52670354838473,5.180980692201216e-29,304.0536474671704,1,-0.225860561453514,-0.225860561453514,0.835402739009506,1,-0.225860561453514
RPP25L,-0.2756202239167141,-1.561244485140775,0.2222589664842171,232.15617361213103,1,-1.41227440413875,-1.41227440413875,0.0322756828750499,1,-1.41227440413875
RPRD2,0.1523004236291934,1.3445556500313287,0.3066513189818858,815.3010417700492,1,-1.00515467994906,-1.00515467994906,0.209407030807346,1,-1.00515467994906
RPS11,-0.3690620796492699,-5.114125788406802,2.1976644814111087e-06,6859.902471517101,1,-0.283979261604763,-0.283979261604763,0.790282441659677,1,-0.283979261604763
RPS13,0.250378938736612,2.8207996528117305,0.0145989650319113,2712.243360808888,1,-0.0992168059555549,-0.0992168059555549,0.929639936330922,1,-0.0992168059555549
RPS14,0.168206553609718,2.302353234741712,0.053329088327757,7321.476400632096,1,-0.000559083194892,-0.000559083194892,0.999523966176675,1,-0.000559083194892
RPS15,-0.0578195880916465,-0.6205034724686413,0.6824425849430376,2776.606889342468,1,-0.0466928182564443,-0.0466928182564443,0.965899374321037,1,-0.0466928182564443
RPS16,0.50391707184078,7.3598251096166045,2.754692489057096e-12,9216.827791367985,1,-0.625693480959512,-0.625693480959512,0.253306449933592,1,-0.625693480959512
RPS19,0.5560684809425533,6.932509449643141,5.3236349685545876e-11,9756.489995298143,1,-1.59059357178803,-1.59059357178803,0.009134518008212,1,-1.59059357178803
RPS21,-0.1385823514548887,-1.8147719226730483,0.1445169817899796,5063.84521678378,1,-1.58278251681534,-1.58278251681534,0.0253155648107775,1,-1.58278251681534
RPS23,0.163640756809638,1.957279577135617,0.1107615745702082,2716.7485583331395,1,-0.624480307818696,-0.624480307818696,0.469873082387477,1,-0.624480307818696
RPS24,0.3775696172577911,4.892442665283248,6.398784359973229e-06,5968.336085651788,1,-0.317781435069822,-0.317781435069822,0.769758210878428,1,-0.317781435069822
RPS27,-0.0447632924423739,-0.4207529726155897,0.793235399996826,1013.218480408879,1,-0.876664461348236,-0.876664461348236,0.25850724638249,1,-0.876664461348236
RPS27A,0.206966114872599,2.563440781367183,0.0286035735872572,3371.202976710087,1,-0.154902095858611,-0.154902095858611,0.869636176438819,1,-0.154902095858611
RPS4X,0.1608950834639039,1.8966801880644848,0.1243130880915371,9600.030155224242,1,0.0821560336284878,0.0821560336284878,0.937478844816912,1,0.0821560336284878
RPS5,-0.4260988317757431,-5.807621844859473,5.6280915675537914e-08,5935.625517492055,1,-0.720317198511963,-0.720317198511963,0.33561230779651,1,-0.720317198511963
RPS6,0.1424838325527218,1.6941593727519024,0.1785756970235104,9122.379119346033,1,-1.65593620787955,-1.65593620787955,0.0151505265300123,1,-1.65593620787955
RPS6KA4,-0.2349459894253315,-2.339060179754539,0.0490668636366333,1204.4968568569575,1,-0.498522049044423,-0.498522049044423,0.565857212459795,1,-0.498522049044423
RPS7,0.1765673833473895,2.3468304393874195,0.0481964240578769,4289.386781213927,1,-2.05521201542979,-2.05521201542979,0.0015352386713946,1,-2.05521201542979
RPTOR,0.7536814087329875,6.945181608818633,4.895183026498234e-11,767.5412051583459,1,-0.46435764386316103,-0.46435764386316103,0.441689401821578,2,-0.263123581916552
RRM1,-0.1782539756146879,-1.8758484851355133,0.1290460692382667,1970.4975848484828,1,-0.516908172536203,-0.516908172536203,0.579552768088976,1,-0.516908172536203
RRM2,-0.009276518501169,-0.1196077310956438,0.9493078843704518,4829.958512487515,1,-0.165512663114312,-0.165512663114312,0.848120002477145,1,-0.165512663114312
RRP1,-0.4839895597142389,-4.502199522702169,3.778976962782879e-05,870.1303464308387,1,-0.393659991797287,-0.393659991797287,0.695345018937983,1,-0.393659991797287
RSAD1,0.4822959397020891,3.83242144169188,0.0005684604524892,500.5777606428603,1,-0.494562170724242,-0.494562170724242,0.600301128327164,1,-0.494562170724242
RSL1D1,0.2788088611169618,3.620384397374624,0.0012155425881304,3106.141148053782,1,-0.379704567750611,-0.379704567750611,0.704595377818261,1,-0.379704567750611
RTEL1,-0.6447349323503665,-1.679037953012319,0.1834493040395308,41.04584113014507,1,1.4641425922163784,1.4641425922163784,0.043601945597182,2,0.0384268057485869
RTKN,-0.2573686665394726,-2.7260325760959714,0.0188349943250363,1266.227940088712,1,-1.22534404006101,-1.22534404006101,0.10423396792364,1,-1.22534404006101
RTP3,-2.753208325419589,-3.4423676284243445,0.0022507191858736,11.020938515836797,1,-0.606750975639162,-0.538813766425046,0.40170041624146,3,-0.606750975639162
RUVBL1,0.7624227049378726,7.648594007903517,3.298281317392186e-13,1394.535379871563,1,-0.635551778393391,-0.635551778393391,0.461090574870585,1,-0.635551778393391
S100A16,0.0050200807112968,0.0527388893160121,0.9783429599011464,1306.867001856494,1,-0.551822014577181,-0.551822014577181,0.555197643295167,1,-0.551822014577181
S100A2,0.0847202352417696,0.71583783009802,0.6286081062151498,1175.910256286302,1,-0.0955628777302644,-0.0955628777302644,0.933326208865954,1,-0.0955628777302644
S100A4,0.110025361726429,1.4354546970717894,0.2695215147008538,7212.914106846516,1,-2.955505231649837,-2.955505231649837,0.0047896070129691,2,-5.54389422924871
S100PBP,0.1942294320451105,1.1286070876537206,0.4052924839246324,221.44070400217308,1,-0.62146465802628,-0.62146465802628,0.49013406719612,1,-0.62146465802628
SAC3D1,-0.3294128416298389,-2.247539150548783,0.0604689542512487,375.3744092061891,1,-0.804032207782805,-0.804032207782805,0.33561230779651,1,-0.804032207782805
SAE1,-0.4956786247031817,-5.912981616886928,3.0820881277204655e-08,2008.0071975621872,1,-0.97840210918899,-0.97840210918899,0.226285024614391,1,-0.97840210918899
SAFB,-0.0024661816037807,-0.0284939109654507,0.9881408074964088,1699.7337667455508,1,-0.575211195382547,-0.575211195382547,0.503297477139808,1,-0.575211195382547
SAP30BP,0.6199177934824459,5.329090556374938,7.432411752066348e-07,665.3802526305271,1,-0.119842309445646,-0.119842309445646,0.91150862030787,1,-0.119842309445646
SAR1A,-0.0940346459122859,-1.0194718260374414,0.4613192864072149,1058.8922801407175,1,-1.46593349206935,-1.46593349206935,0.0770207810551322,1,-1.46593349206935
SAR1B,-0.3812274565639647,-3.010822568840611,0.0085634517859328,634.1732437327962,1,-0.221934815494066,-0.221934815494066,0.790282441659677,1,-0.221934815494066
SARNP,1.2300384424112911,2.3257652730324665,0.0505857484469493,21.37760788087846,1,-0.597260314902699,-0.597260314902699,0.482247590350752,1,-0.597260314902699
SART1,0.1676064144546329,1.916054488223019,0.1197894192191089,1375.47194026321,1,-0.720877510738179,-0.720877510738179,0.382743683818433,1,-0.720877510738179
SBNO1-AS1,0.1061101703941089,0.3281506494876092,0.8452656749930211,57.823602474604016,1,-0.195761804021153,-0.195761804021153,0.85672776349682,1,-0.195761804021153
SCAF1,-0.4062768918389524,-4.5519745577353135,3.0508958698539612e-05,1441.9492311401273,1,-0.936684547207055,-0.936684547207055,0.245503805084136,1,-0.936684547207055
SCARB1,0.0523032419146998,0.5009234961205713,0.7499965025047584,2166.191886312243,1,-0.365520817879318,-0.365520817879318,0.723194716006935,1,-0.365520817879318
SCLY,-0.5857192977372105,-1.6901594866479228,0.1799003526295166,60.278909291275454,1,-0.368203072759465,-0.368203072759465,0.717925498682338,1,-0.368203072759465
SCN5A,-2.229788912334981,-20.50734797788295,1.0717553982228544e-90,908.7622434947036,1,-0.17179845931385,-0.17179845931385,0.853918660396884,1,-0.17179845931385
SCNN1D,-1.4042225647692892,-4.256926924796156,0.00010731456606,54.58034294911271,1,0.8827544525988,0.8827544525988,0.25850724638249,1,0.8827544525988
SCO2,-0.1588722379843065,-0.8196067012995277,0.5694727139356683,206.04939785977848,1,-0.341233638104683,-0.341233638104683,0.738624879792833,1,-0.341233638104683
SCYL1,0.0312032938415715,0.337213524896384,0.8408466080722765,1187.9089684522817,1,-0.627834975270461,-0.627834975270461,0.481554556171411,1,-0.627834975270461
SDC1,-1.0957130232337655,-10.731921262372786,3.129947027135777e-25,1616.7698889311418,1,0.494844132229211,0.494844132229211,0.589935276118179,1,0.494844132229211
SDCBP2-AS1,1.218254540564179,2.041997386883029,0.0937049948555378,17.606708976841777,1,-0.789126966568463,-0.789126966568463,0.331370495683969,1,-0.789126966568463
SDF4,-0.60155160592968,-6.338876684905381,2.4797600380197303e-09,2789.471528833694,1,-0.713383570540142,-0.713383570540142,0.408159256083608,1,-0.713383570540142
SEC16A,-0.1270173172539499,-1.6263402400677054,0.2006055979388452,2498.7280229714743,1,-0.100513812496376,-0.100513812496376,0.909770293890461,1,-0.100513812496376
SECISBP2,-0.4299930240197931,-3.099828700488157,0.0065744237574895,444.46623897031486,1,0.232675514837731,0.232675514837731,0.809266618514092,1,0.232675514837731
SECTM1,-0.3391131134062154,-1.8790596823481869,0.1283028391196244,200.1226788538059,1,-0.407377030845362,-0.407377030845362,0.645829973470495,1,-0.407377030845362
SEH1L,0.0328642716202143,0.3892003522497211,0.8118530882363985,1551.9355347095957,1,0.0565684271598925,0.0565684271598925,0.960396682416376,1,0.0565684271598925
SELENOH,-0.1529629932687311,-0.7630366854725034,0.6013075823809071,170.73461885821155,1,-0.197180677671832,-0.197180677671832,0.855581438151887,1,-0.197180677671832
SEMA4C,-0.6242547118680647,-4.719533519912486,1.4336895748295602e-05,731.2647676340559,1,-0.386601567057195,-0.386601567057195,0.695534365418192,1,-0.386601567057195
SENP3,0.2407476365548171,1.79126013955894,0.1508455245988051,461.1702518057999,1,-0.788713273825198,-0.788713273825198,0.346062418366117,1,-0.788713273825198
SEPTIN10,0.4695927402316317,4.968679674994991,4.459408093552211e-06,1014.9469324809064,1,-0.38778161781155,-0.38778161781155,0.644686560999313,2,-0.327578005967716
SEPTIN8,-0.3425438309028528,-3.1643724017807844,0.0054060768743564,712.7675941245262,1,-0.325626990956418,-0.325626990956418,0.732265601455552,1,-0.325626990956418
SEPTIN9,-0.0222376422863389,-0.2993336701262165,0.8608977280008051,5394.7376970230525,1,-0.741721458555575,-0.741721458555575,0.18860744900432,2,-1.07245383819374
SERBP1,0.3978653913412333,5.24245849573826,1.152585701551854e-06,4117.634445781817,1,-0.411182118361255,-0.411182118361255,0.674231742051361,1,-0.411182118361255
SERINC5,-0.6589832346460653,-7.187352769404955,9.32830407567844e-12,1181.345044900953,1,-0.180105071376523,-0.180105071376523,0.865560062263693,1,-0.180105071376523
SERPINB1,-0.697536137509919,-5.889668486290045,3.5230822662348586e-08,536.9782998832449,1,0.0747416795786332,0.0747416795786332,0.937478844816912,1,0.0747416795786332
SERPINE1,-0.1067971310918561,-0.5995733999896447,0.6939006982753497,3339.6311105309333,1,-0.33817348711009,-0.4221295936331537,0.16165548897081,3,-0.969782875489981
SERPINH1,0.3647441043787975,1.7805157228091708,0.1536595449180421,3757.29655561019,1,-2.38149745856431,-2.38149745856431,0.0017758912479145,1,-2.38149745856431
SERTAD1,-0.0267072389429775,-0.1565296303381132,0.931954961480963,241.30576016726965,1,-0.429352579751415,-0.429352579751415,0.600301128327164,2,-0.417611177699149
SET,0.0510292159164635,0.6742823564150792,0.6525382350744683,7672.686427528812,1,-0.709010450065861,-0.709010450065861,0.346062418366117,1,-0.709010450065861
SETDB2,-0.0725689560962718,-0.4618206362435655,0.7715514827826009,254.5691895025204,1,-0.325617705401338,-0.325617705401338,0.744802594197491,1,-0.325617705401338
SF3A3,0.1720072075421466,1.9328681013067657,0.1161979721354848,1793.6299358029855,1,-0.950165920345825,-0.950165920345825,0.24106615249488,1,-0.950165920345825
SF3B1,0.432001895491384,5.028826248113655,3.3322920393556538e-06,4739.997065476562,1,-0.0152642068549757,-0.0152642068549757,0.990463256199758,1,-0.0152642068549757
SF3B2,0.2423756618485426,3.411079951714905,0.0024956476405737,4205.803457838234,1,-0.922856373524477,-0.922856373524477,0.261561184896397,1,-0.922856373524477
SF3B3,0.0711378238984797,0.9475451252710888,0.4995239251048288,2763.2460245239267,1,-0.283377319928474,-0.283377319928474,0.779774607136092,1,-0.283377319928474
SFN,-1.4555836633894423,-14.798985052308709,2.3481097280025617e-47,1353.6125782713968,1,-0.448481772498115,-0.448481772498115,0.623612500060116,1,-0.448481772498115
SFPQ,-0.0364021605698932,-0.4963680765594715,0.7524615362490726,5051.029703938202,1,-1.04112445369197,-1.04112445369197,0.132766061020311,1,-1.04112445369197
SFXN4,0.1003474537859444,0.6488586094061675,0.6658553421631882,301.43217090129457,1,-0.295157162105748,-0.295157162105748,0.78624770509631,1,-0.295157162105748
SGSM3,-0.7230053115691562,-1.484154184436025,0.2503591847270072,24.91206432379441,1,-0.829810923776961,-0.829810923776961,0.318025194611312,1,-0.829810923776961
SGTA,0.4191722572078168,4.778753173163596,1.0859626407311867e-05,1740.751017128948,1,-0.146393426458077,-0.146393426458077,0.881357210567722,1,-0.146393426458077
SH2B1,-0.3754153929069261,-3.082545473081167,0.0069201621369666,502.0250627398328,1,-0.6644973930702605,-0.6644973930702605,0.33472259231246,2,-0.797235348152202
SH2B3,0.2847066099081045,2.937698140416706,0.0105594655562795,1101.9257471110625,1,-0.08394988976366205,-0.08394988976366205,0.914176109082565,2,-0.0506632916945161
SH2D2A,-0.7042703831559938,-1.855826453914992,0.1338961955480535,42.12809482589234,1,0.0575377815010796,0.0575377815010796,0.958785010409141,1,0.0575377815010796
SH3BGRL3,-0.3612982592289903,-2.986001732122045,0.009195423706629,951.7996194308244,1,-0.245445611235919,-0.245445611235919,0.800400749347921,1,-0.245445611235919
SH3GL1,0.0751984894950771,0.7570018161415047,0.6048190971354356,1211.3535598982396,1,-0.6544749595016605,-0.6544749595016605,0.263093512344926,2,-0.823570858788247
SH3KBP1,0.359855253145189,3.6450897540723264,0.001115268429295,1553.453210801616,1,-1.215365088736,-1.215365088736,0.162264187367383,1,-1.215365088736
SHB,0.4480749011788607,2.669752600395032,0.021792114256164,252.2335890971996,1,-0.209089375555882,-0.209089375555882,0.809266618514092,1,-0.209089375555882
SHC1,-0.6527826323937724,-7.374668572920192,2.471632117742585e-12,1268.9838264362745,1,-0.412469576693835,-0.412469576693835,0.67502763370315,1,-0.412469576693835
SHISA5,0.6226269428411063,4.942601903046934,5.048264307157018e-06,918.9843631314724,1,-0.188845648381625,-0.188845648381625,0.862679459860138,1,-0.188845648381625
SHMT2,0.0503783943327839,0.7183621842567727,0.627103442069109,3959.965605066388,1,-1.07424532247436,-1.07424532247436,0.13698160006234,1,-1.07424532247436
SHROOM1,-0.635510965013224,-5.009755303824405,3.654795456349464e-06,456.77374561597645,1,-1.3739754096368166,-1.3739754096368166,0.0511414484275522,2,-0.699136982607733
SHROOM2,-0.1839295329588507,-1.280131908575438,0.3344926822578922,373.8221849944168,1,-0.535235021152173,-0.535235021152173,0.540942175021579,1,-0.535235021152173
SIGIRR,-1.526987238047438,-10.974309236801355,2.342152053864783e-26,369.74614631765405,1,-0.190702521108689,-0.190702521108689,0.856079756364035,1,-0.190702521108689
SIGMAR1,-0.7438887281673947,-7.839928693138236,7.856123043420838e-14,3904.4130544122754,1,-0.395022832765212,-0.395022832765212,0.654841996404859,1,-0.395022832765212
SIK3,0.9878569810927176,7.14821135523159,1.222687743392373e-11,543.6219089111011,1,-1.40660731072555,-1.40660731072555,0.110597330726611,1,-1.40660731072555
SIL1,-0.5747963140983909,-3.2455103903966034,0.0042121354871685,253.06086910876107,1,-0.473881213693794,-0.473881213693794,0.597684662206512,1,-0.473881213693794
SIPA1L2,1.303016158027528,7.600671103031467,4.728101677006941e-13,221.49203878984773,1,-0.6882449394569989,-0.6882449394569989,0.131940736641127,2,-1.18753970282902
SIPA1L3,0.6474762407118286,6.748196185114272,1.8295728855645535e-10,1181.5659132024698,1,0.117129297342749,0.117129297342749,0.910687595495585,1,0.117129297342749
SIRT5,0.1322344550951556,0.5315348552653208,0.7337333819444203,96.9517782173961,1,-0.2505678546815,-0.2505678546815,0.819684048171271,1,-0.2505678546815
SKA3,0.2211896341815291,2.09417857686793,0.0844236905039712,809.2119620067084,1,-0.913201138821401,-0.913201138821401,0.22520123959631,1,-0.913201138821401
SKAP1,-0.1454265521711808,-0.7290347063181419,0.6215192940738598,151.33218608712937,1,-1.03033610085683,-1.03033610085683,0.206836396165408,1,-1.03033610085683
SLBP,0.2125539349157021,2.063551310287972,0.0897191791531657,972.7246963510232,1,-0.130013386661366,-0.130013386661366,0.898842956986667,1,-0.130013386661366
SLC10A3,-0.8053386785760545,-6.74999751788354,1.8084155001738627e-10,642.047464794591,1,-0.419315137860854,-0.419315137860854,0.663438505932235,1,-0.419315137860854
SLC12A2-DT,0.1688233821123029,0.8018958653571496,0.5797198826748113,147.52001721866534,1,-1.09763388086431,-1.09763388086431,0.200798030978136,1,-1.09763388086431
SLC16A1-AS1,0.5192409960388881,2.6241056468154373,0.0245406586926453,169.49977609975767,1,-0.647287613091719,-0.647287613091719,0.462245273756997,1,-0.647287613091719
SLC16A13,-1.4271632164172845,-6.035011012267466,1.5169324049776625e-08,119.07776747683089,1,-0.151651112008576,-0.151651112008576,0.881357210567722,1,-0.151651112008576
SLC16A3,-0.6344827053992014,-6.697687792481047,2.5480886351936457e-10,4290.200161876245,1,0.137391559871172,0.137391559871172,0.67502763370315,2,-0.138082279794063
SLC16A5,0.4064051476120373,2.997187015482811,0.0089072815402021,339.37367109227256,1,-1.14168242470542,-1.14168242470542,0.169193567770885,1,-1.14168242470542
SLC17A9,-0.7541970255868747,-7.823846478019818,8.869088270347868e-14,1882.4359968145493,1,-0.269045483635221,-0.269045483635221,0.795045177432153,1,-0.269045483635221
SLC18B1,0.1586182139049539,0.73822725514776,0.6160947957841334,135.39276893016964,1,-0.417501110805744,-0.417501110805744,0.654262693519241,1,-0.417501110805744
SLC1A2,-0.6224560629105441,-2.8577645178309066,0.0132246433029689,176.8851806231348,1,-0.280121320543295,-0.280121320543295,0.786445982775771,1,-0.280121320543295
SLC1A5,-1.4164989222365485,-14.557198838494656,7.403100710047637e-46,20976.801639554626,1,-0.560047941930855,-0.4099842509894484,0.226285024614391,3,0.308356977177163
SLC20A1-DT,-0.3834855597866506,-1.0206538899642166,0.4607886830304118,39.20032123921299,1,-0.14649913411167576,-0.14649913411167576,0.778430690991437,2,-0.308630498448297
SLC22A4,-1.150147526220312,-3.863175772634329,0.0005072691111194,122.83723839842568,1,-0.741623506983433,-0.741623506983433,0.343256437905131,1,-0.741623506983433
SLC25A10,-0.1932815020443373,-1.1033987455754573,0.4179339405992776,204.19915933383172,1,-0.3216127517502865,-0.3216127517502865,0.632189053598654,2,-0.437672322648523
SLC25A17,-0.7441625171029388,-4.710304908206057,1.4953392233006453e-05,288.3903832980612,1,-0.391436703842617,-0.391436703842617,0.688650403494023,1,-0.391436703842617
SLC25A44,-0.3498717532190004,-2.704002957113037,0.0199319432254482,477.1756735707066,1,-0.252262970292481,-0.252262970292481,0.797683606140175,1,-0.252262970292481
SLC25A45,-0.0839713321912593,-0.3171447223043028,0.851528278307282,88.88450361440691,1,-0.201332525474513,-0.201332525474513,0.848924822271893,1,-0.201332525474513
SLC27A5,-0.7425359139238352,-2.192330591682917,0.0683719624794215,52.44437775622873,1,-1.188349562638435,-1.188349562638435,0.0920934256209946,2,-1.53820628520425
SLC29A2,-0.6085767167578053,-4.77220963431135,1.1205333535860825e-05,783.5906370518466,1,-0.990981353736973,-0.990981353736973,0.174258688387565,1,-0.990981353736973
SLC2A1-DT,-0.1073384049543447,-0.3382816045948421,0.8402909308652283,52.61127020666024,1,-0.763765798066336,-0.674606926689404,0.25850724638249,3,-0.763765798066336
SLC2A14,0.7938014999647849,1.8139824641503783,0.1447500880102108,30.80634380453344,1,-0.522871793016383,-0.522871793016383,0.563671643889185,1,-0.522871793016383
SLC2A3,0.6569570294659521,8.028970230716185,1.822698675741836e-14,13948.430055130711,1,-1.09320161500752,-2.513767922357139,0.0042149687753129,3,-1.09320161500752
SLC2A4RG,-0.370180795461728,-4.069535358254231,0.000228830476727,1498.2393400997405,1,-2.74685632648292,-2.74685632648292,0.0253732612674741,1,-2.74685632648292
SLC30A10,1.6505930853690003,8.535426127709643,2.965828003942358e-16,181.93155369210504,1,0.3022349596969533,0.3022349596969533,0.462211632948989,2,-0.0204870800578873
SLC35E2B,-0.4120318699562527,-2.805140967920964,0.0152158863092952,339.64773526584,1,-0.0519751104808075,-0.0519751104808075,0.960923015899512,1,-0.0519751104808075
SLC35F5,-0.5460339127278114,-5.422078608987715,4.538593184324746e-07,1248.4962115146975,1,-0.272053643921845,-0.272053643921845,0.78624770509631,1,-0.272053643921845
SLC38A1,0.0436945655715476,0.6231846190060876,0.6810027858930194,6627.8262645072655,1,-0.244467510998611,-0.244467510998611,0.822663668251855,1,-0.244467510998611
SLC38A4-AS1,0.1961833446093186,0.205227198962916,0.9081554530102413,6.847009918977102,1,-1.08034116994279,-1.08034116994279,0.203774653029444,1,-1.08034116994279
SLC38A5,-0.6039564629693427,-6.443456526273618,1.2947146623800667e-09,2632.574024442732,1,-0.787584424674272,-0.787584424674272,0.346062418366117,1,-0.787584424674272
SLC38A7,-0.5818397425024848,-4.166273079418184,0.0001556763117427,407.0097539956332,1,-0.621274559693374,-0.621274559693374,0.48322002053411,1,-0.621274559693374
SLC39A10,0.220940851160359,1.7655566297484029,0.1579104354746029,510.4839473262807,1,-0.215599138888794,-0.215599138888794,0.841591823625857,1,-0.215599138888794
SLC39A13,-0.7308471308560592,-7.248815109041832,6.085383243168862e-12,1128.0512393777376,1,-0.811269293525358,-0.811269293525358,0.318619084336669,1,-0.811269293525358
SLC3A2,-0.8235697194391767,-9.181848444471616,1.0967088693851853e-18,6931.214997107817,1,-0.906052059531429,-0.906052059531429,0.200850706011295,1,-0.906052059531429
SLC43A1,-1.0310929344240336,-6.185156726987746,6.285299960698327e-09,313.4679814557434,1,-6.01907725701251,-6.01907725701251,0.0029107491864408,1,-6.01907725701251
SLC48A1,-0.7427407879530726,-9.087164726773864,2.5263525101647377e-18,2629.644840402582,1,-1.583344399345075,-1.583344399345075,0.0463700895599328,2,-1.78923993256896
SLC4A2,-1.2237886823917823,-13.932949267449317,4.5920307636512057e-42,3015.6552606892365,1,0.0295040434413048,0.0295040434413048,0.977131075976984,1,0.0295040434413048
SLC4A8,-0.8168456518650521,-5.064530848769941,2.798362719080407e-06,266.0394443736355,1,-0.635837230972644,-0.635837230972644,0.473564171304369,1,-0.635837230972644
SLC50A1,-0.3544585990356874,-2.2964264413752264,0.0540406216198499,272.8472251876034,1,-0.916804705325645,-0.916804705325645,0.237616649128218,1,-0.916804705325645
SLC5A6,-1.190658561301715,-10.38786560522888,1.0762147710524424e-23,1786.341536825524,1,-0.38298849847825756,-0.38298849847825756,0.53043519839942,2,-0.549663204326943
SLC66A1,-0.9069331963276182,-5.43707731815561,4.1892862235991683e-07,268.8367703376315,1,-1.3562021254517,-1.3562021254517,0.121577177581464,1,-1.3562021254517
SLC6A6,-0.2261602539774266,-2.885687358828184,0.0122349351416523,2279.8218863560173,1,0.0862437126801669,0.0862437126801669,0.937550660454171,1,0.0862437126801669
SLC7A1,-0.1995034003938868,-2.3284107857206027,0.0502627211065404,4493.71692654128,1,-0.398800258570099,-0.398800258570099,0.691446984700029,1,-0.398800258570099
SLC7A7,-0.477244361700477,-2.681989211425842,0.0210960858831434,202.9037023912443,1,-0.3353761516260445,-0.3353761516260445,0.286424854708592,2,0.204652870976805
SLC7A8,-0.657442366970877,-7.357602305178613,2.798260953373329e-12,3338.075643736657,1,-0.435211349509739,-0.435211349509739,0.654841996404859,1,-0.435211349509739
SLC9A5,-1.151753536760754,-2.8562478912876976,0.0132827163292691,36.018175018904984,1,-0.980310264315035,-0.980310264315035,0.237616649128218,1,-0.980310264315035
SLC9A8,-0.4578853690702231,-2.697826314464556,0.020230249884087,280.55985845338546,1,-0.271168344209152,-0.271168344209152,0.779774607136092,1,-0.271168344209152
SLC9B2,0.2279432057116157,1.0005995348572374,0.4711323860931846,115.71507981156093,1,-1.27470257538606,-1.27470257538606,0.102737322694816,1,-1.27470257538606
SLCO3A1,-0.6618214448917447,-3.3144640390217144,0.0033851755765013,204.0267146965277,1,-0.5549110038999957,-0.5549110038999957,0.207235529827352,2,-1.02293389071924
SLCO4A1,-1.0661568282808174,-11.45924964680374,1.1123340125155279e-28,2828.7504876530365,1,-0.546920903183964,-0.546920903183964,0.534815368888785,1,-0.546920903183964
SLIT1,1.703985163241755,10.464382843548362,4.957125139048235e-24,258.6898492918318,1,-0.264369052560726,-0.264369052560726,0.806198577255132,1,-0.264369052560726
SMAGP,0.2249602732906096,1.550142767429416,0.2261285928759588,385.1767662473235,1,-0.0284159979542159,-0.0284159979542159,0.979826441035075,1,-0.0284159979542159
SMARCC1,0.433105889634201,5.463155498048006,3.644956378643242e-07,2575.6983044742497,1,-1.07937953595102,-1.07937953595102,0.16603817395628,1,-1.07937953595102
SMARCD1,0.5802876084376832,7.091257751579098,1.809643025851757e-11,2026.1072347571733,1,-0.453123436168332,-0.453123436168332,0.630033840693985,1,-0.453123436168332
SMCO2,2.065913744809012,5.632586327498295,1.4729835340271952e-07,51.54466898927835,1,-0.450329875520033,-0.450329875520033,0.618881627414122,1,-0.450329875520033
SMG6,0.0744480239486912,0.6792333095057449,0.6494147273285594,636.9079838811145,1,0.0130651728103189,0.0130651728103189,0.98990484601319,1,0.0130651728103189
SMG7-AS1,-0.0658267098084885,-0.059982192183025,0.9751454138954416,6.369618701832072,1,-0.255197690927226,-0.255197690927226,0.812149620231784,1,-0.255197690927226
SMG9,0.994971385042113,9.451226008002878,9.415326823938414e-20,1367.1275046851197,1,-0.210785819085262,-0.210785819085262,0.101757586405296,2,-0.885973538430999
SMPD4BP,-0.9248377743641654,-3.4404728445965898,0.0022637112639595,86.24618634624831,1,-0.424659521448188,-0.424659521448188,0.654262693519241,1,-0.424659521448188
SMTN,-1.052492460392464,-8.714888690514442,6.462510319527391e-17,694.7228690740046,1,-0.525707060513961,-0.525707060513961,0.579357497803661,1,-0.525707060513961
SMYD5,0.2421400955010335,2.140043201673187,0.0765423247343981,630.1197302599795,1,-0.641097822387693,-0.641097822387693,0.470969028858272,1,-0.641097822387693
SNAI1,0.0065858117118067,0.020825171276048,0.991437768498464,62.67571658847923,1,-0.730006516122226,-0.730006516122226,0.333449349343651,1,-0.730006516122226
SNAPC1,0.1260756365798738,0.4690043004723976,0.7678032817464676,82.71753760904787,1,0.834074936159328,0.834074936159328,0.31271561666713,1,0.834074936159328
SNAPC4,-0.0582270045391755,-0.5854850800778492,0.7025861502689111,1038.1848461879683,1,-0.296186312195189,-0.296186312195189,0.785493256403938,1,-0.296186312195189
SNF8,0.912291383557184,7.935406445907857,3.7611289782304895e-14,696.0038008597808,1,-0.472800510045024,-0.472800510045024,0.615461806544891,1,-0.472800510045024
SNHG1,0.1836401505370563,2.0143441759391965,0.0987916585182831,1266.695072317555,1,-0.688212461640688,-0.688212461640688,0.399265814525579,1,-0.688212461640688
SNHG10,-0.2968447528321952,-1.8327781013983249,0.1395651841241366,323.69499624237096,1,-0.385404298993561,-0.385404298993561,0.658576678502526,1,-0.385404298993561
SNHG11,0.1141940148774534,0.5793446537445385,0.7060850612063608,164.06455914801808,1,-1.30026807123075,-1.30026807123075,0.100131372556255,1,-1.30026807123075
SNHG12,-0.4322960148893989,-2.5404252526906834,0.0303372476652791,301.6690052897296,1,0.268740912119965,0.268740912119965,0.78624770509631,1,0.268740912119965
SNHG15,-1.0169789214823133,-7.907753872523991,4.660688877661695e-14,556.7144262736184,1,-0.37075773433298,-0.37075773433298,0.69967907855185,1,-0.37075773433298
SNHG16,0.9338401780775488,10.3841355839925,1.1163906103459913e-23,1804.811400865438,1,-0.339843488638439,-0.339843488638439,0.695534365418192,1,-0.339843488638439
SNHG17,0.2086225427242729,1.881157215499824,0.1278334164198168,862.6002152036058,1,-0.214521736590583,-0.214521736590583,0.826566045193589,1,-0.214521736590583
SNHG26,0.0454384627924867,0.1513569347621736,0.9341615878913062,66.33333786254971,1,-0.584935698095705,-0.584935698095705,0.418213823208288,1,-0.584935698095705
SNHG29,0.692110857059609,8.307759797597935,1.9495161318504946e-15,5839.691623590818,1,-0.285574374653526,-0.285574374653526,0.779774607136092,1,-0.285574374653526
SNHG5,0.3826199972420495,3.3134315905386327,0.0033960961726359,622.5125901603972,1,-0.4107498259495,-0.4107498259495,0.612761885042134,1,-0.4107498259495
SNRNP200,0.0224463389598337,0.2665525950312385,0.8768103911196062,5314.667981219851,1,-0.0554252176135322,-0.0554252176135322,0.960923015899512,1,-0.0554252176135322
SNRPB,0.0244631911396063,0.2892111132822579,0.8652430490774197,3400.3375018072497,1,-0.565731782971026,-0.565731782971026,0.500692917053636,1,-0.565731782971026
SNRPC,0.2526850098866871,2.496459077999721,0.033814110874448,878.1103695493972,1,-0.146957537592344,-0.146957537592344,0.885696602558509,1,-0.146957537592344
SNTA1,-0.5540793808926128,-2.644658887727015,0.0233007712321031,142.5528772780586,1,-0.360926189887776,-0.360926189887776,0.644686560999313,1,-0.360926189887776
SNU13,0.1839891244911363,2.033149395464123,0.0954435925265682,1742.270945365923,1,-0.411921931178897,-0.411921931178897,0.668613272503174,1,-0.411921931178897
SNX25,-0.4703228042613777,-4.323756246237178,8.131119573408807e-05,712.7109246529693,1,-0.5121036834391655,-0.5121036834391655,0.549514729907091,2,-0.466169450446812
SNX8,-0.9379322020074428,-9.240186136215664,6.486589337598557e-19,868.0978894194133,1,-0.730094724052741,-0.730094724052741,0.231514706947044,1,-0.730094724052741
SNX9,0.1154736982170791,1.3215739310606325,0.3164619142999657,1454.0977523145818,1,0.151184356036689,0.151184356036689,0.882577497897498,1,0.151184356036689
SOD2,0.2755447806142089,2.599042816678796,0.0261701941316845,1139.910120813469,1,0.141343792140679,0.141343792140679,0.881357210567722,1,0.141343792140679
SORBS1,0.3919265631532156,4.832475541117811,8.4571904020905e-06,2303.8528250338595,1,0.277061387572507,0.277061387572507,0.668613272503174,2,0.135356816363353
SOS1,0.2861746794628088,2.5815372019584237,0.0273299900463585,648.584359669195,1,-7.41695960667147,-7.41695960667147,0.0004091143587456,1,-7.41695960667147
SOX13,-0.1582531788814309,-1.575726461700913,0.217498588173448,890.7905605666725,1,-0.158217268500384,-0.158217268500384,0.881357210567722,1,-0.158217268500384
SP1,0.3245810417593606,4.024814532313925,0.000272914983666,1740.0484652184862,1,-0.287832936249768,-0.287832936249768,0.790282441659677,1,-0.287832936249768
SP2-DT,1.0139510848682989,1.352111016941448,0.3034057443343144,10.360468332573577,1,-0.635761105935741,-0.635761105935741,0.441689401821578,1,-0.635761105935741
SP3,0.2889982991199339,3.1330331633316657,0.0059426294201594,1381.7090663671504,1,-0.904078650191576,-0.904078650191576,0.220372711514507,1,-0.904078650191576
SPATA2,-0.0465780480360529,-0.3069250420635859,0.8570698531567924,317.40739972022527,1,0.243819940741218,0.243819940741218,0.813019493502927,1,0.243819940741218
SPATS2,0.6266033535342072,5.232469201702159,1.2132791541085209e-06,568.9264085114733,1,-0.795289087272601,-0.795289087272601,0.283943940873422,1,-0.795289087272601
SPATS2L,0.3564157528190453,4.124889979674971,0.0001838331223522,1693.9024838794692,1,-5.73204067142612,-5.73204067142612,0.0018997629516853,1,-5.73204067142612
SPEN,0.3103787517916822,3.1161219226642265,0.0062543867993786,1975.615612811017,1,-0.261257842124606,-0.261257842124606,0.750507636387212,1,-0.261257842124606
SPG11,-0.3834236765143508,-2.306913776723607,0.0528332682958193,355.53638109929767,1,-0.175392852381655,-0.175392852381655,0.832929435366509,1,-0.175392852381655
SPHK2,-0.0410831435730112,-0.1998194516762541,0.9108440728387056,154.5191880375176,1,0.0164150160190295,0.0164150160190295,0.990463256199758,1,0.0164150160190295
SPIDR,-0.210884255692318,-1.616781593339356,0.2037438641842665,424.865842736365,1,-0.988068479079976,-0.988068479079976,0.235838763535535,1,-0.988068479079976
SPIRE1,0.0811157511718501,0.7188141128793314,0.626971975052178,613.4542170716257,1,-2.33753943327583,-2.33753943327583,0.0366186752379826,1,-2.33753943327583
SPNS1,0.0498004221108094,0.0877793754605766,0.9628831936161452,18.054858615394064,1,-0.670603770062494,-0.670603770062494,0.41270416369252,1,-0.670603770062494
SPNS3,-2.17112486893612,-5.024189994864316,3.410850429164692e-06,35.68307778239112,1,-0.27490494926045,-0.27490494926045,0.790282441659677,1,-0.27490494926045
SPOPL-DT,0.9769107107795006,0.9579476499560816,0.4941144034338997,5.370308160385528,1,0.225048192697442,0.225048192697442,0.834046978865984,1,0.225048192697442
SPOUT1,-2.102984007685258,-2.153378578037871,0.0743552257793965,7.28180499187165,1,-0.778336037003721,-0.778336037003721,0.352337845554514,1,-0.778336037003721
SPPL2B,-1.1753061327917504,-7.74126197177564,1.6421914774424666e-13,400.6944965934021,1,0.815392086844152,0.815392086844152,0.312541673934432,1,0.815392086844152
SPRY4-AS1,-0.702951786917443,-2.131731093671476,0.0779216252865772,54.7111409123495,1,0.286429285821124,0.19691571609987724,0.245734579390447,4,0.68137696673533
SPRYD3,0.4828559529224744,3.3335571775660484,0.0031859645837983,424.9224947365875,1,0.063785442669796,0.063785442669796,0.950777472385887,1,0.063785442669796
SPRYD4,0.1930282067416823,1.3817182161611072,0.2911969659866099,334.6354324616983,1,-0.0792513331050364,-0.0792513331050364,0.943450460600675,1,-0.0792513331050364
SPTBN2,-1.1851316045900493,-11.232297763311095,1.3912538000537695e-27,954.3521126872372,1,0.177700745847635,0.177700745847635,0.865029149536423,1,0.177700745847635
SPTLC1,-0.6356764081243227,-6.636468074182947,3.7876181006793396e-10,1408.6983244459316,1,-0.438358941878062,-0.438358941878062,0.583782049588085,1,-0.438358941878062
SPTY2D1,0.2814639116620487,2.2794788039739298,0.0561997873746435,469.97602590486,1,-1.43649498442202,-1.43649498442202,0.0979067926324721,1,-1.43649498442202
SRA1,0.0306322691001253,0.2603660933553167,0.8800408363033244,595.2470016586877,1,-0.216483094342806,-0.216483094342806,0.832929435366509,1,-0.216483094342806
SRCAP,0.1723238336580737,0.7697008487980903,0.5976410870790458,128.75763503840002,1,-0.568384019121086,-0.568384019121086,0.534815368888785,1,-0.568384019121086
SREBF1,-0.7220981870836087,-3.32393502351462,0.0032838992618318,1594.792957178278,1,-0.625608831326648,-0.625608831326648,0.473564171304369,1,-0.625608831326648
SRGAP2,0.1630769556702093,1.7981056612916408,0.1489711128845173,1123.0494242588516,1,-0.327512823023002,-0.327512823023002,0.608245679763201,1,-0.327512823023002
SRM,-0.4239190823417583,-4.667753181900975,1.824500619424307e-05,1286.6973634940962,1,-0.305597014016804,-0.305597014016804,0.778430690991437,1,-0.305597014016804
SRP68,0.705532210175394,8.135998616929134,7.797991282073066e-15,1326.7865811236602,1,-1.02931954564658,-1.02931954564658,0.169193567770885,1,-1.02931954564658
SRPK2,0.4891354846897175,5.560496766630225,2.1841497339208178e-07,1373.3234808742995,1,-0.493822345802577,-0.493822345802577,0.377974413253461,2,-0.241925827935838
SRRM1,-0.1488838968180409,-1.724342315216016,0.1695307214257539,1495.5658074162582,1,-0.837731503609849,-0.837731503609849,0.314887566288466,1,-0.837731503609849
SRRM2-AS1,-0.220347200349776,-0.2920085552839904,0.8637745206189427,9.117106857441255,1,-0.585705751247344,-0.585705751247344,0.516854429720491,1,-0.585705751247344
SRRM3,0.0501453204893305,0.0976183104143027,0.9597206925823016,22.251316909947583,1,-0.068101172594192,-0.068101172594192,0.948909492709732,1,-0.068101172594192
SRRT,0.0124733523316444,0.1716955757143536,0.924852496346289,3205.6904404188613,1,-0.951056669332372,-0.951056669332372,0.0584403292030758,1,-0.951056669332372
SRSF1,0.2130444632356362,2.2956936806944843,0.0541278947348522,1311.4810472007612,1,-0.374575939861439,-0.374575939861439,0.708353092834748,1,-0.374575939861439
SRSF2,-0.0470664447250181,-0.6215795361155817,0.681873252544248,3667.044700751561,1,-0.809036694634307,-0.809036694634307,0.321856031991203,1,-0.809036694634307
SRSF3,0.0842622322772826,1.0383958990587383,0.4509799249515339,2759.2651060348344,1,0.204646830612306,0.204646830612306,0.853190918523363,1,0.204646830612306
SRSF4,-0.0533007694695434,-0.5214753694615691,0.739337059292924,1030.647192893107,1,-1.15717751736509,-1.15717751736509,0.151802543764254,1,-1.15717751736509
SRSF7,-0.065888927299013,-0.8096866541153371,0.5753130409225024,2060.632711144965,1,-0.390213854900521,-0.390213854900521,0.667521777097685,1,-0.390213854900521
SSBP4,-0.8971383221353723,-6.375651694264726,1.977736291822692e-09,400.04830410745177,1,0.0024651991702727,0.0024651991702727,0.998741970420427,1,0.0024651991702727
SSC4D,-0.6498991834316846,-1.2094863955004698,0.3670512558779994,19.919155736808985,1,-0.9416900323738,-0.9416900323738,0.237616649128218,1,-0.9416900323738
SSRP1,0.0613332827456612,0.918463981532931,0.5158977575462002,5861.496923870075,1,-0.536029844358009,-0.536029844358009,0.504224772069749,1,-0.536029844358009
SSU72,-0.1586033429534505,-1.5572747568387828,0.2236988397111192,1055.133633352407,1,-0.168888558318485,-0.168888558318485,0.873080715676223,1,-0.168888558318485
ST3GAL2,-0.7746695773560297,-5.860015939459808,4.177162316075862e-08,457.5842092344011,1,-0.6930891224585516,-0.6930891224585516,0.101906444204835,2,0.102998294343687
ST3GAL3,-1.5607613465092445,-2.944465748921381,0.0103651390488725,23.163138517532136,1,-0.384193702535701,-0.384193702535701,0.632561903848937,2,-0.305952880420846
ST3GAL4,0.1323588219885935,0.9597528900023122,0.4931042628664394,542.4842163400031,1,-0.0282784460125164,-0.0282784460125164,0.98115674883621,1,-0.0282784460125164
ST7L,-0.3496213678586489,-1.7249203242954578,0.1693653623060468,168.88980974345682,1,-1.20993926773357,-1.20993926773357,0.123292585203563,1,-1.20993926773357
STAG2-AS1,-0.3502647746429588,-0.3989150758243538,0.8060828669008037,7.0076699432734175,1,-0.170214800334043,-0.170214800334043,0.870092508270201,1,-0.170214800334043
STAG3L5P,-0.326559892203803,-1.2707609702374811,0.3385738906978647,104.57016671263926,1,0.0427809647596967,0.0427809647596967,0.967439519313187,1,0.0427809647596967
STAP2,-0.3551692006229311,-2.2383220928545686,0.0616667678542055,335.91120822735934,1,-0.39937386434438155,-0.39937386434438155,0.41270590773965,2,-0.107393827459574
STARD13,0.5780883227694361,2.2124625336858665,0.0653997479899809,94.75854481034392,1,-0.127731589711946,-0.127731589711946,0.895582902304612,1,-0.127731589711946
STARD7-AS1,-0.2555915147230964,-0.8612281852489136,0.5464302467580171,69.1937659712936,1,-0.906500793572558,-0.906500793572558,0.179031722651875,1,-0.906500793572558
STAT1,-0.0354105086347693,-0.3604450512284001,0.8283050284752371,1247.8801281609672,1,-0.452048212464695,-0.452048212464695,0.630033840693985,1,-0.452048212464695
STAT6,1.4068383021767634,15.53492359823362,3.933636951184036e-52,1464.2870236318165,1,-0.392849071420367,-0.392849071420367,0.694714476387308,1,-0.392849071420367
STIP1,0.4072097126042874,5.372740408694344,5.890402946472565e-07,4738.134682015014,1,-0.444081900304711,-0.444081900304711,0.640584613247425,1,-0.444081900304711
STK32C,-0.0319377707099375,-0.1881685391749767,0.9166555387365518,258.7537328100069,1,0.106265115575388,0.106265115575388,0.888014852845033,1,0.106265115575388
STK33,0.4815914656230489,1.3103398720391315,0.3211916970323797,44.91407865482152,1,-1.05406659220709,-1.05406659220709,0.214235070092282,1,-1.05406659220709
STK4-DT,-0.461429346375724,-0.4492228203080782,0.7781111803350852,5.242589917205538,1,0.0720037077330263,0.0720037077330263,0.943450460600675,1,0.0720037077330263
STMN3,-2.330490237404424,-19.002918502036543,7.880463205595149e-78,1192.946986786896,1,-1.0975445296628,-1.0975445296628,0.202894926928062,1,-1.0975445296628
STPG4,0.5762366204422033,1.3336790957988718,0.3112966283993227,32.07464445998787,1,-0.0924461609779999,-0.0924461609779999,0.936840531605559,1,-0.0924461609779999
STT3B,0.016076060170206,0.1583326764933332,0.9311400202480224,5094.396574798436,1,-1.1380420013123,-1.1380420013123,0.159372484887501,1,-1.1380420013123
STX16-NPEPL1,-1.4319398580853495,-1.2011166366329338,0.3711881382330681,5.422035526845038,1,-0.132711182218082,-0.132711182218082,0.88242854172037,1,-0.132711182218082
SUGCT,-0.646456393649942,-1.157773991197498,0.3917220260865637,20.06227776887453,1,0.118005211582711,0.118005211582711,0.913444149179074,1,0.118005211582711
SUMF2,-1.9042034759472584,-15.284347945596195,1.74703392903928e-50,1438.6896840329534,1,-2.40342031054413,-2.40342031054413,0.0145916827285808,1,-2.40342031054413
SUMO2,0.6062634922155976,5.7217186802839,9.057267895694772e-08,941.7445254500813,1,-1.25800089852651,-1.25800089852651,0.10692232599154,1,-1.25800089852651
SUN1,-1.3122778709107126,-14.074969451815036,6.508717078006611e-43,2246.5974265721607,1,-0.058809284183078,-0.058809284183078,0.944733898979837,1,-0.058809284183078
SUN2,-0.6941114137001895,-6.350380263803718,2.3123230380045083e-09,1026.7410188011668,1,-0.280614253177645,-0.280614253177645,0.790282441659677,1,-0.280614253177645
SUPT3H,0.1325201704512971,0.4366089890630915,0.7852095048445495,66.52987666629136,1,-0.320606911680887,-0.320606911680887,0.764950156007015,1,-0.320606911680887
SUPT5H,0.800484770178962,10.851120594476034,8.823578169080329e-26,3235.338776329868,1,-0.127067240119351,-0.127067240119351,0.887589503873746,1,-0.127067240119351
SYK,-1.42010945051182,-17.76249861429456,4.901140860382021e-68,3618.540335870611,1,-0.864147683146634,-0.864147683146634,0.300299139440092,1,-0.864147683146634
SYNCRIP,0.1333539792092771,1.455201619458469,0.2619380321301798,1788.241002937752,1,-0.714169918511287,-0.714169918511287,0.404558974954259,1,-0.714169918511287
TAF1,-0.2441809127638104,-2.089367014772294,0.0851982286727983,663.2949759458745,1,-0.336316112569638,-0.336316112569638,0.746936388182189,1,-0.336316112569638
TAF6L,-0.3545544068839439,-2.447409940153687,0.0382069445814135,311.0021004609569,1,-0.864327542076949,-0.864327542076949,0.297605195134532,1,-0.864327542076949
TAGLN2,0.0829039960820422,1.0582496909894896,0.4409346668621168,2969.703474574677,1,-0.528981204101903,-0.528981204101903,0.576836940154585,1,-0.528981204101903
TALAM1,0.197580646515381,0.315919763677786,0.8521495528159277,15.48318523943122,1,-0.344299984558035,-0.344299984558035,0.741557265170796,1,-0.344299984558035
TANC1,0.4648633913763485,4.558530977116757,2.9637321283018257e-05,916.1425625532938,1,-0.809579981270409,-0.809579981270409,0.327528286080154,1,-0.809579981270409
TAPBPL,0.6227270910828587,3.127256603457248,0.00605001436911,208.60238349206205,1,-0.239829700364709,-0.239829700364709,0.824022482463184,1,-0.239829700364709
TASOR,0.1504861273666486,1.626650419750234,0.2005659681818011,1115.6273837218705,1,-1.17980269187046,-1.17980269187046,0.133335554316301,1,-1.17980269187046
TBC1D22A,0.045307206889108,0.2735590768645212,0.8732451176692042,225.36165269466989,1,0.32780582909774,0.32780582909774,0.649109726655341,1,0.32780582909774
TBC1D22A-DT,-0.7149930276021835,-2.969010963403516,0.0096568128547421,100.90697059628164,1,-0.146980497897317,-0.146980497897317,0.883449860305013,1,-0.146980497897317
TBC1D24,-0.9104415926309214,-5.134166288959792,1.982133744108354e-06,235.71834078572684,1,0.08201927919126599,0.08201927919126599,0.768331137018799,2,-0.154505184830336
TBC1D8,0.3424519456092439,2.5211498358855264,0.0318277945843665,460.7500124071592,1,-1.40339661137607,-1.40339661137607,0.0686852878808501,1,-1.40339661137607
TBCC,0.006274855881895,0.0337920428110657,0.9858513310475426,175.2206780609529,1,-0.99997283914108,-0.99997283914108,0.226285024614391,1,-0.99997283914108
TBCD,0.1924871044002372,1.3540063296339797,0.3026751310675317,415.48467414213246,1,-0.887326216228655,-0.887326216228655,0.255479840460805,1,-0.887326216228655
TBKBP1,0.3703087510646731,2.295506567359664,0.0541459711157289,266.716244809298,1,-0.0281829239213819,-0.0281829239213819,0.977131075976984,1,-0.0281829239213819
TBL2,-0.8099735329264044,-7.515208758086689,8.882132605490795e-13,1055.928997409651,1,-0.343348428583852,-0.343348428583852,0.741557265170796,1,-0.343348428583852
TBRG4,-1.125949423213482,-12.85426759849402,6.458563258010745e-36,1713.737285681293,1,-1.68996114687735,-1.68996114687735,0.0261601393717366,1,-1.68996114687735
TBX3,0.7537243629605189,7.840897914665003,7.804415750413561e-14,1565.6304302635044,1,-2.31818165530018,-2.31818165530018,0.0250873974608285,1,-2.31818165530018
TCAIM,0.6340978794262087,3.382762541960169,0.0027270239860193,176.1260433740875,1,0.0365583543246052,0.0365583543246052,0.973384912138481,1,0.0365583543246052
TCERG1,0.0427205753903548,0.501875845064898,0.7495980241804786,1413.8283033259795,1,-0.889247755223432,-0.889247755223432,0.226285024614391,1,-0.889247755223432
TCF20,0.3609008841029023,0.8295353517951102,0.5637606591206665,33.11329295312179,1,-0.963767915043548,-0.963767915043548,0.234801406286453,1,-0.963767915043548
TCF25,-0.5796406622611687,-4.908151529503559,5.943703373540751e-06,641.2372719352911,1,-0.237391136821585,-0.237391136821585,0.820528120906278,1,-0.237391136821585
TCF3,0.1976626424421925,2.485922865653737,0.0346943324237541,1938.5154373680996,1,-0.937609967047546,-0.937609967047546,0.255479840460805,1,-0.937609967047546
TCHP,0.4485294823800381,2.790608256106975,0.015809025568042,261.61901823623555,1,-0.617869993584854,-0.617869993584854,0.49331303863761,1,-0.617869993584854
TCIRG1,-0.8960737698417738,-6.524674649274714,7.758993839652456e-10,784.0117171576235,1,-0.645043843779708,-0.645043843779708,0.441689401821578,1,-0.645043843779708
TCOF1,0.2339030867451207,3.0294093976488328,0.0081203016278375,4809.890176857279,1,-0.839644663649482,-0.839644663649482,0.317564648038284,1,-0.839644663649482
TDP1,-0.0339162191534155,-0.2584060984124066,0.8806548550507761,422.0266723543447,1,-1.34565090101172,-1.34565090101172,0.123454285495779,1,-1.34565090101172
TDRD3,-0.10122797434075,-0.6032290239334678,0.6918861260189323,248.17377391489023,1,-0.180798532172988,-0.180798532172988,0.85672776349682,1,-0.180798532172988
TEDC1,0.0218184206611529,0.1375634576764793,0.9405671328679344,258.04365522405976,1,-0.329223266915989,-0.329223266915989,0.750507636387212,1,-0.329223266915989
TEF,-0.033962675821426,-0.0507868050513749,0.9793919636882789,146.93016017996632,1,-1.261155848623942,-1.261155848623942,0.0238010831307294,2,-2.34906461647591
TENT4A,-0.5990285977019278,-4.740615405838432,1.297511085144259e-05,670.094670831222,1,-0.402727404312226,-0.402727404312226,0.66561319328156,1,-0.402727404312226
TENT5B,1.417897969695448,5.6308328887749,1.4864609005398697e-07,90.27735282889718,1,-0.281069362177755,-0.281069362177755,0.792567400249685,1,-0.281069362177755
TEPSIN,0.7092547280096136,5.140026477062087,1.926472233690712e-06,362.0471972402947,1,-0.735218690118748,-0.735218690118748,0.376977540529389,1,-0.735218690118748
TERF2,-0.1664966126922427,-1.3408194176947266,0.3082566397942544,519.7368145359314,1,-0.48947300375246,-0.48947300375246,0.600301128327164,1,-0.48947300375246
TET3,0.8187475559730408,5.957643320843456,2.3811003445576545e-08,730.6597247126658,1,-0.562071936011273,-0.562071936011273,0.377974413253461,2,-0.745713742286296
TEX22,-1.8144010443112049,-2.492365776236726,0.0341474789079644,14.536253209815,1,-0.473911394214594,-0.473911394214594,0.583782049588085,1,-0.473911394214594
TEX264,-0.3384478694605404,-2.217121463049518,0.0646932726249742,367.3468384850358,1,0.416104329848391,0.416104329848391,0.66561319328156,1,0.416104329848391
TFAP4,-0.2355636901242314,-1.8514783332428777,0.1349708001830569,497.2580328800927,1,-0.772321149161109,-0.772321149161109,0.138769569335351,1,-0.772321149161109
TFDP1,-0.7454806854022077,-8.517862476328478,3.437877225080288e-16,1538.8666814652674,1,-0.863595006448162,-0.863595006448162,0.287130757382175,1,-0.863595006448162
TFR2,-1.3185124671906527,-4.02468175656889,0.000272985419387,64.87816177158425,1,-0.72935100550418,-0.72935100550418,0.377974413253461,1,-0.72935100550418
TFRC,0.256073115154533,2.9652508596819245,0.0097598734441046,7525.938102471759,1,-0.862236367695622,-0.862236367695622,0.276474096216371,1,-0.862236367695622
TGFA,-0.4158696830762867,-3.995006411356911,0.0003063535884284,867.0690454043762,1,0.242386778260572,0.242386778260572,0.824022482463184,1,0.242386778260572
TGFBI,-0.4823575373027355,-5.3419368233477496,6.944661887067835e-07,5724.389172446022,1,-0.2520402515888941,-0.2520402515888941,0.566324136509443,2,-0.516317249795193
TGFBRAP1,0.3079215626231564,3.2722118835062424,0.0038747596520379,1166.5847593487229,1,-0.593841798550136,-0.593841798550136,0.500692917053636,1,-0.593841798550136
TGIF1,-0.0077024332143953,-0.0706810457830856,0.9705988887274044,663.8400929481479,1,-0.136776974093006,-0.136776974093006,0.878189604898563,1,-0.136776974093006
THAP7-AS1,-0.684242824492044,-1.105831376370488,0.4167698835047345,13.687165953552,1,-0.958271379061202,-0.958271379061202,0.236250937341735,1,-0.958271379061202
THAP8,-0.0059847656372678,-0.0167204372609202,0.9930760116694012,46.05860159951394,1,-0.822212148387602,-0.822212148387602,0.279359173181772,1,-0.822212148387602
THEM4,0.5742935293317198,2.709040987981012,0.0196619839857432,141.36606277560475,1,-0.189800112317992,-0.189800112317992,0.858107149144219,1,-0.189800112317992
THG1L,0.2546625713734941,1.8132422892815856,0.1449365579322722,409.3533016422904,1,-0.181829377801064,-0.181829377801064,0.864017979217365,1,-0.181829377801064
THORLNC,0.558993714252276,0.9249127843142728,0.5126592394894913,17.145442434197285,1,-0.699255395481623,-0.699255395481623,0.33472259231246,1,-0.699255395481623
THRA,0.4454410975539741,3.7207336130638593,0.0008502784524069,485.330369471682,1,0.0620080193550206,0.0620080193550206,0.955804930737211,1,0.0620080193550206
THUMPD3-AS1,0.0625129661935533,0.3634325933434158,0.8269625874037069,233.61822162527915,1,-0.201090619567781,-0.201090619567781,0.851382664199609,1,-0.201090619567781
TIAL1,0.1649468445680601,1.753045645303582,0.1613769263788316,1195.099244291257,1,0.161786456159102,0.161786456159102,0.866273255712795,1,0.161786456159102
TICAM1,0.0379152720556562,0.1929004815649392,0.9141729455966928,246.3140808763618,1,-1.02996565260086,-1.02996565260086,0.216901195704971,1,-1.02996565260086
TICRR,-0.0134104047897586,-0.1001003016469924,0.9588767703148188,391.4296453225537,1,-1.50708948208498,-1.50708948208498,0.0587582007369408,1,-1.50708948208498
TIGD1,-0.3641792801933472,-1.336401316360761,0.3100490370169774,83.37901904205778,1,-0.500016891203409,-0.500016891203409,0.579552768088976,1,-0.500016891203409
TIMELESS,0.086971708776509,1.1249071165921385,0.4068853576308045,2016.2969248226625,1,-0.67436042175762,-0.67436042175762,0.33849584936858,1,-0.67436042175762
TIMM13,-0.0606658428490561,-0.543325759351035,0.7268087831128291,817.3190977505001,1,-0.936915310206723,-0.936915310206723,0.226461428708927,1,-0.936915310206723
TIMM17A,0.4066900583913748,3.66813812110794,0.0010272351166482,714.5495457777126,1,0.0697659058636111,0.0697659058636111,0.949061792946156,1,0.0697659058636111
TIMM50,0.6183881401297463,6.737319523425107,1.9611126926893636e-10,1929.8141731657968,1,-0.655598769233716,-0.655598769233716,0.352337845554514,1,-0.655598769233716
TIMM9,0.405873254274651,2.401712911008614,0.0424939102971499,254.69271031859608,1,-1.03993898057693,-1.03993898057693,0.207235529827352,1,-1.03993898057693
TIMP2,0.3933253178231298,5.067224765685653,2.760268927532847e-06,3346.829128018063,1,-0.109878321896377,-0.36956114790891254,0.226285024614391,3,-0.0720079198023986
TKFC,-0.2878137432385043,-2.3084409090242537,0.0526622794152148,476.8807232750949,1,-1.23752128364404,-1.23752128364404,0.159665673678761,1,-1.23752128364404
TLE2,0.3449877113500276,0.5717968757298459,0.7103433599540072,13.962574417717647,1,-0.925181780075205,-0.925181780075205,0.25850724638249,1,-0.925181780075205
TLNRD1,-0.830609943365795,-7.694120163941696,2.339399635337001e-13,830.6166369720697,1,-0.641906813532717,-0.641906813532717,0.470968663291016,1,-0.641906813532717
TM9SF4,-0.4880360095242932,-4.990293409692715,4.02054823523293e-06,1620.1010377833927,1,0.0023540883822136,0.0023540883822136,0.998741970420427,1,0.0023540883822136
TMED10,-0.7939640923145003,-8.018042839194155,1.978273566221338e-14,3353.068043996215,1,-1.13160030741515,-0.92947291515995,0.115572036759303,3,-0.48533213404279
TMED2-DT,0.2867115355276377,0.6129658413548505,0.6866010424641122,28.520491235461225,1,-0.844478851267608,-0.844478851267608,0.308046655914123,1,-0.844478851267608
TMED9,-0.7042622877142865,-7.098395850981637,1.7250947261833957e-11,2098.81537960871,1,-0.855848256695406,-0.855848256695406,0.301238273979967,1,-0.855848256695406
TMEM11-DT,0.8915317298015927,1.0013536188262353,0.4708183101765936,7.775540788979017,1,0.164187292397581,0.164187292397581,0.869836934444701,1,0.164187292397581
TMEM116,0.0675873676513078,0.2097279639736624,0.9057262466084632,59.98233537667687,1,0.644291507223039,0.644291507223039,0.453093461382668,1,0.644291507223039
TMEM120B,0.9202184221251888,5.64973654117246,1.346177631852179e-07,262.26607898319446,1,0.568742705717623,0.568742705717623,0.476447006634189,1,0.568742705717623
TMEM121,-1.8000151880196666,-4.125406030976002,0.000183537764922,38.85174860409542,1,-0.17273323175760552,-0.17273323175760552,0.0849907416316349,2,-1.29437048917919
TMEM134,-0.9244397489927964,-4.87707690845545,6.895080115264404e-06,171.73972196549346,1,-0.785746655216353,-0.785746655216353,0.234801406286453,1,-0.785746655216353
TMEM143,-1.25503241878232,-3.7573810069900815,0.0007491011836474,54.04924271188199,1,-0.4073794514011335,-0.4073794514011335,0.591405474021093,2,-0.504681490910108
TMEM145,-0.7106348859490311,-1.8714643488681943,0.1301019469997614,45.79721712224532,1,-1.2126209148783,-1.2126209148783,0.109372351521906,1,-1.2126209148783
TMEM147-AS1,0.2925529168805449,2.3056940160883777,0.0529746964370675,457.3798936819744,1,-0.238560549463288,-0.238560549463288,0.819424434896806,1,-0.238560549463288
TMEM161A,-0.893759436205981,-5.130885297729313,2.0142971181793887e-06,362.120567838775,1,-1.59513927592965,-1.59513927592965,0.0344474927102648,1,-1.59513927592965
TMEM163,-1.2568412102436173,-8.902155527998486,1.2855899398410157e-17,378.33984385451487,1,-0.329753213886582,-0.4458287448618643,0.234801406286453,3,-0.144516456513343
TMEM179B,-0.499733750370897,-2.903686267997701,0.0116394968632551,212.21582050126847,1,-1.06064568336972,-1.06064568336972,0.155594388931675,1,-1.06064568336972
TMEM18,-0.6624418886282505,-4.115597968253249,0.0001907938577133,287.3403439861405,1,-0.36820007244208,-0.36820007244208,0.682312880328683,1,-0.36820007244208
TMEM183A,0.3582893898928804,1.939384120955416,0.1147132114091664,178.554948326213,1,0.085724865006195,0.085724865006195,0.937550660454171,1,0.085724865006195
TMEM184A,-1.5533115177655743,-9.107871045083746,2.104666994559569e-18,354.98147001385496,1,-0.335026792163448,-0.335026792163448,0.750507636387212,1,-0.335026792163448
TMEM184B,-0.1394671085272253,-1.299026881999051,0.3263280184354185,954.853475342992,1,-2.94017231836828,-2.94017231836828,0.0418367886583068,1,-2.94017231836828
TMEM185B,-1.0523998922856233,-9.459066458678585,8.782884856720518e-20,1085.0423809043596,1,-0.895602084328066,-0.895602084328066,0.279359173181772,1,-0.895602084328066
TMEM187,-0.4549058340384915,-1.7083275040294952,0.174325943318983,86.49987892085156,1,-0.228594247439236,-0.228594247439236,0.831130577462573,1,-0.228594247439236
TMEM204,0.0271261730309882,0.1036830253166842,0.9574152797668808,105.44497861359278,1,-0.4800111436407045,-0.4800111436407045,0.0961770797972205,2,0.673718466331841
TMEM209,-1.1397039428385387,-8.050140084628895,1.5426680780786928e-14,410.990885090297,1,-0.226052768481857,-0.226052768481857,0.820528120906278,1,-0.226052768481857
TMEM216,-0.3926333293476949,-1.9833120246235183,0.1050849312817485,178.5626609411854,1,0.123603611701305,0.123603611701305,0.909679306131044,1,0.123603611701305
TMEM223,-0.1234982330533409,-0.7389867625964992,0.6155367516653418,243.0807041589773,1,-0.0111280762556468,-0.0111280762556468,0.99384198249951,1,-0.0111280762556468
TMEM238,-2.5719380330366524,-9.72274142743507,7.466170375900837e-21,121.05833464988334,1,-1.1396160091933791,-1.1396160091933791,0.119555551870695,2,-0.841910081645538
TMEM259,-0.8108600500524284,-8.14722735508883,7.133310723630686e-15,2253.20881894192,1,-0.448993285234214,-0.448993285234214,0.633489995056871,1,-0.448993285234214
TMEM39A,0.1590029994162498,1.1278669192993245,0.4055653169551201,389.4060665076058,1,-5.71681970740992,-5.71681970740992,0.0047896070129691,1,-5.71681970740992
TMEM80,-1.1029617844313064,-5.985250648391848,2.0272516172829516e-08,194.6715046681139,1,-0.15555972898030695,-0.15555972898030695,0.831130577462573,2,-0.0753937106081139
TMEM87B,-0.5418906364757076,-4.525162408978126,3.424238873137024e-05,627.2684181993545,1,0.12243398365818549,0.12243398365818549,0.570893097244377,2,-0.236452409911333
TMEM94,-0.2692475323786306,-2.091590750190301,0.084822879954908,516.2573680844273,1,-0.728458042167913,-0.728458042167913,0.377974413253461,1,-0.728458042167913
TNFRSF12A,-0.6512649803613477,-6.108750569766417,9.909554644873586e-09,2236.4469414538385,1,-4.73826934672162,-4.73826934672162,0.0097420593982534,1,-4.73826934672162
TNFRSF18,-3.0622021051818296,-7.483424015833609,1.1229417239899152e-12,79.20101544789827,1,-4.72329748243427,-4.72329748243427,0.0096463124979016,1,-4.72329748243427
TNFRSF19,-1.148871328380328,-8.022990850998582,1.904650119999343e-14,321.51897527955407,1,0.189665535532863,0.189665535532863,0.862679459860138,1,0.189665535532863
TNFRSF1A,0.3423311197801369,3.211326092913096,0.004674877808921,1388.239062479268,1,-0.638050586949995,-0.638050586949995,0.470968663291016,1,-0.638050586949995
TNK2,-0.4945189726519876,-4.814386747187063,9.210120983853273e-06,1127.9686717302309,1,-0.615907585270064,-0.615907585270064,0.4839338302154,1,-0.615907585270064
TNKS1BP1,-0.299804083403289,-3.309195012308884,0.003441417623674,2189.7167203531544,1,-0.661891000064345,-0.661891000064345,0.451267933469196,1,-0.661891000064345
TNPO2,-0.0051699474432343,-0.0602434767684077,0.9751080005703286,1577.9026854881156,1,-0.699084717698509,-0.699084717698509,0.418576906650743,1,-0.699084717698509
TNRC18,-0.7894726183353845,-9.599446921293609,2.3795736559050968e-20,1838.2748803935735,1,0.510154626110129,0.510154626110129,0.58314880897315,1,0.510154626110129
TNS2-AS1,0.8549028619747879,3.1851054352164296,0.0050807959854726,79.76660602842271,1,-1.46456635077485,-1.46456635077485,0.0642875441160514,1,-1.46456635077485
TNS3,-0.55023325444595,-4.960401873993635,4.64192473236812e-06,890.809508960133,1,-0.518405415174976,-0.518405415174976,0.579552768088976,1,-0.518405415174976
TNS4,0.0901410393658893,1.136997166231909,0.4017492708100263,3275.0040856304818,1,-0.475464667479707,-0.4206092275146685,0.33472259231246,3,-0.705328635107403
TOGARAM1,-0.1969068180425222,-0.8423714532629678,0.556556678536878,113.37475455651344,1,0.0218764350939602,0.0218764350939602,0.988434968823991,1,0.0218764350939602
TOM1L2,-0.174682087840563,-1.6538188373923373,0.1918130956258343,692.8318782352683,1,-1.19071352223725,-2.814954307306532,0.0006441354066255,3,-7.01031335133528
TOMM34,-0.2450460133906388,-3.038737657972029,0.007896491225638,2679.106158746498,1,0.162625312085545,0.162625312085545,0.864017979217365,1,0.162625312085545
TOMM40,-0.5386800646747387,-5.815191995750735,5.3883986074553395e-08,2523.265423966159,1,-5.79202732130836,-5.79202732130836,0.0036719845156139,1,-5.79202732130836
TOP1,0.3217271071639626,4.346876538358573,7.369823285533847e-05,3065.370892546317,1,3.11054830866766,2.0217154600616185,1.14392280321193e-09,3,-0.286069772389005
TOP1P1,0.6551273232398055,1.6013114572692857,0.2087856690681447,36.46537241093246,1,2.49751139854405,2.49751139854405,0.0020033421624403,1,2.49751139854405
TOR1A,-0.6546786496057653,-5.757528268841772,7.420807648491512e-08,685.1657478426013,1,-0.700964802093176,-0.700964802093176,0.397544587582536,1,-0.700964802093176
TOR1AIP1,0.4079936498104206,3.747596141203929,0.000774818666589,819.0053906068636,1,-1.70615806798882,-1.70615806798882,0.0057310686661831,2,-2.14507244966677
TOR4A,-0.7997179824464875,-7.847152697606496,7.458303226045345e-14,1105.6967322064877,1,-0.366701670303957,-0.366701670303957,0.720313437179889,1,-0.366701670303957
TP53,-3.154340314812731,-28.14480995573113,1.4453512829608292e-170,1141.2206453415818,1,-1.98378372845093,-1.98378372845093,0.0463700895599328,1,-1.98378372845093
TP53BP2,0.4470915677912808,3.741046057963603,0.0007933139590897,590.9803685805595,1,0.0772303332291505,0.0772303332291505,0.937478844816912,1,0.0772303332291505
TPCN2,-1.033121764883381,-4.418159040070936,5.442777133180208e-05,141.5479730919453,1,0.146522806912499,0.146522806912499,0.888014852845033,1,0.146522806912499
TPI1,0.9040221165967848,12.749437679333091,2.3943801905391868e-35,8431.557238299043,1,-1.27745340587294,-1.27745340587294,0.0424957806742772,1,-1.27745340587294
TPT1,0.2588732755281325,3.2464027475201336,0.004202816988221,19135.989960417257,1,-0.10094156837529,-0.10094156837529,0.915132007163305,1,-0.10094156837529
TRAF4,0.2037449250471834,1.7437026691994764,0.1638896934942243,712.3090448805058,1,-0.520356614027219,-0.520356614027219,0.583782049588085,1,-0.520356614027219
TRAP1,-0.0134473009856436,-0.1794701036418003,0.9213410446240068,2646.4110874646844,1,-0.938131349753754,-0.938131349753754,0.255479840460805,1,-0.938131349753754
TRAPPC12,0.3190473056750285,1.7453420166458706,0.1635033096033622,184.8446055021208,1,-4.82599838963653,-4.82599838963653,0.0090285151157858,1,-4.82599838963653
TRAPPC2L,0.1119635172217762,0.7278405271211135,0.6222285439440942,369.7384122930187,1,-0.823981614978992,-0.823981614978992,0.317564648038284,1,-0.823981614978992
TRIB1,-0.896961492986389,-10.865714782610697,7.563867789287879e-26,2302.428370305065,1,-0.152711886205849,-0.152711886205849,0.855206961180899,1,-0.152711886205849
TRIB1AL,-0.1999375843470641,-0.3973060941012232,0.8070724333021249,25.434824080967765,1,-0.664562925811741,-0.664562925811741,0.226285024614391,1,-0.664562925811741
TRIB3,0.5813145867345261,4.861106918576428,7.429730574175333e-06,652.4162936696869,1,-0.203597992744758,-0.203597992744758,0.853775062485105,1,-0.203597992744758
TRIM16L,0.8192736409276973,1.4170765779718113,0.2767922320209043,16.43055187287677,1,0.271121921247994,0.271121921247994,0.779816520107996,1,0.271121921247994
TRIM2,-0.5364236905696866,-4.854936192380767,7.646188580280456e-06,806.606806397236,1,-0.355460891053902,-0.355460891053902,0.713082022840643,1,-0.355460891053902
TRIM29,-1.3202688485076155,-15.973104128348602,4.3317363318459344e-55,2426.178332879312,1,-0.170053422391152,-0.170053422391152,0.856130835499886,1,-0.170053422391152
TRIM44,-0.1483290739966813,-1.7338583699812795,0.1667397570940817,1611.52090710139,1,-0.995920353788639,-0.995920353788639,0.231514706947044,1,-0.995920353788639
TRIM47,0.0836630527090968,0.7608540340136564,0.6027018393456055,881.0274449236218,1,-0.219986954069689,-0.219986954069689,0.837796147868774,1,-0.219986954069689
TRIM52-AS1,-0.1927618261290703,-0.7087322220254137,0.6325879460330496,76.91436921777255,1,-0.514301403867357,-0.514301403867357,0.587981040101729,1,-0.514301403867357
TRIM56,-0.3301952509423295,-4.052072550432749,0.0002450054980403,1868.5188509402728,1,-0.46857893740583295,-0.46857893740583295,0.134365503092167,2,0.411322936747884
TRIM65,0.1274045661715083,0.9784285162987424,0.4829120425945125,460.45462356119657,1,-0.478134711295873,-0.478134711295873,0.618881627414122,1,-0.478134711295873
TRIM7-AS2,-0.516076804610536,-0.661514706640965,0.6591015097722708,10.160261125402371,1,-1.96074816972948,-1.96074816972948,0.0191397092952585,1,-1.96074816972948
TRIP6,-0.5284362034237043,-5.64802196153154,1.358941147724176e-07,1267.280811692392,1,-1.34549896459225,-1.34549896459225,0.0463700895599328,1,-1.34549896459225
TRMO,-0.0232000632052221,-0.1094328490613208,0.954630365815636,136.12589749876037,1,-3.65569981018189,-3.65569981018189,0.0185059362702848,1,-3.65569981018189
TRMT112,-0.1092306255228713,-1.0985434988852716,0.4203864945250177,1014.2373214763936,1,0.0417378666116658,0.0417378666116658,0.963079000511928,1,0.0417378666116658
TRMT61A,0.6423453616464002,5.217838979816472,1.3070426080875177e-06,903.2249170191612,1,-1.76813683293085,-1.76813683293085,0.0153836044497207,1,-1.76813683293085
TROAP,0.4410161826093408,4.172382100555417,0.0001520483543967,1071.6746666741935,1,-1.24239096222884,-1.24239096222884,0.16801460014213,1,-1.24239096222884
TRPC4AP,0.1191791732643414,1.3488444598419251,0.3047826447922013,1333.0993172150768,1,-0.519755430822281,-0.519755430822281,0.584336366371784,1,-0.519755430822281
TRPM2,-0.371432557169967,-2.4353837770215296,0.0392740539243239,588.0202643738346,1,0.302715234838208,0.302715234838208,0.750507636387212,1,0.302715234838208
TSC1,0.118114608838492,0.974529405791145,0.4850254807927112,527.7659937727107,1,-0.748258123584765,-0.748258123584765,0.377974413253461,1,-0.748258123584765
TSC22D1,0.4621378069216579,6.27666017266222,3.6291734403542445e-09,5477.801358293663,1,0.432032825112268,0.432032825112268,0.654262693519241,1,0.432032825112268
TSC22D2,1.0621208361518133,8.084660570567879,1.1740492103845529e-14,458.9932577024871,1,-5.19983032173182,-5.19983032173182,0.0037653048680005,1,-5.19983032173182
TSC22D4,-0.1571033332886388,-1.6587272309340184,0.1902998584373184,1076.0631707212965,1,-0.688877405839405,-0.688877405839405,0.424002835212204,1,-0.688877405839405
TSEN2,-0.0405866349342596,-0.2074740287623109,0.9070073167034776,165.2857559552406,1,-0.210147190997833,-0.210147190997833,0.848120002477145,1,-0.210147190997833
TSEN54,0.006861234901036,0.0583219754734425,0.9757397511367408,577.1792598138277,1,-4.91817765618876,-4.91817765618876,0.0053161663879105,1,-4.91817765618876
TSKU,-0.7904800395645027,-5.798532882751384,5.918183799400822e-08,515.7689889521032,1,-1.4324571060415,-1.4324571060415,0.0660044329006579,1,-1.4324571060415
TSPAN1,-2.409240752139949,-9.893643680121777,1.4567391604314073e-21,132.85205122807685,1,0.20846762296498,0.20846762296498,0.846637008928623,1,0.20846762296498
TSPAN17,0.1305993286781446,1.0436929949915732,0.4485660063907368,586.8274316721547,1,-0.41662208792315,-0.41662208792315,0.671747327814916,1,-0.41662208792315
TSPAN4,-1.1208916495186128,-9.126924811703269,1.796559635281708e-18,641.5508540642079,1,-0.91395420008363,-0.91395420008363,0.267877808329039,1,-0.91395420008363
TSPAN5,-1.146415612738075,-10.224172952976092,5.502942907080858e-23,849.7377669731698,1,-2.60080922825344,-2.60080922825344,0.0469345852738983,1,-2.60080922825344
TSPAN5-DT,-1.7652468215144617,-4.444556500433605,4.854593705317149e-05,45.96725997369112,1,0.475413711798841,0.475413711798841,0.593268726541656,1,0.475413711798841
TSPAN9,0.4696220889227387,3.574864655620233,0.001426457113227,596.3532465254928,1,-0.359249709166984,-0.359249709166984,0.729340171381177,1,-0.359249709166984
TSPO,-0.5065187146848393,-3.961281818850664,0.0003505149902463,801.3832873155523,1,-0.953509769929535,-0.953509769929535,0.231514706947044,1,-0.953509769929535
TSPOAP1-AS1,-1.8600538161869395,-2.5271241232322006,0.0313788322424255,12.096871348792767,1,1.05932682906783,1.05932682906783,0.192060185279437,1,1.05932682906783
TSR1,0.2067562074970782,2.689459596289701,0.0206716187569776,2552.652954289869,1,-0.758102120519636,-0.758102120519636,0.333449349343651,1,-0.758102120519636
TSSC4,0.0708931303275338,0.6033645767709771,0.6918279962221784,656.586429290546,1,0.119678074603434,0.119678074603434,0.898842956986667,1,0.119678074603434
TTC31,-0.3594448766581024,-2.217272695766006,0.0646932726249742,247.1554286186837,1,-0.136023532693186,-0.136023532693186,0.895246595036153,1,-0.136023532693186
TTC32,-0.195529564371126,-0.6770478084567555,0.6507356929430537,65.32789292049216,1,-0.824219164907938,-0.824219164907938,0.241121684550837,1,-0.824219164907938
TTC7A,-0.1723284664872585,-1.6608230630706784,0.1895549239811889,751.6807048197791,1,-0.763211960166345,-0.7534440852428033,0.073396994973351,5,-0.763211960166345
TTC9C,0.2442737924372904,1.6745485071516468,0.1848993815880755,313.9700646040528,1,-2.62907312882693,-2.62907312882693,0.0144680186708651,1,-2.62907312882693
TTLL12,-0.1124011198512897,-1.3881806035136934,0.2885593857884821,2138.8700240149933,1,-0.445777551012291,-0.445777551012291,0.637282249287192,1,-0.445777551012291
TTYH3,-1.470667650647984,-14.472439000663162,2.5254120869135352e-45,1498.3343429968877,1,0.332716286866227,0.332716286866227,0.738446809429701,1,0.332716286866227
TUBA1B-AS1,0.2851370992758452,0.3740641760832545,0.8201636848814844,9.163829427906178,1,-0.253744335618248,-0.253744335618248,0.781793524660109,1,-0.253744335618248
TUBA1C,0.4334728901188329,5.804844342079363,5.7124477618532667e-08,4932.499056028315,1,0.0154649430792893,0.0154649430792893,0.990463256199758,1,0.0154649430792893
TUBA4A,-0.4908165835779573,-5.64414738644868,1.386927051733992e-07,1652.2723515355035,1,-0.663957172874098,-0.663957172874098,0.447604461780213,1,-0.663957172874098
TUBB4B,-0.1063975563389972,-1.6271093769652605,0.2004271496651934,8988.720411486807,1,0.164537763421613,0.164537763421613,0.878189604898563,1,0.164537763421613
TUBB6,0.3656043683435893,4.7134151645990965,1.473661845685218e-05,2488.570504309887,1,-0.342114209995419,-0.342114209995419,0.743162025604282,1,-0.342114209995419
TUBGCP6,-0.6360921020657736,-4.006117422646697,0.0002942618996098,504.08079951675217,1,-0.186068865544711,-0.186068865544711,0.864017979217365,1,-0.186068865544711
TUT1,-0.0771131429473131,-0.4223806382035865,0.7923140476618402,191.84273814505875,1,-0.398170938183357,-0.398170938183357,0.672063095124088,1,-0.398170938183357
TXLNG,0.3155995520028055,2.9969878923996944,0.0089112381964075,1033.1840139764329,1,-0.461346235480957,-0.461346235480957,0.627679091333823,1,-0.461346235480957
TXN2,-0.0608366384641672,-0.4286693486598456,0.7894871568602121,475.91060702418514,1,-0.221127862939262,-0.221127862939262,0.838622471199541,1,-0.221127862939262
TXNDC15,-0.5561650555855192,-3.7799560890443074,0.0006901135084447,354.8171166269492,1,-0.214277670670009,-0.214277670670009,0.844078675784743,1,-0.214277670670009
TXNRD1,0.8787629749782958,10.58452430190613,1.4538666590001727e-24,3504.0855742551976,1,0.243173494425944,0.243173494425944,0.713082022840643,1,0.243173494425944
TXNRD2,-0.1504335377442684,-0.942747518542411,0.5022020514217057,247.40041123302996,1,-0.945480065508519,-0.945480065508519,0.253306449933592,1,-0.945480065508519
TYSND1,-0.8037632540074189,-5.684758474699015,1.1110989734076557e-07,390.8296333518681,1,-0.517625071559154,-0.517625071559154,0.585727810208112,1,-0.517625071559154
U2AF2,-0.2310794011415053,-3.111113599231521,0.0063434411973129,3650.06589605472,1,-1.95556463538114,-1.95556463538114,0.0054728182542326,1,-1.95556463538114
UBA2,0.4950940393259239,5.934366705824182,2.7268814541870324e-08,2689.4596153559964,1,-0.118856613300572,-0.118856613300572,0.903663910773731,1,-0.118856613300572
UBA52,0.1091132709782226,1.3917565701417234,0.2870437164954126,3366.8194558144446,1,0.0763361609294542,0.0763361609294542,0.944733898979837,1,0.0763361609294542
UBAC2-AS1,0.0603774411004255,0.1221756484468353,0.94825395947839,23.54931372862898,1,-0.284823246131424,-0.284823246131424,0.790282441659677,1,-0.284823246131424
UBALD2,0.871473772076791,6.86313049663378,8.48582452736279e-11,526.3841787207984,1,-0.782350541269887,-0.782350541269887,0.329930873649269,1,-0.782350541269887
UBAP2,-0.0807681946551879,-0.9207528364987376,0.5145069747441717,1320.6811380677393,1,-0.578463841911076,-0.578463841911076,0.401022203121828,1,-0.578463841911076
UBAP2L,0.4149765376234234,5.151750509476971,1.817158089700103e-06,2043.7816054410212,1,-1.04732371657724,-1.04732371657724,0.169193567770885,1,-1.04732371657724
UBB,-0.1805522020148889,-2.7855159951832675,0.0160328806021929,5722.15148670161,1,0.0501536565577192,0.0501536565577192,0.949912932252499,1,0.0501536565577192
UBE2C,0.1090950760311838,1.2245859324643589,0.3602872743364016,1814.704829204196,1,-0.192975308638408,-0.192975308638408,0.838622471199541,1,-0.192975308638408
UBE2D2,0.3241930550573774,3.8623125083903833,0.000508770459025,1600.487154746546,1,-0.986499227804796,-0.986499227804796,0.189423474734359,1,-0.986499227804796
UBE2D3-AS1,0.3420063304522551,0.4144262219376786,0.7971845220122558,8.885620787635329,1,-0.116269105528875,-0.116269105528875,0.914176109082565,1,-0.116269105528875
UBE2Q1,0.00984979032299,0.0924401182362823,0.9611240567977386,693.4414044670333,1,0.269521850296546,0.269521850296546,0.795398126658825,1,0.269521850296546
UBE2Q2,0.130365161137939,0.8222260614311515,0.5678874669240073,280.96624379572137,1,-4.13460412067488,-4.13460412067488,0.0102058656728714,1,-4.13460412067488
UBE2S,-0.6862769355702889,-6.745936084467839,1.8568317838110807e-10,945.9780601494508,1,-0.208542829985007,-0.208542829985007,0.79833105869848,1,-0.208542829985007
UBE2V2,0.1631951975947847,1.5416804219883782,0.2293151495477884,831.6712109112443,1,-3.3876206583768,-3.3876206583768,0.0042149687753129,1,-3.3876206583768
UBLCP1,0.197354869860575,1.2736984777807363,0.3373130695275111,275.133582012246,1,-2.89426137821771,-2.89426137821771,0.046462211042283,1,-2.89426137821771
UBTF,-0.0194866971944381,-0.213637178470826,0.9034178234102184,1281.976116158793,1,-0.504778144120016,-0.504778144120016,0.587516477939907,1,-0.504778144120016
UBXN1,0.160517845583198,1.5101717307963995,0.2408876489548386,1073.8831250338085,1,-0.454201169867192,-0.454201169867192,0.610540708958594,1,-0.454201169867192
UBXN10,0.3134836257245941,2.3981181190438887,0.0428561516075492,413.3481964730672,1,-1.16781431165064,-1.16781431165064,0.103643161929676,1,-1.16781431165064
UBXN2A,0.3130880683796289,2.337685245059497,0.0492317474620106,451.4854940798171,1,0.0812714375742853,0.0812714375742853,0.936840531605559,1,0.0812714375742853
UCK2,0.5947097792244298,6.192638412404265,6.013477285479841e-09,1095.75172569365,1,-0.246039520218272,-0.246039520218272,0.793778819912784,1,-0.246039520218272
UCKL1,-0.2707939607079525,-2.242624181735633,0.061085319626223,526.0715141798809,1,0.140534623207237,0.140534623207237,0.873338594765455,1,0.140534623207237
UFC1,-0.0180408647271662,-0.1306302642379583,0.94369951201583,427.46520104118713,1,-0.428199558091167,-0.428199558091167,0.631700047042142,1,-0.428199558091167
UFSP1,-0.4746573541703443,-1.715611594356213,0.1721359569502644,79.61872033905608,1,-0.205307438332475,-0.205307438332475,0.848884157605513,1,-0.205307438332475
UHRF1,0.0265013053946609,0.2952210120640447,0.8623826129668832,1612.634989439526,1,-0.755310175009089,-0.755310175009089,0.331370495683969,1,-0.755310175009089
ULK3,-0.9012785421758353,-6.958370910008695,4.472986388643044e-11,492.6273759457673,1,-0.216341589950765,-0.216341589950765,0.831130577462573,1,-0.216341589950765
UMPS,0.7641886396172948,7.136312132647718,1.3273794490881963e-11,881.8370776544637,1,-0.0482382418167995,-0.0482382418167995,0.953025412950045,1,-0.0482382418167995
UNC93B1,-1.1104148192844463,-6.974534668729411,4.014413545119121e-11,491.9037826860429,1,-0.366256328224275,-0.366256328224275,0.720352993764337,1,-0.366256328224275
UNG,0.4694048479240962,4.553272573565944,3.0332377809895528e-05,1003.3077593088908,1,-0.606070889177333,-0.606070889177333,0.491278070422947,1,-0.606070889177333
UNKL,-0.5016884282203434,-3.3787678693778167,0.0027604486274979,320.8136241972903,1,-0.049092772006952,-0.049092772006952,0.963079000511928,1,-0.049092772006952
UPF2,0.239116127965252,2.133876643148742,0.0775764680460284,645.2526499261346,1,-0.494872371505449,-0.494872371505449,0.587516477939907,1,-0.494872371505449
UQCC1,0.0885374566627586,0.9120418241107374,0.5191246150299632,961.45334604477,1,0.07436574301116501,0.07436574301116501,0.708129497548902,2,-0.205433660773971
UQCC2,0.2715262149103046,1.6593086118303837,0.1900942489223382,235.1735371326033,1,-0.312005958799571,-0.312005958799571,0.764950156007015,1,-0.312005958799571
UQCC5,-0.0898923796285114,-0.5148500506145203,0.7430807019906871,240.40238420081903,1,-0.462225047202759,-0.462225047202759,0.627921194445548,1,-0.462225047202759
UQCC6,0.7345634064887772,3.3897340129733147,0.0026670657178505,125.3705295775022,1,-0.567736664547673,-0.567736664547673,0.503417598547283,1,-0.567736664547673
UQCR10,0.2676143851078597,2.2777275491678126,0.0564221057933533,573.2980251852638,1,-0.280840110629848,-0.280840110629848,0.792567400249685,1,-0.280840110629848
UQCR11,0.3051085409064984,2.201015495389796,0.0670889036104961,375.6611683526545,1,-0.31007568438689,-0.31007568438689,0.775982202592487,1,-0.31007568438689
UQCRC1,0.1023383927774278,1.3589266716694843,0.3006097739197765,2481.45407111915,1,-0.142556793456294,-0.142556793456294,0.879906194119074,1,-0.142556793456294
UROC1,-2.7131890872111346,-9.410523165304683,1.3658591761934554e-19,83.7380507048777,1,0.03359746986878379,0.03359746986878379,0.875219038651072,2,-0.0768755608492664
USE1,0.1201602750018588,0.6062968624840803,0.6901990083428602,161.25913424953103,1,-0.458416716510148,-0.458416716510148,0.634074880910566,1,-0.458416716510148
USP1,0.006743325921696,0.0663997642858177,0.972416973507069,1231.1996026232732,1,-1.16498148658448,-1.16498148658448,0.129892772014204,1,-1.16498148658448
USP22,0.3187964855879504,4.6096413280115645,2.3767018548570918e-05,4092.7424270559777,1,-0.433946065861044,-0.433946065861044,0.619703252277461,1,-0.433946065861044
USP3,0.6609802226471847,5.09148633648847,2.4529775693814138e-06,459.4218834596506,1,-0.0573501389242731,-0.0573501389242731,0.952581523967589,1,-0.0573501389242731
USP34-DT,-0.7022475550121267,-0.8178937476247755,0.5704429340507062,8.350008863458415,1,-0.180989718484222,-0.180989718484222,0.865029149536423,1,-0.180989718484222
USP36,0.5836318096952801,5.636512976935019,1.4451726968303574e-07,1364.5002179591288,1,-0.417465129469161,-0.417465129469161,0.644686560999313,1,-0.417465129469161
USP54,0.5041464862334134,3.777013567829942,0.0006967459760652,387.4410750428356,1,0.0576737690714028,0.0576737690714028,0.958570703526529,1,0.0576737690714028
USP9X,0.2782438512764521,3.6296166121780447,0.0011775545879652,2901.894156330094,1,-1.51484341566547,-1.51484341566547,0.0469345852738983,1,-1.51484341566547
UTP14A,-0.1117854269037165,-1.2046721134957796,0.3693731846472082,1199.534558751851,1,-0.0012044343619703,-0.0012044343619703,0.999523966176675,1,-0.0012044343619703
UTP4,0.5432843283747574,3.3167630393902554,0.0033606149716566,274.7797706153449,1,-0.278993805743524,-0.278993805743524,0.767305731379286,1,-0.278993805743524
UVSSA,0.1350143028530402,0.7791689341766368,0.5921341157884925,205.6134931434933,1,0.412534314827596,0.412534314827596,0.672631883454957,1,0.412534314827596
VAC14,0.0132563802013991,0.1051788955782692,0.9565126655082192,510.188908625638,1,-0.757533842753377,-0.757533842753377,0.231369528639731,2,-0.624804561005015
VAMP2,-0.6721994481960253,-3.696750337831326,0.0009263684865707,203.02292083478625,1,-0.521769972180375,-0.521769972180375,0.583782049588085,1,-0.521769972180375
VAMP5,-0.8394963606919534,-3.081322696689134,0.0069443675845899,76.23390150841777,1,-0.43357260006168,-0.43357260006168,0.631700047042142,1,-0.43357260006168
VCP,-0.2446473451420104,-3.560015066950565,0.0015045080537186,5490.125531753942,1,-1.60284023935817,-1.60284023935817,0.0204511080949885,1,-1.60284023935817
VDAC1,0.1914216880620274,2.260910896634801,0.0586595557249511,3541.4902434124315,1,-0.387148169597604,-0.387148169597604,0.701517090912573,1,-0.387148169597604
VDAC2,0.202177310008327,1.6039579751571824,0.2079993733004353,496.69346193276897,1,-0.424652462578101,-0.424652462578101,0.641890495520675,1,-0.424652462578101
VGF,-0.6011637167231395,-4.335085988633147,7.749682650723957e-05,928.6451648109868,1,-0.102732295363067,-0.102732295363067,0.904112106139388,1,-0.102732295363067
VGLL4,0.3365600278870688,2.581612768089834,0.0273288649384088,504.6682160394399,1,-0.0650039984399884,-0.0650039984399884,0.938866866611292,1,-0.0650039984399884
VMA21,-0.0241946952464962,-0.2941314482913318,0.8628215876209915,1607.704474195718,1,-0.0195311665448501,-0.0195311665448501,0.988434968823991,1,-0.0195311665448501
VMP1,0.3809077606843957,3.655107737927845,0.0010774738065058,2805.077445213136,1,0.617666355332439,0.617666355332439,0.49331303863761,1,0.617666355332439
VOPP1,-1.8470148244229836,-7.545913288734733,7.098869210007888e-13,713.4529112159066,1,0.217230060824701,0.217230060824701,0.840525106884978,1,0.217230060824701
VPS16,-0.4864947488520036,-3.3331618261190314,0.0031897372442246,349.34937186492994,1,0.665826761269401,0.665826761269401,0.408159256083608,1,0.665826761269401
VPS25,0.4966620242290406,4.000929634840263,0.0003003310818025,637.196160721233,1,-0.0004835456426853,-0.0004835456426853,0.999523966176675,1,-0.0004835456426853
VPS33A,0.6293561523225593,3.701877861127892,0.0009095700661648,235.02916188475564,1,-0.0335462609666511,-0.0335462609666511,0.97581809528467,1,-0.0335462609666511
VPS35,0.1325991192368276,1.4659996343341195,0.2576108569108266,1287.0678763407914,1,-0.524791571239538,-0.524791571239538,0.55567765832976,1,-0.524791571239538
VPS37C,0.3836405815714939,2.690336285666399,0.0206326354151374,341.5082501274761,1,-0.2213764805375,-0.2213764805375,0.838622471199541,1,-0.2213764805375
VPS45,0.2681439434044461,1.7180828976070592,0.1714094775448885,265.92578940085207,1,-0.156670875526917,-0.156670875526917,0.881357210567722,1,-0.156670875526917
VPS72,0.2298000250378987,1.5591000302711286,0.2230756084966928,357.2482922985582,1,-0.76047826933746,-0.76047826933746,0.350855279053173,1,-0.76047826933746
VPS9D1-AS1,-0.1622537240820465,-1.0112433833796346,0.4654974334703906,339.7524056242001,1,-0.383467963811152,-0.383467963811152,0.677765181635787,1,-0.383467963811152
VSIG10L,-1.2092959438974882,-4.596528175077723,2.515106288114948e-05,90.70894122113874,1,0.195996426241745,0.195996426241745,0.854703680798006,1,0.195996426241745
VWA2,-1.7465200983202265,-13.47052309181682,2.1960884172722705e-39,849.1548699284732,1,-0.332508856974383,-0.332508856974383,0.592139266774897,2,-0.211200805084694
WAC-AS1,-0.4171434272632066,-2.127720302303953,0.0786083669374297,167.2989206610528,1,-0.667747879174015,-0.667747879174015,0.442956406867031,1,-0.667747879174015
WARS2-AS1,0.0342376308861361,0.1669430387655763,0.9272038580952012,143.97260667087724,1,-0.834516428347955,-0.834516428347955,0.317024042446781,1,-0.834516428347955
WASH9P,0.1768095375799257,0.3102065825183014,0.8553316854779821,18.76227000650057,1,0.052725843755845,0.052725843755845,0.946687702866099,1,0.052725843755845
WDCP,0.1924373187294782,1.0839165771895714,0.4275446274849885,202.4595119923785,1,0.78372553380718,0.78372553380718,0.349534185452612,1,0.78372553380718
WDFY2,-0.0254589150263359,-0.1500414604885645,0.9347909515919832,226.2119526490953,1,0.0492629407518667,0.0492629407518667,0.963079000511928,1,0.0492629407518667
WDR12,0.0826597953238429,0.8162434072754918,0.5713213426399316,909.484900015516,1,-0.283130876094291,-0.283130876094291,0.790282441659677,1,-0.283130876094291
WDR13,-0.3336616245895249,-3.1361685872408507,0.0058911087050016,770.5011544038553,1,0.249849138738968,0.249849138738968,0.81844614028588,1,0.249849138738968
WDR4,-0.3824226805207131,-2.634634532314568,0.0239043358174644,366.5885836529208,1,-1.16288657464205,-1.16288657464205,0.123292585203563,1,-1.16288657464205
WDR43,0.2536394426374154,2.990896849153597,0.00906061326055,2326.5790180308613,1,-0.697974121222216,-0.697974121222216,0.415715490252687,1,-0.697974121222216
WDR74,0.3043831736100462,3.2631745589815417,0.0039856585090522,1057.6417587955902,1,-0.0523729621273551,-0.0523729621273551,0.961447430650173,1,-0.0523729621273551
WFDC3,0.2526935384595286,0.7187884524903622,0.626971975052178,63.55664962018143,1,-0.394318378210065,-0.394318378210065,0.668466164784441,1,-0.394318378210065
WFS1,-1.145990311218254,-10.846542877300664,9.223837165899772e-26,1594.3577994442642,1,-0.31530662185234,-0.31530662185234,0.764950156007015,1,-0.31530662185234
WNK1,1.0410587730968754,15.022141280164131,9.13278867042572e-49,4996.654465435045,1,-0.284410763668401,-0.284410763668401,0.790282441659677,1,-0.284410763668401
WNT10A,-1.428006629310142,-8.637769101479119,1.2445095610158495e-16,455.6584212167938,1,-0.209761043027862,-0.209761043027862,0.840892721291557,1,-0.209761043027862
XIAP,0.163296458633946,1.586935736127839,0.2138632453767547,811.8433205935137,1,-0.22265568586424073,-0.22265568586424073,0.587981040101729,2,0.0338539924434175
XPNPEP3,-0.0896387382857144,-0.6922083694791932,0.6423726733592802,452.9338750104129,1,0.176590787981669,0.176590787981669,0.858107149144219,1,0.176590787981669
XPO4,0.069072232668673,0.7174695388804673,0.6275142755146439,1297.347642805676,1,-1.42007224287039,-1.42007224287039,0.115572036759303,1,-1.42007224287039
XPO6,0.2225447072628186,2.811964527683265,0.0149459929399836,1894.1795336613743,1,0.0199803949178408,0.0199803949178408,0.989051857808696,1,0.0199803949178408
XPOT,0.8508818486586337,10.795536058249995,1.5866815129905949e-25,2064.724742799332,1,-0.974635721301192,-0.974635721301192,0.24092083360619,1,-0.974635721301192
XRCC2,-0.2706728787784523,-2.06471671943166,0.0895387435446307,429.9929096023951,1,-0.764624096171616,-0.764624096171616,0.355926734805466,1,-0.764624096171616
XRCC3,0.2979179052975363,3.0026020669959976,0.0087693939619688,935.2034724469644,1,-0.768210854320902,-0.768210854320902,0.241686473821916,1,-0.768210854320902
XRCC5,0.0885090921159388,1.2200750497378992,0.3625027324010906,5944.338547497368,1,-1.15168570404628,-1.15168570404628,0.10743555695733,1,-1.15168570404628
XXYLT1,-0.0360651653633352,-0.2145833810049266,0.9030552246115928,218.65289320846009,1,-0.290032481366844,-0.290032481366844,0.78624770509631,1,-0.290032481366844
YBEY,-0.0935284997224747,-0.4126163537120406,0.798197882245739,120.39663864690384,1,-0.605624952748647,-0.605624952748647,0.503297477139808,1,-0.605624952748647
YBX3,1.0251598931370338,15.703101684721036,3.0424231978213256e-53,6328.225893505231,1,0.402822894392216,0.402822894392216,0.654841996404859,1,0.402822894392216
YDJC,-0.1124878708164296,-1.0470038664731478,0.4467766324759921,739.5091575614468,1,-0.552268671824768,-0.552268671824768,0.523853195851309,1,-0.552268671824768
YEATS4,0.8086452443569655,4.631177155839464,2.1520937186253774e-05,252.1348133853446,1,-0.536295982223713,-0.536295982223713,0.565260245214525,1,-0.536295982223713
YJU2,0.0395509328939608,0.2367640253664303,0.8914208445300981,252.2124891491703,1,-2.11376303816157,-2.11376303816157,0.0250873974608285,1,-2.11376303816157
YKT6,-0.6864331316305108,-8.10126276130048,1.0293582699235655e-14,1580.9233514457414,1,-0.285347889015868,-0.285347889015868,0.790282441659677,1,-0.285347889015868
YPEL3-DT,-1.0642362510923091,-1.6957959325295904,0.1781848524303921,14.791267416918505,1,-0.575438415826652,-0.575438415826652,0.500692917053636,1,-0.575438415826652
YWHAB,-0.0215245726086943,-0.3014286451662006,0.860241471539205,6036.395224603236,1,0.420893837473124,0.420893837473124,0.66561319328156,1,0.420893837473124
YWHAG,0.0387138815332507,0.5369478798974522,0.7308082302811916,4495.728754284157,1,-0.638005794854916,-0.638005794854916,0.43804112713766,1,-0.638005794854916
YWHAH,-0.0377585348166657,-0.4024612526225622,0.8041139628190921,1245.3462634046855,1,-0.814511900726331,-0.814511900726331,0.331370495683969,1,-0.814511900726331
ZBED5,-0.3008909655420239,-2.570186554182988,0.0281369805695272,514.9482640709739,1,-0.481483803078083,-0.481483803078083,0.613455988650153,1,-0.481483803078083
ZBTB17,0.8390708055867102,5.906569644851887,3.1950441886265386e-08,381.55754245302217,1,0.01344357477382,0.01344357477382,0.990463256199758,1,0.01344357477382
ZBTB2,-0.0702799076919642,-0.5060132859863438,0.7479723102975506,375.60627899434047,1,-0.0774010357569832,-0.0774010357569832,0.944733898979837,1,-0.0774010357569832
ZBTB38,1.1621933365463932,14.442849599002871,3.847162433256242e-45,2033.0835475391896,1,-0.153562304674911,-0.153562304674911,0.880947264849059,1,-0.153562304674911
ZBTB44,0.3092454984121632,3.111462108382089,0.0063397184657741,903.409496112742,1,-1.20423025574796,-1.20423025574796,0.144162333217465,1,-1.20423025574796
ZBTB45,-1.1480022593523211,-5.930499455687629,2.7836627284498127e-08,180.37574061492023,1,-0.224459311152906,-0.224459311152906,0.836421000371394,1,-0.224459311152906
ZBTB46-AS2,-1.071227621680106,-1.2426025906736908,0.3515258767214351,8.894356104669143,1,-1.44449936280868,-1.44449936280868,0.141703652748093,1,-1.44449936280868
ZBTB49,0.1101604398130503,0.3213176776294157,0.8491729062147693,50.41968988035054,1,-0.621770329246383,-0.621770329246383,0.48703194248778,1,-0.621770329246383
ZBTB5,-0.0171286437126967,-0.1118178143432609,0.9531626254028144,267.867679834852,1,-0.94036719484482,-0.94036719484482,0.237616649128218,1,-0.94036719484482
ZBTB7A,-0.2933070595602149,-3.5028333097548963,0.0018268583148046,1652.1025546475596,1,-0.437379181079383,-0.437379181079383,0.654262693519241,1,-0.437379181079383
ZBTB7B,-0.3588197241107827,-2.515574421304364,0.0322963274672331,372.65596384206617,1,-0.299115189698381,-0.299115189698381,0.652761144632085,2,-0.159059763405375
ZBTB8OS,0.206403868758066,0.9954460003913204,0.4741529510303328,150.41139066284398,1,-0.196678045972817,-0.196678045972817,0.838611156006195,1,-0.196678045972817
ZC3H4,-0.4369455407866914,-4.580556634923135,2.6968689987438312e-05,1085.068211955638,1,0.242920531038411,0.242920531038411,0.826566045193589,1,0.242920531038411
ZCCHC24,-0.1640817017745894,-1.1326650567108714,0.4033459371974195,331.4831637090462,1,-0.595979674337817,-0.595979674337817,0.500826999850049,1,-0.595979674337817
ZCCHC8,0.8223430081161598,5.59165289989418,1.8446588740950509e-07,303.69930276957336,1,-1.85921724837551,-1.85921724837551,0.0538459342654667,1,-1.85921724837551
ZDHHC5,-0.329089361678851,-4.083609756044863,0.0002167435526818,3235.593481933427,1,-0.370223951435497,-0.370223951435497,0.703872906959161,1,-0.370223951435497
ZER1,-0.1050523080774366,-0.8112642019273176,0.5743627188613458,421.2392410898068,1,-0.257362177332903,-0.257362177332903,0.790282441659677,1,-0.257362177332903
ZFAND2A-DT,-1.025662163301419,-2.3663138605528866,0.0460859427134135,29.207292434567357,1,-0.522278073886683,-0.522278073886683,0.495430385606125,1,-0.522278073886683
ZFAND5,0.0291485405757419,0.3643533835766302,0.8265525024838325,2129.7338568504742,1,-0.487246466992312,-0.487246466992312,0.572563845542818,1,-0.487246466992312
ZFAT,0.0561085677450676,0.2752388262758063,0.8725169324071096,142.8989547297532,1,0.079173670698239,0.079173670698239,0.943450460600675,1,0.079173670698239
ZFHX3,0.2119720583792002,2.371606736622477,0.0455469842945359,2119.553303635894,1,0.16536510460042542,0.16536510460042542,0.654262693519241,2,0.377770090709015
ZFP36,-0.6335300341999467,-3.468958905972069,0.0020552082132866,205.91210084896747,1,0.0440524264867581,0.0440524264867581,0.963079000511928,1,0.0440524264867581
ZFP36L1,0.4023244048888186,5.416962508871275,4.663447597334249e-07,6073.676101950084,1,-0.277699856046506,-0.277699856046506,0.350194174701419,2,0.107972070827544
ZFP62,-0.3316576596618651,-2.152668859669276,0.0744651285985987,327.1280329724391,1,0.16138872321671,0.16138872321671,0.872520926098008,1,0.16138872321671
ZFYVE27,-0.4613873354999028,-3.5555167635048712,0.0015292964369633,658.1219818319098,1,-0.80315142020838,-0.80315142020838,0.32389978329138,1,-0.80315142020838
ZHX2,-0.1336420717664595,-0.9784734261430436,0.4829120425945125,390.5026294240757,1,-0.300417373300929,-0.300417373300929,0.746936388182189,1,-0.300417373300929
ZKSCAN1,-0.0314295504712231,-0.3583941615767374,0.8292173248597856,1314.8635678129958,1,-0.490124778032406,-0.490124778032406,0.5064550654157,1,-0.490124778032406
ZKSCAN5,0.2518542018997245,1.9913314123022203,0.1034069027995544,533.1176758081814,1,-0.510256854537853,-0.510256854537853,0.566324136509443,1,-0.510256854537853
ZMIZ2,-0.8812417406802457,-10.706360708842183,4.1033669361125147e-25,2185.635573662508,1,-4.38281444387792,-4.38281444387792,0.0018427550719378,1,-4.38281444387792
ZMYM4,0.2173529591933711,1.8522417365690975,0.1348307260338119,528.1901686043769,1,-6.32320557831437,-6.32320557831437,0.002423198328787,1,-6.32320557831437
ZMYND8,-0.1117701606025262,-1.4303348795903654,0.2715861125877474,1807.717865806272,1,-0.369460100879398,-1.3844297720935497,0.0046074073375653,5,-0.258712175761129
ZNF131,0.1304001813002281,0.8878090265841515,0.5318222831944568,365.6392123838908,1,0.0648882151523617,0.0648882151523617,0.944896813861752,1,0.0648882151523617
ZNF143,0.6213789350127221,3.3861799795227623,0.0026978845240358,238.96927360000515,1,-0.292838387800509,-0.292838387800509,0.78624770509631,1,-0.292838387800509
ZNF213-AS1,-0.0942201556144889,-0.3758313851312737,0.8190665856564382,92.23528821359317,1,0.303701235197211,0.303701235197211,0.779774607136092,1,0.303701235197211
ZNF217,0.2210030616174898,2.0645000893647967,0.08957272859773,831.6529268706929,1,-1.26329364595453,-1.26329364595453,0.0927398626703189,1,-1.26329364595453
ZNF232,-0.0256976496336784,-0.1133343923064527,0.9522869654516548,132.85910061626714,1,0.083099601365022,0.083099601365022,0.934200423628077,1,0.083099601365022
ZNF260,1.5313747800116695,10.600855188067667,1.2275598382057946e-24,448.9367440073671,1,0.0361071407544238,0.0361071407544238,0.967439519313187,1,0.0361071407544238
ZNF263,0.0285765552802966,0.1467984685504504,0.93610890669338,210.14487053049345,1,-0.340435552145522,-0.340435552145522,0.713082022840643,1,-0.340435552145522
ZNF295-AS1,-1.90000617125902,-3.530777886243086,0.0016620363034037,22.576879412180343,1,-0.55813312173429,-0.55813312173429,0.533447869724038,1,-0.55813312173429
ZNF3,-0.2826173763361249,-2.568515989546629,0.0282479533323448,746.0384005889613,1,-2.15844341368097,-2.15844341368097,0.0005953556196104,1,-2.15844341368097
ZNF335,0.1977136314363565,1.5818415201084717,0.2155353494199545,625.1352859776247,1,-0.265218747996044,-0.265218747996044,0.790282441659677,1,-0.265218747996044
ZNF367,-0.1894103320605749,-1.4011418285447808,0.2832972735728298,595.4375253798564,1,-0.354224598859737,-0.354224598859737,0.732101642452728,1,-0.354224598859737
ZNF384,0.94698777472944,10.716060844300875,3.7053711622857673e-25,1403.0272569492104,1,-1.0035130852141,-1.0035130852141,0.0895365989751276,1,-1.0035130852141
ZNF395,-0.2127520343131126,-1.3462444647090404,0.3060857738630631,299.37728748674823,1,-0.125043046270558,-0.125043046270558,0.883449860305013,1,-0.125043046270558
ZNF398,-0.3790315157352169,-2.1879678437825403,0.0690069037557374,230.15219497992783,1,-0.134531601897625,-0.134531601897625,0.898842956986667,1,-0.134531601897625
ZNF428,0.2588795968851694,1.6942124939114525,0.1785756970235104,372.0496736695216,1,0.142033116720102,0.142033116720102,0.875219038651072,1,0.142033116720102
ZNF460,0.4628533981196763,1.8289679426192595,0.140638781284865,105.71705237871753,1,-0.0137880018329061,-0.0137880018329061,0.991894067911079,1,-0.0137880018329061
ZNF469,-1.7687524612747052,-6.221461393514774,5.0621098880997285e-09,103.18851084310882,1,-3.5256146935967223,-3.5256146935967223,0.0010697347958676,2,-6.86971382325721
ZNF48,-0.2195688686519012,-1.339583480345042,0.3087727361035755,225.297758614846,1,-0.743683679800782,-0.743683679800782,0.377974413253461,1,-0.743683679800782
ZNF507,0.6694617991423216,5.49414297877159,3.101220687084944e-07,613.1155102777092,1,0.0451338439020642,0.0451338439020642,0.967164668974475,1,0.0451338439020642
ZNF513,0.0641196224820939,0.302794228609658,0.8592883021545713,129.96024382622193,1,-0.736716745365605,-0.736716745365605,0.375652423031009,1,-0.736716745365605
ZNF555,-0.476558153299233,-1.2119466451303649,0.3660985264343658,34.92309735011986,1,0.0245926109131451,0.0245926109131451,0.985482082833443,1,0.0245926109131451
ZNF567-DT,1.1392705774716063,2.8119908356184524,0.0149459929399836,34.532531735674674,1,-0.340981301097195,-0.340981301097195,0.717925498682338,1,-0.340981301097195
ZNF574,0.4457018088234567,3.649048618234835,0.0011016198576369,527.6898712269494,1,-0.328725776531232,-0.328725776531232,0.716004708341658,1,-0.328725776531232
ZNF580,-0.9865648082619988,-6.063078480577305,1.2893789335764418e-08,259.9298487709472,1,0.117141268749075,0.117141268749075,0.89813044153983,1,0.117141268749075
ZNF594-DT,0.6313487643109641,1.2566933981514898,0.3451345319006593,21.59231780728003,1,-0.455323891899818,-0.455323891899818,0.6142832742742,1,-0.455323891899818
ZNF608,0.974020269054563,6.545197832434915,6.819394403632803e-10,377.6099627475119,1,-0.109902115028856,-0.109902115028856,0.869836934444701,1,-0.109902115028856
ZNF628,-0.4378831405824847,-2.4459334072030128,0.0383247097072079,209.72925909725743,1,-0.3105004274846815,-0.3105004274846815,0.627679091333823,2,-0.434644826561353
ZNF629,-0.2385151838877727,-2.133307797449613,0.0776747846893295,573.4485932919,1,-0.223705110350918,-0.223705110350918,0.837303513833362,1,-0.223705110350918
ZNF653,-0.3601608296057774,-1.0379319072466306,0.4512620633895883,48.66315498713968,1,-0.578428473746967,-0.578428473746967,0.522654756882713,1,-0.578428473746967
ZNF668,-0.1114409894653014,-0.5571109315618541,0.7192845240119643,173.68200794042866,1,-0.253106533443281,-0.253106533443281,0.813019493502927,1,-0.253106533443281
ZNF689,0.3026045154410062,1.6529873555768455,0.1920955119726608,208.4308999480166,1,-0.834193759206601,-0.7056859849282283,0.231514706947044,3,-0.834193759206601
ZNF740,0.528187848739474,5.150331984780252,1.8293082713692505e-06,815.2872978531058,1,-0.0243440332342892,-0.0243440332342892,0.985681892164212,1,-0.0243440332342892
ZNF747-DT,0.2637093302518182,0.549568013466784,0.723387503546854,24.687341967361085,1,-0.515581782559848,-0.515581782559848,0.46010020512502,1,-0.515581782559848
ZNF76,0.0746602233402799,0.478394422398623,0.7624262372510067,286.6744453871099,1,-1.39764469720041,-1.39764469720041,0.072991685857057,1,-1.39764469720041
ZNF764,-0.1449157057404782,-0.5450196425602025,0.7257678985083396,85.64058021489586,1,0.060831877741596,0.060831877741596,0.957478731638408,1,0.060831877741596
ZNF768,0.0224694969987267,0.1641528368291721,0.9282897478459606,424.4002146945223,1,-0.162091560013033,-0.162091560013033,0.878809123954509,1,-0.162091560013033
ZNF785,-0.3080774931891556,-1.4265468891968618,0.2729217625091994,132.40013813256542,1,-1.10239681191113,-1.10239681191113,0.0974732065909411,1,-1.10239681191113
ZNF79,0.2212025069222805,0.7052773907761984,0.6346251707696235,60.24484848553912,1,0.145714020814269,0.145714020814269,0.88832867750439,1,0.145714020814269
ZNF8-ERVK3-1,0.2016976038072564,0.192516282234192,0.9143714431361024,5.580490585559922,1,-0.897353862049607,-0.897353862049607,0.279359173181772,1,-0.897353862049607
ZNF837,-1.1815787760820524,-3.148273809077046,0.005680010813308,40.43503723048436,1,0.0190532374074086,0.0190532374074086,0.988434968823991,1,0.0190532374074086
ZNF865,-0.7344742651854316,-4.929020952705893,5.376075216242396e-06,302.4441120075342,1,-0.316215355793719,-0.316215355793719,0.750507636387212,1,-0.316215355793719
ZNHIT2,-0.1192297431384364,-0.6504239705571152,0.6649352475494945,226.0850332864317,1,0.111583076696898,0.111583076696898,0.903044153437131,1,0.111583076696898
ZNRD2,0.4985147479639116,4.168076983912486,0.0001546486579286,548.2033340147472,1,0.0069833976307116,0.0069833976307116,0.995635901091943,1,0.0069833976307116
ZNRF3,-0.2907099157647914,-3.304316578980593,0.0034936512272146,1449.679898720928,1,-0.03469832867940125,-0.03469832867940125,0.943510882115048,2,0.0102098918355837
ZSCAN20,0.8186781948677154,3.05019040982186,0.007638185105921,99.15915230592188,1,-1.17543024171952,-1.17543024171952,0.18058335288325,1,-1.17543024171952
ZSCAN21,0.1054039002085331,0.6007108022430648,0.693391012704108,218.1727550428718,1,-0.980749845815625,-0.980749845815625,0.221042145831825,1,-0.980749845815625
ZSCAN25,-0.0876304586110989,-0.6507241633193845,0.6648497900906359,408.94399135093926,1,-0.796707516015685,-0.796707516015685,0.290578566571211,1,-0.796707516015685
ZSCAN29,-0.0092477306495342,-0.0666114092388312,0.972416973507069,350.3144569374884,1,-0.502575793170778,-0.502575793170778,0.596375431238695,1,-0.502575793170778
ZZZ3,0.1711306434376384,1.377730644628764,0.2927430389212742,476.4397662146668,1,-0.384583286357938,-0.384583286357938,0.701478358044888,1,-0.384583286357938
