gene_name,baseMean_CPM,case_mean_CPM,control_mean_CPM,log2FoldChange,pvalue,padj
SPARC,53.93491109653626,107.06796862837236,0.8018535647001609,5.906313391891933,,
MAOA,54.14704499993028,106.64026702266648,1.653822977194082,5.342001925563736,,
MARCHF4,16.632420046016364,32.36275483174504,0.902085260287681,4.132584598970924,,
NECTIN3,9.966316721459336,19.53170666056859,0.40092678235008045,3.873400091580819,,
ALPK2,8.750605334553013,17.250631430137226,0.2505792389688003,3.8672780015052797,,
LINC01234,14.66672403760534,28.180783575954198,1.1526644992564812,3.760823230926623,,
OTOP1,11.090873477837349,21.480125086562055,0.7016218691126408,3.72366767814691,,
UBE2L6,11.02218332404614,21.24251308339212,0.8018535647001609,3.6257661267418575,,
ESM1,11.094763648577008,21.337557884660093,0.851969412493921,3.59233929175341,,
GDA,118.16424617618596,218.8881773201434,17.4403150322285,3.5758348292801565,,
SRGAP1,21.97395959484215,41.39201095220254,2.5559082374817628,3.5755024051424105,,
MAGEB2,5.179941669104566,10.359883338209132,0.0,3.505876113862759,,
CLIC1,4.918568465617638,9.837136931235277,0.0,3.4379117555750285,,
AFF3,11.338859269646374,21.575169887830025,1.1025486514627212,3.4245257557412447,,
TRPS1,5.661649293343867,11.072719347718934,0.2505792389688003,3.271082298591275,,
BIRC3,9.698039724193942,18.343646644718923,1.0524328036689612,3.236452901588051,,
CTHRC1,21.545837813257236,39.63368212874503,3.4579934977694435,3.188209686664413,,
ENSG00000251076,4.232087103584602,8.363942511581683,0.10023169558752011,3.089308707281818,,
IL2RB,10.970350576793459,20.387109871980357,1.5535912816065616,3.0661420021781454,,
NIBAN1,19.718818836008513,35.879412478660065,3.558225193356964,3.016271566552441,,
SH3BGRL,9.682058865356268,18.010989840281013,1.3531278904315216,3.0141820133584254,,
CASC8,12.482866879722684,22.810752304313684,2.1549814551316824,2.9159097732605077,,
ANXA1,25.656981839918917,46.001683813699266,5.3122798661385655,2.8964793652732688,,
CAMK1D,10.861918363847584,19.769318663738527,1.954518063956642,2.8134591647285667,,
UST,6.654012636459011,12.35582416483658,0.952201108081441,2.7742954184995576,,
TLE1,30.478368428930626,53.890402318941085,7.0663345389201675,2.766568767904352,,
RIN2,40.76700436213156,71.71130255668615,9.822706167576971,2.7481183567912684,,
PIP5K1B,14.07055695434255,25.234394736647015,2.906719172038083,2.74743004677206,,
IL1RAPL1,5.652152052405627,10.502450540111091,0.8018535647001609,2.674387578672618,,
ENSG00000258168,2.8526407616190976,5.655165675444435,0.050115847793760056,2.6639260879813693,,
RYR2,3.451857663863479,6.653136088758157,0.2505792389688003,2.613454581833875,,
AR,6.061279352114061,11.120241748352921,1.0023169558752012,2.597676206720836,,
SLC9A2,9.173576417761165,16.442750619359447,1.904402216162882,2.586314398676805,,
ACSL5,12.840161432178435,22.57314030114375,3.107182563213123,2.520922979052183,,
OGFRL1,8.794693936269155,15.63486980858167,1.954518063956642,2.4932158504274016,,
ILDR2,15.386079860957357,26.61254435503263,4.159615366882085,2.4199884046495956,,
DAB2,7.696491827367913,13.638928981954225,1.754054672781602,2.410180901683946,,
PLCXD2,9.446620133467071,16.53779542062742,2.355444846306723,2.3858914572154926,,
AK5,7.650266150313812,13.496361780052263,1.804170520575362,2.37004487884189,,
PDZRN3,17.57169011424172,30.081679601313674,5.061700627169766,2.3582699588958245,,
SGPP2,12.110047840251074,20.862333878320225,3.3577618021819235,2.326788176657931,,
PDGFRB,4.2489445101231285,7.746151303339856,0.7517377169064008,2.319861526257113,,
ARHGAP30,3.0029883050003776,5.655165675444435,0.3508109345563204,2.300648818568052,,
ANO2,2.3562490021220084,4.562150460862736,0.15034754338128015,2.2735729768012005,,
QPRT,39.635580007917866,66.34127128504564,12.929888730790095,2.2733072229525635,,
GABRQ,3.604798654404532,6.558091287490184,0.6515060213188808,2.1942397141024714,,
KRT81,46.53673808442783,76.98628902705869,16.087187141796978,2.1903055792712753,,
SLC16A7,2.1899205999030547,4.229493656424829,0.15034754338128015,2.184601470350387,,
APOL3,2.4538872505497555,4.657195262130711,0.2505792389688003,2.1774904953002587,,
PAPSS2,3.0055817521601504,5.5601208741764605,0.4510426301438405,2.1766324926854135,,
GAS7,4.372937406027641,7.793673703973842,0.952201108081441,2.1713643199081822,,
CX3CL1,3.6298565783014123,6.558091287490184,0.7016218691126408,2.1511114638032147,,
KLRG1,4.013925954112967,7.175882495732013,0.851969412493921,2.1423141909776877,,
FGF13,5.8379313083228785,10.122271335039196,1.5535912816065616,2.1228519019793493,,
GATA6,2.7429118250933366,5.0848968678365924,0.40092678235008045,2.118851253962258,,
GPRC5A,369.8535496203219,600.6356216129598,139.07147762768415,2.1027267749380942,,
TIMP3,46.15224853273725,75.46557220677111,16.83892485870338,2.099781668705694,,
HEPHL1,5.527738980622079,9.552002527431355,1.5034754338128016,2.0755126115808302,,
UNC13D,179.28347163690364,290.4093902742936,68.15755299951367,2.0750886389094396,,
ALPL,3.128277924484778,5.655165675444435,0.6013901735251206,2.05514972276049,,
MYLK,7.256699533564017,12.308301764202593,2.2050973029254424,2.0538864235278593,,
S100A5,4.473169101615161,7.793673703973842,1.1526644992564812,2.0303425135806084,,
HDX,1.664580745769426,3.279045643745092,0.050115847793760056,2.026740574557451,,
DDIT3,28.431927774573168,46.2392958168692,10.624559732277131,2.0228113823098104,,
ENSG00000277342,1.9047861960991335,3.659224848816987,0.15034754338128015,2.0180201603956616,,
PDGFC,2.2650943715936944,4.229493656424829,0.3006950867625603,2.007388464524646,,
RAB3B,63.61035573565631,102.36325096560765,24.857460505704985,1.999070852996683,,
GYG2,9.204697783678442,15.302213004143763,3.107182563213123,1.9888468404396935,,
SAA1,15.52002636962193,25.376961938548973,5.663090800694886,1.9850149475136656,,
SLC6A20,2.4577774212894155,4.51462806022875,0.40092678235008045,1.976882027920065,,
MYH15,2.8180855967839764,5.0848968678365924,0.5512743257313606,1.9717789774679446,,
TNNC1,6.012040052021153,10.169793735673185,1.854286368369122,1.9684005532056834,,
MITF,15.306175566768989,24.949260332843092,5.663090800694886,1.9614299570101208,,
ASB9,2.1700495703257205,4.039404053888881,0.3006950867625603,1.9539703342959218,,
TGFB2,9.784043656345492,16.11009381492154,3.4579934977694435,1.9403812527081175,,
PTPN7,6.013336775601039,10.122271335039196,1.904402216162882,1.9371382742525969,,
SMCO2,9.44879340474781,15.539825007313697,3.3577618021819235,1.924284725595895,,
EMP1,339.0288253872248,536.4803807570775,141.57727001737217,1.9144680915588885,,
CTTNBP2,2.699279595199009,4.8472848646666575,0.5512743257313606,1.9143130437989893,,
PROCR,5.150153222709957,8.696599316019592,1.6037071294003218,1.8969116897905423,,
MYH3,6.183555348559653,10.312360937575145,2.054749759544162,1.8887739506965013,,
VAT1L,5.462938997570532,9.171823322359462,1.754054672781602,1.884949203849505,,
CYS1,15.626741683108882,25.139349935379038,6.114133430838727,1.877463324333905,,
PELO-AS1,2.1475850935886145,3.944359252620908,0.3508109345563204,1.8719578091069213,,
GABARAPL1,143.1235828850518,225.25617900509764,60.990986765005985,1.8678268184858062,,
ENSG00000287784,2.2439266184364746,4.086926454522868,0.40092678235008045,1.860412679112296,,
OTULINL,10.94273540167959,17.725855436477094,4.159615366882085,1.8596961991481926,,
LINC01139,1.3068660174346383,2.6137320348692765,0.0,1.8534895315765751,,
DHRS2,51.79711281142815,81.64348428918939,21.950741333666905,1.848360325208945,,
FLNC,4.6235166449964415,7.793673703973842,1.4533595860190416,1.8417072977318414,,
RASGRP3,5.753260295693998,9.552002527431355,1.954518063956642,1.8365220905532063,,
CASP4,4.263208469501881,7.223404896366,1.3030120426377616,1.836213909590493,,
GRIN2B,1.6196517922952125,3.088956041209145,0.15034754338128015,1.8296627585598517,,
GPR55,27.24085413568469,43.05529497439208,11.426413296977293,1.8259054824664476,,
PURPL,1.4995490671303588,2.8988664386731977,0.10023169558752011,1.8252473639689384,,
SERPINE2,23.420031407146475,37.06747249450974,9.77259031978321,1.821193590375725,,
LINC02985,2.965839693005483,5.179941669104566,0.7517377169064008,1.8188064407983457,,
ENSG00000247134,4.552233044045462,7.651106502071881,1.4533595860190416,1.8181259660048341,,
ZFPM2,10.369873146911974,16.680362622529383,4.059383671294564,1.8051143113988986,,
FAM169A,35.70723781007741,56.028910347470486,15.385565272684335,1.7992680232312106,,
CTSS,1.7885736416739395,3.3265680443790786,0.2505792389688003,1.790626620065673,,
ENSG00000260920,2.8945560920545033,5.037374467202605,0.7517377169064008,1.7851345066945183,,
KCNN4,31.048289452544996,48.61541584856854,13.481163056521455,1.7766109681501223,,
MIR3142HG,2.3178036665472277,4.134448855156855,0.5011584779376006,1.7741331313607154,,
TMPRSS3,5.082759792498637,8.41146491221567,1.754054672781602,1.77286209886251,,
ZNF605,13.233764244871015,21.004901080222183,5.462627409519846,1.767632163034886,,
SAMD9,4.025596466331947,6.7481808900261315,1.3030120426377616,1.7503356805575516,,
SLC1A3,35.069575572258245,54.60323832845088,15.535912816065617,1.749566220415335,,
STK38L,203.73407252657492,314.50324739572494,92.9648976574249,1.7474610377165376,,
PVT1,109.49744948199535,169.17974625699318,49.815152706997495,1.743728679204316,,
RASSF8,99.9989604053328,154.54284686172522,45.455073948940374,1.7434039640398606,,
PPFIBP1,1163.719587879132,1792.4023847120816,535.0367910461823,1.7422952922212338,,
ZC4H2,2.799511290786529,4.8472848646666575,0.7517377169064008,1.738980097253171,,
TIAM1,80.2126757472274,123.8908984528037,36.53445304165108,1.7343809778866197,,
PLAT,7.321079340736531,11.785555357228738,2.856603324244323,1.7291121587679574,,
AMIGO2,4.290859840558534,7.128360095098026,1.4533595860190416,1.7282056129656462,,
ENSG00000274021,4.916431390279682,8.078808107777762,1.754054672781602,1.7209457089981428,,
CD22,4.363440165089401,7.223404896366,1.5034754338128016,1.7158035661458506,,
KLF9,30.65212938863543,47.52240063398685,13.781858143284015,1.7148232953422782,,
RGS2,1.140537615215684,2.281075230431368,0.0,1.7141686731998185,,
SLIT1,40.58610041248317,62.72956883686264,18.4426319881037,1.712739367526598,,
ZNF461,5.854788714861405,9.504480126797368,2.2050973029254424,1.7125647027904498,,
SLC25A48,4.315917764455413,7.128360095098026,1.5034754338128016,1.6990320179032912,,
LCN2,12.181787813023872,19.151527455496698,5.212048170551046,1.6977482749342694,,
DENND5B,26.68744273461537,41.296966150934566,12.077919318296173,1.6934211583764367,,
LDHBP2,17.306462935957917,26.945201159470543,7.667724712445289,1.688875320894237,,
AFF2,1.213117939746551,2.376120031699342,0.050115847793760056,1.6848177038764443,,
SASH1,6.168871213301866,9.93218173250325,2.4055606941004823,1.6826170986830604,,
LINC03033,8.334610437008893,13.211227376248342,3.4579934977694435,1.6725647432531288,,
TSPAN11,4.028189913491719,6.653136088758157,1.4032437382252816,1.6710680792565504,,
AEBP2,85.85666347821744,131.01925854790173,40.69406840853316,1.6628343417857814,,
CD163L1,11.992994934067811,18.723825849790817,5.262164018344806,1.6552062187341325,,
DUSP6,375.107911276679,569.6985388002342,180.5172837531237,1.652621943566069,,
MB21D2,10.934534884321232,17.10806422823526,4.761005540407205,1.6522397784793088,,
KCNMA1,3.355095963136584,5.607643274810448,1.1025486514627212,1.651996618650649,,
ENSG00000289579,2.1039528636942872,3.7067472494509737,0.5011584779376006,1.6486540920021708,,
ZNF556,2.1039528636942872,3.7067472494509737,0.5011584779376006,1.6486540920021708,,
ZFP69B,4.4861363374140275,7.318449697633974,1.653822977194082,1.6482425403827745,,
ABAT,9.130400559688656,14.351764991464027,3.909036127913284,1.644892842360695,,
SLC30A10,22.43762167679139,34.50126286027445,10.373980493308332,1.642133110315225,,
TIAM2,6.218987061095627,9.93218173250325,2.5057923896880028,1.6407688795403055,,
ENSG00000272077,1.7674058885167194,3.1840008424771185,0.3508109345563204,1.6310573792354812,,
MPP4,1.4546201136561452,2.70877683613725,0.20046339117504022,1.6273520524421146,,
KRAS,252.91885861454202,382.60284750422807,123.23486972485597,1.62654326957705,,
GRAMD2B,2.2728747130730143,3.944359252620908,0.6013901735251206,1.626458713299359,,
LINC00910,7.591529609282664,11.975644959764685,3.2074142588006436,1.6248004732485641,,
ZNF420,17.460700650078852,26.802633957568577,8.118767342589129,1.6083108450869905,,
ENSG00000290058,10.649400480517311,16.53779542062742,4.761005540407205,1.606074855574573,,
MGLL,13.080403078450928,20.19702026944441,5.963785887457447,1.605917724090372,,
COL5A1,1.1180731384785774,2.1860304291633947,0.050115847793760056,1.6012115523990988,,
KCNMB4,4.247227610664207,6.890748091928092,1.6037071294003218,1.5995949029967973,,
INPP4B,9.08547160621444,14.161675388928078,4.009267823500805,1.5977575290602424,,
KRT15,8.676344306506007,13.54388418068625,3.808804432325764,1.596662455845852,,
BICD1,53.4967412897973,80.88312587904561,26.11035670054899,1.5947220827829085,,
ZNF711,1.912566537578453,3.3740904450130658,0.4510426301438405,1.5918931470137665,,
SYTL2,32.89262220815406,49.898520665686185,15.886723750621938,1.5917342726328274,,
ZNF569,14.381662025686985,22.097916294803884,6.6654077565700875,1.5913282670599735,,
ZNF585A,9.206871054959182,14.30424259083004,4.109499519088324,1.5826777577637974,,
MID1,48.52111698666465,73.13697457570575,23.90525939762355,1.5737428047303643,,
GULP1,31.983212978208876,48.330281444764616,15.636144511653136,1.568152396108158,,
TMEM229B,2.4668544863486215,4.181971255790842,0.7517377169064008,1.5647142327979062,,
ZEB1,21.799959438972223,33.07559084125484,10.524328036689612,1.5640560402356782,,
ZNF462,56.85530724779451,85.44527633990835,28.26533815568067,1.5625941834770143,,
LINC01602,0.9742092129967302,1.9484184259934605,0.0,1.5599412796125325,,
IQCJ-SCHIP1,6.969848230301175,10.882629745182987,3.0570667154193636,1.550345222471667,,
CDC42EP4,48.50513612782697,72.80431777126783,24.20595448438611,1.5499406341729638,,
MRPS35,161.7703512594135,241.65140722382307,81.88929529500393,1.54962752425239,,
IFI35,5.188178382405703,8.221375309679724,2.1549814551316824,1.547350410400056,,
ZNF260,48.96567599890906,73.3745865788757,24.556765418942426,1.5411044901565445,,
STARD8,4.947972932075996,7.84119610460783,2.054749759544162,1.5331873601361792,,
ELAVL2,2.877278509636943,4.752240063398684,1.0023169558752012,1.5224535232980572,,
SP110,3.1663030841805235,5.179941669104566,1.1526644992564812,1.5214697333088552,,
CXCR6,3.840693758115546,6.17791208241829,1.5034754338128016,1.5196319540628171,,
SPN,2.4681512099285077,4.134448855156855,0.8018535647001609,1.5107276531252323,,
CLIP4,2.564492734776368,4.277016057058815,0.851969412493921,1.5106621024642022,,
PTPN13,2.6608342596242283,4.419583258960776,0.902085260287681,1.5106000032932867,,
ZNF502,5.069372380820735,7.983763306509789,2.1549814551316824,1.5096883927066433,,
KIAA1755,5.551080005060037,8.696599316019592,2.4055606941004823,1.5095865257663295,,
ZBED2,3.889512882329419,6.225434483052276,1.5535912816065616,1.5005567119281529,,
GAB2,13.3798014416336,20.244542670078392,6.515060213188807,1.499235718522647,,
NSG1,2.637073059307235,4.3720608583267895,0.902085260287681,1.4978937327456898,,
CILK1,41.99582776860788,62.491956833692704,21.499698703523062,1.4966681604843397,,
NOG,1.8663408605243528,3.231523243111105,0.5011584779376006,1.495100800243586,,
REP15,3.6730686323167054,5.892777678614369,1.4533595860190416,1.4903267795147723,,
APOL1,5.479796404109056,8.55403211411763,2.4055606941004823,1.4882173819701832,,
ZNF850,23.594596522666563,35.26162127041823,11.927571774914894,1.4879921151477054,,
PRRX2,3.1675998077604097,5.132419268470579,1.2027803470502412,1.4771306941424585,,
TSPAN11-AS1,3.0712582829125497,4.989852066568618,1.1526644992564812,1.4763968850656757,,
STAT6,144.94345887235696,213.66071325040485,76.22620449430904,1.4748958035582715,,
ALPK1,2.3005260841296677,3.8493144513529347,0.7517377169064008,1.4689940274362046,,
FGFR1OP2,106.3541396382593,156.72887729088862,55.979401985629984,1.4689344301770504,,
POC1B,58.41320887601976,86.20563475005213,30.620783001987395,1.4635482645331612,,
SP140L,4.4450975546794735,6.985792893196066,1.904402216162882,1.459194398212942,,
PKP2,274.65892957267437,403.1800469787444,146.13781216660433,1.4578300576391605,,
FNDC3B,65.08972218515866,95.90020447938545,34.279239890931876,1.4576802323912934,,
GBP3,9.023265070322667,13.68645138258821,4.360078758057125,1.454159742338123,,
ZNF529-AS1,4.517677879210341,7.080837694464039,1.954518063956642,1.4515820371226513,,
PRRX1,4.03597025497104,6.368001684954237,1.703938824987842,1.4462108794828312,,
ZNF185,11.21665566508635,16.870452225065332,5.562859105107367,1.4451797772964992,,
THSD1,14.566144558024352,21.765259490365974,7.367029625682728,1.444046455592808,,
FRY,6.253122050051713,9.599524928065343,2.906719172038083,1.439970145833071,,
RPL12P14,1.5060326850297918,2.6612544355032632,0.3508109345563204,1.43851227304289,,
NFKBIB,75.34254242588737,110.44205907338542,40.243025778389324,1.4340717349800631,,
SERTAD4,1.3133496353340712,2.376120031699342,0.2505792389688003,1.4327697251195493,,
MAP3K14,37.07550620758854,54.5557159278169,19.59529648736018,1.4316204577388083,,
ENSG00000248100,2.4219255328744076,3.9918816532548944,0.851969412493921,1.4305234604702992,,
CD27-AS1,16.664490351520058,24.759170730307144,8.569809972732969,1.4285239666741876,,
CD4,2.7835304319488556,4.51462806022875,1.0524328036689612,1.4259285958796197,,
ENSG00000286966,1.5786130095606588,2.756299236771237,0.40092678235008045,1.422930439363034,,
TRIM38,15.869996952420182,23.571110714457475,8.16888319038289,1.422145151736053,,
ZNF197,14.641318329714991,21.765259490365974,7.517377169064009,1.418352761878016,,
ABL2,63.8316752919379,93.33399484515016,34.32935573872564,1.4169103233964053,,
SYDE1,29.150443246167114,42.86520537185613,15.435681120478097,1.4162457778961721,,
SFR1,6.808706722401768,10.359883338209132,3.2575301065944036,1.4158593820843972,,
GEM,3.21771565555417,5.132419268470579,1.3030120426377616,1.412934381123652,,
HTR1D,1.7475348589393858,2.993911239941171,0.5011584779376006,1.4117259799827655,,
LDHB,91.35857657507013,133.2528113776991,49.46434177244118,1.4116160587761004,,
TMCC1-DT,3.025032605858449,4.8472848646666575,1.2027803470502412,1.4084412353160067,,
PRKCQ,6.953867371463501,10.549972940745079,3.3577618021819235,1.4062302265382371,,
TNFRSF8,2.0127982331659733,3.3740904450130658,0.6515060213188808,1.4052008223050947,,
COMMD2,32.45629990921079,47.52240063398685,17.39019918443474,1.399713823531765,,
ENSG00000250899,23.393712955612486,34.35869565837248,12.428730252852493,1.3967421584730242,,
RASD2,4.182427627612659,6.5105688868561975,1.854286368369122,1.395792102021074,,
NR1D1,39.47195364068703,57.64467196902604,21.299235312348024,1.3950058034165718,,
SELPLG,19.802721888764893,29.131231588633934,10.474212188895851,1.3928645404363476,,
BMAL2,195.84900499590765,283.8988213874374,107.79918860437789,1.3887818559252434,,
ZNF573,5.701427548441318,8.696599316019592,2.706255780863043,1.387516420050995,,
OLR1,2.6159053061500153,4.229493656424829,1.0023169558752012,1.385000901856789,,
TBL1XR1,334.0334890137203,483.54042645081614,184.52655157662454,1.3849913659214477,,
ARHGEF4-AS1,4.062324902447806,6.32047928432025,1.804170520575362,1.3843640255479892,,
WBP11,231.68072826965417,335.36558127404516,127.99587526526318,1.3827051536824848,,
TENT5B,13.729315652610035,20.292065070712383,7.166566234507688,1.3825143740049535,,
TRABD2B,1.3384075592309512,2.376120031699342,0.3006950867625603,1.3760833969539716,,
TBCCD1,15.9240029709536,23.42854351255551,8.41946242935169,1.374851216885682,,
EPB41L1,166.38707269845983,240.5108696086074,92.26327578831227,1.3727071124327903,,
RYBP,50.83464650253596,73.75476578394758,27.91452722112435,1.3703710443512884,,
TIGAR,13.779431500403795,20.292065070712383,7.2667979300952075,1.3649153526601796,,
DUSP16,63.9526545648036,92.57363643500636,35.33167269460084,1.364874331830393,,
LTBP1,3.9184609769659593,6.082867281150317,1.754054672781602,1.3627763095382313,,
ATP2B4,12.405592228636872,18.296124244084936,6.515060213188807,1.3604545329620827,,
MIA,3.195251178817063,5.037374467202605,1.3531278904315216,1.3593415549592383,,
NTF3,3.098909653969203,4.894807265300645,1.3030120426377616,1.355922688968253,,
GARRE1,54.28825726180115,78.50700584734626,30.069508676256035,1.3555825633595948,,
DKK1,8.620621388513666,12.831048171176446,4.410194605850885,1.3541580995848146,,
SLFN5,33.79428729256271,48.995595053640436,18.592979531484982,1.3514641824847051,,
SIPA1L2,39.21965750225931,56.78926875761427,21.650046246904346,1.351287618768887,,
IGF2BP2,144.3512181557766,207.81545797242447,80.88697833912873,1.3505225562155196,,
CD55,20.96660052841854,30.556903607653542,11.376297449183532,1.3503758780058754,,
DYRK2,38.78676900223388,56.12395514873846,21.449582855729304,1.3474072342047885,,
SEC14L1,189.80889339695082,272.92114684098647,106.69663995291516,1.346787407397446,,
TOX2,13.974707997259287,20.482154673248328,7.467261321270248,1.3431713836658634,,
PBX1,1.3872266834448246,2.4236424323333288,0.3508109345563204,1.3417062706580614,,
DTX4,6.692494167976573,10.027226533771223,3.3577618021819235,1.3394107380489833,,
SDSL,7.9224695142616515,11.785555357228738,4.059383671294564,1.3374812741065671,,
LYPD6B,6.596152643128714,9.884659331869264,3.307645954388164,1.3373246700569632,,
ZNF570,13.396658848172127,19.626751461836566,7.166566234507688,1.3367151204986762,,
HMGN5,2.3519386555033144,3.8017920507189475,0.902085260287681,1.335991010771858,,
BHLHE41,9.056103335698868,13.401316978784289,4.710889692613446,1.3344133260635582,,
FOXF1,5.511337945905371,8.316420110947698,2.706255780863043,1.3298132474168303,,
SMIM10,13.06011187299456,19.10400505486271,7.016218691126408,1.3264891666105527,,
ANKRD44,2.0629140809597333,3.3740904450130658,0.7517377169064008,1.3201962717767604,,
RFTN1,1.0982021089012437,1.9959408266274472,0.20046339117504022,1.3194177207256983,,
MED21,118.07244634904784,168.9896566544572,67.15523604363847,1.3185505636759984,,
LINC02577,2.9312845281703623,4.6096728614967235,1.2528961948440014,1.3161357988106117,,
NPFFR1,4.064918349607579,6.225434483052276,1.904402216162882,1.3148430842014007,,
EXT1,54.71683541520788,78.41196104607829,31.02170978433747,1.3103059808184487,,
CAVIN1,442.8455870529829,631.0024356180772,254.6887384878886,1.3055414981281201,,
LRRC23,15.933080036012807,23.095886708117604,8.770273363908009,1.302316058757428,,
NBEA,2.208074730021467,3.564180047549013,0.851969412493921,1.301295433163659,,
ATF7IP,179.23683995940488,255.3853810070453,103.08829891176444,1.300506105241483,,
SLC25A20,13.111524444368206,19.056482654228724,7.166566234507688,1.2962671133965182,,
ZNF529,13.883553366730975,20.14949786881042,7.617608864651528,1.2952638871803663,,
NLRP1,2.1117332051736066,3.4216128456470525,0.8018535647001609,1.2950909398191723,,
CARD6,6.864009464515075,10.169793735673185,3.558225193356964,1.2930584388816284,,
MMP2,3.31794735114169,5.132419268470579,1.5034754338128016,1.29252403767901,,
RHOF,15.042245112065071,21.765259490365974,8.31923073376417,1.2885511280004702,,
SAA2,3.8247128992778716,5.845255277980382,1.804170520575362,1.2875302626952552,,
FXR1,234.14162790181075,332.41919243473797,135.8640633688835,1.2845934663991394,,
ENSG00000285517,15.525249459884261,22.43057309924179,8.61992582052673,1.2842945676833528,,
NMD3,122.27649810163953,173.78941911848986,70.7635770847892,1.2842941450190253,,
ZNF567,16.70770240553535,24.09385712143133,9.32154768963937,1.2816749258562632,,
TNFAIP2,76.24897422873653,108.44611824675798,44.05183021071509,1.2805631658040662,,
GAPDHP1,89.68754840734407,127.45507850035271,51.920018314335415,1.2793784626273275,,
CPNE8,2.2568938542353405,3.611702448183,0.902085260287681,1.277717515880459,,
TNFAIP3,2.425815703614068,3.8493144513529347,1.0023169558752012,1.27611044457782,,
DNMBP,64.84135241341339,92.14593482930049,37.536769997526285,1.2732571513572002,,
IQCG,7.299491411700275,10.740062543281027,3.8589202801195244,1.2727324266019822,,
KRT38,1.3885234070247112,2.376120031699342,0.40092678235008045,1.2689846401846316,,
DSC2,10.70168959959181,15.539825007313697,5.863554191869926,1.2689162170732762,,
GSTA4,4.718141270385381,7.080837694464039,2.355444846306723,1.2680008130866325,,
RPL13AP20,1.7263671057821655,2.8513440380392105,0.6013901735251206,1.2660371452405799,,
STOM,8.892368380639686,12.973615373078408,4.811121388200965,1.2658168389534423,,
DUBR,4.621799745537521,6.938270492562078,2.3053289985129624,1.2640308436190175,,
CRMP1,16.468793678785527,23.666155515725446,9.27143184184561,1.2638955657398934,,
RAB27B,0.7854163340406696,1.5207168202875792,0.050115847793760056,1.2632855601411377,,
NOD2,9.640636102685463,14.019108187026118,5.262164018344806,1.2620659491516666,,
PTGR1,22.911585155494155,32.74293403681693,13.080236274171375,1.260913881805036,,
RIMKLB,51.04636023005095,72.42413856619595,29.66858189390595,1.2594929761645182,,
FHL1,14.12894571138023,20.33958747134637,7.91830395141409,1.2586910116337915,,
ZNF501,3.922351147705619,5.940300079248356,1.904402216162882,1.2567567834654438,,
ZNF639,49.57617943343617,70.28563053766653,28.86672832920579,1.2550720833428806,,
COL1A1,7.397129660128022,10.835107344549,3.959151975707045,1.2549074481343998,,
CD24,2.4746348278279413,3.896836851986921,1.0524328036689612,1.2545151413824953,,
EHD2,2.643556677206668,4.134448855156855,1.1526644992564812,1.2540859346331121,,
ZNF486,8.241738907021658,12.023167360398672,4.460310453644644,1.254025483532591,,
GLIPR1-AS1,0.6890748091928093,1.3781496183856186,0.0,1.2498394833395525,,
C12orf60,2.378293302980081,3.7542696500849604,1.0023169558752012,1.247553368572114,,
PLEKHA5,80.15362761814556,113.19835831015666,47.108896926134456,1.2471662851831127,,
ZNF860,6.432417688069533,9.456957726163383,3.407877649975684,1.2463071005603596,,
FGD6,49.50748927964496,70.0480185344966,28.966960024793313,1.245421676372849,,
HEG1,126.27058922211795,178.0189127749147,74.5222656693212,1.2451380603141295,,
MAGI1,108.02702948921541,152.3568164325618,63.69724254586903,1.2451161635176011,,
EFNA5,12.248340891477122,17.630810635209116,6.8658711477451275,1.244011989436176,,
ETFRF1,27.186043961335983,38.635711715431306,15.736376207240657,1.2438136957009438,,
TPST1,19.58456073929326,27.943171572784262,11.225949905802253,1.243276459082609,,
RBP7,4.6468576694344,6.938270492562078,2.355444846306723,1.2423206786521859,,
FGF18,12.658764914765444,18.201079442816958,7.116450386713928,1.242266589951538,,
SH3PXD2A,10.969546420978173,15.824959411117618,6.114133430838727,1.2418430858726326,,
WWTR1,82.4986624798704,116.33483675199979,48.66248820774101,1.2404029627414428,,
VWF,1.944108079374766,3.1364784418431313,0.7517377169064008,1.2396162830885682,,
RECQL,117.4443175481097,165.3779542062742,69.51068088994519,1.2385505656205786,,
NUDT19-DT,10.776863371282452,15.539825007313697,6.013901735251206,1.2376548470693056,,
DNM1L,185.7902731162829,261.3256810862937,110.25486514627212,1.2374906249362412,,
ENSG00000256913,4.45417461973868,6.653136088758157,2.255213150719203,1.233299040150886,,
UBXN7,107.48181860550446,151.21627881734614,63.74735839366279,1.2332294174942702,,
FOXJ2,128.71974595017,181.0128240148559,76.4266678854841,1.2331376403302667,,
EIF4E3,2.3545321026630877,3.7067472494509737,1.0023169558752012,1.2330600199056736,,
SH3RF2,49.10225215067619,69.28766012435283,28.916844176999554,1.2323134300050569,,
SUNO1,2.016688403905633,3.231523243111105,0.8018535647001609,1.2316953220081028,,
DERA,77.09835019407069,108.54116304802595,45.655537340115416,1.231352879837558,,
RPL24P4,29.94020612276926,42.38998136551626,17.49043088002226,1.2305831225053874,,
KCND3,1.5099228557694517,2.5186872336013026,0.5011584779376006,1.228960991678958,,
PPP1R12A-AS1,1.1720791570119973,2.043463227261434,0.3006950867625603,1.2264311341585383,,
GLIS3,1.1720791570119973,2.043463227261434,0.3006950867625603,1.2264311341585383,,
ISG20,2.258190577815227,3.564180047549013,0.952201108081441,1.225254022785399,,
SP100,25.33179378890964,35.879412478660065,14.784175099159215,1.224336806990963,,
HECW2-AS1,0.8342354582545429,1.5682392209215656,0.10023169558752011,1.2229722198278818,,
KIFAP3,5.178681141467463,7.651106502071881,2.706255780863043,1.2229222195917187,,
FAR2,3.7547260219067784,5.655165675444435,1.854286368369122,1.2213444948482766,,
FAM131A,20.698323531153143,29.36884359180387,12.027803470502413,1.2209981121062141,,
PLD1,11.50266661659112,16.490273019993435,6.515060213188807,1.2186962409853233,,
IFITM1,35.59109764753778,50.1836550694901,20.99854022558546,1.2182753822903314,,
LINC02964,43.96720323910304,61.874165625450864,26.06024085275523,1.2162926694502343,,
YEATS2,145.27107356624643,203.49091951473164,87.05122761776121,1.2156217577632888,,
ZNF790,10.561715844849624,15.159645802241801,5.963785887457447,1.2144518256393497,,
AKAP12,379.59897329173907,530.9202598829011,228.27768670057705,1.2141140289545063,,
STRAP,435.7190524451722,609.3322209289793,262.1058839613651,1.2139512432811541,,
YBX3P1,7.979068979954843,11.547943354058802,4.410194605850885,1.2136985273175949,,
KBTBD8,6.892957559151614,10.027226533771223,3.7586885845320044,1.2124340325640863,,
RASSF8-AS1,22.099814173976718,31.26973961716334,12.929888730790095,1.2119982028200802,,
CARMAL,1.6550835048311852,2.70877683613725,0.6013901735251206,1.211618602208691,,
PRKCA,63.713782033996566,89.38963559252925,38.03792847546388,1.211280858239101,,
RASGRP1,3.730964821589785,5.607643274810448,1.854286368369122,1.2110057158766627,,
ZBTB38,215.28076952843097,300.9118408144047,129.64969824245725,1.2084235471439302,,
LHFPL6,11.02095899235182,15.777437010483633,6.264480974220008,1.2075907103084582,,
C12orf4,52.20203835234624,73.23201937697372,31.172057327718758,1.2062334199417526,,
KLF7,29.077022569878178,40.964309346496655,17.1897357932597,1.2060382490312325,,
INTS13,204.22956571786273,285.324493406457,123.13463802926844,1.2057453543879384,,
PALM2AKAP2,116.89479631778005,163.47705818091472,70.31253445464536,1.2056587824337457,,
EMG1,26.977380052802587,38.01792050718947,15.936839598415698,1.2039721963834924,,
CREB5,1.1483179566950037,1.9959408266274472,0.3006950867625603,1.2037263287906816,,
HMGA2,102.196001974671,142.89985870639842,61.49214524294359,1.2033184043251333,,
HELZ,89.52297310052681,125.22152567055532,53.8244205304983,1.203067403364393,,
FOXM1,380.912779298895,531.4430062898749,230.38255230791498,1.2023470244726575,,
HOXC13,4.865895366606888,7.175882495732013,2.5559082374817628,1.201156366959006,,
ZNF875,26.277931454970684,37.01995009387575,15.535912816065617,1.2011539508312299,,
MED13L,316.3915366299996,441.3405346878358,191.44253857216341,1.2007297165876372,,
SELENBP1,5.107397540516482,7.508539300169921,2.706255780863043,1.1989490292010494,,
PRR5L,84.14382856788431,117.57041916848345,50.71723796728517,1.1970269994977716,,
TNS1,3.610862096424931,5.4175536722745,1.804170520575362,1.1944493748512715,,
ABTB2,64.25338584750895,89.81733719823514,38.689434496782766,1.1942127303002075,,
TNFSF10,5.011056015668622,7.36597209826796,2.6561399330692828,1.1942118980310263,,
CCDC91,35.01953211635006,49.09063985490841,20.948424377791703,1.1904236645879327,,
AP3S1,80.06853642963765,111.72516389050307,48.41190896877222,1.189878908767279,,
FBXO45,57.01350752454067,79.64754346256194,34.3794715865194,1.1887180886423996,,
YPEL2,2.9351746989100223,4.467105659594763,1.4032437382252816,1.1857942831742814,,
LOX,1.2934786057567376,2.1860304291633947,0.40092678235008045,1.1853784887072865,,
FRS2,19.424715954973735,27.37290276517642,11.476529144771053,1.185297111337944,,
ENSG00000225402,6.049645035837865,8.791644117287566,3.307645954388164,1.1846514438501419,,
PARL,16.938410614926816,23.903767518895382,9.97305371095825,1.1823989423387296,,
CTNNAL1,238.67150505694747,331.7063564252282,145.6366536886667,1.1820036610311784,,
AOC3,1.5349807796663315,2.5186872336013026,0.5512743257313606,1.1815834489866641,,
PFN2,195.31171923744714,271.44795242133284,119.17548605356141,1.1808380098879405,,
MIX23P1,3.6596812206388045,5.465076072908487,1.854286368369122,1.1795372593959428,,
AOPEP,269.26710737177524,373.9537705888425,164.58044415470803,1.1791804377770063,,
EZR,523.3403253645242,726.1898040879529,320.4908466410956,1.1775543093774745,,
VPS37B,49.5096625509257,69.05004812118288,29.969276980668514,1.177548339968085,,
NCAPD2,674.6835446392885,935.8111132844689,413.555975994108,1.1761912737015665,,
SIAH2,34.68557858833226,48.47284864666658,20.89830852999794,1.1758175348465125,,
ZNF566,16.38412266615665,23.095886708117604,9.672358624195692,1.174907840547375,,
LAMP3,5.277616113475096,7.698628902705869,2.856603324244323,1.1734572546744437,,
DIP2B,126.22439974100664,175.1200463362415,77.32875314577177,1.1689452304207817,,
NR2F2-AS1,0.7867130576205562,1.4731944196535922,0.10023169558752011,1.1685682855151747,,
ADCY7,6.72662915693266,9.694569729333315,3.7586885845320044,1.1682424896060768,,
NOS1AP,3.0565741476547625,4.6096728614967235,1.5034754338128016,1.163984341278251,,
PRKAR2B,1.5112195793493384,2.471164832967316,0.5512743257313606,1.1619660415041282,,
RORA,57.55700150879271,79.93267786636586,35.18132515121956,1.1614770835022008,,
TNFAIP1,85.472318710298,118.4733447805292,52.47129264006678,1.1598523215378034,,
BST2,10.808404913078764,15.302213004143763,6.314596822013767,1.1562175708914704,,
LINC00861,6.6791067562986735,9.599524928065343,3.7586885845320044,1.1553636538299954,,
EIF5A2,124.33040750942563,171.98356789439836,76.67724712445289,1.1550710216854227,,
UBA7,1.5837999038802049,2.5662096342352894,0.6013901735251206,1.1550666534463823,,
ZNF621,57.2943315817259,79.457453860026,35.1312093034258,1.1549805412004561,,
LETM2,3.9262413184452787,5.797732877346395,2.054749759544162,1.1539994695733753,,
ENSG00000222012,4.409245666264466,6.46304648622221,2.355444846306723,1.1532606288586806,,
UBTD2,30.659105574299463,42.675115769320186,18.64309537927874,1.1527892383456657,,
COPB2,199.24360382203378,275.2022220714178,123.28498557264973,1.1520729061954003,,
ENSG00000289029,0.6903715327726958,1.3306272177516316,0.050115847793760056,1.1501697713902652,,
KDM5A,151.55275973099842,209.28865239207803,93.81686706991881,1.1491553718108642,,
PPHLN1,77.43794698822984,107.11549102900635,47.760402947453336,1.1487912971506344,,
HCFC2,8.587362947258432,12.213256962934619,4.961468931582245,1.1482463574267339,,
RNF7,50.14949806002559,69.47774972688876,30.821246393162433,1.1471775163105133,,
ARHGEF3,174.52182089988662,240.8435264130453,108.20011538672796,1.147099540032424,,
CDKN2B,15.977588813607987,22.383050698607803,9.57212692860817,1.145197513995196,,
RNASEL,1.9704627268515331,3.088956041209145,0.851969412493921,1.1426722821409816,,
KDM5B,44.06571803523165,61.0187624140391,27.11267365642419,1.1414840694363286,,
MRPL47,74.25478649751079,102.55334056814361,45.956232426877975,1.1409855324342837,,
PHLDB2,311.7581387641287,429.3173673274372,194.1989102008202,1.1404560693595092,,
BBX,96.59568266951806,133.2528113776991,59.93855396133703,1.1395251287154329,,
NBDY,14.72255554342603,20.62472187515029,8.82038921170177,1.138829468597181,,
A4GALT,6.293740656907232,9.0292561204575,3.558225193356964,1.13767049784147,,
PELI2,9.819931740703282,13.876540985124157,5.763322496282407,1.1372350648868788,,
ZNF140,3.806138593280425,5.607643274810448,2.0046339117504024,1.1369465805163061,,
XRN1,50.92671387670791,70.38067533893451,31.472752414481313,1.136303877213862,,
DHX36,84.81219199574171,116.95262796024161,52.67175603124182,1.135972565825664,,
RADIL,4.120221091720886,6.0353448805163294,2.2050973029254424,1.1342529917214088,,
PRTFDC1,6.438901305968965,9.219345722993447,3.6584568889444844,1.1333787857693174,,
USP12,91.98727033565845,126.74224249084291,57.23229818047398,1.1333442200544306,,
ZNF442,2.3571255498228605,3.611702448183,1.1025486514627212,1.1331602480229854,,
NKIRAS2,42.522956914085995,58.78520958424173,26.260704243930267,1.1329657838258735,,
CDK14,0.8355321818344297,1.5207168202875792,0.15034754338128015,1.1317642590444066,,
ZNF891,17.307795855480585,24.141379522065318,10.474212188895851,1.1316687108012338,,
RGS9,5.4728926103305895,7.888718505241816,3.0570667154193636,1.1315384125930223,,
KLF11,17.839619327513645,24.854215531575118,10.825023123452173,1.1285565265315025,,
CGN,6.101057607211511,8.744121716653579,3.4579934977694435,1.1281376421309077,,
GAN,47.21043319037592,65.15321126919596,29.267655111555875,1.1280342794413551,,
WDR72,6.8981444534711605,9.837136931235277,3.959151975707045,1.1278183174308911,,
CCDC77,39.36096417652416,54.36562632528094,24.356302027767388,1.1266462012738105,,
FZD2,20.279698990506468,28.180783575954198,12.378614405058734,1.1250899168665522,,
LINC02454,1.7051993526249454,2.70877683613725,0.7016218691126408,1.1240329809267033,,
SPTLC3,2.260784024975,3.469135246281039,1.0524328036689612,1.122660715489,,
TET2,19.53143126846069,27.135290762006488,11.927571774914894,1.1219295580917976,,
ZNF429,4.16904021593476,6.082867281150317,2.255213150719203,1.1215814954320293,,
PTPRB,0.6666103324557023,1.2831048171176447,0.050115847793760056,1.120448601637943,,
LRP6,115.0405823412965,157.96445970737227,72.11670497522073,1.1204312911917504,,
LITAF,107.72164007589792,147.93723317360104,67.5060469781948,1.1204012173451838,,
ENSG00000276261,4.48312271437522,6.5105688868561975,2.455676541894243,1.119954003852772,,
PPTC7,57.11720921498882,78.60205064861424,35.6323677813634,1.119686642325124,,
TSC22D3,15.135573013874124,21.099945881490157,9.17120014625809,1.1195529173368826,,
PEX5,133.1109098782016,182.62858563641143,83.59323411999176,1.1181764775490322,,
PARP11,29.822276668885145,41.20192134966659,18.4426319881037,1.1180851500975728,,
RAB35,102.36366329641264,140.42869387343111,64.29863271939416,1.1149501634046248,,
SNHG16,61.97490406423735,85.16014193610442,38.789666192370284,1.1146268306367397,,
WNT9A,11.9960447530494,16.775407423797354,7.216682082301448,1.1132547751435666,,
RPSAP8,2.720027172477195,4.086926454522868,1.3531278904315216,1.1122145043368838,,
MYLK3,0.7391906569865694,1.3781496183856186,0.10023169558752011,1.1120321133383184,,
RESF1,48.88367082532551,67.19667449645739,30.570667154193632,1.1111166420755731,,
ACAP2,80.79479604676811,110.8222382784573,50.767353815078934,1.11109264878111,,
JARID2,47.82132060483927,65.7234800768038,29.919161132874752,1.109693358899006,,
TOGARAM2,3.348192169358117,4.942329665934632,1.754054672781602,1.1094714448241065,,
SSH2,46.29972723685085,63.63249444890839,28.966960024793313,1.108886934377408,,
SNX24,13.470115720403845,18.7713482504248,8.16888319038289,1.1085933317345844,,
LINC01968,1.3673556538674911,2.2335528297973815,0.5011584779376006,1.1070438904085305,,
PHC1,9.822525187863056,13.781496183856184,5.863554191869926,1.1067645528600234,,
NRP2,118.79877835806388,162.57413256886898,75.02342414725881,1.10542870837846,,
MBNL1,171.17408510235035,234.0478231223852,108.30034708231547,1.1046563368998192,,
MFN1,82.82834185721228,113.43597031332659,52.22071340109798,1.1044808470636927,,
ROBO3,4.3630199892103665,6.32047928432025,2.4055606941004823,1.1040457631169465,,
USP6NL,86.50099031364996,118.42582237989521,54.576158247404706,1.1035767959185727,,
DCLK2,1.1258534799578972,1.9008960253594738,0.3508109345563204,1.1026728241803767,,
TSC22D2,45.843077536508424,62.91965843939858,28.76649663361827,1.1025702654679443,,
ZNF146,240.31846043630583,328.2847435795811,152.35217729303056,1.1024870204130568,,
PCAT1,1.754018476838819,2.756299236771237,0.7517377169064008,1.100525216322902,,
HOXB-AS1,1.754018476838819,2.756299236771237,0.7517377169064008,1.100525216322902,,
ETV6,104.40498944833612,142.7572915044965,66.05268739217576,1.1002680728497056,,
TUBB2A,60.75011561227183,83.21172351011097,38.28850771443268,1.099913720323267,,
ENSG00000268926,6.320095304383999,8.981733719823513,3.6584568889444844,1.0994382757991745,,
WNK1,574.6646770084355,783.8344760569789,365.49487795989205,1.0985953816202503,,
ZNF546,4.894843461243427,7.033315293830053,2.7563716286568027,1.0966557009035163,,
ELF1,119.63000019327963,163.33449097901277,75.92550940754649,1.0951013115495558,,
GPR19,3.711093792012451,5.4175536722745,2.0046339117504024,1.0948342346947633,,
CABYR,7.8667465962693095,11.072719347718934,4.660773844819685,1.0926794834883988,,
AASS,26.228692154877777,36.06950208119601,16.38788222855954,1.0921505078454565,,
TMEM263,36.35191242950339,49.8509982650522,22.852826593954585,1.092115858385307,,
VIM,332.80215872740416,453.3637020482345,212.24061540657382,1.0913653354515933,,
RAPH1,13.737972541790207,19.056482654228724,8.41946242935169,1.090351987397998,,
TFG,80.85658240678086,110.39453667275143,51.3186281408103,1.0902818604704454,,
IGFL2,0.642849132138709,1.235582416483658,0.050115847793760056,1.0901022395025661,,
UBE2E2,15.526126007585113,21.480125086562055,9.57212692860817,1.0883844120496833,,
NGFR,234.8386640321968,319.73071146546346,149.9466165989301,1.087324085342433,,
TMPPE,6.1999925792191455,8.791644117287566,3.608341041150724,1.0873036357849615,,
NT5E,14.729039161325463,20.387109871980357,9.07096845067057,1.0865391150220574,,
SPRED3,1.3435944535504976,2.1860304291633947,0.5011584779376006,1.0856837549052667,,
TEAD4,94.36602001046035,128.64313851620238,60.08890150471831,1.0855636488855738,,
DEXI,8.930393540335434,12.49839136673854,5.362395713932326,1.0851454790781287,,
SENP5,85.74063190350617,116.90510555960763,54.576158247404706,1.0850881761632623,,
ESAM-AS1,1.0295119551100367,1.7583288234575132,0.3006950867625603,1.0845116520349019,,
YBX3,630.8340678538472,857.6842866421945,403.98384906549984,1.0842634178149104,,
YAF2,19.70683673573885,27.135290762006488,12.278382709471213,1.0833014339736107,,
FBXO32,3.059167594814536,4.51462806022875,1.6037071294003218,1.0826964048681071,,
RAD52,26.810631474704596,36.782338090705814,16.83892485870338,1.0826833155118032,,
C11orf21,1.7302572765218254,2.70877683613725,0.7517377169064008,1.082156680697626,,
SNX30,82.14315721875913,111.915253493039,52.37106094447926,1.081110794479336,,
NFKBIZ,3.1317479193454028,4.6096728614967235,1.653822977194082,1.0798445006506896,,
LINC00460,1.8028376010526923,2.803821637405224,0.8018535647001609,1.0779678301217985,,
LINC01806,11.854774274727328,16.442750619359447,7.2667979300952075,1.0772270348470117,,
KLHL18,46.988381870164616,64.10771845524825,29.869045285080993,1.0766677194842553,,
RPL35A,588.64334756832,798.6614650547829,378.62523008185724,1.0748134896560246,,
ZNF345,6.079889854054292,8.60155451475162,3.558225193356964,1.0747957996487418,,
CORO1C,498.9069076448765,676.6714626273387,321.1423526624144,1.0728876724804892,,
QKI,66.8045273665502,90.91035241281683,42.698702320283566,1.0726369320502764,,
SBNO1,177.98412474427477,241.6038848231891,114.36436466536045,1.0724049992890001,,
KPNA4,248.3040492301029,336.8387756936987,159.76932276650706,1.0713427794177153,,
SLC24A4,1.9479982501144262,2.993911239941171,0.902085260287681,1.0702203549749645,,
ECT2,192.4621644907524,261.0880690831237,123.8362598983811,1.0700146402161805,,
PIK3CA,46.58055129403607,63.442404846372426,29.718697741699714,1.0688932760414025,,
ARL4D,26.23387904919732,35.879412478660065,16.58834561973458,1.068195884938342,,
CDKN1B,104.57738129257547,141.9494106937187,67.20535189143223,1.0675478192751833,,
FAM107B,59.195263803028155,80.50294667397371,37.8875809320826,1.067542727502294,,
PRDM1,15.746460428337485,21.670214689098,9.822706167576971,1.0667367701138837,,
ARL14EPL,0.5465076072908487,1.0930152145816974,0.0,1.0655827988950002,,
ITIH3,0.5465076072908487,1.0930152145816974,0.0,1.0655827988950002,,
ALKBH8,18.912343336638976,25.947230746156816,11.877455927121133,1.06528941840908,,
HELB,8.448685916096132,11.785555357228738,5.1118164749635255,1.0648416992474072,,
ENSG00000282057,0.9331704302621764,1.6157616215555526,0.2505792389688003,1.0646345995832251,,
NIPAL4,3.639810191061471,5.274986470372539,2.0046339117504024,1.0624231265162718,,
GPR160,4.413135837004126,6.32047928432025,2.5057923896880028,1.0621975439741913,,
ENSG00000284968,3.32572769262101,4.8472848646666575,1.804170520575362,1.0601927956481745,,
MFSD14CP,27.27506151652634,37.2100396964117,17.34008333664098,1.058951562012892,,
KLHL8,30.586105073889563,41.67714535600646,19.49506479177266,1.0581871277185368,,
NANOS1,48.49399437931538,65.86604727870576,31.121941479924995,1.0577147430101326,,
SLC2A12,2.6249823712092213,3.896836851986921,1.3531278904315216,1.0572703986475287,,
ELK3,119.01438225631853,161.10093814921538,76.92782636342169,1.05668195938675,,
FENDRR,1.07833107932391,1.8058512240915,0.3508109345563204,1.054612751473385,,
FAAP24,12.412952394237156,17.10806422823526,7.717840560239049,1.054589605128884,,
SMG9,137.07002565796586,185.38488487318267,88.75516644274906,1.0542179773475777,,
CCN1,69.37638026692686,93.99930845402598,44.75345207982773,1.054036413133548,,
TWF1,114.90884529985544,155.44577247377097,74.37191812593993,1.0535636610196122,,
HECTD4,59.49206871905106,80.64551387587568,38.338623562226445,1.0534271377599362,,
PPP1CC,268.25414123515304,362.40582723478366,174.10245523552243,1.053382240499093,,
PPP1R2,228.86075896913172,309.2282609253524,148.49325701291104,1.0532497056100512,,
ENSG00000269906,0.6916682563525824,1.2831048171176447,0.10023169558752011,1.0531897250692845,,
TPM1,19.566862980996664,26.755111556934594,12.378614405058734,1.0528247849509556,,
GAPDH,2987.0079848292094,4031.3252457811036,1942.690723877315,1.0528133322515894,,
GMPSP1,4.3893746366871325,6.272956883686263,2.5057923896880028,1.0528014602441376,,
SMPDL3B,4.3893746366871325,6.272956883686263,2.5057923896880028,1.0528014602441376,,
ZNF433-AS1,6.854512223576833,9.599524928065343,4.109499519088324,1.0527457147962402,,
MYL9,22.177161216948097,30.27176920384962,14.082553230046575,1.051980168205941,,
TRAFD1,39.481943449389874,53.605267915137155,25.358618983642586,1.0507653537797212,,
ACP7,5.453021580753257,7.698628902705869,3.2074142588006436,1.0478541463161877,,
FBN1,0.7642485808834494,1.3781496183856186,0.15034754338128015,1.0477696888102455,,
MRPL42,82.45552281774067,111.48755188733313,53.423493748148225,1.0474638792331639,,
AFAP1L1,8.909225787178213,12.35582416483658,5.462627409519846,1.0472762816486334,,
NOL11,113.82792077337176,153.73496605094743,73.92087549579608,1.0463595813758602,,
TOB1,53.21171547382173,72.04395936112405,34.3794715865194,1.0458524683096329,,
AZI2,20.341485350519203,27.753081970248314,12.929888730790095,1.045532869162464,,
BRAP,50.190993214581965,67.95703290660119,32.42495352256275,1.0447721450162757,,
U2SURP,258.1965974912798,348.05406224331966,168.33913273924003,1.0435350959354956,,
KRT80,146.84979516363546,197.9783210411892,95.72126928608171,1.040706173240507,,
ENSG00000289971,2.287138672451767,3.4216128456470525,1.1526644992564812,1.0384492213270522,,
ZNF608,53.94011216629017,72.89936257253582,34.98086176004452,1.0383321800054388,,
LINC02912,1.3686523774473778,2.1860304291633947,0.5512743257313606,1.0383062122129727,,
OXCT2P1,0.909409229945183,1.5682392209215656,0.2505792389688003,1.0381831176396454,,
DCP1B,24.161887903178382,32.83797883808491,15.485796968271858,1.0374197655307509,,
FAH,32.308161833053035,43.768130983901884,20.848192682204186,1.0349581461035224,,
AGPAT4,0.9819895544760497,1.6632840221895393,0.3006950867625603,1.033923490587235,,
ACSS1,57.01224699690357,76.9387666264247,37.08572736738244,1.0330906523827117,,
SCYL2,102.9391551942828,138.62284264933962,67.25546773922599,1.0325184636921618,,
LARP4,198.17659547093535,266.5531451560322,129.80004578583853,1.0324624424466338,,
GMPS,215.0973083275656,289.26885265907794,140.92576399605326,1.0322532639119513,,
ARL13B,14.17993810687484,19.38913945866663,8.97073675508305,1.03202886952163,,
ZNF35,13.720694959372645,18.7713482504248,8.67004166832049,1.031817243457254,,
AAK1,71.46782226664409,96.32790608509133,46.607738448196855,1.0316574202943782,,
OSBPL10,60.13190422815096,81.07321548158156,39.19059297472036,1.0300536134386578,,
PLS3-AS1,1.054569879006917,1.7583288234575132,0.3508109345563204,1.0299686895440572,,
ZNF383,10.046749779355089,13.829018584490171,6.264480974220008,1.0294914900331251,,
LRCH3,57.66676664126126,77.74664743720248,37.58688584532004,1.029107887581354,,
ADAMTS9,2.5774599705752346,3.8017920507189475,1.3531278904315216,1.0289931948062663,,
ENSG00000291107,3.1092834426082963,4.51462806022875,1.703938824987842,1.0282010731747402,,
PRR20G,0.595326731504722,1.140537615215684,0.050115847793760056,1.0274246945004408,,
NECAP1,37.89425337477,51.181625482803824,24.60688126673619,1.0270103317072754,,
C1orf226,6.227643950275798,8.696599316019592,3.7586885845320044,1.0269148244308073,,
ENSG00000257027,5.768400802773603,8.078808107777762,3.4579934977694435,1.0261083964158644,,
ORC4,51.55274179825088,69.47774972688876,33.627733869612996,1.025239884558642,,
EPSTI1,2.722620619636968,3.9918816532548944,1.4533595860190416,1.0248250279156985,,
MRPL3P1,13.213929411236464,18.058512240915,8.369346581557929,1.0244151600403515,,
UTRN,22.85933223236244,30.984605213359423,14.734059251365457,1.023486754526771,,
ACTG1,3051.2168398786143,4090.633201772319,2011.8004779849102,1.023472649223556,,
TDG,18.677324780628815,25.376961938548973,11.977687622708654,1.0232450611701118,,
FGD1,2.2633774721347732,3.3740904450130658,1.1526644992564812,1.0228595642872695,,
SLC15A3,0.6679070560355891,1.235582416483658,0.10023169558752011,1.022843362933908,,
FKBP4,510.9320090803908,685.0354051389203,336.8286130218613,1.021991508345208,,
ETV1,17.976579459217024,24.426513925869237,11.526644992564814,1.0213336066445433,,
MRPL51,268.879748980817,360.59997601069216,177.1595219509418,1.0212249899300092,,
ISL1,3.399604740731763,4.894807265300645,1.904402216162882,1.021203385286076,,
CHD3,119.29089596688506,160.15049013653564,78.43130179723448,1.0206290234470101,,
APOL6,13.7945720074834,18.818870651058788,8.770273363908009,1.0204039217834169,,
RIOX2,28.2752052011208,38.20801010972542,18.34240029251618,1.019381586889391,,
DDX11-AS1,5.140235805892681,7.223404896366,3.0570667154193636,1.0192988379337973,,
LTBP2,102.82942625775704,138.05257384173177,67.60627867378231,1.0192179296266013,,
NOPCHAP1,23.63395460188498,31.982575626673146,15.285333577096816,1.0181307928214882,,
ZNF384,122.77475154436667,164.71264059739838,80.83686249133497,1.017860915473674,,
YARS2,55.76240062104117,74.99034820043124,36.53445304165108,1.0176007284998567,,
RPL19P5,27.719620528770747,37.447651699581634,17.99158935795986,1.0175348381176457,,
ARMC8,50.05750307773922,67.33924169835936,32.77576445711908,1.01672581663824,,
GNA13,79.67199238579182,106.97292382710438,52.37106094447926,1.0165399801932151,,
ERC1,105.563717389613,141.6167538892808,69.51068088994519,1.0162297549656694,,
SHOX2,1.9492949736943128,2.9463888393071844,0.952201108081441,1.0154314310712345,,
TAOK1,158.8964121363004,212.90035484026103,104.8924694323398,1.0143388804143365,,
PADI3,3.158102566822169,4.562150460862736,1.754054672781602,1.0140855715642503,,
BMI1,30.54895646189467,41.20192134966659,19.895991574122743,1.0140824625239075,,
FN1,218.32196397284105,292.3102862996531,144.33364164602898,1.0130589720077046,,
SPRING1,79.19158148513242,106.2125654169606,52.17059755330422,1.011773415735348,,
JPT1,206.18895908808827,275.96258048156164,136.41533769461486,1.0111480311719523,,
SEMA6A,1.490051826192118,2.3285976310653553,0.6515060213188808,1.011132254914965,,
HOXD10,3.9076670124478317,5.5601208741764605,2.255213150719203,1.0109703837404684,,
DLG1,147.82835091919367,197.9307986405552,97.72590319783211,1.0107660863628443,,
WIPI1,20.903553640768692,28.27582837722217,13.531278904315215,1.0105483124400914,,
PARP14,59.198733797888785,79.457453860026,38.94001373575156,1.0103912545179619,,
ZNF620,9.49246183058492,13.021137773712395,5.963785887457447,1.0096596736621177,,
NR3C1,16.286064241849868,22.097916294803884,10.474212188895851,1.0093676067159254,,
MRAS,5.261635254637422,7.36597209826796,3.1572984110068836,1.0088868780192684,,
TRIM59,18.389596929665117,24.901737932209105,11.877455927121133,1.0082012993825562,,
DHX8,118.36031898378266,158.43968371371213,78.28095425385321,1.0079645208321115,,
ENSG00000289688,2.2396162718177797,3.3265680443790786,1.1526644992564812,1.0070996046011327,,
MEFV,10.604927898864918,14.494332193365988,6.715523604363847,1.005904604096159,,
AFF1,100.44724278403731,134.44087139354878,66.45361417452584,1.0056955101555531,,
UTP6,83.78919985447389,112.20038789684293,55.37801181210486,1.0056743949385778,,
RAP1B,40.222010654077295,54.03296952084304,26.41105178731155,1.0055384903028064,,
MANSC4,1.0308086786899233,1.7108064228235262,0.3508109345563204,1.0048963319587805,,
PSMD12P1,4.343148959633033,6.130389681784303,2.5559082374817628,1.0037628283524205,,
SIK3,59.00864419535284,79.07727465495411,38.94001373575156,1.0035580454764923,,
NCK1-DT,3.7387451630691046,5.3225088710065265,2.1549814551316824,1.002865630988413,,
DLEU2,18.414654853562,24.901737932209105,11.927571774914894,1.0025975870503459,,
BTG1,23.90310814685123,32.22018762984308,15.586028663859379,1.0020917310568298,,
WDR48,33.98528963874229,45.669027009261356,22.301552268223222,1.0020393238338885,,
TMEM80,26.021998517402782,17.01301942696729,35.030977607838274,-1.0001977632748635,,
LMO2,56.4649494092318,37.30508449767967,75.62481432078393,-1.0002757691222897,,
STING1,22.03523136658187,14.351764991464027,29.718697741699714,-1.0007125254689289,,
ETS2,112.62661028454127,74.70521379662732,150.5480067724552,-1.001310310529046,,
HSF4,4.709556773090776,2.803821637405224,6.615291908776328,-1.00144973976275,,
SLC12A9,73.69298575429514,48.7579830504705,98.62798845811979,-1.0016230883490769,,
EFR3B,11.059092739875915,7.033315293830053,15.084870185921776,-1.001636886624244,,
MTCYBP18,6.284735983733593,3.8493144513529347,8.72015751611425,-1.0031988854356395,,
MT-TY,13.495738603950894,8.649076915385605,18.34240029251618,-1.0033039991420714,,
PTPRN2,105.4670202356976,69.85792893196066,141.07611153943455,-1.0036627989959976,,
SSBP2,2.7161731976803187,1.4731944196535922,3.959151975707045,-1.0037177826277288,,
PPP1R13L,57.918729171129876,38.20801010972542,77.62944823253433,-1.003921306722977,,
PTTG1IP,637.7803753604209,424.0423808570646,851.5183698637771,-1.0041242221805462,,
RNF224,1.3626251313697622,0.570268807607842,2.1549814551316824,-1.0066199760649333,,
PARLP2,1.3626251313697622,0.570268807607842,2.1549814551316824,-1.0066199760649333,,
SDC1,183.34075291408928,121.51477842110435,245.1667274070742,-1.0066799905382884,,
SSR2,145.3161174379093,96.23286128382335,194.39937359199524,-1.0069099608609857,,
MT-ND2,2613.0114732766183,1734.8527575443238,3491.170189008913,-1.008479292228274,,
HYAL2,69.53859347767539,45.81159421116332,93.26559274418747,-1.0098653803071882,,
ANKRD9,36.97696939095152,24.1889019226993,49.76503685920373,-1.0110469880897999,,
RHBDD2,116.94302061676129,77.22390103022862,156.66214020329394,-1.0111548735577511,,
CACNG4,0.7227896222698611,0.1425672019019605,1.3030120426377616,-1.0112429329448458,,
STPG3,0.7227896222698611,0.1425672019019605,1.3030120426377616,-1.0112429329448458,,
EML2,19.576121025769783,12.6409585686405,26.511283482899067,-1.0120784191634855,,
MT1A,5.817712494752078,3.5166576469150264,8.118767342589129,-1.0135832521418215,,
MIR663AHG,2.519599977244938,1.3306272177516316,3.708572736738244,-1.0145715513471814,,
MT-RNR1,3904.3133307271983,2584.600803280642,5224.025858173754,-1.0149386255654251,,
LINC01833,1.7320103719235296,0.8078808107777763,2.6561399330692828,-1.0160217208782276,,
SLC4A2,245.08640445172057,161.8137741587252,328.3590347447159,-1.0164383678866533,,
ZDHHC4,30.825303368181647,20.054453067542447,41.59615366882085,-1.016597765366859,,
UNC93B1,53.96220683852538,35.356666071686206,72.56774760536456,-1.0168535120224906,,
SLC30A1,49.90156263959371,32.64788923554896,67.15523604363847,-1.0183084906811333,,
NMRK1,12.734503646106251,8.078808107777762,17.39019918443474,-1.0183622918021225,,
NFE2L3,210.60657056127684,138.86045465250956,282.35268647004415,-1.0186107805595528,,
POLD2,213.48777543759624,140.71382827723505,286.26172259795743,-1.019385225983218,,
SPPL2B,49.139030958169194,32.12514282857511,66.15291908776328,-1.0195234387320193,,
NRN1,10.371734830142026,6.5105688868561975,14.232900773427856,-1.0201966040647217,,
ANO1,195.37321451520384,128.69066091683635,262.05576811357133,-1.0202940906784617,,
PPP2R2C,20.02068003801419,12.878570571810435,27.16278950421795,-1.0209312542760578,,
MBLAC2,8.082843062288555,4.989852066568618,11.175834058008492,-1.023428324055444,,
LINC01134,3.184493410241719,1.7583288234575132,4.610657997025925,-1.0243755222550819,,
FSCN1,98.71613731068337,64.72550966349009,132.70676495787663,-1.0245471318563433,,
CXCL16,39.615375369781425,25.75714114362087,53.47360959594198,-1.025633487921758,,
RHOD,33.70780496808092,21.86030429163395,45.55530564452789,-1.0261009856614842,,
PDCD6,12.78461949390001,8.078808107777762,17.49043088002226,-1.0262040301851585,,
PEX6,28.24349685504494,18.248601843450945,38.23839186663893,-1.027512258945061,,
MAB21L4,32.57588804610262,21.099945881490157,44.05183021071509,-1.027542879339696,,
TMEM209,40.748589015339604,26.46997715313067,55.027200877548545,-1.028271706714167,,
PCOLCE,6.95092614031026,4.229493656424829,9.672358624195692,-1.029135881464365,,
ENSG00000290758,1.3876830552666422,0.570268807607842,2.2050973029254424,-1.029356606949036,,
SMPD5,1.3876830552666422,0.570268807607842,2.2050973029254424,-1.029356606949036,,
MIR34AHG,3.701632747016993,2.090985627895421,5.3122798661385655,-1.0300942250797458,,
TNFRSF19,50.0056845059209,32.505322033647,67.5060469781948,-1.0318410657879,,
ZNF316,74.69659943375024,48.71046064983651,100.68273821766395,-1.0324534089422661,,
PNKP,49.24315282449638,31.982575626673146,66.5037300223196,-1.033263158708364,,
SNORD3A,1.6093141995989027,0.7128360095098026,2.5057923896880028,-1.0333535319402736,,
MOB3A,31.075882607150447,20.054453067542447,42.09731214675845,-1.0334724964112008,,
KCNK6,12.760858293583018,8.031285707143777,17.49043088002226,-1.0337755524303422,,
GAD1,44.27092612433878,28.703529982928053,59.838322265749504,-1.0343459766662113,,
ARVCF,15.518070273997889,9.837136931235277,21.199003616760503,-1.0345112632112317,,
CACNA2D2,1.6831912477096564,0.7603584101437896,2.606024085275523,-1.034539840379699,,
PFKL,130.33292045492607,85.16014193610442,175.5056989737477,-1.0346222340168822,,
ATP6V0E2,46.757687836207516,30.319291604483602,63.19608406793143,-1.0354337148924204,,
SLC1A1,1.7570682958204098,0.8078808107777763,2.706255780863043,-1.035662882432677,,
SMIM14,8.354590054414576,5.132419268470579,11.576760840358572,-1.0362321608855876,,
KLK10,5.74513217022121,3.4216128456470525,8.068651494795368,-1.0363153294893406,,
TBRG4,179.29913939297685,117.19023996341154,241.40803882254218,-1.0363266387135075,,
LBX1,1.8309453439311631,0.8554032114117631,2.806487476450563,-1.0367275880043558,,
PTPRU,44.838181308907814,29.03618678736596,60.64017583044967,-1.0371693085499019,,
ELFN1,4.588157324346035,2.6612544355032632,6.515060213188807,-1.0374466276568322,,
PEAR1,4.588157324346035,2.6612544355032632,6.515060213188807,-1.0374466276568322,,
CCNI2,1.9048223920419165,0.90292561204575,2.906719172038083,-1.0377383877331028,,
DAGLB,42.25378134861133,27.325380364542433,57.18218233268023,-1.038482081673923,,
ENSG00000285796,6.410025603217993,3.8493144513529347,8.97073675508305,-1.039919304207647,,
PRR18,6.483902651328745,3.896836851986921,9.07096845067057,-1.0402803876846747,,
GSAP,9.610499872297385,5.940300079248356,13.280699665346415,-1.040996716790038,,
DNASE2,57.5925559845914,37.30508449767967,77.88002747150313,-1.0421241504527823,,
ENSG00000291008,2.3480846807064375,1.188060015849671,3.508109345563204,-1.0428701988817666,,
RTL8B,0.8217245942774944,0.1900896025359474,1.4533595860190416,-1.0436885045344615,,
P3H2,0.8956016423882479,0.23761200316993422,1.5535912816065616,-1.044968536909229,,
MFSD13A,9.340049603751252,5.750210476712408,12.929888730790095,-1.0451793417116615,,
MAOB,23.471733546062385,14.969556199705854,31.973910892418914,-1.0460007887126046,,
ENSG00000288746,0.9694786904990015,0.285134403803921,1.653822977194082,-1.0461528898424284,,
ESPNP,1.043355738609755,0.3326568044379079,1.754054672781602,-1.0472519049240097,,
EPPK1,4.6870922963536685,2.70877683613725,6.6654077565700875,-1.0474190763232758,,
PLEKHG5,22.90577508507324,14.58937699463396,31.22217317551252,-1.0474905235914507,,
ENSG00000272948,1.1172327867205083,0.3801792050718948,1.854286368369122,-1.0482744851540717,,
CDS1,22.33981662408409,14.209197789562067,30.47043545860611,-1.0490530814502932,,
IDH2,29.356839471025783,18.7713482504248,39.942330691626765,-1.0501819769818819,,
HADH,55.75081667614211,35.92693487929405,75.57469847299016,-1.0521942643646556,,
OXR1-AS1,3.6778715466999996,2.043463227261434,5.3122798661385655,-1.0524472367027007,,
FABP3,12.73839381684591,7.9362409058758026,17.540546727816018,-1.0529438030410057,,
FNDC11,6.016879162347232,3.564180047549013,8.46957827714545,-1.052944473322218,,
MVD,44.302467666135094,28.465917979758117,60.13901735251207,-1.0530461523763117,,
PDE2A,1.6343721234957826,0.7128360095098026,2.5559082374817628,-1.0538310635638182,,
CD320,74.36523935289222,47.997624640326706,100.73285406545772,-1.0540019493584154,,
ENSG00000268403,4.121133835364521,2.3285976310653553,5.913670039663687,-1.0545372669374724,,
HOXA7,13.920426586617968,8.696599316019592,19.14425385721634,-1.054817593999465,,
PANX2,4.416642027807535,2.5186872336013026,6.314596822013767,-1.055741063110199,,
HERPUD2,20.888630309345785,13.211227376248342,28.566033242443233,-1.0569095350488882,,
MNX1-AS1,10.202812980763298,6.272956883686263,14.132669077840335,-1.0570525417201715,,
ZNF295-AS1,2.0776344121603034,0.9979704133137236,3.1572984110068836,-1.0571110890474802,,
GRTP1,2.2992655564925637,1.140537615215684,3.4579934977694435,-1.0584213244155194,,
GAA,60.82586851904699,39.11093572177117,82.54080131632281,-1.0584853595427564,,
DGCR5,2.3731426046033173,1.188060015849671,3.558225193356964,-1.05881989082999,,
CTSC,72.94040768563067,46.952131826379,98.92868354488236,-1.0593038937537003,,
IL17RE,8.602575846223603,5.227464069738553,11.977687622708654,-1.0593166476348848,,
MTARC2,2.5208967008248244,1.2831048171176447,3.7586885845320044,-1.0595669504655625,,
TMEM198,30.811915956503746,19.626751461836566,41.99708045117092,-1.0597220756688868,,
LRRC61,17.048320531166492,10.692540142647038,23.404100919685945,-1.0615352200569799,,
ITGA7,106.10860884019922,68.38473451230708,143.83248316809136,-1.0616950154113194,,
LINC00239,3.0380360376000985,1.6157616215555526,4.460310453644644,-1.0617519081637519,,
FAM174B,14.930944059851523,9.314390524261421,20.547497595441623,-1.0628617574799246,,
CFAP410,7.814986240902194,4.704717662764697,10.925254819039692,-1.0637927023961675,,
GLB1L2,160.11013756200023,103.21865417701943,217.00162094698103,-1.0647253323503183,,
ZFYVE28,13.03519873286881,8.078808107777762,17.99158935795986,-1.0647858321526718,,
C21orf58,35.81179402771799,22.810752304313684,48.81283575112229,-1.0649043397696865,,
FNDC4,4.3678229035936615,2.471164832967316,6.264480974220008,-1.0654398501037816,,
CRYGN,19.14193580216447,12.023167360398672,26.260704243930267,-1.0657424641447932,,
TBX2,4.663331096036675,2.6612544355032632,6.6654077565700875,-1.066024501296639,,
RAB17,45.68626055066208,29.17875398926792,62.19376711205623,-1.0662490288649245,,
CCDC120,41.50032673224601,26.46997715313067,56.53067631136134,-1.0664757196414116,,
FOXO6,5.2543474809227035,3.0414336405751583,7.467261321270248,-1.0670282558678978,,
VSIG10L,11.434961598329116,7.033315293830053,15.83660790282818,-1.0675340996603044,,
DOK7,45.58862230223433,29.083709187999947,62.093535416468704,-1.0685097379051705,,
FBXL6,47.0661632644494,30.034157200679683,64.09816932821911,-1.0687600059483615,,
PPP1R35,34.1877956928613,21.717737089731987,46.65785429599062,-1.0688948630271193,,
DAB2IP,68.63696458920953,43.95822058643783,93.31570859198123,-1.0689131406527586,,
TSPAN5,68.07100612822038,43.578041381365935,92.56397087507482,-1.0696198607606575,,
B4GAT1,24.560018238146355,15.492302606679711,33.627733869612996,-1.070135139182239,,
LMF2,86.36745613579036,55.36359673859467,117.37131553298605,-1.070483937950259,,
SPTBN2,103.95019358614968,66.67392808948354,141.22645908281584,-1.0715178451369276,,
XK,0.6990284219528676,0.0950448012679737,1.3030120426377616,-1.07253205949959,,
ENSG00000229191,0.7729054700636211,0.1425672019019605,1.4032437382252816,-1.07270395259115,,
XKR7,0.7729054700636211,0.1425672019019605,1.4032437382252816,-1.07270395259115,,
LINC01144,0.920659566285128,0.23761200316993422,1.6037071294003218,-1.0730080860096594,,
SLAIN1,0.920659566285128,0.23761200316993422,1.6037071294003218,-1.0730080860096594,,
LTC4S,1.6594300473926629,0.7128360095098026,2.606024085275523,-1.0740220014158863,,
ENSG00000290600,1.8071841436141698,0.8078808107777763,2.806487476450563,-1.0741607641821118,,
DUSP9,2.3982005285001975,1.188060015849671,3.608341041150724,-1.0745951775908225,,
CLDND2,2.545954624721704,1.2831048171176447,3.808804432325764,-1.0746811598494987,,
MAGIX,2.693708720943212,1.3781496183856186,4.009267823500805,-1.0747602648717618,,
SERPINI1,2.915339865275472,1.5207168202875792,4.309962910263365,-1.0748677303623086,,
TMEM150C,4.614511971822802,2.6137320348692765,6.615291908776328,-1.0754098074698641,,
CTSZ,575.1881222843291,369.77179933305166,780.6044452356066,-1.07590715472971,,
MXRA8,10.9679381093476,6.700658489392144,15.235217729303056,-1.076073010442189,,
GFI1,14.809544611106782,9.171823322359462,20.447265899854102,-1.076215435773482,,
ALPP,17.912380631758428,11.167764148986908,24.656997114529947,-1.0762882335092228,,
PLXNB3,19.685429786416513,12.308301764202593,27.06255780863043,-1.07632002714894,,
CDH3,42.80894584508235,27.18281316264047,58.435078527524226,-1.076499033342271,,
RFLNB,73.07477437017428,46.6194750219411,99.53007371840746,-1.078003529397373,,
SLC5A6,150.55063008519747,96.32790608509133,204.7733540853036,-1.0801307551486763,,
KIZ,168.70062272012584,107.9708942404181,229.43035119983355,-1.0803879068290976,,
TTC3,140.20914007327184,89.62724759569917,190.79103255084453,-1.0815184917304859,,
TMEM143,7.003635435263793,4.134448855156855,9.872822015370732,-1.0824451096706866,,
CASTOR3P,6.92975838715304,4.086926454522868,9.77259031978321,-1.0824990530244398,,
ADCK5,14.785783410789787,9.124300921725473,20.447265899854102,-1.0829714504877548,,
LRP5,190.9177431718853,122.0850472287122,259.7504391150584,-1.0830141731199687,,
ADAM15,200.6958681699815,128.31048171176448,273.08125462819856,-1.0837644380354965,,
DISP2,13.012734256131706,7.983763306509789,18.041705205753622,-1.0837708564248254,,
PPARD,135.40972539323266,86.44324675322206,184.37620403324325,-1.0840371889857017,,
ABCD1,53.869335308538155,34.16860605583654,73.57006456123976,-1.084308437197889,,
MT2A,272.9039889924041,174.54977752863368,371.2582004561745,-1.084423462294089,,
ATP2A3,11.018053957141362,6.700658489392144,15.335449424890578,-1.0849524249138143,,
HOXA4,3.9746764627229005,2.1860304291633947,5.763322496282407,-1.0859721017624469,,
KREMEN2,28.70102310308821,18.010989840281013,39.39105636589541,-1.08720222763125,,
SORBS2,13.259423324360846,8.12633050841175,18.39251614030994,-1.0873931956121015,,
TAPT1,12.963915131917831,7.9362409058758026,17.99158935795986,-1.0876206619638418,,
HGSNAT,15.574669739691084,9.599524928065343,21.549814551316825,-1.0891159643901596,,
PPFIA3,22.716982206117173,14.161675388928078,31.27228902330627,-1.089866727186987,,
RASGRF1,22.421474013674164,13.971585786392131,30.871362240956195,-1.09003364452193,,
IGFL4,12.915096007703958,7.888718505241816,17.9414735101661,-1.0915012219686588,,
PNPLA7,23.6285647073431,14.73194419653592,32.52518521815028,-1.091548328720013,,
QSOX1,299.34636514585526,190.84996094609116,407.84276934561933,-1.091567654310611,,
RP9P,2.0538732118433103,0.9504480126797369,3.1572984110068836,-1.0918407631502678,,
GPR153,51.089658851386176,32.26771003047707,69.91160767229529,-1.0918992423215998,,
C1orf210,1.9799961637325567,0.90292561204575,3.0570667154193636,-1.0922178609772835,,
LMF1,5.329521252613343,3.0414336405751583,7.617608864651528,-1.092420459877031,,
SEMA7A,8.605169293383376,5.132419268470579,12.077919318296173,-1.0926047866387185,,
EIF2AK1,271.4696600842043,172.9340159070781,370.0053042613305,-1.092899708147998,,
CLTCL1,4.073611434730534,2.2335528297973815,5.913670039663687,-1.0963315701536853,,
MNX1,30.77217389734908,19.246572256764672,42.29777553793349,-1.0966152266004923,,
LINC02918,1.3151027307357754,0.47522400633986844,2.1549814551316824,-1.096697487056328,,
GLTPD2,1.3151027307357754,0.47522400633986844,2.1549814551316824,-1.096697487056328,,
HIC1,3.7781032422875196,2.043463227261434,5.5127432573136055,-1.097551419951007,,
FUOM,3.704226194176767,1.9959408266274472,5.412511561726086,-1.097880392748208,,
ACTR3B,18.703860407819498,11.547943354058802,25.85977746158019,-1.097996430345922,,
MFAP2,10.945473632610494,6.605613688124171,15.285333577096816,-1.0984367040229968,,
NT5M,6.019472609507004,3.469135246281039,8.569809972732969,-1.0984945728142421,,
A2M,1.093471586403515,0.3326568044379079,1.854286368369122,-1.0988247917234206,,
IL16,15.354335318938709,9.409435325529394,21.299235312348024,-1.0991024282114792,,
RUSF1,31.438364053925746,19.626751461836566,43.24997664601493,-1.1011600668799708,,
MICAL1,19.93600902538531,12.308301764202593,27.56371628656803,-1.1018572089846403,,
CCDC127,26.290731886489993,16.347705818091473,36.23375795488852,-1.101866349537861,,
ENSG00000225356,19.714377881053053,12.165734562300633,27.263021199805472,-1.1021276754112508,,
E2F5,6.857178062622173,3.9918816532548944,9.722474471989452,-1.102982244685716,,
DBNL,118.16441146575175,74.70521379662732,161.62360913487618,-1.103072151365634,,
ENSG00000273437,0.6502092977389942,0.04752240063398685,1.2528961948440014,-1.104799745616002,,
ENSG00000289901,47.44981246438192,29.749022796875764,65.15060213188808,-1.1052137262383093,,
RRBP1,465.74127488753186,295.16163033769226,636.3209194373715,-1.105635274361502,,
FKBP14,24.542740655728796,15.20716820287579,33.8783131085818,-1.105698227767817,,
KMT5C,13.384712943845244,8.12633050841175,18.64309537927874,-1.105915482160236,,
NMNAT3,7.842637611958848,4.6096728614967235,11.075602362420973,-1.1061066112770828,,
PCK2,54.15015936572338,33.97851645330059,74.32180227814617,-1.1065984193383342,,
SLC52A2,111.66582467916523,70.4281977395685,152.90345161876195,-1.1074599624546335,,
PDE5A,3.7292841180736467,1.9959408266274472,5.462627409519846,-1.1091116890316315,,
HOXA11-AS,5.010251859853335,2.803821637405224,7.216682082301448,-1.111106348184161,,
TMEM121B,1.8572999914079298,0.8078808107777763,2.906719172038083,-1.1116579860497895,,
BRAT1,81.81560707168116,51.37171508533978,112.25949905802253,-1.11277229747016,,
ALDH4A1,29.224646057762918,18.106034641548987,40.34325747397685,-1.1136236790294871,,
LINC03072,5.847957312968504,3.3265680443790786,8.369346581557929,-1.114725345552838,,
PHLDA1,187.2731662623833,117.90307597292136,256.64325655184524,-1.1155887949965642,,
HMGCR,125.12311794754133,78.64957304924823,171.59666284583443,-1.115666036784708,,
ENO3,20.455741809320358,12.545913767372525,28.36556985126819,-1.1162679174397214,,
CABP1,1.4879147508541621,0.570268807607842,2.4055606941004823,-1.1168807951426718,,
MRPS17,8.114384604084869,4.752240063398684,11.476529144771053,-1.1170208541394708,,
FAM234A,100.95883959742551,63.347360045104466,138.57031914974655,-1.117039306567391,,
ZNF524,17.155035844653447,10.454928139477106,23.855143549829787,-1.117576027357144,,
ICAM5,30.112467358671843,18.628781048522843,41.59615366882085,-1.1177525804908377,,
H4C15,2.695005444523098,1.3306272177516316,4.059383671294564,-1.1182433832343286,,
SEPTIN3,6.537908669862166,3.7542696500849604,9.32154768963937,-1.11836367870027,,
ELFN1-AS1,20.48079973321724,12.545913767372525,28.415685699061953,-1.1187279500444611,,
QPCTL,25.01365431544997,15.397257805411739,34.6300508254882,-1.119639975463127,,
FKBP9P1,7.449491171088088,4.324538457692802,10.574443884483372,-1.1202144982057667,,
DMPK,26.24580293301578,16.157616215555525,36.33398965047604,-1.121640562016101,,
ENSG00000267968,1.1924065584111485,0.3801792050718948,2.0046339117504024,-1.122333620514428,,
MARVELD3,8.13944252798175,4.752240063398684,11.526644992564814,-1.1228042783967482,,
ZNF358,17.352905788668714,10.549972940745079,24.155838636592346,-1.1230038147881862,,
GEMIN8P1,1.118529510300395,0.3326568044379079,1.904402216162882,-1.12393596396042,,
LAT2,8.755516836764656,5.132419268470579,12.378614405058734,-1.1254004654699392,,
ACTR3C,5.35587590009011,2.993911239941171,7.717840560239049,-1.1261685477109473,,
VSNL1,10.726435935438007,6.368001684954237,15.084870185921776,-1.1263589962004694,,
IGF2,21.172047813690785,12.92609297244442,29.41800265493715,-1.1271348639483696,,
TLCD4,4.0749081583104205,2.1860304291633947,5.963785887457447,-1.128111799912641,,
CALHM3,19.842260947697223,12.070689761032659,27.61383213436179,-1.1303774484416442,,
TPRN,66.84881112341462,41.5345781541045,92.16304409272475,-1.131121634299529,,
GARIN5A,4.764859515204082,2.6137320348692765,6.915986995538887,-1.131279710737227,,
INTS15,34.10701485097208,21.004901080222183,47.20912862172197,-1.131481466983605,,
SLC47A1,1.7346038190833026,0.7128360095098026,2.7563716286568027,-1.1329527686222125,,
OPLAH,13.042979074348132,7.793673703973842,18.292284444722423,-1.1334860800638835,,
ANTKMT,20.557270228487766,12.49839136673854,28.61614909023699,-1.1335965746405727,,
SCNN1D,6.366393373323665,3.611702448183,9.12108429846433,-1.1339925211108373,,
LGR6,17.527014532366987,10.597495341379066,24.45653372335491,-1.134222722068667,,
FA2H,3.4838917734243924,1.8058512240915,5.161932322757285,-1.1349443228521072,,
SEL1L3,104.49673738938333,65.010644067294,143.98283071147264,-1.135111482553534,,
DMTN,42.53418522991752,26.232365149960735,58.8360053098743,-1.135691576296822,,
AGAP3,125.88393272950694,78.31691624481032,173.45094921420358,-1.1371209541171008,,
TMEM52,6.834713585885066,3.896836851986921,9.77259031978321,-1.137443158713795,,
BAMBI,188.3411597490109,117.33280716531351,259.3495123327083,-1.1375995954295433,,
RHPN1,77.3734869440977,47.950102239692725,106.79687164850269,-1.1389315323015214,,
RERE,274.77516896325454,171.1756870836206,378.37465084288846,-1.139741849331501,,
LINC01488,1.439095626640289,0.5227464069738552,2.355444846306723,-1.139828343342545,,
CBS,2.2029240316447036,0.9979704133137236,3.407877649975684,-1.1415489600681339,,
ENSG00000224945,1.3652185785295357,0.47522400633986844,2.255213150719203,-1.1418179758059666,,
PDIA4,274.53496351292483,170.7955078785487,378.27441914730093,-1.1425497564491207,,
PRDM16,5.40599174788387,2.993911239941171,7.818072255826568,-1.1426610276248432,,
ENSG00000275437,4.5682862947687015,2.471164832967316,6.6654077565700875,-1.1429426620625918,,
MAPK8IP1,1.2913415304187819,0.42770160570588156,2.1549814551316824,-1.1439370422210275,,
LMBRD1,11.442741939808434,6.7481808900261315,16.137302989590737,-1.145210540089143,,
UMAD1,12.058816248591341,7.128360095098026,16.98927240208466,-1.1461006146396744,,
MARK4,18.243320536737414,10.97767454645096,25.50896652702387,-1.146132589184619,,
YBX2,56.11417467061827,34.54878526090844,77.67956408032809,-1.1461887021765647,,
ENSG00000279692,3.508949697321273,1.8058512240915,5.212048170551046,-1.1466305026476724,,
KALRN,20.559863675647538,12.403346565470565,28.716380785824512,-1.1486651583356533,,
ATRNL1,1.8335387910909364,0.7603584101437896,2.906719172038083,-1.1500883610937778,,
CHST12,28.91315700648223,17.583288234575132,40.243025778389324,-1.1501443762249304,,
TMEM163,53.529774710321774,32.83797883808491,74.22157058255864,-1.1525030312966669,,
TNS2,86.62238191732064,53.36765591196722,119.87710792267406,-1.1527205163568237,,
HOXA10,15.090368668292008,8.981733719823513,21.199003616760503,-1.1531326008428824,,
CYP2J2,4.519467170554829,2.4236424323333288,6.615291908776328,-1.1533673055424851,,
CYP26A1,1.6857846948694295,0.6653136088758158,2.706255780863043,-1.1541685612885972,,
SUMF1,15.484811832742654,9.219345722993447,21.750277942491863,-1.1545813379469427,,
SLC26A1,7.131518501907966,4.039404053888881,10.223632949927051,-1.1552146941590529,,
GPR3,9.743569833261105,5.655165675444435,13.831973991077774,-1.1561641326832628,,
SPTB,38.9932738149209,23.761200316993424,54.22534731284838,-1.1572493348078838,,
CYP51A1,17.90028994366041,10.692540142647038,25.108039744673786,-1.158905758849748,,
ENSG00000261474,1.4641535505371688,0.5227464069738552,2.4055606941004823,-1.1612166439143283,,
CRB3,11.616850683506707,6.795703290660118,16.437998076353296,-1.161483337921387,,
CDH23,3.312376476885892,1.6632840221895393,4.961468931582245,-1.1624615698114564,,
FAM3C,62.57820629236967,38.25553251035941,86.90088007437993,-1.162981614149407,,
KLK7,6.934945281472586,3.896836851986921,9.97305371095825,-1.164043036168776,,
SPINT1,133.64967967031623,82.07118589489528,185.22817344573716,-1.1646512917901428,,
TNFRSF25,8.635414111599802,4.942329665934632,12.328498557264973,-1.1654137216474159,,
MALL,26.847193106540907,16.157616215555525,37.536769997526285,-1.1673865289242205,,
CHRNB4,5.25953437524225,2.8513440380392105,7.667724712445289,-1.1702913301678255,,
MIB1,67.31411771293722,41.01183174713065,93.61640367874378,-1.1712946360156165,,
ANKRD29,4.569583018348588,2.4236424323333288,6.715523604363847,-1.1722320333097287,,
ENSG00000261578,2.2530398794384636,0.9979704133137236,3.508109345563204,-1.1739872896157784,,
C1QTNF1-AS1,8.83328405561507,5.037374467202605,12.629193644027534,-1.174707017260557,,
PARD3B,8.759407007504317,4.989852066568618,12.528961948440015,-1.1754588704776916,,
ULBP3,28.20463134359112,16.917974625699316,39.491288061482926,-1.1762039667848754,,
ENSG00000217455,1.0947683099834016,0.285134403803921,1.904402216162882,-1.1763220094524018,,
PLP2,254.62275188379928,155.77842927820888,353.4670744893897,-1.1769245489727074,,
TLR2,3.189680304561265,1.5682392209215656,4.811121388200965,-1.1780370015267954,,
NDUFA4,171.76809942012704,104.83441579857498,238.70178304167914,-1.1794317936351133,,
RGPD3,2.573605995778358,1.188060015849671,3.959151975707045,-1.1804411280844043,,
LRRCC1,7.2317501974954865,4.039404053888881,10.424096341102093,-1.1807550112290115,,
ENSG00000225813,1.489211474434049,0.5227464069738552,2.455676541894243,-1.1822924844477394,,
HR,43.905887426346496,26.46997715313067,61.34179769956231,-1.1823440468629554,,
PLOD3,373.87418751399787,228.29761264567279,519.450762382323,-1.182540348543784,,
CIB2,2.499728947667604,1.140537615215684,3.8589202801195244,-1.1826625745448804,,
DIRAS2,1.9575316869954498,0.8078808107777763,3.107182563213123,-1.1838495086841252,,
HSPA12A,108.70299860919853,66.05613688124171,151.34986033715535,-1.1839469008106533,,
SEC14L6,2.8941721121182518,1.3781496183856186,4.410194605850885,-1.1858410056934061,,
ETFB,54.332924998601825,32.79045643745092,75.87539355975272,-1.1859060527779453,,
ADCK2,30.91821109411167,18.48621384662088,43.35020834160245,-1.186487078304843,,
SUN1,260.3899283548785,158.39216131307813,362.38769539667896,-1.1889288882517972,,
NDUFA4P1,13.665537001030472,7.9362409058758026,19.394833096185142,-1.1904637166271441,,
ENSG00000272106,4.619698866142349,2.4236424323333288,6.815755299951368,-1.1908532658042632,,
ADGRG1,161.06241106196723,97.70605570347695,224.41876642045753,-1.1913971237229843,,
ENSG00000287156,2.672540967785991,1.235582416483658,4.109499519088324,-1.1925312516346944,,
N6AMT1,12.433388383464656,7.175882495732013,17.6908942711973,-1.1928892298539324,,
MDFI,21.035964229688258,12.403346565470565,29.66858189390595,-1.194168198673717,,
SLC34A3,1.6620234945524361,0.617791208241829,2.706255780863043,-1.1959370240213836,,
MST1R,125.15469568528042,75.65566180930706,174.65372956125378,-1.1962699500498484,,
NOTCH1,182.51657965642312,110.39453667275143,254.6386226400948,-1.198427341725615,,
UNC5A,4.718633838149982,2.471164832967316,6.966102843332648,-1.1984542300636085,,
KRT18P33,6.444160592174079,3.5166576469150264,9.37166353743313,-1.1993198404255838,,
OAF,47.88056388906939,28.656007582294066,67.10512019584472,-1.199438876118134,,
ENSG00000275234,3.313673200465779,1.6157616215555526,5.0115847793760055,-1.2005142938650828,,
DGAT1,18.991168082904153,11.120241748352921,26.86209441745539,-1.2008852357785973,,
NAV2,171.89815575805196,103.74140058399327,240.05491093211066,-1.202530020084459,,
RIPK3,0.6515060213188808,0.0,1.3030120426377616,-1.2035219551204908,,
PLOD2,0.6515060213188808,0.0,1.3030120426377616,-1.2035219551204908,,
TMT1B,104.82554021902435,63.062225641300536,146.58885479674817,-1.2040379540790882,,
P3H3,48.64698574123358,29.03618678736596,68.2577846951012,-1.2052745730610015,,
LINC02298,5.212011974608263,2.756299236771237,7.667724712445289,-1.2063413375744383,,
LINC-PINT,33.11724495501671,19.626751461836566,46.607738448196855,-1.2066794700257892,,
DRAIC,4.3492485975962145,2.2335528297973815,6.464944365395048,-1.2070113269729348,,
CD70,4.2753715494854605,2.1860304291633947,6.364712669807527,-1.2088691945781262,,
ATPSCKMT,22.221887170199977,13.021137773712395,31.422636566687558,-1.209397989193337,,
ENSG00000272512,0.9720721376587746,0.1900896025359474,1.754054672781602,-1.210487000797941,,
TMEM63A,65.3138303437483,39.015890920503196,91.61176976699338,-1.21062252316757,,
ENSG00000217801,1.7609584665600695,0.6653136088758158,2.856603324244323,-1.211536874768483,,
PLEKHG4B,6.173710323627945,3.3265680443790786,9.020852602876811,-1.211710265018915,,
ROGDI,10.980905345146466,6.225434483052276,15.736376207240657,-1.2118309384457648,,
SRMS,2.155401631010717,0.90292561204575,3.407877649975684,-1.2118650135939524,,
PLXNB2,385.89459462295724,232.24197189829368,539.5472173476207,-1.2125932194329572,,
LINC00659,11.695914625937007,6.653136088758157,16.738693163115858,-1.2127767688491469,,
SLC16A13,16.42923259934478,9.504480126797368,23.353985071892186,-1.2131530976400287,,
SOWAHB,3.6592972407025526,1.8058512240915,5.5127432573136055,-1.2148268401453155,,
MSMO1,77.76708975679028,46.38186301877116,109.15231649480941,-1.2170930046480624,,
TMPRSS2,2.7965338636905046,1.2831048171176447,4.309962910263365,-1.2177046888655034,,
ZMYND15,2.0076475347892098,0.8078808107777763,3.2074142588006436,-1.218634304270819,,
ENSG00000260466,0.8243180414372676,0.0950448012679737,1.5535912816065616,-1.221537735455015,,
FBXW4,20.64670795955716,11.975644959764685,29.31777095934963,-1.2243574366356136,,
ENSG00000279588,4.07879832905008,2.043463227261434,6.114133430838727,-1.22497409895338,,
GALC,1.1448841577771618,0.285134403803921,2.0046339117504024,-1.2252699725757588,,
TDGF1,1.8598934385677028,0.7128360095098026,3.006950867625603,-1.2261177884561458,,
PPM1L,11.943900417746034,6.7481808900261315,17.139619945465938,-1.2272146885853785,,
MT-RNR2,15027.892179243594,8994.849902398493,21060.934456088693,-1.2273064535648794,,
JAKMIP3,10.045561643603552,5.607643274810448,14.483480012396656,-1.228522055424694,,
HOXA11,21.41183308814146,12.403346565470565,30.420319610812353,-1.2291045962687894,,
ENSG00000283405,1.7860163904569495,0.6653136088758158,2.906719172038083,-1.2301636649057095,,
SOX18,6.002195027089444,3.1840008424771185,8.82038921170177,-1.2308970619560085,,
MYH14,10.21837366372194,5.702688076078421,14.734059251365457,-1.231079220011071,,
EPCAM,433.4641258325677,258.5218594488884,608.406392216247,-1.2315485714187657,,
PURB,117.96703408950108,70.00049613386263,165.93357204513956,-1.2333731136166737,,
TTC22,1.7121393423461961,0.617791208241829,2.806487476450563,-1.2344349057708182,,
ENSG00000286369,2.03270545868609,0.8078808107777763,3.2575301065944036,-1.2357171642951459,,
COBL,87.09893884318319,51.51428228724174,122.68359539912463,-1.2358724127416205,,
COL9A3,422.9139719121087,251.20340975125444,594.624534072963,-1.2398153996627128,,
MTARC1,5.95337590287557,3.1364784418431313,8.770273363908009,-1.2399958648809175,,
SLC2A6,75.14294773733911,44.290877390875735,105.9950180838025,-1.2402512300634403,,
CPNE7,24.175528686455767,13.971585786392131,34.3794715865194,-1.240685461314115,,
RUNX3,102.80927199099774,60.733628010235186,144.8849159717603,-1.2407022365704419,,
SMIM24,1.2438191297847951,0.3326568044379079,2.1549814551316824,-1.243326230280573,,
WNT10A,25.9762292121705,15.017078600339842,36.93537982400116,-1.2439329480603565,,
SSTR5,1.884951362464583,0.7128360095098026,3.0570667154193636,-1.2440499953741455,,
CORO2B,5.731744758543311,2.993911239941171,8.46957827714545,-1.2454979065248812,,
SLC1A4,83.50661485681292,49.09063985490841,117.92258985871742,-1.2474098415302957,,
FBLIM1,6.866255127681379,3.659224848816987,10.073285406545772,-1.2489214683613608,,
RAB26,4.622292313302121,2.3285976310653553,6.915986995538887,-1.249854757762651,,
TH,8.395208661270095,4.562150460862736,12.228266861677454,-1.2499093788352922,,
ELFN2,16.434419493664326,9.314390524261421,23.554448463067228,-1.2513258422636904,,
LYL1,2.378329498922864,0.9979704133137236,3.7586885845320044,-1.2520288262103596,,
EGR4,2.378329498922864,0.9979704133137236,3.7586885845320044,-1.2520288262103596,,
EFEMP2,5.75680268244019,2.993911239941171,8.519694124939209,-1.2531129484725056,,
RTN4RL1,1.416631149903182,0.42770160570588156,2.4055606941004823,-1.2541978612987659,,
AHRR,1.9838863344722166,0.7603584101437896,3.2074142588006436,-1.2570646793148073,,
CACNG8,7.631380256265681,4.086926454522868,11.175834058008492,-1.2591544605384464,,
OPN3,1.0221879854525346,0.1900896025359474,1.854286368369122,-1.2620598875973519,,
DPY19L1,100.83015237496605,58.8802543855097,142.78005036442238,-1.2637112587527826,,
LRRC8B,7.977004296502454,4.277016057058815,11.676992535946093,-1.2644182454928443,,
SAMD10,23.588402472309397,13.448839379418276,33.72796556520052,-1.2651442860403244,,
SOAT2,1.2688770536816751,0.3326568044379079,2.2050973029254424,-1.2660628611646758,,
SMIM10L2A,1.2688770536816751,0.3326568044379079,2.2050973029254424,-1.2660628611646758,,
TMEM139,25.315225949913376,14.446809792732,36.183642107094755,-1.2673591767933212,,
TRIM29,190.261195040018,111.2499398841632,269.2724501958728,-1.2676997881535188,,
MAFK,43.96076999258076,25.376961938548973,62.54457804661254,-1.2684906256803035,,
ENSG00000262823,0.9483109373417813,0.1425672019019605,1.754054672781602,-1.2692781775906123,,
RTP3,1.5155661219108156,0.47522400633986844,2.5559082374817628,-1.2692840569003663,,
BMP6,19.667732028119914,11.120241748352921,28.21522230788691,-1.2693017923921992,,
ACOX2,5.979730550352338,3.088956041209145,8.87050505949553,-1.2713913541038957,,
ELOVL7,17.177080145511518,9.64704732869933,24.70711296232371,-1.2717142040071923,,
ADGRV1,1.7622551901399561,0.617791208241829,2.906719172038083,-1.2719321276384958,,
MAMDC4,16.708759932950116,9.361912924895408,24.055606941004825,-1.2738431204538083,,
PSMG3-AS1,7.780431076067074,4.134448855156855,11.426413296977293,-1.275128616185581,,
CCDC126,3.6368327639654465,1.7108064228235262,5.562859105107367,-1.2756023660969886,,
WWOX,10.222263834461598,5.5601208741764605,14.884406794746736,-1.275816910696494,,
ENSG00000278952,0.8744338892310278,0.0950448012679737,1.653822977194082,-1.2770822435717937,,
TTPA,14.785363234910754,8.221375309679724,21.349351160141783,-1.2771791074785097,,
DHCR7,345.2743812420264,201.0672770823983,489.4814854016545,-1.2793629693258768,,
LKAAEAR1,1.1211229574601682,0.23761200316993422,2.0046339117504024,-1.279630127759338,,
ENSG00000270933,1.1211229574601682,0.23761200316993422,2.0046339117504024,-1.279630127759338,,
F10,2.1817562784874838,0.8554032114117631,3.508109345563204,-1.2807897652805278,,
LINC02981,4.0563338523129735,1.9484184259934605,6.164249278632487,-1.2808742568724438,,
LINC02983,1.3678120256893087,0.3801792050718948,2.355444846306723,-1.2816484422171792,,
MCTP1,5.36365624156943,2.70877683613725,8.01853564700161,-1.2819497391025674,,
MTCO2P22,5.61034530979857,2.8513440380392105,8.369346581557929,-1.2825864339139466,,
B3GNT2,102.62135565974255,59.355478391849566,145.88723292763552,-1.283152372210075,,
MAGI2,2.6751344149457643,1.140537615215684,4.209731214675845,-1.2832357536192733,,
MEGF10,1.6145010939184492,0.5227464069738552,2.706255780863043,-1.2832867496296627,,
URGCP,45.96452735663031,26.327409951228713,65.60164476203191,-1.2852090758537213,,
LAMA3,63.280284533304126,36.402158885633916,90.15841018097434,-1.2852542178144475,,
ENSG00000204876,12.172015179977729,6.653136088758157,17.6908942711973,-1.288212637756452,,
SEMA4F,20.114884487524098,11.26280895025488,28.966960024793313,-1.2890832539014059,,
SFRP5,31.338588730160048,17.77337783711108,44.90379962320901,-1.2899253223774911,,
ENSG00000213981,29.537888204445306,16.727885023163367,42.347891385727245,-1.2899413869981764,,
ENSG00000293476,28.74900187554401,16.2526610168235,41.245342734264526,-1.291973405182298,,
PCSK9,86.91620940624752,49.94604306632017,123.88637574617486,-1.2935740942986074,,
CHPF2,66.17056647468272,37.9228757059215,94.41825724344395,-1.293647033138706,,
TSPAN5-DT,4.007514728099101,1.9008960253594738,6.114133430838727,-1.294189446440697,,
SIRPA,35.36078759351693,20.054453067542447,50.66712211949142,-1.2951211282370678,,
H4C8,5.240960069244802,2.6137320348692765,7.868188103620328,-1.2951498400361903,,
SAPCD2,145.8498387891152,84.01960432088873,207.68007325734166,-1.295425395099147,,
TLX1,1.7134360659260826,0.570268807607842,2.856603324244323,-1.2963192143378919,,
BACE1,22.410259873277,12.545913767372525,32.27460597918147,-1.296563865810552,,
HOXC4,2.2068142023843635,0.8554032114117631,3.558225193356964,-1.2967394572287512,,
MTATP6P2,2.4535032706135036,0.9979704133137236,3.909036127913284,-1.2969045648908772,,
MSLN,13.135010252577299,7.175882495732013,19.094138009422583,-1.2973283235104591,,
F12,43.00944543220017,24.426513925869237,61.5923769385311,-1.2996532870304,,
HOXA9,69.82467682106574,39.918816532548945,99.73053710958251,-1.299664787225102,,
DCHS1,2.873004358961032,1.235582416483658,4.510426301438406,-1.3015132009575852,,
DLL4,1.639559017815329,0.5227464069738552,2.7563716286568027,-1.3026640997390224,,
TSPOAP1-AS1,4.205384672114367,1.9959408266274472,6.414828517601287,-1.3074041987780105,,
CHADL,1.5656819697045756,0.47522400633986844,2.6561399330692828,-1.309387250294951,,
CHRNB1,44.71510115664694,25.281917137281,64.14828517601288,-1.3096566878333844,,
ULK2,6.697333278302652,3.4216128456470525,9.97305371095825,-1.3113204577350417,,
GGH,200.58933383620845,114.76659753107822,286.4120701413387,-1.3119016019839118,,
GAS6-DT,2.651373214628771,1.0930152145816974,4.209731214675845,-1.3156261426572895,,
SNX13,42.965813202305846,24.1889019226993,61.74272448191239,-1.3166599457581527,,
ENSG00000249574,0.9984267851355413,0.1425672019019605,1.854286368369122,-1.3208510643900235,,
ADGRG6,9.55996384862459,5.037374467202605,14.082553230046575,-1.3208874820279983,,
CTSH,4.822755704477162,2.3285976310653553,7.316913777888969,-1.3211337910098966,,
SLC45A3,17.62812277565536,9.64704732869933,25.60919822261139,-1.321471646947822,,
GPAA1,56.069281913086826,31.60239642160125,80.53616740457241,-1.3224621318778824,,
IL20RA,9.905587888861366,5.227464069738553,14.583711707984177,-1.3233221957737253,,
MAN1C1,2.7503081866364045,1.140537615215684,4.360078758057125,-1.3242810110753442,,
ENSG00000267523,2.9231202067547915,1.235582416483658,4.610657997025925,-1.3275192417098902,,
TSPAN12,12.348717370835775,6.605613688124171,18.091821053547378,-1.3278181521308208,,
MT-CO2,4011.0545346447325,2283.5939176649695,5738.515151624496,-1.3289911179712932,,
ANO9,60.71144525596628,34.121083655202554,87.30180685673001,-1.3301055993368653,,
B3GAT1,16.716540274429438,9.076778521091487,24.356302027767388,-1.3313098650925128,,
CRIP1P4,1.3440508253723153,0.3326568044379079,2.355444846306723,-1.332198748786528,,
ARNT2,13.138900423316956,7.033315293830053,19.24448555280386,-1.3334615760765067,,
PRXL2A,15.063593844936207,8.12633050841175,22.000857181460663,-1.333580820839038,,
KCTD12,3.6882453353390927,1.6632840221895393,5.713206648488646,-1.3337957617441405,,
SERINC2,406.8356950310914,230.67373267737213,582.9976573848106,-1.333868102224308,,
CD46,484.183319895477,274.06168445620216,694.3049553347519,-1.3378906823297985,,
COL6A1,84.92370237853791,47.6649678358888,122.182436921187,-1.3398410677798533,,
STRIP2,13.28795124311835,7.080837694464039,19.49506479177266,-1.342699788994675,,
MTCO2P12,2.701489062422531,1.0930152145816974,4.309962910263365,-1.3431189850410221,,
CEACAM1,3.293802170888445,1.4256720190196053,5.161932322757285,-1.3449983438119526,,
TMEM255B,3.293802170888445,1.4256720190196053,5.161932322757285,-1.3449983438119526,,
ABCA7,21.80196590597341,11.880600158496712,31.723331653450114,-1.3451198246236302,,
IGIP,2.4547999941933907,0.9504480126797369,3.959151975707045,-1.3462878929212037,,
EPS8L2,213.05861030403094,119.70892719701286,306.408293411049,-1.3486237107231651,,
ALDH1L1,2.6276120143117776,1.0454928139477104,4.209731214675845,-1.3487604726715823,,
EMC10,159.36247099554743,89.29459079126129,229.43035119983355,-1.3516192853042015,,
NUDCD3,77.65221012188775,43.245384576928025,112.05903566684748,-1.3534774222011066,,
KIFC2,32.56383355394739,17.86842263837905,47.259244469515735,-1.354831507764096,,
STXBP5L,1.5419207693875823,0.42770160570588156,2.6561399330692828,-1.3566268054596506,,
GJB1,167.98449769546932,93.80921885149003,242.1597765394486,-1.3588053453982831,,
TTYH3,182.76986093038005,102.03059416116974,263.50912769959035,-1.3602447093368393,,
DHCR24,593.1620642553695,331.8489236271301,854.475204883609,-1.3618585373584153,,
SYK,484.1488009265846,270.735116411823,697.5624854413462,-1.362188150941477,,
TMUB1,63.83762230105589,35.26162127041823,92.41362333169354,-1.3651895362573738,,
TPPP,4.528544235614035,2.090985627895421,6.966102843332648,-1.3658071590498972,,
CDH13,32.34479585677491,17.630810635209116,47.058781078340694,-1.367109609678141,,
KRCC1,9.637731067475004,4.942329665934632,14.333132469015377,-1.3675519115376558,,
RPS6KA6,0.8757306128109145,0.04752240063398685,1.703938824987842,-1.3680814164529425,,
CRELD2,33.30779092937448,18.153557042182975,48.46202481656598,-1.3687089576699107,,
CLDN4,221.4400113777441,122.94045044012395,319.9395723153642,-1.3726545703239912,,
RAMP1,15.636035923824787,8.26889771031371,23.003174137335865,-1.3727555140603385,,
DPYSL4,1.2213546530476882,0.23761200316993422,2.2050973029254424,-1.3728090618402367,,
IRF6,2.3321038218687633,0.8554032114117631,3.808804432325764,-1.3739455112590453,,
AVPR2,4.380790139392527,1.9959408266274472,6.7656394521576075,-1.3740955973307405,,
H2BC21,14.550344678900593,7.651106502071881,21.449582855729304,-1.3757320633278258,,
GIPR,4.306913091281774,1.9484184259934605,6.6654077565700875,-1.3784212575728896,,
GSTK1,68.55884958636564,37.637741302117576,99.4799578706137,-1.378825100240328,,
ALK,13.637465454094784,7.128360095098026,20.146570813091543,-1.3793875092791956,,
FAM201A,7.219659509397472,3.564180047549013,10.875138971245931,-1.3795167877520944,,
LYNX1,2.0854147536396233,0.7128360095098026,3.4579934977694435,-1.380007480945495,,
PCSK1,0.8018535647001609,0.0,1.6037071294003218,-1.3805671801763462,,
TMEM184A,38.445925855871984,20.862333878320225,56.02951783342374,-1.383261413406137,,
BRME1,6.207845312584031,2.993911239941171,9.421779385226891,-1.3837274443085847,,
NTNG2,4.578660083407794,2.090985627895421,7.0663345389201675,-1.3838462944240888,,
MOGAT3,1.493101645173709,0.3801792050718948,2.606024085275523,-1.3855534314073303,,
ABCC3,57.40513222110079,31.31726201779733,83.49300242440425,-1.3865268893449914,,
LCN12,3.813534954823493,1.6632840221895393,5.963785887457447,-1.3866655548020326,,
KDELR2,232.02864682972063,127.93030250669258,336.1269911527487,-1.386700757022567,,
ERVMER34-1,105.04854047882206,57.64467196902604,152.4524089886181,-1.3877193478029357,,
SFN,165.2359426042346,90.76778521091487,239.70409999755435,-1.3912010218330342,,
C1orf116,118.33260155120075,64.86807686539204,171.79712623700945,-1.3914278906300022,,
HAS2,7.7882114175463935,3.8493144513529347,11.727108383739852,-1.392051961489534,,
FGFRL1,76.26799706148174,41.62962295537247,110.906371167591,-1.3923639753169859,,
INAFM1,14.428945230155852,7.508539300169921,21.349351160141783,-1.3932495638844435,,
TMEM121,5.467778107896609,2.5662096342352894,8.369346581557929,-1.3935569257081442,,
GNG4,58.27308249243239,31.649918822235236,84.89624616262954,-1.395515679297585,,
RNF212,2.1104726775365035,0.7128360095098026,3.508109345563204,-1.3961354775384591,,
TLDC2,2.03659562942575,0.6653136088758158,3.407877649975684,-1.4042902907665593,,
CYBA,149.79735644854605,81.69100668982338,217.90370620726873,-1.4044940422722667,,
ENSG00000272235,1.5181595690705887,0.3801792050718948,2.6561399330692828,-1.4054656869498472,,
LARGE2,57.90758742261828,31.26973961716334,84.54543522807322,-1.4065089365815702,,
SMIM22,3.863650802617253,1.6632840221895393,6.064017583044967,-1.4072826430605465,,
SLC1A5,2145.8095196490567,1174.5636540696187,3117.0553852284943,-1.4072938947639528,,
CCM2,62.79643983372687,33.930994052666605,91.66188561478714,-1.4074683416918177,,
ATP13A2,139.01302432383497,75.60813940867307,202.41790923899688,-1.408877114100091,,
KREMEN1,53.46459074733397,28.798574784196028,78.13060671047192,-1.4089924880472862,,
GNAZ,2.481154641670157,0.90292561204575,4.059383671294564,-1.4107424822572665,,
SCX,3.9625857746248863,1.7108064228235262,6.214365126426246,-1.412150346445863,,
ANKH,81.93364511339361,44.290877390875735,119.57641283591148,-1.4126553215908153,,
TSPAN33,10.233934346680579,5.132419268470579,15.335449424890578,-1.4134779057449727,,
EPHX1,98.25444549979252,53.17756630943128,143.33132469015376,-1.4136169532085088,,
DEPDC7,94.8984367930123,51.276670284071805,138.5202033019528,-1.4162348894556742,,
LANCL2,41.813605074871184,22.335528297973816,61.29168185176855,-1.4165113960179965,,
CCDC61,9.049308129748749,4.467105659594763,13.631510599902736,-1.4202295621632273,,
EPDR1,69.96339004817082,37.590218901483595,102.33656119485804,-1.4210436474273838,,
KAZALD1,53.6438863853518,28.656007582294066,78.63176518840953,-1.4250196489029983,,
TSPOAP1,9.86454910612681,4.894807265300645,14.834290946952976,-1.4255357163195743,,
POR,268.27168484989073,145.03836673492785,391.5050029648536,-1.426363603914484,,
CA8,3.7409546302926264,1.5682392209215656,5.913670039663687,-1.4286721616595077,,
TSTD1,9.272235997660896,4.562150460862736,13.982321534459055,-1.4295465125571816,,
ENSG00000280254,1.9877765052118763,0.617791208241829,3.3577618021819235,-1.4295619141566744,,
FAM120C,18.952302571450343,9.78961453060129,28.114990612299394,-1.4321188295239662,,
HUNK,77.57749272201893,41.39201095220254,113.76297449183532,-1.4367929559572352,,
ALDH16A1,37.325679446112666,19.674273862470553,54.97708502975478,-1.4369997026054535,,
LINC00237,6.581120723877458,3.088956041209145,10.073285406545772,-1.4372788701971708,,
LINC01315,4.556195606670688,1.9959408266274472,7.116450386713928,-1.4378397941856893,,
ZNF469,7.470238748366272,3.564180047549013,11.376297449183532,-1.4391521665039075,,
SIGIRR,45.945112698874794,24.283946723967276,67.60627867378231,-1.4401189341791296,,
HOXA13,5.37143658304875,2.4236424323333288,8.31923073376417,-1.4446788374284112,,
PRKAR1B,147.2030390714323,78.50700584734626,215.89907229551832,-1.447869986663553,,
AP5Z1,69.80484198743117,36.97242769324176,102.6372562816206,-1.4485185839534498,,
IL4R,11.768074774588841,5.845255277980382,17.6908942711973,-1.4491593473150257,,
CCDC78,10.97789172210766,5.4175536722745,16.53822977194082,-1.4504077744114046,,
KDELR1,361.2536649345849,193.08351377588855,529.4238160932813,-1.4504679790737136,,
DPP7,183.06586169058767,97.61101090220897,268.52071247896635,-1.4505754953561771,,
DGAT2,5.396494506945629,2.4236424323333288,8.369346581557929,-1.4524164043040275,,
GPER1,6.285612531434444,2.8988664386731977,9.672358624195692,-1.4527524123738864,,
ENSG00000287342,4.779123474582835,2.090985627895421,7.467261321270248,-1.4538284688603704,,
TMEM176B,1.0498393565091881,0.0950448012679737,2.0046339117504024,-1.456199326305124,,
LRRC3,11.373631610138194,5.607643274810448,17.139619945465938,-1.45693652182109,,
EGFR,187.96508789033533,99.89208613264034,276.03808964803034,-1.457271328966066,,
POLM,19.129004762308387,9.742092129967304,28.51591739464947,-1.4582181834074928,,
HOTAIRM1,12.361684606634643,6.130389681784303,18.592979531484982,-1.458283978486363,,
FSTL3,26.711565894360195,13.781496183856184,39.641635604864206,-1.4591661573634103,,
IDUA,11.299754562027438,5.5601208741764605,17.039388249878417,-1.4593561121520247,,
TNC,34.39306199841963,17.86842263837905,50.917701358460214,-1.4602526882177322,,
OSBPL3,200.64344844257025,106.35513261886256,294.9317642662779,-1.4628733909214713,,
MTCO2P2,24.538886680931917,12.593436168006514,36.48433719385732,-1.463377703628642,,
PPP1R3F,5.347675382731756,2.376120031699342,8.31923073376417,-1.4648446736233454,,
HOXA5,20.933595458762788,10.645017742013053,31.22217317551252,-1.4683409601018236,,
ERFE,3.5694393337541257,1.4256720190196053,5.713206648488646,-1.468617559326991,,
PTPRZ1,11.004246369584427,5.370031271640514,16.63846146752834,-1.4693523657995753,,
ZFPM1,17.648870352933546,8.88668891855554,26.41105178731155,-1.4711983426268618,,
NOXA1,12.90647531446657,6.368001684954237,19.444948943978904,-1.472399163642412,,
ITGB4,372.4787020967435,196.7902610253395,548.1671431681475,-1.4732739200674319,,
MYCL,15.080451251474733,7.508539300169921,22.652363202779544,-1.4750009520032723,,
CPLX2,46.723205063257964,24.23642432333329,69.20998580318263,-1.4761687228145117,,
ECEL1,2.779256281272944,0.9979704133137236,4.560542149232165,-1.4766903323060787,,
ALDH1A3-AS1,10.609803205133778,5.132419268470579,16.087187141796978,-1.478386681661969,,
PRDM16-DT,2.0629502769025163,0.617791208241829,3.508109345563204,-1.4784970830469901,,
SLC30A3,6.657591219147985,3.0414336405751583,10.273748797720812,-1.4800282624994794,,
KISS1R,3.866244249777026,1.5682392209215656,6.164249278632487,-1.4800359466558606,,
C5,4.1379912419030465,1.7108064228235262,6.565176060982567,-1.480651563228982,,
ENSG00000278291,3.96517922178466,1.6157616215555526,6.314596822013767,-1.4835472739428688,,
IL17D,9.67186605643109,4.6096728614967235,14.734059251365457,-1.487902376675977,,
LCNL1,1.1738322524137015,0.1425672019019605,2.2050973029254424,-1.4880891338312787,,
DMBX1,1.7173262366657425,0.42770160570588156,3.006950867625603,-1.4888103369573935,,
PRR36,7.152266079186152,3.279045643745092,11.025486514627211,-1.4907342891289597,,
NPAS2,14.860116830722358,7.318449697633974,22.401783963810743,-1.492231928780432,,
GAMT,10.834027796625811,5.179941669104566,16.488113924147058,-1.500709578335301,,
SLC12A4,79.02265179067962,40.774219743960714,117.27108383739852,-1.501412604391658,,
IL27RA,36.42965762784539,18.53373624725487,54.3255790084359,-1.5019787225140981,,
NPDC1,84.65675830079519,43.6730861826339,125.64043041895647,-1.5032602340276862,,
PRRG2,5.84364696634981,2.5662096342352894,9.12108429846433,-1.5049004408256674,,
TNNI3,3.2000540932003587,1.188060015849671,5.212048170551046,-1.505416706907217,,
INSIG1,132.17014641653432,68.33721211167308,196.00308072139558,-1.506516455228242,,
PSG1,6.585010894617118,2.9463888393071844,10.223632949927051,-1.5079347164123509,,
SDC3,158.14553527694676,81.54843948792143,234.7426310659721,-1.5138998277718514,,
APOC1,4.411034957608954,1.8058512240915,7.016218691126408,-1.5144833530336865,,
FZD9,7.99386170304098,3.659224848816987,12.328498557264973,-1.5163524113128113,,
NIPAL2,6.16550980626959,2.70877683613725,9.62224277640193,-1.5180730424255386,,
LNCDAT,26.278677394334764,13.116182574980368,39.441172213689164,-1.518474820513528,,
ASS1,90.20100690396232,46.19177341623521,134.21024039168944,-1.5185971283332909,,
LZTS1,16.741178022447283,8.173852909045737,25.30850313584883,-1.5199294854536705,,
LINC03095,3.694728953238526,1.4256720190196053,5.963785887457447,-1.5214873523848833,,
TNFSF9,6.091632758158837,2.6612544355032632,9.52201108081441,-1.5230005334984587,,
HLCS,46.46831547767047,23.4760659131895,69.46056504215144,-1.5254443548195495,,
LINC02940,1.1250131281998281,0.0950448012679737,2.1549814551316824,-1.5266416295019196,,
RGS11,2.23705902060079,0.6653136088758158,3.808804432325764,-1.5298843662927215,,
CDC42BPG,37.722295881844055,18.913915452326766,56.53067631136134,-1.530554520088167,,
SLC7A5,2458.9166177113416,1263.3354984539062,3654.4977369687767,-1.5316885171779049,,
KLK1,29.147791582556138,14.494332193365988,43.80125097174629,-1.5317984407590024,,
CRYBG2,32.212182267633004,16.062571414287554,48.361793120978454,-1.5325597185584898,,
LRATD2,25.095347900982823,12.403346565470565,37.78734923649508,-1.5329929244335214,,
ERBB3,64.09083118312725,32.41027723237902,95.77138513387547,-1.5342885581401762,,
EPAS1,618.5623593732824,316.5467106229864,920.5780081235785,-1.537137464079441,,
LBX1-AS1,2.064247000482403,0.570268807607842,3.558225193356964,-1.537460651831836,,
NUCB1,45.08970948746303,22.57314030114375,67.60627867378231,-1.5411966539234196,,
STRA6,330.7507169740876,168.56195504875134,492.9394788994239,-1.542521777152976,,
PTGDS,1.520753016230362,0.285134403803921,2.7563716286568027,-1.547420550674987,,
APCDD1,1136.081099548682,577.4446901035741,1694.71750899379,-1.55164492714104,,
CHN2,2.089304924379283,0.570268807607842,3.608341041150724,-1.5532359385926684,,
ACSS2,127.22255746439458,64.15524085588224,190.28987407290694,-1.5538073728290007,,
EGFL7,30.907453325536324,15.20716820287579,46.607738448196855,-1.5545640589107639,,
IL17RB,22.034847386645616,10.692540142647038,33.37715463064419,-1.55586175724925,,
SLC9A3,6.216922377643237,2.6612544355032632,9.77259031978321,-1.5569552533723408,,
BNAT1,2.6578568325282035,0.8554032114117631,4.460310453644644,-1.5572502362754754,,
FAAH,15.511622852041238,7.318449697633974,23.704796006448504,-1.5704045584601927,,
LAMC2,89.49465451235194,44.52848939404567,134.46081963065822,-1.5730341326172435,,
SPNS3,4.48750545287948,1.7583288234575132,7.216682082301448,-1.5747614950778999,,
GGT7,2.880784700440351,0.9504480126797369,4.811121388200965,-1.575011046132977,,
FGF19,311.25236316716826,155.82595167884287,466.67877465549367,-1.5763536368287954,,
H2AC18,3.746141524612173,1.3781496183856186,6.114133430838727,-1.5808485501274137,,
CLDN3,12.67016003487652,5.845255277980382,19.49506479177266,-1.5821003012453116,,
CXCR4,46.93232534361318,23.000841906849633,70.86380878037673,-1.5821803862760113,,
TCHH,6.416089045238391,2.70877683613725,10.123401254339532,-1.584582629144009,,
KLK3,1.6698038360317555,0.3326568044379079,3.006950867625603,-1.588199525016939,,
VWA2,120.06296741555093,59.30795599121558,180.81797883988628,-1.5920746215664563,,
PLXNA2,1.867673780047023,0.42770160570588156,3.307645954388164,-1.593205196683582,,
TMED4,116.20839367799289,57.31201516458813,175.10477219139764,-1.5945689188683725,,
PSD,1.966608752054656,0.47522400633986844,3.4579934977694435,-1.595460474282043,,
KLHDC7A,10.59511906987599,4.752240063398684,16.437998076353296,-1.6000386333661525,,
NEIL1,13.660806478532743,6.272956883686263,21.048656073379224,-1.600076793506296,,
PLEKHA6,22.265555596037085,10.502450540111091,34.02866065196308,-1.6065945736823708,,
TMEM106B,69.09375907332308,33.64585964886268,104.54165849778349,-1.607057700950665,,
EGLN3,17.321400442815182,8.031285707143777,26.611515178486588,-1.6122667661786254,,
ENSG00000223612,7.30780051688698,3.088956041209145,11.526644992564814,-1.6151956116285517,,
ICA1,16.48110154254024,7.603584101437895,25.358618983642586,-1.61526509323761,,
RTN2,11.7585775336506,5.274986470372539,18.24216859692866,-1.6165871467863737,,
CARNS1,5.008534960394415,1.9484184259934605,8.068651494795368,-1.6209467588578712,,
KCNJ4,9.85505186518857,4.324538457692802,15.385565272684335,-1.621697064137539,,
EPS8,19.27633868265086,8.934211319189526,29.618466046112193,-1.62392466607306,,
PDZD4,5.898949708463117,2.376120031699342,9.421779385226891,-1.626163517908738,,
HOXA6,4.934657912283662,1.9008960253594738,7.968419799207849,-1.6283552232379979,,
HIBADH,26.894331527238638,12.593436168006514,41.19522688647076,-1.6341696221619078,,
IRAG1,44.007488237399464,20.909856278954212,67.10512019584472,-1.6361832444677733,,
CALHM1,3.5996841519705525,1.235582416483658,5.963785887457447,-1.6392211128091738,,
CLDN7,121.6122483505388,58.54759758107179,184.67689912000583,-1.6406791248554595,,
AOC1,33.44909760363933,15.729914609849645,51.16828059742902,-1.6407428028672788,,
FZD8,3.995424040001086,1.4256720190196053,6.565176060982567,-1.640989164674223,,
P2RX6,1.8439125797300293,0.3801792050718948,3.307645954388164,-1.6420440781737786,,
KLF14,2.041782523745296,0.47522400633986844,3.608341041150724,-1.6433134495840631,,
NECTIN1,248.65684309643822,120.04158400145077,377.2721021914257,-1.6439216081226924,,
CACNG6,8.620309800462982,3.659224848816987,13.581394752108976,-1.6459668641341978,,
CLIP2,140.46260232694272,67.48180890026133,213.4433957536241,-1.646804170595407,,
FGF3,109.32962768633446,52.27464069738553,166.3846146752834,-1.651646064101985,,
ADGRB2,14.853213036943892,6.653136088758157,23.053289985129627,-1.6521112787516121,,
ACY3,1.6711005596116424,0.285134403803921,3.0570667154193636,-1.6585177774269202,,
SLC16A10,22.917061617355966,10.502450540111091,35.33167269460084,-1.6592865353951207,,
LRRC26,2.660450279687977,0.7603584101437896,4.560542149232165,-1.6593563591925724,,
MCTP2,2.759385251695611,0.8078808107777763,4.710889692613446,-1.6594159513333415,,
ARHGAP4,153.39241866584723,72.99440737380378,233.79042995789067,-1.6658854669230307,,
H2BC12,22.720488396920583,10.359883338209132,35.081093455632036,-1.6672950418771464,,
SH3TC1,29.69605228524869,13.68645138258821,45.70565318790917,-1.6691113358646141,,
GPR137C,2.7844431755924908,0.8078808107777763,4.761005540407205,-1.672021077786479,,
SLC52A3,34.025429853267575,15.729914609849645,52.3209450966855,-1.6722722701392287,,
PAQR8,6.470095063771811,2.5662096342352894,10.373980493308332,-1.6732738179304636,,
H2AC6,22.39992228058069,10.169793735673185,34.6300508254882,-1.673491996561612,,
DRAXIN,8.968527287859528,3.7542696500849604,14.182784925634095,-1.6751408068713882,,
PNMT,1.6961584835085222,0.285134403803921,3.107182563213123,-1.6762298268170754,,
ENSG00000290032,40.63160850104191,18.818870651058788,62.44434635102504,-1.6786168534059236,,
HAGHL,28.610361040324495,13.068660174346382,44.152061906302606,-1.6823069306922167,,
NAT14,34.02802330042734,15.63486980858167,52.421176792273016,-1.6832011817027646,,
ACTA2,2.5126961834664705,0.6653136088758158,4.360078758057125,-1.6864603103810645,,
THEM6,81.00745086879547,37.82783090465353,124.18707083293741,-1.6889225509428805,,
CLEC11A,11.863996123557666,5.0848968678365924,18.64309537927874,-1.6907175727436852,,
ENSG00000287828,3.626038799447319,1.188060015849671,6.064017583044967,-1.6908366239430963,,
CGREF1,55.47833792008637,25.70961874298688,85.24705709718586,-1.6911158474206252,,
ILDR1,9.662368815492849,4.039404053888881,15.285333577096816,-1.692248231403706,,
MISP3,9.16769395545468,3.8017920507189475,14.533595860190415,-1.6937470049358934,,
EBF4,8.771954067424149,3.611702448183,13.932205686665297,-1.6950559496556896,,
GUSB,77.1779350551343,35.83189007802608,118.52398003224253,-1.6982727562925768,,
ADRA2C,160.55463835779344,74.99034820043124,246.11892851515563,-1.7013174271310296,,
ASPSCR1,125.29965333411982,58.40503037916983,192.19427628906982,-1.7013953447130732,,
OSBPL5,45.884239082505694,21.004901080222183,70.7635770847892,-1.7054269174477146,,
CYP2U1,11.667422903122286,4.942329665934632,18.39251614030994,-1.7063994526918334,,
RARRES2,10.257275371118537,4.277016057058815,16.237534685178257,-1.7077591761922992,,
LCAT,7.857778119038453,3.1364784418431313,12.579077796233774,-1.7149105359608576,,
SH3BP1,24.511691681697084,10.835107344549,38.188276018845166,-1.7273493155175572,,
H2BC11,19.29060264202961,8.41146491221567,30.169740371843552,-1.727654934352651,,
SNED1,3.528400551019572,1.0930152145816974,5.963785887457447,-1.7342890468493155,,
SLC16A9,2.6129278790539905,0.6653136088758158,4.560542149232165,-1.739431663004504,,
HOXA-AS3,6.225999442702443,2.3285976310653553,10.123401254339532,-1.7406116054550038,,
DEF6,10.284926742175191,4.181971255790842,16.38788222855954,-1.7465093110381753,,
AUTS2,4.098249182748379,1.3306272177516316,6.8658711477451275,-1.7548882886037127,,
HPDL,31.892072523114926,14.019108187026118,49.76503685920373,-1.757036068880107,,
RGL3,11.325689033625173,4.6096728614967235,18.041705205753622,-1.7631741344109055,,
CTSD,218.6658113824539,98.79907091805865,338.5325518468492,-1.7664516060009785,,
ISM1,76.54545971163469,34.21612845647052,118.87479096679886,-1.7672200816020163,,
EFNB3,11.598732749331079,4.704717662764697,18.49274783589746,-1.772710085755022,,
PTK6,46.97080687513074,20.672244275784276,73.2693694744772,-1.7769187704103657,,
F2RL3,1.4257082149623883,0.0950448012679737,2.7563716286568027,-1.7783499044043525,,
ISLR,5.534751362228896,1.9484184259934605,9.12108429846433,-1.7793506733129723,,
LPL,3.4307623025918246,0.9979704133137236,5.863554191869926,-1.780420629248081,,
ST14,255.7418243332414,114.76659753107822,396.7170511354046,-1.7805233670281368,,
PRUNE2,5.435816390221262,1.9008960253594738,8.97073675508305,-1.781201524782102,,
METRN,38.65508233216998,16.870452225065332,60.43971243927463,-1.7815953204142325,,
ASCL2,125.41849553164758,55.886343145568524,194.95064791772663,-1.7843360956608605,,
CRACR2B,44.349678478718396,19.38913945866663,69.31021749877016,-1.7859334709019767,,
REEP6,9.470982489377015,3.7067472494509737,15.235217729303056,-1.7863244445889115,,
TBXT,23.259672034553933,9.884659331869264,36.6346847372386,-1.7897666314222476,,
KL,2.7131595746415105,0.6653136088758158,4.761005540407205,-1.7905267566423995,,
FOXA1,1.549701110866902,0.1425672019019605,2.9568350198318436,-1.7920678912440382,,
CRAT,63.16547729028717,27.753081970248314,98.57787261032603,-1.7921085906968102,,
EPHA1,13.011473728494602,5.274986470372539,20.747960986616665,-1.7931958916642372,,
H6PD,83.36636570996282,36.782338090705814,129.95039332921982,-1.7932365049083772,,
ZC3H6,8.555509817411433,3.279045643745092,13.831973991077774,-1.7933496461071807,,
ATP9A,300.10187660059887,133.77555778467294,466.42819541652483,-1.7941858802201167,,
TMEM176A,1.4507661388592685,0.0950448012679737,2.806487476450563,-1.7974704360444274,,
HS3ST3B1,2.837152470546024,0.7128360095098026,4.961468931582245,-1.7992808293506988,,
ESPN,30.415828284479748,13.021137773712395,47.8105187952471,-1.7995886613520995,,
ENSG00000288758,2.7382174985383902,0.6653136088758158,4.811121388200965,-1.803022702728615,,
PDE9A,8.927488505124973,3.4216128456470525,14.433364164602896,-1.8034079607489664,,
PCLO,6.154715841751464,2.1860304291633947,10.123401254339532,-1.8037660441744807,,
VOPP1,65.64663193195733,28.656007582294066,102.6372562816206,-1.80514643262738,,
SUMF2,149.59882713248663,66.00861448060772,233.18903978436555,-1.805255075934458,,
ERMP1,60.81998605674051,26.46997715313067,95.16999496035035,-1.8077311328083736,,
IGSF8,40.32099599746208,17.345676231405196,63.296315763518955,-1.8092959881287674,,
LINC00896,2.1195497425957095,0.3801792050718948,3.8589202801195244,-1.8157801610663005,,
SOX14,2.3424776105078564,0.47522400633986844,4.209731214675845,-1.820274903485797,,
ITGB8,5.066431149667495,1.6632840221895393,8.46957827714545,-1.830093886491771,,
LPCAT1,11.677796691761378,4.562150460862736,18.79344292266002,-1.8313079038770297,,
KLHL35,5.834149725411569,1.9959408266274472,9.672358624195692,-1.8327980171983291,,
ELMO3,9.746619652242696,3.7067472494509737,15.786492055034417,-1.834498487584106,,
SCNN1A,108.57277546699407,46.952131826379,170.19341910760915,-1.8359603835454072,,
BCAM,63.38279808800074,27.135290762006488,99.63030541399499,-1.838612068750572,,
COL18A1,283.99366648941583,122.60779363568606,445.3795393431456,-1.852501190056031,,
MCF2L,8.212479224334432,2.993911239941171,13.431047208727694,-1.853301818749792,,
FOXA2,6.033316393006722,2.043463227261434,10.023169558752011,-1.856753270782055,,
RIPK4,11.655332215024274,4.467105659594763,18.843558770453782,-1.8598216207390592,,
SYP,5.166662845255015,1.6632840221895393,8.67004166832049,-1.86031581536271,,
SEMA3F,14.10753876205789,5.512598473542474,22.702479050573306,-1.863732772099725,,
HNF4A,35.60495560647187,14.77946659716991,56.43044461577382,-1.8637672929579863,,
TRMT9B,3.978146457583526,1.140537615215684,6.815755299951368,-1.8684121113752008,,
ABCB1,48.38701784915489,20.19702026944441,76.57701542886537,-1.8717677981016614,,
PLEKHA4,25.699787893489535,10.454928139477106,40.94464764750197,-1.8725183189403067,,
EPHB2,38.70348128050482,16.015049013653567,61.39191354735607,-1.8745477501298007,,
KCNK13,4.350125145297066,1.2831048171176447,7.417145473476488,-1.882333956571508,,
MICALL2,67.06673307672114,28.038216374052237,106.09524977939003,-1.882869744688457,,
PCBP3,2.021911494167963,0.285134403803921,3.7586885845320044,-1.888644796185815,,
AFAP1-AS1,1.5760557583436687,0.0950448012679737,3.0570667154193636,-1.8894471311562855,,
SYTL1,21.61580267011991,8.60155451475162,34.6300508254882,-1.8917546357944985,,
PARM1,10.667279218527824,3.944359252620908,17.39019918443474,-1.8950816286137084,,
ORAI3,12.12883932190522,4.562150460862736,19.695528182947704,-1.8956043924775798,,
HES4,21.789911413818185,8.649076915385605,34.930745912250764,-1.8967560477715035,,
LIMK1,174.1416763760438,72.9468849731698,275.3364677789178,-1.9018646854696797,,
CCL24,3.632522417346752,0.9504480126797369,6.314596822013767,-1.9069728004926305,,
APLN,20.5776338258297,8.078808107777762,33.07645954388164,-1.9082006371849887,,
BAIAP3,6.233779784181763,2.043463227261434,10.424096341102093,-1.908294211366395,,
LINC01451,7.026556283822718,2.376120031699342,11.676992535946093,-1.908774421596204,,
CORO1A,18.69527591052489,7.270927296999987,30.119624524049794,-1.9117036618157743,,
RPP25,33.61027530748152,13.496361780052263,53.72418883491078,-1.9164877990768818,,
NES,158.84779449759515,65.91356967933976,251.7820193158505,-1.91752313082028,,
KCNJ5,237.55818927712158,98.84659331869264,376.2697852355505,-1.9178114521962484,,
GPR143,7.374773771219265,2.471164832967316,12.278382709471213,-1.9355876586847847,,
CHST13,36.365770388437475,14.446809792732,58.284730984142946,-1.9403516696503338,,
ARTN,8.663521854478274,2.993911239941171,14.333132469015377,-1.9407782852188467,,
TMEM30B,6.136141535754016,1.9484184259934605,10.32386464551457,-1.9413532251581542,,
LMTK3,15.824864998723632,5.940300079248356,25.709429918198907,-1.9442792362686332,,
WNT6,145.94131918312857,59.545567994385515,232.33707037187162,-1.946322265229807,,
ZSWIM5,3.856747008838785,0.9979704133137236,6.715523604363847,-1.949228847487961,,
TM4SF5,1.6762874539311887,0.0950448012679737,3.2575301065944036,-1.9590268361574614,,
BMP8B,14.017680855109461,5.132419268470579,22.902942441748344,-1.962659982908911,,
LAPTM5,8.441890710146014,2.8513440380392105,14.032437382252816,-1.9646450399812254,,
HMX3,12.877983591651848,4.657195262130711,21.098771921172986,-1.9658073254097004,,
ZNF853,9.755696717301902,3.3740904450130658,16.137302989590737,-1.970085123825905,,
LRRC10B,2.5442377252627835,0.42770160570588156,4.660773844819685,-1.9873048043905535,,
TMEM151A,3.139144280888471,0.6653136088758158,5.612974952901126,-1.9895055486504951,,
RAB42,18.506483031568827,6.843225691294105,30.169740371843552,-1.9906271179599921,,
CARD11,75.41964242761958,29.55893319433982,121.28035166089934,-2.0005265211315293,,
KLK6,88.43500632685384,34.69135246281039,142.1786601908973,-2.004170008705959,,
SLC9A3-AS1,40.71848898089431,15.63486980858167,65.80210815320694,-2.0056830571202098,,
TSPAN13,30.729070431162135,11.642988155326776,49.815152706997495,-2.0069212791780493,,
ENSG00000273151,7.1306781501498975,2.2335528297973815,12.027803470502413,-2.010401774945536,,
FAM110C,5.990980886692282,1.7583288234575132,10.223632949927051,-2.0246733764200724,,
FUCA1,93.25604513187207,36.16454688246399,150.34754338128016,-2.02586633443835,,
PROX1-AS1,2.743404392857937,0.47522400633986844,5.0115847793760055,-2.026811327571286,,
COLGALT2,20.895186319130787,7.4610168995359345,34.32935573872564,-2.061964469414499,,
ABLIM2,7.133271597309671,2.1385080285294076,12.128035166089933,-2.0645002039629845,,
ABCA2,113.24483584409649,42.86520537185613,183.62446631633685,-2.07344482246019,,
NPNT,2.7196431925409437,0.42770160570588156,5.0115847793760055,-2.0740508827359854,,
TBC1D10C,3.339607672063511,0.6653136088758158,6.013901735251206,-2.0744233299504775,,
SEMA6B,69.00702337724181,25.804663544254858,112.20938321022876,-2.0784376075743407,,
KCNK10,2.3727224287242827,0.285134403803921,4.460310453644644,-2.0870637305861814,,
SHH,42.25220923292353,15.444780206045724,69.05963825980135,-2.0909538132133503,,
NXPH4,19.659147530825308,6.843225691294105,32.475069370356515,-2.0935680251142714,,
KRT75,2.149794560812136,0.1900896025359474,4.109499519088324,-2.10211178560152,,
CD82,63.686999365566706,23.33349871128754,104.04050001984588,-2.1099300155424805,,
SCN5A,130.16015880618482,48.330281444764616,211.990036167605,-2.1102405181847486,,
ALDH1A3,166.65079863822766,61.874165625450864,271.42743165100444,-2.1153327257624595,,
SPNS2,22.266888515559756,7.698628902705869,36.83514812841364,-2.1208671702546793,,
NOTUM,107.57098727482625,39.586159728111035,175.55581482154147,-2.121064593214639,,
MACC1,2.1999104086058963,0.1900896025359474,4.209731214675845,-2.1301387425839735,,
GALNT12,6.7150672325420295,1.8533736247254868,11.576760840358572,-2.1400198293385135,,
MEGF6,69.30600156454545,24.949260332843092,113.66274279624781,-2.14363137344793,,
PIWIL4,5.847116961210435,1.5207168202875792,10.17351710213329,-2.14817741756736,,
TSPAN15,8.179220783079199,2.376120031699342,13.982321534459055,-2.1498230865786696,,
MYO15B,44.127663354449886,15.587347407947684,72.66797930095208,-2.150954476443021,,
ADAMTS19-AS1,2.77105576391459,0.3801792050718948,5.161932322757285,-2.1585272357597884,,
SOX2,5.178333357473994,1.235582416483658,9.12108429846433,-2.1786412199903626,,
TSPAN1,17.858447005110573,5.797732877346395,29.919161132874752,-2.185375601878034,,
PTK7,179.67008890414436,64.10771845524825,295.2324593530405,-2.1858292423413817,,
HAS3,41.75581747342645,14.351764991464027,69.15986995538887,-2.1922415419922374,,
OLFM1,22.500190172110994,7.413494498901947,37.58688584532004,-2.1973335703129795,,
CHST15,35.926854642334426,12.165734562300633,59.687974722368224,-2.204622659213321,,
PROX1,65.13734532854694,22.52561790050976,107.74907275658413,-2.2086985789893374,,
ENSG00000272141,8.504973793738639,2.376120031699342,14.633827555777938,-2.2112329273376976,,
MDGA1,6.519790735686536,1.6632840221895393,11.376297449183532,-2.216301579673461,,
TNFRSF18,4.931644289244853,1.0930152145816974,8.770273363908009,-2.2228161292390056,,
CYSRT1,8.9771841770397,2.5186872336013026,15.435681120478097,-2.2237220574908774,,
ADGRG5,2.7974104113913567,0.3326568044379079,5.262164018344806,-2.232356001138928,,
MYRF,23.398385261659016,7.556061700803908,39.24070882251412,-2.2336369263702798,,
ENSG00000286710,24.268928980150385,7.793673703973842,40.744184256326925,-2.247037310904227,,
MLXIPL,22.6807825337087,7.223404896366,38.1381601710514,-2.2507681687040244,,
ANK3,5.8510071319500945,1.3781496183856186,10.32386464551457,-2.251455021431134,,
EPS8L3,37.87488908839164,12.403346565470565,63.34643161131272,-2.2632668850411797,,
STMN3,95.27585574664485,31.935053226039155,158.61665826725056,-2.276915438388282,,
SYNGR1,14.019854126390202,4.134448855156855,23.90525939762355,-2.278169109899285,,
DPYSL3,26.706451391926215,8.458987312849658,44.95391547100277,-2.2804301497679482,,
NXPH3,4.163925713500779,0.7603584101437896,7.567493016857768,-2.2830039184022426,,
TMEM238,14.393129537683627,4.229493656424829,24.556765418942426,-2.288962083767289,,
FBLN1,11.612576532830797,3.279045643745092,19.9461074219165,-2.2913211884888263,,
H1-2,70.16491096676062,22.858274704947668,117.47154722857357,-2.3119789908341515,,
ARHGEF16,43.099448122919725,13.781496183856184,72.41740006198327,-2.3123297184862244,,
SP6,36.148065610787654,11.405376152156842,60.89075506941847,-2.318758442116767,,
KCNJ10,3.9911136933823923,0.6653136088758158,7.316913777888969,-2.3202543869337515,,
UROC1,14.594889652438555,4.181971255790842,25.007808049086268,-2.327371895278498,,
SULF2,119.09332192077238,38.82580131796725,199.3608425235775,-2.3308252882917158,,
ADAMTSL2,58.18123229391714,18.48621384662088,97.8762507412134,-2.3431702356517095,,
SYT7,35.70869349286279,10.97767454645096,60.43971243927463,-2.358823626212619,,
HES6,43.18499568324947,13.401316978784289,72.96867438771464,-2.360713671103001,,
RHOU,16.41115086111193,4.657195262130711,28.16510646009315,-2.366084467764573,,
ISM2,39.93482574225535,12.213256962934619,67.65639452157608,-2.3774079731162368,,
CA9,2.1048656073379224,0.0,4.209731214675845,-2.38120894155229,,
EHF,5.657027358674488,1.140537615215684,10.17351710213329,-2.384038283208057,,
RETREG1,5.682085282571368,1.140537615215684,10.223632949927051,-2.3904946408770065,,
RNF208,17.040192405693706,4.562150460862736,29.518234350524676,-2.4559568202172364,,
SOWAHA,4.093938836129685,0.570268807607842,7.617608864651528,-2.456276069948158,,
KRT6B,5.808671625635655,1.0930152145816974,10.524328036689612,-2.461027928087485,,
PRR15,7.200244851641957,1.5207168202875792,12.879772882996335,-2.461078002367023,,
PDGFA,231.10615393107418,69.90545133259465,392.30685652955367,-2.47168688333532,,
LOXL1,17.687808256272927,4.704717662764697,30.670898849781157,-2.4729304212888583,,
TM7SF2,51.71071705426629,15.017078600339842,88.40435550819274,-2.4807340822670816,,
FAM20C,10.431840486638627,2.471164832967316,18.39251614030994,-2.4820082221593673,,
GAS6,63.11894002518239,18.438691445986894,107.79918860437789,-2.484664787938591,,
TMEM120A,59.21726406286939,17.250631430137226,101.18389669560156,-2.485149573922088,,
NPTXR,23.133998435133282,6.225434483052276,40.04256238721429,-2.5059645566081374,,
SMARCD3,8.867455240513939,1.9484184259934605,15.786492055034417,-2.509287590900152,,
ZNF813,2.355444846306723,0.0,4.710889692613446,-2.5137155188165576,,
GSDMA,2.8527131535046637,0.1425672019019605,5.562859105107367,-2.522045438726017,,
ENSG00000234471,4.493568894899879,0.617791208241829,8.369346581557929,-2.5339230119134717,,
CHI3L1,47.17568920075282,13.163704975614356,81.18767342589129,-2.536723335169817,,
FIBCD1,16.749871107570236,4.181971255790842,29.31777095934963,-2.5485907686757865,,
B3GNT3,23.313294073151102,6.082867281150317,40.54372086515189,-2.5522250225959446,,
ESRRB,6.135721359874982,1.0454928139477104,11.225949905802253,-2.579426186983811,,
PDGFA-DT,17.5979503493245,4.324538457692802,30.871362240956195,-2.581532303888131,,
WWC3,42.58665532870593,11.45289855279083,73.72041210462103,-2.585020827002581,,
ADGRB1,6.559112618962169,1.140537615215684,11.977687622708654,-2.599988252352718,,
ADAP1,18.671550906150678,4.467105659594763,32.87599615270659,-2.6314142077209675,,
SNX10-AS1,5.714923547947568,0.8554032114117631,10.574443884483372,-2.6411382294314003,,
EPHB6,7.978337216025125,1.4731944196535922,14.483480012396656,-2.646282202350616,,
SLC43A3,7.233083117018157,1.235582416483658,13.230583817552656,-2.670272212390787,,
USH1C,10.51738804696836,2.090985627895421,18.9437904660413,-2.6898007794931584,,
SARDH,10.890663458261788,2.1860304291633947,19.59529648736018,-2.6924829442720712,,
GPR155,44.27720674201588,11.025196947084948,77.5292165369468,-2.7071689813686315,,
HTRA1,6.7371115334001015,1.0454928139477104,12.428730252852493,-2.7148025238832996,,
GRM8,3.328813707545384,0.1425672019019605,6.515060213188807,-2.7175056413699705,,
SYT8,4.175596225719759,0.3326568044379079,8.01853564700161,-2.7585879051224658,,
FBXO2,28.46225916010952,6.558091287490184,50.36642703272886,-2.7647318767425584,,
SBK1,9.94883613881944,1.8058512240915,18.091821053547378,-2.766444299843222,,
KCNH2,11.890386966977216,2.281075230431368,21.499698703523062,-2.7776651039368105,,
LINC01622,5.097552515584773,0.5227464069738552,9.672358624195692,-2.809131446057828,,
ALDH3A1,12.938929599906515,2.4236424323333288,23.454216767479704,-2.836479319403283,,
KIF21B,19.06298044756252,3.896836851986921,34.22912404313812,-2.846846567633549,,
JAG2,127.53104706807083,29.891589998777725,225.17050413736393,-2.872124759658942,,
VWA1,17.34824765805655,3.3740904450130658,31.322404871100034,-2.8854795852974555,,
ADAMTS19,16.17830557638251,3.088956041209145,29.267655111555875,-2.8879724531721442,,
MGAT3,7.066754714799203,0.90292561204575,13.230583817552656,-2.9027037795260258,,
CEMIP,104.04970769324186,22.62066270177774,185.47875268470597,-2.980889913046411,,
CHRND,13.021883713076479,2.1385080285294076,23.90525939762355,-2.9882996327429527,,
GRIP2,17.308505598901885,2.993911239941171,31.623099957862596,-3.0300197023291,,
MYH7B,233.6515215756373,50.08861026822213,417.2144328830525,-3.033169254592009,,
KANK4,6.672311550348555,0.6653136088758158,12.679309491821293,-3.0381296135403284,,
SDK1,81.43155187130397,16.775407423797354,146.08769631881057,-3.0487220393698062,,
GRIK4,4.580413178809499,0.1900896025359474,8.97073675508305,-3.0666299128400554,,
GDF15,20.94880835772796,3.659224848816987,38.23839186663893,-3.0741040557915524,,
PPARG,12.453331804927558,1.8533736247254868,23.053289985129627,-3.0754936649837408,,
EBF3,5.078978209587326,0.285134403803921,9.872822015370732,-3.080735282607544,,
EEPD1,62.411783477756735,12.213256962934619,112.61030999257885,-3.1040357351361276,,
PRSS56,3.8589202801195244,0.0,7.717840560239049,-3.12397081862012,,
CLIC5,13.40423618942911,1.9008960253594738,24.907576353498747,-3.1588035659751905,,
NTSR1,95.4700164996344,18.391169045352907,172.54886395391588,-3.1618702336804048,,
CHRNA3,8.719280968413397,0.9504480126797369,16.488113924147058,-3.1644972540752327,,
ENTPD2,12.163010506804088,1.4731944196535922,22.852826593954585,-3.269712677151094,,
ABCA3,8.622939443565535,0.8078808107777763,16.437998076353296,-3.269862952203898,,
GRIN1,7.650867305906763,0.617791208241829,14.683943403571696,-3.277191009919839,,
FGD5,153.81985905487957,27.943171572784262,279.6965465369749,-3.277716389035608,,
ENTPD8,58.61510592947177,9.93218173250325,107.29803012644028,-3.3083537483538543,,
NCAM1,85.24988974051074,14.58937699463396,155.9104024863875,-3.331305820745211,,
WNT7A,8.650590814622191,0.7128360095098026,16.58834561973458,-3.3601608511007814,,
TP53,93.86504884259696,15.68239220921566,172.04770547597826,-3.3747717249969393,,
CST5,14.296824208778553,1.3306272177516316,27.263021199805472,-3.600125522098961,,
PDE3B,10.85698484112752,0.6653136088758158,21.048656073379224,-3.726824928466452,,
DBH,11.556013263080388,0.7603584101437896,22.351668116016985,-3.7295845143422452,,
CD8B,10.110434018540666,0.47522400633986844,19.745644030741463,-3.8138025019569,,
LRP2,38.764992248409655,3.659224848816987,73.87075964800232,-4.006240532247382,,
ANO4,12.26411875009246,0.5227464069738552,24.005491093211067,-4.037497333611142,,
EDN3,8.46957827714545,0.0,16.9391565542909,-4.165040155515367,,
FSTL4,18.743747250745297,0.90292561204575,36.584568889444846,-4.3038493847088235,,
CD8B2,55.984096312184924,4.419583258960776,107.54860936540908,-4.324015514008539,,
TENM2,11.797095261110947,0.1900896025359474,23.404100919685945,-4.3579814977795674,,
INHBB,61.46918819844188,4.51462806022875,118.42374833665501,-4.4366823609368655,,
ENSG00000259001,10.574443884483372,0.0,21.148887768966745,-4.4691623489505465,,
DBH-AS1,24.65093367250955,1.140537615215684,48.16132972980341,-4.521478845623591,,
GPR35,22.3771462157929,0.90292561204575,43.851366819540054,-4.558860880201352,,
SORCS2,14.553466889767751,0.1900896025359474,28.916844176999554,-4.65181589432914,,
VIL1,32.71828844372504,1.188060015849671,64.2485168716004,-4.898220893769842,,
DKK4,24.08886538226006,0.617791208241829,47.559939556278295,-4.907669294830438,,
