gene_name,baseMean_CPM,case_mean_CPM,control_mean_CPM,log2FoldChange,pvalue,padj
SPARC,35.87954203748191,70.86927257678406,0.889811498179772,5.249060840773083,,
ALPK2,28.551150100565007,56.09384716985961,1.0084530312704083,4.829178650402602,,
MARCHF4,53.62881105677439,103.63905535428437,3.618566759264406,4.501832389873406,,
NECTIN3,10.128265456129315,19.8412855464414,0.4152453658172269,3.88032016495026,,
MAOA,78.09455721013894,145.27409337593934,10.915021044338536,3.617820871456605,,
MAGEB2,5.488015151143367,10.976030302286734,0.0,3.5820778717723725,,
LINC01234,10.949287358342914,20.94944245196074,0.94913226472509,3.4932803958493084,,
ESM1,81.24034911562664,150.02333725673648,12.457360974516808,3.4883040764818083,,
IL2RB,18.78500237808245,35.19717409435217,2.372830661812725,3.4238452782632676,,
SERPINB2,10.80735770421305,20.36897931097442,1.2457360974516807,3.250257691534144,,
TLE1,24.07122972497488,44.16796809141345,3.974491358536315,3.1826790918963073,,
SRGAP1,17.78875648770315,32.611474648140394,2.9660383272659065,3.0831833151459334,,
GDA,99.45875903793262,177.1467967537335,21.770721322131756,2.967814644247923,,
ENSG00000258168,3.1397778989714458,6.2795557979428915,0.0,2.8638504191524086,,
SH3BGRL,5.850491140507292,10.87049154938013,0.8304907316344537,2.6970773033428097,,
TRPS1,4.673186383304616,8.812485867701369,0.5338868989078631,2.67742656137276,,
UBE2L6,11.878765452791956,21.26605871068055,2.4914721949033614,2.672938822277081,,
LCN2,15.882149289575107,27.967769520249853,3.79652905890036,2.5943859008548733,,
OTOP1,2.5065453815318266,5.013090763063653,0.0,2.5881067350903715,,
ANXA1,27.61862683252003,47.703516313784654,7.533737351255403,2.5127763227668005,,
MYLK,13.672565996487037,23.904527533345625,3.4406044596284513,2.487580065554626,,
QPRT,8.280799896688006,14.722656030471148,1.838943762904862,2.4694187769791185,,
PIP5K1B,5.3029640778396425,9.656795890954195,0.94913226472509,2.4508698398145707,,
RYR2,3.156156374201487,6.015708915676383,0.29660383272659063,2.4358511484747014,,
PTPN7,5.73494617460408,10.342797784847116,1.1270945643610444,2.4148204577506434,,
ZNF185,11.13326366449513,19.41913053481499,2.8473967941752703,2.4079669041405425,,
CTHRC1,30.52368084892187,52.030605182955384,9.016756514888355,2.404409781597871,,
CD22,7.377169106889863,13.034035983965499,1.7203022298142256,2.367091115511892,,
IL1RAPL1,11.838919728664102,20.474518063881025,3.203321393447179,2.353024077575254,,
CASC8,14.902461002284433,25.59314757985128,4.2117744247175875,2.3512079976479168,,
PDZRN3,13.972445524259639,23.851758156892327,4.093132891626951,2.2867226538844654,,
LINC03033,3.4858754131053296,6.437863927302796,0.5338868989078631,2.2776962449734284,,
DHRS2,30.628861346111304,51.291833912609164,9.965888779613445,2.253562920998175,,
ENSG00000251076,1.8469281758655565,3.693856351731113,0.0,2.230773691069378,,
RIN2,48.914218192206135,81.15930098517788,16.669135399234396,2.2171924607294327,,
UST,8.468589281461984,14.564347901111244,2.372830661812725,2.2062133409864098,,
AFF3,23.248595672034018,38.78549169317668,7.711699650891357,2.191216307886303,,
ENSG00000290058,12.151902036620733,20.210671181614515,4.093132891626951,2.0581650075373,,
DDIT3,28.382708023941394,46.384281902452116,10.381134145430673,2.0577642429477665,,
ARHGAP30,3.093380784751576,5.593553904049971,0.5932076654531813,2.0491219566763346,,
PRRX1,2.905412272119012,5.276937645330161,0.5338868989078631,2.0328687676596284,,
ENSG00000280614,1.6918957415516596,3.324470716558001,0.05932076654531813,2.0293840589953613,,
OGFRL1,11.779240706401616,19.524669287721597,4.033812125081633,2.027635698668615,,
NIBAN1,25.319166750321063,41.26565238648186,9.372681114160264,2.026696870757722,,
DAB2,5.738042741791503,9.815104020314099,1.6609814632689075,2.023017175780465,,
MITF,18.334850527502123,30.025775201928614,6.64392585307563,2.021081568413283,,
ENSG00000260920,3.607792641241974,6.3850945508494945,0.8304907316344537,2.012385923001917,,
AK5,10.02820332616322,16.675122959243307,3.3812836930831334,2.012294712424816,,
RFTN1,3.8781909136004993,6.807249562475908,0.94913226472509,2.0019823941563275,,
RRAD,3.123041168024235,5.593553904049971,0.6525284319984994,1.9963811890643752,,
ILDR2,7.413201752395953,12.453572842979181,2.372830661812725,1.9959575652412924,,
TNFRSF8,1.7215561248243187,3.324470716558001,0.11864153309063626,1.950775767252907,,
HEPHL1,9.797292522215379,16.09465981825699,3.4999252261737697,1.9255727796438773,,
AMIGO2,5.80063920338283,9.762334643860799,1.838943762904862,1.9225648958601103,,
STK38L,169.3004119025777,268.0684323827722,70.53239142238326,1.911304562550219,,
ENSG00000274021,4.613507361042128,7.86263709154194,1.364377630542317,1.9062755624481122,,
GATA6,2.8591942857577273,5.065860139516955,0.6525284319984994,1.8760371404087306,,
TMEM229B,6.021543794334061,10.026181526127306,2.0169060625408166,1.8697915770257627,,
CD163L1,12.079120234174214,19.471899911268295,4.686340557080132,1.8480725887919576,,
ZNF556,1.8336462678229386,3.4300094694646046,0.2372830661812725,1.8401341841464678,,
MB21D2,13.16398901865432,21.107750581320644,5.220227455987995,1.8295129996554018,,
PLCXD2,11.40640024832391,18.36374300574896,4.449057490898859,1.8292792346652036,,
OTULINL,5.972050112926768,9.8678733967674,2.0762268290861345,1.8208358732725605,,
KLRG1,3.2680673893415224,5.646323280503273,0.889811498179772,1.8143141301059864,,
BHLHE41,5.919280736473467,9.762334643860799,2.0762268290861345,1.806757280643981,,
GLIS3,3.7824792458319205,6.437863927302796,1.1270945643610444,1.8060041819741972,,
UNC13D,190.5940328558194,296.30004878528854,84.88801692635025,1.7913909339018192,,
BICD1,58.326872764761355,91.02717438194527,25.626571147577433,1.789193275840139,,
RAB27B,1.3488947946051992,2.6384688226650805,0.05932076654531813,1.7801919392989651,,
SLC16A7,1.5929083787370728,3.0078544578381914,0.1779622996359544,1.766536752276485,,
ZNF461,5.896171743292824,9.656795890954195,2.1355475956314525,1.7649844135594672,,
TPST1,23.165270273015135,36.30533099987151,10.025209546158763,1.7585757329267633,,
DOC2A,5.084976926217251,8.390330856074957,1.779622996359544,1.756286768516873,,
DTX4,15.02038602394073,23.69345002753242,6.347322020349039,1.7488380037216855,,
COL6A3,5.058592237990599,8.337561479621654,1.779622996359544,1.7481566150717973,,
CAMK1D,10.581923523205718,16.833431088603213,4.330415957808224,1.7422642761813838,,
PROCR,4.3825965570942875,7.282173950555622,1.4830191636329533,1.7379141078611853,,
ABL2,79.27237440383323,122.47772274811302,36.06702605955342,1.7360425058153486,,
TIMP3,29.644822596623115,46.1204350201856,13.169210173060625,1.7335935172277699,,
LINC01602,1.1609262819726354,2.3218525639452707,0.0,1.731988042600332,,
AOC2,3.4625872920661025,5.857400786316479,1.0677737978157262,1.7295834721350705,,
S100A5,3.3273881558868403,5.646323280503273,1.0084530312704083,1.7264717445520004,,
ACSL5,39.613167772665264,61.370784815189765,17.855550730140756,1.7258811234280895,,
IFI35,6.38747460660258,10.342797784847116,2.432151428358043,1.7245914237293447,,
PI3,2.2985644429060432,4.063241986904224,0.5338868989078631,1.7228693267443096,,
MYH15,6.605103502507802,10.659414043566924,2.5507929614486797,1.7152821384621955,,
GPRC5A,448.26582630898605,686.4768182810006,210.05483433697148,1.7036931912014057,,
LDHBP2,16.197511653284824,25.276531321131472,7.118491985438176,1.6944911668061604,,
LINC00520,1.2433560416985958,2.4273913168518737,0.05932076654531813,1.6939714093444114,,
ZNF546,6.255551165469325,10.078950902580607,2.432151428358043,1.6906361631201623,,
PELO-AS1,2.4898086505846155,4.327088869170732,0.6525284319984994,1.688672255132565,,
PAPSS2,7.366804638176083,11.76757094908626,2.9660383272659065,1.6867135513350284,,
GPATCH11,39.53383458012672,60.73755229775015,18.330116862503303,1.6752979261494736,,
MGLL,29.997471500849016,46.17320439663891,13.821738605059124,1.670252916880046,,
PVT1,145.9404939925709,222.4756911271196,69.40529685802221,1.666362031335343,,
ZNF420,18.10340233997853,28.020538896703155,8.186265783253901,1.6595238794654237,,
ENSG00000250899,21.925189926362545,33.82517030656633,10.025209546158763,1.6593243320586621,,
KRT81,44.6151775555808,68.23080375411898,20.99955135704262,1.6539399948485136,,
ZFP69B,5.853229451977547,9.392949008687687,2.313509895267407,1.649172945444274,,
FLNC,3.7659216427432947,6.2267864214895905,1.3050568639969988,1.6485519166233924,,
ZNF93,1.896242729414265,3.377240093011303,0.4152453658172269,1.6289693188278482,,
ANO2,1.4082155611505174,2.6384688226650805,0.1779622996359544,1.6270380817413481,,
EXT1,60.531926467793326,91.8187150287448,29.24513790684184,1.6177124862802046,,
ENSG00000248112,1.273016424971255,2.4273913168518737,0.11864153309063626,1.615363117601957,,
ZNF850,23.92006176287423,36.569177882138014,11.270945643610446,1.614303113553004,,
RPL13AP20,3.198740409799594,5.329707021783462,1.0677737978157262,1.6140603522904104,,
LINC01139,1.0290028408393814,2.058005681678763,0.0,1.6125910871834006,,
TMCC1-DT,2.575514105356584,4.379858245624033,0.7711699650891356,1.602865496882263,,
KCNMA1,3.769197337789303,6.174017045036289,1.364377630542317,1.6013206966779614,,
NR2F2-AS1,1.2466317367446043,2.374621940398572,0.11864153309063626,1.5929780847608248,,
SLC6A20,1.5994597688290895,2.9023157049315884,0.29660383272659063,1.5895927568978936,,
ZNF486,6.94464962654967,10.923260925833434,2.9660383272659065,1.5880083316903084,,
AEBP2,84.38557869045447,127.06865849955028,41.70249888135864,1.5845250548636185,,
MAP3K14,37.502213586674614,56.674310310845925,18.330116862503303,1.5770784872113557,,
AOC3,1.5730750806024387,2.849546328478287,0.29660383272659063,1.56995069067695,,
CASP4,4.504513785230932,7.22940457410232,1.779622996359544,1.5658988287064708,,
TIGAR,14.060531034784692,21.477136216493754,6.64392585307563,1.5560725461216236,,
SYDE1,37.51531636685865,56.463232805032725,18.567399928684573,1.5541870925722099,,
RASSF8,88.20700802112131,131.92344113325402,44.4905749089886,1.5469559746280248,,
HTR1D,1.6555048403283994,2.95508508138489,0.3559245992719088,1.54443177532402,,
RAP1BL,5.13101578471995,8.126483973808448,2.1355475956314525,1.541341742406633,,
ZNF569,15.531163929667953,23.58791127462582,7.4744165847100845,1.536763228785343,,
GAS7,1.8731337362336224,3.2717013401046997,0.474566132362545,1.5345202563754008,,
RAB3B,82.16926487941579,122.63603087747293,41.70249888135864,1.5337068431890422,,
CHST2,16.91936706482525,25.59314757985128,8.245586549799219,1.524217791749178,,
CPNE8,3.2316764881182616,5.276937645330161,1.1864153309063625,1.5214933963283326,,
CCN1,78.52871528771374,116.77863009115646,40.27880048427101,1.5126048450557295,,
STOM,8.583417735930858,13.192344113325401,3.974491358536315,1.5124919725214125,,
SASH1,3.096477351939,5.065860139516955,1.1270945643610444,1.5118280614411113,,
ZNF442,2.173192391864806,3.693856351731113,0.6525284319984994,1.5060985973392134,,
DUSP6,339.19441617283314,502.20615570607146,176.18267663959486,1.505912013988024,,
ZEB1,27.682170326995763,41.42396051584176,13.940380138149761,1.5056624548142914,,
ZNF605,11.165304103520874,16.99173921796312,5.338868989078632,1.5050372991937209,,
RPSAP12,11.953389927415806,18.152665499935754,5.754114354895858,1.5037066766152956,,
ENSG00000285517,18.093216999123335,27.228998249903633,8.957435748343038,1.5033317628553458,,
LDHB,85.09051824318908,126.22434847629744,43.95668801008073,1.5007671429470957,,
MMP2,1.9291788077329322,3.324470716558001,0.5338868989078631,1.495331458582769,,
ANKRD1,130.82915641236775,193.5580728307103,68.10023999402522,1.4934382171393676,,
GYG2,1.358721879743224,2.480160693305175,0.2372830661812725,1.4919783242624836,,
CILK1,28.397653476302754,42.321039915547885,14.474267037057624,1.4851967995128164,,
GEM,4.158237143238463,6.5961720566627005,1.7203022298142256,1.4815056374932776,,
WBP11,249.0285689607062,366.95824385625934,131.09889406515305,1.4779236692273456,,
ZNF570,14.106569893287393,21.213289334227248,6.999850452347539,1.4733781064547886,,
SPN,2.1204230154115042,3.588317598824509,0.6525284319984994,1.4732901630095212,,
NIPAL4,6.034467446659509,9.340179632234383,2.728755261084634,1.4714952354921547,,
ARL4D,22.805174339404296,33.98347843592624,11.626870242882354,1.4701766546753494,,
COL5A1,1.3323371915165731,2.4273913168518737,0.2372830661812725,1.4699353201285952,,
CXCR6,5.328811382490539,8.284792103168353,2.372830661812725,1.4609097195389973,,
LINC00910,6.552154998195915,10.078950902580607,3.0253590938112245,1.4606318810834604,,
UCN2,3.0997530469850076,5.013090763063653,1.1864153309063625,1.4595392540605228,,
ZNF197,15.768446995849224,23.58791127462582,7.94898271707263,1.458153586961529,,
POU2F2,3.7526397347006766,5.962939539223082,1.5423399301782712,1.4535395536750395,,
LCP1,2.5292961189952994,4.168780739810827,0.889811498179772,1.4515816662737797,,
ENSG00000224415,9.951787572953522,15.039272289190958,4.864302856716086,1.451577170178619,,
ZDHHC11,2.855739462853134,4.6437051278905415,1.0677737978157262,1.4485642400164662,,
FOXM1,310.0068855940496,453.97494562775375,166.03882556034546,1.4456036282080456,,
ZNF585A,8.919688164926718,13.508960372045212,4.330415957808224,1.4446241250761087,,
ENSG00000247134,3.399811702616191,5.435245774690065,1.364377630542317,1.4445347724797797,,
CAVIN1,417.5916176687223,611.0693793292327,224.11385600821188,1.4430403356424037,,
EMG1,38.99541809116276,57.46585095764545,20.524985224680073,1.4415819664508462,,
ENSG00000284747,1.85002474305298,3.1661625871980967,0.5338868989078631,1.441527032888683,,
ZNF892,2.1764680869108144,3.641086975277811,0.7118491985438176,1.4389071178701465,,
AR,2.1764680869108144,3.641086975277811,0.7118491985438176,1.4389071178701465,,
VAT1L,2.3940969828160372,3.957703233997621,0.8304907316344537,1.437441446068852,,
EIF5A2,77.40691821843461,113.34862062169185,41.46521581517737,1.4290854756306948,,
DCLK2,1.2795678150632717,2.3218525639452707,0.2372830661812725,1.424812444098555,,
LTBP1,1.8236400548263292,3.1133932107447952,0.5338868989078631,1.4231368799799036,,
PTPN13,1.9324545027789406,3.2717013401046997,0.5932076654531813,1.422876457093585,,
ENSG00000289579,2.041268950731552,3.4300094694646046,0.6525284319984994,1.4226346889180799,,
EHD2,2.6941556384472207,4.379858245624033,1.0084530312704083,1.4214834359831987,,
C12orf4,35.41764408891062,52.030605182955384,18.80468299486585,1.4209836037238701,,
RPSAP19,8.896579171746076,13.403421619138609,4.389736724353542,1.4181248655995158,,
G0S2,11.072868130798305,16.569584206336707,5.576152055259904,1.4177644867603323,,
INTS13,196.08381433846444,285.7461734946282,106.42145518230072,1.4164920640455914,,
FAM169A,16.569635599928187,24.53776005078525,8.601511149071127,1.4112986003189327,,
SDSL,8.843809795292774,13.297882866232005,4.389736724353542,1.4075148306599043,,
SEMA6A,1.9060698145522896,3.218931963651398,0.5932076654531813,1.4049434960932004,,
RPL23AP42,1.797255366599678,3.060623834291493,0.5338868989078631,1.4045092762097697,,
HMGN5,1.3619975747892321,2.4273913168518737,0.29660383272659063,1.4023731760245224,,
NUDT19-DT,11.076143825844312,16.5168148298834,5.635472821805223,1.4004692902876015,,
MRPS35,185.08664544944153,268.912742406025,101.26054849285804,1.400243417799661,,
ENSG00000236453,1.0355542309313979,1.9524669287721597,0.11864153309063626,1.4001730987418195,,
ZNF260,49.804081083977394,72.55789262328972,27.050269544665067,1.3908655139928658,,
GABRQ,1.7708706783730273,3.0078544578381914,0.5338868989078631,1.38563800942151,,
RPS24P8,12.658866863726193,18.73312864092207,6.5846050865303125,1.379473740458612,,
ARHGAP23,3.676761365066733,5.751862033409876,1.6016606967235896,1.3758526035385021,,
MID1,72.22295392940278,104.64167350689709,39.80423435190846,1.3723882840835433,,
PDGFC,0.9003550947521356,1.741389422958953,0.05932076654531813,1.3717677727871602,,
RECQL,113.74367593308048,164.4293770284878,63.057974837673164,1.3687653579095425,,
SLC9A2,30.95607259499496,45.06504749111957,16.84709769887035,1.3679830186255901,,
SYTL2,30.629629251137125,44.59012310303986,16.669135399234396,1.3674898583235289,,
ZNF573,4.712136468139546,7.22940457410232,2.194868362176771,1.3650315612588644,,
IQCJ-SCHIP1,8.632732289479566,12.875727854605593,4.389736724353542,1.3642767427226388,,
TDG,22.791713303503094,33.24470716558002,12.33871944142617,1.3602608535600467,,
CDC42EP4,45.74483130355352,66.27833682534683,25.211325781760205,1.359951713713738,,
IGF2BP2,138.61906309505466,199.9431673815598,77.29495880854952,1.3597961980881894,,
FOXD1,53.53325356978026,77.46544463344677,29.601062506113745,1.3584757000429324,,
C12orf60,2.1533590937301716,3.5355482223712076,0.7711699650891356,1.3565742805361176,,
PHC1,8.9064062568841,13.245113489778705,4.567699023989496,1.35531398566483,,
FZD2,11.438798943066823,16.886200465056515,5.9913974210771315,1.3551941992898755,,
AP3S1,93.94599779579721,135.5117587320785,52.38023685951591,1.354647613965234,,
ENSG00000225402,6.430058642200687,9.656795890954195,3.203321393447179,1.34217206076597,,
SLC2A3,1069.4860267534082,1533.9002347445712,605.0718187622449,1.340584220007226,,
HOXD10,3.4887928524341683,5.435245774690065,1.5423399301782712,1.3398383063226704,,
PALM2AKAP2,168.43696014554044,241.84205228548126,95.03186800559963,1.3384331245312144,,
NLRP1,1.3916579580618913,2.4273913168518737,0.3559245992719088,1.3378339638146592,,
TCN2,4.933041059090777,7.493251456368829,2.372830661812725,1.3323570764687802,,
MRAS,3.6800370601127406,5.699092656956574,1.6609814632689075,1.332007245923313,,
NAV3,2.3182186131820934,3.7466257281844144,0.889811498179772,1.3286599595912303,,
IFITM1,17.001438568834043,24.748837556598456,9.254039581069629,1.328314930890196,,
HOXB5,46.25906403218533,66.59495308406663,25.923174980304022,1.3280669797395628,,
SLC1A3,13.76011412343634,20.105132428707915,7.415095818164766,1.3265422778724085,,
VWF,1.4740877177878522,2.5329300697584776,0.4152453658172269,1.3198129934396152,,
SHOX2,1.9917752693242585,3.2717013401046997,0.7118491985438176,1.3192551668088643,,
HMGA2,225.02940452674352,321.6293494828733,128.42945957061374,1.3177116579548362,,
NMD3,138.69750064830026,198.20177795860084,79.1932233379997,1.3126782909232224,,
SH3RF2,58.07016604975409,83.21730666685663,32.923025432651556,1.3118518950458444,,
SLC30A10,17.987319990499564,26.068071967930997,9.906568013068128,1.3113949315150197,,
RNF7,49.051848777729965,70.34157881225104,27.762118743208884,1.310573188561037,,
ZNF502,6.10689099338886,9.129102126421177,3.0846798603565424,1.3102113793695451,,
AOPEP,151.32307317799064,216.03782719981677,86.60831915616447,1.3088067321281645,,
HES1,32.89472023214875,47.28136130215824,18.508079162139257,1.3073946218942236,,
KCNN4,24.202846303982447,34.88055783563236,13.525134772332533,1.3046507702112353,,
FGF13,3.4096387877542162,5.276937645330161,1.5423399301782712,1.30390393482222,,
LINC00944,1.5565174775138129,2.6384688226650805,0.474566132362545,1.303040921748536,,
NGFR,147.6068243445132,210.4442732957668,84.76937539325961,1.3017429677399486,,
ASB9,3.7096974433853998,5.699092656956574,1.7203022298142256,1.3001987602774852,,
TBCCD1,15.510972375816147,22.479754369106484,8.54219038252581,1.2990249400487643,,
PRKAR2B,1.447703029561201,2.480160693305175,0.4152453658172269,1.2981017231630052,,
PLCL2,1.447703029561201,2.480160693305175,0.4152453658172269,1.2981017231630052,,
GRAMD2B,2.2654492367287915,3.641086975277811,0.889811498179772,1.2962203962308698,,
NBDY,11.995973963013913,17.466663606042832,6.525284319984994,1.2951052405844001,,
GAPDHP63,19.65574848315341,28.337155155422963,10.974341810883855,1.2927826205724322,,
DYRK2,41.543651868999774,59.41831788641761,23.668985851581933,1.2922876110914283,,
RPL14P3,10.11646796454686,14.775425406924452,5.457510522169268,1.288628915816489,,
RPLP0P2,1.2300741336559782,2.163544434585366,0.29660383272659063,1.286804117228495,,
ENSG00000286966,1.2300741336559782,2.163544434585366,0.29660383272659063,1.286804117228495,,
RPL19P16,7.03672734355507,10.395567161300416,3.677887525809724,1.2845436504694052,,
GAPDHP70,5.292420481267278,7.915406467995242,2.669434494539316,1.2807428312184737,,
FBXO45,68.73362369339286,97.78165456796788,39.68559281881783,1.2797251217268983,,
SAMD9,2.2390645485021405,3.588317598824509,0.889811498179772,1.279722918697483,,
GSTA4,2.2390645485021405,3.588317598824509,0.889811498179772,1.279722918697483,,
SH3PXD2A,4.065801170515893,6.174017045036289,1.9575852959954982,1.2783613969396812,,
NTF3,1.4213183413345503,2.4273913168518737,0.4152453658172269,1.2760587190291168,,
LRRC23,11.537607178022824,16.72789233569661,6.347322020349039,1.2707306128738816,,
GAPDHP1,84.91368210429613,120.47248644288757,49.35487776570468,1.2704261391496852,,
ATF7IP,143.9264290286833,203.7953318626508,84.05752619471579,1.267672029216274,,
MYH3,5.757338656350383,8.54863898543486,2.9660383272659065,1.267596493722278,,
CCDC91,35.23568958279432,50.183677007089834,20.287702158498803,1.2656635630041864,,
HDX,0.9036307897981439,1.6886200465056516,0.11864153309063626,1.265118088153073,,
LINC02985,1.9126212046443065,3.1133932107447952,0.7118491985438176,1.2647733732755302,,
NR2F2,116.91114380888017,165.48476455755386,68.33752306020648,1.2636819533866765,,
GPR19,2.2126798602754896,3.5355482223712076,0.889811498179772,1.2630346051910393,,
TPM1,20.756995742863555,29.709158943208806,11.804832542518307,1.2619806146316883,,
COL5A3,1.5037481010605114,2.5329300697584776,0.474566132362545,1.2605746662044806,,
ZNF639,57.984102339264965,82.2146885142439,33.75351616428602,1.25967925701759,,
ZNF462,60.19332737663585,85.32808172498869,35.058573028283014,1.2594876259803969,,
MIA,3.1128558271690405,4.802013257250446,1.4236983970876351,1.2593434097420295,,
C12orf43,37.6954795943891,53.56091710010113,21.83004208867707,1.2569343751794624,,
SERPINE2,32.86815641606351,46.753667537625226,18.9826452945018,1.2568639589145312,,
TEAD4,99.49773556927491,140.6831576245021,58.31231351404772,1.256264718987615,,
RAI2,1.094874997476716,1.9524669287721597,0.2372830661812725,1.2547453012684577,,
KIF18B,108.77972059570696,153.61165485556097,63.947786335852946,1.251296816685198,,
PPFIBP1,972.0521067973855,1369.048702704457,575.0555108903139,1.2499474322090554,,
TBX3,194.15796261936902,273.7675250397287,114.54840019900931,1.2497142157116143,,
ENSG00000277342,1.5861778607864718,2.6384688226650805,0.5338868989078631,1.246139338886373,,
ZNF331,15.062432675963082,21.582674969400355,8.54219038252581,1.2428240108727047,,
FOXJ2,108.00473755199606,152.23965106777513,63.769824036216995,1.2423959160597255,,
PHC1P1,3.5777740022521454,5.435245774690065,1.7203022298142256,1.2422283028125236,,
FGFR1OP2,109.47864614192534,154.29765674945392,64.65963553439676,1.241957414508497,,
EMP1,454.88546711396975,639.5648426140154,270.20609161392406,1.239955034504621,,
TMSB10P1,4.369135521193085,6.543402680209399,2.194868362176771,1.2394589524135828,,
CLIP4,1.6686076205124323,2.7440075755716835,0.5932076654531813,1.232649027934694,,
KRAS,219.5636027294879,308.38423599309465,130.74296946588115,1.2316737155201314,,
ETV1,6.525591182110681,9.551257138047593,3.4999252261737697,1.229441966288871,,
SLC15A3,2.1599104838221885,3.4300094694646046,0.889811498179772,1.2290674446060417,,
RPL19P6,4.8340536962761895,7.176635197649018,2.4914721949033614,1.227671792089457,,
SOCS1,2.651213347131944,4.116011363357526,1.1864153309063625,1.2264519876152964,,
PYROXD1,8.790861290980887,12.717419725245687,4.864302856716086,1.2259776159243134,,
ROBO4,17.604652447283833,25.06545381531826,10.143851079249401,1.2258910946071395,,
TIAM2,6.007903630574274,8.812485867701369,3.203321393447179,1.2230888993291424,,
STRAP,429.28405320611625,601.4125834382785,257.1555229739541,1.2225114425060117,,
ENSG00000272077,0.9596758612974537,1.741389422958953,0.1779622996359544,1.2186139152295432,,
COMMD2,27.186696129347077,38.41610605800357,15.957286200690579,1.2168799553980687,,
ACTG1,2844.553650380784,3978.177752061502,1710.9295487000657,1.2168470149432258,,
PLEKHA5,65.04012559737892,91.34379064066509,38.73646055409274,1.216551581980942,,
TSPAN11,1.9422815879169655,3.1133932107447952,0.7711699650891356,1.215626326981332,,
LINC02964,24.40373846894046,34.51117220045925,14.29630473742167,1.2150898130533199,,
FAAP24,10.89454757544518,15.619735430177277,6.169359720713085,1.2129812300419454,,
GPR55,12.368456165374447,17.677741111856037,7.059171218892857,1.2126165968512945,,
DERA,69.32992792603346,97.25396080343486,41.405895048632054,1.2122507315683884,,
PEX5,148.64731781480936,208.01688197891494,89.27775365070379,1.2111770452984154,,
DNMBP,134.15552119469456,187.7534414208471,80.55760096854202,1.210611704456085,,
NEK6,43.320536553889056,60.89586042711005,25.745212680668068,1.2105622495520305,,
ZNF146,281.3023666034894,393.1846239535503,169.4201092534286,1.2097759210370513,,
PRKCQ,5.84631980616836,8.54863898543486,3.1440006269018608,1.204270892094537,,
BTF3P2,1.5334084843331703,2.5329300697584776,0.5338868989078631,1.2036730833423175,,
NOG,1.5334084843331703,2.5329300697584776,0.5338868989078631,1.2036730833423175,,
KIAA1755,6.037564013846933,8.812485867701369,3.262642159992497,1.2028707219559232,,
UBTD2,27.57573593479623,38.83826106962998,16.313210799962484,1.2022813727636505,,
CTTNBP2,1.0421056210234145,1.8469281758655565,0.2372830661812725,1.202230497799453,,
SGSH,2.2159555553214982,3.482778845917906,0.94913226472509,1.2015613343176936,,
FAR2,3.3898054896195817,5.118629515970256,1.6609814632689075,1.2012500859935034,,
BLMH,40.461700523848506,56.779849063752536,24.14355198394448,1.2003779641415118,,
ZFPM2,15.510793247957565,22.004829981026774,9.016756514888355,1.1995213631837336,,
GPR162,2.598443970678643,4.010472610450923,1.1864153309063625,1.196379210333955,,
MYO7A,0.7420469653922308,1.4247731642391435,0.05932076654531813,1.1947102812575028,,
FXR1,207.9692339685314,289.70387672862586,126.23459120843697,1.1920593621250128,,
PELI2,8.141250298311228,11.714801572632958,4.567699023989496,1.1913558175964472,,
ZNF529,14.55784790461071,20.63282619324093,8.482869615980492,1.189826551700236,,
ELAVL2,1.807082451737703,2.9023157049315884,0.7118491985438176,1.1887748831008171,,
DZIP1L,5.493491774083876,8.020945220901845,2.9660383272659065,1.1855799883419051,,
YBX3,770.9346518862883,1071.2183420020226,470.65096177055403,1.1848072053229266,,
DUSP10,3.9371534244286477,5.857400786316479,2.0169060625408166,1.1845920681803934,,
CCDC77,34.60227793749611,48.442287584130874,20.762268290861346,1.1839165578927797,,
ACP7,9.562389511787192,13.667268501405117,5.457510522169268,1.1835502273793659,,
FAM131A,18.382732058182153,25.90976383857109,10.855700277793217,1.1825488492130234,,
TEX15,9.262330856156009,13.245113489778705,5.279548222533314,1.1817344412214814,,
RIMKLB,44.62613080146181,62.3206335913492,26.931628011574432,1.1807760268616154,,
ARHGAP23P1,1.8895122114636635,3.0078544578381914,0.7711699650891356,1.1781274564229383,,
LIMS4,7.788422266226742,11.187107808099942,4.389736724353542,1.1770690847712366,,
AKAP12,1079.807329195225,1497.5949037446996,662.0197546457504,1.1764866893066033,,
INPP4B,4.593315807190325,6.754480186022606,2.432151428358043,1.1759168681357948,,
PRKCA,48.61915016953118,67.75587936603925,29.48242097302311,1.173505595697039,,
ZNF875,26.988721403717904,37.782873540563955,16.19456926687185,1.1734667250127149,,
RAD51AP1,50.914080661674056,70.92204195323737,30.906119370110744,1.172600831953437,,
SENP5,88.74094631362067,123.32203277136587,54.15985985587545,1.1723913018188248,,
RPSA2,13.169644769453413,18.627589888015468,7.711699650891357,1.171856911282172,,
GAPDHP35,9.48323544710724,13.508960372045212,5.457510522169268,1.167894153695953,,
MAGOHB,39.41959490282509,54.93292088788697,23.906268917763203,1.1671887567363302,,
FKBP4,584.3674950632341,808.9545410291137,359.78044909735445,1.1667197782982328,,
NOL11,122.05037452801088,169.17862090928494,74.9221281467368,1.1644574687186986,,
SHE,0.71566227716558,1.3720037877858418,0.05932076654531813,1.162966804398751,,
GPR160,4.26687246333249,6.2795557979428915,2.2541891287220888,1.1615523183754268,,
EVC,1.0981506925227242,1.899697552318858,0.29660383272659063,1.1611646877982447,,
ATF4P3,11.451722595392273,16.200198571163597,6.703246619620948,1.1588867014249469,,
ZNF527,8.66548923993965,12.348034090072577,4.982944389806723,1.1576997175687171,,
VPS37B,59.7244169950724,82.84792103168353,36.60091295846129,1.1570073220309944,,
THEM4,15.550280716368249,21.846521851666868,9.254039581069629,1.1557821747672872,,
DNM1L,185.83350391993142,256.88132457467225,114.78568326519058,1.1552504216702886,,
MED21,104.34036245567903,144.3770139762332,64.30371093512485,1.1545622966679354,,
ETFRF1,21.94376932948709,30.659007719368233,13.228530939605943,1.1538293232590817,,
KLF7,16.67136127421303,23.376833768812613,9.965888779613445,1.1524880045138113,,
RHOF,15.032593164831841,21.107750581320644,8.957435748343038,1.1507060707802734,,
ZC4H2,2.9017783213558337,4.379858245624033,1.4236983970876351,1.1503579773105632,,
EFNA5,9.486511142153248,13.45619099559191,5.516831288714586,1.1494449210937856,,
MIR100HG,0.9893362445701128,1.741389422958953,0.2372830661812725,1.1477316835713443,,
IFI16,0.6068478292129684,1.2136956584259369,0.0,1.146456892281915,,
ANTXR2,4.131673327153228,6.068478292129685,2.194868362176771,1.1456431746904887,,
KMT5AP2,2.0279870426889346,3.1661625871980967,0.889811498179772,1.1404768045450329,,
SIAH2,34.24599508250704,47.49243880797145,20.99955135704262,1.1402857095889636,,
HOXB2,48.56620166521931,67.17541622505296,29.956987105385657,1.1389865353724045,,
TMPPE,7.247625721509692,10.342797784847116,4.152453658172269,1.1384450064094098,,
DENND5B,16.921926248436918,23.64068065107912,10.203171845794719,1.1371348618176307,,
DLEU2,14.927054411925237,20.896673075507437,8.957435748343038,1.1368655165295234,,
ZNF711,1.2630102119746456,2.1107750581320643,0.4152453658172269,1.1362218769649395,,
ENSG00000287784,1.0717660042960735,1.8469281758655565,0.29660383272659063,1.13466835369538,,
MRPL51,255.32376177536068,351.0746615438156,159.57286200690578,1.13265331424021,,
SNHG33,4.570206814009682,6.648941433116002,2.4914721949033614,1.1314246178647727,,
CCDC50,55.37839046705997,76.41005710438074,34.3467238297392,1.1309445106687521,,
REP15,3.1490676005337166,4.696474504343843,1.6016606967235896,1.1306365037897648,,
SSR3,344.43665290776613,473.18299865675556,215.69030715877673,1.1298093161654572,,
MDM2,59.5066089713086,82.05638038488401,36.956837557733195,1.1297312035380687,,
HTR7P1,7.494915000687574,10.659414043566924,4.330415957808224,1.1291752632919534,,
ZFP37,5.035124989092787,7.282173950555622,2.788076027629952,1.1285442176138283,,
SPRED3,1.5366841793791783,2.480160693305175,0.5932076654531813,1.1272195966460545,,
MAD1L1,3.613985775616821,5.329707021783462,1.89826452945018,1.126949446204534,,
CMSS1,41.170274027346316,56.832618440205835,25.507929614486798,1.125459429526663,,
CCDC43,33.98214820024052,46.96474504343843,20.99955135704262,1.124500285590931,,
RPL24P4,30.430938014073618,42.057193033281386,18.80468299486585,1.1204126621706616,,
RPSAP8,2.657764737223961,4.010472610450923,1.3050568639969988,1.12014435008248,,
FNDC3B,74.00477785365682,101.7393578019655,46.27019790534814,1.119986150970677,,
FKBP4P6,10.093179843507633,14.194962265938134,5.9913974210771315,1.1199403407718638,,
MRPL47,78.76277405244048,108.22999110572161,49.29555699915936,1.1188661629325334,,
ST3GAL6,1.6191139391051392,2.585699446211779,0.6525284319984994,1.1175794726602293,,
ZNF35,16.846047878802977,23.429603145265915,10.262492612340036,1.1171042677610554,,
DENND1B,7.442145624234273,10.553875290660322,4.330415957808224,1.1160568049504367,,
KRT15,8.754470389757627,12.348034090072577,5.160906689442677,1.1154126857282205,,
SIPA1L2,10.91420174572123,15.303119171457467,6.525284319984994,1.115330016614079,,
STARD8,2.0840321141882443,3.218931963651398,0.94913226472509,1.114045829517836,,
NR1D1,32.02021244204751,44.16796809141345,19.87245679268157,1.1136995917961512,,
ZNF621,56.598279259860746,77.78206089216657,35.41449762755492,1.1133542155530372,,
LINC00973,3.3963568797115986,5.013090763063653,1.779622996359544,1.113217513352312,,
PEA15,167.7601202189427,229.8106344541285,105.7096059837569,1.1130196435637727,,
FTSJ3,156.12060823877647,213.76874401232482,98.4724724652281,1.1104148070422308,,
MRPL42,73.47053269903179,100.78950902580607,46.1515563722575,1.110211580082645,,
ZNF433-AS1,4.791111404960914,6.912788315382511,2.669434494539316,1.1086284194887706,,
THSD1,9.657922051697184,13.561729748498513,5.754114354895858,1.1083432284133543,,
PKP2,201.08247208565837,274.9812206981547,127.18372347316208,1.1063570184266585,,
ARHGEF4-AS1,3.752460606842092,5.488015151143367,2.0169060625408166,1.1047074126519318,,
CTNNAL1,220.69474089392077,301.629755807072,139.75972598076953,1.1043192355765439,,
MBNL1,159.5859338423128,218.14860225794885,101.02326542667677,1.1030112948277608,,
JPT1,225.45928848279644,308.0148503579215,142.9037266076714,1.102572218174779,,
KPNA4,282.667333011199,386.0079887559013,179.32667726649672,1.1017505045325813,,
MOCS2-DT,2.9050540164018424,4.327088869170732,1.4830191636329533,1.101251952764191,,
TEX14,1.3190552834739555,2.163544434585366,0.474566132362545,1.101251332997955,,
ENSG00000280173,1.3190552834739555,2.163544434585366,0.474566132362545,1.101251332997955,,
DKK1,37.60578193313678,51.661219547782274,23.550344318491298,1.1009976737555969,,
PRR13P5,4.955970924412835,7.123865821195717,2.788076027629952,1.1007011250392589,,
PPTC7,75.834611042858,103.79736348364426,47.871858602071725,1.1005265450866946,,
CARD6,4.764726716734263,6.860018938929209,2.669434494539316,1.098975045737922,,
FAM225B,3.64364615888948,5.329707021783462,1.9575852959954982,1.0977189481807141,,
PURPL,0.6628929007122785,1.2664650348792388,0.05932076654531813,1.097304395421093,,
ZNF607,21.610595467678653,29.81469769611541,13.406493239241897,1.0968994335781235,,
MICAL2,109.97470911674125,150.12887600964308,69.82054222383944,1.093539546218435,,
MED12L,5.585748618947861,7.968175844448543,3.203321393447179,1.0932847944728392,,
TLK2P1,5.585748618947861,7.968175844448543,3.203321393447179,1.0932847944728392,,
ZNF383,10.591034096909405,14.775425406924452,6.406642786894358,1.090787245451718,,
EIF4A2,277.8265487969722,378.4619679230791,177.19112967086525,1.0905297753774612,,
TMEM242,10.755893616361327,14.986502912737658,6.525284319984994,1.0870363843443165,,
IFT80,9.087465123707478,12.717419725245687,5.457510522169268,1.0869591388850453,,
WDR53,16.855874963940998,23.27129501590601,10.44045491197599,1.0851066669910765,,
LLPH,24.815529011853094,34.08901718883284,15.54204083487335,1.0848823051892211,,
AASS,20.548835676379188,28.28438577896966,12.813285573788717,1.084075120988045,,
GK5,25.527736466114078,35.03886596499226,16.016606967235894,1.0826102156023707,,
SP110,3.508447022710218,5.118629515970256,1.89826452945018,1.0780192683004712,,
LEF1,65.9623357903016,89.86624809997264,42.05842348063056,1.077449012323137,,
U2SURP,261.6133751798917,355.3489810365331,167.8777693232503,1.0773113714343903,,
NECAP1,39.75550707610378,54.299688370447356,25.211325781760205,1.077081022746714,,
ENSG00000257732,0.5540784527596669,1.1081569055193339,0.0,1.0759822476157481,,
CCNE1,18.33633494396228,25.223761944678166,11.448907943246398,1.0748554728756665,,
RYBP,55.46046197106875,75.56574708112791,35.3551768610096,1.074538309699605,,
FRS2,21.373133273638796,29.339773308035696,13.406493239241897,1.0744911019205712,,
IQCG,5.341735034815987,7.598790209275432,3.0846798603565424,1.0739106862405359,,
CIP2A,41.34478150407767,56.41046342857942,26.27909957957593,1.073517676276807,,
RGS9,1.8400185300563703,2.849546328478287,0.8304907316344537,1.0724579644526129,,
USP13,31.607884515559117,43.16534993880071,20.050419092317526,1.0690659863966934,,
PPP1CC,256.5353078994836,347.8029602037109,165.26765559525631,1.0689047386103434,,
YBX1P1,17.436158977068732,23.95729690979893,10.915021044338536,1.0666801867414535,,
GAPDHP65,39.544429570290575,53.87753335882094,25.211325781760205,1.0660253088214204,,
CRMP1,11.553806525394283,15.989121065350387,7.118491985438176,1.0653275404408207,,
RPL24,184.1532779356951,249.54638124766328,118.7601746237269,1.0649294703134093,,
BCL6,10.54154041550211,14.617117277564546,6.465963553439676,1.0647278038143613,,
KTN1-AS1,6.410046216207467,9.023563373514575,3.79652905890036,1.0633327749064163,,
ZNF384,124.9736496918201,169.38969841509817,80.55760096854202,1.0629468703926996,,
DHX36,83.41141841969578,113.13754311587864,53.685293723512906,1.0615486008891721,,
UBXN7,89.34981594286954,121.1584883367805,57.54114354895859,1.061231281680711,,
RPL23AP48,1.7312040821037589,2.691238199118382,0.7711699650891356,1.0594021763761305,,
NPM1P22,2.0048780495082914,3.060623834291493,0.94913226472509,1.0588693932147526,,
ZNF790,9.229215649978757,12.822958478152291,5.635472821805223,1.0587952475725775,,
WWTR1,77.34109745538876,104.85275101271029,49.82944389806723,1.0583224119979138,,
RASGRP3,17.083330944984247,23.429603145265915,10.737058744702582,1.0575595067528276,,
CUTC,9.858993344513783,13.667268501405117,6.050718187622449,1.0567580983057479,,
BMI1,36.570227702205386,49.70875261901011,23.431702785400663,1.0534803692929222,,
FGD1,3.4556776462569165,5.013090763063653,1.89826452945018,1.0529174569970587,,
ZNF714,29.81080827681803,40.57965049258894,19.04196606104712,1.0528535914986705,,
OSR1,1.8136338418297195,2.7967769520249854,0.8304907316344537,1.052544779097239,,
TNNC1,1.5399598744251866,2.4273913168518737,0.6525284319984994,1.0524358249002073,,
FENDRR,1.5399598744251866,2.4273913168518737,0.6525284319984994,1.0524358249002073,,
MAP3K15,1.266285907020654,2.058005681678763,0.474566132362545,1.0523005603470106,,
CDC42EP1,54.93604390158175,74.45759017560857,35.41449762755492,1.0511530848261221,,
GARRE1,38.98052403239288,52.92768458266151,25.03336348212425,1.0506643737977786,,
BIRC3,192.2477728640693,259.62533215024393,124.87021357789467,1.050040398759705,,
TRAFD1,39.9664054540584,54.24691899399405,25.68589191412275,1.0498167797673712,,
DBF4B,43.77145630949521,59.365548509964306,28.17736410902611,1.048875861844572,,
ZNF501,3.538107405982877,5.118629515970256,1.9575852959954982,1.0487887702766512,,
TFG,83.32225814201922,112.66261872779893,53.9818975562395,1.0477292561656946,,
LARP4,224.3071145188103,302.685143336138,145.9290857014826,1.0474563154121044,,
ENSG00000248100,2.4434115363647457,3.641086975277811,1.2457360974516807,1.0472743315867508,,
KLHL18,60.46884401621773,81.8453028790708,39.09238515336465,1.0470916545401239,,
CPXM1,2.1697375689602127,3.2717013401046997,1.0677737978157262,1.0467324112043548,,
SYPL2,2.1697375689602127,3.2717013401046997,1.0677737978157262,1.0467324112043548,,
TIAM1,59.047704802741755,79.89283595029863,38.20257365518488,1.0450635694188295,,
FYTTD1,135.16855520961258,182.42373439906368,87.91337602016146,1.0447079529956973,,
TSC22D2,55.763617193887356,75.4602083282213,36.06702605955342,1.0445727607178732,,
TRIM38,9.341305792977376,12.928497231058895,5.754114354895858,1.0442011004012914,,
KBTBD8,9.067631825572843,12.559111595885783,5.576152055259904,1.043947092172754,,
ENSG00000279092,1.0750416993420817,1.7941587994122545,0.3559245992719088,1.0431370604249626,,
FRMD6,29.8437443551367,40.52688111613564,19.160607594137755,1.0425064029726823,,
PFN2,150.45135509295113,202.84548308649138,98.05722709941087,1.0411418477888965,,
KSR1,3.155618990625733,4.59093575143724,1.7203022298142256,1.0393228202025089,,
SLFN11,1.7048193938771081,2.6384688226650805,0.7711699650891356,1.0386287858878012,,
RAD52,25.43857618843752,34.563941576912555,16.313210799962484,1.0385419252150072,,
ADIPOR2,258.8095094541989,348.4361927211505,169.18282618724731,1.0379435861995763,,
CREB5,1.4311454264725754,2.2690831874919692,0.5932076654531813,1.036951763331767,,
KDM5A,126.94832997447995,171.0255490851505,82.87111086380942,1.036376979011355,,
PPP1R2,155.1201910140582,208.86119200216777,101.37919002594867,1.0355129073325648,,
RPS3AP26,18.70554145127681,25.48760882694468,11.923474075608944,1.035323664031592,,
UBE2V1,5.318626041635345,7.493251456368829,3.1440006269018608,1.035292742629559,,
SCHIP1,1.1574714590680424,1.899697552318858,0.4152453658172269,1.0348502308028396,,
SLC7A7,17.884519549063214,24.379451921425343,11.389587176701081,1.0345327965686513,,
SETP3,5.044952074230812,7.123865821195717,2.9660383272659065,1.034467791738395,,
RPL12P14,2.060923121007602,3.1133932107447952,1.0084530312704083,1.0342442660822673,,
CFAP44,2.9643747829471607,4.327088869170732,1.6016606967235896,1.0339145278805686,,
NCAPD2,462.04646679433046,621.2010996082665,302.8918339803944,1.0338230364837024,,
GMPS,211.82329251539124,284.9546328478287,138.6919521829538,1.0335373715316676,,
AXL,200.10808129344963,269.1765892882915,131.03957329860776,1.0329322895911375,,
MPP4,0.8837974916635095,1.5303119171457464,0.2372830661812725,1.0321396415885071,,
SOX1,3.3204785100776544,4.802013257250446,1.838943762904862,1.0311993212443764,,
MFN1,76.25604954305007,102.74197595457824,49.77012313152191,1.0309480897091992,,
WNT10B,6.386937223026825,8.918024620607971,3.8558498254456786,1.03032900197582,,
ANKRD40,60.97980104980353,82.2146885142439,39.74491358536314,1.03021823504405,,
BRAP,54.929313383631154,74.08820454043547,35.77042222682683,1.0300405525963736,,
CCDC59,46.60700421849654,62.90109673233552,30.312911704657562,1.0290830252084782,,
ERRFI1,45.073774862021956,60.84309105065675,29.304458673387156,1.0290823580579016,,
PRTFDC1,3.676582237208148,5.276937645330161,2.0762268290861345,1.028898991375574,,
TMEM130,0.6101235242589768,1.1609262819726354,0.05932076654531813,1.0285103475266637,,
PRDM4,67.41605282637906,90.81609687613206,44.01600877662605,1.0283089542626442,,
AFAP1L1,13.861839797721181,18.94420614673528,8.779473448707083,1.02814100588804,,
NUFIP1P1,2.7731305752685884,4.063241986904224,1.4830191636329533,1.027966040344324,,
XPOTP1,6.8254707098832785,9.498487761594289,4.152453658172269,1.0268500029330065,,
IFT46,24.84173457222116,33.666862177206426,16.016606967235894,1.0266138599379862,,
KLF2,9.344581488023385,12.875727854605593,5.813435121441177,1.0261092017566775,,
ENSG00000227615,10.604136877093437,14.564347901111244,6.64392585307563,1.0258594443395608,,
RAP2B,71.44528396781311,96.14580389791553,46.74476403771069,1.0248091539092004,,
MIX23,27.060786694730083,36.62194725859132,17.499626130868847,1.0240784078235432,,
MORF4,1.5960049459244963,2.480160693305175,0.7118491985438176,1.023598306361334,,
MYNN,21.201543236236276,28.759310167049378,13.64377630542317,1.0230534438904912,,
ZNF26,26.322194552242443,35.619329105978586,17.025059998506304,1.0226012984524178,,
KIFAP3,4.471219451195095,6.3323251743961935,2.6101137279939977,1.0222264815394415,,
ENSG00000228818,10.221648461736294,14.036654136578228,6.406642786894358,1.0215919185172735,,
DUSP12,18.84729197754809,25.59314757985128,12.101436375244898,1.0213295552714539,,
PIH1D2,1.95210867305499,2.95508508138489,0.94913226472509,1.020876737446163,,
PTBP2,15.151055570063892,20.63282619324093,9.669284946886854,1.0197586663830214,,
DDX11,87.60842651991058,117.67570949086259,57.54114354895859,1.0195018419074005,,
SNX11,29.062209921333782,39.260416081256395,18.864003761411166,1.0192056424125586,,
DHX37,136.35514966837752,182.89865878714338,89.81164054961164,1.017961813786443,,
ENSG00000183171,5.89563435971707,8.232022726715051,3.559245992719088,1.0178515240372985,,
GNA13,82.87681500935358,111.2378455635598,54.51578445514736,1.015589294064919,,
ZBTB47,6.334167846573524,8.812485867701369,3.8558498254456786,1.0148948663300577,,
CRACR2A,54.61597281995734,73.40220264654253,35.82974299337215,1.0144740025508514,,
ZNF566,18.95938212054671,25.698686332757884,12.220077908335535,1.0140380791623431,,
TET3,87.28853456614476,117.09524634987626,57.48182278241327,1.0138907100225711,,
PNRC2P1,1.4047607382459244,2.2163138110386678,0.5932076654531813,1.013473848913022,,
ZNF844,3.7326273087074573,5.329707021783462,2.1355475956314525,1.013421305349173,,
C17orf75,17.508582523798086,23.746219403985727,11.270945643610446,1.0119617021369847,,
TOX2,8.470790209356483,11.662032196179654,5.279548222533314,1.0117762947362834,,
POC1B,43.44483383777879,58.41569973380488,28.473967941752704,1.0114028957761776,,
PRSS23,42.815056143243766,57.571389710552054,28.058722575935477,1.0112248420025625,,
NCS1,98.24859604251012,131.6595942509875,64.83759783403272,1.0107454150827033,,
RPS4XP14,0.7749830437108981,1.3720037877858418,0.1779622996359544,1.0098129468411343,,
SLC25A19,27.75316085085644,37.413487905390845,18.09283379632203,1.0085817187516777,,
RHNO1,56.5942870533804,75.93513271630101,37.253441390459784,1.0080530180763627,,
RORA,27.56191664317786,37.14964102312433,17.97419226323139,1.0076310107794686,,
BANF1P3,4.253590555289872,6.015708915676383,2.4914721949033614,1.0067534075277411,,
YEATS2,133.23246675607044,178.25495365925283,88.20997985288805,1.006735970453868,,
PSMD2,658.6406758357208,879.6127361000845,437.6686155713572,1.0053762169743818,,
KCNMB4,2.9116054064938592,4.221550116264129,1.6016606967235896,1.005045340806,,
SELPLG,8.965368767712249,12.295264713619275,5.635472821805223,1.00264132603252,,
CCDC137,120.72589401518789,161.3687531941963,80.08303483617948,1.001802028807014,,
PPP1R2B,2.9940351662198195,4.327088869170732,1.6609814632689075,1.0013888884624498,,
ENSG00000184441,1.5294162778528229,0.6860018938929209,2.372830661812725,-1.0003537305690495,,
SMIM24,0.8173879514504208,0.21107750581320645,1.4236983970876351,-1.0009189855484986,,
ENSG00000288758,0.8173879514504208,0.21107750581320645,1.4236983970876351,-1.0009189855484986,,
ACOT11,6.286158581626392,3.8521644810910174,8.720152682161766,-1.0023505190831892,,
SLC30A3,3.751206711831999,2.163544434585366,5.338868989078632,-1.0026835910339746,,
ENSG00000287865,1.2162548420376065,0.4749243880797145,1.9575852959954982,-1.003778779431465,,
PLP2,258.0011851811303,171.28939596741702,344.7129743948436,-1.00474083847663,,
KIAA0040,39.29985365549881,25.804225085664484,52.79548222533314,-1.0050245923687549,,
SPTBN2,106.29638849396196,70.34157881225104,142.25119817567287,-1.0057321573828095,,
ENSG00000287342,1.615121732624792,0.7387712703462225,2.4914721949033614,-1.0057673202243649,,
LPCAT1,7.568464708159917,4.696474504343843,10.44045491197599,-1.0060031899068496,,
WDR91,6.856436381757515,4.221550116264129,9.4913226472509,-1.0066465038973353,,
TNS3,91.74266053009869,60.63201354484355,122.85330751535383,-1.0068805659514095,,
VSIR,9.875960596911062,6.2267864214895905,13.525134772332533,-1.007125386806857,,
CHRNB1,43.71704983523051,28.706540790596073,58.72755887986495,-1.0076161399028594,,
ENSG00000287252,0.9030934062223896,0.26384688226650804,1.5423399301782712,-1.008335254001662,,
CCL24,0.9030934062223896,0.26384688226650804,1.5423399301782712,-1.008335254001662,,
RELB,102.39997643295408,67.65034061313266,137.1496122527755,-1.008892729387533,,
NAV2,193.5856410709643,128.17681540506962,258.99446673685895,-1.0091337607778703,,
B4GAT1,18.39391582551324,11.873109701992863,24.914721949033616,-1.0094113131444131,,
PARD3B,8.13874250829104,5.065860139516955,11.211624877065125,-1.0094710386427754,,
GTF2IRD2B,1.3019602968095754,0.5276937645330161,2.0762268290861345,-1.0098065105852452,,
STARD10,20.473955733221135,13.245113489778705,27.702797976663568,-1.010724263518251,,
ERICH2-DT,1.7008271873967609,0.7915406467995242,2.6101137279939977,-1.0108435104361901,,
SHFL,9.819915525411751,6.174017045036289,13.465814005787216,-1.011794429271624,,
POLD2,211.65984407057027,139.94438635415585,283.3753017869847,-1.0126701529879858,,
ENSG00000267317,3.695161640332689,2.1107750581320643,5.279548222533314,-1.0133866926532518,,
NAPG,93.4633210156301,61.58186232100298,125.34477971025721,-1.0135495602343834,,
ENSG00000288885,4.492895421507059,2.6384688226650805,6.347322020349039,-1.013887058238975,,
C1orf210,0.589931970407173,0.05276937645330161,1.1270945643610444,-1.0146947438249883,,
HUS1,20.675027026037732,13.350652242685307,27.999401809390157,-1.0149068316463352,,
RTP3,0.9887988609943585,0.3166162587198097,1.6609814632689075,-1.0151235417712468,,
SECTM1,21.159599371396887,13.667268501405117,28.65193024138866,-1.0155258008135375,,
ZFYVE28,11.672499452076401,7.387712703462226,15.957286200690579,-1.0155559511699377,,
MAGI2,1.78653264216873,0.8443100232528258,2.728755261084634,-1.0156129190589287,,
DRAIC,2.584266423343101,1.3720037877858418,3.79652905890036,-1.015884483632025,,
EEIG1,42.86982237264885,28.020538896703155,57.71910584859454,-1.0167556897874817,,
TRAPPC6A,5.063173221638184,3.0078544578381914,7.118491985438176,-1.0183816517414508,,
ARL10,3.068838768702255,1.6886200465056516,4.449057490898859,-1.019140823130848,,
UGCG,131.25341256355213,86.38346925405475,176.12335587304952,-1.0193221723799446,,
TRMT61A-DT,2.2711049875278846,1.1609262819726354,3.3812836930831334,-1.0197037770112451,,
RTN4R,8.824386146466793,5.488015151143367,12.160757141790217,-1.0203933963559348,,
TAX1BP1,144.30720550497665,94.9321082394896,193.68230277046368,-1.021036076887099,,
KRCC1,6.830051693530864,4.168780739810827,9.4913226472509,-1.0213006613695141,,
SOWAHA,1.0745043157663277,0.36938563517311124,1.779622996359544,-1.0213604379570296,,
PORCN,25.777866843945183,16.675122959243307,34.88061072864706,-1.021484195409,,
GPR108,66.01065341679762,43.21811931525402,88.80318751834123,-1.0221289878364783,,
GMDS,31.704825131253656,20.580056816787625,42.82959344571969,-1.02220663356976,,
CYP39A1,0.6756374251791419,0.10553875290660322,1.2457360974516807,-1.0224388052605677,,
CD7,0.6756374251791419,0.10553875290660322,1.2457360974516807,-1.0224388052605677,,
PRSS56,0.6756374251791419,0.10553875290660322,1.2457360974516807,-1.0224388052605677,,
MTARC2,2.755677332887039,1.477542540692445,4.033812125081633,-1.0227415429369253,,
H2BC12,23.15720951937882,14.933733536284354,31.380685502473288,-1.0230491742758616,,
PCYT2,43.159874815283416,28.126077649609755,58.193671980957085,-1.0231315250302242,,
EFNA1,30.139017952177575,19.524669287721597,40.753366616633556,-1.024533552086743,,
YPEL3,6.6025957124876165,4.010472610450923,9.19471881452431,-1.0248033877563696,,
MFSD3,31.50702953348307,20.42174868742772,42.59231037953842,-1.0249974140106617,,
SLC26A4,12.52955399979609,7.915406467995242,17.14370153159694,-1.0250963336015568,,
FYN,120.75422566219807,79.20683405640571,162.30161726799042,-1.0257420063361855,,
HUWE1,921.2693523462485,606.5312129542486,1236.0074917382485,-1.0258238011345213,,
LANCL2,46.268380180254944,30.13131395483522,62.40544640567467,-1.0262403006999397,,
ADAM15,226.2758102403077,148.65133346895064,303.9002870116648,-1.026732374365225,,
SAPCD2,125.14503715370313,82.05638038488401,168.23369392252224,-1.0268539280434383,,
PROC,1.1602097705382965,0.4221550116264129,1.89826452945018,-1.0271105541230168,,
SSR4P1,1.1602097705382965,0.4221550116264129,1.89826452945018,-1.0271105541230168,,
RNF224,1.1602097705382965,0.4221550116264129,1.89826452945018,-1.0271105541230168,,
ENSG00000259891,0.7613428799511109,0.15830812935990485,1.364377630542317,-1.0294413909557265,,
PTOV1P1,0.7613428799511109,0.15830812935990485,1.364377630542317,-1.0294413909557265,,
RUSF1,28.289709720558932,18.258204252842354,38.32121518827551,-1.02983472345205,,
ELFN1-AS1,23.958218995599204,15.40865792436407,32.507780066834336,-1.0300388646838248,,
IMPA2,27.491975939384563,17.730510488309342,37.253441390459784,-1.030199322806282,,
PLOD3,409.1047897898848,268.5433567708519,549.6662228089177,-1.0306607650524948,,
FHDC1,25.01306914108948,16.09465981825699,33.93147846392197,-1.030981992048912,,
HOOK1,25.896508377035822,16.675122959243307,35.11789379482833,-1.0309935135407136,,
FRAT1,3.012793697202946,1.6358506700523499,4.389736724353542,-1.0319461634668452,,
PDZD4,2.1293544612566055,1.0553875290660322,3.203321393447179,-1.032119342043225,,
JOSD2,23.10444014292552,14.828194783377752,31.380685502473288,-1.0326368034828792,,
TUSC8,22.705573252338336,14.564347901111244,30.84679860356543,-1.032903219452857,,
CIMAP1B,2.61392680661576,1.3720037877858418,3.8558498254456786,-1.0336174910565432,,
EPCAM,402.8644909389026,263.95242101941466,541.7765608583904,-1.0346251109237738,,
RHBDD2,85.9472674282063,56.04107779340631,115.8534570630063,-1.034627269379071,,
ENSG00000278385,1.3316206800822343,0.5276937645330161,2.1355475956314525,-1.0373620435513113,,
ENSG00000287315,5.036788533411533,2.95508508138489,7.118491985438176,-1.037503040721781,,
FBXL18,32.0278136522069,20.63282619324093,43.422801111172866,-1.0380782092269836,,
FAM174B,17.207142238889706,10.923260925833434,23.49102355194598,-1.0384742131834583,,
NOS3,4.153349297465192,2.374621940398572,5.932076654531813,-1.0385617220414252,,
VIPR1,14.955691421637873,9.445718385140989,20.465664458134757,-1.039119116803656,,
PDCD6,13.673385295104346,8.601408361888163,18.745362228320527,-1.040195889175543,,
CST3,440.4564286333368,287.6458710469471,593.2669862197266,-1.041810647633694,,
INHA,2.3864708255725127,1.2136956584259369,3.559245992719088,-1.0423383591891757,,
LINC02600,43.74653109064459,28.231616402516362,59.26144577877281,-1.043705678995483,,
SLC44A1,99.81517262603523,64.85356366110769,134.7767815909628,-1.0439033746152795,,
PLAC4,3.4413209710627903,1.899697552318858,4.982944389806723,-1.0449532231080927,,
INAFM1,10.881317060994046,6.754480186022606,15.008153935965487,-1.0457049655513355,,
LTBP3,217.94528614076233,141.89685328292805,293.99371899859665,-1.0457100896196987,,
SOX18,4.980743461912223,2.9023157049315884,7.059171218892857,-1.046300984426776,,
SLC39A4,22.455008278114445,14.300501018844736,30.609515537384155,-1.0467800288628692,,
NUP50-DT,14.616145297596002,9.18187150287448,20.050419092317526,-1.0478461924129152,,
IQGAP2,270.23615714823575,175.82756234240097,364.64475195407056,-1.048099488370803,,
ENSG00000272468,2.5578817351164505,1.3192344113325403,3.79652905890036,-1.048342152849933,,
NIPSNAP2,34.14406533327947,21.899291228120166,46.38883943843877,-1.0492443843749037,,
RRAS,16.8972564981205,10.659414043566924,23.13509895267407,-1.0496374556063741,,
NPHS1,3.1281595352475735,1.6886200465056516,4.567699023989496,-1.0502153355946098,,
MOSPD3,16.099522716946126,10.13172027903391,22.067325154858345,-1.0511741596271418,,
CDK5,17.154372862436404,10.81772217292683,23.49102355194598,-1.051301082045399,,
CBX7,10.426405098907551,6.437863927302796,14.414946270512305,-1.051369601090859,,
SORBS2,4.838992935640944,2.7967769520249854,6.881208919256903,-1.053641697495819,,
MARVELD3,5.4092707357720675,3.1661625871980967,7.652378884346039,-1.0543776991572817,,
PLOD2,0.6195923536798321,0.05276937645330161,1.1864153309063625,-1.0543780521570527,,
DAPK2,0.6195923536798321,0.05276937645330161,1.1864153309063625,-1.0543780521570527,,
SLC1A5,1237.3717984826976,803.6776033837835,1671.0659935816118,-1.0551490054556294,,
GJB1,58.46821514114719,37.624565411204046,79.31186487109034,-1.056094439542088,,
CBS,1.1898701538109555,0.4221550116264129,1.9575852959954982,-1.0563410521468366,,
LTC4S,1.1898701538109555,0.4221550116264129,1.9575852959954982,-1.0563410521468366,,
PLCB3,87.17990074547396,56.25215529921951,118.10764619172839,-1.0568641202546951,,
MUC1,3.4709813543354495,1.899697552318858,5.042265156352041,-1.0591870657041982,,
DBX1,0.705297808451801,0.10553875290660322,1.3050568639969988,-1.0600527438555691,,
MIR31HG,0.705297808451801,0.10553875290660322,1.3050568639969988,-1.0600527438555691,,
FASLG,1.2755756085829244,0.4749243880797145,2.0762268290861345,-1.0605208892969398,,
EGLN3,8.603481555515561,5.224168268876859,11.982794842154263,-1.0606480208486766,,
CEACAM1,1.845853408714048,0.8443100232528258,2.8473967941752703,-1.0608014379283504,,
DOP1B,31.928826289392315,20.31620993452112,43.54144264426351,-1.063197339269726,,
NME3,13.76564213996833,8.54863898543486,18.9826452945018,-1.065380560676917,,
TTLL7,4.384080973554449,2.480160693305175,6.2880012538037215,-1.066369284572226,,
LRP8,80.78147289299037,51.81952767714218,109.74341810883854,-1.0680776508174428,,
CDH3,23.918552399329933,15.09204166564426,32.745063133015606,-1.068329074326582,,
OBSCN,56.94189543048179,36.41086975277811,77.47292110818547,-1.068737397659815,,
ACTR3C,5.12576968322951,2.95508508138489,7.29645428507413,-1.0687861631531241,,
DPYSL5,11.913058213303682,7.334943327008924,16.491173099598438,-1.0693827564757883,,
BEGAIN,3.32923082806417,1.7941587994122545,4.864302856716086,-1.0695455968599332,,
SLC4A3,47.07576191870876,30.025775201928614,64.1257486354889,-1.0697607939903844,,
SLC26A1,6.437736193035695,3.799395104637716,9.076077281433674,-1.070009601148143,,
LPAR2,27.455585038161303,17.361124853136232,37.55004522318637,-1.0700781076363228,,
SRPK3,2.758953027933047,1.4247731642391435,4.093132891626951,-1.0707035704363221,,
PSMG3,68.38038751142294,43.745813079787034,93.01496194305884,-1.0711376777589023,,
PTK2B,29.11037336705536,18.41651238220226,39.80423435190846,-1.0714347864690932,,
IL20RA,4.726902792642324,2.691238199118382,6.762567386166267,-1.0724290482232683,,
KLF14,2.8446584827050163,1.477542540692445,4.2117744247175875,-1.0728648132871834,,
MT-RNR2,15942.865935543332,10270.13435347092,21615.597517615744,-1.073543935730084,,
SLAIN1,0.9624141727677078,0.26384688226650804,1.6609814632689075,-1.0741367718659807,,
IZUMO4,0.9624141727677078,0.26384688226650804,1.6609814632689075,-1.0741367718659807,,
ASS1P13,1.6183974276708004,0.6860018938929209,2.5507929614486797,-1.0745350857232503,,
ARG2,58.003296966064084,36.99133289376443,79.01526103836375,-1.0746048579322172,,
PPL,56.20675811089875,35.830406611791794,76.5831096100057,-1.0748452768744259,,
OXTR,15.394045780635741,9.551257138047593,21.23683442322389,-1.0755365242002453,,
MDFI,21.297895074763574,13.350652242685307,29.24513790684184,-1.0755869294297655,,
ZDHHC4,29.426810497916588,18.574820511562166,40.27880048427101,-1.076401969270572,,
ENSG00000267523,3.0160693922489537,1.5830812935990484,4.449057490898859,-1.0769136642777697,,
ARVCF,13.68321238024237,8.443100232528257,18.923324527956485,-1.0771259155925106,,
BNAT1,2.3600861373458617,1.1609262819726354,3.559245992719088,-1.0771453946584664,,
ARSA,25.83373278758591,16.252967947616895,35.41449762755492,-1.0776683786026762,,
TNFSF9,4.413741356827107,2.480160693305175,6.347322020349039,-1.0780645840596406,,
GRAMD4,42.17726908866391,26.754073861823915,57.600464315503906,-1.0782125437942123,,
NUDT8,8.5210517957896,5.118629515970256,11.923474075608944,-1.0787134945260057,,
LTBP4,156.18643200066873,99.94519900255325,212.42766499878422,-1.0801748967280773,,
ADGRG6,8.692462705333538,5.224168268876859,12.160757141790217,-1.0802895212087502,,
PPP1R13L,63.913697650283936,40.685189245495536,87.14220605507234,-1.080298120433667,,
CAV2,24.72283757059632,15.514196677270672,33.93147846392197,-1.0808209133064965,,
SELENOW,42.806867655340355,27.123459496997025,58.49027581368368,-1.0808797942491528,,
TRAPPC9,15.024839273321215,9.287410255781083,20.762268290861346,-1.0809490920967588,,
PPARD,175.89886572608017,112.55707997489233,239.24065147726802,-1.0810626353109436,,
TPRXL,2.5314970468897995,1.2664650348792388,3.79652905890036,-1.0815468926096834,,
DPM3,13.798578218286998,8.49586960898156,19.10128682759244,-1.0819158315294652,,
ARHGAP45,77.2937548077077,49.2338282309304,105.353681384485,-1.0821388428563956,,
ITGA7,41.21140009299161,26.068071967930997,56.35472821805222,-1.0833202947953475,,
EHF,9.776973234096475,5.91017016276978,13.64377630542317,-1.0834944981900378,,
TPPP,2.6172025016617684,1.3192344113325403,3.9151705919909965,-1.0835928449268115,,
OPLAH,9.120989979193382,5.488015151143367,12.753964807243399,-1.0839984655088404,,
SPNS2,23.611942353606736,14.775425406924452,32.44845930028902,-1.0842608490481354,,
TLCD4,1.961219246758676,0.8970793997061273,3.0253590938112245,-1.0853374266826816,,
ENSG00000288947,2.7029079564337373,1.3720037877858418,4.033812125081633,-1.085545058699948,,
ELOVL6,30.316801123954942,19.04974489964188,41.583857348268005,-1.0867227576460785,,
PCMTD2,18.535487223925934,11.503724066819752,25.567250381032114,-1.0872910752915184,,
PTPN11P3,2.046924701530645,0.949848776159429,3.1440006269018608,-1.0876619836303347,,
ACOX2,1.3052359918555836,0.4749243880797145,2.1355475956314525,-1.088076422263006,,
HOOK2,43.212285936019555,27.28176762635693,59.14280424568217,-1.088519845018455,,
TST,28.035689923430454,17.572202358949436,38.49917748791147,-1.0886777061916981,,
TBRG4,197.09122204793715,125.69665471176444,268.48578938410986,-1.0888307661218826,,
IFI6,5.185090449774828,2.95508508138489,7.415095818164766,-1.089270968700592,,
PSG1,2.1326301563026138,1.0026181526127307,3.262642159992497,-1.0898605863016697,,
SEL1L3,76.70691940448796,48.65336508994409,104.76047371903182,-1.0908371440601976,,
ENSG00000258919,1.3909414466275525,0.5276937645330161,2.2541891287220888,-1.09094272537962,,
EIF2AK1,200.43701047908996,127.7018910169899,273.17212994119,-1.0910486749556976,,
PSMG3-AS1,5.356501359318766,3.060623834291493,7.652378884346039,-1.091395455836195,,
PRRG2,3.7874184851966746,2.058005681678763,5.516831288714586,-1.091579558977692,,
NRBP2,13.544737549017102,8.284792103168353,18.80468299486585,-1.0929000967347557,,
NRN1,4.700518104415673,2.6384688226650805,6.762567386166267,-1.0932024387115977,,
PLPP3,14.714953532552006,9.023563373514575,20.406343691589438,-1.0946429200467223,,
CCDC24,9.008899836194763,5.382476398236764,12.63532327415276,-1.0951607020973981,,
CYP2J2,5.699323178406642,3.2717013401046997,8.126945016708584,-1.0953212569769828,,
SLC34A3,1.5623523561714903,0.6332325174396194,2.4914721949033614,-1.0961052867270566,,
KANK4,0.7349581917244601,0.10553875290660322,1.364377630542317,-1.0967108789530977,,
TMEM255B,2.47545197539049,1.2136956584259369,3.7372082923550423,-1.0975802155126537,,
HDAC11,6.783833707169579,3.957703233997621,9.609964180341537,-1.0976759656537378,,
IRF3,128.84585454483488,81.68699474971088,176.00471433995887,-1.0980554444375838,,
ENSG00000225813,1.6480578109434592,0.6860018938929209,2.6101137279939977,-1.0984381296170014,,
PRRG4,15.657713535043662,9.604026514500893,21.711400555586433,-1.0988044935398815,,
SLC52A2,103.99764492319733,65.80341243726711,142.19187740912756,-1.099955952602323,,
MIR34AHG,2.6468628849344276,1.3192344113325403,3.974491358536315,-1.100900373243308,,
PURB,119.97852610705282,75.93513271630101,164.02191949780462,-1.1009432013411546,,
LINC00896,1.8194687204873972,0.7915406467995242,2.8473967941752703,-1.102681850953866,,
CLIC1,10.294481657774297,6.174017045036289,14.414946270512305,-1.1034767827060268,,
DPY19L1,82.43262727112125,51.977835806502085,112.8874187357404,-1.1041475651935047,,
SORL1,83.94566507374402,52.92768458266151,114.96364556482654,-1.1045745961063806,,
ENSG00000285796,5.728983561679301,3.2717013401046997,8.186265783253901,-1.104667741979471,,
ABCD1,36.490869562582716,22.796370627826295,50.185368497339134,-1.1049899166150012,,
LRRN4,234.87404569433284,148.70410284540392,321.0439885432617,-1.1051440010346703,,
TRPM4,5.81468901645127,3.324470716558001,8.304907316344538,-1.1054682117810684,,
EEF1A2,40.828911677634466,25.540378203397978,56.11744515187095,-1.1057425200223034,,
PLXNA3,118.76209213715663,74.98528394014158,162.53890033417167,-1.1058419003905835,,
PCSK4,0.9920745560403669,0.26384688226650804,1.7203022298142256,-1.1059452575118085,,
INTS1,289.52809940633955,183.26804442231648,395.7881543903626,-1.1065630545809473,,
KLRG2,6.984904999986176,4.063241986904224,9.906568013068128,-1.1070638563971613,,
KDELR3,17.058661194667827,10.448336537753718,23.668985851581933,-1.1075604197160347,,
SDC1,173.90071819452248,109.86584177577394,237.935594613271,-1.1078068567105803,,
ADCK5,13.32055726301986,8.073714597355146,18.567399928684573,-1.108686879386152,,
GAA,46.22507963322251,28.91761829640928,63.532540970035726,-1.1090315040681633,,
FKBP9,53.55953697024715,33.56132342429983,73.55775051619447,-1.109199870734278,,
EFNA4,7.327726819074051,4.27431949271743,10.381134145430673,-1.109587460885958,,
CEACAM16-AS1,2.162290539575273,1.0026181526127307,3.321962926537815,-1.1097993341108081,,
CHST12,28.160882846613106,17.466663606042832,38.855102087183376,-1.1098411875132903,,
NECAB3,23.338268386202202,14.40603977175134,32.270497000653066,-1.1107473627700808,,
ZNF362,6.58603810939899,3.799395104637716,9.372681114160264,-1.1118643566267254,,
CCDC78,12.180001662757615,7.334943327008924,17.025059998506304,-1.1127597668204507,,
ENSG00000274373,1.2491909203562737,0.4221550116264129,2.0762268290861345,-1.1130831620123114,,
FMNL1-DT,13.435923101064487,8.126483973808448,18.745362228320527,-1.1133827677880672,,
FAM3C2P,10.268096969547646,6.121247668582986,14.414946270512305,-1.1141279269890902,,
FSCN1,88.18471982598119,55.35507589951339,121.01436375244899,-1.114433529616285,,
LINC03088,13.864450374924333,8.390330856074957,19.33856989377371,-1.11497034431476,,
PATJ,48.54240260711167,30.289622084195123,66.79518313002822,-1.115498539222704,,
ENSG00000228604,2.5051123586631485,1.2136956584259369,3.79652905890036,-1.115533905034822,,
SLC4A2,251.67868709187218,158.46643748926473,344.8909366944796,-1.1170643961342253,,
APC2,6.187171218811804,3.5355482223712076,8.8387942152524,-1.117204574946343,,
ZNF580,26.50937021276505,16.358506700523495,36.660233725006606,-1.1173991111007118,,
PAQR4,60.13247229946211,37.57179603475075,82.69314856417347,-1.1175631988227541,,
SSH3,36.55674171922005,22.69083187491969,50.42265156352041,-1.1180751454228872,,
SLC31A2,1.5063072846721803,0.5804631409863177,2.432151428358043,-1.1187658171181303,,
CARMIL3,1.5063072846721803,0.5804631409863177,2.432151428358043,-1.1187658171181303,,
SUN1,230.1367784329767,144.7463996114063,315.52715725454715,-1.1188690398445034,,
NECTIN1,188.63532589735053,118.57278889056872,258.69786290413236,-1.1189450282703501,,
PPP1R35,28.965168017879492,17.888818617669244,40.04151741808974,-1.1195515997208727,,
MFSD13A,9.041835914513431,5.329707021783462,12.753964807243399,-1.119636929825039,,
TMUB1,58.19418291802549,36.30533099987151,80.08303483617948,-1.12001827911284,,
SPIRE2,10.383462807592274,6.174017045036289,14.59290857014826,-1.12003698317892,,
OCEL1,2.847934177751024,1.4247731642391435,4.271095191262905,-1.120252955540843,,
FBXL6,51.258592471588024,31.925472754247476,70.59171218892857,-1.1205884283372243,,
MYORG,37.7005730145283,23.376833768812613,52.024312260243995,-1.1211432527790506,,
KIF3C,34.53274688301146,21.37159746358715,47.693896302435775,-1.1220726672736265,,
SLC12A4,76.29459147799956,47.650746937331355,104.93843601866777,-1.122692255174507,,
RAB26,1.7634236489880872,0.7387712703462225,2.788076027629952,-1.1233971230174502,,
ZNF704,161.39063923714386,101.15889466097919,221.62238381330855,-1.123783836775236,,
LCN12,1.8491291037600563,0.7915406467995242,2.9067175607205886,-1.1247561824495327,,
TBX2,3.276461451610869,1.6886200465056516,4.864302856716086,-1.1250937229191207,,
DNASE2,31.65169749908319,19.524669287721597,43.77872571044478,-1.1254544971478675,,
SPATA2L,10.413123190864933,6.174017045036289,14.652229336693578,-1.1255150757256325,,
MNX1,27.455405910302716,16.886200465056515,38.02461135554892,-1.1255373138369917,,
SGPP2,193.114939410815,120.94741083096729,265.2824679906627,-1.1266983174117156,,
IL2RG,2.020540013303994,0.8970793997061273,3.1440006269018608,-1.127244159201397,,
TEAD2,24.373285233557844,14.933733536284354,33.81283693083133,-1.127535031736563,,
PDIA4,257.49319698046486,161.31598381774302,353.6704101431867,-1.1276738983841115,,
RASGEF1A,2.191950922847932,1.0026181526127307,3.3812836930831334,-1.12946627101015,,
ENSG00000249574,0.6789131202251503,0.05276937645330161,1.3050568639969988,-1.1306129124085278,,
ATP6V0E2,41.191387666998395,25.434839450491374,56.94793588350541,-1.1323167084023362,,
PNKP,48.443415244297086,29.973005825475315,66.91382466311886,-1.1326938835403997,,
TMEM52B,5.989375621041216,3.377240093011303,8.601511149071127,-1.133239966123499,,
NTRK2,51.87163343517584,32.08378088360738,71.6594859867443,-1.1350270416318886,,
APOC1,2.7918891062517144,1.3720037877858418,4.2117744247175875,-1.1356683290502059,,
TNFRSF25,10.215327593094344,6.015708915676383,14.414946270512305,-1.1356690646822891,,
CRELD2,32.99987578225405,20.26344055806782,45.736311006440275,-1.1361688108507972,,
PTCH1,119.6846605857965,74.45759017560857,164.9117309959844,-1.1366779655722576,,
HLA-C,17.068488279805848,10.290028408393812,23.846948151217887,-1.1380195460725104,,
CRABP2,103.0412447569459,64.00925363785485,142.07323587603693,-1.1380368222739072,,
SYT7,17.15419373457782,10.342797784847116,23.965589684308526,-1.1381644477975232,,
EPPK1,3.13471092533959,1.5830812935990484,4.686340557080132,-1.1384074571183487,,
TMEM171,5.247686911366154,2.9023157049315884,7.59305811780072,-1.1388411529575657,,
COL9A3,197.72957293260012,123.05818588909936,272.40095997610086,-1.1400013750465205,,
FAM3C,71.77840793545327,44.431814973679955,99.1250008972266,-1.1400274091044367,,
NCALD,3.4775327444274655,1.7941587994122545,5.160906689442677,-1.1407286701120083,,
PCDHGC3,17.698086846482294,10.659414043566924,24.736759649397662,-1.1423351383336253,,
GNAZ,1.4502622131728706,0.5276937645330161,2.372830661812725,-1.1426045120379167,,
ROGDI,8.903361083288159,5.171398892423558,12.63532327415276,-1.1436794526568805,,
FKBP14,21.26805556363233,12.875727854605593,29.660383272659065,-1.1438122812789733,,
APLF,7.047501461577502,4.010472610450923,10.084530312704082,-1.1455290433824765,,
ADGRB1,1.7930840322607464,0.7387712703462225,2.8473967941752703,-1.1458144636724616,,
SERINC2,367.4926037934531,228.38586128988936,506.59934629701684,-1.1459137408688533,,
NOD1,7.304617825893409,4.168780739810827,10.44045491197599,-1.1462485103627928,,
ZMYND15,1.8787894870327153,0.7915406467995242,2.9660383272659065,-1.1464978435997186,,
ZFTRAF1,16.043298517588234,9.604026514500893,22.482570520675573,-1.1469781591087889,,
TMEM163,31.407683914951313,19.155283652548484,43.66008417735414,-1.1478278835225344,,
TP73,14.016027986333636,8.337561479621654,19.69449449304562,-1.1481292661874631,,
ENSG00000275234,2.135905851348622,0.949848776159429,3.321962926537815,-1.1483244592803625,,
DIPK1B,5.191641839866845,2.849546328478287,7.533737351255403,-1.1484892751150906,,
C1QTNF1-AS1,8.247377828385067,4.749243880797144,11.74551177597299,-1.14854516792109,,
URGCP,49.94317113887724,30.659007719368233,69.22733455838625,-1.149416641335804,,
GAMT,5.705874568498658,3.1661625871980967,8.245586549799219,-1.1500457060464204,,
DLX3,12.331579274166916,7.282173950555622,17.380984597778212,-1.150132639180624,,
ENSG00000257654,2.6501385799804362,1.2664650348792388,4.033812125081633,-1.1512074676776063,,
LINC00239,2.7358440347524047,1.3192344113325403,4.152453658172269,-1.1516109795722131,,
TGFBR3,6.905750935306224,3.9049338575443193,9.906568013068128,-1.1528916108371379,,
MIB1,61.256291168777146,37.624565411204046,84.88801692635025,-1.1529381605123077,,
ACE,3.4214876729281563,1.741389422958953,5.1015859228973595,-1.1542769943277882,,
ZBTB7C,9.391209123693322,5.435245774690065,13.34717247269658,-1.156699285956833,,
SDC3,105.6220563573844,64.95910241401428,146.28501030075452,-1.158966938326313,,
KIF1A,64.3218542424334,39.365954834163006,89.27775365070379,-1.1612315026576097,,
LCAT,7.621054956754634,4.327088869170732,10.915021044338536,-1.1613622456464827,,
TMOD2,10.020807690369764,5.804631409863177,14.236983970876352,-1.1629884403729371,,
EMC10,153.99286892709353,94.66826135722309,213.317476496964,-1.1636372146244993,,
KLK1,11.820622240581113,6.912788315382511,16.728456165779715,-1.1638088409818366,,
SYT8,0.7085735034978093,0.05276937645330161,1.364377630542317,-1.1672710475060564,,
ABO,0.7942789582697782,0.10553875290660322,1.4830191636329533,-1.1673457986727842,,
AMZ1,0.7942789582697782,0.10553875290660322,1.4830191636329533,-1.1673457986727842,,
TBC1D10C,0.965689867813716,0.21107750581320645,1.7203022298142256,-1.1674757493257821,,
GLTPD2,1.051395322585685,0.26384688226650804,1.838943762904862,-1.1675325822321783,,
STXBP5L,1.137100777357654,0.3166162587198097,1.9575852959954982,-1.167584857488099,,
MAN1C1,1.7370389607614363,0.6860018938929209,2.788076027629952,-1.1678591294796663,,
ENSG00000284691,2.165566234621281,0.949848776159429,3.3812836930831334,-1.1679913961797044,,
ENSG00000272631,2.336977144165219,1.0553875290660322,3.618566759264406,-1.1680347920508445,,
CARNS1,2.422682598937188,1.1081569055193339,3.7372082923550423,-1.1680548601788208,,
GCAWKR,4.136791694376567,2.163544434585366,6.110038954167767,-1.168315604205945,,
MT-TV,4.393908058692473,2.3218525639452707,6.465963553439676,-1.1683404232600214,,
PRXL2A,7.136482611395479,4.010472610450923,10.262492612340036,-1.1685075632232926,,
SEMA4F,13.564391719293148,7.968175844448543,19.160607594137755,-1.1686526476609922,,
PNPLA7,18.222146660252132,10.81772217292683,25.626571147577433,-1.1719146690161473,,
PLPP6,12.822703009618088,7.493251456368829,18.15215456286735,-1.1731178313484527,,
TTC3,96.65574055678775,58.89062412188459,134.4208569916909,-1.1770478824104038,,
SLC22A4,19.395638338833045,11.503724066819752,27.28755261084634,-1.177809516411111,,
KCNK13,4.080746622877257,2.1107750581320643,6.050718187622449,-1.1804961416473008,,
LINC01124,8.052857925660486,4.5381663749839385,11.567549476337035,-1.182223068460223,,
SEC14L2,15.73996416691104,9.234640879327781,22.2452874544943,-1.183477785641475,,
FZD9,11.082209225952058,6.3850945508494945,15.779323901054621,-1.1839962886633488,,
ENSG00000279692,2.8808702560696915,1.3720037877858418,4.389736724353542,-1.184108488839231,,
SOX2,6.16733792067717,3.377240093011303,8.957435748343038,-1.1857527470118836,,
EXOC3-AS1,5.995927011133233,3.2717013401046997,8.720152682161766,-1.186168192354615,,
SLC37A1,15.941035459727637,9.340179632234383,22.541891287220892,-1.1869689782284238,,
HSH2D,2.109521163121971,0.8970793997061273,3.321962926537815,-1.1879066348514253,,
ENSG00000261578,2.0238157083500026,0.8443100232528258,3.203321393447179,-1.188448582669614,,
PTTG1IP,732.5292820475247,446.1650779126651,1018.8934861823842,-1.1895390623845141,,
GPR153,25.65868792727879,15.250349795004166,36.06702605955342,-1.1896655972776264,,
NXPH4,7.73969648984527,4.327088869170732,11.152304110519808,-1.189810624766689,,
SERPINB1,63.24044028085788,38.152259175737065,88.32862138597869,-1.1900269401598182,,
KCNQ1OT1,40.06375571906159,24.010066286252233,56.11744515187095,-1.1914225682265376,,
EPS8,11.741468175901161,6.754480186022606,16.728456165779715,-1.1929649285787804,,
ATP13A2,146.75686156930772,88.91639932381321,204.59732381480222,-1.1931653160972873,,
PHKG1,1.4238775249462199,0.4749243880797145,2.372830661812725,-1.1933188907496113,,
ENSG00000272235,1.3381720701742508,0.4221550116264129,2.2541891287220888,-1.194219376806686,,
PRR36,3.7675851870620405,1.899697552318858,5.635472821805223,-1.1942968405221364,,
CITED4,20.687771550504596,12.189725960712671,29.18581714029652,-1.1944562654976765,,
EPDR1,58.272799599129684,35.03886596499226,81.50673323326711,-1.194958245455214,,
SLC7A5,1362.5675847122413,828.0570553052089,1897.0781141192738,-1.194996070893565,,
CRIP1P4,1.2524666154022819,0.36938563517311124,2.1355475956314525,-1.1951886351676433,,
LYNX1,1.1667611606303132,0.3166162587198097,2.0169060625408166,-1.1962348573330799,,
PEX6,25.319141803236924,14.986502912737658,35.65178069373619,-1.197028911896126,,
GALNT3,1.081055705858344,0.26384688226650804,1.89826452945018,-1.197367589559013,,
GSDMA,1.081055705858344,0.26384688226650804,1.89826452945018,-1.197367589559013,,
RHBDF1,29.149502579748876,17.308355476682927,40.990649682814826,-1.1975659010226274,,
TTC13,22.37549595771732,13.192344113325401,31.558647802109242,-1.1979278887286584,,
DBNDD1,36.4674023136849,21.74098309876026,51.19382152860955,-1.1985844134400432,,
ADAMTS19-AS1,0.9953502510863752,0.21107750581320645,1.779622996359544,-1.1985980250177337,,
ADGRG1,80.91541813415952,48.70613446639739,113.12470180192167,-1.1991152729490473,,
FBXL16,47.87277918844879,28.653771414142774,67.09178696275481,-1.199265194261509,,
ENSG00000285872,14.915845697510019,8.654177738341463,21.177513656678574,-1.1998723396840498,,
GCNT1,6.912302325398239,3.799395104637716,10.025209546158763,-1.199881584787229,,
SEMA3A,4.654300118054389,2.4273913168518737,6.881208919256903,-1.201306026792873,,
LKAAEAR1,0.8239393415424372,0.10553875290660322,1.5423399301782712,-1.201407345110207,,
PLXNB3,13.973085695018359,8.073714597355146,19.87245679268157,-1.2018352356239088,,
SLC16A13,9.971314008962471,5.646323280503273,14.29630473742167,-1.2025547972460238,,
TACSTD2,87.06637757960665,52.347221441675195,121.78553371753812,-1.2026555598173516,,
MST1R,116.43023336021474,70.02496255353122,162.83550416689826,-1.205849960900297,,
PITPNM1,60.771360567700825,36.358100376324806,85.18462075907684,-1.2060093528753655,,
SUSD3,2.224887001166599,0.949848776159429,3.4999252261737697,-1.2065387911926906,,
CCDC28B,5.455309594274768,2.9023157049315884,8.008303483617947,-1.2069249321478972,,
GSAP,16.3761141236795,9.498487761594289,23.25374048576471,-1.2080257291993828,,
GRIN2D,9.743858027919224,5.488015151143367,13.999700904695079,-1.2090846398201243,,
ICAM5,24.86750553619644,14.617117277564546,35.11789379482833,-1.2095855901146846,,
IGIP,1.9677706368506924,0.7915406467995242,3.1440006269018608,-1.2098234452274592,,
ZBTB46,24.696094626652503,14.511578524657942,34.88061072864706,-1.2098589380999563,,
OXR1-AS1,3.454423751246823,1.6886200465056516,5.220227455987995,-1.2101014473843705,,
LPL,1.8820651820787235,0.7387712703462225,3.0253590938112245,-1.2110493254273393,,
RGL1,13.518173732931864,7.757098338635336,19.27924912722839,-1.211479417517257,,
SCLY,9.058214389743473,5.065860139516955,13.050568639969988,-1.2118443796262603,,
HOXA10-AS,1.7963597273067546,0.6860018938929209,2.9067175607205886,-1.2123508016303441,,
TRIM2,40.42295601337951,23.95729690979893,56.88861511696009,-1.2138179566814191,,
KDM7A-DT,20.809688778641238,12.13695658425937,29.48242097302311,-1.2143464012873604,,
MYCL,8.286865296795751,4.59093575143724,11.982794842154263,-1.215439318361289,,
MT-CO2,3372.7850606288,2029.0352940059001,4716.534827251699,-1.216528358385654,,
MICAL1,18.123159297437542,10.501105914207018,25.745212680668068,-1.2175080828246776,,
NR4A2,2.768780113071072,1.2664650348792388,4.271095191262905,-1.2176588413772529,,
GSTK1,49.118694413759044,29.128695802222488,69.10869302529561,-1.2184551166643074,,
L1CAM,260.88251648010015,156.40843180758597,365.35660115261436,-1.2187357880028926,,
ANKH,78.7132818704564,46.91197566698513,110.51458807392768,-1.2187742425933616,,
MARK4,11.289831908860672,6.3850945508494945,16.19456926687185,-1.2192646790926125,,
TFR2,8.487936589612348,4.696474504343843,12.279398674880852,-1.2210485893598357,,
ENSG00000287828,4.799326339371675,2.480160693305175,7.118491985438176,-1.2220578480972535,,
ZFPM1,14.035682156609685,8.020945220901845,20.050419092317526,-1.2224984430592256,,
SUSD4,4.713620884599706,2.4273913168518737,6.999850452347539,-1.2228621121604806,,
ITGB6,1.1964215439029722,0.3166162587198097,2.0762268290861345,-1.2243269673535735,,
TSPOAP1,4.3707990655118305,2.2163138110386678,6.525284319984994,-1.2263379157159886,,
APOBEC3H,1.110716089131003,0.26384688226650804,1.9575852959954982,-1.2265980875828328,,
RUNX3,75.29489076471566,44.642892479493156,105.94688904993818,-1.2284323908881922,,
ALKAL2,2.0831364748953205,0.8443100232528258,3.321962926537815,-1.2286055078519715,,
WFS1,103.00723391147571,61.21247668582987,144.80199113712155,-1.2287345755232848,,
NPIPA9,1.0250106343590342,0.21107750581320645,1.838943762904862,-1.229063074046152,,
TLDC2,1.9974310201233516,0.7915406467995242,3.203321393447179,-1.23032899569513,,
TMEM107,10.920625401546145,6.121247668582986,15.720003134509303,-1.2313731839953628,,
SLC12A9,74.35540645727002,44.00965996205355,104.70115295248651,-1.2316845425989253,,
EFEMP2,7.746247879937288,4.221550116264129,11.270945643610446,-1.2326963657004986,,
HLCS,35.05972413611014,20.527287440334327,49.592160831885955,-1.2327473158837536,,
CHRNA3,2.7984404963437317,1.2664650348792388,4.330415957808224,-1.2338042130526679,,
UNC93B1,56.39692755142582,33.24470716558002,79.54914793727161,-1.2339883044193245,,
GPAA1,53.051139120273014,31.239470860354555,74.86280738019147,-1.2345646956040859,,
ESRP1,21.046971844822515,12.13695658425937,29.956987105385657,-1.2366339800135242,,
SPINT2,131.59628577623147,77.99313839797978,185.1994331544832,-1.237049434276662,,
ENSG00000290002,5.287174379776838,2.7440075755716835,7.830341183981993,-1.237885827300969,,
LARGE2,37.12320644072941,21.688213722306962,52.55819915915186,-1.2391644244017817,,
ASS1P1,1.568903746263507,0.5276937645330161,2.6101137279939977,-1.2406889110858688,,
TNS2,72.59507937546935,42.7431949271743,102.4469638237644,-1.2417608013171035,,
HERPUD2,21.1919980661398,12.189725960712671,30.194270171566927,-1.2418664657709708,,
SAMD10,33.892783847621246,19.7357467935348,48.04982090170769,-1.242127862126591,,
POU3F1,3.1709226987042656,1.477542540692445,4.864302856716086,-1.2430497826528741,,
LINC01315,4.772941651145025,2.4273913168518737,7.118491985438176,-1.2441008522311416,,
LINC-PINT,41.50401171923785,24.221143792065437,58.78687964641027,-1.2451952126420154,,
LINC01451,1.397492836719569,0.4221550116264129,2.372830661812725,-1.245881163464983,,
GPER1,2.1985023129399486,0.8970793997061273,3.4999252261737697,-1.246120966763753,,
NECTIN2,107.18678876930898,63.16494361460203,151.2086339240159,-1.2461929927657684,,
B3GNT2,83.61469213983008,49.1810588544771,118.04832542518308,-1.246332509277156,,
YBX2,30.777727092557704,17.836049241215942,43.71940494389946,-1.2474045919235104,,
PIK3C2B,17.16056599681125,9.762334643860799,24.558797349761704,-1.24782888119846,,
SIGIRR,35.95626615224052,20.896673075507437,51.015859228973596,-1.2482398696834025,,
LYL1,1.3117873819476,0.36938563517311124,2.2541891287220888,-1.248769316995952,,
MRPS6,212.280434850726,125.16896094723143,299.3919087542206,-1.251488919501973,,
SRMS,2.5709845153004833,1.1081569055193339,4.033812125081633,-1.255669124768912,,
CRB2,3.9158871034253355,1.899697552318858,5.932076654531813,-1.2573851774265705,,
P3H3,37.736247404317226,21.846521851666868,53.62597295696759,-1.257612524551117,,
APOBEC3F,38.90973908289814,22.532523745559786,55.2869544202365,-1.2581445381479708,,
TMEM63A,64.77604969308555,37.782873540563955,91.76922584560714,-1.2582266012521262,,
TEX22,1.7699750390801041,0.6332325174396194,2.9067175607205886,-1.2582267616708198,,
PRUNE2,1.7699750390801041,0.6332325174396194,2.9067175607205886,-1.2582267616708198,,
LRRC3,12.242418996490354,6.807249562475908,17.6775884305048,-1.2584219005610127,,
POR,185.92609707227484,109.17983988188102,262.67235426266865,-1.2588860428174349,,
DISP2,14.21692015129165,7.968175844448543,20.465664458134757,-1.2591443600007917,,
CCZ1,8.665898889248302,4.696474504343843,12.63532327415276,-1.2592076750248882,,
ENSG00000260267,5.804682803454659,3.0078544578381914,8.601511149071127,-1.2604313654325399,,
NUDCD3,77.77016361224757,45.38166374983938,110.15866347465577,-1.2609939166663708,,
PCDH1,45.69357279006772,26.49022697955741,64.89691860057803,-1.261292186234942,,
WASL-DT,5.0036733272342815,2.5329300697584776,7.4744165847100845,-1.262248857294522,,
PPFIA3,21.086459313233195,11.978648454899465,30.194270171566927,-1.2651409015906274,,
CHPF2,68.24703104742099,39.6825710928828,96.81149100195918,-1.2655931057547025,,
APOBEC3C,217.00042799755914,127.01588912309697,306.9849668720213,-1.2665370466143502,,
LINC02983,0.8832601080877553,0.10553875290660322,1.6609814632689075,-1.2672088629745257,,
LINC00265,3.4016543747935217,1.5830812935990484,5.220227455987995,-1.2678742885312921,,
SCNN1D,5.662932277183382,2.9023157049315884,8.423548849435175,-1.2719399725739553,,
PPM1L,10.442604446279008,5.699092656956574,15.18611623560144,-1.2727192494483395,,
BCAN-AS1,24.725575882066575,14.036654136578228,35.41449762755492,-1.2760293588078873,,
IDUA,10.643675739095604,5.804631409863177,15.482720068328032,-1.2763654218505773,,
MIR200CHG,3.6027256676101187,1.6886200465056516,5.516831288714586,-1.2773047569796045,,
MNX1-AS1,8.210986927161807,4.379858245624033,12.04211560869958,-1.2775378486356717,,
ZMIZ2,330.3343631336935,192.44991592519096,468.218810342196,-1.2783007484274052,,
IGFBP6,138.04986306092147,80.10391345611184,195.99581266573108,-1.2803215294547463,,
MIR4458HG,6.236485772360513,3.218931963651398,9.254039581069629,-1.2812426444044984,,
NFE2L3,208.47901794605238,120.94741083096729,296.0106250611375,-1.2842554145890883,,
CHDH,39.70074234612191,22.69083187491969,56.71065281732413,-1.2845087927684826,,
PBX4,30.36885398897391,17.255586100229625,43.48212187771819,-1.2848876212601918,,
SEMA3B,68.18425545797109,39.260416081256395,97.10809483468577,-1.2850100949529888,,
TMEM129,75.9998303174503,43.79858245624033,108.20107817866027,-1.285462113045997,,
ALK,7.9835309461185595,4.221550116264129,11.74551177597299,-1.2874392367719643,,
SNX10,29.683210350798156,16.833431088603213,42.5329896129931,-1.287524801056808,,
TSPAN33,6.266146155633172,3.218931963651398,9.313360347614946,-1.2895647476673215,,
F12,32.547702131637806,18.469281758655562,46.62612250462005,-1.2905534334517046,,
SLC9A3,5.636547588956731,2.849546328478287,8.423548849435175,-1.2915820387948989,,
IRAG1,17.117623705495976,9.498487761594289,24.736759649397662,-1.2936488924132763,,
CDK5R2,2.00070671516936,0.7387712703462225,3.262642159992497,-1.2936797857869444,,
LINC00649,32.14883524105062,18.205434876389056,46.09223560571218,-1.2939745814395534,,
CARMIL2,11.019433636502148,5.962939539223082,16.075927733781214,-1.2941955608266427,,
GOLT1A,3.919162798471344,1.8469281758655565,5.9913974210771315,-1.2961747499952052,,
SERPINE1,478.83612034245624,276.6698407446603,681.0023999402522,-1.2964063294589985,,
ENSG00000235296,0.9129204913604144,0.10553875290660322,1.7203022298142256,-1.2990173486203536,,
TM4SF5,0.9129204913604144,0.10553875290660322,1.7203022298142256,-1.2990173486203536,,
VSNL1,4.20593954605991,2.0052363052254614,6.406642786894358,-1.3013413233191915,,
CDH23,2.74567111989043,1.1609262819726354,4.330415957808224,-1.302598260947097,,
ANO1,287.49783509508046,165.32645642819395,409.669213761967,-1.303959131607207,,
ENSG00000217801,1.2854026937209493,0.3166162587198097,2.2541891287220888,-1.3054631821479483,,
TBX20,3.576340979383468,1.6358506700523499,5.516831288714586,-1.3059020071039946,,
METTL27,6.783654579310994,3.482778845917906,10.084530312704082,-1.3060824077350164,,
EPHX1,68.58294322069969,39.049338575443194,98.11654786595618,-1.3073475243010482,,
ENSG00000280032,6.697949124539025,3.4300094694646046,9.965888779613445,-1.307641058676251,,
CERCAM,33.760681278629406,18.996975523188578,48.52438703407023,-1.3083573052960158,,
TMEM198,28.549206140627927,15.989121065350387,41.109291215905465,-1.3095273758361796,,
HOXA2,2.0303670984420186,0.7387712703462225,3.321962926537815,-1.3136185335960828,,
KRT17,1.5721794413095154,0.4749243880797145,2.669434494539316,-1.3149167462773834,,
PPP1R3F,6.26942185067918,3.1661625871980967,9.372681114160264,-1.315997800179216,,
POLN,2.4028493008025538,0.949848776159429,3.8558498254456786,-1.31636156709709,,
SNX13,35.741733823522715,20.052363052254613,51.43110459479082,-1.3164407604955164,,
ANTKMT,22.022488797774255,12.189725960712671,31.855251634835838,-1.316709401187394,,
TSPAN2,1.1139917841770115,0.21107750581320645,2.0169060625408166,-1.3167785792417874,,
ENSG00000288746,2.317143846030585,0.8970793997061273,3.7372082923550423,-1.3202570457214662,,
PLEKHG4B,3.1478137055236237,1.3720037877858418,4.923623623261405,-1.3203736635213112,,
STEAP1,107.67046547537518,61.10693793292326,154.23399301782712,-1.321618167092045,,
CD82,257.4547079385301,146.6460971637252,368.2633187133349,-1.3225067363650684,,
GIPR,3.0621082507516544,1.3192344113325403,4.8049820901707685,-1.3236429715539817,,
IRF5,24.23099732371081,13.403421619138609,35.058573028283014,-1.3239307318604487,,
LINC02298,2.231438391258616,0.8443100232528258,3.618566759264406,-1.3243640326772337,,
PPP2R2C,15.551816526419891,8.443100232528257,22.660532820311527,-1.3251500737962392,,
MYH14,9.077868560019521,4.749243880797144,13.406493239241897,-1.325275068460015,,
APOBEC3G,110.94365123194005,62.84832735588222,159.03897510799789,-1.3257025637456563,,
HLA-A,22.685023442769364,12.506342219432481,32.863704666106244,-1.3261027940770085,,
HSPG2,155.78981743156754,88.17762805346699,223.40200680966808,-1.331331845441416,,
FOXA1,1.3150630769936085,0.3166162587198097,2.313509895267407,-1.331525309169768,,
SIGLEC15,5.583778212503429,2.7440075755716835,8.423548849435175,-1.3316871180247993,,
PFKL,141.09487632500873,79.78729719739204,202.40245545262545,-1.332136725377575,,
CLEC11A,9.394305690880746,4.907552010157049,13.881059371604442,-1.332844903622486,,
NEDD9,85.54553449188177,48.17844070186437,122.91262828189917,-1.3332253267316871,,
LRRC61,14.15086886679573,7.598790209275432,20.702947524316027,-1.335685389593634,,
H2BC11,15.268315473877333,8.232022726715051,22.304608221039615,-1.3358965789919708,,
ATP2A3,5.3266618481875225,2.585699446211779,8.067624250163266,-1.3384700426351848,,
FIBCD1,6.8165906576296615,3.4300094694646046,10.203171845794719,-1.3385255586610287,,
SLC5A6,239.33119038537535,135.19514247335871,343.467238297392,-1.338691527938164,,
CAV1,31.772898215785496,17.572202358949436,45.97359407262155,-1.3387050767768498,,
LBH,140.68272752637895,79.25960343285901,202.10585161989889,-1.3394858724614944,,
MFAP3L,4.868474191055018,2.3218525639452707,7.415095818164766,-1.3409916562399928,,
SIRPA,33.780335448905454,18.680359264468766,48.88031163334214,-1.3417139213296791,,
KIZ-AS1,1.88861657217074,0.6332325174396194,3.1440006269018608,-1.3432940244487463,,
DPP7,200.69840096492774,112.97923498651875,288.41756694333674,-1.34438147796489,,
ENSG00000278291,3.29283992684091,1.4247731642391435,5.160906689442677,-1.3452928948092204,,
LRRC1,14.411260926157645,7.704328962182035,21.118192890133255,-1.345428532294285,,
GRM8,0.7711699650891356,0.0,1.5423399301782712,-1.3461569425359614,,
HOXA11,19.283189940117254,10.448336537753718,28.118043342480792,-1.346775425829512,,
FOXO6,4.324581079150546,2.0052363052254614,6.64392585307563,-1.346835347896671,,
KDELR2,223.03405119851723,125.38003845304462,320.68806394398985,-1.3478937967061597,,
DPYSL2,87.31550953096188,48.81167321930399,125.81934584261975,-1.3482190619177858,,
SLC16A10,12.664215752399599,6.701710809569304,18.626720695229892,-1.3495682844233383,,
NAT16,2.8346522697084064,1.1609262819726354,4.5083782574441775,-1.3499777751732613,,
LINC01132,1.4304289150382363,0.36938563517311124,2.4914721949033614,-1.3503066997717803,,
SBK3,1.0579467126777016,0.15830812935990485,1.9575852959954982,-1.3524006906940067,,
HLA-DQB1,4.812429119555708,2.2690831874919692,7.355775051619448,-1.3538875642425723,,
DBNL,146.10819760952245,81.68699474971088,210.52940046933404,-1.3551258563587507,,
FZD10,2.376464612575903,0.8970793997061273,3.8558498254456786,-1.3559437426681527,,
EPHA1,5.758464817093376,2.7967769520249854,8.720152682161766,-1.3562037276389791,,
OAF,62.59320934394131,34.722249706272464,90.46416898161016,-1.3563837384079334,,
CASTOR3P,5.38598261473284,2.585699446211779,8.186265783253901,-1.3572239588008677,,
RNF212,2.003982410215368,0.6860018938929209,3.321962926537815,-1.3580805400582987,,
ZSWIM5,3.3225003101135693,1.4247731642391435,5.220227455987995,-1.3591175460223952,,
HOXA13,3.3225003101135693,1.4247731642391435,5.220227455987995,-1.3591175460223952,,
FBXO44,15.561643611557917,8.284792103168353,22.83849511994748,-1.3603516519213956,,
SPON1,0.9722412579057326,0.10553875290660322,1.838943762904862,-1.3606046733407235,,
HAGHL,28.001858205818863,15.250349795004166,40.753366616633556,-1.3614217552139367,,
TRPM2-AS,7.106643100264236,3.5355482223712076,10.677737978157264,-1.3644119974695097,,
COBL,86.45172446529159,47.91459381959786,124.98885511098531,-1.3649592525220875,,
CALHM3,6.734160897903701,3.324470716558001,10.143851079249401,-1.3656524103448575,,
EML2,29.867544912667544,16.252967947616895,43.48212187771819,-1.36638104552757,,
PGPEP1,24.30669656548617,13.1395747368721,35.47381839410024,-1.3671225111751828,,
TSPAN5-DT,5.989196493182631,2.9023157049315884,9.076077281433674,-1.368531687784126,,
BACE1,14.104650880434445,7.387712703462226,20.821589057406662,-1.3794068110547633,,
OPN3,1.0876070959503608,0.15830812935990485,2.0169060625408166,-1.3810506905389879,,
TTC22,1.0876070959503608,0.15830812935990485,2.0169060625408166,-1.3810506905389879,,
CLDN3,11.180838333049476,5.751862033409876,16.609814632689076,-1.3830223932832515,,
KDELR1,312.97241898193994,173.030785390376,452.9140525735039,-1.383076616913471,,
MCF2L,4.041080026607988,1.7941587994122545,6.2880012538037215,-1.3831091920958105,,
FZD8,4.327856774196554,1.9524669287721597,6.703246619620948,-1.3835457141997476,,
CACNA1S,23.914381064991,12.770189101698989,35.058573028283014,-1.3887939334079749,,
FGF20,13.992560737435824,7.282173950555622,20.702947524316027,-1.3898095824424703,,
CBLN3,2.435785379121221,0.8970793997061273,3.974491358536315,-1.3907689556370095,,
PPM1J,2.435785379121221,0.8970793997061273,3.974491358536315,-1.3907689556370095,,
ENSG00000283405,2.435785379121221,0.8970793997061273,3.974491358536315,-1.3907689556370095,,
ELAPOR2,8.458097078481103,4.221550116264129,12.694644040698078,-1.3910617002455437,,
CALHM2,23.858335993491693,12.717419725245687,34.999252261737695,-1.3919578075983279,,
IL27RA,65.671696069923,35.77763723533849,95.5657549045075,-1.3926828597285474,,
BAIAP3,4.070740409880647,1.7941587994122545,6.347322020349039,-1.3948044915832252,,
PTGES,14.711140453930245,7.651559585728734,21.770721322131756,-1.3961478625507118,,
ADRA2C,122.35122903459845,66.85879996633314,177.84365810286374,-1.3980911380875751,,
FBXW4,15.113283039563438,7.86263709154194,22.363928987584934,-1.398474961026242,,
PRKCG,15.6011310799686,8.126483973808448,23.07577818612875,-1.3994513636724304,,
LRG1,4.1861062479252755,1.8469281758655565,6.525284319984994,-1.4023399944459862,,
HOXC4,1.4040442268115856,0.3166162587198097,2.4914721949033614,-1.4070005649237767,,
KMT5C,9.895256511469942,4.96032138661035,14.830191636329532,-1.4092166909991208,,
NDUFA4,160.15608690702325,87.12224052440095,233.18993328964555,-1.4101009811719494,,
HS3ST1,1.8918922672167484,0.5804631409863177,3.203321393447179,-1.4111823821412184,,
EPS8L2,169.62954666258395,92.18810066391791,247.07099266125002,-1.4125353967098135,,
TSTD1,7.113194490356252,3.4300094694646046,10.796379511247899,-1.4129624546537334,,
TNC,62.10827874286498,33.45578467139322,90.76077281433675,-1.4131313291468706,,
KCNK10,1.3183387720396165,0.26384688226650804,2.372830661812725,-1.4161381989009794,,
CDC42BPG,20.9707352194714,10.976030302286734,30.965440136656063,-1.4163631817651279,,
SATB1,4.130061176425965,1.7941587994122545,6.465963553439676,-1.4179144506196777,,
NMRK1,9.95457727801526,4.96032138661035,14.948833169420169,-1.419988849534335,,
ELOVL7,20.05435990520639,10.448336537753718,29.660383272659065,-1.4212377440650932,,
H2BC21,14.430915096433694,7.387712703462226,21.474117489405163,-1.4219151131996757,,
TNFAIP2,517.4191606129623,280.5747746022047,754.26354662372,-1.4234620625211145,,
ZNF295-AS1,2.495106145666539,0.8970793997061273,4.093132891626951,-1.424773298906683,,
ENSG00000279588,2.696177438483136,1.0026181526127307,4.389736724353542,-1.4283274397102232,,
NPDC1,97.0750295226768,52.136143935861995,142.0139151094916,-1.4283900855416316,,
CDS1,17.503029560181957,9.023563373514575,25.982495746849338,-1.4286283192483449,,
CRYGN,9.526050004155415,4.696474504343843,14.355625503966987,-1.4306260511098707,,
DBH,0.9458565696790818,0.05276937645330161,1.838943762904862,-1.431164841893682,,
MMP9,26.544686346836805,13.878346007218322,39.211026686455284,-1.4343770180162023,,
LINC01226,2.1226239433060043,0.6860018938929209,3.559245992719088,-1.4351890946048615,,
MSLN,10.531406468238398,5.224168268876859,15.838644667599938,-1.4358230525457665,,
SLC5A2,1.1469278624956787,0.15830812935990485,2.1355475956314525,-1.4366983335255477,,
TMEM184A,35.38527184067505,18.627589888015468,52.142953793334634,-1.4369953857792404,,
LMBRD1,10.933549053871594,5.435245774690065,16.431852333053122,-1.4376587264344323,,
CA8,2.3236952361226013,0.7915406467995242,3.8558498254456786,-1.4385230286942146,,
ENSG00000290032,35.645663900036965,18.73312864092207,52.55819915915186,-1.4404877422145765,,
FSTL3,30.65181765794071,16.04189044180369,45.261744874077735,-1.4407343004249857,,
HSPA12A,87.62449963243814,46.70089816117193,128.54810110370437,-1.4413995327361078,,
C5,2.5247665289391983,0.8970793997061273,4.152453658172269,-1.4414795619659146,,
ITGB4,280.7066057521174,150.49826164481618,410.9149498594187,-1.4430452479939404,,
GET1,7.835049901896679,3.7466257281844144,11.923474075608944,-1.4450197432863559,,
APOE,7.835049901896679,3.7466257281844144,11.923474075608944,-1.4450197432863559,,
GGH,150.28977426739164,80.26222158547175,220.31732694931154,-1.4454596929505072,,
ENSG00000233287,4.792595821421075,2.1107750581320643,7.4744165847100845,-1.445839973769198,,
PLXNB2,374.81160474104803,200.78747740481262,548.8357320772834,-1.4461640200965888,,
NIPAL2,5.481515154642834,2.480160693305175,8.482869615980492,-1.4461697771061393,,
CA11,2.926909114572392,1.1081569055193339,4.74566132362545,-1.4464907085115388,,
AVPR2,3.6158284477941516,1.477542540692445,5.754114354895858,-1.44685677658473,,
ENSG00000289009,7.261496406719547,3.4300094694646046,11.09298334397449,-1.4487885141964982,,
ARHGAP4,121.21996313589847,64.53694740238787,177.90297886940908,-1.4487970282298517,,
CYP24A1,15.558188788653325,7.86263709154194,23.25374048576471,-1.4523993173444423,,
BMP4,168.9662955061545,89.97178685287923,247.96080415942978,-1.4524275297259561,,
CCM2,66.68652136342683,35.19717409435217,98.1758686325015,-1.4541120574687676,,
COLGALT2,12.716806000994316,6.3323251743961935,19.10128682759244,-1.4549451884858537,,
GAS6-DT,3.932265578655377,1.6358506700523499,6.228680487258404,-1.4554636847135871,,
ALDH4A1,26.613834198520145,13.720037877858418,39.50763051918187,-1.4604123137422902,,
ENSG00000213981,10.478637091785098,5.118629515970256,15.838644667599938,-1.460495569913212,,
DCHS1,2.0665788718066946,0.6332325174396194,3.4999252261737697,-1.4621708320111022,,
ENSG00000279501,5.138693335554958,2.2690831874919692,8.008303483617947,-1.462369342201668,,
GRB7,20.126783451935744,10.237259031940512,30.016307871930973,-1.4647367812556218,,
VDR,208.88704680393474,110.55184366966688,307.2222499382026,-1.4662566529596517,,
C1orf116,66.24471218152438,34.66948032981916,97.81994403322959,-1.4701120414417024,,
SNED1,1.9808734170347255,0.5804631409863177,3.3812836930831334,-1.4710062442229175,,
LINC02457,9.849038525108657,4.749243880797144,14.948833169420169,-1.472006743268667,,
LRRC8B,8.556905313437106,4.063241986904224,13.050568639969988,-1.4724951773222934,,
E2F5,7.264772101765555,3.377240093011303,11.152304110519808,-1.4731364552003152,,
EPAS1,409.4146256364858,216.24890470563,602.5803465673416,-1.4741969269463817,,
TMPRSS2,1.090882790996369,0.10553875290660322,2.0762268290861345,-1.4764122885568527,,
HS3ST3B1,4.192657638017291,1.741389422958953,6.64392585307563,-1.4794065020090064,,
S100A3,62.37813963164775,32.45316651878049,92.303112744515,-1.4797824365167191,,
SYK,305.17690794204543,160.5244431709435,449.82937271314734,-1.480829012333702,,
SPINT1-AS1,6.002299273366664,2.691238199118382,9.313360347614946,-1.4823377308054724,,
CCDC120,35.64220907713238,18.31097362929566,52.97344452496909,-1.4828288568699768,,
LINC03072,4.30802347606192,1.7941587994122545,6.821888152711585,-1.4851028914921613,,
UBA52P3,1.6083912146741908,0.36938563517311124,2.8473967941752703,-1.4903538432198769,,
SEC14L6,2.2116050931239815,0.6860018938929209,3.7372082923550423,-1.4904309509283395,,
KIFC2,27.144445402381997,13.772807254311719,40.51608355045228,-1.490726347122287,,
ELFN2,10.083045896243922,4.802013257250446,15.364078535237397,-1.4959068690800308,,
ISLR,2.5280422239852065,0.8443100232528258,4.2117744247175875,-1.4986934536623617,,
PTPRZ1,4.654120990195803,1.9524669287721597,7.355775051619448,-1.5008527539223104,,
NEIL1,12.354150883771805,5.962939539223082,18.745362228320527,-1.5037454329323723,,
TENM2,0.919471881452431,0.0,1.838943762904862,-1.5053542707664778,,
ELMO3,8.820573067845029,4.116011363357526,13.525134772332533,-1.5054601760664281,,
ELF3,11.263088964916852,5.382476398236764,17.14370153159694,-1.5072806100836653,,
KIZ,204.71642339194656,106.06644667113623,303.3664001127569,-1.507302676603846,,
SLC30A2,9.137010198706253,4.27431949271743,13.999700904695079,-1.5078768631099129,,
FAM120C,19.510287665443336,9.656795890954195,29.363779439932475,-1.5105776394266446,,
KIAA1522,48.58974675421595,24.748837556598456,72.43065595183344,-1.5118751849235736,,
STING1,29.797859677408443,14.986502912737658,44.60921644207923,-1.5124710049698613,,
CHI3L1,19.368537139172055,9.551257138047593,29.18581714029652,-1.5164559556844104,,
SLC5A3,460.85069441772555,238.14819593375017,683.5531929017009,-1.5172577417335116,,
PRKAR1B,153.39702573735306,78.9429871741392,227.85106430056692,-1.51736561432546,,
INAVA,35.892594923497676,18.09989612348245,53.685293723512906,-1.5175881154650406,,
ABCG1,2.1555600216246718,0.6332325174396194,3.677887525809724,-1.5181269774111308,,
BMP8B,6.035235351685332,2.6384688226650805,9.432001880705583,-1.5196126810765085,,
PCK2,43.59590051211969,22.057599357480072,65.13420166675931,-1.5201542478336103,,
FAAH,13.79458601180665,6.648941433116002,20.940230590497297,-1.5202466819282394,,
HES4,27.272914020610663,13.614499124951816,40.931328916269514,-1.5206281685216032,,
PPFIBP2,5.43202147323554,2.3218525639452707,8.54219038252581,-1.5223324281681068,,
FUT1,21.61325743847329,10.659414043566924,32.567100833379655,-1.5255526517074522,,
PAG1,8.823848762891037,4.063241986904224,13.584455538877851,-1.5262981875655732,,
SLC25A29,52.769301612049205,26.701304485370613,78.8372987387278,-1.527108992528634,,
THEM6,66.10587909458194,33.56132342429983,98.65043476486404,-1.5277176370865906,,
LZTS1,4.743102140013781,1.9524669287721597,7.533737351255403,-1.5312568086276557,,
NDUFA4P1,11.843193850186001,5.593553904049971,18.09283379632203,-1.5339030583909108,,
EDAR,64.99170818254633,32.8753215304069,97.10809483468577,-1.534137537188632,,
RGS11,1.466640688402912,0.26384688226650804,2.669434494539316,-1.537736054428751,,
METRN,34.66960956350947,17.255586100229625,52.083633026789315,-1.5399291240649768,,
FGF19,162.22069537238553,82.53130477296372,241.91008597180732,-1.5400335154952993,,
MAN1A1,55.02384899648846,27.651153261530045,82.39654473144688,-1.5413944001873232,,
SLC2A6,174.12666481202146,88.54701368864009,259.7063159354028,-1.541708308821836,,
LRCOL1,1.7830778192641368,0.4221550116264129,3.1440006269018608,-1.542945497304204,,
HOXA9,65.72011498417878,33.08639903622011,98.35383093213746,-1.5433793986849573,,
ICOSLG,8.395321489031193,3.799395104637716,12.991247873424669,-1.5436001503435839,,
RIPK3,1.064498102769718,0.05276937645330161,2.0762268290861345,-1.5469724571098111,,
SKAP2,56.38840575488936,28.126077649609755,84.65073386016897,-1.5561541777372714,,
CCDC61,8.570008093621139,3.8521644810910174,13.28785170615126,-1.5580886502979783,,
SLC1A4,52.5087304248287,26.120841344384296,78.89661950527311,-1.5587325282343862,,
TSPAN12,9.20288235534359,4.168780739810827,14.236983970876352,-1.559681452662873,,
BAMBI,78.18963170599523,39.10210795189649,117.27715546009395,-1.5604214739890963,,
JAKMIP3,4.8320832898317585,1.9524669287721597,7.711699650891357,-1.5610333160340073,,
CD70,13.603341804128078,6.3850945508494945,20.821589057406662,-1.5630678662093045,,
CYBA,219.37354057441343,110.28799678740036,328.4590843614265,-1.5658013115457523,,
TTYH3,146.81700163447033,73.61328015235574,220.02072311658495,-1.56667730583313,,
HOXA10,11.332236816600195,5.224168268876859,17.44030536432353,-1.5669095775629909,,
VSIG10L,9.347908576660876,4.221550116264129,14.474267037057624,-1.5673210086424292,,
HOXA11-AS,5.062814965921015,2.058005681678763,8.067624250163266,-1.568133521842178,,
TMEM139,8.830400152983055,3.957703233997621,13.703097071968488,-1.5683762574820659,,
PRDM16,6.5296347821825105,2.7967769520249854,10.262492612340036,-1.5686790066596699,,
CYP2U1,7.478946174766186,3.2717013401046997,11.686191009427672,-1.5703762810368347,,
AP5Z1,87.20472467656482,43.42919682106722,130.98025253206242,-1.5707421172834248,,
LINC01003,7.277874881949589,3.1661625871980967,11.389587176701081,-1.5723370697182384,,
HIP1,205.66102606661556,102.79474533103154,308.5273068021996,-1.5763332827494692,,
IRF6,1.842398585809455,0.4221550116264129,3.262642159992497,-1.583669225145094,,
TYMP,3.1081471092543547,1.0553875290660322,5.160906689442677,-1.5837322556537383,,
IL16,4.057458501838029,1.5303119171457464,6.5846050865303125,-1.583758824424664,,
DAB2IP,32.13465769371508,15.566966053723975,48.70234933370618,-1.5850046240817417,,
CGREF1,41.34099487196326,20.157901805161213,62.524087938765305,-1.5861071917961653,,
KLK6,31.158961612904754,15.039272289190958,47.27865093661855,-1.5897766756471579,,
F2RL3,1.3248901621316331,0.15830812935990485,2.4914721949033614,-1.5918163981296845,,
RPS6KA6,1.0084530312704083,0.0,2.0169060625408166,-1.5930697759621133,,
STEAP2,84.99276132772367,41.79334615101487,128.19217650443247,-1.5940603098328217,,
IL23A,44.109774985034335,21.424366840040456,66.79518313002822,-1.5961155223347216,,
HOXA1,14.071356546398608,6.4906333037560975,21.652079789041117,-1.5964839134773472,,
ENSG00000223612,10.359816430835878,4.6437051278905415,16.075927733781214,-1.5972494450137413,,
NXPH3,1.756693131037486,0.36938563517311124,3.1440006269018608,-1.5974954374934702,,
CTSD,154.0550307922921,75.98790209275431,232.12215949182985,-1.598382483662685,,
HUNK,87.4878674733902,42.690425550721,132.2853093960594,-1.6091287134451067,,
ESRRB,1.9874248071267422,0.4749243880797145,3.4999252261737697,-1.6092600321511883,,
HOXA4,4.232145106427976,1.5830812935990484,6.881208919256903,-1.6093238973886788,,
PIWIL4,6.476865405729209,2.691238199118382,10.262492612340036,-1.609349415513841,,
MCTP2,2.10279064517137,0.5276937645330161,3.677887525809724,-1.6145017988395223,,
AUTS2,3.282833713844301,1.1081569055193339,5.457510522169268,-1.614995841524129,,
HPDL,37.27335102927004,17.836049241215942,56.71065281732413,-1.615341251478623,,
ABCC3,66.66233760309468,32.242089012967284,101.08258619322208,-1.618653831878572,,
TMEM121,3.0817624210277037,1.0026181526127307,5.160906689442677,-1.6212553225389639,,
STRA6,192.13576356001593,93.71841258106366,290.5531145389682,-1.6220419268937207,,
HOXA7,15.027219329074297,6.860018938929209,23.194419719219386,-1.6220696441097695,,
CRACR2B,37.537018783677965,17.888818617669244,57.18521894968668,-1.623120232805348,,
KLHL35,5.356143103601596,2.1107750581320643,8.601511149071127,-1.6259874079864078,,
CDH13,40.10145190888643,19.102514276095185,61.10038954167768,-1.6272263636943147,,
RTN4RL1,1.5852822214935482,0.26384688226650804,2.9067175607205886,-1.6281352699622738,,
TMED4,119.38178727801943,57.83523659281856,180.92833796322032,-1.62861792782533,,
PEAR1,5.817606455780108,2.3218525639452707,9.313360347614946,-1.6344545272783957,,
GPR37L1,2.67961983539451,0.7915406467995242,4.567699023989496,-1.6358804487290572,,
AMOT,12.007874241779335,5.329707021783462,18.686041461775208,-1.6369624088163939,,
CLDN4,217.46347855338078,105.2221366478834,329.70482045887815,-1.6384596203602775,,
IL17C,1.3842109286769513,0.15830812935990485,2.6101137279939977,-1.640025201060105,,
KAZALD1,37.49080079731668,17.677741111856037,57.30386048277732,-1.642271426089933,,
WFDC2,16.67527714001776,7.54602083282213,25.804533447213387,-1.6491522851165639,,
LINC00237,8.929208387939056,3.799395104637716,14.059021671240396,-1.6497035552583714,,
TNFRSF11B,56.127476311951696,26.59576573246401,85.65918689143938,-1.6509057818520096,,
EBI3,6.4240960292759075,2.585699446211779,10.262492612340036,-1.6511996881967024,,
ALDH1A3-AS1,10.053206385112677,4.327088869170732,15.779323901054621,-1.655265331632723,,
REEP6,5.791221767553457,2.2690831874919692,9.313360347614946,-1.6575564804287548,,
COL6A1,100.62938766962262,47.91459381959786,153.34418151964738,-1.6578142301166578,,
KREMEN1,20.192297352855906,9.18187150287448,31.202723202837333,-1.6611799303409724,,
AP3B2,12.30120237945992,5.382476398236764,19.219928360683074,-1.6635896829614976,,
CARD11,62.50880917777091,29.392542684488998,95.62507567105281,-1.6686802609888944,,
C9orf163,3.516841084979565,1.1609262819726354,5.872755887986495,-1.6692388606704678,,
LIMK1,135.67439687482147,64.37863927302796,206.97015447661497,-1.6694852482642129,,
ERMP1,31.142224881957546,14.353270395298036,47.93117936861705,-1.672208059543916,,
TMEM106B,55.22747947291673,25.804225085664484,84.65073386016897,-1.6760051802878029,,
KCNK6,15.992909196888016,7.071096444742415,24.914721949033616,-1.6829353348673335,,
SFRP5,64.71713857584888,30.13131395483522,99.30296319686255,-1.6879258525242955,,
H2AC6,19.19349227886494,8.54863898543486,29.838345572295022,-1.6913583505757714,,
ENSG00000277117,2.56752969239589,0.6860018938929209,4.449057490898859,-1.692400555446107,,
SUMF2,128.93332633110856,60.20985853321713,197.65679412900002,-1.6984421959859444,,
ABCB1,19.196767973910948,8.49586960898156,29.897666338840338,-1.7021258472443415,,
OSBPL3,193.45594500423286,90.13009498223914,296.7817950262266,-1.7082560807669556,,
HOXA-AS2,3.8365539108867983,1.2664650348792388,6.406642786894358,-1.7083758547975942,,
CRB3,8.794009251759794,3.588317598824509,13.999700904695079,-1.708896571694483,,
ALDH16A1,39.00020464917628,17.730510488309342,60.26989881004322,-1.709788248777543,,
PRR18,4.1826514250206825,1.4247731642391435,6.940529685802221,-1.7113854573275105,,
ZNF853,10.293765146339958,4.27431949271743,16.313210799962484,-1.7148164322934625,,
DEF6,7.267868668952979,2.849546328478287,11.686191009427672,-1.7204986309658257,,
ASPSCR1,88.90757366399751,40.84349737485544,136.97164995313958,-1.7212965108478748,,
ANO9,109.37682067930396,50.341985136449736,168.41165622215817,-1.7223221575982186,,
IGSF8,30.993743837735664,13.878346007218322,48.109141668253,-1.7227774531192912,,
GNG4,51.75304329567668,23.482372521719213,80.02371406963415,-1.7266008461072158,,
ACSS2,32.98789916281301,14.722656030471148,51.253142295154866,-1.7326728448582478,,
PCSK9,16.151038198389333,6.912788315382511,25.389288081396156,-1.737694363232605,,
NUCB1,28.1754700432573,12.453572842979181,43.89736724353542,-1.7386414908285008,,
EGFL7,28.781959616753092,12.717419725245687,44.8464995082605,-1.7408024516126792,,
MICALL2,67.37019459515815,30.395160837101727,104.34522835321458,-1.7465108599295744,,
CDK18,8.88626609662378,3.5355482223712076,14.236983970876352,-1.7482285137456137,,
FNDC11,6.954707233137763,2.6384688226650805,11.270945643610446,-1.753843078903734,,
HOXA-AS3,3.955195443977434,1.2664650348792388,6.64392585307563,-1.753869879375074,,
PCBP3,1.6478786830848744,0.21107750581320645,3.0846798603565424,-1.7539318138476985,,
ESPN,13.675586222998845,5.699092656956574,21.652079789041117,-1.7576059052188011,,
GUSB,68.62593690560645,30.711777095821535,106.54009671539136,-1.7617840422172653,,
SPTB,13.303104020638312,5.488015151143367,21.118192890133255,-1.7693844249859136,,
PDE9A,6.091101295326057,2.2163138110386678,9.965888779613445,-1.769542666293268,,
RAMP1,12.8416406684598,5.276937645330161,20.406343691589438,-1.7699056149116945,,
TBXT,14.601788622401877,6.068478292129685,23.13509895267407,-1.7716611727818943,,
EGFR,372.7362999977621,168.28154150957883,577.1910584859454,-1.772121628157339,,
NPNT,1.9082707424467897,0.3166162587198097,3.4999252261737697,-1.7730661102078222,,
SH3TC1,21.612720054897537,9.234640879327781,33.99079923046729,-1.7735151368878241,,
TTPA,7.274420059044996,2.7440075755716835,11.804832542518307,-1.774033126791468,,
POLM,17.545255340062898,7.387712703462226,27.702797976663568,-1.7748420269725336,,
KLHDC7A,3.8991503724781245,1.2136956584259369,6.5846050865303125,-1.7766171722330333,,
TMEM30B,3.5530528583442407,1.0553875290660322,6.050718187622449,-1.7783597885145501,,
KREMEN2,48.62142893752452,21.37159746358715,75.87126041146189,-1.780776046670738,,
FAM110C,5.082469136197064,1.741389422958953,8.423548849435175,-1.7813631900045777,,
MISP3,4.73637162206318,1.5830812935990484,7.8896619505273105,-1.783035510326362,,
PTK7,96.78484934577511,42.95427243298751,150.61542625856274,-1.7863412395772533,,
DGCR5,2.3993944778979603,0.5276937645330161,4.271095191262905,-1.7867473706869446,,
ZC3H6,5.342861195558979,1.8469281758655565,8.8387942152524,-1.789075421878355,,
ABCA7,16.394872654662624,6.807249562475908,25.982495746849338,-1.789137504621601,,
PCOLCE,5.83398493101015,2.058005681678763,9.609964180341537,-1.7947567933693764,,
SOX14,1.4764677735409368,0.10553875290660322,2.8473967941752703,-1.7991330295751524,,
NAT14,22.805865903754498,9.604026514500893,36.0077052930081,-1.803213499718106,,
PERP,948.0914538967057,420.99408534444024,1475.1888224489712,-1.8065825879704518,,
PLEKHA4,16.45746911625395,6.754480186022606,26.160458046485296,-1.8084058300945336,,
DGAT2,12.185657413556704,4.854782633703747,19.516532193409663,-1.8090993851062849,,
CXCR4,57.70549063191889,25.06545381531826,90.34552744851952,-1.8091951135521713,,
LRATD2,27.255639906087698,11.503724066819752,43.007555745355646,-1.8153933979241705,,
SP6,19.634943205050234,8.126483973808448,31.143402436292018,-1.8163915824629266,,
TRIM29,336.07491516492837,147.7542540692445,524.3955762606122,-1.8204731261256493,,
RETREG1,2.343349406398651,0.4749243880797145,4.2117744247175875,-1.8211336460492507,,
SH3BP1,20.646851059225234,8.54863898543486,32.745063133015606,-1.8213094343635772,,
ADGRG5,2.8344731418498217,0.6860018938929209,4.982944389806723,-1.8272494966459583,,
FBLN1,5.606528949966902,1.899697552318858,9.313360347614946,-1.8305401394746328,,
ZNF469,14.990649299992455,6.015708915676383,23.965589684308526,-1.8312801871653992,,
SLC16A2,156.67538125473277,68.17803437766568,245.17272813179986,-1.8312850171993054,,
SNX10-AS1,2.37300978967131,0.4749243880797145,4.271095191262905,-1.8374617493986392,,
ATP9A,265.42807999030083,115.19554879755742,415.6606111830442,-1.8423179187363743,,
DPYSL3,16.322269980074687,6.543402680209399,26.101137279939977,-1.8450660478083165,,
TMEM176A,1.4204227020416267,0.05276937645330161,2.788076027629952,-1.8472758574730996,,
ENSG00000293476,30.907680127246525,12.875727854605593,48.93963239988746,-1.8476217514273052,,
HES6,14.04133790740878,5.540784527596668,22.541891287220892,-1.8476946331941324,,
ICA1,18.171399083834743,7.334943327008924,29.007854840660563,-1.8480958944358323,,
EFNB3,9.825571276210846,3.693856351731113,15.957286200690579,-1.8530597070872052,,
LGR6,4.106773055386738,1.2136956584259369,6.999850452347539,-1.8535161385089376,,
WNT16,8.38186045312999,3.060623834291493,13.703097071968488,-1.8563467864727823,,
HIBADH,23.748446778387574,9.709565267407495,37.78732828936765,-1.8566854869261018,,
SPINT1,160.14582522549244,68.6529587657454,251.6386916852395,-1.8588190621676255,,
SMIM22,4.367165114748653,1.3192344113325403,7.415095818164766,-1.8593310543735204,,
ASS1,103.30066483633925,44.062429338506846,162.53890033417167,-1.85963684734846,,
SLC43A3,11.473629087154302,4.379858245624033,18.567399928684573,-1.8628120019931238,,
FGF3,93.28367022459125,39.629801716429505,146.93753873275298,-1.8643779496968518,,
ARNT2,17.25174807452373,6.860018938929209,27.64347721011825,-1.8656019471574858,,
PROX1-AS1,1.4500830853142859,0.05276937645330161,2.8473967941752703,-1.8696931981281109,,
SYP,4.281459659976685,1.2664650348792388,7.29645428507413,-1.8720509885858034,,
GPRC5B,32.252403587512795,13.192344113325401,51.312463061700186,-1.8820418036192583,,
ABCA2,62.01643154730965,25.85699446211779,98.1758686325015,-1.8846912649595546,,
SOWAHB,3.3288725723470014,0.8443100232528258,5.813435121441177,-1.885301154417348,,
LMO2,44.36236175929414,18.31097362929566,70.41374988929262,-1.886780970631415,,
TTC9,23.181444673302455,9.287410255781083,37.075479090823826,-1.8879823446968131,,
RTN2,13.76111254991223,5.276937645330161,22.2452874544943,-1.8888054840661712,,
TSPAN1,11.911983446152174,4.4853969985306374,19.33856989377371,-1.8905502969704042,,
CRAT,38.67322392174269,15.830812935990483,61.5156349074949,-1.893112185913489,,
ENSG00000272141,9.571730606940946,3.482778845917906,15.660682367963986,-1.8939822579383527,,
TSPAN15,13.935799154502178,5.329707021783462,22.541891287220892,-1.8950195975542174,,
CCL2,113.03707583487353,47.28136130215824,178.79279036758882,-1.896796911570474,,
PAQR8,4.48580664783929,1.3192344113325403,7.652378884346039,-1.8994481972777135,,
FUCA1,61.106607623136654,25.223761944678166,96.98945330159515,-1.9017518158957838,,
SYNGR3,6.509622356189292,2.163544434585366,10.855700277793217,-1.905967115710284,,
ABLIM2,5.758106561376206,1.8469281758655565,9.669284946886854,-1.9059854888863843,,
VOPP1,92.87789368819489,38.52164481091017,147.2341425654796,-1.9071628845418322,,
KCNA2,4.139709133705406,1.1609262819726354,7.118491985438176,-1.9095619140488895,,
RGL3,8.533438064539293,3.0078544578381914,14.059021671240396,-1.909726022278035,,
COL18A1,225.45092536530407,93.61287382815705,357.2889769024511,-1.9210152510325353,,
SLC52A3,35.5385129964031,14.247731642391434,56.82929435041477,-1.923205864666639,,
GFPT2,15.214650458131107,5.751862033409876,24.67743888285234,-1.9271439828241614,,
LINC02981,2.9267299867138075,0.6332325174396194,5.220227455987995,-1.9292371397401051,,
ISM1,89.87492707612996,36.72748601149792,143.022368140762,-1.9326050204927756,,
CLDN7,121.51101400500895,49.814291371916724,193.20773663810115,-1.9342944614581556,,
LRRC26,2.0598483538560934,0.26384688226650804,3.8558498254456786,-1.9419021162069556,,
HOXA6,3.2167824293483815,0.7387712703462225,5.6947935883505405,-1.9449714122131234,,
SMARCD3,4.37371650484067,1.2136956584259369,7.533737351255403,-1.9467208161159755,,
RARRES2,4.027618990706785,1.0553875290660322,6.999850452347539,-1.9605626010919075,,
ST14,204.74731272314517,83.11176791395003,326.3828575323403,-1.9605992168142141,,
RPP25,34.43089347445952,13.45619099559191,55.405595953327136,-1.964150825959219,,
VWA2,68.76970923191364,27.440075755716837,110.09934270811044,-1.9658530684263467,,
SEMA6B,10.913178372161203,3.8521644810910174,17.97419226323139,-1.9673381094133189,,
ILDR1,5.88002378951285,1.7941587994122545,9.965888779613445,-1.9725368260838199,,
SLC16A9,14.212569689094133,5.171398892423558,23.25374048576471,-1.974537809031473,,
SYNGR1,5.243873832744392,1.5303119171457464,8.957435748343038,-1.976459025350703,,
MPZL2,520.4276567409825,209.6527326489673,831.2025808329977,-1.9820681314021613,,
EPHB2,37.885138097847765,14.669886654017848,61.10038954167768,-1.9866075738624023,,
TMEM238,12.798519249285938,4.5381663749839385,21.05887212358794,-1.9938787271739242,,
LNCDAT,14.2455057674128,5.118629515970256,23.372382018855344,-1.9939668073041588,,
AOC1,26.922286916420678,10.18448965548721,43.66008417735414,-1.9974865422121544,,
RIPK4,20.122432989738225,7.440482079915527,32.804383899560925,-2.001813047379011,,
AFAP1-AS1,2.438881946308644,0.36938563517311124,4.5083782574441775,-2.0080988482048556,,
MYO15B,15.725428363858331,5.646323280503273,25.804533447213387,-2.01184865088098,,
OLFM1,20.27073490610152,7.440482079915527,33.100987732287514,-2.0144162211670102,,
TCHH,8.200443330589444,2.6384688226650805,13.762417838513805,-2.0205256765058315,,
HOTAIRM1,10.082508512668166,3.377240093011303,16.78777693232503,-2.022792794251866,,
TSPAN13,20.38937643919216,7.440482079915527,33.33827079846879,-2.02442008391697,,
HOXA3,17.294332110121836,6.174017045036289,28.414647175207385,-2.0356816532498305,,
IL17RB,20.306946679466197,7.334943327008924,33.27895003192347,-2.0400786253848873,,
H6PD,57.809775489815394,21.952060604573468,93.66749037505733,-2.0442453943012837,,
RPS6KA2,8.464111084997366,2.691238199118382,14.236983970876352,-2.045400617905601,,
ARTN,6.9874641835978455,2.1107750581320643,11.864153309063626,-2.048010523429181,,
HTRA1,2.12244481544742,0.21107750581320645,4.033812125081633,-2.055360175664334,,
ENSG00000237774,4.17919660211609,1.0026181526127307,7.355775051619448,-2.060886290878825,,
PCLO,5.2800856061090675,1.4247731642391435,9.135398047978992,-2.063481053293622,,
SYTL1,8.322360558726087,2.585699446211779,14.059021671240396,-2.070301575007704,,
DEPDC7,45.54823970662475,16.886200465056515,74.21027894819298,-2.072082897030762,,
EBF4,7.106105716688481,2.1107750581320643,12.101436375244898,-2.074379008545186,,
IGFL4,5.339406372654386,1.4247731642391435,9.254039581069629,-2.0802706760724408,,
ENSG00000286710,4.238517368661408,1.0026181526127307,7.4744165847100845,-2.081226687521673,,
ENSG00000204876,26.78363295733682,9.551257138047593,44.01600877662605,-2.0930232495473704,,
CLIP2,128.4309938812422,47.75628569023795,209.1057020722464,-2.107455186842237,,
CYSRT1,10.761421632893317,3.4300094694646046,18.09283379632203,-2.107649558537206,,
SLC9A3-AS1,39.694242349621376,14.194962265938134,65.19352243330462,-2.1230969524862604,,
CORO1A,25.02676069844075,8.706947114794765,41.346574282086735,-2.1251557273142048,,
PDGFA,84.80412769724825,30.975623978088045,138.63263141640846,-2.126591713736853,,
SPNS3,2.9662174551244913,0.4749243880797145,5.457510522169268,-2.1303370924542095,,
LMTK3,10.214252825942836,3.1661625871980967,17.262343064687574,-2.1320808277508148,,
PLXNA2,2.2707467318107155,0.21107750581320645,4.330415957808224,-2.137956921039396,,
PTK6,63.7487617901564,22.796370627826295,104.70115295248651,-2.1511776546125403,,
CACNG8,25.296979842940686,8.654177738341463,41.93978194753991,-2.1530895721751877,,
TMEM120A,35.9135543823753,12.506342219432481,59.32076654531813,-2.159017744588793,,
IRAK2,13.147713330607244,4.168780739810827,22.12664592140366,-2.1616601363363745,,
DBH-AS1,1.8949888344041719,0.05276937645330161,3.7372082923550423,-2.169847678921773,,
ADGRB2,13.236694480425221,4.168780739810827,22.304608221039615,-2.1727193501843773,,
VWA1,7.145593185099164,1.9524669287721597,12.33871944142617,-2.1756273650742632,,
ISM2,13.76075429419506,4.327088869170732,23.194419719219386,-2.183255083948012,,
CHST13,29.60154849609802,10.026181526127306,49.17691546606873,-2.1860905283384335,,
HMX3,9.70329579235703,2.7967769520249854,16.609814632689076,-2.213532569876489,,
GAS6,77.18307274049363,26.648535108917315,127.71761037206993,-2.2189344980784576,,
H1-2,52.65053234469147,17.624971735402738,87.6760929539802,-2.25130697063669,,
KCNJ4,4.017612777710176,0.7387712703462225,7.29645428507413,-2.254426729964412,,
RNF208,15.138413832779994,4.59093575143724,25.68589191412275,-2.254915559510714,,
SCN5A,66.83653821770037,22.26867686329328,111.40439957210745,-2.2722374229639115,,
MLXIPL,4.716359196069961,0.949848776159429,8.482869615980492,-2.2819614622262345,,
MYRF,19.878061149889184,6.121247668582986,33.63487463119538,-2.2820235177934816,,
PDGFA-DT,6.110576337743521,1.4247731642391435,10.796379511247899,-2.2824224467585146,,
GALNT12,3.177115833079113,0.4221550116264129,5.932076654531813,-2.2852088838603697,,
LOXL1,10.96231379785133,3.060623834291493,18.864003761411166,-2.290383148792533,,
BCAM,56.82972894680755,18.627589888015468,95.03186800559963,-2.290630208887882,,
MDGA1,4.74601957934262,0.949848776159429,8.54219038252581,-2.2909582331242735,,
ENSG00000273151,5.70515805706432,1.2664650348792388,10.143851079249401,-2.297732073919126,,
SESN3,28.919001425109688,9.076332749967877,48.7616701002515,-2.304064236005593,,
ZNF813,2.626671331082624,0.21107750581320645,5.042265156352041,-2.318798299387967,,
DHRS3,40.43193885281609,12.822958478152291,68.04091922747989,-2.320385249423646,,
ASCL2,41.3415836491305,12.981266607512195,69.7019006907488,-2.3382539347857714,,
NPTXR,19.69009263725662,5.804631409863177,33.57555386465006,-2.3451634403263064,,
CLIC5,3.6451305753496412,0.5276937645330161,6.762567386166267,-2.3451785118991615,,
ANK3,19.050666985442152,5.593553904049971,32.507780066834336,-2.345367921414738,,
STMN3,167.49622644135434,54.40522712335395,280.58722575935474,-2.345487890698326,,
ADAMTSL2,48.58288850199825,15.303119171457467,81.86265783253903,-2.345574083251439,,
CHRND,4.778955657661288,0.8970793997061273,8.660831915616448,-2.3483673660000415,,
SEMA3F,6.262153949152824,1.3720037877858418,11.152304110519808,-2.3570516599447067,,
USH1C,4.808616040933947,0.8970793997061273,8.720152682161766,-2.3571989134933027,,
B3GNT3,29.548420863927547,8.970793997061275,50.12604773079382,-2.3582782042330113,,
PRR15,2.715652480900601,0.21107750581320645,5.220227455987995,-2.3606761398455327,,
CHST15,45.80100560874313,14.247731642391434,77.35427957509484,-2.3614174409704485,,
MEGF6,50.43838986799173,15.514196677270672,85.36258305871279,-2.3866996019077367,,
LINC01622,3.269372677943098,0.36938563517311124,6.169359720713085,-2.388315497071003,,
SARDH,3.269372677943098,0.36938563517311124,6.169359720713085,-2.388315497071003,,
ERBB3,50.323024029947106,15.461427300817373,85.18462075907684,-2.388341018949994,,
ORAI3,8.332008516005528,1.9524669287721597,14.711550103238896,-2.4118327192205227,,
KRT6B,14.528469436379602,3.9049338575443193,25.152005015214886,-2.4146159717704236,,
ALDH1A3,147.06682515017576,45.698280008559195,248.4353702917923,-2.417224737220762,,
NES,136.0746718411932,42.16273178618798,229.9866118961984,-2.419951153149924,,
FOXA2,6.878470607786649,1.477542540692445,12.279398674880852,-2.4222080846840273,,
WNT6,93.34542244048114,28.601002037689472,158.0898428432728,-2.4261238099945266,,
CD8B,2.8639543972638966,0.21107750581320645,5.516831288714586,-2.4278794494407667,,
KIF21B,34.00438800063559,9.815104020314099,58.193671980957085,-2.4523954134517605,,
HOXA5,19.74923427594335,5.329707021783462,34.16876153010324,-2.474083901861011,,
RAB42,30.840195819881927,8.706947114794765,52.97344452496909,-2.475160224414005,,
TM7SF2,18.90546163626628,5.065860139516955,32.745063133015606,-2.4758923135937185,,
PROX1,43.18362397922279,12.453572842979181,73.91367511546639,-2.477239741675064,,
MACC1,2.8079093257645864,0.15830812935990485,5.457510522169268,-2.4789590037167515,,
UNC5A,11.281847495899976,2.691238199118382,19.87245679268157,-2.499423678737013,,
KCNJ5,67.52420365591203,19.31359178190839,115.73481552991566,-2.5227176413936956,,
CST5,7.003663530969301,1.3720037877858418,12.63532327415276,-2.523170686112102,,
SULF2,122.17127138143393,35.35548222371207,208.98706053915578,-2.530055594550335,,
GPR143,7.995738087009668,1.6358506700523499,14.355625503966987,-2.542426736824699,,
EPHB6,5.316118251615158,0.8443100232528258,9.787926479977491,-2.548264500527165,,
HNF4A,16.82560085641697,4.168780739810827,29.48242097302311,-2.5600815795926204,,
PLEKHA6,19.828209212764722,5.013090763063653,34.64332766246579,-2.5674533930100427,,
ADAMTS19,6.512539795518131,1.1609262819726354,11.864153309063626,-2.573634743182751,,
ARHGEF16,33.56567538592056,8.759716491248065,58.37163428059304,-2.6048626808432647,,
CEMIP,24.366606109198724,5.962939539223082,42.77027267917437,-2.652182970354195,,
FAM20C,8.99763972818806,1.741389422958953,16.253890033417168,-2.653942479007733,,
LAPTM5,19.996165299404062,4.696474504343843,35.295856094464284,-2.6716636149416844,,
LRP2,3.75049020039766,0.26384688226650804,7.237133518528812,-2.704320685515051,,
GRIP2,9.119556956324704,1.6886200465056516,16.550493866143757,-2.7065738338546055,,
SBK1,7.837429957649764,1.3192344113325403,14.355625503966987,-2.7270467314149927,,
EEPD1,35.68138968341737,8.601408361888163,62.761371004946575,-2.731364705590017,,
ITGB8,7.313370143879926,1.1609262819726354,13.465814005787216,-2.7429257455158136,,
HAS3,35.773646528281354,8.54863898543486,62.998654071127845,-2.7446745462352236,,
SCNN1A,34.08282555388121,8.073714597355146,60.091936510407265,-2.751216784821264,,
CCL7,5.797235774069719,0.7387712703462225,10.855700277793217,-2.769440812216184,,
GPR155,17.21428240614896,3.641086975277811,30.78747783702011,-2.7759239116489844,,
KLK10,13.331689636759464,2.6384688226650805,24.024910450853845,-2.7819615528326276,,
WNT10A,72.96461919141692,17.677741111856037,128.2514972709778,-2.7907891020507454,,
SDK1,44.80094663974207,10.290028408393812,79.31186487109034,-2.8305640237201857,,
JAG2,100.69285482342273,23.95729690979893,177.42841273704653,-2.8378117751891634,,
SHH,94.00199447255147,21.846521851666868,166.15746709343608,-2.8711613514357035,,
ADAP1,12.37910254912978,2.2163138110386678,22.541891287220892,-2.8717501468208364,,
WWC3,44.49761228906489,9.9206427732207,79.07458180490907,-2.87428658474616,,
GRIN1,6.304737984750933,0.6860018938929209,11.923474075608944,-2.9383158840535604,,
EPS8L3,15.516730913798206,2.7967769520249854,28.236684875571427,-2.9449325814815848,,
EBF3,5.4280292667551935,0.4749243880797145,10.381134145430673,-2.9479314295245467,,
WNT7A,13.265638352263542,2.2690831874919692,24.262193517035115,-2.9500219192562263,,
NTSR1,137.32266026013085,30.659007719368233,243.98631280089347,-2.95201320594971,,
GDF15,8.529445858058947,1.1609262819726354,15.89796543414526,-2.9671277902171767,,
RHOU,9.350109504555377,1.3192344113325403,17.380984597778212,-2.9864934986735436,,
KCNH2,12.187858341451205,1.9524669287721597,22.42324975413025,-2.9879484451200873,,
GRIK4,7.069356559748051,0.7915406467995242,13.34717247269658,-3.001493758768424,,
ENTPD2,11.136463018865522,1.6886200465056516,20.584305991225392,-3.005044911703575,,
PPARG,10.582742821823024,1.5303119171457464,19.6351737265003,-3.0277184391708802,,
ALDH3A1,7.013311488248741,0.7387712703462225,13.28785170615126,-3.0386489434527495,,
MTATP8P1,3.9415552802176475,0.05276937645330161,7.830341183981993,-3.0682797524810725,,
FBXO2,18.96734158642327,3.1133932107447952,34.821289962101744,-3.1224163964249647,,
APCDD1,600.7546817136329,122.58326150101962,1078.926101926246,-3.127377335329999,,
ANO4,4.063472508354292,0.0,8.126945016708584,-3.1901320401887734,,
DKK4,4.50510256239817,0.05276937645330161,8.957435748343038,-3.241584836568191,,
HSPB8,4.828091083351412,0.10553875290660322,9.55064341379622,-3.254509479483032,,
NCAM1,23.47589897172603,3.588317598824509,43.36348034462755,-3.2733353884754375,,
ENTPD8,31.695638216874357,4.96032138661035,58.43095504713836,-3.317752535556432,,
PDE3B,7.9689951430658486,0.6332325174396194,15.304757768692077,-3.319490905937157,,
NOTUM,61.37782519411249,10.342797784847116,112.41285260337786,-3.3217357034552095,,
ABCA3,10.938488293236347,1.0553875290660322,20.821589057406662,-3.4082738283424634,,
MGAT3,6.713252832617559,0.3166162587198097,13.109889406515308,-3.4217998563765533,,
INHBB,33.47508208537531,4.4853969985306374,62.464767172219986,-3.5322879510209164,,
VIL1,7.65910940229664,0.36938563517311124,14.948833169420169,-3.541850190126673,,
MYH7B,24.11169067277732,2.9023157049315884,45.321065640623054,-3.569266039055281,,
TNFRSF18,12.688450906323233,1.0553875290660322,24.321514283580434,-3.6228813489470575,,
ENSG00000259001,5.665133205077882,0.0,11.330266410155764,-3.624132066117034,,
FSTL4,8.664286738521039,0.4221550116264129,16.906418465415666,-3.654326177872903,,
FGD5,78.83141246647862,10.606644667113624,147.05618026584364,-3.6731218409104005,,
SORCS2,10.414249351607925,0.4221550116264129,20.406343691589438,-3.91188776829958,,
CD8B2,18.811771768533617,1.3192344113325403,36.3043091257347,-4.007621740291334,,
TP53,137.58041679520548,15.039272289190958,260.12156130122,-4.025040996123094,,
GPR35,13.739487973191748,0.36938563517311124,27.109590311210386,-4.359461738133294,,
